actual,predicted,probability
0,0,9.76434e-05
0,0,1.5115289e-05
0,0,4.1550816e-06
0,0,5.933923e-05
0,0,0.00012949381
0,0,2.7365742e-05
0,0,0.0017891933
0,0,3.712491e-05
0,0,3.3668582e-06
0,0,9.968329e-06
0,0,8.835985e-06
0,0,2.5800591e-05
0,0,4.2247935e-05
0,0,6.6217064e-05
0,0,1.6284945e-05
0,0,1.6195147e-05
0,0,0.0004896886
0,0,5.2493397e-05
0,0,5.7008683e-06
0,0,2.6597594e-05
0,0,0.0007667482
0,0,6.488704e-06
0,0,1.2328647e-05
0,0,0.0003362348
0,0,5.053709e-06
0,0,7.462749e-06
0,0,2.228708e-05
0,0,0.005063007
0,0,4.5615416e-05
0,0,1.25444985e-05
0,0,1.828259e-05
0,0,2.0925067e-05
0,0,4.3510026e-05
0,0,2.5521022e-06
0,0,0.00013168274
0,0,0.0018449102
0,0,6.3153995e-05
0,0,9.003116e-05
0,0,1.3587204e-05
0,0,1.8728764e-05
0,0,1.1776633e-05
0,0,0.0017946555
0,0,5.0253682e-05
0,0,0.00010048761
0,0,9.309647e-05
0,0,8.090928e-06
0,0,9.943375e-05
0,0,3.2610033e-06
0,0,8.667347e-06
0,0,3.5947996e-05
0,0,9.237987e-06
0,0,2.5311978e-05
0,0,4.2567626e-05
0,0,0.0013708881
0,0,3.418715e-05
0,0,1.3155192e-05
0,0,1.8177827e-05
0,0,4.796655e-05
0,0,0.0004894268
0,0,5.209011e-06
0,0,7.049983e-06
0,0,0.0008584211
0,0,0.00018814046
0,0,3.863022e-05
0,0,0.00014316551
0,0,1.367199e-05
0,0,1.02486365e-05
0,0,4.230587e-05
0,0,0.00022513045
0,0,0.00010289145
0,0,3.32488e-05
0,0,4.262867e-06
0,0,3.863958e-05
0,0,3.1971624e-05
0,0,1.0256068e-05
0,0,0.00028431026
0,0,5.721525e-05
0,0,1.114249e-05
0,0,3.2493674e-05
0,0,5.4523825e-05
0,0,9.822127e-05
0,0,1.3321549e-05
0,0,2.6306063e-05
0,0,5.7782814e-05
0,0,0.002052237
0,0,5.121836e-06
0,0,4.586317e-05
0,0,0.00050296844
0,0,1.7036931e-05
0,0,0.000113732916
0,0,2.8349634e-05
0,0,6.358298e-05
0,0,6.8464375e-05
0,0,1.5392989e-05
0,0,0.0008237898
0,0,0.0003441328
0,0,2.3125227e-05
0,0,0.0001505265
0,0,1.2852038e-05
0,0,1.6693635e-05
0,0,6.264359e-06
0,0,0.00025733255
0,0,1.2269602e-05
0,0,3.6828258e-06
0,0,2.80875e-05
0,0,7.298124e-05
0,0,2.6737994e-06
0,0,0.00024510012
0,0,8.177748e-06
0,0,3.671194e-05
0,0,2.1649199e-05
0,0,1.1821834e-05
0,0,1.2931965e-05
0,0,5.6579233e-06
0,0,0.000117508935
0,0,1.2397314e-06
0,0,2.0758784e-05
0,0,0.031588268
0,0,2.5986457e-05
0,0,1.17231275e-05
0,0,7.524039e-05
0,0,4.276308e-06
0,0,1.0404251e-05
0,0,7.3518313e-06
0,0,4.940648e-05
0,0,5.794946e-05
0,0,3.4325596e-05
0,0,3.244819e-06
0,0,0.0007619631
0,0,8.80964e-06
0,0,1.664318e-05
0,0,1.018338e-05
0,0,1.2337916e-05
0,0,2.4740053e-05
0,0,3.5536252e-06
0,0,7.509612e-06
0,0,0.000282012
0,0,0.0011930481
0,0,2.1542393e-05
0,0,0.000112104884
0,0,9.741438e-06
0,0,0.0067834617
0,0,0.00013521049
0,0,2.4592e-05
0,0,7.396239e-05
0,0,1.3336816e-05
0,0,1.7156211e-05
0,0,0.00012618366
0,0,7.5506185e-05
0,0,6.398801e-06
0,0,2.1151134e-05
0,0,1.3026022e-05
0,0,1.015117e-05
0,0,1.4933525e-05
0,0,1.8399869e-05
0,0,2.6162757e-05
0,0,0.00044865845
0,0,2.0971294e-05
0,0,4.685412e-05
0,0,2.0661928e-05
0,0,1.3114883e-05
0,0,2.0720532e-05
0,0,9.406228e-06
0,0,0.00014913782
0,0,1.0940252e-05
0,0,2.2403345e-05
0,0,3.3440676e-05
0,0,0.00017911436
0,0,0.00018928396
0,0,5.2009666e-05
0,0,1.703706e-05
0,0,7.235527e-06
0,0,1.7750226e-05
0,0,0.0023516214
0,0,2.6312862e-05
0,0,1.9371499e-05
0,0,1.5647174e-05
0,0,5.0215647e-05
0,0,2.7012133e-05
0,0,0.00037107896
0,0,7.56059e-05
0,0,0.0008780604
0,0,0.00011992382
0,0,5.904521e-06
0,0,2.2735185e-05
0,0,1.6264952e-05
0,0,1.9939076e-05
0,0,2.3078279e-05
0,0,7.1387276e-06
0,0,1.3960947e-05
0,0,1.8230428e-05
0,0,5.063738e-05
0,0,2.8721024e-05
0,0,9.754355e-05
0,0,2.1659998e-05
0,0,1.5464248e-05
0,0,1.0444753e-05
0,0,0.0002826621
0,0,7.6336444e-05
0,0,0.00013652742
0,0,2.555161e-06
0,0,2.1209791e-05
0,0,0.00026041624
0,0,8.695181e-06
0,0,3.7894348e-05
0,0,4.435452e-05
0,0,1.23934e-05
0,0,7.37184e-05
0,0,0.00011884304
0,0,5.1398867e-05
0,0,1.6537273e-05
0,0,8.074094e-07
0,0,0.000105603634
0,0,2.733684e-05
0,0,0.0012014351
0,0,0.018499857
0,0,0.0003615042
0,0,3.488522e-05
0,0,4.668624e-05
0,0,3.7847728e-06
0,0,2.4399221e-06
0,0,0.00017025087
0,0,1.6120845e-05
0,0,5.5177893e-06
0,0,7.2255975e-06
0,0,2.6705893e-05
0,0,2.9773511e-05
0,0,6.505111e-06
0,0,0.00020424112
0,0,7.931589e-05
0,0,3.8871385e-05
0,0,6.276931e-05
0,0,1.23364325e-05
0,0,1.6559747e-05
0,0,1.3851445e-05
0,0,4.0829385e-05
0,0,1.46879765e-05
0,0,6.945895e-06
0,0,1.2300801e-05
0,0,8.8459936e-05
0,0,0.00011149435
0,0,2.786749e-05
0,0,8.6828095e-06
0,0,4.3390414e-06
0,0,0.00013679938
0,0,3.1810196e-05
0,0,0.00028255404
0,0,3.725166e-05
0,0,1.12513635e-05
0,0,9.937252e-05
0,0,3.5152214e-05
0,0,0.00011071047
0,0,2.1425644e-06
0,0,5.622444e-06
0,0,2.9061233e-05
0,0,5.472344e-06
0,0,1.8382207e-05
0,0,0.00013241974
0,0,4.4724543e-06
0,0,3.6609257e-05
0,0,0.022011058
0,0,3.0248391e-05
0,0,1.0575684e-05
0,0,6.4795175e-05
0,0,0.00011308698
0,0,9.580192e-06
0,0,5.43606e-05
0,0,3.0457443e-06
0,0,1.6070544e-05
0,0,0.0002499848
1,0,0.46908346
0,0,2.5119076e-05
0,0,3.239031e-05
0,0,5.9631125e-06
0,0,4.7086683e-05
0,0,3.029279e-06
0,0,7.326679e-05
0,0,2.3524693e-05
0,0,4.024113e-05
0,0,3.760728e-05
0,0,2.6929312e-05
0,0,0.00021507427
0,0,5.549766e-05
0,0,2.099893e-05
0,0,0.00018359681
0,0,0.00011910545
0,0,2.2513817e-05
0,0,1.399486e-05
0,0,0.00022146768
0,0,0.00030257853
0,0,1.1794976e-05
0,0,3.7899983e-05
0,0,3.3715998e-05
0,0,8.2859595e-05
0,0,4.7232347e-06
0,0,0.00021488262
0,0,1.8180774e-05
0,0,7.801054e-06
0,0,4.8717044e-05
0,0,6.071697e-05
0,0,0.00044369377
0,0,2.0519194e-05
0,0,9.852666e-06
0,0,1.2325649e-05
0,0,0.0001919892
0,0,0.0007902737
0,0,9.3459115e-05
0,0,0.00026217458
0,0,6.795071e-06
0,0,7.953004e-06
0,0,0.00024148685
0,0,3.5235447e-05
0,0,2.9116296e-05
0,0,4.385875e-05
0,0,5.7216446e-05
0,0,1.2794305e-05
0,0,3.3600834e-06
0,0,3.9914357e-05
0,0,8.621784e-05
0,0,3.6635593e-05
0,0,0.03101361
0,0,1.8416617e-05
0,0,8.7553835e-06
0,0,0.0005099543
0,0,0.00015346476
0,0,2.3953507e-05
0,0,3.3866163e-05
1,1,0.9971546
0,0,5.7388526e-05
0,0,0.00016586663
0,0,6.8816866e-05
0,0,0.0003642982
0,0,5.115574e-05
0,0,1.2461724e-05
0,0,0.0011939541
0,0,0.00016538275
0,0,0.000108446446
0,0,1.4775813e-05
0,0,2.3067692e-05
0,0,2.101187e-05
0,0,2.1695432e-05
0,0,4.292181e-06
0,0,4.964357e-05
0,0,1.2154237e-05
0,0,3.099822e-05
0,0,2.909101e-06
0,0,2.8342713e-05
0,0,5.906468e-05
0,0,2.5052976e-05
0,0,9.819749e-05
0,0,0.0002711549
0,0,2.8622211e-05
0,0,3.2610435e-06
0,0,1.3049161e-05
0,0,1.4501281e-06
0,0,6.9787864e-05
0,0,7.863244e-06
0,0,0.00018044595
0,0,5.1258772e-05
0,0,2.5950327e-05
0,0,1.9211679e-05
0,0,1.7250679e-05
0,0,0.0001530909
0,0,1.97352e-05
0,0,6.7645137e-06
0,0,0.0010138033
0,0,2.9559067e-05
0,0,4.9033833e-06
0,0,3.4185945e-05
0,0,3.9456732e-05
0,0,0.00016442468
0,0,1.4213428e-05
0,0,2.9893051e-06
0,0,6.2969375e-05
0,0,1.3118721e-06
0,0,0.005278589
0,0,0.000293979
0,0,0.00012638043
0,0,1.8165948e-06
0,0,4.1411666e-05
0,0,5.3699046e-06
0,0,1.1008089e-05
0,0,4.7724592e-05
0,0,5.88402e-06
0,0,0.00022919597
0,0,9.694729e-05
0,0,1.5936363e-05
0,0,0.0002877163
0,0,4.814996e-05
0,0,8.783455e-05
0,0,8.619826e-06
0,0,3.17071e-05
0,0,6.95765e-06
0,0,6.865437e-05
0,0,1.639871e-06
0,0,0.0010801629
0,0,9.3990886e-05
0,0,0.000102322585
0,0,7.774103e-06
0,0,1.2944712e-05
0,0,8.604494e-05
0,0,0.00017603555
0,0,1.9659949e-05
0,0,0.00012044239
0,0,4.32716e-05
0,0,9.712383e-05
0,0,5.2422514e-05
0,0,0.00020997677
0,0,3.150423e-06
0,0,0.00013134767
0,0,0.00019674988
0,0,7.179876e-05
0,0,2.5421685e-05
0,0,5.3102063e-05
0,0,1.8274119e-05
0,0,1.1510283e-05
0,0,0.00015458418
0,0,0.00025637136
0,0,2.5579357e-06
0,0,0.00014676411
0,0,8.122586e-05
0,0,4.3275613e-06
0,0,2.4993413e-05
0,0,4.740188e-06
0,0,3.7076265e-05
0,0,2.5301359e-05
0,0,0.0010583935
0,0,9.7288364e-05
0,0,3.770075e-05
0,0,0.00013485267
0,0,3.584465e-05
0,0,4.4528835e-05
0,0,2.9597117e-05
0,0,6.273478e-05
0,0,0.0015899712
0,0,6.5701383e-06
0,0,2.5512943e-06
0,0,9.201954e-06
0,0,5.2627784e-06
0,0,4.6054563e-05
0,0,1.1758184e-05
0,0,0.00018619203
0,0,1.1415615e-05
0,0,4.3737247e-05
0,0,0.00011854367
0,0,1.2143914e-05
0,0,7.704158e-06
0,0,0.00016991273
0,0,5.2520536e-05
0,0,4.739189e-06
0,0,1.5792333e-05
0,0,0.00029496106
0,0,0.00040033105
0,0,3.9454626e-05
0,0,1.3792775e-05
0,0,2.4408053e-05
0,0,1.2595277e-05
0,0,1.4987925e-05
0,0,1.448298e-05
0,0,4.8107086e-06
0,0,0.010281579
0,0,6.7210703e-06
0,0,6.2807274e-05
0,0,6.307587e-05
0,0,1.9148994e-05
0,0,5.4203698e-05
0,0,4.023282e-06
0,0,7.2311327e-06
0,0,1.4335522e-05
0,0,4.1564897e-05
0,0,8.76468e-05
0,0,0.009322732
0,0,1.1258877e-05
0,0,1.190306e-05
0,0,3.8589682e-05
0,0,7.461911e-05
0,0,8.4287865e-05
0,0,1.8242776e-05
0,0,0.00043520928
0,0,3.1400385e-05
0,0,2.3371688e-06
0,0,6.660223e-05
0,0,2.088701e-06
0,0,1.5881213e-05
0,0,5.4773296e-05
0,0,2.9631232e-05
0,0,1.2595277e-05
0,0,2.4207953e-05
0,0,1.492252e-05
0,0,2.0150013e-05
0,0,7.960868e-05
0,0,1.3594878e-05
0,0,5.1397537e-06
0,0,1.07177275e-05
0,0,6.7364585e-06
0,0,5.9571008e-05
0,0,1.1626974e-05
0,0,5.9598737e-05
0,0,7.943874e-05
0,0,6.833829e-06
0,0,4.3190754e-05
0,0,8.376372e-06
0,0,3.7686623e-05
0,0,7.629231e-06
0,0,8.418071e-05
0,0,5.849061e-05
0,0,1.7653092e-05
0,0,1.2925036e-05
0,0,2.629832e-06
0,0,0.0015889655
0,0,1.8788998e-05
0,0,1.0105569e-05
0,0,0.000616598
0,0,9.422969e-05
0,0,7.857392e-05
0,0,8.944506e-06
0,0,1.3237851e-05
0,0,1.26999585e-05
0,0,3.7447986e-05
0,0,0.000102634614
0,0,0.0012277968
0,0,8.662554e-06
0,0,5.4739616e-05
0,0,4.2532874e-06
0,0,2.3016186e-05
0,0,8.51488e-05
0,0,0.00039488758
0,0,2.1794369e-05
0,0,3.8248204e-06
0,0,3.2213986e-05
0,0,9.372837e-06
0,0,1.7742881e-05
0,0,9.739886e-06
0,0,1.9150255e-05
0,0,8.125506e-05
0,0,0.00021030095
0,0,1.858589e-05
0,0,5.6287878e-05
0,0,0.00037875757
0,0,6.440725e-05
0,0,2.5126312e-05
0,0,0.00020154286
0,0,0.00017185611
0,0,0.00016202572
0,0,1.01746145e-05
0,0,9.147714e-06
0,0,0.0002241198
0,0,0.0008937006
0,0,8.415878e-06
0,0,0.000229568
0,0,0.00012351878
0,0,0.0030790663
0,0,1.7926677e-06
0,0,1.3437636e-05
0,0,0.00010642562
0,0,0.0008273137
0,0,1.8329238e-05
0,0,3.6901092e-05
0,0,1.9878894e-06
0,0,2.6301597e-05
0,0,2.9699837e-05
0,0,1.8022287e-05
0,0,1.7771246e-05
0,0,0.00029227984
0,0,4.9288177e-05
0,0,0.00014062741
0,0,0.00055020844
0,0,0.00011512181
0,0,3.077049e-05
0,0,7.538306e-06
0,0,0.00011858878
0,0,1.0815476e-05
0,0,2.4412311e-05
0,0,1.165235e-05
0,0,1.1280608e-05
0,0,1.3298231e-05
0,0,6.5548906e-05
0,0,1.7318906e-05
0,0,6.183211e-06
0,0,0.00014114287
0,0,8.853428e-06
0,0,0.00014844262
0,0,8.008717e-06
0,0,9.674252e-06
0,0,6.266429e-05
0,0,2.070556e-05
0,0,2.7540471e-05
0,0,4.7846035e-05
0,0,0.0003393469
0,0,4.4027583e-06
0,0,1.9473799e-05
0,0,0.0002509467
0,0,8.60775e-06
0,0,1.7267006e-05
0,0,6.252213e-06
0,0,1.9971692e-05
0,0,9.696541e-05
0,0,0.0001619505
0,0,5.638096e-06
0,0,0.0003751688
0,0,5.1486677e-05
0,0,4.3731034e-05
0,0,9.071499e-05
0,0,2.314974e-05
0,0,2.0321688e-05
0,0,3.7053762e-06
0,0,1.7455819e-05
0,0,9.795852e-06
0,0,2.111222e-05
0,0,2.0618034e-05
0,0,4.0992076e-05
0,0,3.6307403e-05
0,0,1.0934316e-05
0,0,1.0513248e-05
0,0,5.669023e-06
0,0,6.621857e-06
0,0,0.00047634874
0,0,7.784089e-06
0,0,2.7815e-05
0,0,2.7466243e-05
0,0,3.5131132e-05
0,0,2.6063295e-05
0,0,6.8206326e-05
0,0,1.6604577e-05
0,0,3.6184076e-05
0,0,3.3872864e-06
0,0,0.00021880961
0,0,0.00052085356
0,0,0.00012364051
0,0,2.5013132e-05
0,0,3.8120845e-05
0,0,4.2453874e-05
0,0,3.981506e-06
0,0,0.0001040607
0,0,2.7137953e-06
0,0,1.4328482e-06
0,0,4.8762457e-05
0,0,1.3816498e-05
0,0,0.00069613673
0,0,9.342343e-06
0,0,0.00027313564
0,0,8.298293e-06
0,0,5.2521336e-05
0,0,0.00023595981
0,0,4.8626353e-05
0,0,1.7691467e-05
0,0,1.4184206e-05
0,0,0.0001257088
0,0,3.5607864e-05
0,0,4.0054714e-05
0,0,1.3458618e-05
0,0,1.5347256e-05
0,0,6.177806e-06
0,0,3.2721608e-05
0,0,8.618398e-05
0,0,2.2678623e-05
0,0,0.00019444719
0,0,4.0409323e-06
0,0,3.20802e-05
0,0,6.530053e-05
0,0,0.0005568683
0,0,0.00011388127
0,0,5.186974e-05
0,0,1.1510283e-05
0,0,0.0002644241
0,0,1.9599129e-05
0,0,0.00042028184
0,0,1.3007861e-05
0,0,7.0188515e-05
0,0,0.0006626684
0,0,2.9926663e-05
0,0,0.00034391996
0,0,9.355664e-06
0,0,1.2152267e-05
0,0,2.130056e-05
0,0,3.1166164e-05
0,0,1.0579124e-05
0,0,2.9377807e-05
0,0,0.0008385285
0,0,2.133321e-05
0,0,9.278751e-06
0,0,7.781877e-06
0,0,2.8962657e-05
0,0,1.7557324e-05
0,0,1.8720497e-05
0,0,0.00018671293
0,0,4.44694e-06
0,0,1.867159e-05
0,0,8.204964e-06
0,0,0.00084333715
0,0,2.8986446e-05
0,0,2.2504196e-06
0,0,4.9796432e-05
0,0,2.9816747e-06
0,0,8.159737e-06
0,0,2.3944758e-05
0,0,0.0001418642
0,0,3.8428247e-05
0,0,8.977587e-06
0,0,0.00033053002
0,0,3.8173737e-05
0,0,5.7978814e-05
0,0,0.00022544901
0,0,0.0006859269
0,0,0.00022730806
0,0,1.1498183e-05
0,0,3.555557e-05
0,0,4.243928e-06
0,0,6.665484e-05
0,0,6.7279384e-06
0,0,0.00035754486
0,0,0.00018666772
0,0,1.0784022e-05
0,0,0.000101448
0,0,0.0015204911
0,0,5.2222613e-06
0,0,0.00041048604
0,0,0.000108419874
0,0,7.2892367e-06
0,0,1.1481867e-05
0,0,6.878441e-06
0,0,1.437673e-05
0,0,7.6625256e-05
0,0,0.00025133937
0,0,7.757928e-06
0,0,5.133602e-05
0,0,7.743983e-05
0,0,5.044295e-05
0,0,1.6003967e-05
0,0,1.3630266e-05
0,0,8.44872e-06
0,0,1.1499411e-05
0,0,7.115321e-05
0,0,0.00014255264
0,0,0.0036742054
0,0,0.00040719972
0,0,5.879062e-05
0,0,7.170865e-06
0,0,1.9925523e-05
0,0,0.00066401524
0,0,0.0062736915
0,0,1.2531024e-05
0,0,2.2309707e-05
0,0,0.00039859934
0,0,2.3249588e-05
0,0,1.0258385e-05
0,0,2.4626523e-05
0,0,1.3544525e-05
0,0,4.5975183e-05
0,0,1.3419514e-05
0,0,6.0662507e-05
0,0,5.413866e-05
0,0,9.720474e-06
0,0,4.576286e-05
0,0,7.833066e-06
0,0,1.5208856e-05
0,0,0.001438886
0,0,0.0005735956
0,0,1.6087579e-05
0,0,1.8819377e-05
0,0,8.9800684e-05
0,0,0.0008604418
0,0,2.7492608e-05
0,0,3.9259907e-05
0,0,7.614475e-06
0,0,2.0312602e-05
0,0,4.21485e-05
0,0,2.9449053e-05
0,0,5.602485e-06
0,0,4.107942e-05
0,0,5.546253e-05
0,0,8.988304e-06
0,0,8.0516984e-05
0,0,2.9436558e-05
0,0,2.5280426e-05
0,0,7.102357e-06
0,0,6.0878374e-06
0,0,0.00011965915
0,0,0.00018143695
0,0,6.171254e-05
0,0,4.9273698e-05
0,0,6.1506966e-05
0,0,0.00015682452
0,0,3.7239017e-05
0,0,0.00030605073
0,0,0.0006935519
0,0,1.9333333e-05
0,0,0.00011879364
0,0,1.6023821e-05
0,0,2.7068656e-05
0,0,0.00030986397
0,0,0.0004407806
0,0,5.0744547e-05
0,0,0.0009368293
0,0,0.000113087954
0,0,5.13654e-05
0,0,3.885597e-06
0,0,1.7766455e-06
0,0,0.00018610807
0,0,4.3581495e-05
0,0,3.3202035e-05
0,0,0.00084922457
0,0,5.62272e-05
0,0,0.00036145325
0,0,0.0005931423
0,0,3.6597146e-05
0,0,3.470673e-05
0,0,6.8674664e-05
0,0,9.248476e-06
0,0,0.0035489763
0,0,1.951133e-05
0,0,3.053398e-05
0,0,6.542027e-05
0,0,0.0008123198
0,0,0.00010339009
0,0,2.7736489e-05
0,0,0.00014010315
0,0,1.2037822e-05
0,0,1.7050097e-05
0,0,6.203854e-05
0,0,1.6573318e-05
0,0,2.9433526e-05
0,0,3.6798305e-05
0,0,9.467435e-05
0,0,5.97095e-05
0,0,1.8488661e-05
0,0,1.7919645e-05
0,0,1.3374796e-05
0,0,4.1221647e-06
0,0,3.1108768e-05
0,0,7.597769e-05
0,0,1.2810359e-05
0,0,3.595396e-05
0,0,0.00034072076
0,0,2.4164297e-06
0,0,1.1536229e-05
0,0,5.9672257e-06
0,0,3.1589967e-05
0,0,6.784422e-05
0,0,4.338363e-06
0,0,1.0379703e-05
0,0,0.0010429844
0,0,9.747874e-05
0,0,7.451365e-05
0,0,0.00015852765
0,0,8.2741835e-06
0,0,8.101845e-06
0,0,2.9018282e-05
0,0,5.8173708e-05
0,0,3.664017e-05
0,0,4.433697e-05
0,0,2.1840706e-05
0,0,9.107425e-05
0,0,1.4270389e-05
0,0,1.1786149e-05
0,0,3.556629e-05
0,0,5.0473842e-05
0,0,7.750762e-06
0,0,0.00030279148
0,0,2.4166757e-05
0,0,1.5483653e-05
0,0,2.129384e-05
0,0,2.4413523e-05
0,0,7.400128e-06
0,0,1.024339e-05
0,0,0.00074184197
0,0,3.4121508e-06
0,0,3.642188e-05
0,0,0.000990338
0,0,1.813907e-05
0,0,1.7984772e-05
0,0,6.221046e-05
0,0,1.3063828e-05
0,0,2.5783374e-05
0,0,4.010166e-06
0,0,6.149641e-05
0,0,1.422178e-05
0,0,3.527283e-05
0,0,1.5549784e-05
0,0,1.0931688e-05
0,0,1.0708634e-05
0,0,1.1190432e-05
0,0,0.0002715406
0,0,0.00023527509
0,0,1.2366871e-05
0,0,1.2740768e-05
0,0,1.985871e-05
0,0,3.0789306e-05
0,0,1.5553045e-05
0,0,0.00027402013
0,0,0.00015356665
0,0,5.796317e-05
0,0,9.809305e-06
0,0,4.898443e-06
0,0,7.7648874e-05
0,0,0.0001835555
0,0,1.5211032e-05
0,0,4.7431444e-05
0,0,2.6317732e-05
0,0,0.0002640122
0,0,0.00011149403
0,0,7.870513e-06
0,0,3.186307e-06
0,0,0.00048311907
0,0,6.034347e-06
0,0,8.4042265e-05
0,0,8.8053435e-05
0,0,1.5964426e-05
0,0,6.311685e-06
0,0,0.00068980845
0,0,9.6539436e-05
0,0,1.561173e-05
0,0,5.6971617e-06
0,0,1.3285176e-05
0,0,0.00061741186
0,0,3.4112659e-06
0,0,1.2064163e-05
0,0,1.1182591e-05
0,0,1.6270242e-05
0,0,2.4386798e-06
0,0,1.4498971e-05
0,0,2.3702703e-06
0,0,0.0005155118
0,0,0.004629147
0,0,5.2806245e-05
0,0,2.4536386e-05
0,0,1.3267842e-05
0,0,5.830383e-05
0,0,5.459719e-05
0,0,3.2586988e-05
0,0,2.2440294e-05
0,0,3.1131945e-05
0,0,4.6439705e-05
0,0,2.7194275e-05
0,0,3.0785108e-05
0,0,0.0037232633
0,0,2.0512754e-05
0,0,7.469863e-06
0,0,0.00012252729
0,0,0.00017858758
0,0,0.00028786284
0,0,0.0028858902
0,0,7.3521056e-05
0,0,2.831843e-06
0,0,5.299451e-05
0,0,0.00014541429
0,0,1.0954585e-05
0,0,4.891788e-05
0,0,2.1092841e-05
0,0,1.9132201e-05
0,0,2.3015506e-05
0,0,1.0646165e-05
0,0,0.0006932539
0,0,4.3255797e-05
0,0,2.9267436e-05
0,0,8.5515305e-05
0,0,6.403148e-05
0,0,4.021792e-05
0,0,6.609051e-06
0,0,6.308507e-05
0,0,3.2071268e-05
0,0,0.0001603824
0,0,2.528211e-05
0,0,7.557381e-06
0,0,7.0289854e-05
0,0,4.5633233e-06
0,0,0.00011305549
0,0,1.6889058e-05
0,0,1.3836052e-05
0,0,5.7819525e-06
0,0,1.5017328e-05
0,0,3.5768946e-05
0,0,2.8176328e-05
0,0,0.00011843363
0,0,5.4650944e-05
0,0,3.3757082e-05
0,0,2.237913e-05
0,0,8.359048e-06
0,0,7.809868e-06
0,0,2.3412655e-05
0,0,0.0008615075
0,0,5.90772e-06
0,0,1.9200232e-05
0,0,1.746043e-05
0,0,8.30637e-05
0,0,1.7847386e-05
0,0,0.00014020364
0,0,5.7335354e-05
0,0,0.0011058652
0,0,1.836134e-05
0,0,0.00025096894
0,0,0.00015247859
0,0,4.6808524e-05
0,0,5.475063e-05
0,0,2.2622786e-05
0,0,4.631469e-06
0,0,1.7979266e-05
0,0,5.4607135e-05
0,0,0.006245502
0,0,5.7452977e-05
0,0,1.3813534e-05
0,0,4.1337644e-05
0,0,8.4008134e-05
0,0,2.1232903e-05
0,0,1.14838485e-05
0,0,8.2045335e-06
0,0,2.9987428e-05
0,0,3.0832703e-05
0,0,9.6513664e-05
0,0,0.00077591586
0,0,1.0577177e-05
0,0,2.7573558e-05
0,0,9.4416326e-05
0,0,4.384332e-05
0,0,0.000156194
0,0,1.2219379e-05
0,0,5.9945523e-06
0,0,0.0011055724
0,0,1.3698014e-05
0,0,4.312446e-06
0,0,4.195429e-05
0,0,7.34701e-05
0,0,0.00024564474
0,0,2.9060237e-05
0,0,8.389635e-06
0,0,4.3454875e-05
0,0,8.052585e-06
0,0,2.6519561e-05
0,0,2.9569695e-05
0,0,6.7071196e-05
0,0,3.9697756e-05
0,0,8.319267e-05
0,0,9.220735e-06
0,0,4.976529e-05
0,0,0.00015431202
0,0,3.3336495e-05
0,0,5.568655e-06
0,0,0.00012115748
0,0,2.0550682e-05
0,0,0.00025560547
0,0,0.00019068623
0,0,1.5930922e-05
0,0,0.0005059012
0,0,1.3774516e-05
0,0,0.0037286263
0,0,1.23546e-05
0,0,0.000102079044
0,0,0.00094754406
0,0,4.0094157e-05
0,0,6.510666e-05
0,0,0.00015630246
0,0,0.0008248719
0,0,7.2427836e-05
0,0,6.7998612e-06
0,0,1.9859451e-06
0,0,0.0054480033
0,0,0.00015412379
0,0,4.982415e-06
0,0,3.5698064e-05
0,0,0.00029434808
0,0,4.6643785e-05
0,0,0.00021742933
0,0,2.3342207e-05
0,0,2.5364945e-05
0,0,0.00012311662
0,0,0.00012930985
0,0,0.00024125513
0,0,5.7270983e-05
0,0,7.850142e-05
0,0,3.8948674e-05
0,0,1.507021e-05
0,0,0.00036106232
0,0,1.6620326e-05
0,0,6.6510074e-05
0,0,0.00010761276
0,0,2.7121341e-05
0,0,0.00034756027
0,0,1.915124e-05
0,0,2.1861606e-05
0,0,0.00011425893
0,0,1.7891129e-05
0,0,8.66475e-05
0,0,8.926546e-05
0,0,2.5333447e-05
0,0,2.9728428e-05
0,0,1.7828213e-05
0,0,2.369082e-05
0,0,1.5035928e-05
0,0,1.0806991e-05
0,0,6.1362494e-05
0,0,1.2483622e-05
0,0,1.0009291e-05
0,0,6.703307e-06
0,0,8.8711415e-05
0,0,0.001108775
0,0,3.3406918e-06
0,0,6.46444e-05
0,0,1.1279296e-05
0,0,2.529774e-05
0,0,2.0981557e-05
0,0,0.0003222343
0,0,1.6165352e-05
0,0,6.076198e-05
0,0,0.0002930586
0,0,1.3980693e-05
0,0,2.0179696e-06
0,0,1.0985709e-05
0,0,1.7083119e-05
0,0,3.967614e-06
0,0,1.3474721e-05
0,0,7.893635e-05
0,0,1.9167128e-06
0,0,2.4311505e-05
0,0,8.54369e-06
0,0,3.8030033e-05
0,0,7.674108e-06
0,0,6.0653194e-05
0,0,1.1918812e-06
0,0,1.1155419e-05
0,0,2.2823491e-05
0,0,0.0003870569
0,0,2.7447522e-05
0,0,0.00026451662
0,0,0.00021876874
0,0,1.1674684e-05
0,0,4.0509767e-05
0,0,3.8403075e-05
0,0,9.613809e-06
0,0,1.4709565e-05
0,0,1.45404265e-05
0,0,6.6537627e-06
0,0,0.0002139979
0,0,4.2654792e-05
0,0,3.4079264e-06
0,0,0.0007101612
0,0,0.0014195017
0,0,0.00010207243
0,0,8.018704e-05
0,0,9.191488e-05
0,0,4.78046e-06
0,0,0.00028509687
0,0,2.3019456e-05
0,0,2.6043966e-05
0,0,2.3653618e-05
0,0,0.0005556057
0,0,9.822325e-06
0,0,0.0002099007
0,0,3.0423065e-05
0,0,1.2844478e-05
0,0,3.0783158e-06
0,0,0.0012994763
0,0,4.326743e-05
0,0,0.00011687387
0,0,3.4813267e-05
0,0,1.6556305e-05
0,0,1.8573593e-05
0,0,2.4159957e-05
0,0,3.834471e-05
0,0,1.0470543e-05
0,0,0.00019786076
0,0,0.0011741807
0,0,3.4122688e-05
0,0,0.00019397886
0,0,6.1680457e-06
0,0,2.7334938e-05
0,0,3.794404e-06
0,0,2.4301122e-05
0,0,4.936339e-05
0,0,1.86785e-05
0,0,0.00011290155
0,0,2.6389407e-05
0,0,1.5945194e-05
0,0,4.0692907e-05
0,0,0.000529871
0,0,5.7664463e-05
0,0,4.1556217e-05
0,0,5.5989687e-05
0,0,9.006649e-06
0,0,1.7594319e-05
0,0,0.00032843833
0,0,1.5638894e-05
0,0,3.9570983e-05
0,0,0.00020688216
0,0,4.0858245e-05
0,0,2.798718e-05
1,0,0.24191567
0,0,6.528666e-06
0,0,0.00030107383
0,0,0.0003089404
0,0,5.209862e-05
0,0,0.00014743907
0,0,2.4135272e-05
0,0,6.389174e-05
0,0,4.523568e-05
0,0,2.3069519e-05
0,0,1.3970711e-05
0,0,2.3339668e-05
0,0,2.8222337e-05
0,0,0.0002531209
0,0,5.0615085e-06
0,0,0.000119341006
0,0,1.5749994e-05
0,0,0.00011425457
0,0,1.6863709e-05
0,0,6.3533303e-06
0,0,1.0507253e-05
0,0,2.9144801e-05
0,0,3.0067577e-05
0,0,0.0017542869
0,0,4.6209723e-05
0,0,2.641195e-06
0,0,5.0336992e-05
0,0,0.0071924664
0,0,9.545797e-05
0,0,1.6940565e-05
0,0,2.5004068e-05
0,0,2.5360423e-05
0,0,9.290624e-05
0,0,6.363463e-06
0,0,3.3079818e-05
0,0,1.3677077e-05
0,0,7.049957e-06
0,0,0.00019545094
0,0,0.00025219828
0,0,4.1558396e-05
0,0,7.3175244e-05
0,0,3.0389314e-05
0,0,2.5597594e-05
0,0,8.942827e-05
0,0,9.3870505e-05
0,0,6.6100088e-06
0,0,0.000249066
0,0,3.3398446e-05
0,0,1.4608742e-05
0,0,6.696351e-05
0,0,2.79524e-05
0,0,2.2946493e-05
0,0,1.7426362e-05
0,0,2.099897e-05
0,0,1.3572636e-05
0,0,2.501132e-06
0,0,4.2442538e-05
0,0,0.00026385317
0,0,3.1716627e-05
0,0,6.767597e-05
0,0,2.7770711e-05
0,0,0.00013722765
0,0,2.2132695e-05
0,0,0.00024112588
0,0,3.992159e-05
0,0,1.0167709e-05
0,0,6.148952e-06
0,0,0.0005240264
0,0,0.0004531516
0,0,8.132048e-05
0,0,1.584453e-05
0,0,0.00010161307
0,0,2.0379619e-05
0,0,6.884679e-05
0,0,3.5197867e-05
0,0,1.4826147e-05
0,0,1.3996449e-05
0,0,9.301698e-06
0,0,3.7903705e-05
0,0,1.5378975e-05
0,0,1.6249589e-05
0,0,3.069883e-05
0,0,0.002067674
0,0,0.000120651704
0,0,3.1605462e-06
0,0,0.00062470126
0,0,2.3111033e-06
0,0,2.6978434e-05
0,0,2.0223959e-05
0,0,5.190433e-05
0,0,5.5556913e-05
0,0,1.4705987e-05
0,0,0.00011559371
0,0,0.0004578553
0,0,2.0037052e-05
0,0,1.6109672e-05
0,0,0.00047105248
0,0,9.025827e-05
0,0,1.3002316e-05
0,0,3.7472485e-06
0,0,4.2210366e-05
0,0,9.1235765e-05
0,0,1.3655616e-06
0,0,8.599401e-05
0,0,5.1697745e-05
0,0,0.00010077279
0,0,3.9733317e-05
0,0,1.2716563e-05
0,0,4.4448567e-05
0,0,7.670076e-06
0,0,4.0865456e-05
0,0,6.1738306e-06
0,0,4.8665383e-06
0,0,0.00021655313
0,0,0.00085238914
0,0,0.0010484103
0,0,6.042233e-05
0,0,0.00013865226
0,0,1.40931925e-05
0,0,2.4787827e-05
0,0,0.0005973641
0,0,0.00010296359
0,0,0.00018488907
0,0,4.1964213e-06
0,0,4.3562404e-06
0,0,1.9268467e-05
0,0,9.8717435e-05
0,0,0.028689262
0,0,0.00017695272
0,0,0.00018280846
0,0,2.5052976e-05
0,0,8.045301e-06
0,0,0.00015595113
0,0,0.00012776113
0,0,2.209076e-06
0,0,1.7806939e-05
0,0,4.773565e-05
0,0,2.985571e-05
0,0,5.6007793e-05
0,0,1.1125013e-06
0,0,1.17256095e-05
0,0,1.4749223e-06
0,0,0.00017423106
0,0,8.373413e-05
0,0,1.0944906e-05
0,0,0.000111758534
0,0,5.2773168e-05
0,0,1.0562389e-05
0,0,3.5565983e-05
0,0,1.6640244e-05
0,0,2.2627339e-05
0,0,2.7496515e-05
0,0,0.00013560196
0,0,0.00013992011
0,0,0.00014354826
0,0,5.9291683e-06
0,0,6.71423e-05
0,0,8.351135e-06
0,0,5.5789074e-05
0,0,4.149195e-05
0,0,0.000118730335
0,0,1.2314264e-05
0,0,7.3359704e-05
0,0,7.799157e-05
0,0,3.717784e-05
0,0,0.00010313467
0,0,0.0001396442
0,0,7.898017e-06
0,0,2.0440875e-05
0,0,2.4905543e-05
0,0,1.632078e-05
0,0,7.6829616e-05
0,0,0.00054539175
0,0,5.158025e-05
0,0,3.1822667e-05
0,0,4.4462387e-05
0,0,0.00023710479
0,0,0.0011733818
0,0,0.00012678019
0,0,1.8639656e-05
0,0,1.0710065e-05
0,0,1.8113746e-05
0,0,2.916265e-05
0,0,3.5548554e-05
0,0,2.9925368e-06
0,0,2.6572774e-05
0,0,0.0001531322
0,0,1.4108496e-05
0,0,0.00096048514
0,0,0.00030696596
0,0,0.0005393868
0,0,5.5860364e-05
0,0,8.545392e-05
0,0,1.0675018e-05
0,0,2.9348488e-05
0,0,1.4495997e-05
0,0,9.875346e-06
0,0,1.2986727e-05
0,0,6.023691e-05
0,0,4.451822e-05
0,0,6.158884e-05
0,0,3.939278e-05
0,0,0.00017688474
0,0,1.2876119e-05
0,0,0.00019428632
0,0,0.000104050276
0,0,2.026309e-05
0,0,0.0009736375
0,0,6.5028726e-05
0,0,6.3842956e-05
0,0,6.897116e-06
0,0,2.3816907e-05
0,0,1.4190782e-05
0,0,0.00011247634
0,0,1.7939976e-05
0,0,0.00047738288
0,0,2.3790597e-05
0,0,0.00010577002
0,0,4.427323e-06
0,0,5.63042e-05
0,0,9.900618e-06
0,0,0.0004506357
0,0,1.891407e-05
0,0,2.1980513e-05
0,0,0.00010249621
0,0,8.560326e-05
0,0,1.0758588e-05
0,0,3.5755405e-05
0,0,0.00022629365
0,0,0.00012969006
0,0,0.00012845731
0,0,0.000117090945
0,0,4.5764154e-06
0,0,0.001490693
0,0,6.316574e-05
0,0,5.282827e-06
0,0,3.598339e-05
0,0,7.8913625e-05
0,0,1.497741e-05
0,0,1.8444667e-05
0,0,1.520452e-05
0,0,1.1770795e-05
0,0,9.974125e-05
0,0,7.691847e-06
0,0,2.0301484e-05
0,0,9.381843e-06
0,0,4.2475414e-05
0,0,5.5265423e-06
0,0,9.055422e-06
0,0,3.2982483e-05
0,0,3.155164e-05
0,0,2.9666575e-05
0,0,7.540034e-05
0,0,3.7825062e-05
0,0,2.6141657e-05
0,0,0.00011358768
0,0,0.00012483059
0,0,4.7531696e-05
0,0,7.224536e-06
0,0,1.01018695e-05
0,0,2.4045312e-06
0,0,1.2533773e-05
0,0,6.389912e-05
0,0,4.6506986e-05
0,0,4.700969e-05
0,0,7.675908e-06
0,0,6.799864e-05
0,0,2.8237871e-05
0,0,2.7541417e-05
0,0,0.0005792224
0,0,9.2255505e-05
0,0,5.640371e-06
0,0,7.1604504e-06
0,0,0.0001167461
0,0,0.000111906345
0,0,1.1991268e-05
0,0,0.00011207646
0,0,1.3629526e-05
0,0,1.6186732e-05
0,0,8.375777e-05
0,0,0.00018535912
0,0,3.1110012e-05
0,0,7.0375034e-05
0,0,4.4071694e-06
0,0,0.0008707792
0,0,6.1076967e-06
0,0,5.1442657e-06
0,0,1.5464851e-05
0,0,0.015352577
0,0,2.95372e-05
0,0,4.209179e-06
0,0,3.3409021e-06
0,0,1.0669999e-05
0,0,3.235129e-05
0,0,1.1682403e-05
0,0,0.00035482887
0,0,6.443349e-05
0,0,1.7807874e-05
0,0,2.1379074e-05
0,0,2.0408483e-05
0,0,0.00017039671
0,0,3.651275e-05
0,0,8.0042424e-05
0,0,5.7440157e-05
0,0,0.00015846205
0,0,5.7340635e-06
0,0,4.5549343e-05
0,0,2.3868271e-05
0,0,1.0548629e-05
0,0,5.970278e-05
0,0,1.8182873e-05
0,0,2.0835161e-05
0,0,8.430482e-05
0,0,1.4369164e-05
0,0,1.6038897e-05
0,0,0.00028343065
0,0,0.0012020224
0,0,0.00012267142
0,0,0.0002276414
0,0,3.8759892e-05
0,0,1.154858e-05
0,0,2.1820117e-06
0,0,0.00039597796
0,0,5.857188e-05
0,0,9.387051e-06
0,0,5.6296662e-06
0,0,6.229773e-05
0,0,0.00014385657
0,0,0.00012262359
0,0,1.18421785e-05
0,0,1.274239e-06
0,0,7.2789684e-05
0,0,0.0010837328
0,0,2.685686e-05
0,0,8.833777e-06
0,0,4.1820196e-05
0,0,0.00022797416
0,0,2.6982008e-05
0,0,0.00023307718
0,0,7.4744376e-06
0,0,2.756496e-05
0,0,4.69832e-05
0,0,2.3516013e-05
0,0,4.473859e-05
0,0,3.3448647e-05
0,0,1.0531681e-05
0,0,2.5140644e-05
0,0,4.0639003e-05
0,0,0.0002984856
0,0,0.0014333123
0,0,0.0041721854
0,0,0.00015502464
0,0,0.0017597174
0,0,7.924029e-05
0,0,4.5079705e-05
0,0,0.00010580644
0,0,3.883078e-06
0,0,0.00050096074
0,0,0.00012856172
0,0,1.7486192e-06
0,0,8.602001e-05
0,0,3.754586e-05
0,0,5.1763814e-06
0,0,0.00057080813
0,0,0.00040836338
0,0,2.7433314e-05
0,0,8.516285e-05
0,0,0.00034226882
0,0,1.6990542e-05
0,0,0.0001910544
0,0,4.8001282e-05
0,0,1.8193117e-06
0,0,1.2189502e-05
0,0,2.7856015e-05
0,0,1.1432894e-05
0,0,9.060899e-06
0,0,8.77172e-05
0,0,0.00011783265
0,0,3.0577846e-06
0,0,2.5939638e-05
0,0,1.2936739e-05
0,0,3.1166997e-05
0,0,5.3415988e-05
0,0,2.5386047e-05
0,0,4.5725237e-06
0,0,3.3176366e-05
0,0,6.902999e-06
0,0,2.1587288e-05
0,0,0.0046334686
0,0,7.723019e-06
0,0,8.560807e-05
0,0,4.983161e-06
0,0,0.0004323606
0,0,3.959842e-06
0,0,9.123955e-06
0,0,3.2553256e-05
0,0,0.0022359246
0,0,7.0859505e-06
0,0,1.5789697e-05
0,0,0.00011328687
0,0,0.0004743388
0,0,4.7183727e-05
0,0,4.9579605e-05
0,0,9.338775e-05
0,0,2.0206242e-05
0,0,3.391018e-05
0,0,1.5545234e-06
0,0,5.720529e-06
0,0,2.0342744e-05
0,0,2.3793253e-05
0,0,2.4145216e-05
0,0,1.7176151e-05
0,0,0.00010434826
0,0,0.00016263418
0,0,0.00023724273
0,0,7.180096e-06
0,0,7.0850247e-06
0,0,9.314522e-05
0,0,7.7052806e-05
0,0,0.00019180037
0,0,1.28404245e-05
0,0,3.5973168e-05
0,0,8.015074e-06
0,0,0.00010592254
0,0,0.00010159757
0,0,2.0670857e-05
0,0,6.3130933e-06
0,0,0.00010577134
0,0,2.4158324e-05
0,0,2.1090427e-05
0,0,5.8969804e-06
0,0,3.564109e-05
0,0,1.5874279e-05
0,0,1.0953144e-05
0,0,0.00076102413
0,0,1.6531076e-05
0,0,3.6659916e-05
0,0,7.6047494e-05
0,0,1.2654635e-05
0,0,3.2936266e-06
0,0,1.5528844e-05
0,0,0.00026402404
0,0,2.892338e-05
0,0,2.2611915e-05
0,0,0.00021508308
0,0,1.3899055e-05
0,0,1.1115787e-05
0,0,8.417389e-05
0,0,7.890941e-05
0,0,3.1964828e-05
0,0,1.5817746e-05
0,0,3.122355e-05
0,0,1.6275379e-05
0,0,0.00021788942
0,0,5.5539327e-05
0,0,8.839534e-05
0,0,6.922923e-05
0,0,2.2781587e-06
0,0,3.0596068e-05
0,0,9.632696e-06
0,0,7.249651e-06
0,0,0.00014381116
0,0,0.00014471328
0,0,0.00013133451
0,0,0.00017518409
0,0,7.3171344e-05
0,0,1.6898273e-05
0,0,5.5775567e-05
0,0,1.109778e-05
0,0,0.00012398134
0,0,3.7087546e-05
0,0,0.00023365702
0,0,4.989583e-05
0,0,6.4347274e-05
0,0,6.298252e-05
0,0,9.6860516e-05
0,0,5.2531555e-05
0,0,1.8143137e-05
0,0,7.694033e-06
0,0,1.1923715e-05
0,0,0.0001509904
0,0,0.00038898745
0,0,5.5856897e-05
0,0,0.00012143589
0,0,0.00015082046
0,0,5.588482e-05
0,0,0.00012963207
0,0,8.501015e-05
0,0,0.00021433116
0,0,0.00012338998
0,0,0.0008926772
0,0,4.6873603e-05
0,0,0.00036177505
0,0,0.000509131
0,0,0.0005626142
0,0,0.00024433926
0,0,0.000100079946
0,0,2.9558869e-05
0,0,2.6152806e-05
0,0,1.029393e-05
0,0,0.0011000009
0,0,6.802845e-06
0,0,1.3671174e-06
0,0,0.00010733963
0,0,0.00010058559
0,0,8.389715e-06
0,0,4.7892874e-05
0,0,1.724867e-05
0,0,1.9266863e-06
0,0,1.6711108e-05
0,0,1.6905913e-05
0,0,1.5422243e-05
0,0,2.6452826e-05
0,0,0.00014454641
0,0,7.960266e-06
0,0,3.6749425e-06
0,0,8.3289604e-05
0,0,4.907403e-05
0,0,3.495175e-05
0,0,5.715254e-05
0,0,2.1770646e-05
0,0,5.5418062e-05
0,0,1.2686243e-05
0,0,0.00013546317
0,0,1.8503248e-05
0,0,7.3694086e-05
0,0,5.226722e-05
0,0,0.00032472302
0,0,7.738118e-06
0,0,0.000543161
0,0,1.7710743e-05
0,0,0.00012798121
0,0,5.7483558e-05
0,0,1.7205726e-05
0,0,2.256362e-05
0,0,1.0023065e-05
0,0,0.0007527694
0,0,3.2347496e-06
0,0,0.00012644756
0,0,2.7635922e-05
0,0,2.9092816e-05
0,0,1.4839033e-05
0,0,4.5667777e-05
0,0,0.00045968327
0,0,1.3331283e-05
0,0,1.5038969e-05
0,0,0.00017095117
0,0,1.3654921e-05
0,0,7.291321e-05
0,0,0.000109618595
0,0,1.0400451e-05
0,0,5.5371158e-05
0,0,1.6750439e-05
0,0,9.65104e-06
0,0,2.091878e-05
0,0,2.7320579e-05
0,0,3.92036e-05
0,0,6.625982e-06
0,0,0.00012298461
0,0,1.7667811e-05
0,0,1.2591554e-05
0,0,1.4109438e-05
0,0,4.8637758e-05
0,0,9.4720504e-05
0,0,3.2859418e-05
0,0,2.3451068e-05
0,0,0.00074646424
0,0,3.833877e-06
0,0,2.5208683e-05
0,0,9.796899e-06
0,0,0.000257442
0,0,0.0005726252
0,0,0.00010791611
0,0,5.7435882e-05
0,0,5.4846637e-06
0,0,9.046861e-05
0,0,9.42629e-06
0,0,3.073515e-05
0,0,3.8705075e-05
0,0,4.598408e-06
0,0,6.126363e-05
0,0,2.7641508e-05
0,0,0.0004408657
0,0,1.8338626e-05
0,0,5.862049e-05
0,0,1.4104271e-05
0,0,7.2351766e-05
0,0,2.6367521e-05
0,0,4.378878e-06
0,0,6.269752e-05
0,0,1.4608074e-05
0,0,9.357154e-06
0,0,3.849522e-05
0,0,5.944985e-05
0,0,1.2674514e-05
0,0,3.1577204e-06
0,0,2.823009e-05
0,0,9.878163e-06
0,0,0.00010365179
0,0,1.4451331e-05
0,0,8.959574e-06
0,0,6.756885e-05
0,0,0.0007417914
0,0,0.00016679442
0,0,6.440412e-05
0,0,2.8817656e-05
0,0,1.5577181e-05
0,0,4.2034622e-05
0,0,5.689972e-05
0,0,4.9406954e-05
0,0,1.8291903e-05
0,0,0.00029512477
0,0,3.8907096e-05
0,0,7.182505e-05
0,0,1.4176959e-05
0,0,4.138628e-05
0,0,8.681424e-05
0,0,0.00014939359
0,0,5.361609e-05
0,0,1.6619597e-05
0,0,6.3120875e-05
0,0,5.7296033e-06
0,0,1.4765867e-05
0,0,8.238003e-05
0,0,0.0007202877
0,0,0.00027705877
0,0,1.7389473e-05
0,0,5.5639146e-05
0,0,3.965447e-05
0,0,0.00021057804
0,0,3.4838074e-05
0,0,0.00082359836
0,0,4.783119e-06
0,0,2.8409202e-05
0,0,2.0923211e-05
0,0,6.0553793e-05
0,0,1.5464897e-05
0,0,2.1639702e-05
0,0,4.281732e-05
0,0,0.00010818895
0,0,5.148884e-06
0,0,7.7267294e-05
0,0,3.7199743e-06
0,0,4.153402e-06
0,0,2.000759e-05
0,0,9.536134e-05
0,0,3.5580302e-05
0,0,1.5713133e-05
0,0,8.4404564e-05
0,0,9.46073e-05
0,0,1.1869065e-05
0,0,1.21653e-05
0,0,1.2427723e-05
0,0,7.023315e-06
0,0,1.2926935e-05
0,0,4.8752945e-06
0,0,4.6721493e-06
0,0,4.65941e-06
0,0,2.8367755e-05
0,0,7.307902e-05
0,0,8.241061e-06
0,0,8.575354e-06
0,0,0.00023363942
0,0,0.00019029426
0,0,0.0009705478
0,0,8.989992e-06
0,0,6.9650305e-05
0,0,0.00026888246
0,0,0.00012207421
0,0,5.025622e-05
0,0,0.00047494503
0,0,0.00023476845
0,0,1.9593652e-05
0,0,2.227123e-05
0,0,5.7446823e-06
0,0,5.010491e-05
0,0,6.842724e-05
0,0,1.8437211e-05
0,0,0.000646535
0,0,3.6687754e-05
0,0,1.5255807e-05
0,0,4.5356803e-05
0,0,4.2932375e-06
0,0,0.0005952442
0,0,2.4106726e-05
0,0,4.0973548e-05
0,0,0.0007390266
0,0,2.8763183e-05
0,0,0.00019118123
0,0,1.6383672e-05
0,0,5.0673654e-05
0,0,0.0013367032
0,0,3.0228033e-05
0,0,6.3303296e-06
0,0,2.1226384e-05
0,0,7.795811e-05
0,0,3.5715293e-05
0,0,1.4623172e-06
0,0,6.1127193e-06
0,0,9.380715e-05
0,0,5.1010033e-05
0,0,2.2209151e-05
0,0,8.653415e-06
0,0,7.9349855e-05
0,0,0.000103288694
0,0,1.6035301e-05
0,0,3.8579005e-06
0,0,0.00042929297
0,0,0.0005151459
0,0,0.016514223
0,0,6.392526e-05
0,0,6.6718208e-06
0,0,2.6664386e-05
0,0,1.3660014e-05
0,0,8.329436e-05
0,0,1.5263373e-05
0,0,1.5248432e-05
0,0,0.00014994832
0,0,4.3002974e-06
0,0,6.2132863e-06
0,0,0.00021046042
0,0,0.00079790154
0,0,4.0233476e-06
0,0,1.0396712e-05
0,0,7.7811725e-05
0,0,0.0001125829
0,0,0.00026758792
0,0,7.467235e-05
0,0,5.4516702e-05
0,0,1.1515302e-05
0,0,1.3404038e-05
0,0,2.6767743e-06
0,0,6.0854993e-05
0,0,2.7906926e-06
0,0,0.00015351087
0,0,2.6471223e-05
0,0,0.0002887457
0,0,3.582582e-05
0,0,8.1899e-06
0,0,0.00023269192
0,0,1.7728001e-06
0,0,5.213817e-06
0,0,3.780025e-05
0,0,2.8298879e-05
0,0,2.2282278e-05
0,0,5.204762e-05
0,0,7.750492e-05
0,0,3.2658387e-05
0,0,0.000176622
0,0,2.0361915e-06
0,0,1.5134734e-05
0,0,4.5830857e-05
0,0,2.08518e-05
0,0,1.7348742e-05
0,0,4.6157975e-06
0,0,0.0010129393
0,0,3.957272e-05
0,0,4.4545355e-05
0,0,2.0469706e-05
0,0,7.47545e-05
0,0,0.0023856224
0,0,1.57591e-05
0,0,4.130356e-05
0,0,0.00017239492
0,0,7.709325e-06
0,0,2.290906e-05
0,0,6.135612e-05
0,0,4.3412045e-05
0,0,0.00017156074
0,0,0.00016156552
0,0,0.00010506947
0,0,3.095178e-05
0,0,7.30417e-06
0,0,7.482353e-05
0,0,7.041746e-05
0,0,2.3395e-05
0,0,1.3025426e-05
0,0,0.0004422583
0,0,4.9733455e-05
0,0,0.0002255333
0,0,7.46915e-05
0,0,0.0064715147
0,0,8.927499e-05
0,0,8.761464e-06
0,0,1.0331371e-05
0,0,4.641683e-06
0,0,8.8677836e-05
0,0,1.0388536e-05
0,0,3.355802e-06
0,0,5.932791e-05
0,0,4.5458604e-05
0,0,2.3466122e-05
0,0,0.0003064262
0,0,1.7363755e-05
0,0,1.7993607e-05
0,0,0.00021701386
0,0,0.00016466992
0,0,3.8235055e-05
0,0,1.7564844e-05
0,0,0.0011245244
0,0,8.59549e-05
0,0,5.058414e-05
0,0,2.2631137e-05
0,0,1.0619608e-05
0,0,1.8649647e-05
0,0,3.664482e-05
0,0,2.403169e-05
0,0,5.8053887e-05
0,0,0.00016482105
0,0,2.425234e-05
0,0,0.0016519191
0,0,4.1523654e-05
0,0,1.4313405e-05
0,0,1.5397643e-05
0,0,4.271247e-05
0,0,1.0825744e-05
0,0,1.0552432e-05
0,0,0.0001244765
0,0,0.00022822102
0,0,2.9835473e-05
0,0,2.5381642e-05
0,0,6.294794e-05
0,0,0.00052899116
0,0,0.00012447947
0,0,4.4095068e-05
0,0,3.802343e-05
0,0,0.000101815014
0,0,0.00016490043
0,0,1.4232661e-05
0,0,3.4612032e-05
0,0,6.34118e-05
0,0,1.6215083e-05
0,0,3.6418787e-05
0,0,6.431844e-05
0,0,3.1345695e-05
0,0,3.5650573e-05
0,0,4.7041078e-05
0,0,7.430766e-05
0,0,2.367431e-05
0,0,0.00095317746
0,0,8.732936e-05
0,0,1.7647233e-05
0,0,7.0127564e-05
0,0,1.5053202e-05
0,0,0.00039133738
0,0,2.7603366e-05
0,0,4.2534273e-05
0,0,0.00028967604
0,0,0.00013353839
0,0,8.583245e-05
0,0,1.0034983e-05
0,0,3.246007e-05
0,0,9.3132345e-05
0,0,1.2981576e-05
0,0,0.00015856286
0,0,2.1737598e-05
0,0,5.073406e-06
0,0,0.00011284762
0,0,1.9615583e-05
0,0,5.5664197e-05
0,0,1.31198985e-05
0,0,6.9379385e-05
0,0,0.001081485
0,0,3.849533e-05
0,0,9.781404e-05
0,0,1.4122672e-05
0,0,0.00029326548
0,0,3.7538946e-06
0,0,1.2219973e-05
0,0,0.00024409965
0,0,0.0002825325
0,0,0.00033036745
0,0,2.1082484e-05
0,0,6.699488e-05
0,0,2.0329655e-05
0,0,3.0009198e-05
0,0,1.5433086e-05
0,0,7.656972e-06
0,0,3.1645595e-05
0,0,2.5765285e-05
0,0,4.269857e-06
0,0,1.9560719e-05
0,0,2.5373534e-05
0,0,2.1922777e-05
0,0,5.7376137e-06
0,0,5.60118e-05
0,0,0.00093693746
0,0,8.860412e-05
0,0,3.4275094e-05
0,0,1.6756127e-05
0,0,5.507979e-06
0,0,2.2273503e-05
0,0,2.1914668e-05
0,0,8.7990484e-05
0,0,7.6340155e-05
0,0,0.00042902151
0,0,6.4981425e-05
0,0,2.342009e-05
0,0,3.222123e-06
0,0,1.9416404e-05
0,0,4.455821e-06
0,0,1.48077215e-05
0,0,4.16458e-05
0,0,6.923068e-05
0,0,2.0028463e-06
0,0,1.5437032e-05
0,0,0.00062573125
0,0,2.3827106e-05
0,0,0.00018289738
0,0,0.00048007545
0,0,0.0007571984
0,0,2.785404e-06
0,0,0.0034382164
0,0,1.6199103e-05
0,0,6.407668e-05
0,0,3.754586e-05
0,0,2.3905515e-05
0,0,5.4617445e-05
0,0,0.0009549865
0,0,2.1948174e-05
0,0,2.2103797e-05
0,0,5.136907e-06
0,0,4.3177082e-05
0,0,1.0933993e-05
0,0,1.746246e-06
0,0,1.4613369e-05
0,0,1.2200364e-05
0,0,1.6738031e-05
0,0,1.017508e-05
0,0,0.01791513
0,0,1.0877218e-05
0,0,7.1316636e-06
0,0,0.000280847
0,0,1.3678134e-05
0,0,8.6312524e-05
0,0,0.00010542183
0,0,0.0004392781
0,0,0.0012083673
0,0,1.4376334e-05
0,0,0.00011533146
0,0,2.76404e-05
0,0,0.00020770557
0,0,9.1474285e-05
0,0,2.4247116e-05
0,0,1.8976583e-05
0,0,0.00024278152
0,0,1.1003807e-05
0,0,3.7018322e-05
0,0,0.00010551215
0,0,0.00027915317
0,0,1.451834e-05
0,0,2.617611e-05
0,0,1.3218624e-05
0,0,2.262695e-05
0,0,1.2678056e-05
0,0,8.384084e-06
0,0,1.0151819e-05
0,0,9.349821e-06
0,0,4.5616245e-05
0,0,1.1289013e-05
0,0,1.4328661e-05
0,0,0.00043212718
0,0,0.00011656768
0,0,1.4562965e-05
0,0,6.9357816e-06
0,0,0.00079407677
0,0,2.28948e-05
0,0,3.0836174e-05
0,0,0.0002012318
0,0,2.6765045e-05
0,0,7.681664e-05
0,0,8.202915e-06
0,0,0.00011973505
0,0,3.365307e-05
0,0,8.881428e-06
0,0,8.5801104e-05
0,0,0.00014978254
0,0,0.0010876837
0,0,3.7322705e-05
0,0,3.1217507e-05
0,0,0.0014908661
0,0,5.6695688e-05
0,0,9.397888e-05
0,0,7.993898e-06
0,0,5.114002e-06
0,0,6.611705e-06
0,0,2.9978533e-05
0,0,3.558753e-06
0,0,0.00085891207
0,0,4.2121587e-06
0,0,0.0010031526
0,0,0.0025848523
0,0,0.000111458525
0,0,4.970071e-06
0,0,5.34514e-06
0,0,0.0001613426
0,0,5.4390624e-05
0,0,1.5070655e-05
0,0,4.3406704e-05
0,0,0.0009997835
0,0,9.236497e-06
0,0,0.0015563344
0,0,3.889808e-05
0,0,1.1000617e-05
0,0,1.7826513e-05
0,0,1.2096477e-05
0,0,3.5066765e-05
0,0,6.0797334e-05
0,0,6.761296e-06
0,0,3.663982e-05
0,0,2.1532349e-05
0,0,2.4214718e-05
0,0,1.0624267e-05
0,0,0.00014824826
0,0,6.3179114e-06
0,0,8.5054584e-05
0,0,7.724758e-06
0,0,1.0035528e-05
0,0,6.6771354e-06
0,0,3.1511885e-05
0,0,0.00022733126
0,0,2.1174666e-05
0,0,0.0016647062
0,0,0.0001273805
0,0,0.0002713967
0,0,6.9108195e-05
0,0,9.862114e-06
0,0,4.4277775e-05
0,0,5.1476123e-05
0,0,2.5987078e-05
0,0,9.155656e-06
0,0,3.6644084e-05
0,0,4.5917255e-05
0,0,8.984266e-05
0,0,0.00012826269
0,0,2.8367509e-05
0,0,0.00048273237
0,0,0.002847715
0,0,0.00021635975
0,0,2.31331e-05
0,0,0.0018287898
0,0,9.969166e-06
0,0,0.00010408869
0,0,3.0787294e-06
0,0,2.2545466e-05
0,0,0.00015559969
0,0,0.0003283466
0,0,4.7238245e-05
0,0,8.517396e-06
0,0,3.317472e-05
0,0,3.7238574e-06
0,0,0.00011979661
0,0,1.3156646e-06
0,0,2.149808e-06
0,0,4.246126e-06
0,0,8.967541e-06
0,0,1.8515779e-05
0,0,0.0001511761
0,0,2.746737e-05
0,0,6.672028e-05
0,0,4.558169e-06
0,0,0.00029278104
0,0,1.7400404e-06
0,0,3.5561778e-05
0,0,4.975338e-05
0,0,2.585697e-06
0,0,2.377302e-05
0,0,2.7883096e-05
0,0,1.54591e-05
0,0,0.0032092626
0,0,0.00045400512
0,0,1.879787e-05
0,0,9.571709e-06
0,0,0.000113882794
0,0,6.189766e-05
0,0,0.00010753582
0,0,0.00057240826
0,0,8.2128325e-05
0,0,0.00027270318
0,0,0.0015533965
0,0,1.3722202e-05
0,0,2.81151e-05
0,0,1.2023113e-05
0,0,7.5001426e-06
0,0,1.4229743e-05
0,0,0.0003711865
0,0,7.196444e-05
0,0,6.7355522e-06
0,0,0.0006758129
0,0,5.860993e-05
0,0,3.5002984e-05
0,0,2.1010468e-05
0,0,1.5066285e-05
0,0,0.00010498543
0,0,2.8312975e-06
0,0,6.984779e-05
0,0,9.2255195e-06
0,0,3.2758398e-06
0,0,6.4127904e-05
0,0,1.1776128e-05
0,0,3.5857778e-05
0,0,1.5329791e-05
0,0,0.0002860138
0,0,7.691135e-06
0,0,7.8482335e-05
0,0,5.7860998e-05
0,0,0.0018302432
0,0,3.542828e-05
0,0,6.884445e-06
0,0,1.0749768e-05
0,0,8.51096e-05
0,0,2.652305e-05
0,0,3.5373516e-05
0,0,1.4558743e-05
0,0,5.451296e-05
0,0,4.861921e-05
0,0,1.1315863e-05
0,0,1.952676e-05
0,0,9.7173026e-05
0,0,2.1313484e-05
0,0,1.3215134e-05
0,0,1.823648e-05
0,0,3.3403227e-05
0,0,0.007623198
0,0,5.1282045e-06
0,0,0.00025484624
0,0,0.00070931745
0,0,5.3790486e-06
0,0,1.9274956e-05
0,0,5.7618785e-05
0,0,7.364287e-05
0,0,2.6783404e-05
0,0,1.0033499e-05
0,0,3.4810191e-06
0,0,3.629809e-05
0,0,0.00097039476
0,0,4.674995e-05
0,0,0.00017745724
0,0,5.7324807e-05
0,0,0.000103032435
0,0,4.1656484e-05
0,0,2.457191e-05
0,0,0.00038599293
0,0,3.2389507e-05
0,0,3.1925345e-05
0,0,7.3890706e-06
0,0,0.00015978786
0,0,3.834968e-05
0,0,1.3274602e-05
0,0,7.757287e-05
0,0,3.6949768e-06
0,0,8.441182e-05
0,0,3.9170904e-05
0,0,1.9843033e-05
0,0,4.4107557e-05
0,0,3.8532206e-05
0,0,1.1295399e-05
0,0,8.7275985e-06
0,0,0.00014632438
0,0,0.00054651627
0,0,1.9642783e-05
0,0,6.893305e-05
0,0,1.5353258e-05
0,0,2.1143209e-05
0,0,3.8385722e-05
0,0,5.9490203e-06
0,0,3.114863e-06
0,0,4.177821e-06
0,0,9.294381e-05
0,0,0.00044945057
0,0,5.570758e-05
0,0,0.0014673719
0,0,3.2269545e-05
0,0,6.9887587e-06
0,0,1.9838115e-05
0,0,2.4439729e-05
0,0,2.385025e-05
0,0,0.00014824898
0,0,7.298827e-05
0,0,6.025681e-06
0,0,4.4638102e-05
0,0,1.355834e-05
0,0,2.5482632e-05
0,0,2.9826057e-05
0,0,8.26236e-05
0,0,8.263841e-05
0,0,4.2768665e-06
0,0,0.00011005682
0,0,2.5264735e-05
0,0,1.4100143e-05
0,0,9.5553405e-05
0,0,2.3201059e-05
0,0,0.00016179384
0,0,0.00019467164
0,0,1.8670806e-05
0,0,0.00012430534
0,0,7.486814e-05
0,0,9.944343e-05
0,0,4.326434e-05
0,0,2.2125521e-05
0,0,0.00011264882
0,0,0.00012430416
0,0,6.93563e-05
0,0,4.247104e-05
0,0,5.9811387e-06
0,0,1.264988e-05
0,0,4.6282847e-05
0,0,0.00033952505
0,0,6.0704742e-06
0,0,6.5110326e-05
0,0,2.3707884e-05
0,0,5.126865e-05
0,0,3.3811823e-05
0,0,3.7139358e-05
0,0,1.3272905e-05
0,0,0.00019328523
0,0,2.6678708e-05
0,0,2.6668633e-05
0,0,1.0757777e-05
0,0,1.3625392e-05
0,0,0.00013232508
0,0,1.375257e-05
0,0,2.524176e-05
0,0,6.135442e-05
0,0,9.5850184e-05
0,0,0.0011514435
0,0,1.0004548e-05
0,0,2.625754e-05
0,0,0.00015510405
0,0,2.5719059e-05
0,0,1.0605034e-05
0,0,4.1264546e-05
0,0,0.0002050806
0,0,9.710624e-05
0,0,9.446718e-06
0,0,6.0433194e-06
0,0,2.1192403e-05
0,0,5.9689402e-05
0,0,2.2385471e-05
0,0,8.880672e-05
0,0,0.00011292609
0,0,2.5424546e-05
0,0,2.6920193e-06
0,0,1.5528236e-05
0,0,0.00013433481
0,0,7.16908e-06
0,0,0.00013637467
0,0,1.4995261e-05
0,0,3.303071e-05
0,0,4.080716e-05
0,0,1.675111e-05
0,0,0.00041031957
0,0,2.0605788e-05
0,0,0.00012768927
0,0,5.164e-05
0,0,4.427064e-05
0,0,1.8648403e-05
0,0,9.432089e-06
0,0,1.4698823e-05
0,0,1.9190511e-05
0,0,6.996865e-05
0,0,6.9336325e-05
0,0,1.2364098e-05
0,0,0.0013223566
0,0,0.00012050155
0,0,4.0327875e-05
0,0,1.5744097e-06
0,0,3.1824093e-05
0,0,5.888017e-05
0,0,0.0002150105
0,0,3.850869e-06
0,0,3.7126028e-06
0,0,0.0005080177
0,0,1.2563307e-05
0,0,6.4789056e-05
0,0,2.0448964e-05
0,0,8.636102e-05
0,0,2.0273026e-05
0,0,0.00011916531
0,0,1.2395007e-05
0,0,1.4156436e-05
0,0,0.00011420991
0,0,1.7019864e-05
0,0,0.00031487385
0,0,1.1232388e-05
0,0,6.577875e-06
0,0,2.0493671e-05
0,0,1.2180647e-05
0,0,1.9508761e-05
0,0,1.8071716e-05
0,0,9.306478e-05
0,0,0.00016138029
0,0,7.05537e-05
0,0,1.0471692e-05
0,0,6.386744e-05
0,0,3.6268702e-06
0,0,1.06071575e-05
0,0,1.0795793e-05
0,0,3.3083436e-06
0,0,1.0041885e-05
0,0,0.00016817662
0,0,2.7585262e-05
0,0,2.0338355e-06
0,0,1.2117919e-05
0,0,9.060735e-06
0,0,0.00029929145
0,0,0.0025930738
0,0,2.3420627e-05
0,0,4.4394824e-06
0,0,5.6382374e-05
0,0,1.966955e-05
0,0,0.00016334082
0,0,6.461102e-06
0,0,1.4775368e-06
0,0,0.00029085632
0,0,0.00085976446
0,0,4.5457755e-06
0,0,0.000101859776
0,0,0.0005416744
0,0,0.00019959187
0,0,0.0007209146
0,0,2.6714988e-05
0,0,2.0898642e-05
0,0,0.0046251058
0,0,3.3109834e-05
0,0,2.4327066e-05
0,0,1.1228392e-05
0,0,2.7597891e-05
0,0,1.6549657e-05
0,0,1.0081976e-05
0,0,2.9840652e-05
0,0,0.0018911905
0,0,0.00014938845
0,0,2.5494834e-05
0,0,1.7923458e-05
0,0,3.4329817e-06
0,0,3.0806164e-05
0,0,5.3930094e-06
0,0,2.5261777e-06
0,0,0.00011992382
0,0,0.00029372127
0,0,8.666827e-06
0,0,9.812065e-05
0,0,4.2781517e-06
0,0,0.00033383336
0,0,1.7281485e-05
0,0,0.0009356377
0,0,3.845116e-05
0,0,1.2482242e-05
0,0,3.374736e-05
0,0,3.934576e-06
0,0,2.7298287e-05
0,0,3.3250955e-05
0,0,8.190642e-06
0,0,1.736402e-05
0,0,1.4079758e-05
1,1,0.91362333
0,0,6.341125e-05
0,0,0.00022519058
0,0,4.826526e-05
0,0,3.3658653e-05
0,0,6.49113e-06
0,0,5.6463567e-05
0,0,1.0568858e-05
0,0,1.28913425e-05
0,0,1.1174106e-05
0,0,5.2379933e-06
0,0,8.190753e-05
0,0,7.3687333e-06
0,0,4.1686762e-05
0,0,2.4157309e-05
0,0,4.179412e-05
0,0,0.001919137
0,0,3.4606157e-05
0,0,2.2708837e-05
0,0,2.1395148e-05
0,0,0.0017331723
0,0,3.1813594e-05
0,0,0.0012940913
0,0,0.00011750154
0,0,7.24257e-05
0,0,0.00012703032
0,0,6.8181407e-06
0,0,2.0940377e-05
0,0,3.0256295e-05
0,0,8.81963e-05
0,0,0.00018926934
0,0,2.6360582e-05
0,0,1.2866571e-05
0,0,1.569325e-06
0,0,9.861672e-06
0,0,9.0276946e-05
0,0,2.3111754e-05
0,0,8.00971e-06
0,0,3.2118864e-05
0,0,2.6709255e-05
0,0,2.8491626e-05
0,0,0.0003331371
0,0,3.0223996e-06
0,0,1.6163302e-05
0,0,5.865168e-06
0,0,1.8557163e-05
0,0,4.882611e-05
0,0,0.000115393945
0,0,0.001104607
0,0,1.6812663e-05
0,0,0.00055414496
0,0,0.0032318272
0,0,3.752592e-05
0,0,1.9841862e-05
0,0,0.00057147146
0,0,0.0055416385
0,0,9.217121e-06
0,0,0.00043596834
0,0,9.729551e-05
0,0,5.0018025e-05
0,0,4.359105e-05
0,0,2.7472008e-05
0,0,8.718514e-06
0,0,0.00012715865
0,0,2.2928643e-05
0,0,2.4760659e-05
0,0,6.7295754e-05
0,0,3.1634703e-05
0,0,0.003847747
0,0,1.2967433e-05
0,0,9.7687276e-05
0,0,0.00015666161
0,0,2.6683541e-05
0,0,3.7638674e-05
0,0,7.2912206e-07
0,0,0.00025317568
0,0,5.53739e-05
0,0,3.037981e-05
0,0,3.073351e-05
0,0,0.0003023216
0,0,1.3135197e-05
0,0,0.0008377275
0,0,2.5278866e-06
0,0,4.181473e-06
0,0,6.648244e-06
0,0,2.4295769e-05
0,0,0.00010255419
0,0,9.186995e-06
0,0,4.9241666e-05
0,0,0.00019037901
0,0,0.00016843773
0,0,0.00017308752
0,0,4.2061297e-06
0,0,0.0045959246
0,0,1.6369351e-05
0,0,0.00011149435
0,0,4.6045385e-05
0,0,5.493509e-05
0,0,0.00013294606
0,0,8.583245e-05
0,0,0.00055858376
0,0,1.4213767e-05
0,0,9.425526e-06
0,0,7.945166e-06
0,0,1.923353e-05
0,0,6.433421e-05
0,0,2.7790027e-05
0,0,9.527136e-05
0,0,0.00033187575
0,0,6.2755964e-05
0,0,4.2824418e-06
0,0,4.8993974e-05
0,0,2.5511104e-05
0,0,1.382811e-05
0,0,2.371096e-05
0,0,5.7575282e-05
0,0,2.3702549e-05
0,0,4.0554954e-05
0,0,3.5200271e-06
0,0,0.000117329226
0,0,3.7261216e-05
0,0,1.712481e-05
0,0,1.2614679e-05
0,0,3.846711e-05
0,0,5.8310838e-05
0,0,0.00024005577
0,0,1.3084537e-05
0,0,2.7777254e-05
0,0,4.9072434e-05
0,0,0.0009891212
0,0,3.3730414e-06
0,0,1.4835454e-05
0,0,6.354279e-05
0,0,5.70893e-05
0,0,0.0042243605
0,0,2.907354e-05
0,0,1.5726715e-05
0,0,1.188795e-05
0,0,8.641662e-06
0,0,6.5664867e-06
0,0,1.0297495e-05
0,0,1.7826818e-05
0,0,1.8404748e-05
0,0,2.676285e-05
0,0,9.526776e-06
0,0,9.426789e-05
0,0,1.0659372e-05
0,0,0.0016384482
0,0,1.5188159e-05
0,0,7.1620554e-05
0,0,0.00010053927
0,0,1.2794134e-05
0,0,2.8977604e-05
0,0,6.017014e-05
0,0,4.7220547e-05
0,0,3.6826987e-05
0,0,3.1799853e-05
0,0,3.0368052e-05
0,0,4.4369117e-05
0,0,3.1327105e-05
0,0,0.00018516075
0,0,3.659282e-05
0,0,2.6753918e-05
0,0,0.00014145479
0,0,0.0055947644
0,0,8.789924e-05
0,0,0.0008274221
0,0,0.00031888208
0,0,4.608527e-05
0,0,0.00014497417
0,0,0.00015057645
0,0,1.2905219e-05
0,0,1.0279529e-05
0,0,1.8845076e-05
0,0,2.0978796e-05
0,0,3.8342663e-05
0,0,2.352622e-05
0,0,0.00015704703
0,0,4.5539373e-06
0,0,0.0013689206
0,0,6.600033e-05
0,0,1.0671363e-05
0,0,3.9760496e-05
0,0,5.4835906e-05
0,0,0.0001604052
0,0,6.572567e-05
0,0,2.3692448e-05
0,0,8.9824665e-05
0,0,4.101483e-05
0,0,7.4343216e-06
0,1,0.63712806
0,0,1.8203466e-05
0,0,3.468502e-05
0,0,2.6012567e-05
0,0,1.0751901e-05
0,0,6.753601e-06
0,0,0.000119845055
0,0,2.0657022e-05
0,0,1.6923528e-05
0,0,1.3327394e-05
0,0,3.959824e-05
0,0,6.5684064e-05
0,0,6.019581e-06
0,0,4.1531457e-05
0,0,2.4446723e-05
0,0,0.00051117264
0,0,2.6302001e-05
0,0,0.00015126837
0,0,2.6185398e-05
0,0,7.163319e-06
0,0,4.787054e-05
0,0,0.003819843
0,0,3.3926095e-05
0,0,8.405339e-06
0,0,7.4515294e-05
0,0,5.5493107e-05
0,0,4.7176527e-05
0,0,0.00046033485
0,0,6.662396e-05
0,0,0.0001599653
0,0,1.2269193e-05
0,0,0.0009176185
0,0,2.0826978e-05
0,0,6.481635e-06
0,0,8.748122e-06
0,0,5.2211212e-06
0,0,0.00014316278
0,0,5.689435e-05
0,0,1.4656214e-05
0,0,5.127774e-06
0,0,6.175933e-06
0,0,0.00010658415
0,0,5.0069517e-05
0,0,9.372355e-05
0,0,1.20128325e-05
0,0,2.6981135e-05
0,0,0.00025041492
0,0,0.00042330852
0,0,7.801255e-06
0,0,4.0155915e-05
0,0,2.3552395e-05
0,0,1.4433742e-05
0,0,1.9215728e-05
0,0,1.1553967e-05
0,0,1.7158078e-05
0,0,0.00017638234
0,0,0.0018480108
0,0,1.5433e-05
0,0,0.00010535591
0,0,8.1226164e-05
0,0,0.00030217232
0,0,2.4978424e-05
0,0,5.5243992e-05
0,0,1.4940889e-05
0,0,8.3971136e-05
0,0,0.00050924334
0,0,4.8645317e-05
0,0,4.9309754e-05
0,0,8.32287e-06
0,0,1.384442e-05
0,0,0.00016432078
0,0,2.9900304e-05
0,0,6.519252e-06
0,0,0.00015326266
0,0,1.1932371e-05
0,0,1.0471842e-05
0,0,2.4906067e-05
0,0,0.0038764642
0,0,3.0359912e-05
0,0,1.4567909e-05
0,0,6.0291013e-06
0,0,0.0013611879
0,0,6.8129666e-06
0,0,2.115071e-05
0,0,4.4517117e-05
0,0,7.815678e-05
0,0,3.621117e-05
0,0,5.9179532e-05
0,0,0.00014968774
0,0,7.5407246e-05
0,0,2.358426e-06
0,0,7.2976736e-06
0,0,9.29332e-06
0,0,0.00041352774
0,0,8.426753e-05
0,0,1.41665105e-05
0,0,2.8663153e-05
0,0,0.00010321367
0,0,4.159115e-05
0,0,0.00040566156
0,0,3.01612e-05
0,0,6.8252455e-05
0,0,3.929755e-05
0,0,4.316288e-05
0,0,5.9554877e-05
0,0,6.383547e-05
0,0,0.00013208731
0,0,0.00012300361
0,0,9.6599484e-05
0,0,4.5183126e-05
0,0,4.0393465e-05
0,0,7.8706806e-05
0,0,4.7019184e-06
0,0,6.692404e-06
0,0,2.4275596e-05
0,0,8.77546e-05
0,0,8.842442e-06
0,0,6.799079e-05
0,0,2.5154506e-05
0,0,2.2903448e-06
0,0,1.2135173e-05
0,0,1.5994005e-05
0,0,2.961839e-06
0,0,6.906148e-05
0,0,2.4681327e-05
0,0,2.494505e-05
0,0,0.0009960253
0,0,1.1670042e-05
0,0,3.5537236e-05
0,0,0.00060704147
0,0,0.000117530784
0,0,5.45322e-05
0,0,2.6250904e-05
0,0,3.909343e-05
0,0,3.954581e-06
0,0,0.00012902077
0,0,3.6142173e-05
0,0,3.9167967e-06
0,0,6.638347e-05
0,0,1.9256031e-05
0,0,1.3891859e-05
0,0,3.0827763e-05
0,0,0.00019430909
0,0,3.891864e-05
0,0,4.9520066e-05
0,0,6.762031e-06
0,0,0.0009145157
0,0,9.453922e-05
0,0,3.9219343e-05
0,0,2.6888816e-05
0,0,2.3912926e-05
0,0,6.6202792e-06
0,0,2.5601882e-06
0,0,0.00025081538
0,0,0.00010161355
0,0,1.923855e-06
0,0,0.00024797674
0,0,1.7584436e-05
0,0,0.0012791734
0,0,9.0030044e-05
0,0,3.7587415e-06
0,0,2.8864246e-05
0,0,0.00012530763
0,0,5.751558e-05
0,0,5.9127647e-06
0,0,0.00013097172
0,0,0.00031118435
0,0,3.3848017e-05
0,0,4.434171e-05
0,0,0.00038676514
0,0,6.5142245e-05
0,0,2.2477841e-05
0,0,2.3740644e-05
0,0,0.00020482247
0,0,0.00031761324
0,0,6.2864434e-05
0,0,3.211831e-05
0,0,2.3636208e-05
0,0,1.2911521e-05
0,0,9.883216e-05
0,0,2.0671587e-05
0,0,1.0956341e-05
0,0,2.9708619e-05
0,0,4.664961e-05
0,0,8.243796e-06
0,0,2.2475311e-05
0,0,9.141699e-05
0,0,5.2904983e-05
0,0,0.0015930778
0,0,5.525411e-05
0,0,6.4078267e-06
0,0,4.0995867e-05
0,0,1.8847502e-05
0,0,4.294216e-06
0,0,6.4640485e-06
0,0,2.8449762e-05
0,0,4.409208e-05
0,0,2.4547995e-05
0,0,1.5657697e-05
0,0,7.427433e-06
0,0,0.0008797186
0,0,6.403264e-06
0,0,6.912895e-05
0,0,0.00014126311
0,0,8.592933e-05
0,0,3.8487844e-05
0,0,1.43649995e-05
0,0,1.4163093e-05
0,0,0.0009836218
0,0,5.526976e-05
0,0,1.7915836e-05
0,0,8.056471e-06
0,0,6.799203e-05
0,0,4.2982803e-05
0,0,1.248036e-05
0,0,6.0629527e-06
0,0,0.00012949394
0,0,2.6141382e-05
0,0,4.435452e-05
0,0,0.0001301586
0,0,9.737769e-06
0,0,0.00075792434
0,0,2.1938233e-05
0,0,2.19356e-06
0,0,1.0258992e-05
0,0,7.2077e-05
0,0,3.262402e-05
0,0,7.354897e-05
0,0,9.181861e-05
0,0,0.00016144247
0,0,0.00014189613
0,0,0.0004415744
0,0,5.2728396e-05
0,0,4.653276e-05
0,0,0.00013642643
0,0,3.998377e-05
0,0,0.0003323954
0,0,1.323717e-05
0,0,0.00016291573
0,0,0.00025381325
0,0,2.4117905e-06
0,0,2.4556099e-05
0,0,3.3254793e-05
0,0,6.277737e-06
0,0,1.7849774e-06
0,0,0.00012985847
0,0,2.2944041e-05
0,0,0.0005906437
0,0,0.0006020072
0,0,0.0007981795
0,0,2.5048914e-05
0,0,0.00078939984
0,0,1.4236666e-05
0,0,2.614248e-05
0,0,3.4839803e-05
0,0,8.410222e-06
0,0,3.9765423e-06
0,0,8.883639e-06
0,0,7.1078043e-06
0,0,4.4102762e-05
0,0,0.0011368786
0,0,1.3194482e-05
0,0,5.72718e-05
0,0,3.7307545e-05
1,1,0.9295042
0,0,0.000111528796
0,0,2.2885193e-05
0,0,7.4858006e-05
0,0,3.6891804e-05
0,0,0.00093433703
0,0,3.840685e-05
0,0,0.00037559646
0,0,1.7936298e-05
0,0,2.3866472e-05
0,0,9.610837e-05
0,0,9.557634e-06
0,0,3.6660964e-05
0,0,1.9549027e-05
0,0,0.0001509426
0,0,4.6420802e-05
0,0,2.206772e-05
0,0,3.459296e-05
0,0,2.5529116e-05
0,0,1.1514939e-05
0,0,0.00022940586
0,0,2.7338049e-06
0,0,2.9733505e-05
0,0,0.00067396794
0,0,2.1546832e-05
0,0,7.4792646e-05
0,0,0.00024723852
0,0,3.2507993e-05
0,0,2.1009328e-05
0,0,3.575377e-05
0,0,6.8979966e-06
0,0,1.4454266e-05
0,0,4.43638e-06
0,0,3.553883e-05
0,0,9.548938e-05
0,0,5.1454183e-05
0,0,7.439324e-05
0,0,0.00011856752
0,0,1.0764777e-05
0,0,1.7420945e-05
0,0,2.1436299e-05
0,0,3.9211453e-05
0,0,1.8679819e-05
0,0,5.65315e-06
0,0,1.1664424e-05
0,0,3.9241117e-05
0,0,1.4997277e-05
0,0,1.624711e-05
0,0,9.46073e-05
0,0,6.1315777e-06
0,0,0.00025234476
0,0,0.0001673603
0,0,1.8202598e-05
0,0,7.510693e-06
0,0,9.564783e-06
0,0,1.7113889e-05
0,0,1.7027558e-05
0,0,1.598737e-05
0,0,1.1380494e-05
0,0,1.8750765e-05
0,0,0.0007060401
0,0,6.305915e-05
0,0,0.00015859205
0,0,2.2695238e-05
0,0,7.528984e-05
0,0,2.607635e-05
0,0,9.768494e-05
0,0,2.9450773e-06
0,0,0.00022272342
0,0,0.00054324255
0,0,6.694296e-05
0,0,4.730695e-05
0,0,4.7660324e-05
0,0,4.6260608e-05
0,0,8.421507e-05
0,0,3.7074955e-05
0,0,4.0079052e-05
0,0,6.595817e-05
0,0,2.6154352e-05
0,0,2.4984429e-05
0,0,2.0722173e-05
0,0,0.00012354727
0,0,0.0004012555
0,0,1.8372866e-05
0,0,2.2381619e-06
0,0,0.0002307926
0,0,8.398506e-05
0,0,9.9033e-06
0,0,3.3779077e-05
0,0,0.0002380809
0,0,6.637271e-05
0,0,3.5514433e-05
0,0,3.0934167e-05
0,0,2.2943626e-05
0,0,3.7909715e-06
0,0,2.9065695e-05
0,0,2.105319e-05
0,0,6.0483213e-05
0,0,5.1485945e-06
0,0,2.1643315e-05
0,0,3.4499528e-05
0,0,3.1522864e-06
0,0,8.641094e-05
0,0,5.5674176e-05
0,0,8.558399e-05
0,0,0.052758005
0,0,3.2176524e-06
0,0,4.031292e-05
0,0,3.0042727e-05
0,0,1.412523e-05
0,0,1.27592975e-05
0,0,0.00016101786
0,0,1.4608533e-05
0,0,2.216975e-05
0,0,3.2200533e-05
0,0,3.4409008e-05
0,0,9.3251954e-05
0,0,1.038926e-05
0,0,6.8565664e-06
0,0,6.0276525e-06
0,0,9.65376e-05
0,0,2.9073735e-05
0,0,7.4053874e-06
0,0,0.00029443455
0,0,9.412079e-06
0,0,0.000110075285
0,0,8.904619e-05
0,0,1.3121314e-05
0,0,3.225859e-05
0,0,6.15133e-05
0,0,5.068482e-05
0,0,0.0028981308
0,0,4.7117087e-06
0,0,0.00022698558
0,0,3.8152357e-06
0,0,4.7876707e-05
0,0,2.6125483e-05
0,0,4.0734336e-05
0,0,2.6517182e-05
0,0,0.00028892196
0,0,6.4665604e-05
0,0,0.00055112486
0,0,1.691559e-05
0,0,1.061408e-05
0,0,1.8209294e-06
0,0,9.350787e-05
0,0,0.0019799382
0,0,4.665184e-05
0,0,1.4913727e-05
0,0,7.223202e-05
0,0,2.5976597e-05
0,0,6.7753e-05
0,0,0.0001004627
0,0,7.722848e-05
0,0,8.4443935e-05
0,0,3.0890733e-06
0,0,2.0618663e-05
0,0,5.4497987e-06
0,0,0.00013516098
0,0,2.6576246e-05
0,0,3.8203492e-05
0,0,5.0317176e-05
0,0,4.946334e-05
0,0,3.0133915e-05
0,0,6.2780746e-05
0,0,1.4077409e-05
0,0,0.002134633
0,0,0.0001651007
0,0,1.2761051e-05
0,0,0.000120038116
0,0,9.332757e-05
0,0,4.2813565e-05
0,0,3.1648897e-06
0,0,2.6642758e-05
0,0,1.1413503e-05
0,0,6.421082e-05
0,0,1.5944981e-05
0,0,7.035456e-06
0,0,9.747264e-06
0,0,7.5588025e-05
0,0,7.614647e-05
0,0,4.943552e-06
0,0,1.5021811e-05
0,0,3.0542717e-05
0,0,0.00064545823
0,0,0.00024092065
0,0,9.1684924e-05
0,0,6.6751716e-05
0,0,7.2351766e-05
0,0,0.00013789807
0,0,2.929198e-05
0,0,3.2713788e-06
0,0,9.207457e-06
0,0,2.2991796e-06
0,0,1.2385081e-05
0,0,0.00036640474
0,0,0.0003902371
0,0,0.00042334505
0,0,0.00012552015
0,0,0.0021433695
0,0,3.5844376e-05
0,0,1.905836e-05
0,0,8.3039944e-05
0,0,1.3144219e-05
0,0,1.7891112e-05
0,0,0.00026124486
0,0,0.00017572429
0,0,5.793272e-05
0,0,0.00014484387
0,0,8.1698045e-06
0,0,4.3796976e-05
0,0,0.0012243331
0,0,4.9917508e-06
0,0,0.0002853141
0,0,9.555884e-06
0,0,4.7860045e-05
0,0,8.459686e-06
0,0,0.0003247323
0,0,4.246039e-05
0,0,1.3099546e-05
0,0,5.8288093e-05
0,0,3.3197695e-05
0,0,4.6650057e-05
0,0,3.2138287e-05
0,0,3.1440206e-05
0,0,1.9838872e-05
0,0,6.379001e-05
0,0,3.1679476e-05
0,0,3.8797796e-05
0,0,3.431005e-05
0,0,8.569056e-05
0,0,9.853456e-06
0,0,6.7811045e-05
0,0,3.7310714e-05
0,0,1.2824992e-05
0,0,0.00041486704
0,0,2.5605139e-05
0,0,1.1366296e-05
0,0,1.169007e-05
0,0,1.7455186e-05
0,0,0.0006892416
0,0,8.60763e-05
0,0,4.530593e-06
0,0,1.308369e-05
0,0,7.557829e-05
0,0,0.00028362745
0,0,0.015707534
0,0,5.3995995e-05
0,0,5.8089056e-05
0,0,5.6783074e-06
0,0,4.534367e-06
0,0,1.1137359e-05
0,0,3.7705602e-05
0,0,0.0010274319
0,0,2.4858113e-05
0,0,4.6896363e-05
0,0,0.00012918722
0,0,3.795496e-05
0,0,1.6659029e-05
0,0,8.125847e-05
0,0,1.2075304e-05
0,0,8.3233945e-06
0,0,0.00011944643
0,0,9.17017e-05
0,0,5.6231415e-06
0,0,4.5980312e-05
0,0,8.8156856e-05
0,0,6.0499133e-05
0,0,0.0002523972
0,0,3.872106e-05
0,0,0.00017563015
0,0,1.3127746e-05
0,0,8.33244e-06
0,0,4.017803e-06
0,0,1.1508374e-05
0,0,1.3714209e-05
0,0,1.1443159e-05
0,0,2.8413077e-05
0,0,5.3705902e-05
0,0,3.8681166e-05
0,0,2.97751e-05
0,0,3.1912103e-05
0,0,1.50938695e-05
0,0,0.11030174
0,0,5.065444e-06
0,0,4.893018e-06
0,0,6.6007296e-06
0,0,0.00024738212
0,0,8.259228e-06
0,0,1.19426295e-05
0,0,6.809557e-06
0,0,0.00016769879
0,0,7.777863e-05
0,0,2.2274056e-05
0,0,2.4992458e-05
0,0,3.3744666e-06
0,0,5.8203394e-05
0,0,1.7298999e-05
0,0,0.000113458
0,0,8.3098475e-06
0,0,4.867525e-05
0,0,0.000266902
0,0,2.5815703e-05
0,0,2.4711117e-06
0,0,5.589533e-06
0,0,7.435863e-05
0,0,2.6233462e-05
0,0,0.00011281943
0,0,0.0005003135
0,0,0.00036439268
0,0,7.904091e-06
0,0,1.0567225e-05
0,0,3.9940172e-05
0,0,0.00016594857
0,0,9.469016e-05
0,0,7.1574544e-07
0,0,1.267014e-05
0,0,3.0684572e-05
0,0,1.3286316e-05
0,0,5.240546e-06
0,0,0.003711639
0,0,1.1389506e-05
0,0,0.0009644539
0,0,0.00023343011
0,0,0.00014136983
0,0,1.5357886e-05
0,0,1.9532776e-05
0,0,9.210505e-06
0,0,1.6810915e-05
0,0,7.5468733e-06
0,0,1.4106627e-05
0,0,5.656267e-06
0,0,0.0006676981
0,0,3.4604607e-05
0,0,8.585234e-05
0,0,3.3996098e-06
0,0,4.3786575e-05
0,0,7.868907e-06
0,0,0.00040651805
0,0,2.3462446e-06
0,0,2.2194288e-05
0,0,1.8036315e-05
0,0,3.3180156e-06
0,0,0.002151758
0,0,0.0035278627
0,0,5.0900653e-05
0,0,1.8913204e-05
0,0,7.847609e-06
0,0,1.02482845e-05
0,0,0.00025736002
0,0,0.00035096967
0,0,2.4438774e-05
0,0,1.3956022e-05
0,0,3.548481e-05
0,0,1.1528014e-05
0,0,5.2308797e-06
0,0,1.6756063e-05
0,0,0.00019010583
0,0,8.756979e-06
0,0,1.0040564e-05
0,0,1.4921253e-05
0,0,4.105784e-05
0,0,1.2984523e-05
0,0,1.4349091e-05
0,0,6.247231e-06
0,0,8.822447e-05
0,0,9.5784126e-05
0,0,0.00011286753
0,0,5.1852994e-06
0,0,6.277865e-05
0,0,4.0338937e-06
0,0,5.9999224e-05
0,0,5.0047413e-05
0,0,5.0504086e-06
0,0,1.4925651e-05
0,0,0.00010139799
0,0,6.144292e-06
0,0,5.196406e-05
0,0,2.1752281e-05
0,0,0.00012473077
0,0,0.0003653677
0,0,1.6113727e-05
0,0,1.2538926e-05
0,0,1.576845e-05
0,0,4.1670628e-05
0,0,2.9693494e-05
0,0,0.00014818128
0,0,7.736321e-05
0,0,2.8885554e-06
0,0,0.00029620976
0,0,2.4882089e-05
0,0,1.7307462e-05
0,0,1.0359727e-05
0,0,0.0006406103
0,0,1.3745333e-05
0,0,0.00022216076
0,0,4.107174e-05
0,0,0.00013396065
0,0,3.3758768e-06
0,0,7.890941e-06
0,0,0.00019803799
0,0,3.3276207e-05
0,0,8.288962e-05
0,0,1.3859031e-05
0,0,8.963249e-06
0,0,2.5827254e-05
0,0,1.0956466e-05
0,0,6.7222823e-06
0,0,2.4404306e-05
0,0,0.00011975423
0,0,4.1636347e-05
0,0,5.729259e-06
0,0,0.000111221765
0,0,2.4638879e-05
0,0,8.5347725e-05
0,0,3.90603e-05
0,0,5.0081217e-05
0,0,0.000333534
0,0,0.0015036373
0,0,0.000103936734
0,0,0.00029272772
0,0,8.721452e-05
0,0,4.161888e-05
0,0,2.3345123e-05
0,0,6.4888777e-06
0,0,3.3767705e-05
0,0,0.0005082791
0,0,3.0587256e-05
0,0,0.00063721766
0,0,0.00066981534
0,0,4.181808e-05
0,0,5.397056e-05
0,0,2.8973815e-05
0,0,8.3640116e-05
0,0,1.1643107e-05
0,0,2.5224224e-06
0,0,0.00042143647
0,0,6.060301e-05
0,0,0.0003033396
0,0,1.50467295e-05
0,0,2.7482856e-05
0,0,3.9984225e-05
0,0,2.6751648e-05
0,0,6.789425e-05
0,0,0.00028878232
0,0,4.4784563e-05
0,0,4.0478913e-05
0,0,7.572336e-06
0,0,2.2277784e-06
0,0,1.4021191e-05
0,0,8.220268e-05
0,0,0.00012898633
0,0,7.4355514e-05
0,0,2.4012676e-05
0,0,4.932217e-05
0,0,1.1045189e-05
0,0,2.625101e-06
0,0,6.6431485e-06
0,0,2.0187144e-06
0,0,2.0470156e-05
0,0,3.6745464e-06
0,0,4.731584e-05
0,0,1.082081e-05
0,0,8.2517145e-05
0,0,1.62839e-06
0,0,7.369043e-06
0,0,0.00012462377
0,0,3.1720498e-05
0,0,0.00010977907
0,0,0.0015078218
0,0,6.689379e-06
0,0,1.02709455e-05
0,0,1.1077445e-06
0,0,0.0005854066
0,0,3.896781e-05
0,0,0.00022673186
0,0,1.5070655e-05
0,0,8.240817e-06
0,0,0.005145117
0,0,7.076238e-05
0,0,2.37165e-05
0,0,8.412509e-06
0,0,0.0028834862
0,0,3.546333e-05
0,0,0.0002997069
0,0,0.00034867754
0,0,0.00028636467
0,0,0.00028047638
0,0,5.5232984e-05
0,0,2.7748712e-05
0,0,1.2138299e-05
0,0,2.8590128e-05
0,0,2.0716601e-05
0,0,0.000105915366
0,0,3.1055148e-05
0,0,0.00014977183
0,0,2.4843534e-06
0,0,6.2877375e-06
0,0,0.0006603317
0,0,1.1810002e-05
0,0,1.15212115e-05
0,0,7.448133e-05
0,0,3.1068445e-05
0,0,1.1765172e-05
0,0,0.000101155594
0,0,3.530147e-05
0,0,2.1018184e-05
0,0,2.633219e-05
0,0,3.625727e-05
0,0,1.6621356e-05
0,0,7.536404e-05
0,0,6.390777e-05
0,0,0.00020738678
0,0,1.6386142e-05
0,0,1.7346161e-05
0,0,5.25518e-06
0,0,8.9625055e-06
0,0,2.3528971e-06
0,0,9.448168e-06
0,0,0.00042658747
0,0,7.3993306e-06
0,0,9.36061e-05
0,0,0.00016055409
0,0,1.9429834e-05
0,0,0.00044841607
0,0,2.6297761e-05
0,0,9.170144e-05
0,0,5.9602942e-05
0,0,0.0002766908
0,0,6.0972965e-05
0,0,3.6505717e-05
0,0,0.00022520217
0,0,1.5111138e-05
0,0,0.00070541096
0,0,1.4002936e-05
0,0,9.5498566e-05
0,0,2.4273399e-05
0,0,0.0005088307
0,0,4.0646755e-05
0,0,1.3710351e-05
0,0,3.1799e-05
0,0,8.1544e-06
0,0,4.4627846e-05
0,0,0.0006406759
0,0,0.00012967769
0,0,3.4888744e-05
0,0,6.1533014e-05
0,0,1.1326498e-05
0,0,3.5545676e-05
0,0,9.162766e-06
0,0,0.0004087782
0,0,4.7233425e-05
0,0,6.675509e-05
0,0,0.00015664159
0,0,9.668774e-06
0,0,0.0014327392
0,0,3.450739e-05
0,0,0.00016266752
0,0,0.00021503509
0,0,2.7457341e-05
0,0,0.00015115734
0,0,6.347127e-05
0,0,8.631013e-05
0,0,3.2507436e-05
0,0,4.723451e-06
0,0,0.00086474256
0,0,4.423128e-06
0,0,0.00010109831
0,0,1.27747e-05
0,0,2.600401e-06
0,0,1.3270449e-05
0,0,9.983209e-06
0,0,0.00061727886
0,0,4.6301346e-05
0,0,2.754131e-05
0,0,4.526977e-05
0,0,0.000116409276
0,0,2.3067034e-05
0,0,4.254851e-05
0,0,3.2634507e-05
0,0,0.00010812264
0,0,1.3861859e-05
0,0,6.2642655e-05
0,0,0.00012226013
0,0,5.175778e-05
0,0,0.00011422461
0,0,6.3393294e-05
0,0,9.600506e-06
0,0,6.4067513e-06
0,0,0.00014112981
0,0,9.088694e-05
0,0,6.08196e-05
0,0,2.3345878e-05
0,0,0.00015547096
0,0,5.0082792e-05
0,0,0.0076783337
0,0,1.726065e-05
0,0,0.00031152007
0,0,3.6159134e-05
0,0,2.1330769e-05
0,0,0.0004907086
0,0,1.8278808e-05
0,0,9.635945e-05
0,0,0.0011845818
0,0,4.933257e-06
0,0,6.542856e-05
0,0,4.52274e-05
0,0,2.192259e-05
0,0,9.3889306e-05
0,0,2.4819454e-05
0,0,9.850163e-05
0,0,5.503626e-06
0,0,3.005978e-05
0,0,0.00033211443
0,0,4.8001053e-05
0,0,1.7539369e-05
0,0,1.30058015e-05
0,0,1.0971187e-05
0,0,0.0005243369
0,0,2.0316727e-05
0,0,1.0999421e-05
0,0,1.8058243e-05
0,0,0.00012826844
0,0,0.000117048854
0,0,1.2114441e-05
0,0,1.2904455e-05
0,0,0.0004921026
0,0,7.284267e-05
0,0,5.081244e-05
0,0,6.437147e-06
0,0,1.3872743e-05
0,0,2.25086e-05
0,0,4.3574633e-05
0,0,8.445166e-05
0,0,8.7912485e-05
0,0,2.1273561e-05
0,0,4.290311e-05
0,0,3.8113427e-05
0,0,1.01952355e-05
0,0,0.00031141288
0,0,9.627431e-05
0,0,0.0013042961
0,0,0.00010384501
0,0,0.00011001359
0,0,6.7400183e-06
0,0,0.00010447283
0,0,9.599324e-05
0,0,7.1074006e-05
0,0,0.00015605333
0,0,4.136949e-06
0,0,5.350209e-05
0,0,0.0001395638
0,0,0.00047468368
0,0,5.9336006e-05
0,0,4.0245046e-05
0,0,1.0381276e-05
0,0,5.450153e-05
0,0,2.7748289e-05
0,0,0.00022043183
0,0,3.9955143e-05
0,0,5.002165e-05
0,0,1.5984291e-05
0,0,0.00017458711
0,0,5.3785698e-05
0,0,1.8229784e-05
0,0,0.00021480271
0,0,0.004480576
0,0,6.837408e-05
0,0,0.00016720765
0,0,0.00014818467
0,0,0.00012629225
0,0,4.4440727e-05
0,0,7.7571285e-06
0,0,7.170612e-06
0,0,1.8528586e-05
0,0,1.2018321e-05
0,0,2.5504707e-05
0,0,0.00020904826
0,0,6.658191e-05
0,0,7.687879e-05
0,0,6.1180486e-05
0,0,5.023983e-06
0,0,0.00014099706
0,0,1.6405327e-05
0,0,0.00011339862
0,0,3.312452e-05
0,0,0.0006659425
0,0,0.00012071305
0,0,6.689229e-05
0,0,3.8326685e-05
0,0,1.3440289e-05
0,0,2.8235152e-05
0,0,4.3303713e-05
0,0,0.00019954923
0,0,0.00013719036
0,0,1.4804487e-05
0,0,4.3800443e-05
0,0,0.00042415434
0,0,2.4288402e-05
0,0,7.1530653e-06
0,0,0.00048010793
0,0,2.049033e-05
0,0,5.621428e-05
0,0,5.3754884e-05
0,0,0.00049730873
0,0,2.3014167e-05
0,0,4.016715e-06
0,0,1.8185283e-05
0,0,4.594012e-05
0,0,0.00011544654
0,0,7.500379e-06
0,0,1.5909469e-05
0,0,0.0022700054
0,0,6.5880726e-05
0,0,2.0025074e-05
0,0,8.193464e-05
0,0,0.00092106935
0,0,0.0007646275
0,0,0.0010732117
0,0,2.96409e-05
0,0,9.3569506e-05
0,0,8.376567e-05
0,0,2.752653e-05
0,0,3.363927e-05
0,0,3.9826067e-05
0,0,5.5096258e-05
0,0,1.3902052e-05
0,0,1.8181416e-05
0,0,5.661556e-05
0,0,4.336169e-05
0,0,3.0741365e-05
0,0,4.1037798e-05
0,0,1.0726548e-06
0,0,3.534007e-05
0,0,0.00046321427
0,0,1.8141009e-05
0,0,4.0042534e-05
0,0,3.2590622e-05
0,0,1.2588974e-05
0,0,5.9925635e-05
0,0,3.486245e-06
0,0,7.167597e-06
0,0,1.1996221e-05
0,0,2.372333e-05
0,0,0.000100288395
0,0,0.00012640694
0,0,4.2318217e-05
0,0,6.545329e-06
0,0,8.604065e-06
0,0,6.875297e-05
0,0,3.202191e-05
0,0,1.2626727e-05
0,0,7.5291064e-05
0,0,7.090889e-05
0,0,3.344071e-05
0,0,0.0007977282
0,0,7.135775e-05
0,0,3.0527255e-05
0,0,0.00037571805
0,0,9.763183e-06
0,0,2.8230146e-05
0,0,0.00017360107
0,0,3.3049924e-05
0,0,1.329273e-05
0,0,0.00015338065
0,0,4.205471e-05
0,0,2.2208855e-05
0,0,6.5061104e-05
0,0,6.416596e-06
0,0,2.8574592e-05
0,0,2.316964e-05
0,0,5.6709205e-06
0,0,0.0017512377
0,0,0.0002805649
0,0,0.009914245
0,0,7.00883e-06
0,0,2.6756137e-05
0,0,9.352569e-06
0,0,3.6077196e-05
0,0,8.1617174e-05
0,0,1.1001698e-05
0,0,1.932916e-06
0,0,1.1207767e-05
0,0,1.4160068e-05
0,0,3.9907925e-05
0,0,3.13622e-05
0,0,9.381843e-06
0,0,8.688323e-05
0,0,1.7923441e-05
0,0,0.0002891956
0,0,0.0004491482
0,0,1.2361399e-05
0,0,2.2310323e-05
0,0,5.893275e-05
0,0,8.3319e-06
0,0,0.00060500513
0,0,1.399546e-05
0,0,0.0004898284
0,0,4.4995697e-05
0,0,4.616154e-06
0,0,2.7349286e-06
0,0,4.1844087e-05
0,0,0.02870533
0,0,6.520309e-06
0,0,0.00034251917
0,0,8.254303e-05
0,0,1.6046837e-05
0,0,8.93276e-06
0,0,2.4347446e-05
0,0,1.09323355e-05
0,0,1.0219172e-05
0,0,1.006238e-05
0,0,0.0002068092
0,0,0.00026258634
0,0,1.2825322e-05
0,0,3.0513664e-05
0,0,7.651602e-05
0,0,3.2877786e-05
0,0,0.00056992203
0,0,9.452341e-06
0,0,1.0226855e-05
0,0,1.8246135e-05
0,0,7.1911745e-05
0,0,5.7509984e-05
0,0,0.00050630496
0,0,5.7029456e-06
0,0,3.3127574e-06
0,0,3.17704e-06
0,0,2.3813204e-06
0,0,0.0002848146
0,0,3.237947e-05
0,0,1.31128945e-05
0,0,6.549575e-06
0,0,7.210759e-05
0,0,0.001244797
0,0,0.00038208734
0,0,4.3625805e-06
0,0,0.00025500666
0,0,2.5330025e-06
0,0,5.0533275e-05
0,0,0.00014422122
0,0,3.1878462e-05
0,0,5.7307943e-06
0,0,7.110896e-06
0,0,0.00023222051
0,0,5.8611763e-06
0,0,0.000114070164
0,0,2.7669385e-05
0,0,9.877532e-06
0,0,1.9899924e-05
0,0,0.00011881935
0,0,0.00024404938
0,0,0.00018107022
0,0,2.393896e-05
0,0,0.000195401
0,0,3.349391e-05
0,0,0.00014227506
0,0,5.1749732e-05
0,0,6.963193e-06
0,0,6.62338e-05
0,0,0.002224154
0,0,4.5658417e-05
0,0,1.11348745e-05
0,0,6.334967e-05
0,0,5.969531e-06
0,0,0.0007149101
0,0,0.00064458774
0,0,1.0521753e-05
0,0,3.9343337e-05
0,0,1.0976598e-05
0,0,5.1971143e-05
0,0,1.6854594e-05
0,0,3.071482e-05
0,0,1.2228378e-05
0,0,2.550534e-05
0,0,2.3664019e-05
0,0,6.8668533e-06
0,0,7.972953e-06
0,0,6.046952e-06
0,0,0.00014602748
0,0,0.00010606252
0,0,4.4220895e-05
0,0,3.0735973e-05
0,0,0.002258391
0,0,7.229066e-05
0,0,2.0000074e-05
0,0,2.6221156e-05
0,0,0.00016204473
0,0,1.3692646e-05
0,0,3.5901845e-05
0,0,7.631152e-06
0,0,0.00015543954
0,0,2.6136202e-06
0,0,2.4337882e-05
0,0,2.2969789e-05
0,0,2.2485216e-05
0,0,5.3673853e-06
0,0,6.508089e-06
0,0,3.434223e-05
0,0,9.451875e-05
0,0,5.394211e-05
0,0,4.9099213e-05
0,0,2.2584582e-06
0,0,1.2112315e-05
0,0,0.0008164024
0,0,6.584549e-05
0,0,5.1342085e-06
0,0,6.47386e-05
0,0,6.1629535e-06
0,0,4.8134076e-05
0,0,0.0005861843
0,0,7.488414e-05
0,0,0.00018909526
0,0,9.6236305e-05
0,0,5.0751873e-06
0,0,0.00026569777
0,0,4.4240507e-05
0,0,7.89414e-05
0,0,0.0015100432
0,0,3.8622816e-06
0,0,4.3857242e-05
0,0,3.683777e-05
0,0,9.440414e-06
0,0,0.00855118
0,0,1.424866e-05
0,0,1.7778586e-05
0,0,8.892793e-06
0,0,1.0881513e-05
0,0,3.6487756e-05
0,0,6.577351e-05
0,0,0.000285638
0,0,3.3671236e-05
0,0,0.00050002715
0,0,0.00014802875
0,0,2.8417113e-05
0,0,3.447818e-05
0,0,3.7045727e-05
0,0,1.0339276e-05
0,0,4.564997e-05
0,0,5.9171856e-05
0,0,5.943522e-05
0,0,6.2381674e-05
0,0,0.00030959025
0,0,0.0006707407
0,0,2.5742027e-05
0,0,9.360253e-05
0,0,2.580598e-05
0,0,9.543821e-05
0,0,1.6077809e-05
0,0,1.2403072e-05
0,0,9.0013215e-05
0,0,0.00011899271
0,0,0.00011497919
0,0,1.246604e-05
0,0,9.5302385e-06
0,0,2.1976237e-05
0,0,0.0002627782
0,0,0.00014151279
0,0,3.5406796e-05
0,0,0.00012805239
0,0,1.152076e-05
0,0,4.1549074e-06
0,0,0.0018190806
0,0,6.5059608e-06
0,0,6.665153e-05
0,0,7.2370465e-05
0,0,0.0001535173
0,0,3.2206368e-05
0,0,1.2989898e-05
0,0,0.00015631289
0,0,0.00017585806
0,0,2.9036828e-05
0,0,2.7275179e-05
0,0,7.1882355e-06
0,0,6.799935e-05
0,0,0.00012806764
0,0,1.2773592e-05
0,0,0.00023790346
0,0,2.1212118e-05
0,0,0.00017397375
0,0,0.00049076875
0,0,5.514888e-05
0,0,9.018909e-05
0,0,2.0237792e-05
0,0,3.4693923e-05
0,0,8.430989e-05
0,0,2.8533392e-05
0,0,4.262474e-05
0,0,6.882979e-05
0,0,0.00015679252
0,0,0.003330807
0,0,1.0944279e-05
0,0,1.0745351e-05
0,0,0.00017857905
0,0,1.237127e-05
0,0,3.6581372e-05
0,0,0.0003532656
0,0,0.0001222922
0,0,7.5057164e-06
0,0,0.00013654616
0,0,6.949559e-05
0,0,0.011448466
0,0,5.5394026e-05
0,0,0.0004179004
0,0,2.431974e-05
0,0,7.660327e-05
0,0,0.00013027557
0,0,0.00018206204
0,0,4.6693363e-05
0,0,7.177924e-05
0,0,0.00025967913
0,0,6.0856844e-05
0,0,3.346154e-05
0,0,1.7534301e-06
0,0,0.0004613857
0,0,0.00029692228
0,0,6.7632354e-05
0,0,1.9386856e-05
0,0,2.736389e-05
0,0,0.000118488744
0,0,1.9731831e-05
0,0,4.966461e-06
0,0,1.3417493e-05
0,0,3.9436607e-05
0,0,7.49759e-06
0,0,3.80897e-05
0,0,1.399514e-05
0,0,3.2015407e-05
0,0,1.3912621e-05
0,0,2.5259049e-05
0,0,6.7918925e-05
0,0,4.3362394e-05
0,0,5.8618145e-05
0,0,1.065428e-05
0,0,3.211426e-06
0,0,1.3665642e-05
0,0,0.0014503801
0,0,1.0435274e-05
0,0,3.8377595e-05
0,0,7.5082085e-06
0,0,1.289732e-05
0,0,3.544176e-05
0,0,8.839862e-06
0,0,1.098814e-05
0,0,3.596603e-05
0,0,8.82896e-06
0,0,7.360826e-05
0,0,1.247578e-05
0,0,0.0002594725
0,0,0.0005730352
0,0,0.01564663
0,0,0.00013493923
0,0,2.0959898e-05
0,0,5.7372654e-05
0,0,7.338517e-05
0,0,5.6942395e-06
0,0,6.887319e-05
0,0,1.4330409e-05
0,0,1.114095e-05
0,0,1.5738048e-06
0,0,1.114384e-05
0,0,1.3253135e-05
0,0,2.1258676e-05
0,0,2.3721768e-06
0,0,1.190088e-05
0,0,4.5235342e-06
0,0,1.1515302e-05
0,0,0.0003957583
0,0,1.8797853e-05
0,0,1.1933772e-05
0,0,3.837357e-05
0,0,7.12427e-05
0,0,3.5624438e-05
0,0,0.00011707319
0,0,4.250402e-05
0,0,2.96571e-05
0,0,6.7002775e-06
0,0,0.0016714034
0,0,5.1009352e-05
0,0,2.980175e-05
0,0,7.258763e-05
0,0,0.0009955761
0,0,2.2049018e-05
0,0,1.6405827e-05
0,0,1.3963758e-05
0,0,0.00022855875
0,0,6.333639e-06
0,0,1.1941637e-05
0,0,7.736635e-06
0,0,0.009070835
0,0,8.091507e-05
0,0,5.0912695e-05
0,0,3.342875e-06
0,0,8.055246e-05
0,0,5.6024033e-05
0,0,7.3606916e-06
0,0,0.00020129187
0,0,3.0376508e-05
0,0,2.5065163e-05
0,0,4.418641e-05
0,0,4.110889e-05
0,0,7.358882e-05
0,0,0.00016943063
0,0,0.00031752788
0,0,5.7197e-06
0,0,0.000116922914
0,0,0.0004969619
0,0,2.4043266e-05
0,0,1.4711583e-05
0,0,4.5152545e-05
0,0,3.134949e-06
0,0,2.1107931e-05
0,0,0.000490885
0,0,1.6872413e-05
0,0,0.000100816236
0,0,0.0005301794
0,0,1.7978375e-05
0,0,2.95882e-05
0,0,0.00012411702
0,0,6.1295e-05
0,0,7.249638e-06
0,0,2.6893435e-05
0,0,6.8501344e-05
0,0,5.903744e-06
0,0,8.3970095e-05
0,0,1.9369669e-05
0,0,4.4549115e-06
0,0,4.3885106e-05
0,0,0.0012064432
0,0,0.0018264767
0,0,9.977022e-06
0,0,9.676476e-06
0,0,2.8604268e-06
0,0,7.3547075e-05
0,0,1.788086e-05
0,0,0.00034334126
0,0,0.0004616149
0,0,7.123487e-06
0,0,1.1096553e-05
0,0,4.029774e-05
0,0,0.00025891128
0,0,8.1277074e-05
0,0,6.455926e-05
0,0,3.439418e-05
0,0,0.0008760255
0,0,6.0827315e-05
0,0,1.4368588e-05
0,0,9.8000484e-05
0,0,0.00025047985
0,0,3.02257e-05
0,0,0.0001640867
0,0,9.480843e-05
0,0,1.50729975e-05
0,0,2.9029517e-05
0,0,1.7614599e-05
0,0,0.00056934136
0,0,6.0388524e-05
0,0,3.577113e-05
0,0,4.5929955e-05
0,0,2.3387127e-05
0,0,3.0973573e-05
0,0,9.4673094e-05
0,0,0.00043991607
0,0,1.1806997e-05
0,0,1.6517382e-05
0,0,6.833497e-05
0,0,8.71987e-06
0,0,0.00012267177
0,0,2.0325604e-05
0,0,6.8633686e-05
0,0,0.0010189124
0,0,1.5110043e-05
0,0,1.2223529e-05
0,0,3.125194e-05
0,0,2.9906234e-05
0,0,6.1011765e-06
0,0,7.869515e-06
0,0,1.2234829e-05
0,0,0.00035296753
0,0,3.4893135e-05
0,0,1.9190438e-05
0,0,0.00011329119
0,0,9.5927635e-06
0,0,7.4546915e-05
0,0,0.00031522228
0,0,5.7440102e-05
0,0,0.0001975729
0,0,9.937546e-05
0,0,0.00024844392
0,0,6.1670944e-05
0,0,2.2260529e-05
0,0,1.4982096e-05
0,0,1.1864097e-05
0,0,2.0513304e-05
0,0,0.0005682974
0,0,0.00011299525
0,0,0.00018598797
0,0,1.4413853e-05
0,0,1.0560264e-05
0,0,3.492734e-06
0,0,7.047987e-05
0,0,1.48366125e-05
0,0,1.1875134e-05
0,0,0.0018306107
0,0,3.927509e-06
0,0,0.0072143907
0,0,1.09327e-05
0,0,6.716285e-05
0,0,4.5100173e-06
0,0,0.0003459388
0,0,9.803759e-05
0,0,0.00017912546
0,0,3.6875343e-05
0,0,0.00012646952
0,0,1.0014352e-05
0,0,6.58551e-05
0,0,2.0808197e-06
0,0,3.2713788e-06
0,0,0.00026348943
0,0,0.00041155488
0,0,3.204134e-05
0,0,9.823629e-06
0,0,6.0625475e-06
0,0,3.3667422e-06
0,0,0.000361344
0,0,2.271347e-05
0,0,2.8322096e-05
0,0,8.0424055e-05
0,0,0.00020890759
0,0,0.0001567275
0,0,1.3317663e-05
0,0,4.9640115e-05
0,0,1.4217385e-05
0,0,6.9669106e-05
0,0,0.0012826389
0,0,7.4278305e-06
0,0,2.6949865e-05
0,0,3.6105965e-05
0,0,0.00091434876
0,0,0.00040619055
0,0,2.4973851e-05
0,0,7.495615e-05
0,0,1.8949095e-05
0,0,5.0327923e-05
0,0,4.1521544e-06
0,0,3.1719844e-06
0,0,1.2846622e-05
0,0,3.087204e-05
0,0,2.9038072e-05
0,0,2.4638879e-05
0,0,4.4792923e-06
0,0,4.617682e-05
0,0,1.96634e-05
0,0,0.00052506535
0,0,8.5718915e-05
0,0,0.00018224266
0,0,4.747774e-05
0,0,3.4261237e-05
0,0,1.81565e-05
0,0,5.473988e-05
0,0,0.00074899197
0,0,0.0018929843
0,0,0.00019615496
0,0,7.7667e-06
0,0,1.0009473e-05
0,0,0.00026864005
0,0,7.0534875e-06
0,0,4.3907963e-05
0,0,0.00020810362
0,0,5.621876e-06
0,0,9.434771e-06
0,0,9.820339e-05
0,0,1.0839731e-05
0,0,0.0006320363
0,0,1.1871623e-05
0,0,0.00016331857
0,0,1.817157e-05
0,0,9.621007e-05
0,0,8.9750174e-05
0,0,2.8892973e-05
0,0,1.474784e-05
0,0,0.00013299513
0,0,7.2085354e-06
0,0,0.00022306069
0,0,7.059247e-05
0,0,8.556367e-05
0,0,6.399284e-05
0,0,1.1369548e-05
0,0,2.3608118e-05
0,0,0.002699169
0,0,4.0251243e-06
0,0,1.9036133e-06
0,0,4.1430467e-05
0,0,2.013578e-05
0,0,5.3884955e-06
0,0,1.3338813e-05
0,0,9.026602e-05
0,0,7.513201e-06
0,0,4.771076e-05
0,0,5.500738e-05
0,0,3.51778e-05
0,0,6.652652e-06
0,0,1.2423374e-05
0,0,1.1604897e-05
0,0,0.00010568504
0,0,0.0010186756
0,0,0.0004898333
0,0,6.4844235e-06
0,0,0.00021570722
0,0,0.0008665183
0,0,3.8435577e-05
0,0,1.936555e-05
0,0,3.9780636e-05
0,0,0.0003852713
0,0,7.729662e-05
0,0,6.5817026e-06
0,0,5.3810785e-05
0,0,1.0342234e-05
0,0,7.664287e-05
0,0,0.0012752898
0,0,0.0011183108
0,0,9.605743e-05
0,0,9.564144e-06
0,0,0.00065074116
0,0,1.4319522e-05
0,0,3.6225367e-05
0,0,0.00011073043
0,0,7.05679e-05
0,0,4.353584e-05
0,0,3.7190006e-05
0,0,9.0323765e-06
0,0,4.72715e-05
0,0,0.00046012033
0,0,7.778279e-05
0,0,2.2707602e-05
0,0,1.2843425e-05
0,0,0.00010828081
0,0,2.7704926e-05
0,0,9.609792e-05
0,0,0.00043880515
0,0,1.5698695e-05
0,0,2.3902117e-05
0,0,1.315405e-05
0,0,1.9478739e-05
0,0,2.4403992e-06
0,0,4.0569925e-05
0,0,1.9272842e-05
0,0,3.5542453e-05
0,0,2.5627774e-06
0,0,3.1530803e-06
0,0,5.0324277e-05
0,0,9.9076366e-05
0,0,9.83282e-05
0,0,9.7897835e-05
0,0,2.4836381e-06
0,0,0.00010935946
0,0,2.5837722e-05
0,0,7.85356e-06
0,0,0.00018623269
0,0,7.385716e-05
0,0,9.907683e-05
0,0,7.421263e-05
0,0,3.670123e-05
0,0,1.571129e-05
0,0,6.3736484e-06
0,0,6.399284e-05
0,0,1.1088862e-05
0,0,2.1752778e-05
0,0,8.834806e-05
0,0,9.27661e-05
0,0,0.0029605099
0,0,5.7499507e-05
0,0,0.00025915971
0,0,7.8893536e-05
0,0,0.00020782204
0,0,3.8648905e-05
1,0,0.009496512
0,0,0.000145462
0,0,0.00012414163
0,0,0.00070027483
0,0,0.00017308752
0,0,1.1985016e-05
0,0,1.8687837e-05
0,0,0.00011659024
0,0,2.862311e-05
0,0,1.1986043e-05
0,0,0.00010231078
0,0,2.4173762e-05
0,0,2.320524e-05
0,0,6.259835e-05
0,0,1.6085278e-05
0,0,1.4319522e-05
0,0,9.325547e-06
0,0,0.0009894831
0,0,3.9871138e-05
0,0,4.2053027e-05
0,0,6.670794e-05
0,0,1.3695258e-05
0,0,1.0783981e-05
0,0,3.041387e-05
0,0,3.0896044e-05
0,0,9.799899e-05
0,0,6.6330895e-06
0,0,7.5094113e-06
0,0,1.9295463e-05
0,0,1.8556137e-05
0,0,3.6883925e-05
0,0,0.00010450351
0,0,0.00010501277
0,0,4.2824548e-05
0,0,8.553381e-05
0,0,1.2002698e-05
0,0,7.681269e-05
0,0,9.970863e-05
0,0,8.0966405e-05
0,0,0.00017639344
0,0,1.2185876e-05
0,0,2.058428e-06
0,0,0.009717906
0,0,0.0001567287
0,0,2.829046e-05
0,0,8.549435e-05
0,0,3.0854677e-05
0,0,6.514697e-05
0,0,7.7949706e-05
0,0,1.5139626e-05
0,0,5.8339956e-06
0,0,0.00013825423
0,0,4.151451e-05
0,0,1.979237e-06
0,0,1.1833155e-06
0,0,1.2148826e-05
0,0,1.2784792e-05
0,0,7.9972764e-05
0,0,3.3951274e-05
0,0,3.826168e-05
0,0,1.3461056e-05
0,0,1.1934249e-05
0,0,5.590246e-05
0,0,2.1232843e-05
0,0,3.3229277e-05
0,0,0.1420395
0,0,4.0311883e-05
0,0,7.577574e-06
0,0,1.4369164e-05
0,0,0.00010214652
0,0,2.4683024e-05
0,0,0.017376414
0,0,1.8803285e-05
0,0,4.13012e-05
0,0,2.0751342e-05
0,0,7.6448116e-05
0,0,0.00014060193
0,0,0.00025306395
0,0,1.8057777e-05
0,0,0.00072140084
0,0,2.6724849e-05
0,0,0.0008183648
0,0,1.3024954e-05
0,0,4.594528e-06
0,0,2.9360413e-05
0,0,4.2400725e-06
0,0,4.9605518e-05
0,0,5.20946e-05
0,0,0.00021498385
0,0,1.1738589e-05
0,0,5.7464156e-05
0,0,8.469817e-06
0,0,2.3324749e-06
0,0,3.6345434e-06
0,0,0.0001949209
0,0,2.1167278e-05
0,0,2.5675216e-05
0,0,8.50815e-06
0,0,4.7352536e-05
0,0,0.00054472784
0,0,5.643341e-06
0,0,2.405097e-05
0,0,0.00027621057
0,0,2.788602e-05
0,0,0.0008253566
0,0,0.00013382353
0,0,3.9960174e-05
0,0,1.5923146e-05
0,0,6.2095365e-05
0,0,4.707815e-05
0,0,4.813536e-05
0,0,0.00018258496
0,0,5.686577e-06
0,0,2.1297677e-05
0,0,0.00049117964
0,0,1.7588614e-05
0,0,2.8525857e-05
0,0,3.638091e-06
0,0,1.5833728e-05
0,0,0.0023362236
0,0,6.988703e-05
0,0,8.218842e-05
0,0,5.2601386e-05
0,0,1.2101024e-05
0,0,4.015216e-05
0,0,8.020426e-06
0,0,5.5022017e-05
0,0,0.00016190758
0,0,0.0001282967
0,0,0.00111751
0,0,2.1237338e-05
0,0,1.9152318e-05
0,0,2.4456773e-05
0,0,3.3292334e-05
0,0,3.9257907e-06
0,0,3.3091936e-05
0,0,1.1097971e-05
0,0,6.1318824e-06
0,0,0.00014358043
0,0,4.0967883e-05
0,0,2.0791891e-05
0,0,8.969312e-06
0,0,0.00026587516
0,0,0.00039370076
0,0,6.108774e-06
0,0,6.5403925e-05
0,0,1.5705418e-05
0,0,9.481511e-06
0,0,2.6423682e-05
0,0,0.00030652233
0,0,1.1024247e-05
0,0,0.00047562123
0,0,6.4427644e-05
0,0,7.659392e-05
0,0,5.137794e-05
0,0,1.566164e-05
0,0,8.270791e-06
0,0,0.00012808095
0,0,8.954578e-05
0,0,2.1750371e-05
0,0,0.0006043729
0,0,0.00035221103
0,0,9.356984e-06
0,0,0.0001067185
0,0,0.0001856701
0,0,0.000108478096
0,0,7.1148264e-05
0,0,5.100556e-05
0,0,1.2451983e-05
0,0,0.0009709006
0,0,7.0988017e-06
0,0,8.964779e-06
0,0,0.00021108946
0,0,1.9881392e-05
0,0,0.001242105
0,0,0.00076128234
0,0,0.002389277
0,0,4.8940557e-05
0,0,0.00010885673
0,0,3.3338336e-05
0,0,0.00015028054
0,0,0.00020776459
0,0,9.627431e-05
0,0,0.00017551966
0,0,7.732825e-05
0,0,3.709513e-06
0,0,0.00025169333
0,0,2.9590796e-05
0,0,6.6376265e-06
0,0,9.977461e-06
0,0,5.7704124e-06
0,0,2.2937851e-05
0,0,3.3870037e-05
0,0,2.7903257e-05
0,0,3.9236027e-05
0,0,0.000107673324
0,0,1.8730443e-05
0,0,0.00040496938
0,0,5.9811395e-05
0,0,8.060837e-06
0,0,7.827284e-05
0,0,5.187026e-06
0,0,0.00033461687
0,0,3.593526e-06
0,0,8.3596664e-05
0,0,0.00041980273
0,0,0.00012559415
0,0,2.203899e-05
0,0,3.2064814e-05
0,0,1.3701961e-05
0,0,0.00027867878
0,0,0.00021371405
0,0,3.9831462e-05
0,0,0.00015594592
0,0,0.00013033545
0,0,1.7513928e-05
0,0,1.822311e-05
0,0,6.137502e-05
0,0,1.2225266e-05
0,0,3.901622e-05
0,0,1.0022654e-05
0,0,1.5894327e-06
0,0,5.328914e-06
0,0,4.2717602e-05
0,0,3.7613016e-05
0,0,1.5341198e-05
0,0,2.6978689e-05
0,0,9.746744e-06
0,0,3.1013504e-05
0,0,1.2927588e-05
0,0,5.4490865e-06
0,0,0.00031806505
0,0,9.957479e-06
0,0,9.323821e-06
0,0,0.0012299458
0,0,6.6465625e-05
0,0,3.0659186e-05
0,0,2.3199509e-05
0,0,0.00056378817
0,0,3.922836e-05
0,0,8.499158e-05
0,0,7.1457425e-06
0,0,1.8929679e-05
0,0,9.529347e-06
0,0,4.279266e-06
0,0,2.5044783e-05
0,0,8.2608e-05
0,0,5.9532713e-06
0,0,4.4741322e-05
0,0,3.0832263e-05
0,0,4.1185132e-05
0,0,0.00021095526
0,0,2.9715588e-05
0,0,1.1271693e-05
0,0,1.1892167e-05
0,0,3.3715933e-05
0,0,2.444565e-05
0,0,1.8587272e-05
0,0,0.00028862708
0,0,8.371405e-06
0,0,2.2206377e-05
0,0,4.653233e-06
0,0,7.0914444e-05
0,0,2.111941e-05
0,0,0.00011274307
0,0,3.838382e-05
0,0,7.843935e-06
0,0,2.0137624e-05
0,0,0.0005218123
0,0,5.5098993e-05
0,0,0.00029528097
0,0,3.72776e-05
0,0,3.321689e-05
0,0,1.97137e-05
0,0,2.8212276e-05
0,0,4.670256e-06
0,0,5.0473842e-05
0,0,1.7033146e-05
0,0,4.3978784e-05
0,0,0.00013531819
0,0,1.634737e-05
0,0,0.00011092868
0,0,3.6256602e-06
0,0,0.00026717162
0,0,3.3353666e-05
0,0,5.1477597e-05
0,0,1.0184206e-05
0,0,0.00010337116
0,0,0.0001037036
0,0,0.00030192756
0,0,0.0005755564
0,0,2.0972733e-05
0,0,3.8960563e-05
0,0,7.920707e-06
0,0,2.96055e-05
0,0,9.069275e-05
0,0,0.0002974552
0,0,3.1276835e-05
0,0,4.4896642e-05
0,0,0.00010720021
0,0,9.547772e-05
0,0,1.2903964e-05
0,0,2.6464686e-05
0,0,5.6499226e-05
0,0,4.808563e-05
0,0,1.15212115e-05
0,0,1.2483301e-05
0,0,3.1108762e-06
0,0,9.0231675e-05
0,0,0.0003093439
0,0,0.000103239356
0,0,2.9965928e-05
0,0,3.246007e-05
0,0,1.230526e-05
0,0,1.5317692e-05
0,0,1.17947175e-05
0,0,2.1024138e-05
0,0,3.0653395e-05
0,0,1.1454022e-05
0,0,3.511367e-06
0,0,0.009927909
0,0,2.7066875e-05
0,0,2.5205365e-05
0,0,2.8886716e-05
0,0,7.436289e-07
0,0,5.2167416e-06
0,0,2.97951e-05
0,0,9.610463e-06
0,0,1.2974348e-05
0,0,0.00017765583
0,0,1.71724e-05
0,0,9.5999385e-06
0,0,0.00015834243
0,0,1.51429185e-05
0,0,0.00014860676
0,0,0.00013083866
0,0,4.7726502e-05
0,0,1.22652145e-05
0,0,0.00010083826
0,0,0.00273119
0,0,4.512082e-05
0,0,4.0664313e-06
0,0,3.176109e-05
0,0,4.917263e-06
0,0,1.967364e-05
0,0,7.6905335e-06
0,0,0.00017969769
0,0,1.7868486e-05
0,0,4.4175167e-06
0,0,7.6835695e-06
0,0,5.557583e-05
0,0,0.0012973647
0,0,0.00016299434
0,0,1.1117473e-05
0,0,3.4020845e-06
0,0,4.1296706e-05
0,0,7.01994e-06
0,0,5.1786512e-05
0,0,4.1570886e-05
0,0,9.603335e-06
0,0,8.032396e-05
0,0,4.631163e-05
0,0,2.1129423e-05
0,0,0.0008041135
0,0,9.901251e-06
0,0,0.0022447673
0,0,4.4314834e-06
0,0,4.141222e-05
0,0,7.965159e-05
0,0,1.5453825e-05
0,0,0.00053566945
0,0,3.769852e-06
0,0,0.0008562808
0,0,8.133383e-05
0,0,2.9006937e-05
0,0,3.112506e-05
0,0,0.00011621474
0,0,1.2526508e-05
0,0,3.403082e-05
0,0,2.6238522e-06
0,0,6.600417e-05
0,0,4.7835405e-05
0,0,2.4257915e-05
0,0,1.7562583e-05
0,0,1.460246e-05
0,0,6.1737264e-05
0,0,1.8096964e-05
0,0,3.15592e-06
0,0,5.3230182e-05
0,0,3.749698e-05
0,0,2.1299607e-05
0,0,3.5705114e-05
0,0,4.4949076e-05
0,0,3.790902e-05
0,0,1.076181e-05
0,0,0.00014379129
0,0,1.2913984e-05
0,0,0.00012232776
0,0,3.309083e-05
0,0,2.941448e-06
0,0,4.6523488e-05
0,0,2.4819454e-05
0,0,1.1099675e-05
0,0,9.000034e-05
0,0,4.694191e-05
0,0,1.2762962e-05
0,0,2.4221878e-05
0,0,0.0022361076
0,0,2.1502328e-05
0,0,2.372405e-06
0,0,1.8143724e-05
0,0,3.391332e-05
0,0,8.31328e-06
0,0,9.455803e-06
0,0,0.0016064056
0,0,0.00018847999
0,0,0.00032710275
0,0,3.0578623e-05
0,0,1.2521802e-05
0,0,3.4246437e-05
0,0,0.00016457966
0,0,2.3274986e-05
0,0,4.911954e-05
0,0,7.5386656e-06
0,0,4.66358e-06
0,0,1.8651444e-05
0,0,2.373804e-05
0,0,2.5309202e-05
0,0,4.4567346e-06
0,0,1.9977178e-05
0,0,6.693574e-05
0,0,2.2834725e-05
0,0,7.2923867e-06
0,0,0.00012684935
0,0,6.2995555e-06
0,0,0.00016349214
0,0,1.0351371e-05
0,0,4.1479725e-05
0,0,2.7315582e-06
0,0,0.00018341413
0,0,6.0134982e-05
0,0,1.0402475e-05
0,0,0.00027240225
0,0,0.000637563
0,0,1.1621731e-05
0,0,0.00038520133
0,0,8.7872846e-05
0,0,7.379366e-05
0,0,2.946869e-05
0,0,1.9045367e-05
0,0,0.00037280328
0,0,1.6067126e-05
0,0,3.3308752e-05
0,0,1.30040535e-05
0,0,0.00036816718
0,0,7.320278e-06
0,0,1.461649e-05
1,1,0.9802524
0,0,0.000117875235
0,0,2.8117998e-05
0,0,1.42061235e-05
0,0,5.574664e-05
0,0,7.270263e-05
0,0,2.7098331e-05
0,0,1.9796784e-05
0,0,1.5157093e-05
0,0,7.446136e-06
0,0,4.537112e-05
0,0,3.5189062e-06
0,0,1.2557497e-05
0,0,2.6292419e-05
0,0,2.6434394e-05
0,0,5.0236336e-05
0,0,7.420367e-06
0,0,2.3539078e-05
0,0,0.00010697097
0,0,6.6556895e-05
0,0,0.003340928
0,0,0.00022451652
0,0,1.3163815e-05
0,0,0.0002953998
0,0,1.7007758e-05
0,0,9.19049e-06
0,0,1.3565415e-05
0,0,8.627532e-06
0,0,1.1233929e-05
0,0,2.3374127e-05
0,0,5.98973e-05
0,0,1.7710796e-05
0,0,5.2991476e-05
0,0,8.936858e-06
0,0,7.524756e-05
0,0,1.965204e-05
0,0,1.0039262e-05
0,0,2.9071074e-05
0,0,0.0002527517
0,0,8.578278e-05
0,0,5.0237442e-05
0,0,3.9907925e-05
0,0,0.00027258543
0,0,2.850827e-06
0,0,1.3956022e-05
0,0,4.4403954e-05
0,0,2.3521754e-05
0,0,0.00011038842
0,0,2.3620549e-05
0,0,0.00018091731
0,0,5.368045e-05
0,0,0.0002652523
0,0,3.0283287e-05
0,0,2.365562e-06
0,0,0.00013900094
0,0,3.0098618e-05
0,0,4.579477e-05
0,0,5.1575284e-05
0,0,7.10109e-06
0,0,3.839147e-05
0,0,4.894044e-06
0,0,0.0047230315
0,0,5.987919e-05
0,0,2.1241785e-06
0,0,1.3858344e-05
0,0,2.1369739e-05
0,0,7.868074e-06
0,0,9.652305e-05
0,0,9.276292e-06
0,0,4.1314015e-06
0,0,4.6159472e-05
0,0,1.3680887e-05
0,0,1.5277863e-05
0,0,8.234549e-06
0,0,4.890923e-06
0,0,1.0624095e-05
0,0,0.00087791984
0,0,9.705134e-05
0,0,2.079308e-05
0,0,0.00015862049
0,0,3.8208083e-05
0,0,1.862736e-05
0,0,5.123351e-05
0,0,1.1464163e-05
0,0,9.697715e-06
0,0,1.6042599e-05
0,0,0.00031983506
0,0,0.00040803323
0,0,2.1109825e-05
0,0,8.886661e-05
0,0,3.5548554e-05
0,0,1.0259393e-05
0,0,1.7364251e-05
0,0,3.3375047e-05
0,0,5.097257e-06
0,0,1.0905781e-05
0,0,3.986232e-05
0,0,3.1649157e-05
0,0,3.0973308e-05
0,0,9.762828e-06
0,0,0.0002276614
0,0,1.8021376e-05
0,0,1.9495557e-05
0,0,0.0003387948
0,0,0.00014162766
0,0,1.6615208e-05
0,0,2.567352e-06
0,0,0.00011278092
0,0,0.0005483457
0,0,0.005337653
0,0,9.066958e-05
0,0,2.3392546e-05
0,0,5.6938417e-05
0,0,5.789406e-05
0,0,0.0026701982
0,0,9.688794e-06
0,0,1.716601e-06
0,0,5.4804437e-05
0,0,5.0123203e-06
0,0,1.8442575e-05
0,0,1.8834404e-05
0,0,0.00010810222
0,0,7.13342e-05
0,0,0.00014095135
0,0,6.814697e-05
0,0,0.00054310873
0,0,5.3161395e-05
0,0,9.65138e-06
0,0,0.0013171486
0,0,8.41165e-06
0,0,9.531974e-06
0,0,0.0041409764
0,0,2.7429032e-06
0,0,0.00025092132
0,0,6.988439e-06
0,0,1.7281749e-05
0,0,0.00037121624
0,0,6.614965e-06
0,0,1.2981551e-05
0,0,4.46211e-06
0,0,1.3576054e-05
0,0,4.8023485e-05
0,0,0.00026900938
0,0,1.2715798e-05
0,0,3.49204e-05
0,0,0.0025179174
0,0,5.1093823e-05
0,0,8.166813e-06
0,0,1.5250308e-05
0,0,1.8231194e-05
0,0,0.000117631585
0,0,1.3498233e-05
0,0,3.1693476e-06
0,0,5.2666896e-06
0,0,2.5212e-05
0,0,3.1144e-05
0,0,0.000329228
0,0,0.00020187155
0,0,7.8361336e-05
0,0,1.8664647e-05
0,0,2.6067646e-05
0,0,3.439562e-05
0,0,1.0719344e-05
0,0,8.4142666e-05
0,0,3.158632e-05
0,0,8.328737e-05
0,0,0.000185479
0,0,6.5347376e-05
0,0,0.0009862727
0,0,1.3490125e-05
0,0,0.00021908205
0,0,0.00012976551
0,0,6.189766e-05
0,0,0.00013900956
0,0,0.0019788342
0,0,3.8557053e-05
0,0,5.107326e-05
0,0,6.432016e-05
0,0,6.48207e-05
0,0,0.00018181448
0,0,1.0763247e-05
0,0,0.00407614
0,0,2.80281e-05
0,0,6.786706e-05
0,0,0.0017139757
0,0,0.00039471182
0,0,2.897674e-06
0,0,0.00028021552
0,0,7.305916e-05
0,0,0.00025539767
0,0,3.857441e-06
0,0,1.8685823e-05
0,0,0.0003298966
0,0,2.6487056e-05
0,0,3.4345765e-05
0,0,0.0006906007
0,0,4.452805e-06
0,0,0.00033185678
0,0,0.0006721023
0,0,0.00020741326
0,0,1.0464573e-05
0,0,1.9574398e-05
0,0,7.863064e-06
0,0,5.129726e-05
0,0,1.1224132e-05
0,0,3.7629736e-05
0,0,4.0292953e-06
0,0,8.194275e-06
0,0,4.1994037e-05
0,0,5.682468e-06
0,0,0.00036054364
0,0,5.9717586e-05
0,0,2.1537568e-05
0,0,1.5054782e-05
0,0,0.0014154292
0,0,5.4509937e-06
0,0,1.1492482e-05
0,0,0.00016013715
0,0,2.7967812e-05
0,0,0.006399217
0,0,2.1344911e-05
0,0,0.0006669918
0,0,3.4972123e-05
0,0,2.3333994e-05
0,0,1.1208877e-05
0,0,1.8601121e-06
0,0,2.12859e-05
0,0,8.350115e-06
0,0,2.5865089e-05
0,0,5.9642178e-05
0,0,7.241451e-05
0,0,0.00019305665
0,0,2.5498884e-06
0,0,1.7428905e-05
0,0,9.346978e-06
0,0,5.401914e-06
0,0,4.036208e-05
0,0,4.0893607e-05
0,0,2.7406693e-05
0,0,0.00014446139
0,0,7.233541e-05
0,0,0.00032129866
0,0,0.0005785374
0,0,1.2403603e-05
0,0,4.962157e-06
0,0,4.0627572e-05
0,0,0.00014649707
0,0,5.3025624e-06
0,0,6.841804e-05
0,0,3.6032838e-05
0,0,0.0002673477
0,0,0.0007311734
0,0,2.2854289e-05
0,0,6.1990227e-06
0,0,6.688604e-05
0,0,0.00013814695
0,0,1.6565116e-05
0,0,5.7136353e-05
0,0,1.6103528e-05
0,0,2.757971e-05
0,0,6.9549365e-06
0,0,1.406088e-05
0,0,5.3105807e-05
0,0,2.1837332e-05
0,0,0.0007173472
0,0,0.0023928839
0,0,5.3223226e-05
0,0,4.819319e-05
0,0,2.8811499e-05
0,0,0.00029001234
0,0,9.497294e-06
0,0,3.920461e-05
0,0,0.00068055175
0,0,7.683797e-05
0,0,6.4776614e-06
0,0,9.665863e-05
0,0,0.0002352161
0,0,4.2317897e-05
0,0,2.8851588e-05
0,0,0.00035767342
0,0,1.381248e-05
0,0,0.00014879477
0,0,1.9366676e-05
0,0,6.116118e-05
0,0,1.7144599e-05
0,0,1.7012706e-05
0,0,3.0538213e-06
0,0,7.240511e-05
0,0,0.00054537907
0,0,0.0006438169
0,0,2.7101174e-05
0,0,3.7447237e-05
0,0,5.345726e-06
0,0,1.3417748e-05
0,0,9.712552e-06
0,0,1.4196223e-05
0,0,6.4697156e-06
0,0,0.000110364745
0,0,0.0002966758
0,0,0.0005594738
0,0,2.7049096e-05
0,0,0.0044508977
0,0,1.0134968e-05
0,0,2.2531538e-05
0,0,0.00030796995
0,0,0.00018546749
0,0,0.00025221848
0,0,7.785239e-06
0,0,7.773178e-05
0,0,0.0010294974
0,0,1.3084388e-05
0,0,8.6337295e-06
0,0,6.688259e-05
0,0,2.5986457e-05
0,0,1.855318e-05
0,0,1.6777616e-05
0,0,8.76468e-05
0,0,0.0018164684
0,0,0.0006692912
0,0,5.0654522e-05
0,0,3.7227084e-05
0,0,3.0747993e-05
0,0,0.00020668362
0,0,5.011399e-05
0,0,2.7757951e-05
0,0,5.6320416e-05
0,0,0.00035855506
0,0,0.000117067946
0,0,3.3801956e-05
0,0,3.0261865e-05
0,0,2.7379316e-05
0,0,1.7001208e-05
0,0,4.0351533e-05
0,0,3.2635566e-05
0,0,1.364426e-05
0,0,8.491565e-06
0,0,3.2427644e-05
0,0,1.7356653e-05
0,0,0.0011429737
0,0,9.114458e-06
0,0,0.00053442357
0,0,4.1260387e-06
0,0,5.567465e-06
0,0,4.274853e-05
0,0,2.0160298e-05
0,0,5.2810187e-06
0,0,6.409453e-05
0,0,3.4245875e-06
0,0,0.00038398762
0,0,3.371976e-05
0,0,9.807648e-05
0,0,1.4646978e-05
0,0,1.4245507e-05
0,0,2.697285e-05
0,0,0.00010336998
0,0,5.3738127e-05
0,0,3.9636172e-05
0,0,4.814142e-05
0,0,3.6479058e-05
0,0,0.00012412507
0,0,0.00012552686
0,0,3.5303725e-05
0,0,2.0761774e-05
0,0,5.371353e-05
0,0,0.00020360493
0,0,9.327095e-06
0,0,8.917277e-06
0,0,0.00015104323
0,0,0.00016994141
0,0,0.00036650305
0,0,4.7308484e-05
0,0,8.090125e-06
0,0,6.8392665e-06
0,0,0.00021484493
0,0,2.5466816e-05
0,0,2.2520991e-05
0,0,0.00012856809
0,0,1.1089654e-05
0,0,4.2014064e-05
0,0,2.8546403e-05
0,0,3.564044e-05
0,0,5.4227483e-05
0,0,9.6602605e-05
0,0,3.2710002e-05
0,0,6.7245905e-06
0,0,3.8645478e-05
0,0,8.641185e-05
0,0,1.5135701e-05
0,0,3.5234807e-05
0,0,0.00089384237
0,0,3.1472366e-05
0,0,4.326277e-05
0,0,5.8446116e-05
0,0,3.3856024e-05
0,0,4.6723875e-05
0,0,6.465679e-05
0,0,1.4237548e-05
0,0,0.0002893517
0,0,1.7795548e-05
0,0,2.7542048e-05
0,0,0.00024784368
0,0,2.9518838e-05
0,0,8.959455e-05
0,0,2.3091729e-05
0,0,9.655579e-06
0,0,1.7637274e-05
0,0,8.720195e-05
0,0,0.00026001432
0,0,5.9518125e-06
0,0,1.2622452e-05
0,0,7.746144e-06
0,0,4.1338767e-06
0,0,5.3594573e-05
0,0,0.0015810077
0,0,9.859232e-05
0,0,1.1706158e-05
0,0,5.9768285e-05
0,0,0.00052003475
0,0,0.00018349198
0,0,2.5126694e-05
0,0,0.00016627357
0,0,4.983617e-06
0,0,1.0430211e-05
0,0,7.274805e-05
0,0,6.5949343e-06
0,0,8.4396925e-05
0,0,0.0010121578
0,0,0.00010407509
0,0,7.084367e-05
0,0,3.9531984e-05
0,0,0.00012002438
0,0,1.1739798e-05
0,0,0.00037806586
0,0,0.0015472427
0,0,1.1180576e-05
0,0,6.480222e-05
0,0,0.00016380157
0,0,3.8827777e-05
0,0,8.778443e-06
0,0,3.340316e-05
0,0,0.00013061776
0,0,0.003530457
0,0,8.403199e-06
0,0,1.011363e-05
0,0,3.9323477e-06
0,0,0.0005506736
0,0,3.7479135e-06
0,0,1.5856864e-05
0,0,3.7654576e-05
0,0,0.00078521797
0,0,0.0018389734
0,0,0.0007734623
0,0,0.00023490837
0,0,1.6905737e-05
0,0,4.8595257e-06
0,0,0.00046648728
0,0,4.8632795e-05
0,0,4.763894e-06
0,0,0.00026478333
0,0,0.00012405892
0,0,0.0012790918
0,0,5.5506447e-05
0,0,0.0001287817
0,0,0.00038116073
0,0,5.2871696e-05
0,0,9.857404e-06
0,0,0.00018471922
0,0,0.00021591008
0,0,1.0304675e-05
0,0,1.6058533e-05
0,0,4.31048e-05
0,0,8.230884e-07
0,0,1.7249362e-05
0,0,0.0076980037
0,0,3.235916e-05
0,0,6.0477618e-05
0,0,1.4615681e-05
0,0,1.4798319e-05
0,0,6.577875e-06
0,0,0.00083935994
0,0,8.5092615e-06
0,0,0.00019712187
0,0,6.713544e-05
0,0,0.00013145994
0,0,3.3815173e-05
0,0,0.0008680434
0,0,6.137233e-05
0,0,3.720572e-05
0,0,5.3005428e-05
0,0,2.4340714e-05
0,0,0.00014901826
0,0,3.3847242e-05
0,0,4.1361955e-06
0,0,0.0001096737
0,0,0.00023492696
0,0,0.00068224827
0,0,2.9275223e-05
0,0,3.1995263e-05
0,0,0.00025312958
0,0,1.081263e-05
0,0,0.0001084479
0,0,0.000101048674
0,0,1.7685074e-05
0,0,4.2105603e-06
0,0,1.594264e-05
0,0,0.0002871622
0,0,6.918817e-05
0,0,3.2658613e-06
0,0,0.0010725913
0,0,0.00068964506
0,0,7.486271e-05
0,0,0.0020740733
0,0,0.00083220436
0,0,0.00010926794
0,0,3.062856e-05
0,0,8.910842e-06
0,0,1.3644508e-05
0,0,6.87337e-05
0,0,2.6894972e-05
0,0,3.841304e-05
0,0,3.232856e-05
0,0,4.7546127e-06
0,0,0.00014794635
0,0,1.3920214e-05
0,0,8.026546e-05
0,0,0.00011470301
0,0,3.811201e-05
0,0,6.887056e-05
0,0,3.1498967e-05
0,0,0.00011075704
0,0,3.0117395e-05
0,0,6.629269e-05
0,0,5.248759e-05
0,0,0.013852257
0,0,0.00034077483
0,0,9.896985e-05
0,0,2.2863815e-05
0,0,2.4476605e-05
0,0,0.0014977753
0,0,9.5095005e-05
0,0,0.00027304346
0,0,0.00011150541
0,0,8.1607686e-05
0,0,6.130777e-06
0,0,9.934326e-06
0,0,5.0909683e-05
0,0,9.226321e-06
0,0,2.861997e-05
0,0,3.5926438e-05
0,0,4.667627e-05
0,0,6.399284e-05
0,0,0.000119639866
0,0,0.00028059032
0,0,0.0003065679
0,0,9.337992e-05
0,0,6.9593684e-06
0,0,0.014624016
0,0,4.9090642e-05
0,0,3.6706306e-06
0,0,2.1921942e-05
0,0,0.0005131593
0,0,2.8009368e-05
0,0,8.138e-06
0,0,1.3622327e-05
0,0,3.0459885e-06
0,0,0.0012316088
0,0,1.4621764e-06
0,0,8.268157e-06
0,0,2.1660413e-05
0,0,2.0975134e-05
0,0,3.4454024e-05
0,0,2.0972255e-05
0,0,4.0157636e-05
0,0,3.7421036e-05
0,0,5.4026335e-05
0,0,7.89911e-06
0,0,6.948015e-05
0,0,3.9257343e-06
0,0,0.00016065301
0,0,6.132383e-05
0,0,0.00014367136
0,0,1.8411365e-05
0,0,6.513492e-05
0,0,2.7975198e-05
0,0,0.00043835552
0,0,5.9835522e-05
0,0,5.2174542e-05
0,0,2.6927896e-06
0,0,5.9361046e-06
0,0,0.0008676593
0,0,2.582383e-05
0,0,4.0351533e-05
0,0,0.0001490366
0,0,0.0002659365
0,0,0.0017371898
0,0,8.153141e-06
0,0,7.1389313e-06
0,0,0.0002962874
0,0,2.8436252e-05
0,0,5.9334106e-06
0,0,1.3099183e-05
0,0,0.000120273566
0,0,2.6457898e-05
0,0,9.173521e-05
0,0,5.9480044e-06
0,0,2.1942207e-05
0,0,4.071915e-05
0,0,3.7663733e-05
0,0,6.144922e-05
0,0,1.0399172e-05
0,0,9.548109e-05
0,0,0.00019647524
0,0,8.942783e-06
0,0,3.8020204e-05
0,0,1.1394721e-05
0,0,5.9179532e-05
0,0,6.007429e-06
0,0,1.1488974e-05
0,0,0.000100024125
0,0,5.2776054e-06
0,0,1.8555853e-05
0,0,2.7387567e-05
0,0,2.203609e-05
0,0,7.99984e-05
0,0,8.003097e-05
0,0,1.1399862e-05
0,0,2.5699515e-05
0,0,0.000281445
0,0,1.9797708e-05
0,0,7.61244e-05
0,0,1.0621167e-05
0,0,3.9356682e-06
0,0,2.2965802e-05
0,0,0.00028696132
0,0,1.3496637e-05
0,0,4.297895e-05
0,0,6.2508574e-05
0,0,3.9499e-06
0,0,3.4555176e-06
0,0,1.2603892e-05
0,0,4.193741e-05
0,0,3.049865e-05
0,0,5.061483e-05
0,0,2.8008644e-06
0,0,0.00018496983
0,0,0.00012141979
0,0,0.00023170543
0,0,0.0011015261
0,0,7.4069954e-05
0,0,0.0003687334
0,0,4.380557e-06
0,0,2.0131805e-05
0,0,2.817353e-05
0,0,1.2615113e-05
0,0,9.749138e-05
0,0,0.00043059504
0,0,2.2055201e-05
0,0,3.995918e-05
0,0,7.667385e-06
0,0,3.867486e-05
0,0,0.00017796441
0,0,0.00056701375
0,0,0.000799132
0,0,0.00042014362
0,0,3.396954e-05
0,0,5.4509113e-05
0,0,7.0402486e-05
0,0,5.6024997e-05
0,0,1.086371e-05
0,0,2.0702875e-05
0,0,4.8784013e-06
0,0,5.3621206e-06
0,0,0.00049227057
0,0,7.3040933e-06
0,0,3.7604946e-06
0,0,0.00012911456
0,0,1.2055847e-05
0,0,0.0002409767
0,0,2.613251e-05
0,0,4.098281e-05
0,0,9.319426e-05
0,0,5.7459492e-05
0,0,0.00049426133
0,0,6.164935e-06
0,0,2.496766e-05
0,0,0.00044539326
0,0,4.1182398e-06
0,0,1.4940889e-05
0,0,3.2532594e-06
0,0,7.3561655e-06
0,0,4.9382226e-05
0,0,0.0015607362
0,0,2.7405656e-06
0,0,8.75131e-06
0,0,0.002845854
0,0,4.7261994e-05
0,0,0.00023003534
0,0,2.8320557e-05
0,0,1.9398396e-05
0,0,1.3764865e-05
0,0,2.8968454e-05
0,0,7.4878867e-06
0,0,3.5477944e-05
0,0,7.382962e-05
0,0,0.00010119177
0,0,3.1610096e-05
0,0,3.8392678e-05
0,0,4.2564458e-05
0,0,3.8553928e-05
0,0,2.7405857e-05
0,0,0.00013486475
0,0,3.9191338e-05
0,0,0.0005198177
0,0,1.4258405e-05
0,0,2.5942829e-05
0,0,8.9892186e-05
0,0,2.064249e-05
0,0,0.0006017998
0,0,1.9196095e-05
0,0,3.0776682e-05
0,0,2.377089e-05
0,0,5.8249203e-05
0,0,0.00063566875
0,0,7.2552546e-05
0,0,1.4665819e-05
0,0,7.927748e-05
0,0,0.00020277979
0,0,0.0005863883
0,0,6.2725967e-06
0,0,2.971335e-05
0,0,0.0005979816
0,0,5.116808e-05
0,0,1.1013213e-05
0,0,3.0856238e-05
0,0,0.00062129775
0,0,3.9683633e-05
0,0,1.2578748e-05
0,0,0.00025337876
0,0,0.0002858167
0,0,3.452046e-05
0,0,4.7487265e-06
0,0,5.199055e-06
0,0,6.224999e-05
0,0,4.813641e-06
0,0,1.8117478e-05
0,0,2.5661779e-05
0,0,1.6895991e-06
0,0,0.00011765144
0,0,1.3032906e-05
0,0,6.602304e-06
0,0,8.150272e-06
0,0,6.281752e-05
0,0,3.846051e-05
0,0,4.8178164e-05
0,0,8.473683e-05
0,0,0.0007627579
0,0,0.00036056805
0,0,2.3938914e-05
0,0,4.280417e-05
0,0,0.000159082
0,0,0.00012457755
0,0,1.7198558e-05
0,0,4.0867406e-05
0,0,6.9288995e-05
0,0,3.8842703e-05
0,0,6.273335e-05
0,0,1.874254e-05
0,0,4.7794365e-05
0,0,3.572794e-06
0,0,4.0205192e-05
0,0,0.00025096824
0,0,3.0229503e-05
0,0,1.8044384e-05
0,0,1.01146325e-05
0,0,0.00031002855
0,0,0.00015591842
0,0,2.6909262e-05
0,0,0.0003681038
0,0,2.1554126e-05
0,0,7.3625242e-06
0,0,9.789847e-06
0,0,0.0018538594
0,0,9.7140044e-05
0,0,2.9334693e-05
0,0,6.334139e-05
0,0,5.208655e-05
0,0,3.571336e-06
0,0,1.8200932e-05
0,0,2.2148532e-05
0,0,6.95172e-05
0,0,1.6006914e-05
0,0,6.0486072e-06
0,0,0.00023857104
0,0,0.00015429496
0,0,1.7009883e-05
0,0,2.0323394e-05
0,0,0.0009162417
0,0,0.0008413501
0,0,0.00017001323
0,0,6.914067e-06
0,0,1.377788e-05
0,0,2.5641059e-05
0,0,1.29874825e-05
0,0,1.4841481e-05
0,0,1.4257794e-05
0,0,5.867502e-05
0,0,8.452372e-06
0,0,3.201898e-05
0,0,5.1454183e-05
0,0,3.9764363e-05
0,0,0.00041982793
0,0,0.00042936517
0,0,6.538504e-06
0,0,4.467085e-05
0,0,7.258832e-05
0,0,3.739246e-05
0,0,2.4467947e-05
0,0,2.0672236e-05
0,0,0.00012768671
0,0,7.104541e-05
0,0,0.0006388537
0,0,1.1775802e-05
0,0,5.8009897e-05
0,0,3.0303972e-06
0,0,3.9176466e-05
0,0,3.0165284e-05
0,0,9.0024805e-05
0,0,3.8060218e-05
0,0,8.469429e-06
0,0,4.5661505e-05
0,0,0.0015913517
0,0,7.243563e-06
0,0,1.2970079e-05
0,0,0.00059170753
0,0,1.29635755e-05
0,0,1.02182175e-05
0,0,0.0003024718
0,0,0.00035970783
0,0,0.00048595955
0,0,1.6044847e-05
0,0,0.0001304256
0,0,3.1358817e-05
0,0,5.502249e-05
0,0,0.000120849414
0,0,4.286933e-06
0,0,2.3687138e-05
0,0,3.6918165e-05
0,0,6.9855337e-06
0,0,0.00019744711
0,0,2.3178081e-05
0,0,3.5336761e-06
0,0,3.291e-05
0,0,3.1136817e-05
0,0,2.4923387e-05
0,0,0.00024860338
0,0,3.411423e-05
0,0,3.434115e-05
0,0,0.00019453862
0,0,1.0846546e-05
0,0,0.000113395596
0,0,1.3523255e-05
0,0,0.00010903843
0,0,9.91116e-05
0,0,0.00025266712
0,0,0.0014831122
0,0,5.2983345e-05
0,0,3.8409486e-05
0,0,7.963819e-06
0,0,1.5490787e-05
0,0,2.114353e-05
0,0,2.6906487e-06
0,0,6.6960834e-05
0,0,2.5513149e-05
0,0,0.00032223982
0,0,1.8690153e-05
0,0,0.00015796316
0,0,1.1619559e-05
0,0,0.00011627272
0,0,0.0010298657
0,0,7.2620032e-06
0,0,0.00035333802
0,0,5.537452e-06
0,0,9.552731e-06
0,0,2.8413484e-05
0,0,2.2855662e-05
0,0,0.00014627946
0,0,0.00010344424
0,0,6.579023e-06
0,0,0.00045054103
0,0,1.2579564e-05
0,0,0.00017816747
0,0,0.00072642905
0,0,0.00067289517
0,0,1.1366426e-05
0,0,1.651009e-05
0,0,3.1873507e-05
0,0,2.0561876e-05
0,0,0.00016035947
0,0,0.00016717066
0,0,2.3255883e-05
0,0,2.0585852e-05
0,0,0.00020531598
0,0,2.1461228e-06
0,0,6.399284e-05
0,0,0.000112576236
0,0,3.6879595e-05
0,0,0.00017177632
0,0,5.7923835e-06
0,0,4.2508927e-05
0,0,5.943233e-05
0,0,3.2102816e-05
0,0,2.8816912e-05
0,0,6.2966494e-05
0,0,0.00026162947
0,0,0.0022403426
0,0,3.7568316e-05
0,0,6.956554e-05
1,0,0.0010397042
0,0,7.223516e-06
0,0,2.1364685e-05
0,0,1.4985197e-05
0,0,7.403902e-05
0,0,1.9555962e-05
0,0,7.2833085e-05
0,0,5.132921e-06
0,0,2.3201634e-05
0,0,1.9310963e-05
0,0,2.366584e-06
0,0,0.00053542113
0,0,4.6120444e-06
0,0,2.081413e-05
0,0,1.3963264e-05
0,0,0.00012098051
0,0,3.577888e-06
0,0,0.00021554806
0,0,2.9844892e-05
0,0,5.468197e-05
0,0,1.117028e-05
0,0,1.4242463e-06
0,0,0.00011313433
0,0,4.6118905e-05
0,0,9.749058e-06
0,0,6.7273227e-06
0,0,3.885952e-05
0,0,3.0368717e-05
0,0,5.1469644e-05
0,0,0.0014661449
0,0,1.26351e-05
0,0,1.7537195e-05
0,0,3.438421e-05
0,0,8.6640975e-05
0,0,0.0002592309
0,0,0.00014160997
0,0,2.473859e-05
0,0,5.9897633e-05
0,0,3.3128246e-05
0,0,0.00028998303
0,0,7.6318975e-05
0,0,0.00015160193
0,0,0.0001687203
0,0,0.0015329053
0,0,7.520603e-05
0,0,1.6085032e-05
0,0,0.0005454908
0,0,3.070723e-05
0,0,6.6677244e-06
0,0,3.1636122e-05
0,0,1.0409074e-05
0,0,7.3972637e-06
0,0,0.0014023461
0,0,1.0755151e-05
0,0,3.891163e-06
0,0,0.00018648358
0,0,5.014248e-05
0,0,2.4001847e-05
0,0,0.00026086654
0,0,2.0097737e-05
0,0,0.0001701071
0,0,1.3167054e-05
0,0,1.7648379e-05
0,0,1.9514866e-05
0,0,1.8717605e-05
0,0,2.565275e-05
0,0,2.9684095e-05
0,0,4.1746836e-05
0,0,1.8666711e-05
0,0,1.6109258e-05
0,0,5.391619e-05
0,0,4.087793e-05
0,0,4.8643466e-05
0,0,0.00031371333
0,0,7.726744e-05
0,0,3.915239e-06
0,0,2.2305217e-05
0,0,0.00011027532
0,0,4.0403746e-05
0,0,8.455619e-05
0,0,3.8409045e-05
0,0,2.0032257e-05
0,0,4.3989312e-05
0,0,1.5202805e-06
0,0,0.00019162927
0,0,1.2454014e-05
0,0,0.0001344145
0,0,6.789794e-05
0,0,0.0010234724
0,0,3.3225664e-05
0,0,4.3635595e-05
0,0,0.0010019925
0,0,7.076427e-05
0,0,3.7801405e-05
0,0,1.4847639e-05
0,0,4.774546e-06
0,0,2.4837378e-05
0,0,0.00016646157
0,0,1.4103479e-05
0,0,1.5418333e-05
0,0,3.9041493e-05
0,0,7.712536e-05
0,0,0.0041291867
0,0,8.426102e-05
0,0,6.398875e-05
0,0,2.653094e-05
0,0,7.310916e-06
0,0,9.456843e-05
0,0,1.3825237e-05
0,0,2.7750672e-05
0,0,2.1457632e-05
0,0,4.3899254e-05
0,0,2.3052762e-05
0,0,1.1609877e-05
0,0,9.385995e-05
0,0,0.0011151296
0,0,0.0001800644
0,0,1.11894715e-05
0,0,0.00013553913
0,0,9.561228e-05
0,0,9.90568e-06
0,0,1.7729079e-05
0,0,9.464304e-05
0,0,5.9776612e-05
0,0,0.0003672818
0,0,4.4159493e-05
0,0,2.0868629e-05
0,0,8.093444e-05
0,0,6.96104e-05
0,0,0.00035920544
0,0,8.146876e-06
0,0,4.819567e-05
0,0,5.245947e-06
0,0,0.0001283929
0,0,9.13889e-06
0,0,3.986285e-05
0,0,0.00015523676
0,0,0.00027273307
0,0,7.110655e-05
0,0,1.2282597e-05
0,0,1.4713451e-05
0,0,1.0048159e-05
0,0,0.0052640047
0,0,5.1521158e-05
0,0,0.0008884544
0,0,6.823761e-05
0,0,0.00022399395
0,0,1.4421855e-05
0,0,0.0011796891
0,0,1.2562624e-05
0,0,1.3027202e-05
0,0,4.833232e-06
0,0,2.0235053e-05
0,0,0.00025210885
0,0,4.1590036e-05
0,0,2.8961991e-05
0,0,5.443831e-05
0,0,4.0696905e-05
0,0,1.1714244e-05
0,0,7.346562e-05
0,0,1.6889686e-05
0,0,0.0042641163
0,0,4.9481837e-06
0,0,4.417361e-06
0,0,1.32940095e-05
0,0,1.967974e-05
0,0,3.8743e-06
0,0,9.052072e-06
0,0,3.872014e-05
0,0,0.00018947409
0,0,3.976751e-05
0,0,5.830544e-05
0,0,2.4207236e-05
0,0,9.96183e-06
0,0,2.5027686e-05
0,0,0.000610145
0,0,1.50461265e-05
0,0,0.002932041
0,0,0.0001369713
0,0,2.9844568e-06
0,0,2.8900438e-05
0,0,0.0014893507
0,0,3.9253523e-06
0,0,0.00082156743
0,0,0.0006633764
0,0,8.584768e-05
0,0,0.00010010132
0,0,3.3492473e-05
0,0,0.00015091596
0,0,7.307772e-06
0,0,7.4625004e-06
0,0,0.00064651226
0,0,6.0021313e-05
0,0,1.8094788e-05
0,0,0.00012902914
0,0,3.0409055e-05
0,0,0.0002522067
0,0,9.8115306e-05
0,0,6.766983e-05
0,0,2.284677e-05
0,0,0.00014644804
0,0,1.013605e-05
0,0,0.00012485786
0,0,0.0005337956
0,0,0.00021846086
0,0,5.2508567e-06
0,0,0.0019250646
0,0,2.2744185e-05
0,0,0.00029178426
0,0,1.5330083e-05
0,0,1.1631742e-05
0,0,0.00072088646
0,0,3.579242e-05
0,0,0.00012844028
0,0,0.00048143356
0,0,1.7835202e-05
0,0,0.00012653007
0,0,6.623045e-05
0,0,8.943508e-06
0,0,1.01599835e-05
0,0,2.656165e-05
0,0,2.4329515e-06
0,0,0.0002138796
0,0,1.6412619e-06
0,0,2.3130122e-05
0,0,0.0012655263
0,0,8.603713e-06
0,0,6.83469e-05
0,0,0.0005200397
0,0,1.3860035e-05
0,0,1.1633407e-05
0,0,9.954204e-06
0,0,2.4849744e-05
0,0,2.0972753e-05
0,0,3.9864102e-05
0,0,1.3031153e-05
0,0,2.9654613e-05
0,0,1.8012664e-05
0,0,1.8584951e-05
0,0,3.1669177e-05
0,0,0.0002213638
0,0,2.7619915e-06
0,0,0.000103576494
0,0,4.3495024e-06
0,0,1.700333e-05
0,0,1.0025331e-05
0,0,0.007403617
0,0,6.221303e-06
0,0,9.793526e-06
0,0,5.78214e-05
0,0,5.6624303e-06
0,0,1.3328385e-05
0,0,0.00011679944
0,0,0.000124974
0,0,7.301047e-05
0,0,2.4895524e-05
0,0,1.6891474e-05
0,0,1.4523367e-05
0,0,8.347783e-06
0,0,1.5862504e-05
0,0,3.988103e-06
0,0,2.100518e-05
0,0,3.2650173e-06
0,0,1.7723349e-05
0,0,7.83072e-06
0,0,8.146982e-05
0,0,0.008586107
0,0,0.00015488871
0,0,2.4137782e-05
0,0,4.4405013e-05
0,0,4.925054e-06
0,0,7.5161533e-06
0,0,4.599448e-05
0,0,3.9837883e-05
0,0,0.00017389315
0,0,2.2753122e-05
0,0,2.0227546e-05
0,0,9.248132e-06
0,0,3.2035074e-05
0,0,3.205176e-05
0,0,4.5142256e-06
0,0,1.4788076e-05
0,0,0.0003459123
0,0,0.00013080658
0,0,0.00028275832
0,0,4.51225e-06
0,0,0.00048014525
0,0,0.00015935376
0,0,0.00024533906
0,0,5.96301e-06
0,0,3.5425368e-05
0,0,2.7668779e-05
0,0,3.995099e-05
0,0,2.2260212e-05
0,0,1.770453e-05
0,0,3.8620718e-05
0,0,4.696291e-05
0,0,9.097932e-06
0,0,1.537295e-05
0,0,9.022401e-05
1,1,0.9678872
0,0,0.00012798513
0,0,2.63392e-05
0,0,0.000119745324
0,0,8.816973e-05
0,0,1.6570868e-05
0,0,1.9417274e-05
0,0,0.00023488821
0,0,5.499416e-05
0,0,9.9477285e-05
0,0,0.00034736184
0,0,2.8170954e-05
0,0,9.812823e-06
0,0,0.00042292493
0,0,0.000114749295
0,0,3.9322613e-06
0,0,7.559003e-06
0,0,1.3772218e-05
0,0,4.81721e-05
0,0,7.577068e-05
0,0,3.829253e-05
0,0,3.4462337e-05
0,0,3.31607e-06
0,0,0.00038175017
0,0,2.7894341e-06
0,0,9.144696e-06
0,0,0.00041854943
0,0,4.948013e-05
0,0,4.6216643e-05
0,0,3.7461738e-05
0,0,0.0006561943
0,0,1.4143009e-05
0,0,0.00014459217
0,0,3.1111704e-05
0,0,1.652351e-05
0,0,7.6070624e-05
0,0,0.0012037652
0,0,3.1840515e-05
0,0,9.9817844e-05
0,0,2.1826047e-05
0,0,0.00026160202
0,0,1.6383297e-05
0,0,9.36169e-05
0,0,6.3808066e-06
0,0,4.6530407e-05
0,0,5.4813532e-05
0,0,5.294839e-05
0,0,0.00030242943
0,0,0.0003098371
0,0,0.00011956356
0,0,3.2251328e-06
0,0,0.0003254656
0,0,1.8301831e-05
0,0,2.3468361e-05
0,0,4.8829927e-05
0,0,3.580652e-05
0,0,0.00011623137
0,0,3.3880762e-05
0,0,5.427677e-06
0,0,1.9921514e-05
0,0,0.0004084372
0,0,1.1018981e-05
0,0,0.00046747777
0,0,4.8601363e-05
0,0,0.004398419
0,0,4.0300736e-05
0,0,0.00016002206
0,0,1.1598058e-05
0,0,2.6337517e-05
0,0,0.00015568607
0,0,2.5239522e-05
0,0,2.9435492e-05
0,0,1.9096556e-06
0,0,9.387292e-05
0,0,1.0562752e-05
0,0,4.193437e-05
0,0,0.00020366821
0,0,1.25176575e-05
0,0,2.2827693e-05
0,0,2.1623055e-05
0,0,3.5715293e-05
0,0,6.770475e-05
0,0,3.370436e-05
0,0,3.5669105e-05
0,0,6.0460028e-05
0,0,0.00031249275
0,0,1.5706065e-06
0,0,6.7981004e-05
0,0,0.0024155464
0,0,2.5546091e-05
0,0,8.614969e-06
0,0,3.6783297e-06
0,0,3.551704e-05
0,0,9.755443e-05
0,0,5.848557e-06
0,0,5.2031395e-05
0,0,0.000183531
0,0,6.2908866e-06
0,0,0.00020191813
0,0,1.43128445e-05
0,0,3.6159134e-05
0,0,2.7316568e-05
0,0,0.0014004942
0,0,1.0171306e-05
0,0,9.286753e-05
0,0,1.26243185e-05
0,0,2.1134018e-05
0,0,1.8299039e-05
0,0,1.2258655e-05
0,0,7.2466796e-06
0,0,5.1704057e-05
0,0,1.7925362e-06
0,0,0.00018502523
0,0,0.0004187356
0,0,4.035754e-05
0,0,8.881233e-06
0,0,1.7627419e-05
0,0,0.0002317454
0,0,2.6362344e-05
0,0,0.0041085184
0,0,4.8940645e-05
0,0,0.00021557069
0,0,0.00028144178
0,0,0.00022319832
0,0,2.9330049e-05
0,0,1.478059e-05
0,0,7.2759576e-06
0,0,3.1871896e-05
0,0,4.188469e-06
0,0,8.804987e-06
0,0,3.8339444e-05
0,0,1.6898273e-05
0,0,8.126537e-05
0,0,3.429278e-05
0,0,9.792014e-05
0,0,7.8359844e-05
0,0,0.00011528692
0,0,0.00011492011
0,0,3.8233924e-05
0,0,0.0011853335
0,0,5.149964e-05
0,0,8.791805e-06
0,0,1.2253127e-05
0,0,7.855062e-05
0,0,0.00055553496
0,0,3.8594688e-05
0,0,7.83143e-06
0,0,2.4740053e-05
0,0,4.594805e-05
0,0,9.767041e-05
0,0,1.1608627e-05
0,0,0.00021801535
0,0,1.7877894e-05
0,0,4.7887665e-05
0,0,3.5246805e-05
0,0,1.364028e-05
0,0,3.5135756e-05
0,0,0.00013656869
0,0,0.0016482216
0,0,5.6364242e-06
0,0,0.0002590661
0,0,3.4211603e-06
0,0,0.00016100696
0,0,0.003209766
0,0,4.033707e-05
0,0,0.00041742934
0,0,5.405241e-05
0,0,7.052229e-05
0,0,1.9509152e-05
0,0,2.5116009e-05
0,0,7.768531e-05
0,0,1.2492078e-05
0,0,6.756163e-05
0,0,6.528398e-06
0,0,3.132896e-06
0,0,6.306781e-05
0,0,6.717521e-05
0,0,1.2342917e-05
0,0,3.3330645e-05
0,0,1.1073074e-05
0,0,9.170529e-05
0,0,3.9451565e-06
0,0,0.00018394586
0,0,5.1201714e-05
0,0,3.0379522e-05
0,0,9.813684e-06
0,0,1.694706e-05
0,0,1.6780737e-05
0,0,0.00010458505
0,0,4.054284e-06
0,0,0.0023852638
0,0,0.00029687982
0,0,1.2676182e-05
0,0,4.9331766e-06
0,0,0.00014996405
0,0,8.603231e-05
0,0,4.16715e-05
0,0,7.428853e-05
0,0,4.804456e-05
0,0,9.5287076e-05
0,0,7.915533e-06
0,0,6.840969e-05
0,0,0.00064393994
0,0,2.788602e-05
0,0,0.0015193521
0,0,1.8308046e-05
0,0,6.2174346e-05
0,0,0.0003495637
0,0,0.00026742008
0,0,6.437379e-05
0,0,4.3304583e-05
0,0,0.0006858011
0,0,3.595259e-05
0,0,0.00034889881
0,0,1.0781801e-05
0,0,1.3390266e-05
0,0,0.0005140883
0,0,5.6627545e-05
0,0,1.4229743e-05
0,0,5.749737e-05
0,0,7.740753e-06
0,0,0.0005066031
0,0,0.00010614943
0,0,9.750784e-05
0,0,3.0163616e-05
0,0,3.3385488e-05
0,0,0.00013232419
0,0,6.0597173e-05
0,0,1.3385145e-05
0,0,0.00014586493
0,0,3.6356976e-06
0,0,2.7262487e-05
0,0,7.248588e-05
0,0,2.5906906e-05
0,0,0.00012998322
0,0,0.0003467504
0,0,5.7964503e-06
0,0,3.8636594e-05
0,0,0.00024280745
0,0,4.6667632e-05
0,0,7.9740814e-05
0,0,6.2973872e-06
0,0,7.505509e-06
0,0,3.3595414e-05
0,0,4.9008555e-05
0,0,4.8761944e-05
0,0,2.3992417e-05
0,0,4.6286066e-05
0,0,0.001014687
0,0,3.0747848e-05
0,0,9.389227e-06
0,0,8.8968445e-05
0,0,6.0820705e-05
0,0,5.2503357e-05
0,0,1.71762e-05
0,0,5.7880707e-06
0,0,0.00064070796
0,0,9.044014e-05
0,0,4.9627915e-06
0,0,2.8103655e-05
0,0,0.00018371345
0,0,4.486312e-06
0,0,0.002265473
0,0,2.9613182e-05
0,0,0.00085452345
0,0,1.3481752e-05
0,0,1.46817865e-05
0,0,9.518449e-06
0,0,1.6075264e-05
0,0,0.00030192756
0,0,0.0006126156
0,0,9.8983626e-05
0,0,2.0944592e-05
0,0,6.539289e-05
0,0,0.00013834785
0,0,6.267305e-06
0,0,9.3030385e-06
0,0,3.0798557e-05
0,0,0.00093557034
0,0,4.6639448e-06
0,0,1.5047462e-05
0,0,2.1126098e-05
0,0,8.708529e-05
0,0,4.5240944e-05
0,0,1.50696915e-05
0,0,2.3598326e-05
0,0,8.475392e-06
0,0,4.0071907e-05
0,0,2.0661178e-05
0,0,0.0003481076
0,0,0.00070555013
0,0,5.1179013e-05
0,0,0.00011107348
0,0,3.0298741e-05
0,0,5.1282834e-05
0,0,6.2787617e-06
0,0,0.00012121954
0,0,2.3503502e-05
0,0,3.996097e-05
0,0,7.161864e-05
0,0,5.9515984e-05
0,0,0.000106532636
0,0,0.002450918
0,0,1.3723851e-05
0,0,9.410829e-05
0,0,9.27049e-06
0,0,0.00025847202
0,0,0.0007150096
0,0,3.629906e-05
0,0,1.5759055e-05
0,0,7.47153e-05
0,0,0.00019353066
0,0,0.0001352449
0,0,2.886185e-05
0,0,3.854106e-05
0,0,1.678557e-05
0,0,1.4829852e-05
0,0,2.8041626e-05
0,0,1.1968544e-05
0,0,3.7390288e-05
0,0,0.000101524354
0,0,3.964686e-06
0,0,0.00010645911
0,0,0.00032363852
0,0,4.8778616e-06
0,0,1.1747245e-05
0,0,1.0358561e-05
0,0,7.835516e-06
0,0,0.00016790455
0,0,0.00032134706
0,0,8.742626e-06
0,0,0.00015772265
0,0,2.8503831e-05
0,0,0.00012090024
0,0,5.8151738e-05
0,0,0.00016628721
0,0,2.9679311e-05
0,0,1.8699442e-05
0,0,1.6639548e-05
0,0,1.368929e-05
0,0,3.4746667e-05
0,0,6.353058e-06
0,0,0.00015368602
0,0,0.00073955883
0,0,7.2633816e-06
0,0,0.0052119186
0,0,0.0004228201
0,0,2.3449858e-05
0,0,0.0007695793
0,0,0.00037737578
0,0,3.982444e-06
0,0,0.00011254447
0,0,1.2919576e-05
0,0,0.00056641747
0,0,7.897099e-06
0,0,0.0022132243
0,0,0.0007835295
0,0,6.6351764e-05
0,0,0.0006808729
0,0,0.00102869
0,0,1.7208566e-05
0,0,1.6744929e-05
0,0,1.4999308e-05
0,0,0.0003148294
0,0,0.0002941318
0,0,5.2717038e-05
0,0,6.719308e-06
0,0,1.4784735e-05
0,0,1.4060115e-05
0,0,0.00014016715
0,0,0.00015903043
0,0,0.00033497534
0,0,1.1881942e-05
0,0,3.6550202e-05
0,0,0.00069625024
0,0,6.276075e-05
0,0,8.610903e-06
0,0,9.154566e-05
0,0,2.8710567e-05
0,0,8.537898e-06
0,0,3.454618e-06
0,0,5.6567966e-05
0,0,0.00044490153
0,0,0.00019722657
0,0,7.163756e-05
0,0,6.243143e-05
0,0,6.55371e-05
0,0,0.000113381764
0,0,4.330607e-05
0,0,1.2718225e-05
0,0,7.501057e-05
0,0,8.8442466e-05
0,0,7.765537e-06
0,0,1.811499e-05
0,0,9.782374e-05
0,0,9.006066e-06
0,0,2.063745e-05
0,0,5.220489e-06
0,0,7.915329e-05
0,0,2.7621376e-05
0,0,0.00040027706
0,0,9.751867e-06
0,0,7.5082366e-06
0,0,4.8762784e-05
0,0,0.00022656674
0,0,1.11396e-05
0,0,4.831297e-06
0,0,3.488522e-05
0,0,0.0031281968
0,0,3.3082408e-05
0,0,6.4235023e-06
0,0,2.957364e-05
0,0,4.4238524e-05
0,0,7.46574e-05
0,0,0.00010597912
0,0,8.643855e-06
0,0,4.426697e-05
0,0,3.0559295e-05
0,0,6.453322e-05
0,0,3.9882965e-05
0,0,0.00060153543
0,0,7.240132e-05
0,0,2.3194665e-05
0,0,1.0111025e-05
0,0,0.00017845361
0,0,4.570058e-05
0,0,3.3933616e-06
0,0,2.9207183e-06
0,0,5.8393023e-05
0,0,0.00054240105
0,0,9.533034e-05
0,0,6.366968e-05
0,0,7.818348e-06
0,0,0.00016008341
0,0,0.00081885577
0,0,2.5064735e-06
0,0,7.070331e-07
0,0,5.226592e-05
0,0,7.840005e-05
0,0,5.9143873e-05
0,0,9.891134e-06
0,0,0.00011135803
0,0,2.0714824e-05
0,0,8.62689e-06
0,0,0.00022794136
0,0,2.681975e-05
0,0,3.5098885e-05
0,0,2.9129324e-05
0,0,0.0002203671
0,0,0.00014147609
0,0,0.00019636923
0,0,1.9381347e-05
0,0,0.00043471294
0,0,5.9242488e-05
0,0,3.8174756e-05
0,0,2.3951132e-05
0,0,4.6918907e-05
0,0,3.57476e-05
0,0,5.742816e-05
0,0,5.8476107e-05
0,0,4.2284337e-05
0,0,6.383188e-05
0,0,8.766278e-06
0,0,8.813568e-05
0,0,0.00081453397
0,0,0.00011748933
0,0,1.160794e-05
0,0,2.306017e-05
0,0,4.322458e-05
0,0,4.662015e-06
0,0,8.68257e-06
0,0,0.00015600481
0,0,8.378513e-06
0,0,7.593814e-05
0,0,0.00080602337
0,0,0.00011699251
0,0,0.00023333776
0,0,0.00124552
0,0,7.918312e-06
0,0,3.4371784e-05
0,0,4.0305713e-06
0,0,1.8994146e-05
0,0,3.0983323e-05
0,0,0.00039275084
0,0,6.289508e-05
0,0,0.00014569036
0,0,2.1127325e-05
0,0,6.8094545e-05
0,0,2.2709854e-05
0,0,1.3537616e-05
0,0,9.148554e-05
0,0,0.014551646
0,0,1.7809674e-05
0,0,2.5381642e-05
0,0,4.0465893e-06
0,0,6.5962384e-05
0,0,0.0001041724
0,0,1.2126693e-05
0,0,6.9549296e-06
0,0,1.1404124e-05
0,0,1.44999785e-05
0,0,0.00026925496
0,0,0.00013003778
0,0,5.2309704e-05
0,0,2.4940698e-05
0,0,0.00032648962
0,0,4.810347e-05
0,0,6.552322e-05
0,0,2.1416661e-05
0,0,1.299872e-05
0,0,3.560053e-05
0,0,1.1896441e-06
0,0,0.0001990227
0,0,0.0008439095
0,0,2.1097105e-05
0,0,4.16715e-05
0,0,0.0070309285
0,0,2.0074081e-05
0,0,7.673266e-06
0,0,1.4641086e-05
0,0,3.412884e-05
0,0,5.1558218e-05
0,0,0.0002617929
0,0,6.322842e-06
0,0,8.206827e-06
0,0,4.1144696e-05
0,0,1.1207489e-05
0,0,5.352179e-05
0,0,1.9542296e-05
0,0,5.374326e-06
0,0,5.2816566e-05
0,0,1.5802803e-05
0,0,7.2912095e-05
0,0,1.9212614e-05
0,0,6.939612e-06
0,0,6.157402e-06
0,0,5.7521556e-05
0,0,2.1342366e-05
0,0,1.0464523e-05
0,0,1.5010856e-05
0,0,8.32364e-05
0,0,0.00025673874
0,0,9.098163e-05
0,0,0.00015216747
0,0,3.151327e-05
0,0,5.4903267e-06
0,0,0.00039390477
0,0,6.320213e-05
0,0,7.1694485e-05
0,0,0.00011485876
0,0,0.0015690118
0,0,4.88532e-06
0,0,1.3634054e-06
0,0,0.00016871918
0,0,6.059845e-05
0,0,7.7506365e-06
0,0,6.388825e-06
0,0,0.00018624066
0,0,3.275239e-05
0,0,6.142695e-05
0,0,0.0005205344
0,0,5.6266093e-05
0,0,8.2225415e-05
0,0,6.958937e-06
0,0,0.00019465698
0,0,3.8428465e-05
0,0,0.00010498373
0,0,2.8981609e-05
0,0,6.768332e-05
0,0,2.6903846e-05
0,0,1.0627642e-05
0,0,4.82279e-05
0,0,0.000729004
0,0,2.651086e-05
0,0,3.3886485e-05
0,0,3.321768e-05
0,0,6.034247e-05
0,0,0.00040611663
0,0,1.8244535e-05
0,0,1.35756645e-05
0,0,3.5543471e-06
0,0,2.4957255e-05
0,0,0.00022699728
0,0,1.7350412e-05
0,0,1.3920214e-05
0,0,6.5048574e-05
0,0,0.00015566485
0,0,2.8358345e-06
0,0,3.0509975e-06
0,0,5.945393e-05
0,0,4.7870253e-06
0,0,1.7364251e-05
0,0,3.1641987e-06
0,0,1.7280316e-05
0,0,8.052677e-06
0,0,7.7407785e-05
0,0,1.6982669e-05
0,0,0.00011417191
0,0,0.00012807302
0,0,0.0005926783
0,0,7.3746174e-05
0,0,0.00024458257
0,0,4.471496e-05
0,0,1.8254785e-05
0,0,2.4445486e-05
0,0,8.387502e-05
0,0,6.53897e-05
0,0,0.00013220387
0,0,0.00019212379
0,0,6.9062116e-06
0,0,5.69638e-06
0,0,0.00056338235
0,0,9.894908e-06
0,0,1.0768925e-05
0,0,1.3664456e-05
0,0,0.00029144535
0,0,8.047515e-05
0,0,0.00019222366
0,0,5.861008e-06
0,0,2.2030208e-05
0,0,0.00021829846
0,0,9.597513e-06
0,0,0.00014502933
0,0,2.8484725e-05
0,0,2.070317e-05
0,0,0.0003601546
0,0,4.638863e-05
0,0,1.5870402e-05
0,0,1.5538117e-05
0,0,2.4156572e-05
0,0,0.0005478932
0,0,7.238391e-06
0,0,7.8310615e-05
0,0,3.001446e-05
0,0,6.2837586e-05
0,0,0.00026265995
0,0,7.3415686e-05
0,0,1.7060276e-05
0,0,0.00036114635
0,0,3.6648766e-05
0,0,3.642365e-05
0,0,9.3448925e-06
0,0,0.00015377691
0,0,1.775693e-05
0,0,0.0014025378
0,0,0.0019584908
0,0,0.0002680005
0,0,2.106038e-05
0,0,4.155935e-05
0,0,3.3982662e-05
0,0,1.8460945e-05
0,0,5.027746e-05
0,0,0.00017904468
0,0,5.1985764e-05
0,0,3.333716e-05
0,0,6.782685e-06
0,0,9.754714e-06
0,0,0.0005516178
0,0,0.00055539573
0,0,3.994821e-05
0,0,5.553715e-05
0,0,1.8662831e-05
0,0,3.1091447e-05
0,0,2.1388837e-06
0,0,2.875298e-05
0,0,2.2435952e-05
0,0,0.00034362287
0,0,3.6137228e-06
0,0,0.0003406738
0,0,2.1246851e-06
0,0,0.00010027252
0,0,4.3473483e-05
0,0,1.9416755e-05
0,0,1.469658e-05
0,0,0.00010987813
0,0,4.314799e-06
0,0,9.2463e-05
0,0,0.00014659893
0,0,1.3002093e-05
0,0,7.554753e-05
0,0,1.7138616e-05
0,0,4.014492e-05
0,0,9.991181e-06
0,0,0.00010766429
0,0,0.0002646034
0,0,0.00027647192
0,0,3.7233144e-06
0,0,7.445916e-06
0,0,0.00018608164
0,0,1.7668686e-05
0,0,2.3621786e-05
0,0,6.031215e-05
0,0,9.063267e-06
0,0,1.8478031e-05
0,0,5.669731e-06
0,0,5.923537e-05
0,0,7.793946e-06
0,0,1.4197807e-05
0,0,1.6270196e-05
0,0,8.7726155e-05
0,0,1.0168504e-05
0,0,5.9616e-06
0,0,9.1068905e-06
0,0,1.6729115e-06
0,0,9.704802e-05
0,0,0.00045030916
0,0,3.8992494e-05
0,0,1.3370397e-05
0,0,4.61519e-05
0,0,0.00095381116
0,0,0.00011739381
0,0,3.779885e-06
0,0,9.19462e-06
1,1,0.92577773
0,0,4.65768e-05
0,0,2.250753e-05
0,0,0.00063720794
0,0,5.0556653e-05
0,0,1.001228e-05
0,0,1.8963214e-05
0,0,2.2930393e-05
0,0,5.6846793e-06
0,0,4.628334e-06
0,0,1.2727372e-05
0,0,2.8768686e-06
0,0,0.00031672907
0,0,4.400882e-06
0,0,1.0293871e-05
0,0,1.3129762e-05
0,0,7.421051e-05
0,0,1.6644562e-05
0,0,0.0002822428
0,0,9.927535e-05
1,1,0.75976074
0,0,8.060875e-06
0,0,1.5709522e-05
0,0,5.141563e-06
0,0,3.653776e-05
0,0,1.8897266e-05
0,0,3.0333173e-05
0,0,6.0363996e-05
0,0,3.404533e-05
0,0,0.00011396274
0,0,0.00051191717
0,0,5.6805166e-05
0,0,7.49025e-06
0,0,0.0016433101
0,0,0.00041988917
0,0,8.537882e-06
0,0,0.0014226862
0,0,0.00980146
0,0,9.105358e-05
0,0,2.9556763e-06
0,0,1.0367228e-05
0,0,0.002239685
0,0,1.787358e-05
0,0,5.0493152e-05
0,0,1.7070638e-06
0,0,3.8793543e-05
0,0,1.0133585e-05
0,0,6.422417e-05
0,0,1.812963e-05
0,0,4.897168e-06
0,0,1.8698356e-06
0,0,3.419448e-06
0,0,8.789014e-06
0,0,4.2751915e-05
0,0,4.59265e-05
0,0,0.00013737494
0,0,4.694625e-05
0,0,0.00010078451
0,0,0.00010590971
0,0,0.00040813963
0,0,1.5045037e-05
0,0,0.00019990098
0,0,3.682316e-05
0,0,1.3655337e-05
0,0,2.1931077e-05
0,0,6.6446564e-06
0,0,0.00040722167
0,0,0.00024477878
0,0,0.00014905451
0,0,2.7436583e-05
0,0,0.00011400036
0,0,0.00071838056
0,0,6.22415e-05
0,0,5.929805e-05
0,0,3.0901232e-05
0,0,3.1497834e-06
0,0,7.3781346e-05
0,0,1.6695212e-05
0,0,0.00025174086
0,0,5.4982836e-05
0,0,0.00052772305
0,0,0.00010634173
0,0,0.00016150299
0,0,3.593161e-05
0,0,5.1995088e-05
0,0,1.4721891e-06
0,0,3.0639483e-05
0,0,2.5518819e-05
0,0,8.3322644e-05
0,0,9.780074e-07
0,0,6.330245e-06
0,0,7.385075e-05
0,0,0.00014534277
0,0,1.3089243e-05
0,0,7.5118725e-05
0,0,1.554676e-06
0,0,2.2533557e-05
0,0,6.555672e-05
0,0,7.804671e-06
0,0,2.5242023e-05
0,0,0.00011629478
0,0,1.8979714e-05
0,0,7.9057945e-06
0,0,1.9696677e-06
0,0,3.1430074e-05
0,0,8.125204e-05
0,0,1.5316185e-05
0,0,8.593179e-05
0,0,1.783187e-05
0,0,3.1904983e-05
0,0,5.5990007e-05
0,0,5.2516327e-05
0,0,0.00066111377
0,0,1.0522255e-05
0,0,0.00028824402
0,0,0.00018829445
0,0,4.877413e-05
0,0,1.9725472e-05
0,0,0.000106643114
0,0,1.378875e-05
0,0,3.942713e-05
0,0,8.1784994e-05
0,0,3.7566772e-06
0,0,3.1983578e-05
0,0,1.269307e-05
0,0,8.734343e-05
0,0,9.3350354e-05
0,0,3.002242e-05
0,0,0.00017248075
0,0,0.000111488815
0,0,2.994936e-05
0,0,6.0150636e-05
0,0,8.656434e-05
0,0,2.0980535e-05
0,0,5.6998288e-05
0,0,0.003434655
0,0,6.5127083e-06
0,0,4.0270003e-05
0,0,3.982603e-06
0,0,5.4452994e-06
0,0,4.255659e-05
0,0,8.723431e-05
0,0,2.3052503e-06
0,0,1.5978378e-05
0,0,6.02116e-06
0,0,2.8711576e-05
0,0,0.00017245526
0,0,1.0437633e-05
0,0,1.1245903e-05
0,0,4.696869e-05
0,0,4.6707257e-05
0,0,8.943177e-05
0,0,2.1607552e-06
0,0,2.0192352e-05
0,0,1.2991682e-05
0,0,2.7885993e-05
0,0,9.8455375e-06
0,0,5.3927815e-05
0,0,9.9123616e-05
0,0,2.7561333e-05
0,0,3.0819447e-05
0,0,7.862748e-06
0,0,1.7879325e-05
0,0,1.1877342e-05
0,0,3.8476496e-06
0,0,3.661167e-05
0,0,5.3975764e-05
0,0,9.672066e-06
0,0,0.0203543
0,0,5.083465e-06
0,0,4.4460987e-05
0,0,0.00010657917
0,0,0.00012715865
0,0,1.0372271e-05
0,0,0.00015846205
0,0,0.0001985358
0,0,0.0001477039
0,0,0.00015260775
0,0,2.9207404e-05
0,0,5.0807175e-06
0,0,0.0003050536
0,0,4.8331538e-05
0,0,6.676464e-05
0,0,1.1474204e-05
0,0,0.00023184618
0,0,0.0012736061
0,0,0.0004542404
0,0,7.030487e-05
0,0,1.5046988e-05
0,0,5.5003097e-06
0,0,0.00011241318
0,0,0.0008026743
0,0,4.6670033e-05
0,0,1.6653612e-05
0,0,4.0150067e-06
0,0,1.9407778e-05
0,0,4.9561546e-05
0,0,0.00015525216
0,0,5.0508374e-06
0,0,0.0021217018
0,0,0.0014390033
0,0,3.323368e-05
0,0,2.5205076e-05
0,0,0.00028313816
0,0,1.4724328e-05
0,0,0.0007250143
0,0,1.1119837e-05
0,0,3.2945958e-05
0,0,2.0025514e-05
0,0,5.1425046e-05
0,0,5.580989e-06
0,0,9.5364434e-05
0,0,8.522216e-05
0,0,2.5027377e-05
0,0,1.35873215e-05
0,0,0.00030772225
0,0,0.00011018903
0,0,0.000103476006
0,0,3.6460628e-05
0,0,0.00013799475
0,0,3.6206995e-05
0,0,0.0013812201
0,0,3.3346096e-05
0,0,2.00254e-05
0,0,7.2241987e-06
0,0,2.641903e-06
0,0,0.00048491565
0,0,9.178509e-06
0,0,9.5263e-05
0,0,2.3857303e-05
0,0,5.6028803e-06
0,0,7.753818e-05
0,0,0.0005104024
0,0,1.5534857e-05
0,0,4.807563e-05
0,0,7.705076e-06
0,0,2.2760154e-05
0,0,0.00018238173
0,0,0.000121271565
0,0,3.3696324e-05
1,1,0.9908228
0,0,3.771916e-05
0,0,0.00038364326
0,0,4.2024483e-05
0,0,6.6844814e-06
0,0,0.00068434153
0,0,1.2018229e-05
0,0,0.00010804914
0,0,0.0001656654
0,0,3.7448085e-06
0,0,2.6044812e-05
0,0,0.0001456016
0,0,2.8964174e-05
0,0,1.10816e-05
0,0,6.9362445e-06
0,0,9.943274e-06
0,0,0.0001288468
0,0,3.0642095e-06
1,1,0.94273293
0,0,5.743649e-05
0,0,3.66028e-05
0,0,5.166034e-05
0,0,0.0018079266
0,0,0.00054824457
0,0,3.5748042e-05
0,0,0.000111227695
0,0,1.2254751e-05
0,0,3.4010805e-05
0,0,1.6261354e-05
0,0,5.045527e-05
0,0,0.0001839334
0,0,2.7331342e-05
0,0,0.00011348516
0,0,2.3391187e-05
0,0,4.2528307e-05
0,0,5.2923704e-05
0,0,4.558502e-05
0,0,2.6731297e-05
0,0,0.00038286342
0,0,0.00056739873
0,0,0.0029986154
0,0,5.4357282e-05
0,0,1.3299309e-05
0,0,0.00032245493
0,0,1.4871588e-05
0,0,6.2893276e-05
0,0,0.0001395787
0,0,0.00010611047
0,0,2.5189458e-05
0,0,4.4280914e-06
0,0,2.3149254e-05
0,0,0.00073268486
0,0,5.337652e-06
0,0,3.4959652e-05
0,0,0.00019714498
0,0,1.9201807e-05
0,0,3.387863e-05
0,0,0.007032466
0,0,1.9491114e-05
0,0,0.00015564525
0,0,0.0002065593
0,0,3.6433205e-05
0,0,1.327431e-05
0,0,3.4140885e-05
0,0,4.97838e-05
0,0,0.0002312404
0,0,3.7596303e-06
0,0,0.00017514918
0,0,1.9109628e-05
0,0,8.729114e-05
0,0,9.014933e-06
0,0,0.00010311431
0,0,2.6812844e-05
0,0,9.262078e-05
0,0,7.353571e-05
0,0,3.7831346e-06
0,0,2.6239542e-05
0,0,1.4434114e-05
0,0,9.4695115e-06
0,0,0.0005198957
0,0,1.5280311e-05
0,0,0.00042520755
0,0,0.00034268183
0,0,0.00020192891
0,0,0.00037037104
0,0,9.271074e-06
0,0,0.00011478737
0,0,0.00018895738
0,0,0.00016881138
0,0,3.612634e-06
0,0,1.9699944e-05
0,0,1.6399084e-05
0,0,3.652978e-06
0,0,0.0001434697
0,0,6.942128e-05
0,0,0.00012430926
0,0,4.0028417e-06
0,0,2.2283191e-05
0,0,4.3797892e-05
0,0,2.7138623e-05
0,0,2.9243915e-06
0,0,3.9811603e-06
0,0,3.6227855e-05
0,0,8.547723e-05
0,0,0.0003795468
0,0,0.00033610195
0,0,6.514983e-05
0,0,1.8664647e-05
0,0,0.00030921504
0,0,1.3015368e-05
0,0,1.8816057e-05
0,0,0.00024906007
0,0,0.00032613962
0,0,4.6311775e-06
0,0,0.0014870238
0,0,6.5053346e-06
0,0,0.00015037916
0,0,1.0760517e-05
0,0,1.2909304e-05
0,0,7.976536e-06
0,0,6.3612206e-05
0,0,6.7320016e-06
0,0,3.072214e-05
0,0,1.8165712e-05
0,0,3.745795e-05
0,0,6.8464375e-05
0,0,2.541177e-05
0,0,1.8589062e-05
0,0,0.00014491101
0,0,8.192305e-06
0,0,1.4572009e-05
0,0,9.964358e-06
0,0,1.7814244e-05
0,0,3.4747736e-06
0,0,8.751118e-06
0,0,5.8932696e-05
0,0,9.159054e-05
0,0,2.9377807e-05
0,0,0.000111989604
0,0,0.00011526032
0,0,0.00014035801
0,0,4.7302212e-05
0,0,0.000111226225
0,0,2.7045513e-05
0,0,1.0311557e-05
0,0,3.635723e-05
0,0,5.4971042e-05
0,0,1.1756323e-05
0,0,1.1958778e-05
0,0,6.56142e-05
0,0,0.0004835192
0,0,0.00017237848
0,0,7.0848066e-05
0,0,2.0472653e-05
0,0,3.97979e-05
0,0,6.98767e-05
0,0,2.6536965e-05
0,0,0.00013036914
0,0,2.3978602e-05
0,0,0.000117812204
0,0,1.5984322e-05
0,0,0.0004583968
0,0,9.526776e-06
0,0,0.00048646357
0,0,1.6158092e-05
0,0,1.4472723e-05
0,0,6.1141595e-06
0,0,1.5663089e-05
0,0,0.0011717986
0,0,1.9398747e-05
0,0,0.0009220545
0,0,5.7742986e-06
0,0,0.0003369422
0,0,2.8796365e-05
0,0,6.0255434e-06
0,0,9.342602e-06
0,0,0.00073622435
0,0,4.4352255e-06
0,0,0.0001585272
0,0,0.00015672825
0,0,2.3699453e-05
0,0,6.651686e-05
0,0,2.895382e-05
0,0,0.00038741887
0,0,0.00045633334
0,0,1.4110931e-05
0,0,9.67146e-05
0,0,4.4639232e-06
0,0,7.975721e-06
0,0,0.00014283333
0,0,0.00012827665
0,0,8.2474275e-05
0,0,1.1919519e-05
0,0,0.0014837994
0,0,2.8356637e-05
0,0,5.6642825e-06
0,0,0.0020923065
0,0,0.0009107071
0,0,4.0607236e-05
0,0,2.711317e-05
0,0,2.8603901e-05
0,0,9.726538e-06
0,0,9.692029e-06
0,0,2.2954502e-05
0,0,0.00012207805
0,0,1.3151154e-05
0,0,7.391833e-06
0,0,7.5748717e-06
0,0,5.4834454e-06
0,0,3.3392877e-05
0,0,5.4667944e-06
0,0,5.601351e-05
0,0,5.1762465e-05
0,0,0.00012392543
0,0,0.000526064
0,0,0.00079756137
0,0,0.000223541
0,0,2.8415785e-05
0,0,8.0854916e-05
0,0,0.00010941203
0,0,0.00013355188
0,0,1.5655114e-05
0,0,1.1506607e-05
0,0,1.7723893e-06
0,0,1.1723485e-05
0,0,3.307714e-05
0,0,1.0482113e-05
0,0,0.004871209
0,0,2.2272463e-05
0,0,1.5562438e-05
0,0,7.813733e-05
0,0,7.190441e-05
0,0,7.1159666e-05
0,0,3.3048636e-05
0,0,7.29621e-05
0,0,0.00011175961
0,0,0.0006736282
0,0,0.00026777908
0,0,0.00020094344
0,0,0.002302808
0,0,0.0001177757
0,0,1.7262215e-05
0,0,3.0258083e-05
0,0,4.7178914e-05
0,0,6.179516e-05
0,0,2.8047323e-06
0,0,8.270282e-05
0,0,6.305476e-05
0,0,9.371417e-05
0,0,0.0041279225
0,0,0.0001624056
0,0,3.4555176e-06
0,0,0.00015415715
0,0,3.2981763e-05
0,0,5.1650193e-05
0,0,4.16126e-06
0,0,0.00020412274
0,0,0.00067747117
0,0,1.4191037e-06
0,0,8.5817475e-05
0,0,2.2115544e-05
0,0,1.0177652e-05
0,0,0.00091373746
0,0,1.0053662e-05
0,0,2.6603202e-05
0,0,0.00045319847
0,0,2.1117838e-05
0,0,4.9125254e-05
0,0,5.764275e-05
0,0,0.0019919928
0,0,0.00021270433
0,0,2.706357e-05
0,0,2.9290497e-05
0,0,1.0846091e-05
0,0,0.0022918917
0,0,3.08588e-05
0,0,8.096308e-05
0,0,1.5535094e-05
0,0,7.152445e-06
0,0,0.00014670815
0,0,1.0198804e-05
0,0,4.454015e-06
0,0,1.3813915e-05
0,0,0.00014710879
0,0,0.00016612257
0,0,2.787669e-05
0,0,4.1940206e-05
0,0,2.1245442e-05
0,0,6.322999e-06
0,0,3.839539e-05
0,0,1.1661098e-05
0,0,9.928426e-06
0,0,2.6109268e-05
0,0,3.875553e-05
0,0,1.1478812e-05
0,0,5.5255773e-06
0,0,6.78253e-06
0,0,8.065854e-05
0,0,6.2140393e-06
0,0,7.0481283e-06
0,0,0.0014280214
0,0,1.9657175e-05
0,0,0.0002878848
0,0,4.1786705e-05
0,0,8.1904855e-06
0,0,1.2481409e-05
0,0,8.894243e-06
0,0,1.7321745e-05
0,0,9.610837e-05
0,0,2.182484e-06
0,0,1.8884404e-05
0,0,0.00041891547
0,0,0.000102656435
0,0,0.00013183741
0,0,1.2015651e-05
0,0,0.0001375119
0,0,3.4023422e-05
0,0,2.0774034e-05
0,0,0.00020582697
0,0,9.5374344e-05
0,0,0.00014140784
0,0,7.5541243e-06
0,0,2.2656164e-05
0,0,0.00012430962
0,0,4.4739445e-05
0,0,9.454532e-06
0,0,4.1841533e-05
0,0,1.16167885e-05
0,0,4.0248e-05
0,0,8.546762e-06
0,0,2.3974739e-05
0,0,3.9234415e-05
0,0,1.0547915e-05
0,0,2.764417e-05
0,0,1.1580099e-05
0,0,3.329138e-05
0,0,4.392224e-06
0,0,3.8276936e-05
0,0,1.0891688e-05
0,0,3.4003199e-06
0,0,1.4759349e-05
0,0,2.425618e-05
0,0,2.7426251e-05
0,0,3.2399177e-05
0,0,9.159648e-06
0,0,0.00020304581
0,0,0.00022541075
0,0,0.0009295151
0,0,0.00022830676
0,0,3.1802705e-05
0,0,0.00012513988
0,0,5.7835627e-05
0,0,8.888636e-05
0,0,0.0005149782
0,0,0.00016742031
0,0,6.662014e-05
0,0,5.979519e-06
0,0,2.365143e-05
0,0,0.00011040663
0,0,3.9082766e-05
0,0,4.5607258e-06
0,0,9.985364e-05
0,0,2.815465e-05
0,0,0.00010822104
0,0,8.4987936e-05
0,0,6.222827e-05
0,0,3.0927855e-05
0,0,5.4635266e-06
0,0,6.2962818e-06
0,0,0.000106816035
0,0,0.0004290113
0,0,0.0011311695
0,0,2.7886892e-06
0,0,0.0043733437
0,0,2.9714485e-05
0,0,1.9647878e-05
0,0,7.8079676e-05
0,0,6.835772e-05
0,0,8.439877e-05
0,0,4.566934e-05
0,0,9.710051e-06
0,0,4.034967e-06
0,0,7.564362e-05
0,0,5.3198924e-05
0,0,4.2180065e-05
0,0,7.943874e-05
0,0,0.00011381049
0,0,5.101308e-06
0,0,1.9717085e-05
0,0,1.2951811e-05
0,0,5.576584e-06
0,0,0.0022288063
0,0,0.00021227318
0,0,8.741126e-05
0,0,0.00041633073
0,0,3.4323763e-05
0,0,4.0175923e-06
0,0,1.88267e-05
0,0,3.2326312e-05
0,0,8.078501e-05
0,0,9.526776e-06
0,0,7.975495e-05
0,0,7.1570845e-05
0,0,2.0169931e-05
0,0,3.2232852e-05
0,0,3.4517594e-05
0,0,1.4987039e-05
0,0,0.0001323474
0,0,0.0005102426
0,0,3.9252605e-05
0,0,4.484756e-05
0,0,0.0011161775
0,0,3.488522e-05
0,0,2.8889851e-06
0,0,4.7324458e-05
0,0,8.118118e-05
0,0,0.00110009
0,0,3.2855907e-05
0,0,1.6510547e-05
0,0,3.1179305e-05
0,0,1.4671979e-06
0,0,4.6404693e-05
0,0,3.3842854e-05
0,0,7.081956e-05
0,0,0.0001584681
0,0,0.0008026945
0,0,8.406735e-05
0,0,9.8652126e-05
0,0,1.1888005e-05
0,0,1.8759707e-05
0,0,2.2776265e-05
0,0,0.0053661508
0,0,2.1836291e-05
0,0,1.279882e-05
0,0,5.757446e-05
0,0,4.079082e-05
0,0,0.0016050738
0,0,0.00011379194
0,0,1.9911276e-05
0,0,7.532747e-05
0,0,2.8169316e-05
0,0,2.5627516e-05
0,0,1.6357539e-05
0,0,4.391923e-05
0,0,1.5561918e-05
0,0,0.0018381674
0,0,2.345762e-05
0,0,1.2215488e-05
0,0,2.1304035e-05
0,0,0.000277482
0,0,0.0008393143
0,0,0.00013244941
0,0,6.803652e-05
0,0,0.00027637047
0,0,0.0016727605
0,0,4.9395417e-06
0,0,2.359706e-06
0,0,1.1385759e-05
0,0,7.2865055e-06
0,0,1.8296736e-05
0,0,7.1238894e-05
0,0,1.6982669e-05
0,0,1.314333e-05
0,0,9.969851e-06
0,0,0.00012119978
0,0,2.7649945e-05
0,0,0.00013353839
0,0,2.7604314e-05
0,0,0.00018707271
0,0,0.00024251337
0,0,1.8429281e-06
0,0,0.0020598518
0,0,1.747259e-05
0,0,0.0005098401
0,0,1.9763602e-05
0,0,3.954933e-05
0,0,0.00015160193
0,0,1.2660102e-05
0,0,2.9583261e-05
0,0,2.6900256e-05
0,0,4.6562098e-05
0,0,0.00013952068
0,0,2.4534282e-05
0,0,8.01259e-06
0,0,3.7716354e-06
0,0,4.6071036e-05
0,0,0.0006190496
0,0,1.0434956e-05
0,0,1.2394357e-05
0,0,1.613101e-05
0,0,2.847658e-05
0,0,0.0010143535
0,0,3.1126336e-05
0,0,2.5733312e-05
0,0,2.8900327e-05
0,0,2.3746916e-05
0,0,1.5187826e-05
0,0,4.0972456e-05
0,0,4.337253e-05
0,0,5.6131095e-05
0,0,5.2088537e-05
0,0,3.7398382e-05
0,0,4.6554418e-05
0,0,0.00014764884
0,0,3.4106815e-05
0,0,0.00021463096
0,0,0.0007031511
0,0,3.2817968e-06
0,0,5.5112818e-05
0,0,1.14737995e-05
0,0,9.243071e-06
0,0,2.231939e-05
0,0,1.8878767e-05
0,0,3.118576e-05
0,0,1.985638e-05
0,0,8.177639e-06
0,0,3.9627328e-05
0,0,0.0002852222
0,0,4.540895e-05
0,0,2.5769927e-05
0,0,5.5133474e-05
0,0,0.00020977666
0,0,1.539067e-05
0,0,0.00014624793
0,0,4.1976342e-05
0,0,7.548327e-06
0,0,0.00020842053
0,0,3.7899983e-05
0,0,4.597202e-06
0,0,0.00028151533
0,0,0.00039662287
0,0,3.0922543e-05
0,0,6.8055655e-05
0,0,9.245912e-05
0,0,4.329992e-05
0,0,5.86145e-06
0,0,7.784356e-06
0,0,3.5951733e-05
0,0,2.593516e-05
0,0,0.00012587037
0,0,1.2069122e-05
0,0,0.0006362606
0,0,5.876848e-05
0,0,0.00011214605
0,0,1.1888005e-05
0,0,0.00019708315
0,0,0.00022487924
0,0,4.0072326e-05
0,0,3.605848e-05
0,0,0.00016357556
0,0,0.0011089778
0,0,5.5120858e-05
0,0,0.00042895915
0,0,3.4645156e-05
0,0,1.3292933e-05
0,0,2.9519542e-05
0,0,3.3421133e-05
0,0,1.5998978e-05
0,0,0.00043630632
0,0,0.00052414025
0,0,8.1189224e-05
0,0,8.243718e-06
0,0,5.1940056e-06
0,0,8.6657754e-05
0,0,4.353364e-05
0,0,0.0016272082
0,0,4.207196e-05
0,0,8.354957e-05
0,0,3.2945012e-05
0,0,8.177883e-05
0,0,0.00049445615
0,0,0.00027311637
0,0,0.00021824121
0,0,8.4619256e-05
0,0,6.644497e-05
0,0,2.5546797e-05
0,0,0.00011031708
0,0,2.7135417e-05
0,0,5.225162e-05
0,0,8.2410435e-05
0,0,2.11609e-05
0,0,3.0364432e-05
0,0,5.2072e-05
0,0,2.4113047e-05
0,0,2.2033785e-06
0,0,0.0039242306
0,0,9.119971e-06
0,0,1.7906134e-05
0,0,2.4920086e-05
0,0,3.4934906e-06
0,0,4.220312e-05
0,0,5.2322426e-05
0,0,1.8258928e-05
0,0,0.00028172744
0,0,3.4501667e-05
0,0,1.5546713e-05
0,0,3.4402412e-05
0,0,0.0016282838
0,0,6.7971276e-05
0,0,1.4191811e-05
0,0,5.242641e-05
0,0,2.632546e-05
0,0,2.372987e-05
0,0,5.33077e-05
0,0,5.8069894e-05
0,0,0.00018274886
0,0,0.00012299328
0,0,4.0829345e-06
0,0,5.586591e-06
0,0,1.125848e-05
0,0,0.00024580312
0,0,1.3273196e-05
0,0,1.7571463e-05
0,0,1.509482e-05
0,0,1.0244376e-05
0,0,1.902733e-06
0,0,1.323072e-05
0,0,0.00027443792
0,0,0.00018648857
0,0,4.065365e-06
0,0,3.079368e-05
0,0,2.3742637e-05
0,0,4.620708e-05
0,0,1.7275488e-05
0,0,7.72461e-06
0,0,5.551618e-06
0,0,0.00014648211
0,0,5.261714e-05
0,0,0.00021214652
0,0,7.577256e-05
0,0,3.3231274e-05
0,0,2.351478e-05
0,0,3.781691e-05
0,0,4.887759e-05
0,0,0.00017842844
0,0,2.1421627e-05
0,0,1.1373973e-05
0,0,5.6168523e-05
0,0,4.0857158e-05
0,0,1.2355696e-05
0,0,4.798174e-05
0,0,0.00016386437
0,0,0.00046890724
0,0,4.2296517e-05
0,0,7.6994635e-05
0,0,0.0012740563
0,0,4.142837e-05
0,0,3.9620254e-06
0,0,2.9270534e-05
0,0,0.00032292533
0,0,3.2692133e-05
0,0,4.5357638e-06
0,0,8.2390085e-05
0,0,3.4636143e-06
0,0,5.522614e-05
0,0,2.388676e-05
0,0,0.0002027506
0,0,0.00065662496
0,0,0.00029017663
0,0,1.6697839e-05
0,0,1.9884425e-05
0,0,4.149328e-06
0,0,0.00016150744
0,0,1.2830204e-05
0,0,8.22484e-06
0,0,3.023789e-05
0,0,7.10832e-06
0,0,1.19581055e-05
0,0,1.6018474e-05
0,0,3.2280626e-05
0,0,2.0121344e-05
0,0,0.00019903544
0,0,2.2957372e-05
0,0,1.0120817e-05
0,0,2.4746802e-05
0,0,1.2979533e-05
0,0,0.00038981842
0,0,0.00014518901
0,0,7.632095e-05
0,0,0.0005507998
0,0,0.0023250843
0,0,5.0509185e-05
0,0,4.3253003e-06
0,0,0.00062032446
0,0,6.8044865e-06
0,0,3.7006743e-05
0,0,4.4523655e-05
0,0,6.4378575e-05
0,0,0.00013459162
0,0,2.913385e-06
0,0,2.7923223e-05
0,0,0.00023012156
0,0,2.1214222e-05
0,0,1.986625e-05
0,0,1.1937881e-05
0,0,0.00026374124
0,0,2.847772e-05
0,0,1.2486826e-05
0,0,1.0772838e-05
0,0,1.466554e-05
0,0,3.4856854e-05
0,0,6.935761e-06
0,0,2.8258588e-05
0,0,1.8391851e-05
0,0,3.6939728e-06
0,0,1.09337525e-05
0,0,0.00012675553
0,0,5.4637923e-05
0,0,9.60111e-06
0,0,8.557926e-05
0,0,3.4181772e-05
0,0,1.386712e-05
0,0,9.3437106e-05
0,0,7.423577e-05
0,0,4.7365407e-05
0,0,1.4661373e-05
0,0,2.8558857e-06
0,0,2.2906786e-05
0,0,6.7960646e-05
0,0,5.6334116e-05
0,0,3.4392408e-05
0,0,0.00020069318
0,0,9.9707686e-05
0,0,1.9582778e-06
0,0,5.69108e-06
0,0,2.4113348e-05
0,0,1.138044e-05
0,0,0.0005296612
0,0,2.0809843e-05
0,0,0.00016391328
0,0,0.00014312497
0,0,7.2319667e-06
0,0,3.630124e-05
0,0,3.2606695e-05
0,0,9.618357e-06
0,0,2.4103414e-05
0,0,1.3385286e-05
0,0,2.0227275e-05
0,0,0.00019716981
0,0,0.0015806367
0,0,0.00017160247
0,0,0.00021113091
0,0,5.1671523e-05
0,0,4.614719e-05
0,0,1.5355366e-05
0,0,7.694297e-06
0,0,2.968783e-05
0,0,4.04214e-05
0,0,4.962058e-06
0,0,2.783753e-05
0,0,4.577486e-05
0,0,0.0004156625
0,0,6.062745e-06
0,0,2.0413894e-05
0,0,2.2218788e-05
0,0,1.3970964e-05
0,0,4.3727728e-06
0,0,4.1027515e-06
0,0,1.1288487e-06
0,0,1.0165556e-05
0,0,2.8716837e-05
0,0,1.5788599e-05
0,0,4.7253026e-05
0,0,0.00024684353
0,0,1.5735972e-05
0,0,8.625591e-05
0,0,1.3496276e-05
0,0,5.4977387e-05
0,0,5.727713e-06
0,0,3.6949335e-05
0,0,8.72125e-06
0,0,1.2850297e-05
0,0,1.1166628e-05
0,0,2.312937e-05
0,0,1.5566253e-05
0,0,2.6292268e-05
0,0,7.6142137e-06
0,0,2.970529e-06
0,0,2.9103834e-05
0,0,0.00012213405
0,0,0.0050106384
0,0,7.789554e-06
0,0,3.7172667e-05
0,0,4.3250366e-06
0,0,9.554311e-05
0,0,1.3152458e-05
0,0,1.0480213e-05
0,0,0.00046046893
0,0,1.2828711e-05
0,0,0.0013539057
0,0,0.00016153486
0,0,0.0034724209
0,0,0.00023214193
0,0,9.5766496e-05
0,0,0.0008859277
0,0,1.8999344e-05
0,0,0.000104840474
0,0,8.662076e-06
0,0,8.476043e-05
0,0,3.9485865e-05
0,0,0.000120782366
0,0,5.585632e-06
0,0,2.1612355e-05
0,0,4.218437e-05
0,0,1.9271243e-05
0,0,7.570597e-05
0,0,0.0003138677
0,0,4.756611e-05
0,0,5.575712e-06
0,0,1.0528809e-05
0,0,4.6521372e-06
0,0,4.372311e-05
0,0,2.3872231e-05
0,0,9.248267e-05
0,0,0.00026576163
0,0,2.5049916e-05
0,0,9.736116e-06
0,0,6.4600215e-05
0,0,3.8746697e-05
0,0,1.9251478e-05
0,0,1.092456e-05
0,0,0.00020534299
0,0,9.293275e-06
0,0,0.0011978449
0,0,8.013874e-06
0,0,3.146093e-05
0,0,0.00012541821
0,0,3.135571e-05
0,0,0.00014079406
0,0,0.00014802029
0,0,1.920307e-05
0,0,3.399997e-05
0,0,0.0004076979
0,0,9.381843e-06
0,0,0.00028026148
0,0,0.00020823322
0,0,2.960399e-06
0,0,0.00017303572
0,0,0.0003085651
0,0,0.0025135179
0,0,7.235612e-05
0,0,4.6041428e-06
0,0,1.3112106e-05
0,0,0.00023492004
0,0,4.7822814e-05
0,0,1.9039031e-05
0,0,7.2538287e-06
0,0,8.380362e-05
0,0,0.00010788442
0,0,2.1671238e-05
0,0,5.2694577e-06
0,0,0.00014377799
0,0,3.6147998e-05
0,0,1.8998928e-05
0,0,5.019553e-06
0,0,2.6912368e-05
0,0,3.97864e-05
0,0,3.1882326e-05
0,0,4.0269348e-05
0,0,7.957104e-05
0,0,4.5747234e-05
0,0,1.592594e-05
0,0,7.540926e-05
1,1,0.94191283
0,0,3.2029944e-05
0,0,2.2113434e-05
0,0,7.162984e-05
0,0,8.869306e-05
0,0,0.00068669376
0,0,0.0001386368
0,0,9.767814e-05
0,0,0.00017156336
0,0,1.0476276e-05
0,0,9.0598105e-06
0,0,0.0003194307
0,0,3.96909e-06
0,0,2.2755206e-05
0,0,3.8669437e-05
0,0,2.6871898e-05
0,0,6.173373e-05
0,0,0.00011938653
0,0,5.9895636e-05
0,0,1.1862265e-05
0,0,1.289336e-05
0,0,9.588876e-05
0,0,0.0005045064
0,0,3.2709442e-05
0,0,1.6380063e-06
0,0,5.0097984e-05
0,0,0.00046930456
0,0,0.00044486183
0,0,1.067518e-05
0,0,2.2829608e-05
0,0,0.00012481763
0,0,8.9625055e-06
0,0,3.8187372e-06
0,0,2.7078082e-05
0,0,1.5277674e-05
0,0,1.8022098e-05
0,0,1.9002915e-05
0,0,6.0547186e-06
0,0,8.569263e-06
0,0,3.651773e-05
0,0,0.0026109745
0,0,5.8906007e-06
0,0,3.9842824e-05
0,0,4.322281e-05
0,0,7.0007864e-06
0,0,1.659641e-05
0,0,1.6459784e-05
0,0,8.8775305e-05
0,0,0.00012772666
0,0,0.0001564826
0,0,4.135306e-05
0,0,2.5757274e-05
0,0,3.525706e-05
0,0,1.604191e-05
0,0,0.0003812454
0,0,2.4433904e-05
0,0,0.0003804381
0,0,0.00017755255
0,0,0.00022001335
0,0,7.029816e-05
0,0,2.4222823e-05
0,0,0.00020346558
0,0,1.7560054e-05
0,0,4.8469265e-05
0,0,0.0011693616
0,0,5.6125873e-06
0,0,4.9720275e-05
0,0,1.0376971e-05
0,0,2.7517815e-05
0,0,6.833608e-05
0,0,0.0020566306
0,0,1.789548e-05
0,0,0.00015300042
0,0,1.9073486e-05
0,0,0.00048778832
0,0,1.7430733e-05
0,0,4.9591188e-05
0,0,1.5712549e-05
0,0,1.0154937e-05
0,0,0.00016650284
0,0,1.8019347e-05
0,0,4.329711e-05
0,0,8.234038e-06
0,0,3.082124e-05
0,0,1.4934777e-05
0,0,4.958151e-06
0,0,6.820938e-05
0,0,5.336099e-06
0,0,1.5909469e-05
0,0,3.406144e-05
0,0,0.0005203236
0,0,3.2835673e-05
0,0,5.406653e-05
0,0,6.532557e-05
0,0,9.464132e-05
0,0,8.218081e-06
0,0,2.8715876e-05
0,0,1.1448397e-05
0,0,1.9267916e-05
0,0,2.4769253e-05
0,0,1.7998e-05
0,0,3.466829e-05
0,0,4.143493e-05
0,0,1.3199339e-05
0,0,1.1313716e-05
0,0,7.2341813e-06
0,0,3.432589e-05
0,0,0.00012517616
0,0,9.672629e-06
0,0,2.0646643e-05
0,0,3.9557777e-05
0,0,9.599791e-06
0,0,2.126409e-05
0,0,0.00010795429
0,0,7.88148e-05
0,0,0.00030335493
0,0,9.23142e-05
0,0,0.000119723176
0,0,1.9950646e-06
0,0,8.667669e-06
0,0,0.00010354964
0,0,2.745329e-06
0,0,6.5666965e-05
0,0,7.0255664e-06
0,0,3.2794833e-05
0,0,3.498373e-05
0,0,6.340498e-06
0,0,0.000108090055
0,0,1.3729402e-05
0,0,5.8442697e-06
0,0,1.4344248e-05
0,0,2.2280556e-05
0,0,7.116278e-05
0,0,3.9246297e-06
0,0,0.00033510532
0,0,1.3055147e-05
0,0,7.3537385e-06
0,0,3.3043434e-05
0,0,4.702026e-06
0,0,0.000107448905
0,0,5.5961627e-06
0,0,2.874e-06
0,0,6.6548775e-05
0,0,9.745433e-06
0,0,5.1064676e-06
0,0,3.7248534e-05
0,0,6.267044e-05
0,0,0.00088017
0,0,1.2215837e-05
0,0,1.7271683e-05
0,0,0.00028128913
0,0,0.00012764678
0,0,0.0002026242
0,0,3.0327767e-06
0,0,0.00012003593
0,0,4.1832838e-05
0,0,0.0013163171
0,0,2.4857588e-06
0,0,4.9411006e-05
0,0,1.9962974e-05
0,0,3.976827e-05
0,0,3.258419e-05
0,0,4.8677015e-05
0,0,0.00023450579
0,0,2.416095e-05
0,0,3.7679038e-05
0,0,1.9065903e-05
0,0,0.0031784172
0,0,1.8722889e-05
0,0,5.5503955e-05
0,0,0.00023975063
0,0,2.5614445e-05
0,0,1.50941e-05
0,0,3.7934664e-05
0,0,4.3517225e-06
0,0,0.00019029118
0,0,4.6297017e-05
0,0,5.9198624e-06
0,0,0.0275808
0,0,7.1058486e-05
0,0,9.118049e-06
0,0,4.4177696e-06
0,0,7.56584e-06
0,0,4.661032e-06
0,0,1.604318e-05
0,0,2.923647e-05
0,0,0.00036438505
0,0,1.3734575e-05
0,0,1.7126216e-05
0,0,3.7770492e-06
0,0,0.0001684297
0,0,1.2661805e-05
0,0,0.00014612165
0,0,0.00015992916
0,0,1.640736e-05
0,0,0.00029879966
0,0,4.18924e-05
0,0,0.0001759508
0,0,0.00011117999
0,0,0.00011488012
0,0,0.0002907604
0,0,2.7455795e-05
0,0,4.45628e-06
0,0,7.116805e-06
0,0,5.377294e-06
0,0,7.773296e-05
0,0,9.198918e-06
0,0,0.0006319863
0,0,1.7755508e-05
0,0,8.137411e-06
0,0,6.871843e-05
0,0,0.00018077919
0,0,3.098149e-05
0,0,2.5277217e-05
0,0,4.149314e-05
0,0,6.25428e-05
0,0,0.00026475356
0,0,1.536779e-05
0,0,0.00010018545
0,0,3.7934227e-05
0,0,0.00013202145
0,0,4.5427937e-06
0,0,1.0262064e-05
0,0,4.267139e-05
0,0,3.0182404e-05
0,0,0.0008450119
0,0,0.0003635265
0,0,3.0697276e-05
0,0,4.1890482e-05
0,0,0.0001503307
0,0,2.7286444e-05
0,0,3.1211166e-05
0,0,1.822836e-05
0,0,1.5779551e-05
0,0,3.604786e-05
0,0,0.00028489064
0,0,0.000100499965
0,0,0.00010473356
0,0,1.2114394e-05
0,0,0.00010213134
0,0,9.425575e-05
0,0,2.5332867e-05
0,0,0.0020639503
0,0,3.2919637e-05
0,0,2.6318357e-05
0,0,2.2258342e-05
0,0,0.0002690122
0,0,3.013995e-05
0,0,0.00051539193
0,0,2.4333749e-05
0,0,3.3804663e-05
0,0,1.7710088e-06
0,0,3.6144e-05
0,0,3.168721e-05
0,0,1.6397567e-05
0,0,0.0004597595
0,0,3.854606e-05
0,0,1.9517227e-05
0,0,1.5970045e-05
0,0,7.690923e-06
0,0,4.1653824e-05
0,0,5.8182857e-05
0,0,8.895813e-06
0,0,0.002243517
0,0,1.695621e-05
0,0,4.7488156e-05
0,0,3.8377704e-05
0,0,4.0066596e-05
0,0,0.00011096476
0,0,3.498563e-05
0,0,0.00033291613
0,0,9.3754115e-06
0,0,0.00047197004
0,0,8.545214e-06
0,0,7.068071e-05
0,0,4.2229785e-06
0,0,6.711727e-05
0,0,0.00064678246
0,0,9.535038e-06
0,0,9.1878965e-06
0,0,0.00012513068
0,0,1.1812345e-05
0,0,0.00014719198
0,0,1.9922349e-05
0,0,8.623585e-05
0,0,1.522026e-05
0,0,0.00058419374
0,0,3.3853355e-06
0,0,0.00018258914
0,0,0.00041414017
0,0,3.7263765e-06
0,0,3.768885e-05
0,0,3.546969e-05
0,0,9.165301e-05
0,0,8.584432e-05
0,0,1.418821e-05
0,0,3.4733777e-05
0,0,0.00032963566
0,0,4.7996156e-05
0,0,0.0005722888
0,0,7.740476e-05
0,0,9.174395e-06
0,0,0.00010052479
0,0,0.00011955399
0,0,0.00015596794
0,0,0.00010892983
0,0,1.2002675e-05
0,0,0.0001306403
0,0,3.700844e-05
0,0,3.6382513e-05
0,0,0.00010043626
0,0,8.189548e-06
0,0,1.6722013e-05
0,0,0.00019583765
0,0,4.4089556e-05
0,0,3.0879226e-05
0,0,8.30522e-06
0,0,3.066898e-05
0,0,1.8523499e-05
0,0,7.9898215e-05
0,0,0.00030828427
0,0,4.39297e-05
0,0,2.0331012e-05
0,0,6.299748e-05
0,0,2.5988143e-06
0,0,1.3741348e-05
0,0,0.00021827056
0,0,8.864614e-06
0,0,0.0006094545
0,0,9.167233e-05
0,0,0.0028375967
0,0,1.8675133e-05
0,0,5.3012656e-05
0,0,0.0001252675
0,0,9.034617e-06
0,0,0.00022467971
0,0,8.755675e-05
0,0,1.1234873e-05
0,0,9.417322e-06
0,0,5.640624e-06
1,1,0.8585684
0,0,4.723694e-06
0,0,9.76245e-05
0,0,1.7925662e-05
0,0,4.6419205e-05
0,0,0.00010468734
0,0,0.0020928504
0,0,7.664892e-06
0,0,9.467795e-06
0,0,7.989706e-06
0,0,3.037865e-05
0,0,6.372131e-05
0,0,4.374676e-05
0,0,1.5244839e-05
0,0,6.16134e-05
0,0,9.5471165e-05
0,0,0.00027485716
0,0,6.758277e-05
0,0,2.95882e-05
0,0,0.00023404676
0,0,0.00014185121
0,0,7.3959985e-05
0,0,1.443344e-05
0,0,1.5678632e-05
0,0,8.959993e-06
0,0,1.6232025e-05
0,0,3.8342663e-05
0,0,1.8059724e-05
0,0,4.865791e-06
0,0,9.8036935e-06
0,0,0.00018551703
0,0,0.00019179305
0,0,5.6391445e-06
0,0,3.7562402e-06
0,0,0.0001830338
0,0,0.00048573216
0,0,2.6199066e-06
0,0,0.00011533168
0,0,6.773823e-06
0,0,1.8239749e-05
0,0,1.3091378e-05
0,0,8.987712e-06
0,0,4.6101406e-05
0,0,1.0484422e-05
0,0,6.217655e-06
0,0,8.590975e-05
0,0,7.0995295e-05
0,0,1.8543346e-05
0,0,2.8288734e-05
0,0,0.00017879647
0,0,1.358512e-05
0,0,0.000103074104
0,0,0.0003298485
0,0,5.1807157e-05
0,0,9.790101e-05
0,0,0.0006955088
0,0,3.3107655e-05
0,0,0.0047861077
0,0,1.1729245e-05
0,0,3.5365927e-05
0,0,0.00052752945
0,0,0.000250984
0,0,5.8321293e-05
0,0,7.839956e-06
0,0,3.118775e-05
0,0,8.728547e-06
0,0,0.00018662927
0,0,9.023701e-05
0,0,0.0009221033
0,0,3.2863838e-05
0,0,0.00020283142
0,0,8.668007e-05
0,0,5.494936e-06
0,0,4.8948987e-06
0,0,0.0014833729
0,0,2.7230242e-05
0,0,0.00011601322
0,0,0.00015125034
0,0,1.29939235e-05
0,0,0.0001122188
0,0,1.7369353e-05
0,0,8.642231e-05
0,0,0.0001935019
0,0,1.1984249e-05
0,0,0.00051634194
0,0,0.00019612523
0,0,3.1967724e-05
0,0,1.2461784e-05
0,0,0.00010676847
0,0,0.00014861456
0,0,7.460089e-05
0,0,1.2361517e-05
0,0,3.3284107e-06
0,0,2.975055e-05
0,0,1.1085013e-05
0,0,5.3164487e-05
0,0,1.5865273e-05
0,0,4.765724e-05
0,0,9.548105e-06
0,0,7.536555e-05
0,0,1.1432327e-05
0,0,0.00023828394
0,0,1.9194702e-05
0,0,0.00034166113
0,0,1.065106e-05
0,0,5.8088626e-06
0,0,7.6929246e-05
0,0,4.2122592e-06
0,0,5.0845058e-05
0,0,5.0537757e-05
0,0,0.000697029
0,0,0.00018460669
0,0,1.2970056e-05
0,0,3.3502376e-05
0,0,2.6912368e-05
0,0,4.3882587e-06
0,0,8.195658e-06
0,0,0.00010681411
0,0,9.30057e-05
0,0,0.0001085643
0,0,0.0005507998
0,0,1.7038376e-05
0,0,9.8370685e-05
0,0,3.073999e-05
0,0,5.641339e-06
0,0,3.260744e-05
0,0,9.720456e-06
0,0,5.3524087e-05
0,0,5.1885476e-05
0,0,9.0362126e-05
0,0,0.0005742996
0,0,3.2056163e-05
0,0,3.7899983e-05
0,0,4.8576712e-05
0,0,4.6676356e-05
0,0,0.0015331622
0,0,0.00034544183
0,0,1.9354029e-05
0,0,2.756107e-05
0,0,6.538266e-05
0,0,8.7358596e-05
0,0,1.0461739e-05
0,0,6.02817e-06
0,0,1.7099712e-05
0,0,3.0068752e-05
0,0,8.51911e-06
0,0,0.0072641494
0,0,0.0005327752
0,0,1.05419e-05
0,0,4.3557768e-05
0,0,0.0002842143
0,0,5.015611e-05
0,0,0.008193969
0,0,9.780282e-06
0,0,7.497955e-06
0,0,9.971182e-06
0,0,2.251021e-05
0,0,2.3791754e-05
0,0,0.00013818951
0,0,3.3511802e-05
0,0,8.706917e-05
0,0,2.581989e-05
0,0,0.00011771866
0,0,1.1867843e-05
0,0,7.674833e-06
0,0,5.254644e-05
0,0,1.7107965e-05
0,0,4.3190837e-05
0,0,4.226571e-05
0,0,0.0061126743
0,0,1.2398932e-05
0,0,0.0006753908
0,0,0.00027074982
0,0,5.3665095e-05
0,0,1.4406913e-05
0,0,0.00014654359
0,0,1.3120525e-05
0,0,6.1031024e-05
0,0,1.0794476e-05
0,0,9.672141e-06
0,0,7.051711e-05
0,0,2.289707e-05
0,0,8.7059925e-06
0,0,2.412138e-06
0,0,0.00027317053
0,0,8.9027e-05
0,0,1.623365e-05
0,0,2.8860777e-05
0,0,5.518537e-06
0,0,3.0367904e-05
0,0,1.2282562e-05
0,0,6.264475e-05
0,0,8.236033e-06
0,0,0.000105830055
0,0,9.9909834e-05
0,0,4.315169e-06
0,0,0.00012296128
0,0,0.00013825014
0,0,5.2929636e-06
0,0,0.00071767473
0,0,4.180237e-05
0,0,3.883078e-06
0,0,8.051887e-06
0,0,3.905758e-05
0,0,0.00029305025
0,0,0.00010775868
0,0,0.0003523674
0,0,0.00013798264
0,0,1.1080193e-05
0,0,4.0040086e-05
0,0,8.554174e-06
0,0,7.3615556e-05
0,0,0.00033065546
0,0,2.9432236e-05
0,0,2.7504644e-05
0,0,3.84535e-05
0,0,2.6043594e-05
0,0,5.3602294e-06
0,0,6.2833856e-06
0,0,2.0175645e-05
0,0,3.245224e-05
0,0,5.885412e-05
0,0,3.129826e-05
0,0,0.0004932337
0,0,6.16943e-05
0,0,0.00011147797
0,0,4.0682316e-05
0,0,0.00016031864
0,0,1.7434573e-05
0,0,1.1912667e-05
0,0,5.2692056e-05
0,0,1.4721956e-05
0,0,4.343391e-05
0,0,3.12265e-05
0,0,2.8259074e-05
0,0,5.4752043e-05
0,0,0.0015097276
0,0,0.0015435662
0,0,0.0004926203
0,0,5.5773282e-05
0,0,9.560861e-06
0,0,9.241654e-05
0,0,2.102492e-05
0,0,1.8128072e-05
0,0,8.33e-05
0,0,3.1026197e-05
0,0,1.1811726e-05
0,0,8.847916e-06
0,0,8.086993e-06
0,0,6.090532e-06
0,0,8.734527e-05
0,0,4.833988e-05
0,0,0.00020631759
0,0,6.758137e-06
0,0,8.6177235e-05
0,0,1.843781e-05
0,0,6.0773044e-05
0,0,3.7292146e-05
0,0,0.00046067158
0,0,7.422402e-05
0,0,1.0788466e-05
0,0,7.953239e-06
0,0,1.2169884e-05
0,0,7.039154e-05
0,0,0.00028850962
0,0,0.000110192384
0,0,2.5291636e-05
0,0,7.4136833e-06
0,0,4.3660362e-05
0,0,1.3353386e-05
0,0,0.0001681856
0,0,0.0042613274
0,0,6.012771e-06
0,0,2.4675107e-06
0,0,1.7859387e-05
0,0,3.1342464e-05
0,0,0.00078715687
0,0,2.4596386e-05
0,0,0.0025141179
0,0,0.0002436179
0,0,3.9050432e-05
0,0,4.9804697e-05
0,0,0.000109008906
0,0,0.00047174603
0,0,2.5579488e-05
0,0,2.2830784e-05
0,0,4.1624677e-05
0,0,9.969166e-06
0,0,1.23473665e-05
0,0,0.00018247357
0,0,5.496784e-05
0,0,6.996328e-06
0,0,3.751522e-05
0,0,4.9999424e-05
0,0,6.860921e-05
0,0,3.835601e-05
0,0,5.1919696e-06
0,0,0.00043285792
0,0,8.9393565e-05
0,0,0.00046498698
0,0,0.00030150873
0,0,6.137034e-05
0,0,1.789695e-05
0,0,6.462889e-06
0,0,4.8046804e-05
0,0,0.00019146179
0,0,1.3662723e-05
0,0,1.9183284e-05
0,0,3.5044468e-05
0,0,0.0001288548
0,0,1.1892508e-05
0,0,2.957872e-05
0,0,1.2404408e-05
0,0,2.3368834e-06
0,0,0.0005409031
0,0,0.00010867771
0,0,8.980462e-05
0,0,9.526776e-06
0,0,0.0007477842
0,0,2.7084303e-05
0,0,1.20429195e-05
0,0,3.3640878e-05
0,0,9.896181e-06
0,0,1.23731825e-05
0,0,2.5707433e-05
0,0,6.068328e-05
0,0,0.0016496998
0,0,1.0611245e-05
0,0,2.1141557e-05
0,0,3.5234036e-05
0,0,1.1882191e-05
0,0,8.795848e-06
0,0,4.9422553e-05
0,0,9.380904e-05
0,0,4.0699622e-05
0,0,0.00010259087
0,0,1.889096e-05
0,0,7.834426e-06
0,0,7.932512e-05
0,0,0.00042161168
0,0,0.00012832007
0,0,7.943991e-06
0,0,5.43721e-06
0,0,8.002121e-05
0,0,1.2861406e-05
0,0,5.2720003e-05
0,0,0.00012759933
0,0,0.00012843894
0,0,5.9572256e-05
0,0,1.8114144e-05
0,0,3.0240602e-05
0,0,3.4105316e-05
0,0,0.00019455327
0,0,2.1530564e-05
0,0,1.4994989e-05
0,0,0.0011822382
0,0,8.232458e-05
0,0,0.0006444882
0,0,2.508312e-05
0,0,6.815457e-05
0,0,1.4600385e-05
0,0,0.0013043911
0,0,0.00018321977
0,0,5.9873084e-05
0,0,0.00016963834
0,0,0.00022213596
0,0,1.2113632e-05
0,0,2.8400535e-05
0,0,8.238256e-06
0,0,9.6561125e-06
0,0,7.8000056e-05
0,0,0.00034532958
0,0,6.5809145e-05
0,0,3.1033447e-05
0,0,0.00010853739
0,0,1.1872734e-05
0,0,5.1486284e-05
0,0,7.345546e-05
0,0,0.0012428209
0,0,6.2715284e-05
0,0,1.0300167e-06
0,0,0.00017343528
0,0,2.658233e-05
0,0,0.00024691722
0,0,0.015275919
0,0,2.5370895e-05
0,0,3.1780464e-06
0,0,3.2640422e-05
0,0,6.6559434e-05
0,0,0.00037926287
0,0,1.4203563e-05
0,0,1.6399383e-05
0,0,0.007853823
0,0,2.3651768e-05
0,0,2.1539332e-05
0,0,3.0308189e-05
0,0,0.00020556102
0,0,1.4409537e-05
0,0,1.5097886e-05
0,0,4.3646167e-05
0,0,3.3825174e-05
0,0,0.00022626497
0,0,2.2941877e-05
0,0,1.25374545e-05
0,0,0.003090102
0,0,4.343333e-05
0,0,0.0007185353
0,0,3.0516923e-05
0,0,3.690324e-05
0,0,0.00017709215
0,0,7.1123336e-06
0,0,2.672467e-05
0,0,3.735777e-06
0,0,3.625592e-05
0,0,9.210163e-06
0,0,0.0011275709
0,0,2.394645e-05
0,0,4.8993603e-05
0,0,3.8324823e-05
0,0,9.273992e-06
0,0,0.0001873619
0,0,0.00057877233
0,0,0.0005298596
0,0,6.200087e-06
0,0,4.6723875e-05
0,0,0.0001868677
0,0,0.00017345132
0,0,3.102886e-05
0,0,8.328761e-06
0,0,2.824194e-05
0,0,0.00029242563
0,0,1.0053212e-05
0,0,7.087171e-05
0,0,1.3249888e-05
0,0,1.4685007e-05
0,0,0.0005361392
0,0,4.1924573e-05
0,0,5.6160592e-05
0,0,0.00023779893
0,0,3.648421e-05
0,0,3.1988966e-06
0,0,6.896846e-06
0,0,1.3794853e-05
0,0,4.5800578e-05
0,0,3.8045993e-05
0,0,3.824846e-06
0,0,0.00032459892
0,0,0.0001314489
0,0,8.040514e-06
0,0,5.8686383e-05
0,0,1.8796454e-05
0,0,2.7984537e-05
0,0,2.4113348e-05
0,0,2.2697339e-05
0,0,5.993483e-05
0,0,0.00012790618
0,0,5.033752e-06
0,0,1.7191687e-05
0,0,6.2749123e-06
0,0,0.00013982394
0,0,7.566476e-05
0,0,1.883101e-05
0,0,9.167206e-06
0,0,3.5655332e-05
0,0,6.687806e-05
0,0,9.125512e-06
0,0,1.6027658e-05
0,0,4.4175966e-05
0,0,0.00014098738
0,0,1.1632553e-05
0,0,0.000232339
0,0,0.00010658415
0,0,0.0016895793
0,0,1.1129927e-05
0,0,9.102485e-05
0,0,1.6696184e-05
0,0,5.3387266e-05
0,0,2.4950356e-05
0,0,6.6565867e-06
0,0,1.3083053e-05
0,0,5.2901152e-05
0,0,0.00010304944
0,0,8.243796e-06
0,0,8.549163e-07
0,0,2.0899479e-05
0,0,0.0004368925
0,0,2.3093866e-05
0,0,2.0981315e-05
0,0,1.5158567e-05
0,0,2.321509e-05
0,0,9.5341245e-05
0,0,0.00014419536
0,0,6.469811e-05
0,0,4.937954e-06
0,0,5.771133e-05
0,0,1.0311007e-05
0,0,3.8012884e-05
0,0,0.00017839679
0,0,0.00013606086
0,0,5.9653653e-06
0,0,2.0790425e-05
0,0,0.0022721004
0,0,8.828423e-05
0,0,2.3931541e-05
0,0,3.6911828e-05
0,0,8.616966e-06
0,0,3.591979e-05
0,0,1.466652e-05
0,0,3.680122e-05
0,0,3.3550175e-05
0,0,0.00012013213
0,0,5.1981083e-06
0,0,1.4721029e-05
0,0,4.037259e-05
0,0,1.06522575e-05
0,0,1.6368336e-05
0,0,0.00018294256
0,0,1.3150226e-05
0,0,0.00019000254
0,0,0.00032500114
0,0,0.00018264556
0,0,3.5026394e-05
0,0,1.439359e-05
0,0,0.0001839334
0,0,0.0009797735
0,0,3.2629527e-05
0,0,1.5793794e-05
0,0,2.1249049e-05
0,0,6.144383e-05
0,0,8.6822765e-05
0,0,0.00036341837
0,0,3.7783782e-05
0,0,8.3931984e-05
0,0,3.0612741e-06
0,0,1.2535147e-05
0,0,7.121064e-05
0,0,4.2142714e-05
0,0,4.9738246e-05
0,0,1.1222537e-05
0,0,3.0439638e-05
0,0,3.0971005e-05
0,0,0.00036852865
0,0,9.204517e-06
0,0,2.6574497e-05
0,0,0.000106024294
0,0,8.688948e-06
0,0,2.2695388e-06
0,0,9.706689e-05
0,0,0.00016357556
0,0,1.8029781e-05
0,0,5.6288177e-06
0,0,0.00017272778
0,0,6.1378787e-06
0,0,5.341589e-05
0,0,3.890751e-06
0,0,9.759551e-06
0,0,1.292198e-05
0,0,7.6158234e-05
0,0,0.001723914
0,0,0.00016697632
0,0,1.1132973e-05
0,0,5.4605207e-05
0,0,5.1199263e-06
0,0,1.1334245e-05
0,0,6.628631e-05
0,0,7.871181e-06
0,0,8.296016e-05
0,0,3.4571523e-05
0,0,4.8389975e-06
0,0,9.630791e-05
0,0,5.826895e-06
0,0,2.2391107e-05
0,0,4.306889e-06
0,0,1.4009188e-05
0,0,9.3131006e-05
0,0,7.24887e-06
0,0,3.4934525e-05
0,0,0.000108934815
0,0,0.00019000254
0,0,0.00012587757
0,0,4.2323267e-05
0,0,4.5647965e-05
0,0,1.446014e-05
0,0,0.0006975357
0,0,0.00018724601
0,0,1.777306e-05
0,0,0.0009242645
0,0,3.3901706e-05
0,0,1.2236067e-05
0,0,3.1886793e-05
0,0,2.0001047e-05
0,0,0.0025122461
0,0,0.000184394
0,0,1.8423976e-05
0,0,4.789509e-06
0,0,4.4259876e-05
0,0,1.2367142e-05
0,0,5.043535e-05
0,0,5.7716232e-05
0,0,0.0058903205
0,0,0.00010660204
0,0,2.438102e-05
0,0,3.8088845e-06
0,0,2.3809616e-05
0,0,3.397586e-05
0,0,1.2484432e-05
0,0,0.00061659684
0,0,4.6586456e-06
0,0,0.0001324378
0,0,0.0025616908
0,0,0.00015189957
0,0,4.8614576e-05
0,0,3.252905e-05
0,0,4.2002448e-05
0,0,3.4878132e-05
0,0,0.00045693095
0,0,3.685801e-05
0,0,7.8808116e-05
0,0,7.633794e-06
0,0,4.24094e-05
0,0,1.752153e-05
0,0,0.00013410137
0,0,2.4791492e-05
0,0,0.00047101072
0,0,3.7067493e-05
0,0,7.057174e-06
0,0,3.4399493e-06
0,0,3.6180623e-05
0,0,0.0007090836
0,0,0.00034618494
0,0,9.514661e-05
0,0,0.00011325307
0,0,0.00016170269
0,0,3.3084889e-06
0,0,1.0761338e-05
0,0,1.0868196e-05
0,0,2.3171671e-05
0,0,1.9852914e-05
0,0,2.0457392e-05
0,0,4.54836e-06
0,0,0.0019083458
0,0,1.1907749e-05
0,0,0.00019257699
0,0,0.0001747185
0,0,0.00010923492
0,0,4.7219196e-06
0,0,1.085412e-05
0,0,7.5220305e-05
0,0,5.8752514e-05
0,0,2.5080299e-05
0,0,6.7493056e-05
0,0,0.00017533649
0,0,0.0001919945
0,0,0.0005293034
0,0,3.466839e-05
0,0,0.00026972927
0,0,3.3832883e-05
0,0,5.4621665e-05
0,0,0.00018054698
0,0,1.8446639e-05
0,0,4.3579203e-05
0,0,8.63821e-05
0,0,9.5398045e-06
0,0,4.361295e-06
0,0,3.9167015e-05
0,0,8.628125e-05
0,0,4.6085665e-05
0,0,0.00048689617
0,0,2.7998338e-05
0,0,0.00034027375
0,0,1.5365093e-05
0,0,7.4380237e-06
0,0,4.238571e-05
0,0,0.0007215872
0,0,0.00017933361
0,0,0.00026064602
0,0,0.000170583
0,0,3.658089e-05
0,0,0.00021853315
0,0,2.5986457e-05
0,0,5.6515877e-05
0,0,8.6952095e-05
0,0,4.8689224e-05
0,0,3.551257e-05
0,0,1.1597273e-05
0,0,1.8520477e-05
0,0,6.5904705e-06
0,0,0.00028871238
0,0,2.2058062e-05
0,0,5.435981e-06
0,0,0.00015019874
0,0,0.00014262783
0,0,0.0008618297
0,0,4.9500002e-05
0,0,8.131056e-05
0,0,4.206823e-05
0,0,1.522026e-05
0,0,2.5261777e-06
0,0,6.0094793e-05
0,0,0.00021167657
0,0,0.00029687557
0,0,1.1298276e-05
0,0,0.00010196327
0,0,0.00017903445
0,0,2.8013133e-06
0,0,0.00038320303
0,0,2.2032518e-05
0,0,0.000108046464
0,0,0.00015235724
0,0,4.1376847e-05
0,0,1.0538316e-06
0,0,0.00012330507
0,0,9.355664e-06
0,0,1.3036199e-05
0,0,1.0524845e-05
0,0,6.637151e-05
0,0,2.2566439e-05
0,0,1.2377785e-05
0,0,0.00082769967
0,0,1.7741206e-05
0,0,1.9311221e-05
0,0,1.4203251e-05
0,0,4.4568427e-05
0,0,2.0026106e-05
0,0,0.00029562687
0,0,4.9797996e-05
0,0,0.00014649832
0,0,1.4885848e-05
0,0,0.00016832132
0,0,0.00013008565
0,0,1.3955158e-05
0,0,3.0659186e-05
0,0,2.2211163e-05
0,0,7.02179e-05
0,0,9.2279435e-05
0,0,1.3660717e-05
0,0,0.00030604142
0,0,0.007451874
0,0,0.00013969801
0,0,1.4156474e-06
0,0,0.0003605531
0,0,9.108871e-06
0,0,2.2733408e-05
0,0,1.7451392e-05
0,0,1.0993025e-05
0,0,4.0486597e-05
0,0,2.0742616e-05
0,0,0.00039612895
0,0,0.00040838248
0,0,2.520253e-05
0,0,1.1018162e-05
0,0,2.830927e-05
0,0,3.9143044e-05
0,0,0.00016924267
0,0,3.6811958e-05
0,0,0.00064786733
0,0,0.00031360987
0,0,3.0080022e-05
0,0,9.804675e-05
0,0,9.436592e-05
0,0,4.188413e-06
0,0,1.3715124e-05
0,0,1.29622895e-05
0,0,0.0010326029
0,0,1.6568576e-05
0,0,1.0100858e-05
0,0,2.2134836e-06
0,0,0.00018936138
0,0,0.0010579041
0,0,5.738382e-05
0,0,8.829608e-06
0,0,4.8253614e-06
0,0,3.0672432e-05
0,0,6.3731946e-05
0,0,0.00046164877
0,0,0.00017877073
0,0,6.624827e-05
0,0,7.76299e-06
0,0,1.0664028e-05
0,0,9.982686e-06
0,0,0.00047134756
0,0,6.810792e-05
0,0,4.7575453e-05
0,0,0.00031928305
0,0,0.00024065112
0,0,3.5131357e-06
0,0,6.1988336e-05
0,0,5.3737716e-05
0,0,8.788742e-05
0,0,3.2613423e-06
0,0,5.1952934e-06
0,0,3.074553e-05
0,0,0.00020249654
0,0,0.0005317374
0,0,5.998784e-05
0,0,2.3549026e-05
0,0,3.3150274e-05
0,0,1.4229308e-05
0,0,3.3856024e-05
0,0,5.0678584e-05
0,0,1.874717e-05
0,0,5.80554e-06
0,0,0.00018900134
0,0,1.7213653e-05
0,0,1.857765e-05
0,0,0.001699358
0,0,4.0064533e-05
0,0,0.00012842988
0,0,8.337367e-05
0,0,3.396251e-05
0,0,1.649525e-05
0,0,1.0198046e-05
0,0,3.4672456e-05
0,0,3.969726e-06
0,0,5.8159447e-05
0,0,0.00012949987
0,0,1.1929937e-05
0,0,0.0033191373
0,0,6.1665223e-06
0,0,3.6820664e-05
0,0,0.00070243044
0,0,1.7962231e-05
0,0,3.8614642e-05
0,0,3.8890033e-05
0,0,6.0546805e-05
0,0,4.3713146e-05
0,0,7.2364186e-05
0,0,1.4741413e-05
0,0,0.0030133002
0,0,9.13984e-06
0,0,2.6606016e-05
0,0,6.5947834e-06
0,0,0.00019029118
0,0,5.3680964e-05
0,0,3.0574425e-05
0,0,9.303872e-06
0,0,2.932275e-05
0,0,3.1960317e-05
0,0,8.3943916e-05
0,0,0.00025811
0,0,1.5075053e-05
0,0,5.170504e-05
0,0,0.0011802011
0,0,1.6864069e-06
0,0,0.00010011936
0,0,0.000751923
0,0,1.0271992e-05
0,0,1.14068e-05
0,0,1.5092603e-05
0,0,0.00052290544
0,0,1.4028479e-05
0,0,1.1505499e-05
0,0,3.149329e-05
0,0,7.1523564e-06
0,0,4.8014375e-05
0,0,1.4425527e-05
0,0,0.00078598235
0,0,4.137661e-05
0,0,0.0028328018
0,0,3.4857396e-06
0,0,9.270729e-06
0,0,1.2366022e-05
0,0,9.949278e-06
0,0,0.0003432586
0,0,1.503147e-05
0,0,0.00018392534
0,0,1.3425696e-05
0,0,1.4034957e-05
0,0,1.8799878e-05
0,0,0.00013963116
0,0,0.000104219
0,0,6.309777e-05
0,0,0.0002242555
0,0,1.5796008e-05
0,0,2.1238515e-05
0,0,4.869405e-05
0,0,0.0013047558
0,0,0.00045600327
0,0,7.57329e-05
0,0,2.2849103e-05
0,0,0.0016124102
0,0,2.3259676e-05
0,0,1.9405313e-06
0,0,0.0005064913
0,0,2.5755548e-06
0,0,3.4089353e-05
0,0,5.813638e-05
0,0,5.6829118e-05
0,0,9.3833456e-05
0,0,6.0194532e-05
0,0,2.9073819e-05
0,0,0.00012003593
0,0,1.0592733e-05
0,0,3.145388e-05
0,0,3.6758847e-05
0,0,1.1947573e-05
0,0,2.5116009e-05
0,0,1.6946753e-05
0,0,4.3826385e-05
0,0,0.00018565469
0,0,5.3100875e-06
0,0,0.0001045077
0,0,1.9883553e-05
0,0,2.9786945e-05
0,0,2.416095e-05
0,0,0.00207485
0,0,0.0009604504
0,0,6.5048503e-06
0,0,8.570037e-05
0,0,3.5375237e-05
0,0,6.7112276e-05
0,0,1.1734928e-05
0,0,8.786592e-06
0,0,8.3413215e-06
0,0,4.3453343e-05
0,0,0.00022711113
0,0,0.001519674
0,0,2.7460195e-05
0,0,1.3356773e-05
0,0,1.7275768e-05
0,0,0.0001703267
0,0,0.00011783254
0,0,4.7006415e-05
0,0,3.9006143e-05
0,0,4.2657473e-05
0,0,7.0226993e-06
0,0,9.138204e-05
0,0,4.575029e-05
0,0,0.0010192246
0,0,3.7823727e-05
0,0,0.000115410556
0,0,0.0001263473
0,0,9.5584455e-06
0,0,5.4632033e-06
0,0,7.945359e-05
0,0,3.066053e-05
0,0,0.0001702064
0,0,0.00026266096
0,0,1.2471259e-05
0,0,1.0096736e-05
0,0,1.793883e-05
0,0,8.399962e-06
0,0,0.00014644959
0,0,6.4739625e-06
0,0,0.00033761244
0,0,0.010992482
0,0,1.8102366e-05
0,0,1.1610033e-05
0,0,1.6055026e-05
0,0,6.981036e-05
0,0,5.4885873e-05
0,0,4.073636e-05
0,0,9.214326e-06
0,0,1.2325649e-05
0,0,0.0001001589
0,0,0.0001518347
0,0,1.0373231e-05
0,0,3.677831e-05
0,0,3.2113072e-05
0,0,9.429104e-06
0,0,7.3993986e-05
0,0,4.4238786e-06
0,0,1.3396102e-05
0,0,1.1444839e-05
0,0,5.896541e-05
0,0,0.0003173714
0,0,0.013135666
0,0,1.3292552e-05
0,0,6.625503e-05
0,0,3.407846e-05
0,0,4.033272e-05
0,0,3.0668103e-05
0,0,0.00018354517
0,0,0.0004365087
0,0,6.971631e-06
0,0,1.4789784e-05
0,0,2.5282305e-05
0,0,3.5791567e-05
0,0,0.00014307161
0,0,0.00085228565
0,0,0.00015384496
0,0,1.588944e-05
0,0,6.2691186e-05
0,0,7.4681746e-05
0,0,3.1229831e-06
0,0,0.00016279367
0,0,5.36094e-06
0,0,4.0778294e-05
0,0,8.502368e-05
0,0,3.947028e-05
0,0,1.1224389e-05
0,0,0.0003338133
0,0,1.6233047e-05
0,0,0.00018213653
0,0,6.650842e-05
0,0,3.0563822e-06
0,0,0.00036766438
0,0,2.3882092e-05
0,0,2.567162e-05
0,0,6.3047487e-06
0,0,0.00025318822
0,0,1.3743418e-05
0,0,1.8578943e-05
0,0,7.148197e-06
0,0,4.5038196e-05
0,0,0.00017115308
0,0,1.722919e-05
0,0,1.9159754e-05
0,0,3.169422e-05
0,0,1.7877315e-05
0,0,0.00023020209
0,0,0.0012502541
0,0,0.000104848776
0,0,1.934818e-05
0,0,1.6130301e-05
0,0,8.741759e-06
0,0,0.0011490942
0,0,0.00010343516
0,0,6.873562e-06
0,0,6.8547146e-05
0,0,0.0004286828
0,0,0.0019524966
0,0,2.4212015e-05
0,0,7.45445e-05
0,0,1.1668807e-05
0,0,0.00022418133
0,0,0.00038491777
0,0,1.0504929e-05
0,0,8.418336e-05
0,0,2.6247526e-05
0,0,2.3356213e-05
0,0,5.264409e-05
0,0,1.0510019e-05
0,0,6.986437e-05
0,0,0.00039086124
0,0,0.00015588646
0,0,2.8636843e-05
0,0,1.7007369e-05
0,0,4.9515256e-06
0,0,1.5054121e-05
0,0,8.2705155e-06
0,0,6.4678034e-06
0,0,2.2507893e-05
0,0,4.7103116e-05
0,0,3.6625705e-05
0,0,7.355577e-05
0,0,7.05883e-05
0,0,6.447829e-05
0,0,2.4586512e-05
0,0,0.00040017194
0,0,5.7902897e-05
0,0,9.294861e-06
0,0,1.0984274e-05
0,0,6.4427644e-05
0,0,3.3478773e-05
0,0,9.5626514e-05
0,0,8.322021e-06
0,0,8.202001e-05
0,0,2.7247594e-05
0,0,1.8083523e-05
0,0,1.3074447e-05
0,0,6.0597173e-05
0,0,2.9230949e-05
0,0,4.1368107e-06
0,0,0.00029794284
0,0,5.2744304e-06
0,0,1.625427e-05
0,0,0.00019534215
0,0,5.0845156e-05
0,0,8.772708e-05
0,0,1.8468747e-05
0,0,1.7600561e-05
0,0,1.695959e-05
0,0,3.878677e-05
0,0,0.00018417102
0,0,3.6086345e-05
0,0,5.506301e-05
0,0,1.5519192e-05
0,0,2.7003322e-05
0,0,3.0798865e-06
0,0,0.0008461649
0,0,7.838742e-05
0,0,5.3383395e-05
0,0,0.0005940175
0,0,5.669428e-06
0,0,5.3725726e-05
0,0,3.1990625e-05
0,0,2.7525006e-05
0,0,0.00014421792
0,0,5.8111405e-06
0,0,7.439889e-06
0,0,2.4661564e-05
0,0,3.9918814e-06
0,0,2.02207e-05
0,0,2.9917359e-05
0,0,5.7497355e-06
0,0,6.252956e-05
0,0,9.839501e-06
0,0,8.614823e-05
0,0,0.00037957757
0,0,0.00012953272
0,0,2.5248764e-05
0,0,1.8518676e-05
0,0,3.4712793e-06
0,0,6.2581275e-05
0,0,0.0030790663
0,0,9.139535e-06
0,0,1.6054046e-05
0,0,8.4458836e-05
0,0,1.7513361e-05
0,0,0.0006050066
0,0,9.891653e-06
0,0,0.00018586335
0,0,2.7951784e-05
0,0,0.00035366864
0,0,0.00014148324
0,0,1.2571709e-05
0,0,3.2826156e-05
0,0,0.00037595272
0,0,1.39250205e-05
0,0,1.7063923e-05
0,0,0.00016117991
0,0,7.435307e-06
0,0,9.905567e-05
0,0,8.370259e-05
0,0,1.3051225e-05
0,0,0.000117638316
0,0,5.935768e-05
0,0,9.882471e-05
0,0,0.00017338239
0,0,5.6083068e-06
0,0,5.092804e-05
0,0,6.189813e-06
0,0,5.2858204e-06
0,0,1.5540118e-05
0,0,6.5171196e-05
0,0,1.1201119e-05
0,0,4.7794183e-05
0,0,2.2226419e-05
0,0,2.2415954e-05
0,0,9.953586e-06
0,0,0.00068961515
0,0,5.279285e-05
0,0,6.8734576e-06
0,0,0.0008223143
0,0,2.9692588e-05
0,0,4.8548834e-05
0,0,9.737496e-05
0,0,0.00020150289
0,0,2.7837237e-05
0,0,4.3446795e-05
0,0,1.842252e-05
0,0,5.1696315e-05
0,0,4.8508708e-05
0,0,5.3232972e-05
0,0,1.9717347e-05
0,0,2.4136423e-05
0,0,1.5607262e-05
0,0,0.00012604597
0,0,2.6094087e-05
0,0,0.0016398997
0,0,3.7353316e-06
0,0,0.00011704383
0,0,6.151063e-06
0,0,6.3813924e-05
0,0,8.726899e-06
0,0,0.00040378878
0,0,0.0002535095
0,0,0.002689342
0,0,4.8424314e-05
0,0,0.0037807366
0,0,0.00013149642
0,0,1.9070048e-05
0,0,0.00016812836
0,0,6.8345526e-06
0,0,1.4943682e-05
0,0,5.838042e-06
0,0,0.00035294867
0,0,1.8710609e-06
0,0,3.2301105e-05
0,0,6.296727e-05
0,0,0.005887297
0,0,4.252267e-05
0,0,1.2365998e-05
0,0,1.4411393e-05
0,0,0.00011519528
0,0,0.00022823755
0,0,0.0008974159
0,0,0.00010946369
0,0,0.00041160494
0,0,6.608006e-05
0,0,1.4242342e-05
0,0,2.5412921e-06
0,0,6.159977e-05
0,0,1.0989848e-05
0,0,7.701469e-06
0,0,1.0250924e-05
0,0,1.3417787e-05
0,0,2.8411856e-05
0,0,3.6280962e-05
0,0,3.954801e-05
0,0,0.00010533902
0,0,0.00012245872
0,0,4.119292e-06
0,0,1.18506405e-05
0,0,2.9081279e-05
0,0,4.6255714e-06
0,0,3.7051734e-05
0,0,6.002418e-05
0,0,5.042145e-05
0,0,1.4440309e-05
0,0,1.5415464e-05
0,0,8.150906e-05
0,0,0.00011354935
0,0,8.577955e-06
0,0,5.089564e-07
0,0,0.000120097764
0,0,2.2490449e-05
0,0,0.00030175317
0,0,6.2888053e-06
0,0,4.0260325e-05
0,0,2.6792546e-05
0,0,3.0400677e-05
0,0,2.2724911e-05
0,0,6.374581e-05
0,0,4.46493e-05
0,0,1.65339e-06
0,0,2.729386e-05
0,0,9.526776e-06
0,0,1.1467094e-05
0,0,5.4346914e-05
0,0,0.00046375112
0,0,5.663705e-06
0,0,1.1553724e-05
0,0,2.776891e-05
0,0,2.4249057e-05
0,0,1.1014799e-05
0,0,1.6030455e-05
0,0,0.00027751032
0,0,2.3149563e-05
0,0,0.00010241054
0,0,1.4621578e-05
0,0,6.847222e-05
0,0,1.3142453e-05
0,0,1.7281058e-05
0,0,0.00023902208
0,0,4.3818156e-05
0,0,1.08528375e-05
0,0,3.2399334e-05
0,0,2.093277e-05
0,0,1.0690053e-05
0,0,9.761767e-06
0,0,6.98734e-06
0,0,1.2823317e-05
0,0,4.5655015e-05
0,0,0.00013916327
0,0,3.9539864e-05
0,0,6.61542e-05
0,0,0.0015088596
0,0,0.0038107794
0,0,0.00022780361
0,0,3.482502e-05
0,0,4.697809e-06
0,0,6.8371146e-06
0,0,6.567213e-06
0,0,0.00014189613
0,0,2.7004302e-05
0,0,0.00011865349
0,0,4.5122415e-06
0,0,5.0683902e-05
0,0,4.8320475e-05
0,0,1.2096996e-05
0,0,5.2398624e-05
0,0,1.2406325e-05
0,0,0.00010658415
0,0,0.00014203922
0,0,3.9842595e-05
0,0,6.805272e-06
0,0,5.251833e-05
0,0,2.3730414e-05
0,0,2.2310494e-05
0,0,3.3218566e-05
0,0,0.00012720014
0,0,0.00015596942
0,0,5.8151574e-05
0,0,7.1013405e-06
0,0,3.1034364e-05
0,0,6.7592955e-05
0,0,9.532765e-06
0,0,1.3506525e-05
0,0,8.438847e-05
0,0,3.1166226e-05
0,0,0.00047573025
0,0,3.228078e-05
0,0,3.856739e-05
0,0,1.6003083e-05
0,0,0.0006715408
0,0,0.0001346761
0,0,9.056079e-06
1,1,0.93984413
0,0,7.4358813e-06
0,0,8.0044865e-06
0,0,0.00017174882
0,0,8.230544e-06
0,0,8.687096e-05
0,0,4.767301e-05
0,0,7.973745e-06
0,0,0.00013192595
0,0,6.4627755e-05
0,0,5.259045e-05
0,0,3.2499345e-05
0,0,1.098157e-06
0,0,8.507257e-06
0,0,3.1818447e-05
0,0,3.3874833e-06
0,0,8.735592e-06
0,0,6.325314e-05
0,0,1.495091e-05
0,0,0.00011501396
0,0,3.8433558e-05
0,0,1.3141612e-05
0,0,0.00021441006
0,0,9.255764e-06
0,0,4.62915e-06
0,0,1.2401559e-06
0,0,4.2652715e-05
0,0,1.0424612e-05
0,0,1.6999797e-05
0,0,8.072653e-06
0,0,0.00028735964
0,0,4.199244e-06
0,0,8.975428e-05
0,0,4.419463e-05
0,0,2.0301717e-05
0,0,6.9069516e-05
0,0,1.3536957e-05
0,0,2.3142677e-05
0,0,4.6000523e-06
0,0,2.457533e-05
0,0,0.000117759635
0,0,2.7232893e-05
0,0,0.00013174718
0,0,7.2876224e-05
0,0,1.1543316e-05
0,0,6.0593422e-05
0,0,8.665917e-06
0,0,0.00011214755
0,0,0.00013019734
0,0,3.926062e-05
0,0,6.0636407e-06
0,0,4.098668e-05
0,0,0.00021796444
0,0,2.86957e-05
0,0,5.1915715e-05
0,0,0.0011427706
0,0,2.8912567e-05
0,0,3.2918382e-05
0,0,0.00041541556
0,0,0.00014679253
0,0,4.322829e-05
0,0,1.7122426e-05
0,0,5.5065398e-06
0,0,0.00013274617
0,0,8.13588e-05
0,0,1.2166402e-05
0,0,4.675287e-06
0,0,0.00014290486
0,0,6.212949e-06
0,0,4.190011e-05
0,0,0.0001454742
0,0,1.6200816e-05
0,0,1.6988808e-05
0,0,1.8701581e-05
0,0,0.000119482764
0,0,9.851595e-06
0,0,3.2434884e-05
0,0,9.320701e-06
0,0,0.00026811985
0,0,1.2394322e-05
0,0,0.00033430217
0,0,0.00024967466
0,0,0.00017654184
0,0,0.000103798375
0,0,6.320695e-05
0,0,2.2051101e-05
0,0,4.472033e-05
0,0,0.00019126582
0,0,0.00048027345
0,0,6.4999775e-05
0,0,2.5941321e-05
0,0,5.0992527e-05
0,0,5.4854595e-06
0,0,0.00023164025
0,0,7.306487e-05
0,0,2.4657495e-05
0,0,1.5241904e-05
0,0,2.4286835e-06
0,0,1.0151315e-05
0,0,6.394398e-05
0,0,2.133306e-06
0,0,4.6133948e-05
0,0,7.215461e-06
0,0,1.4234085e-06
0,0,0.0039217244
0,0,1.25115e-05
0,0,6.6835314e-06
0,0,0.015817411
0,0,0.000115412426
0,0,0.00081893965
0,0,6.6807283e-06
0,0,4.842833e-05
0,0,4.9477826e-06
0,0,1.8201208e-05
0,0,2.0982176e-05
0,0,0.0004893855
0,0,6.823918e-05
0,0,6.9436437e-06
0,0,0.000108366236
0,0,1.1916928e-05
0,0,0.006122569
0,0,7.897362e-05
0,0,0.000266422
0,0,9.960918e-06
0,0,1.8459166e-05
0,0,3.84374e-06
0,0,0.0007514714
0,0,0.00010462087
0,0,4.195169e-06
0,0,5.329657e-05
0,0,1.924687e-05
0,0,1.1506178e-05
0,0,0.00034875135
0,0,3.066898e-05
0,0,3.826079e-06
0,0,5.757325e-05
0,0,0.0035960076
0,0,0.003179192
0,0,2.4446514e-05
0,0,3.056215e-05
0,0,0.00026756266
0,0,5.660206e-06
0,0,1.7723856e-05
0,0,1.1201879e-05
0,0,9.272613e-05
0,0,0.0004608534
0,0,0.000104637824
0,0,0.0004923379
0,0,2.5725582e-05
0,0,0.00031572272
0,0,1.7164853e-05
0,0,3.322709e-05
0,0,3.6808902e-05
0,0,8.397632e-06
0,0,7.5625508e-06
0,0,0.0010006368
0,0,8.831471e-05
0,0,0.00022570087
0,0,4.7510668e-05
0,0,0.00039420754
0,0,1.0684224e-05
0,0,2.6365284e-05
0,0,0.00094047055
0,0,1.767462e-05
0,0,0.00043289238
0,0,6.651973e-06
0,0,7.3492454e-05
0,0,1.4801988e-05
0,0,2.0890373e-05
0,0,1.4660073e-05
0,0,0.000108811175
0,0,0.000100313264
0,0,3.9626157e-05
0,0,0.0003046374
0,0,1.5029665e-05
0,0,1.8157434e-05
0,0,4.414838e-05
0,0,0.00015850557
0,0,9.356889e-05
0,0,2.540381e-06
0,0,3.0056424e-05
0,0,5.2537267e-05
0,0,4.569435e-05
0,0,4.2377283e-06
0,0,0.00015885857
0,0,9.474461e-06
0,0,8.235326e-06
0,0,7.180829e-06
0,0,1.0051476e-05
0,0,9.3871226e-05
0,0,2.9721681e-05
0,0,1.9928297e-05
0,0,5.5994988e-06
0,0,6.0453287e-05
0,0,0.00018745572
0,0,6.590114e-05
0,0,1.8247005e-05
0,0,1.8028904e-05
0,0,0.0019647325
0,0,0.00018486968
0,0,0.0005016381
0,0,0.00020479414
0,0,4.0549035e-05
0,0,0.00027602416
0,0,0.00034203703
0,0,4.3723026e-05
0,0,1.1205266e-05
0,0,1.3431626e-05
0,0,0.00030753892
0,0,6.5250366e-05
0,0,3.5715293e-05
0,0,0.00017671581
0,0,9.896181e-06
0,0,0.012044006
0,0,9.5290074e-05
0,0,2.550534e-05
0,0,4.1010215e-05
0,0,0.00014178184
0,0,2.2177488e-05
0,0,1.2795244e-05
0,0,0.00010654046
0,0,0.00014189235
0,0,5.355799e-06
0,0,2.9766583e-05
0,0,1.2618879e-05
0,0,4.8035214e-05
0,0,1.539961e-05
0,0,1.0704367e-05
0,0,0.00020789438
0,0,6.621517e-06
0,0,0.0006848795
0,0,0.00032387002
0,0,5.9364702e-05
0,0,0.0033927131
0,0,6.165117e-06
0,0,8.634924e-06
0,0,1.8745723e-05
0,0,0.0010545534
0,0,5.5606786e-05
0,0,9.22852e-06
0,0,0.00012356743
0,0,0.00011217023
0,0,1.8545345e-05
0,0,7.804105e-05
0,0,1.2000055e-05
0,0,5.6878125e-05
0,0,0.00018439224
0,0,8.175985e-06
0,0,1.0066393e-05
0,0,1.4308001e-05
0,0,6.760353e-05
0,0,7.967542e-06
0,0,1.2317506e-05
0,0,8.298493e-05
0,0,8.618971e-06
0,0,0.00035417103
0,0,0.00022995048
0,0,0.00014873393
0,0,1.3952669e-05
0,0,1.0094541e-05
0,0,5.320043e-06
0,0,0.00024328062
0,0,1.6029997e-05
0,0,0.00011666653
0,0,8.848727e-06
0,0,0.00011819455
0,0,1.0541821e-05
0,0,9.298736e-06
0,0,5.096297e-05
0,0,8.6074906e-05
0,0,0.0004416733
0,0,1.0042776e-05
0,0,0.00014778534
0,0,1.606492e-05
0,0,4.8483136e-05
0,0,1.4386537e-05
0,0,2.5229077e-05
0,0,4.283827e-05
0,0,9.900704e-06
0,0,5.7795598e-05
0,0,2.2594713e-05
0,0,0.0007454569
0,0,1.5883455e-05
0,0,3.4376503e-06
0,0,2.171928e-05
0,0,0.00026971768
0,0,0.00022092799
0,0,0.0010041136
0,0,8.333402e-06
0,0,2.1565145e-06
0,0,0.00010478751
0,0,9.340081e-06
0,0,0.00016675546
0,0,3.1601176e-05
0,0,2.4023395e-05
0,0,1.1463092e-05
0,0,0.0011600063
0,0,8.5697775e-06
0,0,1.1832211e-05
0,0,0.00025058567
0,0,6.476503e-05
0,0,1.584663e-05
0,0,6.787412e-05
0,0,1.857556e-05
0,0,0.00013316466
0,0,2.9138382e-05
0,0,0.000119254546
0,0,2.8569618e-06
0,0,2.4560875e-05
0,0,1.1089443e-05
0,0,1.6144691e-05
0,0,1.01051555e-05
0,0,3.3492568e-05
0,0,1.3495747e-05
0,0,1.2083449e-05
0,0,6.23498e-05
0,0,1.0588369e-05
0,0,3.2034395e-06
0,0,0.00013369841
0,0,0.0003412394
0,0,1.44084515e-05
0,0,6.7418573e-06
0,0,1.600667e-05
0,0,7.911413e-06
0,0,1.2530856e-05
0,0,0.00011825882
0,0,3.8402736e-06
0,0,0.00010894469
0,0,0.000101355945
0,0,9.782661e-06
0,0,7.770174e-06
0,0,2.2941482e-05
0,0,1.1093092e-05
0,0,2.0533951e-05
0,0,3.065679e-05
0,0,1.210309e-05
0,0,6.6476164e-06
0,0,2.3833878e-05
0,0,3.6826565e-05
0,0,0.00019325591
0,0,5.998584e-06
0,0,1.3100221e-05
0,0,1.9273504e-05
0,0,8.6197615e-05
0,0,1.8319048e-05
0,0,9.162933e-05
0,0,5.5111896e-06
0,0,1.4426394e-05
0,0,8.68568e-05
0,0,3.648619e-05
0,0,4.408935e-05
0,0,2.3901595e-05
0,0,0.00070554274
0,0,1.9881429e-05
0,0,4.697477e-06
0,0,2.3474372e-06
0,0,5.71756e-05
0,0,7.0490287e-06
0,0,0.00019142438
0,0,1.7059496e-05
0,0,2.3481143e-05
0,0,6.5068365e-05
0,0,2.1159043e-05
0,0,3.0813128e-05
0,0,9.070703e-06
0,0,4.979743e-05
0,0,2.7576554e-05
0,0,1.9769275e-05
0,0,5.1668223e-05
0,0,1.0317055e-05
0,0,0.003421977
0,0,1.909223e-05
0,0,5.3366084e-06
0,0,0.00017460376
0,0,1.3614898e-05
0,0,3.982261e-05
0,0,4.5469096e-05
0,0,5.3200292e-05
0,0,0.00025574418
0,0,1.8642713e-05
0,0,2.190794e-05
0,0,4.1286432e-05
0,0,0.00017712406
0,0,4.0022376e-05
0,0,1.4215108e-05
0,0,0.000100719
0,0,3.550949e-05
0,0,6.395971e-05
0,0,0.000881198
0,0,2.3602483e-06
0,0,7.259136e-06
0,0,5.5526766e-06
0,0,1.5688503e-05
0,0,0.0001408209
0,0,0.00017268794
0,0,1.2620671e-05
0,0,1.9336909e-05
0,0,3.6191115e-05
0,0,8.724436e-06
0,0,0.00019123082
0,0,0.00079652655
0,0,2.554302e-05
0,0,4.7179135e-05
0,0,6.2192914e-05
0,0,5.562291e-05
0,0,8.991879e-06
0,0,0.00016143617
0,0,7.283732e-05
0,0,3.6555324e-05
0,0,3.5064226e-05
0,0,0.0009088291
0,0,3.5277408e-05
0,0,5.364908e-05
0,0,3.725854e-06
0,0,0.0011229578
0,0,0.00044499713
0,0,6.1079285e-05
0,0,7.686464e-05
0,0,7.558651e-05
0,0,7.897143e-06
0,0,0.0005450488
0,0,2.255381e-05
0,0,1.1710177e-05
0,0,0.00030289224
0,0,1.7641143e-05
0,0,2.516883e-05
0,0,2.677433e-06
0,0,1.2054709e-05
0,0,3.631277e-05
0,0,6.6533626e-06
0,0,0.00015029401
0,0,0.002542413
0,0,4.0257368e-05
0,0,0.0022020033
0,0,0.00011930073
0,0,2.1045744e-05
0,0,4.791219e-05
0,0,0.00050138426
0,0,0.00014649413
0,0,1.6120153e-05
0,0,7.1976036e-05
0,0,3.1712938e-05
0,0,2.0980155e-05
0,0,8.269967e-05
0,0,2.307238e-05
0,0,0.00014598224
0,0,0.0015470963
0,0,0.00026017678
0,0,0.0004112502
0,0,1.582929e-05
0,0,3.1270692e-06
0,0,1.7881612e-05
0,0,3.2713788e-06
0,0,2.4639277e-05
0,0,1.2605708e-05
0,0,2.5436355e-05
0,0,3.801183e-05
0,0,2.9497482e-05
0,0,8.32649e-05
0,0,0.00014520521
0,0,2.407826e-05
0,0,0.0010690449
0,0,0.000397656
0,0,0.0001374364
0,0,1.7148966e-05
0,0,1.8727999e-06
0,0,1.4344411e-05
0,0,0.000107615735
0,0,1.2207137e-05
0,0,2.9947787e-05
0,0,0.00011584508
0,0,5.285488e-06
0,0,1.192475e-05
0,0,7.962637e-05
0,0,3.7890408e-05
0,0,1.9373198e-05
0,0,1.7775483e-05
0,0,0.00027278534
0,0,8.144939e-05
0,0,3.4417375e-05
0,0,1.3468504e-05
0,0,0.0007932006
0,0,3.7786882e-05
0,0,4.2205625e-06
0,0,8.71628e-05
0,0,4.500196e-05
0,0,0.0001638214
0,0,0.001101768
0,0,3.1414465e-06
0,0,2.4334657e-05
0,0,7.546854e-05
0,0,8.3719715e-06
0,0,2.681095e-05
0,0,8.332154e-06
0,0,0.00068328384
0,0,2.7362534e-05
0,0,1.1145136e-05
0,0,1.4706043e-05
0,0,2.5632378e-05
0,0,5.3323663e-05
0,0,3.1297811e-06
0,0,0.00020936642
0,0,0.0003567825
0,0,6.961139e-05
0,0,0.00029672278
0,0,0.00020005924
0,0,1.4891116e-05
0,0,4.0861796e-06
0,0,0.00011850773
0,0,1.8276227e-05
0,0,0.00084131456
0,0,5.962373e-06
0,0,0.02128115
0,0,0.00021586748
0,0,3.8103433e-05
0,0,4.6623685e-05
0,0,0.00014998221
0,0,0.00045684667
0,0,1.7568313e-05
0,0,4.1564176e-06
0,0,3.193405e-05
0,0,7.7897326e-05
0,0,3.1557363e-06
0,0,1.9676982e-05
0,0,0.00014082882
0,0,3.9617615e-05
0,0,8.236259e-05
0,0,5.79225e-05
0,0,2.5647418e-05
0,0,1.2665343e-05
0,0,0.00012798634
0,0,0.00012424159
0,0,0.00011877823
0,0,2.3122248e-05
0,0,0.00017364661
0,0,8.2326e-05
0,0,6.425867e-05
0,0,3.8930182e-05
0,0,5.1130522e-05
0,0,3.7593978e-05
0,0,1.6233229e-06
0,0,1.3016495e-06
0,0,0.0011516623
0,0,4.8335685e-05
0,0,0.00013125777
0,0,4.239454e-06
0,0,0.0001798988
0,0,0.000117984884
0,0,3.8285514e-05
1,1,0.9917671
0,0,0.00027270394
0,0,9.849778e-05
0,0,2.3558347e-05
0,0,0.0002101446
0,0,0.00011104849
0,0,0.0007943844
0,0,1.3588385e-05
0,0,7.5614626e-05
0,0,0.0001491088
0,0,4.7617687e-06
0,0,1.30713925e-05
0,0,6.756898e-05
0,0,9.21655e-06
0,0,1.235626e-05
0,0,8.3406914e-05
0,0,8.9022586e-05
0,0,0.00025089073
0,0,3.8026406e-05
0,0,1.2484599e-05
0,0,0.00045057645
0,0,0.0005326932
0,0,7.785016e-06
0,0,3.4185218e-06
0,0,4.2963624e-05
0,0,2.326792e-06
0,0,3.8319254e-06
0,0,2.4910556e-05
0,0,5.0635604e-06
0,0,1.1510283e-05
0,0,1.3276778e-05
0,0,3.9275525e-05
0,0,1.02848835e-05
0,0,2.1397207e-05
0,0,6.3144903e-06
0,0,2.1548023e-05
0,0,2.3613584e-06
0,0,2.4908324e-05
0,0,0.0021993888
0,0,5.0581593e-06
0,0,8.736901e-05
0,0,4.338866e-05
0,0,1.697883e-05
0,0,0.00017299646
0,0,7.3713476e-05
0,0,3.6972e-05
0,0,1.7879736e-05
0,0,7.597957e-05
0,0,2.1800875e-05
0,0,0.00012716933
0,0,6.5269783e-06
0,0,6.884462e-05
0,0,1.6749353e-05
0,0,4.5891386e-05
0,0,0.0002609265
0,0,1.2567682e-05
0,0,0.00010006926
0,0,4.9854778e-05
0,0,1.2277047e-05
0,0,0.00014773982
0,0,1.01084315e-05
0,0,1.5910971e-05
0,0,5.9963357e-05
0,0,5.3572396e-05
0,0,0.00015819362
0,0,0.00016029466
0,0,0.00020948783
0,0,2.6937558e-05
0,0,4.2783035e-05
0,0,1.1900143e-05
0,0,4.6258756e-05
0,0,6.2092226e-06
0,0,5.7940797e-06
0,0,6.7547655e-05
0,0,1.3105143e-05
0,0,1.693165e-05
0,0,1.5070655e-05
0,0,2.3220162e-05
0,0,0.0001463146
0,0,7.845899e-05
0,0,0.0016772153
0,0,7.071442e-05
0,0,2.0156818e-05
0,0,3.3981203e-05
0,0,0.00022885489
0,0,0.0035714437
0,0,0.00029328838
0,0,4.865053e-06
0,0,6.8303176e-05
0,0,2.2931683e-05
0,0,3.4378896e-05
0,0,0.00017476815
0,0,0.0007258654
0,0,0.00018734779
0,0,1.0341071e-05
0,0,5.4765314e-06
0,0,3.9049388e-05
0,0,0.00046958422
0,0,9.964956e-06
0,0,5.115397e-06
0,0,7.776025e-05
0,0,0.00060666027
0,0,2.2600703e-05
0,0,3.4459546e-05
0,0,2.1380767e-05
0,0,1.9129875e-06
0,0,6.765267e-05
0,0,9.65074e-05
0,0,0.00035963583
0,0,7.682302e-06
0,0,7.669535e-06
0,0,0.00060586055
0,0,3.6108515e-05
0,0,1.1816379e-05
0,0,4.141056e-05
0,0,5.9593734e-05
0,0,0.00011138182
0,0,7.6060904e-05
0,0,0.0007863228
0,0,3.0660558e-05
0,0,0.0010144834
0,0,5.9542097e-05
0,0,1.7252303e-06
0,0,2.8684814e-05
0,0,1.7237737e-05
0,0,7.7895915e-05
0,0,4.974263e-06
0,0,6.2298095e-05
0,0,0.00034695843
0,0,0.00095259194
0,0,5.078027e-05
1,1,0.9864423
0,0,1.6800497e-05
0,0,1.1593341e-06
0,0,4.1303363e-05
0,0,7.862091e-05
0,0,6.155784e-05
0,0,1.6004944e-05
0,0,3.9126526e-06
0,0,3.825402e-05
0,0,4.2768064e-05
0,0,0.00049463956
0,0,0.00022116952
0,0,5.4178014e-05
0,0,1.4858958e-05
0,0,6.325531e-05
0,0,0.00084910274
0,0,0.0001249809
0,0,7.2037246e-06
0,0,1.7111834e-05
0,0,3.6195324e-05
0,0,0.0001260128
0,0,7.1775416e-05
0,0,5.8805704e-06
0,0,5.5546316e-05
0,0,1.4591574e-05
0,0,1.1998007e-05
0,0,3.572197e-05
0,0,2.9370523e-05
0,0,6.29378e-05
0,0,1.3572109e-06
0,0,5.8226982e-05
0,0,1.885169e-05
0,0,0.0023099137
0,0,9.04209e-06
0,0,2.2474369e-05
0,0,2.038032e-05
0,0,1.9974552e-05
0,0,0.00018507127
0,0,2.8296019e-05
0,0,4.1210038e-05
0,0,3.3128713e-06
0,0,0.00018382593
0,0,2.4183655e-05
0,0,5.3804477e-05
0,0,0.0002856666
0,0,0.000103506696
0,0,4.859804e-06
0,0,9.989468e-05
0,0,0.0014859395
0,0,2.9111718e-05
0,0,1.717327e-05
0,0,1.4438864e-05
0,0,0.00018510851
0,0,3.003777e-05
0,0,9.633137e-06
0,0,0.0001677994
0,0,3.3431555e-05
0,0,5.758626e-06
0,0,9.438086e-05
0,0,3.4599325e-05
0,0,0.00012123724
0,0,0.0029873943
0,0,2.4401279e-05
0,0,7.915223e-05
0,0,0.0006461491
0,0,2.5832007e-05
0,0,3.1799154e-05
0,0,0.00040017194
0,0,2.4982117e-05
0,0,2.684288e-05
0,0,6.930644e-05
0,0,2.1821426e-05
0,0,5.2200372e-05
0,0,6.3821453e-06
0,0,4.9168975e-06
0,0,3.6717087e-05
0,0,3.5785297e-06
0,0,6.371238e-05
0,0,2.2468575e-06
0,0,2.8637964e-05
0,0,7.825328e-05
0,0,1.9823457e-05
0,0,1.96145e-05
0,0,1.8196852e-05
0,0,3.447519e-06
0,0,5.3560238e-05
0,0,3.5801946e-05
0,0,0.0025023608
0,0,0.0005425329
0,0,0.0001782735
0,0,5.2178126e-05
0,0,0.00023924325
0,0,5.607732e-05
0,0,7.2326795e-05
0,0,0.00011223624
0,0,1.49625475e-05
0,0,2.003474e-05
0,0,2.4954972e-05
0,0,2.4829444e-05
0,0,0.0009125568
0,0,0.00013507556
0,0,0.0008515388
0,0,6.4037154e-06
0,0,1.4972925e-05
0,0,1.092629e-05
0,0,2.0447835e-05
0,0,3.1546824e-05
0,0,9.76556e-05
0,0,0.00017748213
0,0,4.8357406e-06
0,0,1.5400521e-05
0,0,5.466685e-06
0,0,3.6125757e-06
0,0,1.7735116e-05
0,0,0.0014972677
0,0,1.909254e-05
0,0,1.2827083e-05
0,0,0.00016431921
0,0,3.406641e-05
0,0,7.1009213e-06
0,0,1.002428e-05
0,0,2.0915351e-05
0,0,5.2323912e-06
0,0,7.349575e-05
0,0,0.0013199652
0,0,1.5940503e-06
0,0,2.213314e-05
0,0,5.4614684e-05
0,0,1.0344642e-05
0,0,7.543609e-05
0,0,1.0107989e-05
0,0,8.011024e-06
0,0,1.373895e-05
0,0,3.6224806e-06
0,0,1.3713372e-05
0,0,2.5454434e-05
0,0,6.7810943e-06
0,0,2.668616e-05
0,0,1.1999105e-05
0,0,1.1686237e-05
0,0,0.00048419464
0,0,3.734542e-05
0,0,3.563976e-05
0,0,3.0973308e-05
0,0,1.9563218e-05
0,0,0.010520297
0,0,0.00026096456
0,0,0.0008102688
0,0,1.9189212e-05
0,0,2.6499134e-05
0,0,0.00013254721
0,0,6.421536e-06
0,0,0.00022392457
0,0,3.4123732e-05
0,0,2.870787e-06
0,0,2.0712809e-05
0,0,1.2006018e-05
0,0,0.00013575424
0,0,0.028528005
0,0,5.1228076e-06
0,0,2.7180327e-05
0,0,3.133625e-05
0,0,0.00059035275
0,0,4.3155673e-05
0,0,5.1430245e-05
0,0,0.0005824455
0,0,3.4846796e-06
0,0,1.8777573e-06
0,0,0.000880511
0,0,2.6068119e-05
0,0,9.377808e-06
0,0,6.1973083e-06
0,0,1.2511726e-05
0,0,0.000250801
0,0,0.0002374498
0,0,1.4159947e-05
0,0,8.56377e-05
0,0,0.0012947379
0,0,5.6401954e-05
0,0,8.113683e-06
0,0,2.9698816e-05
0,0,0.00018207871
0,0,2.8877022e-05
0,0,0.00014769912
0,0,1.1497437e-05
0,0,4.4040517e-05
0,0,7.7803625e-06
0,0,7.2535654e-06
0,0,0.00025776055
0,0,2.7887296e-05
0,0,0.00010930003
0,0,6.403075e-05
0,0,2.7605602e-05
0,0,1.1539915e-05
0,0,1.5944981e-05
0,0,0.00015626357
0,0,1.9564897e-05
0,0,7.137673e-05
0,0,3.2294665e-06
0,0,2.2737853e-05
0,0,2.9880748e-05
0,0,1.4456458e-05
0,0,0.0023968085
0,0,9.154418e-05
0,0,2.1289534e-05
0,0,2.7334365e-05
0,0,0.00014933661
0,0,7.6780884e-07
0,0,2.3152088e-06
0,0,3.7205256e-05
0,0,0.00011922373
0,0,2.59249e-05
0,0,0.00012353997
0,0,1.7902736e-05
0,0,2.7569022e-06
0,0,5.1959698e-05
0,0,6.260495e-06
0,0,0.00052865775
0,0,3.638789e-05
0,0,3.5621957e-05
0,0,0.00095051806
0,0,0.00070692046
0,0,4.9864507e-06
0,0,4.084551e-05
0,0,0.00031079745
0,0,4.5474967e-06
0,0,2.0182429e-06
0,0,0.00016740945
0,0,5.606983e-05
0,0,1.7932723e-05
0,0,0.00034276285
0,0,9.360635e-06
0,0,2.2715874e-05
0,0,0.00035183498
0,0,9.069233e-06
0,0,0.00010557635
0,0,2.5495614e-05
0,0,4.3297823e-06
0,0,9.009845e-06
0,0,0.001359742
0,0,4.8672515e-05
0,0,5.6515553e-05
0,0,1.4100829e-05
0,0,1.4156949e-05
0,0,1.4464126e-05
0,0,0.00020440185
0,0,4.7029014e-05
0,0,5.1530642e-05
0,0,0.0015073337
0,0,3.2235002e-06
0,0,6.869635e-05
0,0,5.3572396e-05
0,0,0.000106486215
0,0,1.4231576e-05
0,0,4.8592097e-05
0,0,4.4869033e-05
0,0,1.6543709e-05
0,0,0.00014046913
0,0,1.036625e-05
0,0,5.6141826e-06
0,0,0.00011740253
0,0,2.6739786e-05
0,0,8.005838e-05
0,0,9.864686e-05
0,0,0.0009891466
0,0,9.514645e-06
0,0,1.1377401e-05
0,0,0.00079802814
0,0,5.631532e-05
0,0,9.40725e-06
0,0,3.8069546e-05
0,0,2.8823088e-06
0,0,0.0007473315
0,0,0.00014676314
0,0,3.608201e-05
0,0,0.00010126783
0,0,0.00011942992
0,0,1.745094e-05
0,0,1.663336e-05
0,0,0.0010603974
0,0,1.46538e-06
0,0,2.913385e-06
0,0,1.7383985e-05
0,0,9.801329e-06
0,0,2.1397615e-05
0,0,3.587416e-05
0,0,7.528984e-05
0,0,1.8110584e-05
0,0,9.394161e-05
0,0,8.228456e-06
0,0,9.909025e-06
0,0,1.3136738e-05
0,0,4.5290024e-05
0,0,4.002395e-06
0,0,2.2245058e-05
0,0,1.7723518e-05
0,0,0.0002943773
0,0,3.5062303e-06
0,0,0.00013755885
0,0,0.00014944658
0,0,1.17926365e-05
0,0,2.383022e-05
0,0,2.4298224e-05
0,0,9.951774e-06
0,0,6.1017465e-05
0,0,4.0927895e-05
0,0,3.403978e-05
0,0,7.0928916e-05
0,0,7.972421e-06
0,0,1.2300075e-05
0,0,8.439549e-06
0,0,1.8450648e-06
0,0,4.372439e-06
0,0,1.1540323e-05
0,0,0.00038626572
0,0,1.3884548e-05
0,0,1.4164187e-05
0,0,1.5938687e-05
0,0,0.00017033108
0,0,0.00024409547
0,0,1.5376527e-05
0,0,0.00020383723
0,0,0.0003357308
0,0,0.0009365353
0,0,0.00039083965
0,0,2.3264047e-05
0,0,1.1415485e-05
0,0,3.7028312e-05
0,0,2.1609472e-05
0,0,3.163253e-05
0,0,5.1237126e-05
0,0,2.311052e-05
0,0,0.00013187286
0,0,0.00011384207
0,0,3.886438e-05
0,0,1.1212951e-05
0,0,0.0015709507
0,0,4.261661e-05
0,0,9.754239e-06
0,0,0.00046561635
0,0,1.032173e-05
0,0,4.7120907e-06
0,0,3.12548e-05
0,0,3.1256233e-05
0,0,1.699033e-05
0,0,0.0002549189
0,0,4.067072e-05
0,0,6.0064485e-05
0,0,8.126079e-05
0,0,8.800962e-05
0,0,6.8802685e-05
0,0,3.4105012e-06
0,0,1.74459e-05
0,0,4.9675646e-06
0,0,1.9947367e-05
0,0,6.363815e-06
0,0,6.8902686e-05
0,0,3.7223144e-05
0,0,2.0992884e-05
0,0,6.2863895e-05
0,0,2.6096224e-05
0,0,2.3009601e-05
0,0,1.6503007e-05
0,0,0.00019164609
0,0,2.7119195e-05
0,0,0.0001987271
0,0,5.7578236e-06
0,0,2.6780772e-05
0,0,0.0001662552
0,0,0.0014146045
0,0,0.00015676321
0,0,8.381553e-05
0,0,8.612529e-06
0,0,5.931012e-06
0,0,5.3249172e-05
0,0,8.342307e-06
0,0,0.00011611693
0,0,6.021779e-05
0,0,0.0006839386
0,0,1.8357261e-05
0,0,2.6280586e-05
0,0,5.145355e-06
0,0,1.9206367e-05
0,0,2.8673216e-05
0,0,5.7637797e-05
0,0,0.00055810425
0,0,2.71998e-05
0,0,1.3459117e-05
0,0,5.039891e-05
0,0,1.2149984e-05
0,0,0.000149883
0,0,2.459613e-05
0,0,2.8319746e-05
0,0,2.3563245e-05
0,0,0.00032272434
0,0,3.7757738e-05
0,0,5.397396e-05
0,0,0.00014266823
0,0,4.510189e-05
0,0,0.0006531656
0,0,4.6613946e-05
0,0,9.909668e-06
0,0,3.052176e-06
0,0,7.1508284e-06
0,0,2.2202248e-05
0,0,3.0952284e-05
0,0,6.1276087e-06
0,0,4.5324946e-06
0,0,2.6820466e-05
0,0,6.607879e-05
0,0,8.3015875e-05
0,0,5.2693063e-05
0,0,2.1425734e-05
0,0,7.015597e-06
0,0,9.774697e-06
0,0,1.334991e-05
0,0,1.533662e-05
0,0,1.2401641e-05
0,0,1.0777031e-05
0,0,2.7552396e-05
0,0,9.252799e-06
0,0,0.0005337201
0,0,4.044222e-05
0,0,0.000115829294
0,0,0.00014957474
0,0,2.0544843e-05
0,0,9.742446e-05
0,0,6.2387386e-05
0,0,8.621784e-05
0,0,0.0001296176
0,0,1.6974702e-05
0,0,3.4737632e-06
0,0,0.00020726895
0,0,8.775504e-06
0,0,6.234679e-06
0,0,6.727561e-05
0,0,0.0010260668
0,0,4.6916804e-05
0,0,7.232686e-05
0,0,6.6828693e-06
0,0,1.7189046e-05
0,0,1.8918525e-05
0,0,3.0041694e-05
0,0,0.00011374702
0,0,1.2577405e-05
0,0,0.000101241094
0,0,3.2076652e-05
0,0,3.954035e-05
0,0,1.7729675e-06
0,0,0.00022289528
0,0,7.685027e-06
0,0,6.4428015e-05
0,0,2.1684427e-05
0,0,4.8474303e-05
0,0,1.6501732e-05
0,0,1.1779463e-05
0,0,1.04280125e-05
0,0,8.158212e-06
0,0,3.094777e-05
0,0,1.0373231e-05
0,0,5.109205e-06
0,0,7.156382e-06
0,0,9.524096e-06
0,0,3.8057457e-05
0,0,5.0921412e-06
0,0,0.0001271452
0,0,3.1895066e-05
1,1,0.9328075
0,0,0.0017012917
0,0,1.5406427e-05
0,0,0.0009783016
0,0,1.4687781e-05
0,0,0.0002540367
0,0,0.00017881028
0,0,4.0027106e-05
0,0,1.4412273e-06
0,0,0.00023883117
0,0,1.0850302e-05
0,0,7.7155455e-05
0,0,1.2050813e-05
0,0,0.000646426
0,0,2.3084527e-05
0,0,5.6144286e-06
0,0,2.1672953e-05
0,0,0.0002744785
0,0,7.306619e-05
0,0,0.0014414061
0,0,5.000386e-05
0,0,2.8668323e-05
0,0,0.00630337
0,0,6.969031e-05
0,0,1.8604724e-05
0,0,5.276523e-06
0,0,1.2333151e-05
0,0,2.522975e-05
0,0,2.1591384e-05
0,0,2.341837e-05
0,0,5.1215684e-05
0,0,1.3055482e-06
0,0,2.1430085e-05
0,0,0.00039132973
0,0,8.837283e-06
0,0,0.0001565629
0,0,5.7122097e-06
0,0,2.0605434e-05
0,0,0.00053076976
0,0,0.000116982796
0,0,2.9132489e-05
0,0,2.9065834e-05
0,0,0.00010427933
0,0,0.00022868125
0,0,2.4501222e-05
0,0,1.8691811e-05
0,0,5.1023153e-06
0,0,3.3366643e-05
0,0,4.4661563e-05
0,0,2.6200009e-05
0,0,5.902151e-06
0,0,1.0598411e-05
0,0,5.724958e-05
0,0,8.019646e-06
0,0,4.8477355e-05
0,0,1.0260225e-05
0,0,0.00013723694
0,0,4.3403932e-05
0,0,4.042244e-05
0,0,2.408428e-06
0,0,1.1340235e-05
0,0,0.0005843772
0,0,2.4760277e-06
0,0,4.403187e-05
0,0,2.0625212e-05
0,0,5.6214016e-05
0,0,2.682852e-05
0,0,9.939233e-05
0,0,2.0483707e-05
0,0,1.3438327e-05
0,0,9.297264e-06
0,0,1.8028973e-05
0,0,8.1606355e-05
0,0,1.2161077e-05
0,0,3.5696532e-05
0,0,5.555685e-06
0,0,4.1463434e-05
0,0,0.00015193144
0,0,2.8247005e-05
0,0,3.5513247e-05
0,0,1.3086671e-05
0,0,7.1396134e-05
0,0,2.5809451e-05
0,0,0.00024990807
0,0,3.3239863e-05
0,0,0.00025836827
0,0,6.2703795e-05
0,0,0.00014594312
0,0,0.0026775924
0,0,8.106004e-05
0,0,6.053044e-06
0,0,2.7816726e-05
0,0,5.1064835e-05
0,0,4.086055e-05
0,0,3.4626493e-05
0,0,0.00025169094
0,0,6.360772e-05
0,0,1.3506422e-05
0,0,7.511966e-05
0,0,5.5239994e-05
0,0,0.00034679042
0,0,1.2442167e-05
0,0,8.937669e-05
0,0,8.581649e-05
0,0,9.478303e-05
0,0,0.00023739546
0,0,0.00010881677
0,0,5.3432854e-05
0,0,9.40124e-05
0,0,3.5473546e-05
0,0,1.685387e-05
0,0,2.6454718e-05
0,0,1.0699356e-05
0,0,7.1985187e-06
0,0,2.2935515e-06
0,0,0.00035213583
0,0,9.402183e-06
0,0,7.914915e-06
0,0,2.2118791e-05
0,0,0.00032245464
0,0,0.00020734247
0,0,0.00013224762
0,0,0.00013050994
0,0,9.236704e-05
0,0,1.9043897e-05
0,0,0.0005058742
0,0,2.9434845e-05
0,0,6.716657e-05
0,0,0.00038879632
0,0,2.5579488e-05
0,0,3.6871967e-05
0,0,6.5709624e-05
0,0,1.5682848e-05
0,0,1.8195205e-05
0,0,2.3384473e-05
0,0,1.8433871e-05
0,0,0.00011274157
0,0,2.280739e-05
0,0,2.5794932e-05
0,0,0.00014235242
0,0,4.0324416e-05
0,0,2.3146913e-05
0,0,0.00013392323
0,0,2.4525664e-06
0,0,9.767041e-05
0,0,0.00012376106
0,0,0.00077816984
0,0,2.9880519e-05
0,0,0.0004436942
0,0,8.9117806e-05
0,0,2.2565793e-05
0,0,4.227518e-05
0,0,0.011789703
0,0,0.000103132996
0,0,6.102119e-05
0,0,0.0005852476
0,0,0.00031797803
0,0,4.506479e-06
0,0,0.0007400569
0,0,8.3737e-05
0,0,4.4741322e-05
0,0,2.3730661e-05
0,0,1.3401584e-05
0,0,1.9429834e-05
0,0,1.8644758e-05
0,0,1.4901374e-05
0,0,0.00027636968
0,0,4.0946674e-05
0,0,4.163222e-05
0,0,1.991084e-05
0,0,0.0001041862
0,0,2.1082524e-05
0,0,1.981344e-05
0,0,4.7179677e-05
0,0,2.2090713e-05
0,0,5.331354e-06
0,0,1.1804374e-05
0,0,0.0011108553
0,0,3.9532963e-05
0,0,2.2959823e-05
0,0,2.814292e-06
0,0,2.1350346e-05
0,0,4.3173375e-05
0,0,8.247532e-06
0,0,2.0754253e-05
0,0,0.0006124697
0,0,1.8906496e-05
0,0,1.2344177e-05
0,0,8.796146e-05
0,0,2.8473626e-06
0,0,7.385533e-05
0,0,0.00022186164
0,0,0.0015106493
0,0,1.5104626e-05
0,0,8.092826e-06
0,0,0.00010993756
0,0,5.999413e-05
0,0,0.0013651405
0,0,0.0001338659
0,0,3.606154e-05
0,0,6.53351e-05
0,0,3.3132344e-06
0,0,2.8105613e-05
0,0,9.56325e-06
0,0,1.8162144e-05
0,0,3.3585067e-05
0,0,3.2994092e-05
0,0,0.0001732406
0,0,0.0019982508
0,0,0.000102295075
0,0,2.5787062e-05
0,0,1.2083944e-05
0,0,0.0001300725
0,0,7.599843e-06
0,0,4.8616075e-06
0,0,2.190729e-05
0,0,8.80959e-06
0,0,1.97715e-05
0,0,6.842679e-05
0,0,3.4857017e-05
0,0,0.0002629436
0,0,1.3914453e-05
0,0,0.00016466867
0,0,0.0004498773
0,0,0.00036603483
0,0,1.9136161e-05
0,0,0.00026648727
0,0,1.7086688e-05
0,0,4.2754848e-05
0,0,1.2984684e-05
0,0,8.286299e-05
0,0,2.06546e-05
0,0,1.8157902e-05
0,0,5.993586e-05
0,0,4.053712e-06
0,0,5.6980785e-05
0,0,0.00017001323
0,0,1.0814393e-05
0,0,1.3828006e-05
0,0,5.1538947e-05
0,0,6.983187e-05
0,0,9.787205e-06
0,0,1.9694195e-05
0,0,0.00042866977
0,0,9.079651e-05
0,0,5.0511644e-05
0,0,0.0015383807
0,0,4.211632e-05
0,0,0.00011682595
0,0,3.4896897e-05
0,0,4.6324352e-05
0,0,1.1682749e-05
0,0,2.617047e-05
0,0,0.00023202221
0,0,1.4465243e-05
0,0,2.2264287e-05
0,0,0.0016015865
0,0,1.7120141e-05
0,0,0.00033274095
0,0,0.001931326
0,0,2.8473626e-06
0,0,2.4269346e-05
0,0,0.00017750735
0,0,0.00027471804
0,0,0.00017025071
0,0,1.3026978e-05
0,0,3.2037642e-05
0,0,2.5766636e-05
0,0,0.00029994902
0,0,9.602373e-05
0,0,8.316801e-05
0,0,0.00017200447
0,0,7.0065464e-05
0,0,1.1064503e-05
0,0,0.0002874339
0,0,5.594674e-06
0,0,1.5519723e-05
0,0,2.3137778e-05
0,0,1.3421818e-05
0,0,5.854463e-05
0,0,6.157997e-05
0,0,7.906789e-05
0,0,3.2243275e-05
0,0,0.00016555298
0,0,6.8270165e-05
0,0,0.0024368751
0,0,0.0007836631
0,0,6.752653e-05
0,0,5.8924656e-05
0,0,0.00024907241
0,0,1.0768925e-05
0,0,2.0843945e-05
0,0,6.5227714e-06
0,0,0.00019011345
0,0,1.0108307e-05
0,0,4.6734036e-05
0,0,1.4974039e-05
0,0,3.960417e-05
0,0,2.4819712e-05
0,0,2.8160669e-06
0,0,1.42027775e-05
0,0,1.4377265e-05
0,0,2.0777283e-05
0,0,0.00057005323
0,0,1.0615264e-05
0,0,8.130513e-05
0,0,1.4323769e-05
0,0,4.4726046e-05
0,0,2.9412677e-05
0,0,5.522514e-05
0,0,4.6469627e-06
0,0,5.5894366e-06
0,0,3.0623098e-05
0,0,0.00015778402
0,0,3.0047653e-05
0,0,4.050212e-05
0,0,1.6585476e-05
0,0,3.4049455e-05
0,0,3.2328622e-05
0,0,8.296505e-06
0,0,4.881959e-05
0,0,1.9688674e-05
0,0,6.22618e-05
0,0,2.5874142e-05
0,0,9.185865e-06
0,0,3.5750938e-05
0,0,0.00042037838
0,0,5.0568706e-05
0,0,4.9369464e-05
0,0,5.552132e-05
0,0,1.804898e-05
0,0,4.683945e-06
0,0,1.809881e-05
0,0,1.446196e-05
0,0,0.0005763227
0,0,2.3197395e-06
0,0,0.00044029282
0,0,9.389665e-05
0,0,5.290206e-05
0,0,1.3101907e-05
0,0,3.2050048e-05
0,0,2.6487967e-05
0,0,4.6588837e-05
0,0,4.8539576e-05
0,0,4.7036952e-05
0,0,1.5232938e-05
0,0,1.3374301e-06
0,0,6.608749e-05
0,0,0.00035846396
0,0,0.00018189668
0,0,1.4152034e-05
0,0,4.4493732e-05
0,0,7.153189e-05
0,0,0.000105099425
0,0,3.135807e-05
0,0,0.00013221434
0,0,0.0013183069
0,0,1.8178693e-05
0,0,2.221686e-05
0,0,0.00023452526
0,0,2.9977788e-05
0,0,4.811994e-05
0,0,4.163603e-05
0,0,4.0351533e-05
0,0,0.00042548002
0,0,2.2669476e-05
0,0,3.464608e-05
0,0,1.1788779e-05
0,0,1.8840858e-06
0,0,8.656921e-05
0,0,5.853674e-06
0,0,1.2119965e-05
0,0,9.4490997e-07
0,0,1.6718875e-06
0,0,4.2081197e-06
0,0,7.3373834e-05
0,0,4.8927537e-05
0,0,3.0313451e-05
0,0,0.00077820057
0,0,0.00028013645
0,0,0.00012585946
0,0,6.0072336e-05
0,0,9.179016e-06
0,0,4.9089336e-05
0,0,6.760314e-05
0,0,0.00019753863
0,0,0.00035553757
0,0,5.7566554e-05
0,0,0.00011944414
0,0,1.0522154e-05
0,0,0.00028283193
0,0,8.052262e-06
0,0,0.00018586902
0,0,7.1558425e-05
0,0,0.0008147392
0,0,3.9546944e-06
0,0,0.00017732024
0,0,0.00012486191
0,0,0.00016476054
0,0,6.9793946e-06
0,0,0.00086561847
0,0,2.03081e-06
0,0,0.0029024428
0,0,5.7556947e-05
0,0,0.00017332999
0,0,0.000104444734
0,0,8.590442e-05
0,0,2.890008e-05
0,0,5.0102328e-05
0,0,0.000121510144
0,0,6.435439e-05
0,0,3.6851616e-05
0,0,1.5857046e-05
0,0,1.7038994e-05
0,0,0.0004367705
0,0,4.5556426e-05
0,0,1.8138811e-05
0,0,1.3670751e-05
0,0,0.00029173502
0,0,2.1636546e-05
0,0,9.39006e-06
0,0,2.9134853e-05
0,0,0.00013946136
0,0,7.595024e-06
0,0,2.68134e-06
0,0,2.2612496e-05
0,0,5.2195745e-05
0,0,1.0062965e-06
0,0,2.601971e-05
0,0,7.707118e-05
0,0,9.840202e-05
0,0,0.00042000727
0,0,0.00030800636
0,0,0.00021386612
0,0,5.365307e-05
0,0,9.5190835e-06
0,0,0.0004691583
0,0,0.00080094027
0,0,1.5138197e-05
0,0,1.0027979e-05
0,0,7.782894e-05
0,0,9.980401e-06
0,0,0.002022392
0,0,0.0005440644
0,0,4.2098487e-05
0,0,9.503564e-06
0,0,5.246457e-05
0,0,2.7085107e-05
0,0,3.2538792e-05
0,0,2.4595847e-05
0,0,0.000160278
0,0,5.4928823e-06
0,0,0.00024180619
0,0,2.2738113e-05
0,0,0.00014811601
0,0,2.2435908e-05
0,0,5.5939536e-06
0,0,1.6391079e-05
0,0,0.0017347231
0,0,3.0308856e-05
0,0,5.3721787e-06
0,0,1.36036315e-05
0,0,3.0388559e-05
0,0,4.869735e-05
0,0,0.00023058828
0,0,1.0535579e-05
0,0,1.3815444e-05
0,0,0.00014438565
0,0,1.7202183e-05
0,0,3.6607198e-05
0,0,5.084079e-05
0,0,2.2520024e-05
0,0,0.0012923214
0,0,3.9142556e-05
0,0,3.7692804e-05
0,0,1.5767368e-05
0,0,1.1853693e-05
0,0,0.0003340269
0,0,1.4236734e-05
0,0,0.00068072753
0,0,4.5192173e-05
0,0,0.00031402273
0,0,0.0045046555
0,0,3.669185e-05
0,0,8.8812725e-05
0,0,8.357546e-05
0,0,2.3126593e-05
0,0,0.00016858218
0,0,3.2720993e-06
0,0,8.779804e-05
0,0,6.354518e-06
0,0,3.3597182e-06
0,0,2.7859389e-05
0,0,4.5839324e-06
0,0,1.079739e-05
0,0,0.000106951695
0,0,4.088249e-05
0,0,0.00031394852
0,0,6.4184683e-06
0,0,3.894418e-05
0,0,0.00076948694
0,0,0.0003122048
0,0,2.5901078e-05
0,0,9.5449315e-05
0,0,1.3817473e-05
0,0,8.668497e-06
0,0,4.112571e-05
0,0,2.979469e-06
0,0,4.7190028e-05
0,0,3.074424e-05
0,0,3.531716e-05
0,0,0.007996157
0,0,1.07685855e-05
0,0,1.5220508e-05
0,0,1.0552271e-05
0,0,6.0992737e-05
0,0,9.361412e-06
0,0,3.114997e-05
0,0,1.0846091e-05
0,0,0.00025822912
0,0,1.3745843e-05
0,0,1.2500718e-05
0,0,4.0311763e-05
0,0,1.48761565e-05
0,0,7.232741e-05
0,0,0.0001613366
0,0,3.0178808e-05
0,0,1.9413294e-05
0,0,7.631228e-05
0,0,5.6885616e-05
0,0,0.00012987395
0,0,0.0018168878
0,0,0.00028548174
0,0,0.00011188905
0,0,5.5862342e-06
0,0,1.1535646e-05
0,0,0.00043213935
0,0,5.6351255e-05
0,0,0.00028855252
0,0,4.160125e-06
0,0,6.0538263e-05
0,0,6.2760378e-06
0,0,0.001147265
0,0,3.908401e-06
0,0,0.00016583057
0,0,8.964762e-06
0,0,0.00026526925
0,0,0.00011837886
0,0,3.7401234e-05
0,0,0.0005911912
0,0,9.593724e-06
0,0,7.673479e-05
0,0,1.6044878e-05
0,0,3.835656e-05
0,0,2.0844978e-05
0,0,1.2279306e-05
0,0,9.452387e-06
0,0,9.31152e-05
0,0,0.00012282265
0,0,0.0021581857
0,0,0.00017613529
0,0,0.000103280225
0,0,2.4908846e-05
0,0,7.4352292e-06
0,0,6.498304e-05
0,0,8.821495e-06
0,0,4.3060263e-05
0,0,4.427541e-05
0,0,1.2487623e-05
0,0,6.6283974e-06
0,0,4.1306477e-05
0,0,1.0811826e-05
0,0,4.9232465e-05
0,0,1.4606471e-05
0,0,4.27024e-06
0,0,3.099201e-05
0,0,1.647629e-05
0,0,0.0010589396
0,0,6.6552835e-05
0,0,0.001334812
0,0,0.00077085604
0,0,1.2906961e-06
0,0,1.3490125e-05
0,0,2.249971e-06
0,0,2.632599e-05
0,0,7.423652e-06
0,0,8.062275e-06
0,0,2.8223094e-05
0,0,4.3923457e-05
0,0,9.654777e-06
0,0,6.5703236e-05
0,0,3.192154e-05
0,0,9.0564845e-06
0,0,2.9380832e-05
0,0,6.4033804e-05
0,0,2.6356862e-05
0,0,2.3839038e-06
0,0,1.5200084e-05
0,0,6.6590505e-06
0,0,0.00010383025
0,0,3.3100678e-05
0,0,8.087633e-06
0,0,0.00038232363
0,0,6.1678343e-06
0,0,3.1714782e-05
0,0,0.00013606915
0,0,1.2399996e-05
0,0,0.00020375407
0,0,4.407241e-06
0,0,1.5069677e-05
0,0,4.0117906e-05
0,0,1.1510283e-05
0,0,2.8080161e-05
0,0,2.2980854e-05
0,0,1.659508e-05
0,0,0.00013376205
0,0,8.223467e-06
0,0,8.576953e-05
0,0,8.309459e-06
0,0,3.709729e-06
0,0,4.3340817e-05
0,0,1.2556073e-05
0,0,0.0004084572
0,0,0.000100927726
0,0,0.0023329663
0,0,5.3478166e-06
0,0,7.8930625e-06
0,0,5.1040694e-05
0,0,3.2523003e-05
0,0,8.359482e-05
0,0,3.936723e-06
0,0,5.160642e-05
0,0,1.8735482e-05
0,0,9.149346e-06
0,0,1.2879363e-05
0,0,0.00043126772
0,0,0.0002153096
0,0,4.2222244e-05
0,0,1.6630791e-05
0,0,0.00032833312
0,0,1.1790546e-05
0,0,0.00023231155
0,0,1.6785138e-05
0,0,1.7246419e-05
0,0,9.213339e-05
0,0,1.9753823e-05
0,0,0.00094047055
0,0,8.072263e-05
0,0,0.008193969
0,0,0.00013325053
0,0,6.5384165e-06
0,0,2.8962104e-05
0,0,1.8056366e-05
0,0,1.3403463e-05
0,0,0.00012974237
0,0,4.1514708e-05
0,0,1.914881e-05
0,0,6.0313418e-05
0,0,0.0002915757
0,0,1.2112962e-05
0,0,0.001072577
0,0,0.00010297724
0,0,1.4074215e-05
0,0,2.677196e-05
0,0,0.00010293424
0,0,0.000276342
0,0,0.0020234508
0,0,2.5044137e-05
0,0,1.809283e-06
0,0,2.5317748e-05
0,0,3.9049773e-06
0,0,2.0795402e-05
0,0,1.2525113e-06
0,0,1.2695963e-05
0,0,0.00015584008
0,0,7.4110154e-05
0,0,0.00025150072
0,0,1.1271909e-05
0,0,2.0499889e-05
0,0,3.399271e-05
0,0,5.444022e-06
0,0,1.6611404e-05
0,0,1.1226487e-05
0,0,0.00012042056
0,0,5.2821255e-05
0,0,8.1195416e-05
0,0,1.3225914e-05
0,0,5.898859e-06
0,0,1.524718e-05
0,0,1.26456225e-05
0,0,7.566952e-05
0,0,3.5670026e-05
0,0,1.4071303e-05
0,0,4.833536e-05
0,0,2.9493627e-05
0,0,2.1100626e-05
0,0,1.9999407e-05
0,0,4.004892e-06
0,0,2.9102252e-05
0,0,0.0011651858
0,0,5.6806634e-06
0,0,3.877967e-05
0,0,1.709138e-05
0,0,1.8204611e-05
0,0,3.05022e-05
0,0,3.473408e-05
0,0,3.4098118e-06
0,0,0.0005835393
0,0,0.00079046236
0,0,5.850344e-05
0,0,1.0794733e-05
0,0,7.0256806e-06
0,0,7.49025e-06
0,0,2.9613773e-05
0,0,0.00011911215
0,0,4.0748248e-05
0,0,5.2285413e-05
0,0,7.779376e-06
0,0,2.2325563e-05
0,0,1.0881565e-05
0,0,6.9767993e-06
0,0,0.00021335593
0,0,1.0786964e-05
0,0,7.5846738e-06
0,0,1.0581192e-05
0,0,2.7795293e-06
0,0,0.00015684441
0,0,8.211923e-06
0,0,6.4443746e-05
0,0,5.0364266e-05
0,0,5.04017e-06
0,0,0.00037217015
0,0,0.0004540516
0,0,2.1016262e-05
0,0,3.9961096e-06
0,0,0.00075761345
0,0,4.4094057e-05
0,0,8.517699e-05
0,0,2.8339093e-05
0,0,7.89155e-06
0,0,4.9646977e-05
0,0,3.1778131e-06
0,0,7.6007185e-05
0,0,1.1599895e-05
0,0,0.00015245008
0,0,0.00040181665
0,0,8.5269785e-06
0,0,3.83578e-05
0,0,2.0000454e-05
0,0,6.1521955e-06
0,0,6.1373344e-06
0,0,2.433475e-05
0,0,0.00027108018
0,0,0.00044071738
0,0,1.5542519e-05
0,0,0.00032807092
0,0,1.753044e-05
0,0,3.0600822e-05
0,0,0.00036107076
0,0,2.7032567e-05
0,0,7.116249e-06
0,0,5.2048995e-06
0,0,4.461308e-05
0,0,1.9661298e-05
0,0,2.2503664e-05
0,0,0.00012590831
0,0,2.9253597e-06
0,0,3.3873366e-05
0,0,2.534473e-05
0,0,5.415477e-05
0,0,0.00028512784
0,0,1.8198814e-05
0,0,2.5191284e-05
0,0,0.0019355753
0,0,1.7974775e-05
0,0,0.000301482
0,0,5.2566782e-05
0,0,1.8370378e-05
0,0,6.6664084e-06
0,0,5.677717e-06
0,0,0.00012791692
0,0,0.0012515134
0,0,8.859694e-05
0,0,1.0686171e-05
0,0,7.81611e-05
0,0,0.00016434428
0,0,0.00026477728
0,0,2.461922e-05
0,0,1.0986998e-05
0,0,9.798955e-05
0,0,2.7088956e-05
0,0,1.2719607e-05
0,0,6.021607e-05
0,0,3.4883524e-05
0,0,4.8050744e-05
0,0,1.879579e-05
0,0,0.00015486522
0,0,1.828081e-05
0,0,1.296548e-05
0,0,0.00010907306
0,0,3.2787015e-05
0,0,0.0003044516
0,0,0.00019254998
0,0,0.00024684588
0,0,2.8015296e-05
0,0,1.4444594e-05
0,0,2.5967927e-05
0,0,5.4807583e-06
0,0,7.024876e-06
0,0,1.8816578e-05
0,0,5.3407686e-05
0,0,0.00016899902
0,0,0.0011854905
0,0,0.28277975
0,0,0.03028575
0,0,2.5915602e-05
0,0,0.00014850067
0,0,7.754136e-05
0,0,5.862323e-05
0,0,2.9006524e-05
0,0,4.806618e-06
0,0,2.4932779e-05
0,0,1.42607305e-05
0,0,2.5420884e-05
0,0,0.00015330242
0,0,3.8125716e-05
0,0,8.8654924e-05
0,0,8.9003615e-06
0,0,3.2156895e-05
0,0,8.808665e-06
0,0,5.3618704e-05
0,0,0.00013441425
0,0,0.0016386324
0,0,7.2351766e-05
0,0,0.0021869275
0,0,7.6535434e-05
0,0,1.8009263e-05
0,0,0.00055449945
0,0,0.00017351964
0,0,0.0005436025
0,0,2.775816e-05
0,0,1.8318386e-05
0,0,0.00016585524
0,0,5.2072e-05
0,0,0.00011104977
0,0,0.00028425304
0,0,1.8593779e-05
0,0,4.961044e-05
0,0,4.9362352e-05
0,0,1.3171864e-05
0,0,9.2463e-05
0,0,0.000106103995
0,0,1.2021347e-05
0,0,1.1359296e-05
0,0,3.5375913e-05
0,0,2.4557057e-05
0,0,8.4701e-06
0,0,5.7559857e-05
0,0,0.00018586902
0,0,0.00022248742
0,0,1.3298308e-05
0,0,2.8848588e-05
0,0,2.7502414e-05
0,0,0.00022336333
0,0,3.781778e-06
0,0,6.549869e-06
0,0,1.5997559e-05
0,0,0.00026786284
0,0,1.9273319e-05
0,0,5.0215647e-05
0,0,1.5178485e-05
0,0,2.0722075e-06
0,0,1.1616667e-05
0,0,1.4258936e-05
0,0,1.1175405e-05
0,0,4.8265443e-05
0,0,5.8035807e-06
0,0,7.697233e-06
0,0,4.6567162e-05
0,0,1.4833098e-06
0,0,1.0156679e-05
0,0,0.00017717693
0,0,1.236391e-05
0,0,3.8831557e-05
0,0,2.0901292e-05
0,0,2.1630687e-05
0,0,1.9627278e-05
0,0,0.00087124284
0,0,2.518021e-05
0,0,2.7529679e-05
0,0,5.6849498e-05
0,0,3.9603263e-05
0,0,2.9424686e-05
0,0,4.266866e-05
0,0,7.966275e-05
0,0,0.00025201894
0,0,7.253746e-05
0,0,5.4144548e-05
0,0,0.0003413074
0,0,4.3263553e-05
0,0,1.5286272e-05
0,0,1.3592402e-05
0,0,1.8298952e-05
0,0,6.540891e-05
0,0,6.07238e-05
0,0,2.7764461e-05
0,0,2.0947067e-05
0,0,0.00010196278
0,0,8.154055e-05
0,0,0.0024977908
0,0,0.001306529
0,0,2.7405229e-05
0,0,1.2282995e-05
0,0,2.1894237e-05
0,0,4.7566427e-05
0,0,3.2971635e-05
0,0,5.2115916e-05
0,0,5.040386e-06
0,0,6.652434e-05
0,0,6.29498e-06
0,0,9.764895e-06
0,0,2.7457576e-05
0,0,3.684146e-05
0,0,0.00025565934
0,0,0.0003033023
0,0,1.2428042e-05
0,0,2.661292e-05
0,0,0.00012161412
0,0,0.0003606093
0,0,6.0766608e-05
0,0,0.0019023855
0,0,3.8877835e-05
0,0,0.0016689824
0,0,3.7364123e-05
0,0,0.00013401073
0,0,8.665899e-05
0,0,1.9196095e-05
0,0,1.8867195e-05
0,0,2.6593358e-05
0,0,5.1325146e-06
0,0,0.0002970712
0,0,6.755706e-05
0,0,3.6914364e-05
0,0,9.808219e-05
0,0,0.00014107439
0,0,1.1992595e-05
0,0,2.0447678e-05
0,0,3.963995e-05
0,0,2.848489e-05
0,0,0.00013476114
0,0,4.646119e-05
0,0,1.0589127e-05
0,0,2.6004629e-05
0,0,0.00010388452
0,0,2.165312e-05
0,0,6.9515213e-06
0,0,3.8566282e-05
0,0,0.0002443602
0,0,3.6359302e-06
0,0,2.911824e-05
0,0,0.040223435
0,0,0.00031411767
0,0,2.2160935e-05
0,0,6.040085e-05
0,0,6.6969646e-05
0,0,3.6958427e-05
0,0,4.2082833e-05
0,0,0.00011512455
0,0,5.988393e-06
0,0,1.3912662e-05
0,0,5.3588137e-06
0,0,2.2238364e-06
0,0,1.196996e-05
0,0,1.2394605e-05
0,0,1.7621336e-05
0,0,4.6615856e-05
0,0,9.612406e-06
0,0,9.013524e-06
0,0,0.00012790789
0,0,0.0003057731
0,0,3.6252462e-05
0,0,2.9463858e-05
0,0,0.00020250716
0,0,2.2688508e-05
0,0,3.5438345e-05
0,0,5.252429e-06
0,0,6.1893174e-06
0,0,0.00016994044
0,0,0.0014412646
0,0,9.05778e-06
0,0,0.00020176628
0,0,7.21693e-05
0,0,7.690423e-06
0,0,1.4730902e-05
0,0,4.7006947e-06
0,0,4.632157e-05
0,0,5.0529852e-05
0,0,0.0008762889
0,0,1.566911e-05
0,0,1.7310054e-05
0,0,1.6232721e-05
0,0,1.0858538e-06
0,0,2.191724e-06
0,0,7.393271e-06
0,0,8.9334935e-05
0,0,8.5349755e-05
0,0,0.00013372672
0,0,5.607237e-06
0,0,0.0019953449
0,0,8.524417e-06
0,0,0.001591789
0,0,0.0004995355
0,0,4.56744e-05
0,0,8.400205e-05
0,0,3.1229687e-05
0,0,2.2950194e-06
0,0,1.921102e-05
0,0,8.058351e-05
0,0,1.4674311e-05
0,0,0.00021600605
0,0,4.170601e-05
0,0,7.4636475e-05
0,0,5.9004786e-05
0,0,1.1344139e-05
0,0,3.2798398e-05
0,0,2.3387996e-05
0,0,0.00015531953
0,0,0.0010920839
0,0,1.9395326e-05
0,0,1.0876284e-05
0,0,0.00029240028
0,0,0.00017648192
0,0,0.00082404073
0,0,6.86779e-06
0,0,2.011789e-05
0,0,4.4868604e-05
0,0,0.00029558604
0,0,6.425909e-05
0,0,5.8988528e-05
0,0,2.7557311e-05
0,0,0.0001702207
0,0,3.2007774e-05
0,0,1.9717272e-05
0,0,0.00044130298
0,0,2.5023486e-05
0,0,0.00016816122
0,0,6.6012035e-05
0,0,2.1107913e-05
0,0,0.00011669123
0,0,5.3886586e-05
0,0,1.5797348e-05
0,0,6.893784e-05
0,0,3.1886975e-05
0,0,4.546459e-05
0,0,7.641026e-06
0,0,2.6245272e-05
0,0,0.00040725793
0,0,0.0025121719
0,0,4.2883883e-05
0,0,8.296679e-06
0,0,0.0001815001
0,0,9.7493525e-05
0,0,8.1062035e-06
0,0,0.00037366664
0,0,1.4553037e-05
0,0,3.3749227e-05
0,0,7.736617e-05
0,0,0.0010057962
0,0,1.0951243e-05
0,0,0.00023260718
0,0,0.000432495
0,0,1.7236422e-05
0,0,7.689793e-06
0,0,3.586831e-05
0,0,0.00014406248
0,0,9.063466e-06
0,0,3.69872e-05
0,0,2.3761393e-05
0,0,1.7177937e-05
0,0,0.00016497057
0,0,1.5211512e-05
0,0,2.72609e-05
0,0,2.5223977e-05
0,0,4.8505426e-05
0,0,6.2598438e-06
0,0,1.0938916e-05
0,0,7.083403e-06
0,0,0.0031992565
0,0,0.00012820437
0,0,6.914146e-06
0,0,0.00013743692
0,0,5.447564e-06
0,0,1.5538859e-05
0,0,8.1607526e-05
0,0,4.9338636e-05
0,0,4.561359e-05
0,0,5.0009105e-05
0,0,1.1360878e-05
0,0,5.920883e-05
0,0,4.1517083e-05
0,0,0.00011259717
0,0,1.922405e-05
0,0,7.606671e-05
0,0,7.076818e-05
0,0,0.00011049922
0,0,0.00028218387
0,0,3.2052158e-05
0,0,4.5646575e-05
0,0,3.955906e-05
0,0,1.2969585e-05
0,0,4.5515735e-05
0,0,4.522688e-05
0,0,0.00014813396
0,0,3.3175504e-06
0,0,6.1371825e-06
0,0,0.00024004524
0,0,1.3319961e-05
0,0,1.15858875e-05
0,0,4.5321434e-05
0,0,6.904285e-05
0,0,0.00018656149
0,0,7.331613e-05
0,0,2.7962902e-05
0,0,5.0046983e-05
0,0,4.4391632e-05
0,0,5.9560614e-05
0,0,7.5568914e-06
0,0,1.4347695e-05
0,0,2.6625585e-05
0,0,0.00017924266
0,0,2.8279184e-05
0,0,0.00010256446
0,0,3.246422e-05
0,0,2.5298248e-05
0,0,1.5392035e-05
0,0,8.531558e-06
0,0,9.334965e-05
0,0,1.5081036e-05
0,0,1.4086742e-05
0,0,8.18784e-05
0,0,7.24411e-05
0,0,1.8116873e-05
0,0,0.0004183199
0,0,8.651029e-06
0,0,2.6133532e-05
0,0,9.945443e-05
0,0,0.00024728474
0,0,6.1719998e-06
0,0,6.3680345e-06
0,0,5.1288895e-05
0,0,8.855134e-05
0,0,1.1132474e-05
0,0,0.000235451
0,0,1.3792775e-05
0,0,7.292975e-05
0,0,0.00061446783
0,0,5.621986e-05
0,0,3.697708e-05
0,0,8.075813e-05
0,0,2.6550128e-05
0,0,9.818262e-06
0,0,0.00016262892
0,0,3.6354932e-06
0,0,4.2373907e-05
0,0,3.303898e-06
0,0,6.0564424e-05
0,0,6.1093797e-06
0,0,2.3511864e-05
0,0,5.369915e-06
0,0,0.016741563
0,0,0.00011717628
0,0,2.2522687e-05
0,0,1.0798295e-05
0,0,3.474843e-06
0,0,1.2381196e-05
0,0,0.000117642354
0,0,1.4687963e-05
0,0,0.00010720777
0,0,4.243946e-05
0,0,3.7835525e-05
0,0,0.00067428657
0,0,4.3160458e-06
0,0,1.0401057e-05
0,0,3.3309512e-05
0,0,3.1618335e-06
0,0,3.480145e-05
0,0,0.00014421502
0,0,0.000104049985
0,0,8.2079305e-06
0,0,0.00033956973
0,0,1.2526555e-05
0,0,1.14579225e-05
0,0,2.479083e-05
0,0,3.550475e-05
0,0,2.7215912e-05
0,0,1.0836372e-05
0,0,2.501249e-06
0,0,1.7392791e-05
0,0,0.0002403269
0,0,9.689108e-06
0,0,7.5454846e-06
0,0,0.0026612848
0,0,4.8876518e-05
0,0,0.00026382352
0,0,5.4726884e-06
0,0,7.620582e-05
0,0,2.6335105e-05
0,0,2.0952682e-05
0,0,1.7434573e-05
0,0,2.249152e-05
0,0,7.944374e-05
0,0,0.00072287425
0,0,4.3566033e-05
0,0,6.23475e-06
0,0,0.00012132674
0,0,1.5705702e-05
0,0,8.699926e-06
0,0,5.4276323e-05
0,0,0.00019983733
0,0,8.5143205e-05
0,0,6.1440136e-05
0,0,0.00011814002
0,0,0.0002852834
0,0,0.0008496382
0,0,5.499474e-05
0,0,4.1364656e-05
0,0,8.8596025e-06
0,0,4.0467683e-05
0,0,0.00010491849
0,0,0.0001218091
0,0,3.2968615e-05
0,0,1.107487e-05
0,0,2.3229552e-05
0,0,1.6960625e-05
0,0,5.2300325e-05
0,0,2.8311675e-05
0,0,1.9096491e-05
0,0,7.740328e-05
0,0,6.1637884e-06
0,0,0.0016410928
0,0,6.36495e-06
0,0,4.309683e-06
0,0,6.7452725e-06
0,0,0.002677939
0,0,2.008852e-05
0,0,0.000244139
0,0,1.5714963e-05
0,0,0.00017094432
0,0,3.413522e-05
0,0,7.5904695e-06
0,0,1.918731e-05
0,0,6.0558355e-05
0,0,3.789486e-06
0,0,4.4760738e-05
0,0,0.00014980727
0,0,0.0019231462
0,0,1.5743117e-05
0,0,1.0613512e-05
0,0,1.1204517e-05
0,0,1.1325569e-05
0,0,9.07914e-05
0,0,0.04771487
0,0,1.6532527e-05
0,0,5.3119842e-05
0,0,6.0451268e-05
0,0,2.7096215e-05
0,0,0.000174376
0,0,0.00025034448
0,0,8.4799154e-05
0,0,0.0001943382
0,0,1.037421e-05
0,0,2.2908493e-05
0,0,0.0003620005
0,0,4.8935934e-05
0,0,3.9849587e-05
0,0,0.00029010803
0,0,1.747914e-05
0,0,9.665734e-05
0,0,0.00010269345
0,0,2.1012072e-05
0,0,1.8903358e-05
0,0,8.3058316e-05
0,0,0.00017300833
0,0,3.9720777e-05
0,0,5.0900653e-05
0,0,5.671185e-06
0,0,3.6537513e-06
0,0,1.0338182e-05
0,0,8.652234e-06
0,0,2.0943473e-05
0,0,1.32493315e-05
0,0,3.5644628e-06
0,0,1.5340613e-05
0,0,0.00018163602
0,0,3.8902424e-05
0,0,2.478707e-05
0,0,2.6999358e-05
0,0,0.00045225144
0,0,0.00011059915
0,0,9.856364e-05
0,0,0.00010922387
0,0,2.6717458e-05
0,0,0.00046019096
0,0,0.0007839104
0,0,3.8939174e-06
0,0,8.436659e-06
0,0,4.1534746e-05
0,0,1.019157e-05
0,0,6.650487e-05
0,0,0.009440922
0,0,4.074653e-06
0,0,5.2787364e-05
0,0,0.00030320545
0,0,8.7755125e-06
0,0,1.564771e-05
0,0,8.135432e-06
0,0,3.0878342e-05
0,0,2.588088e-05
1,0,0.17238776
0,0,1.4842657e-05
0,0,7.091985e-05
0,0,9.199819e-05
0,0,1.292039e-05
0,0,2.2093747e-05
0,0,2.0634912e-05
0,0,4.3597356e-06
0,0,0.00014889086
0,0,0.00018593017
0,0,5.7053323e-05
0,0,2.1248969e-05
0,0,4.789523e-06
0,0,1.3172718e-05
0,0,9.982099e-05
0,0,5.026657e-06
0,0,2.3150069e-05
0,0,0.0006071841
0,0,2.3410043e-05
0,0,0.00025604403
0,0,0.00014281168
0,0,6.066384e-05
0,0,5.6407487e-05
0,0,4.0919935e-05
0,0,5.5559553e-06
0,0,0.00014967532
0,0,5.8386624e-05
0,0,9.24539e-06
0,0,1.4787217e-05
0,0,8.149034e-05
0,0,2.4946978e-05
0,0,0.00043496932
0,0,0.00010943207
0,0,9.686595e-06
0,0,0.0051417863
0,0,0.00012359618
0,0,0.00022830308
0,0,4.9923747e-06
0,0,9.040391e-06
0,0,7.857756e-06
0,0,1.0629523e-06
0,0,0.0013682768
0,0,2.739956e-05
0,0,4.4535034e-05
0,0,7.262169e-05
0,0,5.1814786e-06
0,0,9.786451e-05
0,0,2.2707947e-05
0,0,3.0267664e-05
0,0,4.896598e-06
0,0,2.9238978e-05
0,0,6.0071365e-05
0,0,1.510804e-05
0,0,4.090429e-05
0,0,0.0006615215
0,0,2.6995831e-05
0,0,0.0005930272
0,0,1.7595241e-05
0,0,7.6914424e-05
0,0,4.6628353e-05
0,0,3.112681e-05
0,0,4.7982838e-05
0,0,1.9155077e-05
0,0,0.00010333874
0,0,2.5264162e-06
0,0,2.0142465e-05
0,0,0.001134425
0,0,7.536638e-06
0,0,1.2465088e-05
0,0,9.7712706e-05
0,0,2.5860474e-05
0,0,2.1823194e-05
0,0,4.452387e-05
0,0,1.8197426e-05
0,0,3.2689702e-05
0,0,2.2105105e-05
0,0,9.084893e-06
0,0,0.00048558306
0,0,2.0724781e-05
0,0,1.315572e-05
0,0,0.00032190362
0,0,2.4827266e-05
0,0,1.0417069e-05
0,0,0.00010418253
0,0,0.00044812058
0,0,1.4220206e-05
0,0,8.6778484e-05
0,0,2.0424253e-05
0,0,9.788532e-05
0,0,3.6758847e-05
0,0,1.7453836e-05
0,0,4.1360418e-06
0,0,1.8080473e-05
0,0,5.6572066e-05
0,0,1.38205705e-05
0,0,0.00014543066
0,0,0.00011412989
0,0,0.0003577668
0,0,9.246809e-06
0,0,8.160561e-06
0,0,0.00010258246
0,0,3.2735123e-05
0,0,4.6960533e-05
0,0,1.51422255e-05
0,0,2.407392e-05
0,0,6.133775e-05
0,0,2.601872e-06
0,0,5.5702003e-05
0,0,8.907571e-06
0,0,6.73685e-05
0,0,5.9784645e-05
0,0,4.853411e-05
0,0,1.7097576e-05
0,0,1.3338049e-05
0,0,3.149029e-05
0,0,7.142848e-05
0,0,0.000113103044
0,0,3.373893e-05
0,0,3.732242e-05
0,0,3.4840614e-06
0,0,5.5692442e-05
0,0,7.077048e-05
0,0,7.833414e-05
0,0,6.1391083e-06
0,0,2.3039333e-05
0,0,3.52652e-05
0,0,1.7221995e-05
0,0,7.304571e-05
0,0,2.0001007e-05
0,0,3.727234e-05
0,0,0.00026794584
0,0,0.00068465923
0,0,2.4817062e-05
0,0,0.00016097625
0,0,6.2969907e-06
0,0,0.0001184884
0,0,4.1246483e-05
0,0,6.121434e-05
0,0,2.4083636e-06
1,1,0.9977222
0,0,0.00030420875
0,0,6.0766783e-05
0,0,1.1012341e-05
0,0,0.0001117579
0,0,3.149032e-05
0,0,1.7159156e-05
0,0,0.00023492472
0,0,4.9170343e-05
0,0,0.00023144687
0,0,5.18511e-05
0,0,0.00087540847
0,0,0.0015897473
0,0,4.5627683e-05
0,0,5.5599736e-05
0,0,9.997855e-05
0,0,5.0732465e-06
0,0,2.2787477e-05
0,0,7.1790214e-06
0,0,4.082199e-05
0,0,8.146967e-05
0,0,0.00010025369
0,0,3.651031e-05
0,0,7.410492e-05
0,0,3.7452595e-05
0,0,4.8271886e-05
0,0,2.2264521e-05
0,0,1.979988e-05
0,0,1.1069347e-05
0,0,1.9520878e-05
0,0,3.1861353e-05
0,0,1.3539734e-05
0,0,1.18242015e-05
0,0,0.0005389793
0,0,0.0001565123
0,0,3.8838258e-05
0,0,4.804936e-06
0,0,7.84768e-05
0,0,3.0040894e-05
0,0,4.1889285e-05
0,0,6.134202e-05
0,0,4.2614985e-05
0,0,6.9044927e-06
0,0,4.145327e-05
0,0,0.00045474528
0,0,1.2979533e-05
0,0,0.000101525715
0,0,1.2912284e-05
0,0,9.658124e-05
0,0,0.0002264918
0,0,1.787445e-05
0,0,3.4911613e-05
0,0,0.00011984323
0,0,5.5610126e-06
0,0,3.4765535e-06
0,0,8.823648e-06
0,0,1.1368518e-05
0,0,5.36719e-05
0,0,1.2187445e-05
0,0,1.4867633e-05
0,0,2.2162485e-06
0,0,0.00013952934
0,0,6.3407583e-06
0,0,1.7332999e-05
0,0,1.7432778e-05
0,0,3.5586614e-05
0,0,4.703722e-05
0,0,1.1553438e-05
0,0,8.5864296e-05
0,0,3.9984036e-05
0,0,4.1747357e-05
0,0,9.433007e-06
0,0,2.781174e-05
0,0,1.7870889e-05
0,0,7.7360775e-05
0,0,3.650488e-05
0,0,3.5342026e-05
0,0,2.0551663e-05
0,0,2.1322918e-05
0,0,9.333892e-06
0,0,1.2813927e-05
0,0,0.0008590549
0,0,3.5845947e-05
0,0,4.0852716e-05
0,0,4.4982003e-06
0,0,0.0001915911
0,0,1.6605116e-05
0,0,8.417781e-06
0,0,0.0003725322
0,0,0.0003552904
0,0,8.104241e-06
0,0,4.1481464e-05
0,0,2.5098627e-05
0,0,0.00012088952
0,0,5.487943e-05
0,0,0.00015904242
0,0,4.4944278e-05
0,0,2.6146496e-05
0,0,1.2082792e-05
0,0,1.36059025e-05
0,0,9.076871e-05
0,0,5.7443317e-06
0,0,8.031967e-05
0,0,1.4891458e-05
0,0,2.9644332e-06
0,0,9.120831e-06
0,0,2.0140946e-05
0,0,0.00013235725
0,0,0.0003995074
0,0,2.5272131e-05
0,0,2.1628728e-05
0,0,1.51115555e-05
0,0,6.804372e-05
0,0,2.32358e-05
0,0,0.00031936646
0,0,3.498463e-05
0,0,1.0003356e-05
0,0,8.680053e-06
0,0,5.6510107e-05
0,0,0.00010843797
0,0,6.5493755e-06
0,0,0.008646715
0,0,0.0005264793
0,0,2.4039551e-05
0,0,1.4892026e-05
0,0,4.2695397e-06
0,0,2.408478e-05
0,0,5.750565e-05
0,0,8.586245e-06
0,0,1.1702664e-05
0,0,2.388471e-05
0,0,1.010636e-05
0,0,7.423047e-05
0,0,4.2486354e-05
0,0,1.5901476e-05
0,0,8.601842e-06
0,0,2.5145438e-05
0,0,1.3013852e-05
0,0,1.9195051e-05
0,0,3.8997103e-05
0,0,4.15252e-05
0,0,0.0002174227
0,0,1.0207931e-05
0,0,1.3359386e-05
0,0,5.113077e-05
0,0,1.10717865e-05
0,0,7.89356e-06
0,0,0.000101930505
0,0,7.005869e-06
0,0,5.0306284e-05
0,0,3.9097158e-05
0,0,3.674206e-05
0,0,5.6552585e-06
0,0,1.760187e-05
0,0,9.250038e-06
0,0,6.262468e-05
0,0,2.7571794e-05
0,0,5.8529095e-06
0,0,1.6629188e-05
0,0,2.9451166e-06
0,0,1.3351362e-05
0,0,1.6401682e-05
0,0,2.7321517e-05
0,0,9.4163675e-05
0,0,2.1998212e-05
0,0,2.734774e-05
0,0,2.9758694e-05
0,0,0.0010177104
0,0,0.0022704839
0,0,0.00014469713
0,0,2.4563053e-05
0,0,5.7830166e-05
0,0,1.7938631e-06
0,0,0.00043009312
0,0,1.9939893e-05
0,0,1.9133186e-05
0,0,1.813576e-06
0,0,0.00013375274
0,0,5.6353674e-05
0,0,3.0778534e-05
0,0,0.0017345077
0,0,2.4512065e-05
0,0,1.1177889e-05
0,0,0.00039413918
0,0,4.4505145e-05
0,0,5.663338e-06
0,0,0.0005916649
0,0,0.00010190894
0,0,5.274555e-05
0,0,9.815678e-06
0,0,3.65069e-05
0,0,1.121308e-05
0,0,4.2303735e-05
0,0,0.00038354966
0,0,0.0011103166
0,0,5.5295523e-06
0,0,9.60371e-06
0,0,0.00014977284
0,0,0.00012056132
0,0,4.2836673e-06
0,0,5.295824e-05
0,0,3.5491445e-05
0,0,0.0015146162
0,0,6.2793843e-06
0,0,1.2540611e-05
0,0,1.0579568e-05
0,0,8.719389e-05
0,0,3.696259e-05
0,0,3.6640064e-05
0,0,7.882939e-05
0,0,3.1444073e-05
0,0,1.8581708e-05
0,0,5.392385e-05
0,0,3.1256142e-05
0,0,6.1964756e-06
0,0,6.581094e-06
0,0,0.00010892173
0,0,0.00077741046
0,0,1.5559366e-05
0,0,0.0050282967
0,0,3.72978e-05
0,0,8.1621925e-05
0,0,3.0561635e-06
0,0,0.00026683023
0,0,1.0841644e-05
0,0,5.1858437e-06
0,0,2.5425272e-05
0,0,1.3406863e-05
0,0,0.00013094874
0,0,1.7929851e-05
0,0,7.4880504e-06
0,0,4.5100343e-05
0,0,2.8001676e-05
0,0,1.7975322e-05
0,0,0.00014771405
0,0,7.0742353e-06
0,0,5.0836963e-05
0,0,9.723022e-05
0,0,0.0023238745
0,0,4.909369e-05
0,0,1.989852e-05
0,0,2.545629e-06
0,0,9.629655e-06
0,0,2.5949907e-05
0,0,8.499831e-05
0,0,6.419668e-05
0,0,9.381843e-06
0,0,1.2468726e-05
0,0,2.7442862e-05
0,0,8.11537e-06
0,0,9.214332e-05
0,0,9.491191e-05
0,0,0.00012521567
0,0,9.227926e-05
0,0,6.174939e-05
0,0,1.14012855e-05
0,0,2.9778907e-05
0,0,0.0012799961
0,0,0.0001918214
0,0,0.00010163943
0,0,2.2785434e-05
0,0,1.5239592e-05
0,0,6.550229e-05
0,0,1.1922772e-05
0,0,6.093896e-05
0,0,1.1777992e-05
0,0,5.2354562e-06
1,1,0.98857903
0,0,5.1809136e-05
0,0,5.6079032e-05
0,0,0.00021356985
0,0,0.002047627
0,0,1.4434789e-05
0,0,0.00029929515
0,0,3.3239319e-06
0,0,0.00015437692
0,0,0.000107203174
0,0,0.00035075896
0,0,3.6574256e-05
0,0,1.8301831e-05
0,0,1.0486132e-05
0,0,4.850006e-05
0,0,2.580598e-05
0,0,7.3029023e-06
0,0,1.1652061e-05
0,0,4.0255676e-05
0,0,0.0001138208
0,0,5.5320315e-06
0,0,0.00017875232
0,0,2.683144e-05
0,0,0.0027026217
0,0,0.00018730939
0,0,5.6951074e-05
0,0,0.00022152599
0,0,8.086268e-06
0,0,0.00040564284
0,0,2.0023643e-05
0,0,3.241194e-05
0,0,2.099893e-05
0,0,9.753081e-05
0,0,2.1182877e-06
0,0,0.00014775983
0,0,1.7941893e-05
0,0,3.803315e-05
0,0,7.155529e-05
0,0,3.5391604e-05
0,0,4.7950452e-05
0,0,0.00010136368
0,0,3.243606e-06
0,0,3.4747736e-06
0,0,4.1896794e-05
0,0,4.5558598e-05
0,0,4.2317613e-05
0,0,3.1189e-06
0,0,1.285433e-05
0,0,2.0561876e-05
0,0,0.0016264082
0,0,0.0013923402
0,0,0.00013142709
0,0,0.00014669668
0,0,3.2855656e-05
0,0,2.665787e-06
0,0,1.5988713e-05
0,0,0.0008765369
0,0,1.6790726e-05
0,0,1.3186393e-05
0,0,4.495898e-05
0,0,0.0004655511
0,0,0.00081942516
0,0,4.4742686e-05
0,0,3.6787216e-05
0,0,4.0779072e-05
0,0,3.22825e-06
0,0,2.389665e-05
0,0,5.4220654e-05
0,0,0.00020999038
0,0,6.6791064e-05
0,0,4.886163e-06
0,0,7.5789256e-05
0,0,0.00031636725
0,0,2.5483703e-05
0,0,4.1218133e-05
0,0,5.7566554e-05
0,0,3.7445272e-05
0,0,5.736547e-06
0,0,0.00019112637
0,0,1.6525875e-05
0,0,0.010616198
0,0,9.308706e-05
0,0,9.076871e-05
0,0,5.7684915e-06
0,0,4.2310632e-05
0,0,0.00020144545
0,0,1.8298342e-05
0,0,2.2819575e-05
0,0,5.376119e-05
0,0,0.00014663486
0,0,5.3459153e-05
0,0,5.794029e-05
0,0,0.00032791955
0,0,5.8502825e-05
0,0,6.33606e-05
0,0,6.4775563e-06
0,0,0.00013911961
0,0,4.4834647e-05
0,0,0.00029139256
0,0,5.6238732e-05
0,0,9.297361e-06
0,0,1.4706127e-05
0,0,4.054254e-05
0,0,0.00017352759
0,0,6.241931e-06
0,0,1.3752923e-05
0,0,1.5297355e-05
0,0,0.00012994195
0,0,7.04045e-05
0,0,2.0295967e-05
0,0,0.00018682457
0,0,2.6139565e-05
0,0,8.779754e-05
0,0,0.00011795823
0,0,3.3278393e-06
0,0,1.1415615e-05
0,0,1.533036e-05
0,0,6.832363e-05
0,0,5.370339e-05
0,0,5.6160725e-06
0,0,4.1149877e-05
0,0,1.067963e-05
0,0,3.8997732e-05
0,0,2.6884687e-05
0,0,5.7293815e-05
0,0,9.539668e-06
0,0,4.6870297e-05
0,0,3.3925608e-05
0,0,8.336756e-06
0,0,5.38908e-05
0,0,4.6928926e-05
0,0,0.00015104626
0,0,1.4920086e-05
0,0,2.0066807e-05
0,0,5.0060637e-05
0,0,1.168071e-05
0,0,1.8617218e-05
0,0,3.6732985e-05
0,0,7.805438e-06
0,0,7.670259e-06
0,0,0.00020203965
0,0,5.189871e-06
0,0,7.71673e-05
0,0,1.6233496e-05
0,0,3.792768e-05
0,0,3.0137251e-05
0,0,1.7275504e-05
0,0,4.3238146e-05
0,0,4.5867237e-05
0,0,0.0006858086
0,0,6.099844e-05
0,0,1.21097055e-05
0,0,0.00078813743
0,0,4.56511e-05
0,0,0.00023274518
0,0,3.555988e-05
0,0,1.1050931e-05
0,0,2.1544489e-05
0,0,7.5260514e-06
0,0,0.000629141
0,0,4.6887773e-05
0,0,8.98839e-06
0,0,5.8214296e-06
0,0,0.0010326761
0,0,0.0001594363
0,0,0.00012104248
0,0,0.0005295557
0,0,7.1271854e-05
0,0,0.0038853236
0,0,0.00024443128
0,0,3.0235298e-05
0,0,8.346492e-05
0,0,1.8919067e-05
0,0,1.8254575e-05
0,0,2.8919874e-05
0,0,2.4986382e-05
0,0,1.5219086e-05
0,0,9.429769e-06
0,0,0.00031426296
0,0,1.5744007e-06
0,0,2.0949647e-05
0,0,0.00085542735
0,0,2.4992913e-05
0,0,0.0024046542
0,0,1.2896053e-05
0,0,3.4404347e-05
0,0,1.0383455e-05
0,0,2.2113012e-05
0,0,3.4846318e-05
0,0,1.102124e-05
0,0,6.750086e-06
0,0,2.751805e-05
0,0,3.337966e-06
0,0,0.00010397798
0,0,2.4606006e-05
0,0,1.4082419e-05
0,0,7.347291e-05
0,0,9.2912815e-06
0,0,3.5449266e-05
0,0,0.00021259565
0,0,9.659705e-06
0,0,4.039177e-05
0,0,0.0004608358
0,0,1.8117771e-05
0,0,4.3890836e-06
0,0,3.1811696e-06
0,0,0.0003193893
0,0,6.1576626e-05
0,0,1.9750489e-05
0,0,7.1294876e-06
0,0,1.9354933e-05
0,0,0.00029088822
0,0,8.9580535e-06
0,0,2.0066158e-05
0,0,6.133309e-06
0,0,8.122586e-05
0,0,8.882274e-06
0,0,0.0010346707
0,0,0.00059861515
0,0,2.1917196e-05
0,0,9.328575e-05
0,0,5.549687e-05
0,0,5.862976e-06
0,0,5.6783938e-05
0,0,1.5182916e-05
0,0,0.00026216081
0,0,0.00033775784
0,0,0.0012057803
0,0,5.6388988e-05
0,0,3.3934797e-05
0,0,5.5797325e-05
0,0,4.2090146e-06
0,0,3.0284815e-05
0,0,3.6709487e-05
0,0,2.3120838e-05
0,0,9.620337e-05
0,0,7.342239e-06
0,0,0.00040359597
0,0,0.0004744039
0,0,7.905274e-06
0,0,9.611041e-06
0,0,2.4270744e-06
0,0,0.00025139764
0,0,0.00010848347
0,0,4.372895e-05
0,0,9.243629e-05
0,0,7.5586636e-06
0,0,6.991943e-05
0,0,0.00019696724
0,0,1.8096014e-05
0,0,9.994738e-05
0,0,0.000109223256
0,0,0.00020101528
0,0,3.9772935e-05
0,0,0.00012408708
0,0,3.4022094e-05
0,0,1.5865159e-06
0,0,0.00014945313
0,0,0.000101240905
0,0,4.7854915e-06
0,0,5.5539116e-05
0,0,5.7494246e-05
0,0,1.6866765e-05
0,0,1.067853e-05
0,0,7.82398e-06
0,0,1.8652796e-05
0,0,0.00047300657
0,0,4.1431754e-06
0,0,7.858283e-05
0,0,1.0090027e-05
0,0,1.10117535e-05
0,0,3.6569098e-05
0,0,4.006526e-05
0,0,3.657893e-05
0,0,0.0008013441
0,0,3.1902e-05
0,0,2.5175816e-05
0,0,0.00047796138
0,0,8.335111e-06
0,0,0.0008420207
0,0,2.1327474e-05
0,0,9.6230244e-05
0,0,6.660446e-05
0,0,4.7861627e-06
0,0,5.799923e-06
0,0,1.913419e-05
0,0,0.003560186
0,0,1.4411227e-05
0,0,4.669167e-05
0,0,1.8204179e-05
0,0,1.7708076e-05
0,0,6.826019e-06
0,0,3.5022385e-05
0,0,0.0001084632
0,0,0.0009887514
0,0,2.5374671e-05
0,0,1.2191525e-05
0,0,6.15087e-06
0,0,1.152187e-05
0,0,3.357578e-05
0,0,2.9042421e-05
0,0,5.2659256e-05
0,0,0.00012590254
0,0,1.2281789e-05
0,0,4.956013e-05
0,0,0.00016001488
0,0,4.3347056e-05
0,0,2.0993686e-05
0,0,2.1165319e-05
0,0,8.919925e-05
0,0,1.7783792e-05
0,0,0.013783413
0,0,0.0007201926
0,0,2.3987019e-05
0,0,2.664113e-05
0,0,6.834233e-06
0,0,1.3114808e-05
0,0,0.0019423169
0,0,1.5442967e-05
0,0,3.7393631e-06
0,0,0.00068848993
0,0,1.4032561e-05
0,0,0.0018865715
0,0,6.6011576e-06
0,0,7.751696e-05
0,0,3.8310886e-06
0,0,2.799612e-05
0,0,4.47402e-06
0,0,0.00019228927
0,0,7.970166e-05
0,0,3.21241e-05
0,0,1.8198883e-05
0,0,0.0001073383
0,0,3.3060674e-05
0,0,0.00021808335
0,0,0.0002477742
0,0,6.719257e-05
0,0,2.7524902e-05
0,0,0.00038877723
0,0,0.00021060917
0,0,1.1106939e-05
0,0,1.715955e-05
0,0,3.573843e-05
0,0,1.1129014e-06
0,0,1.09799585e-05
0,0,7.496359e-05
0,0,5.898555e-06
0,0,9.202937e-06
0,0,0.00021241189
0,0,0.00020721064
0,0,8.565774e-06
0,0,4.165855e-05
0,0,2.83847e-06
0,0,9.76923e-05
0,0,0.000104938
0,0,5.411474e-06
0,0,2.0888938e-05
0,0,3.3111854e-05
0,0,5.1587675e-05
0,0,2.6479202e-05
0,0,0.0012982967
0,0,7.3374395e-05
0,0,0.00014797358
0,0,1.819805e-05
0,0,8.030399e-06
0,0,3.6878333e-05
0,0,0.00018028825
0,0,1.4465063e-05
0,0,0.0002877838
0,0,0.0027569064
0,0,1.7119619e-05
0,0,0.004734796
0,0,2.6412294e-05
0,0,3.7572934e-06
0,0,2.2830327e-05
0,0,4.4829035e-06
0,0,0.00023590606
0,0,3.7335947e-05
0,0,2.4829846e-05
0,0,1.3804367e-05
0,0,6.5308263e-06
0,0,3.8085305e-05
0,0,1.7621789e-05
0,0,2.9703662e-05
0,0,3.202683e-05
0,0,7.262446e-05
0,0,0.00010747431
0,0,5.863173e-05
0,0,5.4403743e-05
0,0,6.898872e-06
0,0,2.0553465e-05
0,0,4.2694795e-05
0,0,3.084991e-05
0,0,0.00012512531
0,0,3.3972035e-05
0,0,1.2797416e-05
0,0,6.2315457e-06
0,0,2.6114996e-05
0,0,0.00016113934
0,0,3.1547275e-05
0,0,0.00056588266
0,0,6.652682e-05
0,0,3.9138416e-05
0,0,4.492268e-05
0,0,7.128985e-06
0,0,0.00054312067
0,0,6.995511e-05
0,0,4.625315e-05
0,0,3.6131064e-06
0,0,2.581851e-05
0,0,1.9146877e-05
0,0,6.6490493e-06
0,0,0.00013973197
0,0,5.4635624e-05
0,0,1.5913741e-06
0,0,7.613115e-05
0,0,2.4418203e-05
0,0,2.8826369e-05
0,0,3.4698694e-06
0,0,0.00015823134
0,0,1.9465164e-05
0,0,0.00027062182
0,0,1.8657618e-05
0,0,5.1362316e-05
0,0,0.0010542193
0,0,9.804806e-06
0,0,9.502973e-05
0,0,2.3838107e-05
0,0,0.00042604274
0,0,5.751733e-05
0,0,2.9688172e-05
0,0,6.352034e-06
0,0,5.2525444e-05
0,0,3.7806272e-05
0,0,1.3165634e-06
0,0,3.656732e-05
0,0,3.8765178e-05
0,0,3.8990445e-05
0,0,1.5921034e-05
0,0,7.518014e-05
0,0,4.0695857e-05
0,0,0.0006120364
0,0,4.541766e-05
0,0,0.0012065684
0,0,0.00040223973
0,0,1.3668914e-05
0,0,2.3389444e-05
0,0,4.8758502e-05
0,0,4.8720067e-05
0,0,1.06974585e-05
0,0,0.00012715854
0,0,0.0010315026
0,0,1.1403222e-05
0,0,9.06925e-05
0,0,4.8898524e-05
0,0,0.00072680746
0,0,1.2311023e-05
0,0,0.0006028343
0,0,9.909338e-06
0,0,2.6216856e-05
0,0,1.0020265e-05
0,0,2.5437096e-06
0,0,1.0410086e-05
0,0,4.9506605e-05
0,0,1.7002681e-05
0,0,0.00028735062
0,0,1.3724675e-05
0,0,8.192034e-05
0,0,1.2013096e-05
0,0,9.2197195e-05
0,0,0.000107810585
0,0,0.00030645396
0,0,3.0992425e-05
0,0,3.6342633e-05
0,0,4.8876704e-05
0,0,2.8730108e-06
0,0,2.1649446e-05
0,0,0.00013314918
0,0,8.602528e-07
0,0,0.00018586902
0,0,2.093878e-05
0,0,0.0044157486
0,0,3.9516304e-05
0,0,3.666216e-06
0,0,0.0003463355
0,0,0.00010577588
0,0,8.033356e-06
0,0,5.0382423e-05
0,0,9.165912e-05
0,0,0.00017891568
0,0,6.201808e-05
0,0,1.25112365e-05
0,0,1.9442734e-05
0,0,0.00028982188
0,0,6.5350614e-05
0,0,4.5916557e-05
0,0,0.00019735112
0,0,2.982236e-05
0,0,1.1039197e-05
0,0,2.7974265e-05
0,0,0.00023837142
0,0,2.1845266e-05
0,0,2.3001572e-05
0,0,1.0656932e-05
0,0,0.00052041333
0,0,0.0029248858
0,0,0.0024296297
0,0,4.6005927e-05
0,0,7.842985e-06
0,0,6.317965e-05
0,0,1.8424995e-05
0,0,0.00012457221
0,0,2.5649717e-05
0,0,6.530963e-05
0,0,4.97506e-06
0,0,0.00048595632
0,0,8.315944e-06
0,0,1.0408975e-05
0,0,7.3768475e-05
0,0,4.54577e-05
0,0,0.00012443888
0,0,8.180676e-05
0,0,0.0004177299
0,0,1.02663125e-05
0,0,3.4555176e-06
0,0,2.2468495e-05
0,0,4.6597146e-05
0,0,2.945996e-06
0,0,1.7614297e-05
0,0,2.2927223e-05
0,0,0.0006676739
0,0,4.7636247e-05
0,0,1.0265305e-05
0,0,3.547564e-05
0,0,0.00010943207
0,0,3.8777416e-05
0,0,6.065632e-05
0,0,1.992404e-05
0,0,0.00068209256
0,0,0.00013480292
0,0,1.5754877e-05
0,0,8.896661e-06
0,0,0.0022325697
0,0,0.00018509633
0,0,3.1876396e-05
0,0,5.9387065e-05
0,0,0.0006282338
0,0,1.902667e-05
0,0,7.3263785e-05
0,0,0.00011072377
0,0,7.467164e-06
0,0,4.0195875e-05
0,0,4.3677064e-05
0,0,0.00057482097
0,0,2.0119445e-05
0,0,2.8046493e-06
0,0,0.00033134242
0,0,1.18516355e-05
0,0,0.00025051495
0,0,0.001155291
0,0,2.6162432e-05
0,0,8.897082e-05
0,0,2.4485431e-05
0,0,6.0422106e-05
0,0,6.019128e-06
0,0,1.2805292e-05
0,0,5.298572e-05
0,0,1.4376553e-05
0,0,2.4966137e-05
0,0,0.010131211
0,0,3.5053494e-05
0,0,2.8438179e-05
0,0,2.7022257e-05
0,0,0.00026545848
0,0,3.897587e-05
0,0,1.9849906e-05
0,0,9.0013134e-05
0,0,4.624076e-05
0,0,8.9566865e-06
0,0,9.202673e-06
0,0,1.3880339e-05
0,0,0.00011940201
0,0,0.0002036824
0,0,0.0002969299
0,0,9.092494e-06
0,0,9.5360614e-05
0,0,1.7065697e-05
0,0,0.00037069037
0,0,0.00011077003
0,0,0.00010608518
0,0,4.3972494e-05
0,0,9.636996e-06
0,0,4.8791666e-05
0,0,7.897588e-06
0,0,2.3602917e-05
0,0,1.2483241e-05
0,0,1.2384845e-05
0,0,2.4246976e-05
0,0,5.2028223e-05
0,0,0.0040393244
0,0,4.6207435e-05
0,0,2.5580024e-05
0,0,1.9082983e-05
0,0,1.5528132e-05
0,0,6.872289e-05
0,0,7.533056e-05
0,0,1.5421465e-05
0,0,1.5432675e-05
0,0,1.6821417e-05
0,0,9.93987e-06
0,0,0.0001629221
0,0,8.614952e-06
0,0,8.058358e-05
0,0,6.0686056e-05
0,0,3.9673647e-05
0,0,7.3610845e-06
0,0,0.0013216258
0,0,2.1442304e-06
0,0,0.0024701157
0,0,1.7086997e-05
0,0,4.565748e-06
0,0,0.00016530942
0,0,2.0453803e-05
0,0,0.0006405052
0,0,1.6941276e-05
0,0,3.3329914e-05
0,0,1.7869968e-05
0,0,5.8337005e-06
0,0,2.1632564e-05
0,0,1.7329941e-05
0,0,2.8519516e-05
0,0,3.818772e-05
0,0,1.0624804e-05
0,0,1.6195208e-05
0,0,2.1651676e-05
0,0,1.0200555e-05
0,0,4.2530887e-06
0,0,7.6952354e-05
0,0,2.0725474e-05
0,0,3.184935e-05
0,0,4.8879624e-06
0,0,3.5629128e-05
0,0,5.179402e-05
0,0,0.0024669773
0,0,0.0002716758
0,0,4.678607e-05
0,0,4.889305e-06
0,0,6.096053e-06
0,0,7.242292e-06
0,0,0.00036576606
0,0,2.4979234e-05
0,0,4.880512e-05
0,0,3.542581e-05
0,0,0.00017107803
0,0,0.000746024
0,0,1.4156446e-06
0,0,0.00029764615
0,0,1.8132325e-05
0,0,4.94021e-06
0,0,2.9887244e-05
0,0,2.4791492e-05
0,0,1.4753186e-05
0,0,5.386985e-06
0,0,8.101336e-05
0,0,8.514156e-06
0,0,0.0008493549
0,0,3.0517976e-06
0,0,0.0009934399
0,0,3.553815e-05
0,0,6.4502483e-06
0,0,4.9977e-06
0,0,8.244274e-05
0,0,0.0020003086
0,0,8.527654e-05
0,0,1.40869315e-05
0,0,2.781174e-05
0,0,0.0008525723
0,0,0.00010043051
0,0,9.724125e-05
0,0,8.75991e-06
0,0,7.057565e-05
0,0,9.912683e-05
0,0,4.241648e-05
0,0,9.2384535e-06
0,0,1.6194592e-05
1,0,0.21519503
0,0,5.111483e-05
0,0,1.2062828e-05
0,0,9.328611e-05
0,0,6.9681214e-06
0,0,0.00010402241
0,0,0.00010405643
0,0,1.6102513e-05
0,0,2.1068696e-05
0,0,1.3388108e-05
0,0,4.1024337e-05
0,0,2.1857331e-05
0,0,1.1145562e-05
0,0,2.389061e-05
0,0,0.0029433207
0,0,2.5425199e-05
0,0,2.259995e-05
0,0,8.6631306e-05
0,0,5.3035287e-06
1,1,0.6354233
0,0,0.00010542183
0,0,1.9862634e-06
0,0,1.8772198e-05
0,0,0.00011527659
0,0,1.8007717e-05
0,0,1.937804e-05
0,0,0.00021817881
0,0,6.3765016e-05
0,0,5.9228555e-06
0,0,8.82279e-06
0,0,0.0004411768
0,0,1.8882296e-05
0,0,1.3010366e-05
0,0,0.00018614765
0,0,0.00019746066
0,0,2.0668707e-05
0,0,2.6535825e-05
0,0,3.561537e-05
0,0,0.0001549091
0,0,1.2307784e-06
0,0,6.100321e-05
0,0,0.00013814076
0,0,7.360643e-05
0,0,1.1821541e-05
0,0,1.5284246e-05
0,0,0.00015201274
0,0,2.0443758e-05
0,0,0.000723938
0,0,9.786153e-05
0,0,0.00075349683
0,0,0.00015506354
0,0,1.7586752e-05
0,0,0.00018648875
0,0,9.630617e-05
0,0,7.4027725e-05
0,0,3.0537105e-06
0,0,8.803094e-05
0,0,0.0005129331
0,0,6.595434e-05
0,0,1.214571e-05
0,0,5.535694e-06
0,0,4.415769e-06
0,0,3.6752017e-06
0,0,0.0003506329
0,0,2.4549236e-05
0,0,7.583733e-05
0,0,0.00012400074
0,0,2.5104753e-05
0,0,0.00019415613
0,0,5.027554e-05
0,0,0.0008297599
0,0,0.00022258924
0,0,1.5836462e-05
0,0,0.0005235443
0,0,0.00012153088
0,0,7.8730955e-06
0,0,1.7143488e-05
0,0,3.3903456e-05
0,0,2.8358238e-06
0,0,7.7169796e-05
0,0,0.0011012644
0,0,4.9454517e-05
0,0,5.755097e-05
0,0,5.6759684e-05
0,0,3.0775773e-05
0,0,1.4363329e-05
0,0,3.020135e-05
0,0,1.8394816e-05
0,0,4.7364367e-05
0,0,2.4120638e-05
0,0,1.7351953e-05
0,0,7.736749e-05
0,0,0.00028950264
0,0,0.0005227906
0,0,8.531038e-06
0,0,4.509845e-05
0,0,4.7919642e-05
0,0,0.00012056971
0,0,5.608269e-06
0,0,0.00013679286
0,0,0.00062295387
0,0,2.7216742e-05
0,0,1.5643549e-05
0,0,3.4448374e-05
0,0,7.557042e-06
0,0,4.9109658e-05
0,0,3.6408294e-06
0,0,1.5419539e-05
0,0,9.109014e-05
0,0,1.0522495e-05
0,0,0.0005735893
0,0,1.36709605e-05
0,0,0.00024888915
0,0,8.5063344e-05
0,0,7.048202e-05
0,0,1.3067602e-06
0,0,0.00010421094
0,0,0.00016386904
0,0,3.86033e-05
0,0,0.0002219175
0,0,0.000112076355
0,0,6.043879e-06
0,0,2.318184e-05
0,0,1.9317684e-05
0,0,2.6836917e-05
0,0,9.224913e-06
0,0,2.8372026e-05
0,0,1.5066071e-05
0,0,0.0006885264
0,0,3.4711495e-05
0,0,0.00010829795
0,0,8.26893e-06
0,0,5.7036894e-05
0,0,3.8676077e-05
0,0,4.423056e-06
0,0,2.2865886e-05
0,0,1.0590258e-05
0,0,7.4894415e-05
0,0,7.702116e-06
0,0,7.194083e-05
0,0,1.0706102e-05
0,0,3.7945192e-05
0,0,0.000105908395
0,0,1.015085e-05
0,0,0.00013795712
0,0,0.00013737573
0,0,7.033148e-06
0,0,1.15212115e-05
0,0,7.936598e-05
0,0,0.00010501588
0,0,0.00021219306
0,0,6.346879e-05
0,0,0.0002830229
0,0,1.3341395e-05
0,0,0.00011992382
0,0,1.9455048e-05
0,0,1.930728e-05
0,0,1.3207146e-05
0,0,0.00019447833
0,0,1.0001372e-05
0,0,3.6701087e-05
0,0,8.275478e-06
0,0,0.008802967
0,0,0.0009891975
0,0,3.4100147e-05
0,0,1.6846447e-05
0,0,6.988486e-06
0,0,0.00012417503
0,0,0.00019021989
0,0,1.1813044e-05
0,0,0.0002678166
0,0,1.2811252e-05
0,0,2.9328343e-05
0,0,2.5813335e-06
0,0,1.0071645e-05
0,0,3.6534063e-06
0,0,2.9308854e-05
0,0,2.7154312e-05
0,0,3.583877e-05
0,0,0.0001837751
0,0,4.1466952e-05
0,0,0.00010387997
0,0,6.934327e-05
0,0,2.7059468e-05
0,0,6.8661584e-06
0,0,2.0230362e-05
0,0,8.797341e-06
0,0,2.895713e-05
0,0,5.2055962e-05
0,0,1.7051494e-05
0,0,0.0001558594
0,0,0.00027942637
0,0,0.0006902533
0,0,1.8959363e-05
0,0,3.445823e-05
0,0,4.5310455e-05
0,0,3.7348866e-06
0,0,2.6218336e-06
0,0,0.00012100382
0,0,4.553251e-06
0,0,3.5311437e-05
0,0,1.4183219e-05
0,0,0.00015160785
0,0,9.536493e-06
0,0,4.553025e-06
0,0,4.3190303e-05
0,0,6.56355e-06
0,0,0.00016712348
0,0,0.0001325146
0,0,5.2952655e-06
0,0,0.00035385363
0,0,1.0594471e-05
0,0,2.933889e-05
0,0,4.2637792e-05
0,0,0.0004570745
0,0,8.433417e-05
0,0,0.00021575637
0,0,5.9984235e-05
0,0,0.00022091788
0,0,0.01766714
0,0,0.00012868793
0,0,6.491602e-05
0,0,2.5033869e-05
0,0,0.0032591936
0,0,8.422671e-06
0,0,1.5850816e-05
0,0,0.0003124889
0,0,1.6710455e-05
0,0,3.7927715e-05
0,0,1.2002882e-05
0,0,7.6102206e-06
0,0,8.812296e-06
0,0,0.001316527
0,0,4.7024485e-05
0,0,3.551667e-05
0,0,1.1486017e-05
0,0,8.8812725e-05
0,0,5.4695215e-06
0,0,3.137901e-05
0,0,9.131932e-05
0,0,4.39447e-05
0,0,2.4013614e-05
0,0,4.7027534e-05
0,0,6.9497323e-06
0,0,0.00011956038
0,0,9.6303775e-05
0,0,9.079045e-06
0,0,1.4393688e-05
0,0,5.3069994e-06
0,0,0.0008978842
0,0,2.5722542e-05
0,0,0.00045910125
0,0,2.3307994e-05
0,0,3.8600614e-05
0,0,0.00014344112
0,0,2.0283893e-05
0,0,0.00034212592
0,0,1.0784722e-05
0,0,1.6464932e-05
0,0,0.00015887964
0,0,5.0285176e-05
0,0,1.5483474e-05
0,0,5.5095945e-05
0,0,5.965935e-05
0,0,0.0024224806
0,0,6.898046e-05
0,0,4.726055e-05
0,0,3.9779952e-05
0,0,7.399867e-06
0,0,3.5225807e-05
0,0,7.410078e-06
0,0,0.00034159288
0,0,3.4980844e-06
0,0,2.914936e-05
0,0,1.4787752e-05
0,0,2.189434e-05
0,0,3.0260019e-06
0,0,6.2685485e-06
0,0,1.8701619e-06
0,0,0.004189447
0,0,0.0006194979
0,0,0.00010716219
0,0,6.6442444e-06
0,0,0.000112808884
0,0,6.3685807e-06
0,0,2.807154e-05
0,0,0.00022251012
0,0,1.3732034e-05
0,0,0.0005610045
0,0,6.927941e-06
0,0,0.0003670277
0,0,3.9776537e-06
0,0,2.707462e-06
0,0,1.578074e-05
0,0,8.109227e-05
0,0,2.582208e-05
0,0,0.00010949522
0,0,1.544301e-05
0,0,3.1800733e-05
0,0,4.8550696e-06
0,0,1.2979533e-05
0,0,1.0237159e-05
0,0,6.2449253e-06
0,0,0.00039141218
0,0,1.1723776e-05
0,0,1.0373192e-05
0,0,2.4691544e-05
0,0,1.4305272e-05
0,0,1.1313101e-05
0,0,5.1563475e-05
0,0,1.8685289e-05
0,0,3.0455927e-05
0,0,0.00040844167
0,0,0.00028523308
0,0,2.1825526e-05
0,0,5.066829e-05
0,0,1.3405074e-05
0,0,0.00011243956
0,0,1.8923145e-05
0,0,8.6201646e-05
0,0,1.9506586e-05
0,0,0.00032931182
0,0,3.9218594e-05
0,0,0.00028300402
0,0,6.44852e-06
0,0,0.00019239896
0,0,1.8105042e-05
0,0,8.024656e-05
0,0,9.842645e-06
0,0,1.1353481e-05
0,0,7.318708e-06
0,0,0.00043660274
0,0,1.3628264e-05
0,0,0.00042070233
0,0,6.849292e-05
0,0,9.279097e-06
0,0,0.00014767039
0,0,9.985745e-05
0,0,1.0008718e-05
0,0,0.000119995995
0,0,2.7086215e-05
0,0,0.00014357275
0,0,3.0080913e-05
0,0,9.6795775e-06
0,0,7.404015e-05
0,0,4.29524e-05
0,0,1.5173188e-05
0,0,3.4630786e-05
0,0,3.9427982e-06
0,0,0.00057091884
0,0,4.4175624e-05
0,0,5.449596e-06
0,0,4.441782e-06
0,0,2.834009e-05
0,0,2.3690798e-05
0,0,1.1397688e-05
0,0,0.00026414465
0,0,1.1515884e-05
0,0,3.9436607e-05
0,0,0.00074411405
0,0,2.8627395e-05
0,0,0.0001617349
0,0,6.0139395e-05
0,0,2.0679177e-05
0,0,5.23306e-06
0,0,8.907345e-05
0,0,9.350386e-05
0,0,0.00013336404
0,0,1.084487e-05
0,0,0.0003743951
0,0,4.0022984e-05
0,0,1.6371457e-06
0,0,2.2141148e-06
0,0,0.00046020848
0,0,1.6273114e-05
0,0,0.00031818546
0,0,5.6305435e-05
0,0,5.595996e-05
0,0,2.7549113e-05
0,0,0.00012312835
0,0,2.5263289e-05
0,0,2.6684203e-05
0,0,0.00022315577
0,0,0.00022367682
0,0,8.6605854e-07
0,0,1.3599027e-05
0,0,2.3624627e-05
0,0,0.00088255916
0,0,7.07763e-06
0,0,4.8145277e-05
0,0,0.0001751734
0,0,0.00019167605
0,0,0.00013029955
0,0,0.00072874525
0,0,1.1964265e-05
0,0,8.961206e-05
0,0,2.3143168e-06
0,0,1.2991731e-05
0,0,3.497779e-05
0,0,1.4058721e-05
0,0,0.0011152289
0,0,4.2454965e-05
0,0,3.5307057e-05
0,0,1.9759493e-05
0,0,3.9894876e-06
0,0,7.0990696e-05
0,0,0.00028556012
0,0,2.5927173e-05
0,0,5.2072097e-05
0,0,8.736992e-06
0,0,3.6316433e-06
0,0,2.7514849e-05
0,0,0.00040279748
0,0,2.703378e-05
0,0,0.011247324
0,0,1.7430468e-05
0,0,9.8876466e-05
0,0,4.762062e-05
0,0,0.00011884711
0,0,2.5581561e-05
0,0,0.0001261898
0,0,4.0412997e-05
0,0,0.00013602026
0,0,5.553737e-05
0,0,5.2578067e-05
0,0,6.5803055e-05
0,0,1.9760435e-05
0,0,6.4578904e-05
0,0,1.3904438e-05
0,0,4.986348e-05
0,0,2.0259517e-05
0,0,3.5869027e-05
0,0,2.9557712e-05
0,0,3.8152193e-05
0,0,1.1097135e-05
0,0,4.1994003e-06
0,0,0.0032366493
0,0,1.7539134e-05
0,0,2.2879212e-05
0,0,0.000101017074
0,0,0.0001875705
0,0,8.007724e-07
0,0,2.167498e-05
0,0,3.3046745e-05
0,0,5.297981e-05
0,0,5.825756e-06
0,0,5.043843e-05
0,0,3.5274075e-05
0,0,7.465882e-05
0,0,5.7103778e-05
0,0,7.965258e-05
0,0,5.351102e-06
0,0,1.57041e-05
0,0,2.944338e-05
0,0,5.794388e-05
0,0,6.70329e-05
0,0,0.00065726734
0,0,5.2510124e-05
0,0,1.0873359e-05
0,0,2.9245644e-05
0,0,3.2417013e-06
0,0,5.022302e-05
0,0,1.2203087e-05
0,0,3.242143e-05
0,0,0.00018744374
0,0,0.00020214719
0,0,2.8936588e-06
0,0,3.7584403e-05
0,0,2.949405e-05
0,0,4.4414923e-05
0,0,0.00048059103
0,0,7.304752e-05
0,0,7.648857e-06
0,0,0.00010569058
0,0,0.00015948435
0,0,4.781192e-05
0,0,8.25611e-06
0,0,0.00011914623
0,0,2.2677585e-05
0,0,0.004107471
0,0,7.739635e-05
0,0,4.660235e-05
0,0,5.4240725e-05
0,0,2.3830311e-05
0,0,1.7943501e-05
0,0,3.0114898e-05
0,0,6.448149e-05
0,0,2.1365704e-05
0,0,6.694162e-05
0,0,0.00093693746
0,0,2.0897487e-05
0,0,0.00055855553
0,0,6.588783e-05
0,0,0.00011117118
0,0,0.0010235114
0,0,0.00015915406
0,0,7.391874e-05
0,0,0.00021188332
0,0,1.1077203e-05
0,0,0.0001354465
0,0,0.00018028825
0,0,6.108635e-06
0,0,0.00046823767
0,0,5.335438e-06
0,0,6.75279e-06
0,0,1.1817044e-05
0,0,0.0004873031
0,0,0.0015346162
0,0,1.3067405e-05
0,0,4.7959278e-05
0,0,6.066951e-05
0,0,9.364502e-05
0,0,5.0334642e-05
0,0,2.687013e-05
0,0,0.0007942819
0,0,0.00045672324
0,0,0.00013897788
0,0,5.8091933e-05
0,0,0.0001685759
0,0,8.415357e-06
0,0,3.3479253e-05
0,0,4.0494706e-05
0,0,2.1813561e-05
0,0,4.6785744e-06
0,0,0.00078724767
0,0,0.0001504374
0,0,1.47764185e-05
0,0,1.1089063e-05
0,0,5.6939996e-05
0,0,1.0274609e-05
0,0,3.3728936e-06
0,0,5.521545e-05
0,0,1.50268115e-05
0,0,0.0002646531
0,0,4.5905304e-05
0,0,1.9839212e-05
0,0,1.8875546e-05
0,0,3.8109865e-05
0,0,6.188179e-05
0,0,0.00036096683
0,0,1.165903e-05
0,0,0.0008111113
0,0,0.00025375132
0,0,4.9310506e-06
0,0,5.086431e-05
0,0,0.00037096153
0,0,3.3249024e-05
0,0,1.7877348e-05
0,0,1.0822946e-05
0,0,3.068633e-05
0,0,9.629242e-06
0,0,0.00011618992
0,0,2.268072e-05
0,0,3.4965055e-05
0,0,6.539463e-05
0,0,1.8296752e-05
0,0,6.638854e-05
0,0,3.0303363e-05
0,0,2.7267612e-05
0,0,3.3959306e-05
0,0,3.8490154e-05
0,0,2.8652291e-06
0,0,7.015365e-05
0,0,7.89737e-06
0,0,3.4986247e-06
0,0,6.5158085e-05
0,0,7.928824e-06
0,0,3.2776825e-05
0,0,0.00079799123
0,0,9.576841e-05
0,0,0.00086303777
0,0,8.793219e-05
0,0,9.0343005e-05
0,0,0.0005334627
0,0,8.64693e-06
0,0,3.2249086e-06
0,0,9.139625e-05
0,0,1.1583147e-05
0,0,1.036625e-05
0,0,3.3352553e-05
0,0,1.4665275e-05
0,0,1.8787638e-05
0,0,1.6801714e-05
0,0,4.349262e-06
0,0,1.1044431e-05
0,0,0.00056384946
0,0,3.066898e-05
0,0,8.6773434e-05
0,0,8.652456e-05
0,0,0.0002514712
0,0,9.3096554e-05
0,0,0.00010730556
0,0,4.8837264e-06
0,0,3.5433648e-05
0,0,2.260801e-05
0,0,3.5206194e-05
0,0,0.00019014046
0,0,7.718481e-05
0,0,5.3156864e-06
0,0,6.121476e-06
0,0,1.67748e-05
0,0,1.8997478e-05
0,0,3.097396e-05
0,0,1.0977248e-05
0,0,0.00050984684
0,0,0.00011926318
0,0,3.963783e-06
0,0,7.0138576e-06
0,0,6.453312e-06
0,0,2.426694e-05
0,0,3.3870492e-05
0,0,0.00020345493
0,0,3.486267e-05
0,0,6.417048e-05
0,0,1.0303693e-05
0,0,7.4688796e-06
0,0,4.697272e-05
0,0,4.076266e-06
0,0,0.00017426047
0,0,1.915557e-05
0,0,0.00015818005
0,0,6.489646e-05
0,0,1.2067188e-05
0,0,1.1998383e-05
0,0,2.6384701e-05
0,0,2.0453803e-05
0,0,7.2072944e-05
0,0,2.3521927e-06
0,0,5.3100695e-05
0,0,9.771482e-06
0,0,0.00017102387
0,0,4.4125227e-05
0,0,0.00060097815
0,0,3.1594485e-05
0,0,7.352288e-05
0,0,1.1302145e-05
0,0,4.833956e-05
0,0,1.1824079e-05
0,0,6.501689e-05
0,0,0.0023181436
0,0,7.7489465e-05
0,0,2.925711e-05
0,0,9.8598375e-06
0,0,0.00016732152
0,0,1.4642091e-05
0,0,8.330509e-06
0,0,1.1353481e-05
0,0,2.2235388e-05
0,0,9.3747505e-05
0,0,5.7761765e-05
0,0,0.00021273983
0,0,0.0036086058
0,0,2.7487049e-05
0,0,4.8729194e-06
0,0,0.00019914325
0,0,2.295006e-05
0,0,1.3202285e-05
0,0,0.00021876874
0,0,1.1978079e-05
0,0,7.695067e-06
0,0,1.4625107e-05
0,0,1.2475982e-05
0,0,3.7583726e-05
0,0,8.034336e-06
0,0,2.27953e-06
0,0,1.9678706e-05
0,0,0.00085599156
0,0,6.6293076e-05
0,0,2.1839227e-05
0,0,0.00011928252
0,0,7.4235846e-05
0,0,2.6034828e-05
0,0,1.5082532e-05
0,0,4.497043e-05
0,0,3.409075e-05
0,0,1.5405427e-05
0,0,5.4052925e-05
0,0,8.4595216e-05
0,0,1.4940619e-05
0,0,0.0003038829
0,0,1.5032716e-05
0,0,0.00013801528
0,0,4.5049666e-05
0,0,2.5034633e-05
0,0,0.0004166263
0,0,8.943832e-06
0,0,1.6172891e-05
0,0,0.00030117432
0,0,2.8845454e-05
0,0,9.0581e-05
0,0,9.143423e-06
0,0,3.1145813e-05
0,0,2.5126603e-06
0,0,4.6254914e-05
0,0,1.0850395e-05
0,0,5.243976e-05
0,0,3.2707194e-05
0,0,7.908374e-06
0,0,9.377621e-05
0,0,3.848461e-05
0,0,0.00015657603
0,0,5.4183884e-06
0,0,3.7280945e-05
0,0,4.236623e-05
0,0,0.00014932023
0,0,0.001004179
0,0,0.015235259
0,0,1.1404561e-06
0,0,4.080825e-05
0,0,0.00021954396
0,0,9.411627e-05
0,0,3.3823667e-06
0,0,0.000121251214
0,0,9.6929354e-05
0,0,1.1983518e-05
0,0,7.0271555e-05
0,0,8.6847895e-06
0,0,1.0350523e-05
0,0,0.0011514906
0,0,4.717338e-05
0,0,7.4607638e-06
0,0,2.1326376e-05
0,0,4.6240366e-06
0,0,7.32932e-05
0,0,5.0316644e-06
0,0,4.8389e-05
0,0,6.8156633e-06
0,0,4.2627016e-05
0,0,2.1378742e-06
0,0,2.0230382e-05
0,0,0.0001144431
0,0,7.272551e-06
0,0,4.2892312e-05
0,0,7.5614626e-05
0,0,5.0077444e-05
0,0,0.00044046013
0,0,0.000121457786
0,0,3.75508e-05
0,0,1.4648696e-05
0,0,1.8641664e-05
0,0,9.950076e-06
0,0,5.378878e-05
0,0,1.0536483e-05
0,0,1.5009182e-05
0,0,8.7460785e-06
0,0,1.2160591e-05
0,0,5.0329458e-05
0,0,3.1813594e-05
0,0,4.5433426e-05
0,0,3.3373042e-05
0,0,6.3365434e-05
0,0,3.5778976e-05
0,0,0.00012284642
0,0,7.4871e-05
0,0,1.7466426e-05
0,0,9.9897425e-06
0,0,4.3893102e-05
0,0,2.5562554e-06
0,0,0.004529253
0,0,0.00015756045
0,0,3.4086264e-05
0,0,0.00043679425
0,0,4.0834566e-05
0,0,1.078625e-06
0,0,1.3534221e-05
0,0,0.00019912825
0,0,3.5568428e-05
0,0,0.0010253047
0,0,5.41335e-05
0,0,0.0002865769
0,0,4.230678e-06
0,0,2.964935e-05
0,0,3.3108445e-05
0,0,2.9597963e-05
0,0,0.00030754274
0,0,3.6575445e-06
0,0,1.3851181e-05
0,0,1.2563679e-05
0,0,0.00012835678
0,0,0.00019567116
0,0,9.311594e-06
0,0,1.0620357e-05
0,0,2.2615926e-05
0,0,5.286182e-05
0,0,2.1731359e-05
0,0,5.531996e-05
0,0,0.000110544956
0,0,7.15804e-05
0,0,0.0003438901
0,0,1.3198824e-05
0,0,0.00037435658
0,0,3.434603e-05
0,0,0.004047341
0,0,3.6353165e-06
0,0,0.00024844793
0,0,2.233783e-05
0,0,0.0030596256
0,0,7.289855e-06
0,0,0.00024336044
0,0,5.5149456e-05
0,0,0.0009585173
0,0,2.6657955e-05
0,0,0.00024143321
0,0,7.528984e-05
0,0,3.035722e-05
0,0,0.00028584368
0,0,0.00014300614
0,0,0.00011453601
0,0,9.492024e-05
0,0,8.544317e-06
0,0,6.2902334e-05
0,0,2.1928674e-05
0,0,0.00011398948
0,0,1.7549875e-05
0,0,9.60371e-06
0,0,0.0012701113
0,0,5.6512803e-05
0,0,2.24355e-05
0,0,2.0551133e-05
0,0,7.669587e-06
0,0,3.403611e-05
0,0,3.5880934e-05
0,0,7.47406e-05
0,0,5.2082327e-05
0,0,0.0001858871
0,0,0.00020803596
0,0,0.00030740205
0,0,1.6647547e-05
0,0,0.000113076094
0,0,0.0023999333
0,0,1.3242157e-05
0,0,1.2069708e-06
0,0,0.00014957732
0,0,1.0107989e-05
0,0,0.00031978445
0,0,6.326461e-06
0,0,9.054525e-05
0,0,3.398127e-05
0,0,2.6539572e-05
0,0,9.303586e-05
0,0,6.5355052e-06
0,0,7.532962e-05
0,0,8.863752e-06
0,0,3.006422e-05
0,0,6.574993e-05
0,0,0.00013663356
0,0,0.00056858564
0,0,5.921461e-06
0,0,2.0538242e-05
0,0,1.3067613e-06
0,0,9.849754e-06
0,0,2.7317139e-05
0,0,0.0002157321
0,0,3.5418343e-05
0,0,0.00056900474
0,0,2.2985805e-05
0,0,3.3138927e-05
0,0,8.75222e-06
0,0,7.783303e-05
0,0,7.381028e-06
0,0,8.746454e-06
0,0,0.00014103
0,0,6.0511942e-05
0,0,2.5278181e-05
0,0,0.00013966404
0,0,0.00014211657
0,0,2.3798788e-05
0,0,3.666107e-06
0,0,1.3705723e-05
0,0,0.00048121443
0,0,1.6785347e-05
0,0,2.0567995e-05
0,0,2.1894614e-06
0,0,0.00011235017
0,0,0.000116044976
0,0,3.5958004e-05
0,0,6.3987522e-06
0,0,4.3663236e-05
0,0,1.5332247e-05
0,0,1.9098276e-05
0,0,1.4477029e-05
0,0,0.00018599951
0,0,0.00012997293
0,0,0.00073902344
0,0,3.2948217e-05
0,0,4.2448122e-05
0,0,5.6759684e-05
0,0,0.006922357
0,0,1.9817826e-05
0,0,7.814517e-06
0,0,2.5440551e-05
0,0,1.42384715e-05
0,0,1.2118705e-05
0,0,1.2579588e-05
0,0,2.350061e-05
0,0,5.431013e-05
0,0,1.3488337e-05
0,0,7.4934082e-06
0,0,1.9102521e-05
0,0,7.018523e-05
0,0,4.238001e-05
0,0,4.6193294e-05
0,0,0.00012475825
0,0,0.00196147
0,0,9.81577e-05
0,0,6.740153e-05
0,0,0.00013866945
0,0,5.3691816e-05
0,0,1.09184775e-05
0,0,4.8112415e-05
0,0,3.9684506e-05
0,0,7.6435e-05
0,0,9.9118224e-05
0,0,3.349113e-05
0,0,0.00026422524
0,0,1.5284566e-05
0,0,2.2469603e-06
0,0,7.5272685e-05
0,0,3.1733205e-05
0,0,7.346135e-05
0,0,3.3851506e-05
0,0,0.00032334492
0,0,0.0003683074
0,0,3.064866e-05
0,0,1.0690064e-05
0,0,5.3953172e-05
0,0,6.608894e-05
0,0,8.866296e-06
0,0,0.00023476484
0,0,3.529164e-05
0,0,7.794347e-05
0,0,9.4149036e-05
0,0,3.7857403e-06
0,0,1.3772218e-05
0,0,6.743856e-05
0,0,4.4129603e-05
0,0,0.00015492814
0,0,6.0954826e-06
0,0,4.7419373e-05
0,0,5.8345295e-06
0,0,0.0001409265
0,0,5.8832913e-05
0,0,0.00014378154
0,0,1.4009763e-05
0,0,1.4076148e-05
0,0,0.00010183355
0,0,2.9734527e-05
0,0,5.2399668e-05
0,0,6.3836424e-06
0,0,5.4132102e-05
0,0,1.2673704e-05
0,0,5.033426e-05
0,0,1.0389447e-05
0,0,2.7930175e-05
0,0,2.0105635e-05
0,0,5.332992e-05
0,0,4.0275914e-05
0,0,2.6217505e-05
0,0,1.692416e-05
0,0,0.00015652229
0,0,0.00031384555
0,0,0.004780453
0,0,3.8051436e-05
0,0,4.450052e-05
0,0,6.801917e-06
0,0,6.295346e-05
0,0,0.00032690447
0,0,7.599843e-06
0,0,1.566515e-05
0,0,3.1375512e-06
0,0,4.5003335e-06
0,0,8.619408e-05
0,0,1.05243425e-05
0,0,1.3785017e-05
0,0,1.9000849e-05
0,0,2.7831293e-05
0,0,0.0007940503
0,0,9.9355575e-06
0,0,2.8532193e-05
0,0,0.00023266752
0,0,1.036625e-05
0,0,9.665022e-06
0,0,7.897114e-06
0,0,8.1804574e-05
0,0,3.1865697e-05
0,0,2.5044446e-05
0,0,6.1639315e-05
0,0,0.00019993549
0,0,0.0003419756
0,0,2.790741e-05
0,0,5.3909713e-05
0,0,0.00040291654
0,0,0.00018586902
0,0,1.3963065e-05
0,0,4.3821165e-05
0,0,3.3162258e-05
0,0,5.983119e-05
1,1,0.9975516
0,0,2.118709e-05
0,0,8.5688596e-05
0,0,3.5882895e-06
0,0,0.00029708736
0,0,4.306104e-05
0,0,7.85125e-05
0,0,7.8520134e-05
0,0,5.1725605e-05
0,0,1.7019927e-05
0,0,5.4740667e-06
0,0,6.949301e-06
0,0,5.7090674e-06
0,0,3.6797042e-05
0,0,0.0002593194
0,0,2.3522249e-05
0,0,1.1617818e-05
0,0,2.4201656e-06
0,0,1.1403267e-06
0,0,5.651549e-06
0,0,1.3222648e-05
0,0,0.002165589
0,0,1.7840022e-06
0,0,3.971718e-05
0,0,3.232508e-05
0,0,5.9266386e-05
0,0,2.2790258e-05
0,0,0.00052947545
0,0,9.103614e-05
0,0,5.9689105e-06
0,0,0.000107411106
0,0,0.00054882123
0,0,3.9086026e-06
0,0,7.764184e-05
0,0,7.528213e-06
0,0,0.000104374645
0,0,4.880854e-06
0,0,0.007620965
0,0,5.2412313e-05
0,0,1.9787818e-05
0,0,3.1236e-06
0,0,3.5925103e-05
0,0,2.3442393e-05
0,0,8.911632e-06
0,0,3.82732e-06
0,0,1.7271797e-05
0,0,0.00026786284
0,0,1.0779159e-05
0,0,0.00032054662
0,0,1.8096653e-05
0,0,9.002395e-05
0,0,0.00019034906
0,0,4.9372567e-05
0,0,2.44314e-06
0,0,1.1663077e-05
0,0,8.287767e-06
0,0,1.9545205e-05
0,0,0.00019659873
0,0,1.3258723e-05
0,0,3.3456752e-05
0,0,3.537247e-05
0,0,2.4151572e-05
0,0,1.2913011e-05
0,0,8.903104e-06
0,0,6.234683e-05
0,0,7.527118e-05
0,0,4.5158317e-06
0,0,7.3426527e-06
0,0,1.8219356e-05
0,0,1.1251342e-05
0,0,7.926788e-05
0,0,0.00081323483
0,0,1.0784505e-05
0,0,0.0012339349
0,0,4.0885454e-05
0,0,0.001382457
0,0,2.2688142e-05
0,0,0.0003614384
0,0,1.7605764e-05
0,0,1.6916541e-05
0,0,9.702516e-06
0,0,4.439982e-06
0,0,9.101716e-06
0,0,5.5416253e-06
0,0,7.23321e-05
0,0,1.1843557e-05
0,0,7.4636673e-06
0,0,5.6805548e-05
0,0,2.8956993e-05
0,0,6.0010094e-05
0,0,0.00011987968
0,0,3.3420878e-05
0,0,7.039006e-06
0,0,2.0670896e-05
0,0,1.25173365e-05
0,0,3.8707145e-05
0,0,0.008459303
0,0,1.35858445e-05
0,0,7.5168246e-05
0,0,1.1231798e-05
0,0,0.00012733544
0,0,1.5015181e-05
0,0,3.0331437e-05
0,0,6.589899e-06
0,0,9.634061e-05
0,0,2.3862352e-05
0,0,4.936339e-05
0,0,5.380689e-05
0,0,1.11413e-05
0,0,1.6460646e-05
0,0,5.1419065e-05
0,0,2.7035041e-05
0,0,7.958649e-06
0,0,2.0348061e-05
0,0,1.2104232e-05
0,0,0.0012256445
0,0,0.00012165112
0,0,0.000110617926
0,0,0.0006763986
0,0,2.08484e-05
0,0,1.995473e-05
0,0,1.3540185e-05
0,0,7.536717e-06
0,0,2.3658107e-05
0,0,3.810191e-05
0,0,9.230152e-05
0,0,3.8496096e-06
0,0,1.8573504e-05
0,0,6.179805e-05
0,0,0.00010171496
0,0,1.9850057e-05
0,0,0.0005337605
0,0,2.1991711e-05
