actual,predicted,probability
0,0,6.130132e-05
0,0,6.9419752e-06
0,0,3.0548115e-06
0,0,9.8281336e-05
0,0,0.00024436417
0,0,5.2098025e-05
0,0,0.0034317134
0,0,3.6964844e-05
0,0,2.6825037e-06
0,0,8.22815e-06
0,0,2.657442e-05
0,0,1.7606637e-05
0,0,2.5345795e-05
0,0,0.00018600003
0,0,2.6133108e-05
0,0,1.3267476e-05
0,0,0.0005323937
0,0,0.00027154165
0,0,3.3236877e-06
0,0,2.4531193e-05
0,0,0.00053919817
0,0,9.096519e-06
0,0,1.5134113e-05
0,0,0.00019122333
0,0,5.596947e-06
0,0,2.1250202e-05
0,0,1.37564e-05
0,0,0.0032797281
0,0,3.644797e-05
0,0,2.7194948e-05
0,0,2.865214e-05
0,0,1.0018632e-05
0,0,2.2509224e-05
0,0,5.214722e-06
0,0,0.00014448013
0,0,0.0013030997
0,0,0.000111172354
0,0,0.00012490632
0,0,2.790017e-05
0,0,3.0843556e-05
0,0,9.420637e-06
0,0,0.001428817
0,0,5.476306e-05
0,0,0.00013007683
0,0,0.00012422453
0,0,1.5245568e-05
0,0,0.00019096406
0,0,9.988161e-06
0,0,6.981425e-06
0,0,1.6584749e-05
0,0,5.326678e-06
0,0,1.4020629e-05
0,0,0.00014652571
0,0,0.001116881
0,0,3.9323157e-05
0,0,2.5100877e-05
0,0,2.9478922e-05
0,0,3.5464207e-05
0,0,0.00023881343
0,0,5.552513e-06
0,0,4.9726027e-06
0,0,0.0004009085
0,0,0.00035428314
0,0,4.1527695e-05
0,0,0.0001378058
0,0,9.804048e-06
0,0,8.709647e-06
0,0,3.272685e-05
0,0,0.00012547623
0,0,0.0001442252
0,0,0.00010269178
0,0,3.1195214e-06
0,0,5.01508e-05
0,0,4.100474e-05
0,0,1.299644e-05
0,0,0.0001146982
0,0,4.7652284e-05
0,0,1.7978462e-05
0,0,8.969106e-05
0,0,3.0264058e-05
0,0,0.000114010676
0,0,1.4427564e-05
0,0,8.2243525e-05
0,0,3.600062e-05
0,0,0.0013905982
0,0,5.4839e-06
0,0,3.445905e-05
0,0,0.00017274557
0,0,1.9874587e-05
0,0,0.0001625652
0,0,8.082284e-05
0,0,6.948844e-05
0,0,8.125313e-05
0,0,2.3269462e-05
0,0,0.0002472496
0,0,0.0010774677
0,0,2.0606416e-05
0,0,0.0001590761
0,0,1.7729417e-05
0,0,1.2738144e-05
0,0,3.9776573e-06
0,0,0.00040150707
0,0,5.356284e-06
0,0,6.0732937e-06
0,0,1.609275e-05
0,0,0.00010645942
0,0,3.1299276e-06
0,0,0.0004279728
0,0,6.3023735e-06
0,0,3.0031411e-05
0,0,3.266798e-05
0,0,4.5428398e-05
0,0,2.7855005e-05
0,0,1.8193712e-05
0,0,0.00022696695
0,0,2.8654313e-06
0,0,3.537716e-05
0,0,0.021264084
0,0,1.9530746e-05
0,0,2.5514804e-05
0,0,0.000108427426
0,0,6.849025e-06
0,0,1.6102975e-05
0,0,6.9529997e-06
0,0,8.040581e-05
0,0,5.650941e-05
0,0,3.6225712e-05
0,0,2.5207437e-06
0,0,0.0006449912
0,0,2.7558652e-05
0,0,1.7125938e-05
0,0,6.0737343e-06
0,0,1.1475014e-05
0,0,4.384708e-05
0,0,5.0204244e-06
0,0,9.611471e-06
0,0,0.00022806114
0,0,0.0021494504
0,0,2.4942197e-05
0,0,0.00014787611
0,0,4.867787e-06
0,0,0.0037604482
0,0,9.554283e-05
0,0,4.881326e-05
0,0,0.00013071246
0,0,4.705526e-05
0,0,3.0272198e-05
0,0,0.00014738031
0,0,7.423089e-05
0,0,5.374792e-06
0,0,1.989628e-05
0,0,1.3880855e-05
0,0,1.1809473e-05
0,0,2.0700763e-05
0,0,2.612476e-05
0,0,6.2307896e-05
0,0,0.00032238947
0,0,4.0948547e-05
0,0,6.504932e-05
0,0,5.023078e-05
0,0,5.470977e-06
0,0,1.7808756e-05
0,0,4.101264e-05
0,0,0.00018122584
0,0,4.0516068e-05
0,0,5.6325844e-05
0,0,4.6129244e-05
0,0,0.0005189147
0,0,0.00013986688
0,0,5.6172914e-05
0,0,3.520384e-05
0,0,5.589229e-06
0,0,4.033938e-05
0,0,0.0016555885
0,0,4.10268e-05
0,0,3.8435614e-05
0,0,1.6825205e-05
0,0,2.8968567e-05
0,0,3.2676267e-05
0,0,0.00043923495
0,0,5.5799723e-05
0,0,0.00081794144
0,0,0.00015237437
0,0,6.921852e-06
0,0,1.6055454e-05
0,0,1.5401858e-05
0,0,1.3530917e-05
0,0,4.1299267e-05
0,0,6.030378e-06
0,0,3.250725e-05
0,0,2.246012e-05
0,0,1.2077504e-05
0,0,3.172331e-05
0,0,0.0001667542
0,0,1.722758e-05
0,0,1.9805206e-05
0,0,8.674145e-06
0,0,0.00032308887
0,0,0.00012913562
0,0,0.00014254735
0,0,2.612753e-06
0,0,3.108694e-05
0,0,0.0006856661
0,0,1.0234201e-05
0,0,4.489711e-05
0,0,5.7570505e-05
0,0,1.571769e-05
0,0,6.58987e-05
0,0,6.5663335e-05
0,0,2.5057992e-05
0,0,4.2722164e-05
0,0,1.5098386e-06
0,0,0.0001009307
0,0,5.8929996e-05
0,0,0.0011186016
0,0,0.01647233
0,0,0.0002990071
0,0,4.8838217e-05
0,0,7.7394056e-05
0,0,4.2897136e-06
0,0,3.1969357e-06
0,0,0.00022429807
0,0,2.3186061e-05
0,0,1.28924985e-05
0,0,2.31314e-05
0,0,8.608309e-06
0,0,3.0333953e-05
0,0,7.644015e-06
0,0,0.00019334476
0,0,0.00012210949
0,0,5.9266167e-05
0,0,4.1352036e-05
0,0,1.2245732e-05
0,0,3.7565733e-05
0,0,2.5024465e-05
0,0,4.8925765e-05
0,0,1.9531695e-05
0,0,3.9070524e-06
0,0,2.1255675e-05
0,0,8.4714615e-05
0,0,0.000113782706
0,0,3.0456858e-05
0,0,1.4332021e-05
0,0,4.637205e-06
0,0,9.868891e-05
0,0,5.7201174e-05
0,0,0.00056359236
0,0,4.00721e-05
0,0,8.530395e-06
0,0,6.3642365e-05
0,0,1.7208302e-05
0,0,6.207612e-05
0,0,6.1194505e-06
0,0,4.5533293e-06
0,0,6.2970576e-05
0,0,9.993087e-06
0,0,2.0897865e-05
0,0,0.00018806603
0,0,3.5494386e-06
0,0,2.2332228e-05
0,0,0.008287972
0,0,2.4801022e-05
0,0,1.3275854e-05
0,0,9.43321e-05
0,0,0.0002796305
0,0,8.137163e-06
0,0,6.9038506e-05
0,0,7.996072e-06
0,0,4.7902373e-05
0,0,0.00027600996
1,1,0.8003097
0,0,2.3921708e-05
0,0,2.5861684e-05
0,0,7.5514877e-06
0,0,1.9744273e-05
0,0,2.5624647e-06
0,0,0.00011403699
0,0,3.2212847e-05
0,0,3.0869953e-05
0,0,2.5053167e-05
0,0,2.7968343e-05
0,0,0.00015049866
0,0,4.275338e-05
0,0,2.2577395e-05
0,0,0.0001447119
0,0,0.00016594082
0,0,1.5351721e-05
0,0,1.1495705e-05
0,0,0.001090803
0,0,0.00016706437
0,0,6.1395476e-06
0,0,5.4466556e-05
0,0,8.379907e-05
0,0,4.644361e-05
0,0,3.9299e-06
0,0,0.0003013211
0,0,4.8106864e-05
0,0,1.9805244e-05
0,0,5.382357e-05
0,0,6.905766e-05
0,0,0.0009528257
0,0,2.7783455e-05
0,0,1.3710247e-05
0,0,1.2885849e-05
0,0,0.00023977693
0,0,0.0007997307
0,0,5.5424884e-05
0,0,0.0010330126
0,0,1.4429587e-06
0,0,1.1004332e-05
0,0,0.00020370861
0,0,4.3281296e-05
0,0,2.5299356e-05
0,0,4.2157146e-05
0,0,2.93724e-05
0,0,7.1718296e-06
0,0,7.63249e-06
0,0,5.8603502e-05
0,0,6.964227e-05
0,0,4.749975e-05
0,0,0.037644576
0,0,3.770046e-05
0,0,1.0987019e-05
0,0,0.00044593774
0,0,0.00012847445
0,0,2.2317454e-05
0,0,3.117889e-05
1,1,0.9971347
0,0,7.0638394e-05
0,0,0.00037565894
0,0,7.9205536e-05
0,0,0.00026826127
0,0,4.400286e-05
0,0,1.3142477e-05
0,0,0.002232605
0,0,5.4970988e-05
0,0,8.680049e-05
0,0,2.1243375e-05
0,0,1.9470419e-05
0,0,2.2298687e-05
0,0,4.813114e-05
0,0,2.9487785e-06
0,0,9.935471e-05
0,0,6.408267e-05
0,0,5.2936983e-05
0,0,7.1852405e-06
0,0,1.2091876e-05
0,0,9.2325114e-05
0,0,3.140877e-05
0,0,9.592955e-05
0,0,0.00010925992
0,0,2.0561896e-05
0,0,2.5723566e-06
0,0,1.5006791e-05
0,0,4.090597e-06
0,0,9.747753e-05
0,0,2.1664833e-05
0,0,0.00022179607
0,0,2.2547723e-05
0,0,4.290053e-05
0,0,6.232715e-05
0,0,3.746335e-05
0,0,0.00010157674
0,0,6.9762937e-06
0,0,9.666137e-06
0,0,0.0016897894
0,0,3.2774013e-05
0,0,6.7347173e-06
0,0,6.73281e-05
0,0,2.27918e-05
0,0,7.513313e-05
0,0,1.8999146e-05
0,0,2.8363459e-06
0,0,3.529137e-05
0,0,2.3307405e-06
0,0,0.0093457
0,0,0.00019173729
0,0,9.783634e-05
0,0,4.8857346e-06
0,0,3.9342398e-05
0,0,8.7656845e-06
0,0,1.2220917e-05
0,0,6.5317785e-05
0,0,7.495402e-06
0,0,8.905808e-05
0,0,0.00010804884
0,0,1.3652017e-05
0,0,0.00043949063
0,0,4.127552e-05
0,0,7.829173e-05
0,0,1.5409012e-05
0,0,3.9028877e-05
0,0,5.645801e-06
0,0,0.00010301455
0,0,1.4871256e-06
0,0,0.0016660778
0,0,9.9040466e-05
0,0,8.9122215e-05
0,0,1.3583629e-05
0,0,3.7436016e-06
0,0,3.224626e-05
0,0,0.00011762765
0,0,2.2535298e-05
0,0,4.7428188e-05
0,0,3.9865055e-05
0,0,9.812233e-05
0,0,2.942056e-05
0,0,0.00013799225
0,0,2.5300328e-06
0,0,9.163789e-05
0,0,0.00039948948
0,0,7.710279e-05
0,0,2.9299214e-05
0,0,9.940247e-05
0,0,6.695911e-05
0,0,2.1305661e-05
0,0,0.00014549016
0,0,0.00024169992
0,0,2.6614455e-06
0,0,0.00023830097
0,0,0.00024551948
0,0,6.406397e-06
0,0,2.451286e-05
0,0,4.2568504e-06
0,0,8.450701e-05
0,0,3.8118444e-05
0,0,0.00046079035
0,0,0.00031031924
0,0,3.4470093e-05
0,0,0.00019157739
0,0,3.7990412e-05
0,0,5.550819e-05
0,0,6.0530583e-05
0,0,0.00011885119
0,0,0.0015730604
0,0,5.8547125e-06
0,0,1.7551365e-06
0,0,1.5303616e-05
0,0,6.4005408e-06
0,0,3.400341e-05
0,0,2.1205404e-05
0,0,0.00035550148
0,0,1.9262607e-05
0,0,5.3601216e-05
0,0,7.4756135e-05
0,0,4.8690636e-06
0,0,7.851321e-06
0,0,6.447872e-05
0,0,5.785979e-05
0,0,7.704378e-06
0,0,1.8089751e-05
0,0,0.0002079045
0,0,0.00129519
0,0,6.0172955e-05
0,0,1.172249e-05
0,0,3.982945e-05
0,0,1.8031844e-05
0,0,1.3800761e-05
0,0,1.5784459e-05
0,0,2.2386357e-06
0,0,0.0036675977
0,0,3.6763097e-06
0,0,4.8417944e-05
0,0,3.490758e-05
0,0,1.9208968e-05
0,0,6.019505e-05
0,0,5.712553e-06
0,0,1.3996556e-05
0,0,2.3258037e-05
0,0,5.651631e-05
0,0,6.577094e-05
0,0,0.004856516
0,0,1.5447666e-05
0,0,2.2593184e-05
0,0,4.0395465e-05
0,0,0.00017665871
0,0,8.7247456e-05
0,0,3.9779497e-05
0,0,0.00041896038
0,0,1.663114e-05
0,0,4.05193e-06
0,0,8.565609e-05
0,0,3.5413543e-06
0,0,1.0823266e-05
0,0,7.016502e-05
0,0,2.8818671e-05
0,0,1.7720678e-05
0,0,3.9376402e-05
0,0,3.87225e-05
0,0,1.292331e-05
0,0,5.0060782e-05
0,0,1.1446837e-05
0,0,6.5733598e-06
0,0,1.4060785e-05
0,0,1.3131053e-05
0,0,7.574865e-05
0,0,2.0538026e-05
0,0,8.508492e-05
0,0,8.235921e-05
0,0,8.167156e-06
0,0,3.844661e-05
0,0,6.84619e-06
0,0,3.6871443e-05
0,0,7.3749484e-06
0,0,5.106893e-05
0,0,5.6828198e-05
0,0,1.136286e-05
0,0,9.396321e-06
0,0,8.5860975e-06
0,0,0.00083213334
0,0,4.5026558e-05
0,0,1.3961972e-05
0,0,0.00040911933
0,0,7.000155e-05
0,0,5.5668814e-05
0,0,5.5386668e-06
0,0,1.6708782e-05
0,0,1.4003352e-05
0,0,0.00010257894
0,0,3.2012627e-05
0,0,0.0012930238
0,0,7.924401e-06
0,0,4.5030465e-05
0,0,2.932885e-06
0,0,1.7491362e-05
0,0,0.000111645095
0,0,0.002463982
0,0,1.5870675e-05
0,0,3.024588e-06
0,0,3.2308806e-05
0,0,1.1453858e-05
0,0,3.0270667e-05
0,0,1.2888994e-05
0,0,8.909295e-06
0,0,5.442248e-05
0,0,0.00018883364
0,0,9.286896e-06
0,0,6.571764e-05
0,0,0.00016419186
0,0,6.1859784e-05
0,0,1.326277e-05
0,0,0.00016604037
0,0,0.00031082056
0,0,0.00038754984
0,0,6.6988596e-06
0,0,7.247446e-06
0,0,0.00023608404
0,0,0.0005424558
0,0,6.787998e-06
0,0,0.00016274881
0,0,8.867302e-05
0,0,0.006194913
0,0,2.7804012e-06
0,0,2.7616266e-05
0,0,0.0001836565
0,0,0.0015597421
0,0,3.7125585e-05
0,0,2.7208567e-05
0,0,1.0518587e-06
0,0,1.0120586e-05
0,0,2.5688687e-05
0,0,3.296629e-05
0,0,1.6631995e-05
0,0,0.00019231442
0,0,0.00011350216
0,0,0.0002404007
0,0,0.00071026204
0,0,0.00027860305
0,0,2.459282e-05
0,0,5.7125644e-06
0,0,5.4358938e-05
0,0,1.846137e-05
0,0,1.5304724e-05
0,0,8.9651385e-06
0,0,9.654989e-06
0,0,9.679818e-06
0,0,3.8198683e-05
0,0,8.133383e-05
0,0,5.0485596e-06
0,0,0.00014554206
0,0,1.119908e-05
0,0,0.0001301318
0,0,7.691986e-06
0,0,1.9165711e-05
0,0,0.0001108922
0,0,3.6916827e-05
0,0,3.7396705e-05
0,0,5.5012417e-05
0,0,0.00021257317
0,0,1.2472009e-05
0,0,1.802067e-05
0,0,0.00014889668
0,0,6.718193e-06
0,0,1.2235599e-05
0,0,8.0945465e-06
0,0,1.733399e-05
0,0,0.00016331249
0,0,0.00011971793
0,0,3.927423e-06
0,0,0.00034853362
0,0,4.2108244e-05
0,0,6.3264e-05
0,0,7.853227e-05
0,0,1.6999538e-05
0,0,2.7223801e-05
0,0,2.724521e-06
0,0,1.3840459e-05
0,0,7.255067e-06
0,0,2.620186e-05
0,0,2.6781512e-05
0,0,5.059297e-05
0,0,4.1667292e-05
0,0,7.405705e-06
0,0,1.2894664e-05
0,0,4.7448334e-06
0,0,8.792091e-06
0,0,0.00041875915
0,0,5.2196774e-06
0,0,2.606419e-05
0,0,2.5170246e-05
0,0,5.147524e-05
0,0,2.1342366e-05
0,0,6.0487713e-05
0,0,1.6877579e-05
0,0,1.6356275e-05
0,0,7.3379274e-06
0,0,0.000144828
0,0,0.0005730885
0,0,0.00016448129
0,0,2.5340041e-05
0,0,1.8435752e-05
0,0,3.0490046e-05
0,0,2.4548433e-06
0,0,0.00016562325
0,0,1.3374606e-05
0,0,1.8164718e-06
0,0,0.00013917004
0,0,2.0424777e-05
0,0,0.0004603871
0,0,1.2325696e-05
0,0,0.0008880499
0,0,1.6239828e-05
0,0,5.8214715e-05
0,0,0.00018345384
0,0,7.314009e-05
0,0,1.0338794e-05
0,0,1.169482e-05
0,0,0.00012574992
0,0,4.107703e-05
0,0,4.5933244e-05
0,0,3.33718e-05
0,0,1.9324429e-05
0,0,8.163979e-06
0,0,3.3178265e-05
0,0,6.208163e-05
0,0,1.3207021e-05
0,0,0.00026064576
0,0,4.1763874e-06
0,0,2.7619297e-05
0,0,3.8647428e-05
0,0,0.0003414737
0,0,0.00023402246
0,0,4.8153408e-05
0,0,2.5081112e-05
0,0,0.00028603262
0,0,4.036639e-05
0,0,0.00034187926
0,0,1.5041851e-05
0,0,2.8363504e-05
0,0,0.0004643852
0,0,4.7423397e-05
0,0,0.0001946195
0,0,8.421659e-06
0,0,7.94568e-06
0,0,2.2187178e-05
0,0,5.2618998e-05
0,0,1.9989719e-05
0,0,1.6212673e-05
0,0,0.00040407086
0,0,1.4231413e-05
0,0,1.0300244e-05
0,0,5.7557922e-06
0,0,1.2451033e-05
0,0,2.4888901e-05
0,0,1.5486252e-05
0,0,0.00022462168
0,0,1.0199961e-05
0,0,4.8573795e-05
0,0,1.1506574e-05
0,0,0.00030892153
0,0,4.645379e-05
0,0,6.857024e-06
0,0,6.3901e-05
0,0,4.794125e-06
0,0,1.0599705e-05
0,0,1.724989e-05
0,0,0.00021657109
0,0,4.885e-05
0,0,4.01938e-05
0,0,0.0002561197
0,0,2.1501632e-05
0,0,5.9565496e-05
0,0,0.00022666615
0,0,0.0005824988
0,0,0.00018144214
0,0,1.2788487e-05
0,0,1.7278091e-05
0,0,7.490507e-06
0,0,0.00012698429
0,0,6.7478327e-06
0,0,0.00043936123
0,0,0.00048458204
0,0,1.6253927e-05
0,0,8.186763e-05
0,0,0.0031713548
0,0,2.044902e-06
0,0,0.00013137885
0,0,8.9850364e-05
0,0,6.8017225e-06
0,0,7.666661e-06
0,0,8.254354e-06
0,0,1.366116e-05
0,0,5.283027e-05
0,0,0.00011185332
0,0,1.0740883e-05
0,0,1.9448538e-05
0,0,6.797678e-05
0,0,9.750133e-05
0,0,6.8146887e-06
0,0,2.2946253e-05
0,0,1.7871196e-05
0,0,1.24955095e-05
0,0,8.948286e-05
0,0,0.000111228976
0,0,0.0020365547
0,0,0.0002599063
0,0,2.3222972e-05
0,0,4.7508597e-06
0,0,1.5091711e-05
0,0,0.0007724086
0,0,0.011797473
0,0,1.5141056e-05
0,0,5.8706533e-05
0,0,0.0006911521
0,0,1.7091643e-05
0,0,1.10849605e-05
0,0,1.4679336e-05
0,0,1.5589056e-05
0,0,4.1233667e-05
0,0,2.102879e-05
0,0,7.758174e-05
0,0,2.2880502e-05
0,0,1.3741558e-05
0,0,4.520114e-05
0,0,6.8622962e-06
0,0,2.1601723e-05
0,0,0.0018835264
0,0,0.00030958877
0,0,2.1637206e-05
0,0,2.7117308e-05
0,0,0.00010108414
0,0,0.0021773062
0,0,2.537898e-05
0,0,6.898454e-05
0,0,8.198613e-06
0,0,4.4433054e-05
0,0,4.1816802e-05
0,0,4.4133052e-05
0,0,1.25921915e-05
0,0,2.6169444e-05
0,0,1.9891424e-05
0,0,1.91902e-05
0,0,5.7812573e-05
0,0,2.7005384e-05
0,0,1.916595e-05
0,0,1.22890415e-05
0,0,8.356545e-06
0,0,0.00015966783
0,0,0.00023717283
0,0,4.1584048e-05
0,0,5.505929e-05
0,0,0.00012336622
0,0,0.00027691695
0,0,4.1410323e-05
0,0,0.00034991346
0,0,0.00068290596
0,0,1.0304203e-05
0,0,0.00011725675
0,0,4.6369612e-05
0,0,3.9113642e-05
0,0,0.001252381
0,0,0.00055813295
0,0,1.5462478e-05
0,0,0.0009086434
0,0,0.00017063587
0,0,4.4299315e-05
0,0,4.294986e-06
0,0,5.0264175e-06
0,0,0.00016061058
0,0,0.00010078308
0,0,6.402306e-05
0,0,0.00050374406
0,0,2.5814472e-05
0,0,0.0008764822
0,0,0.0007925784
0,0,3.2735155e-05
0,0,2.0859317e-05
0,0,8.718341e-05
0,0,8.297763e-06
0,0,0.0026700802
0,0,1.4100614e-05
0,0,1.6662952e-05
0,0,6.682292e-05
0,0,0.0019773422
0,0,9.1066264e-05
0,0,4.6972495e-05
0,0,0.00017018383
0,0,1.44429405e-05
0,0,1.9692056e-05
0,0,3.9018305e-05
0,0,3.1034066e-05
0,0,3.9438335e-05
0,0,6.2867555e-05
0,0,9.3180664e-05
0,0,3.0715753e-05
0,0,1.3661329e-05
0,0,1.5946944e-05
0,0,2.1500318e-05
0,0,9.254334e-06
0,0,3.7759146e-05
0,0,0.00010766018
0,0,8.941197e-06
0,0,3.1268188e-05
0,0,0.0001842564
0,0,3.3700255e-06
0,0,2.5804922e-05
0,0,5.1584484e-06
0,0,5.6331537e-05
0,0,2.1262955e-05
0,0,5.4968436e-06
0,0,1.4378541e-05
0,0,0.00066278584
0,0,7.663783e-05
0,0,3.4276498e-05
0,0,0.00013682821
0,0,7.388225e-06
0,0,1.5294088e-05
0,0,5.964854e-05
0,0,4.8951057e-05
0,0,0.00014246405
0,0,3.8062106e-05
0,0,1.591246e-05
0,0,0.00011125338
0,0,2.6527756e-05
0,0,5.7790253e-06
0,0,4.3641794e-05
0,0,0.00011029573
0,0,1.542801e-05
0,0,0.00019704425
0,0,1.924399e-05
0,0,9.405923e-06
0,0,1.2063519e-05
0,0,4.4715387e-05
0,0,1.80304e-05
0,0,4.147872e-06
0,0,0.0008207513
0,0,3.7851228e-06
0,0,2.2789758e-05
0,0,0.0021429586
0,0,1.6391534e-05
0,0,2.2276647e-05
0,0,0.000107702384
0,0,1.5834195e-05
0,0,5.8182082e-05
0,0,8.893506e-06
0,0,7.4389056e-05
0,0,1.1568631e-05
0,0,5.3875025e-05
0,0,1.8592147e-05
0,0,3.511857e-05
0,0,1.1693271e-05
0,0,6.636639e-06
0,0,0.0002813106
0,0,0.0002965446
0,0,1.3019874e-05
0,0,1.9961391e-05
0,0,3.6907815e-05
0,0,4.1574967e-05
0,0,1.3864516e-05
0,0,0.00019552383
0,0,9.0225134e-05
0,0,1.6451231e-05
0,0,2.4356688e-05
0,0,4.346977e-06
0,0,8.376048e-05
0,0,0.00024015032
0,0,2.1338094e-05
0,0,5.7503352e-05
0,0,1.9946092e-05
0,0,0.00014443495
0,0,0.00014907781
0,0,4.062385e-06
0,0,2.9057296e-06
0,0,0.000464127
0,0,6.3096086e-06
0,0,3.3698543e-05
0,0,6.208613e-05
0,0,2.9555853e-05
0,0,1.1751099e-05
0,0,0.0008032225
0,0,7.62874e-05
0,0,2.461119e-05
0,0,8.439202e-06
0,0,2.0776926e-05
0,0,0.00022929281
0,0,6.055666e-06
0,0,2.3892204e-05
0,0,1.7243327e-05
0,0,1.8380086e-05
0,0,3.5585902e-06
0,0,1.0730399e-05
0,0,1.794789e-06
0,0,0.00047373172
0,0,0.0028200543
0,0,2.8515493e-05
0,0,3.1337564e-05
0,0,1.3457552e-05
0,0,4.2171898e-05
0,0,0.000120776494
0,0,1.2671952e-05
0,0,2.131885e-05
0,0,2.3980409e-05
0,0,0.00012615178
0,0,3.3277e-05
0,0,2.7192276e-05
0,0,0.0038408013
0,0,3.659369e-05
0,0,5.4701945e-06
0,0,0.00017253487
0,0,0.0005361767
0,0,0.00018019853
0,0,0.0060743433
0,0,7.518839e-05
0,0,3.1825505e-06
0,0,8.161399e-05
0,0,0.00012587853
0,0,5.3238846e-06
0,0,4.6937344e-05
0,0,4.4308148e-05
0,0,6.320249e-05
0,0,3.2397726e-05
0,0,9.961478e-06
0,0,0.00033125273
0,0,7.141847e-05
0,0,1.8418232e-05
0,0,8.657399e-05
0,0,3.404241e-05
0,0,6.577614e-05
0,0,3.2919122e-06
0,0,9.4883675e-05
0,0,0.00010647414
0,0,0.00021620323
0,0,3.4955785e-05
0,0,5.4686143e-06
0,0,5.372998e-05
0,0,4.661868e-06
0,0,0.00012837882
0,0,1.2020235e-05
0,0,2.2789736e-05
0,0,1.1305368e-05
0,0,2.6895743e-05
0,0,2.0944171e-05
0,0,1.0010399e-05
0,0,8.031056e-05
0,0,1.2141702e-05
0,0,0.00010459214
0,0,1.7400655e-05
0,0,2.0214202e-05
0,0,8.97489e-06
0,0,2.0337606e-05
0,0,0.0009220769
0,0,3.585926e-06
0,0,7.098842e-06
0,0,1.0137867e-05
0,0,0.00011468442
0,0,3.1556065e-05
0,0,9.1787704e-05
0,0,6.210153e-05
0,0,0.0009994832
0,0,9.45997e-06
0,0,0.00014489125
0,0,9.292822e-05
0,0,8.474968e-05
0,0,5.8278038e-05
0,0,1.0719752e-05
0,0,4.7543585e-06
0,0,3.621808e-05
0,0,6.582659e-05
0,0,0.005606207
0,0,4.1037485e-05
0,0,8.0459295e-06
0,0,3.359356e-05
0,0,0.0001108591
0,0,1.0659067e-05
0,0,8.525174e-06
0,0,4.0472532e-06
0,0,4.62945e-05
0,0,2.1665204e-05
0,0,8.4082676e-05
0,0,0.00052501727
0,0,1.4356632e-05
0,0,2.9080586e-05
0,0,0.00017563903
0,0,7.3664785e-05
0,0,0.00018947409
0,0,1.7584807e-05
0,0,4.0037694e-06
0,0,0.00044636556
0,0,8.456081e-06
0,0,3.588026e-06
0,0,4.2924104e-05
0,0,4.3120788e-05
0,0,0.00031361225
0,0,3.1151547e-05
0,0,1.4692012e-05
0,0,2.9303463e-05
0,0,1.2439153e-05
0,0,4.088955e-05
0,0,3.677631e-05
0,0,6.414968e-05
0,0,5.8265752e-05
0,0,7.5018295e-05
0,0,9.666358e-06
0,0,8.717244e-05
0,0,0.00010892412
0,0,1.725081e-05
0,0,6.5271215e-06
0,0,7.687601e-05
0,0,4.5566936e-05
0,0,0.00021921119
0,0,0.00014158392
0,0,3.100564e-05
0,0,0.0005857532
0,0,1.8308534e-05
0,0,0.0066788695
0,0,2.2147624e-05
0,0,0.00016250444
0,0,0.0008278744
0,0,6.0826616e-05
0,0,0.00048092532
0,0,5.8429672e-05
0,0,0.0006451673
0,0,4.6801513e-05
0,0,9.005807e-06
0,0,1.6424002e-06
0,0,0.009622567
0,0,0.00010303617
0,0,6.0811644e-06
0,0,1.1908635e-05
0,0,0.00038171746
0,0,1.7998325e-05
0,0,0.0004034985
0,0,2.2984032e-05
0,0,3.0282534e-05
0,0,0.00024291605
0,0,0.0001535075
0,0,0.0004008661
0,0,2.0540787e-05
0,0,9.2848146e-05
0,0,5.7717e-05
0,0,1.7947077e-05
0,0,0.0005124029
0,0,1.2066084e-05
0,0,9.979614e-05
0,0,0.00022249122
0,0,3.6534555e-05
0,0,0.00033864463
0,0,2.717509e-05
0,0,2.3190309e-05
0,0,0.00031683265
0,0,2.070781e-05
0,0,8.983417e-05
0,0,8.109939e-05
0,0,4.4092547e-05
0,0,4.16454e-05
0,0,1.5620486e-05
0,0,3.609977e-05
0,0,8.8889265e-06
0,0,4.7682443e-06
0,0,7.249362e-05
0,0,1.5664195e-05
0,0,9.084485e-06
0,0,9.884401e-06
0,0,3.9434653e-05
0,0,0.0003771702
0,0,5.1222214e-06
0,0,9.288445e-05
0,0,6.1853225e-06
0,0,3.8738865e-05
0,0,6.960715e-05
0,0,0.00036526378
0,0,2.0507592e-05
0,0,0.0001462761
0,0,0.00027187815
0,0,1.9993857e-05
0,0,2.9047735e-06
0,0,1.8264152e-05
0,0,1.313937e-05
0,0,5.5735427e-06
0,0,7.0089363e-06
0,0,2.8960862e-05
0,0,4.8307397e-06
0,0,4.8959973e-05
0,0,1.4232634e-05
0,0,1.5322425e-05
0,0,8.398192e-06
0,0,0.0001354629
0,0,2.1809526e-06
0,0,9.199435e-06
0,0,3.6325586e-05
0,0,0.00011803519
0,0,3.176457e-05
0,0,0.00025232046
0,0,0.00017490853
0,0,2.7678729e-05
0,0,2.3590877e-05
0,0,2.2336551e-05
0,0,1.1879959e-05
0,0,2.1496999e-05
0,0,2.6163929e-05
0,0,3.8350513e-06
0,0,0.0002337281
0,0,4.8636597e-05
0,0,4.832942e-06
0,0,0.00040745622
0,0,0.0015240185
0,0,8.793101e-05
0,0,8.3074796e-05
0,0,0.00013711413
0,0,5.282318e-06
0,0,7.610299e-05
0,0,3.99115e-05
0,0,4.697957e-05
0,0,3.108706e-05
0,0,0.0005248917
0,0,1.3463841e-05
0,0,0.00021975883
0,0,2.8146489e-05
0,0,1.0998614e-05
0,0,3.956256e-06
0,0,0.0030377242
0,0,8.242686e-05
0,0,0.00014997777
0,0,4.7845395e-05
0,0,2.7976479e-05
0,0,2.5764792e-05
0,0,0.00012712447
0,0,5.75721e-05
0,0,7.812885e-06
0,0,0.000238506
0,0,0.0018664481
0,0,4.992762e-05
0,0,0.00027618397
0,0,1.2898438e-05
0,0,2.838066e-05
0,0,6.5569247e-06
0,0,2.0567584e-05
0,0,0.000100804704
0,0,1.1200575e-05
0,0,9.450523e-05
0,0,2.645038e-05
0,0,2.5328349e-05
0,0,0.00013003095
0,0,0.00014821293
0,0,5.8166992e-05
0,0,3.528437e-05
0,0,4.3237156e-05
0,0,1.8218905e-05
0,0,2.317903e-05
0,0,0.00040627207
0,0,2.8872368e-05
0,0,4.0566676e-05
0,0,0.00019049524
0,0,5.4375945e-05
0,0,2.185923e-05
1,0,0.37046382
0,0,8.846178e-06
0,0,0.00040466356
0,0,2.359405e-05
0,0,0.00010924086
0,0,0.00034415477
0,0,4.2283486e-05
0,0,8.11554e-05
0,0,5.5331093e-05
0,0,1.8517723e-05
0,0,1.1706358e-05
0,0,2.688551e-05
0,0,1.39138965e-05
0,0,0.00032190696
0,0,4.346235e-06
0,0,0.00010234279
0,0,1.3185085e-05
0,0,6.941392e-05
0,0,1.5446649e-05
0,0,1.3343253e-05
0,0,8.353589e-06
0,0,2.3929464e-05
0,0,2.1802705e-05
0,0,0.0013987275
0,0,3.5447843e-05
0,0,3.2386977e-06
0,0,2.708805e-05
0,0,0.0057263984
0,0,0.00010834442
0,0,8.0507725e-06
0,0,2.1531652e-05
0,0,4.2424774e-05
0,0,0.00013481191
0,0,6.8684053e-06
0,0,3.9366154e-05
0,0,1.0964149e-05
0,0,1.8965928e-05
0,0,0.00023125716
0,0,0.00017886364
0,0,4.2938023e-05
0,0,5.8892525e-05
0,0,2.494096e-05
0,0,2.7485583e-05
0,0,0.0002489029
0,0,0.000113446215
0,0,6.967204e-06
0,0,0.0002161278
0,0,6.354073e-05
0,0,7.686091e-06
0,0,0.00012230713
0,0,1.5306054e-05
0,0,7.9991376e-05
0,0,2.3882978e-05
0,0,4.0676965e-05
0,0,1.9570552e-05
0,0,3.1090522e-06
0,0,5.1532214e-05
0,0,0.00024663957
0,0,1.5374739e-05
0,0,6.128636e-05
0,0,3.185555e-05
0,0,0.00015228998
0,0,2.5670419e-05
0,0,0.00027573985
0,0,9.8431585e-05
0,0,1.84535e-05
0,0,2.8860577e-06
0,0,0.00057463744
0,0,0.0004351987
0,0,9.417822e-05
0,0,2.5146399e-05
0,0,7.758271e-05
0,0,4.6088524e-05
0,0,6.8112335e-05
0,0,3.107064e-05
0,0,1.0275628e-05
0,0,2.38672e-05
0,0,1.9154128e-05
0,0,9.089622e-05
0,0,1.3535589e-05
0,0,9.452161e-06
0,0,1.3879664e-05
0,0,0.0010715731
0,0,4.038368e-05
0,0,3.2571088e-06
0,0,0.00025054027
0,0,2.2247593e-06
0,0,4.373141e-05
0,0,1.9847274e-05
0,0,0.0001224475
0,0,5.768899e-05
0,0,5.67769e-06
0,0,0.0001228114
0,0,0.0007606547
0,0,1.6587928e-05
0,0,4.2907897e-05
0,0,0.0003514644
0,0,0.00012706085
0,0,1.9129518e-05
0,0,5.6375097e-06
0,0,4.4692282e-05
0,0,0.00029995816
0,0,1.943626e-06
0,0,8.267767e-05
0,0,8.1414524e-05
0,0,4.4757624e-05
0,0,5.0403236e-05
0,0,2.5811396e-05
0,0,2.6705231e-05
0,0,6.24246e-06
0,0,4.101851e-05
0,0,9.316853e-06
0,0,7.5737735e-06
0,0,0.00016321489
0,0,0.0010020684
0,0,0.000795052
0,0,6.6555505e-05
0,0,0.00024364576
0,0,4.5050478e-05
0,0,2.1478822e-05
0,0,0.00068482565
0,0,0.0001441885
0,0,0.00019477376
0,0,1.2995895e-05
0,0,1.071552e-05
0,0,3.0355106e-05
0,0,0.00010695026
0,0,0.02751165
0,0,0.0006779601
0,0,0.00018692383
0,0,3.075512e-05
0,0,9.86439e-06
0,0,0.0001587385
0,0,4.5285055e-05
0,0,1.6896073e-06
0,0,2.413175e-05
0,0,6.881384e-05
0,0,1.739805e-05
0,0,6.844146e-05
0,0,3.1638124e-06
0,0,2.0707357e-05
0,0,3.243096e-06
0,0,0.00019039646
0,0,0.0003130083
0,0,1.5968111e-05
0,0,0.00022935969
0,0,3.5756155e-05
0,0,1.2273511e-05
0,0,5.27381e-05
0,0,1.8726514e-05
0,0,3.4282937e-05
0,0,7.1208065e-05
0,0,0.00011849394
0,0,0.00013941975
0,0,0.00010952008
0,0,3.1728496e-06
0,0,5.3816537e-05
0,0,9.261151e-06
0,0,4.195837e-05
0,0,4.370148e-05
0,0,0.00019985868
0,0,1.8560155e-05
0,0,0.00011535873
0,0,6.952389e-05
0,0,6.099756e-05
0,0,0.00017471584
0,0,0.000101589234
0,0,1.1793571e-05
0,0,1.1034565e-05
0,0,1.2422983e-05
0,0,2.0470487e-05
0,0,0.00013351228
0,0,0.00012350029
0,0,5.0029186e-05
0,0,3.0062014e-05
0,0,3.0135554e-05
0,0,0.00056662183
0,0,0.0011893604
0,0,0.00022307281
0,0,9.94005e-06
0,0,2.6447153e-05
0,0,1.4195424e-05
0,0,3.5491954e-05
0,0,6.0087692e-05
0,0,2.9008092e-06
0,0,6.1289626e-05
0,0,0.00040196144
0,0,2.9067774e-05
0,0,0.00061797706
0,0,0.00018485611
0,0,0.00053348683
0,0,2.7886927e-05
0,0,4.753541e-05
0,0,1.4956299e-05
0,0,2.0671901e-05
0,0,1.6924465e-05
0,0,2.3308728e-05
0,0,2.1184504e-05
0,0,5.360413e-05
0,0,8.319926e-05
0,0,3.3351214e-05
0,0,2.7068994e-05
0,0,0.00016523694
0,0,1.0424323e-05
0,0,0.00016069054
0,0,0.00013796186
0,0,1.3679829e-05
0,0,0.0010767176
0,0,7.534392e-05
0,0,4.4833534e-05
0,0,6.3655325e-06
0,0,3.460827e-05
0,0,8.305189e-06
0,0,0.00013028638
0,0,1.3697818e-05
0,0,0.00061934267
0,0,1.7889304e-05
0,0,0.00015183976
0,0,5.3531594e-06
0,0,4.409023e-05
0,0,1.3792971e-05
0,0,0.00036554036
0,0,9.385171e-06
0,0,1.4510464e-05
0,0,0.0001372058
0,0,2.9825858e-05
0,0,6.202807e-06
0,0,2.6716287e-05
0,0,9.333443e-05
0,0,9.668813e-05
0,0,0.00013892462
0,0,0.00012253523
0,0,1.342512e-05
0,0,0.0015006406
0,0,7.0311304e-05
0,0,5.3587673e-06
0,0,9.8060686e-05
0,0,7.682485e-05
0,0,7.497375e-06
0,0,1.7757422e-05
0,0,2.1581998e-05
0,0,1.9371424e-05
0,0,8.054417e-05
0,0,1.9456033e-05
0,0,1.7076423e-05
0,0,9.2027785e-06
0,0,2.4362102e-05
0,0,8.889995e-06
0,0,8.69131e-06
0,0,3.793296e-05
0,0,3.9155922e-05
0,0,1.9064322e-05
0,0,9.423104e-05
0,0,5.460089e-05
0,0,2.8618279e-05
0,0,9.415802e-05
0,0,0.0001856147
0,0,1.6489965e-05
0,0,1.6263588e-05
0,0,1.148213e-05
0,0,2.4837448e-06
0,0,2.3476912e-05
0,0,3.5428242e-05
0,0,3.3905006e-05
0,0,7.563907e-05
0,0,5.566568e-06
0,0,0.00011542277
0,0,1.8312167e-05
0,0,3.905114e-05
0,0,0.0002049086
0,0,9.301874e-05
0,0,1.2489577e-05
0,0,1.5641206e-05
0,0,7.973571e-05
0,0,6.420072e-05
0,0,3.895105e-05
0,0,8.373533e-05
0,0,1.27494095e-05
0,0,1.3910101e-05
0,0,0.00017673148
0,0,0.0001719925
0,0,1.6907832e-05
0,0,0.00013381167
0,0,1.1938939e-05
0,0,0.000659165
0,0,9.431396e-06
0,0,7.9690835e-06
0,0,1.1562774e-05
0,0,0.0061672176
0,0,3.701896e-05
0,0,4.8649094e-06
0,0,5.181879e-06
0,0,8.038812e-06
0,0,6.896494e-05
0,0,7.0916226e-06
0,0,0.00041825508
0,0,5.2967378e-05
0,0,2.6831054e-05
0,0,1.9604493e-05
0,0,2.2145976e-05
0,0,0.00031499995
0,0,4.885098e-05
0,0,0.00010827874
0,0,4.3658114e-05
0,0,0.00018985041
0,0,2.9756923e-06
0,0,5.7112655e-05
0,0,2.4051866e-05
0,0,1.9890967e-05
0,0,5.408907e-05
0,0,2.7626118e-05
0,0,2.8444985e-05
0,0,0.000121131954
0,0,1.3447366e-05
0,0,2.5925268e-05
0,0,0.00040398457
0,0,0.0018095366
0,0,0.00021800019
0,0,0.0006684787
0,0,5.7381196e-05
0,0,9.87238e-06
0,0,5.6383756e-06
0,0,0.00037810515
0,0,9.1022244e-05
0,0,1.1254551e-05
0,0,4.897911e-06
0,0,5.157336e-05
0,0,9.6551215e-05
0,0,6.509362e-05
0,0,5.3009953e-06
0,0,2.310753e-06
0,0,2.6384803e-05
0,0,0.0018730708
0,0,4.228111e-05
0,0,6.463266e-06
0,0,2.8801143e-05
0,0,0.00016743323
0,0,2.8058052e-05
0,0,0.000376899
0,0,1.3642464e-05
0,0,7.202856e-05
0,0,7.755504e-05
0,0,8.417966e-06
0,0,7.330614e-05
0,0,2.4999063e-05
0,0,7.455387e-06
0,0,2.5910907e-05
0,0,4.0982148e-05
0,0,0.00016461512
0,0,0.00091905094
0,0,0.003722849
0,0,0.00024837736
0,0,0.0014418914
0,0,0.00011786434
0,0,3.0654508e-05
0,0,0.000113305236
0,0,4.2550646e-06
0,0,0.0008533896
0,0,0.00014828799
0,0,8.781457e-06
0,0,4.0317915e-05
0,0,2.1748298e-05
0,0,9.0990425e-06
0,0,0.000707844
0,0,0.0004992533
0,0,2.8138922e-05
0,0,5.4357024e-05
0,0,0.00017813673
0,0,1.4506521e-05
0,0,0.00019721023
0,0,3.0102954e-05
0,0,2.2263448e-06
0,0,1.1872869e-05
0,0,3.367493e-05
0,0,9.155071e-06
0,0,8.033439e-06
0,0,0.00015800339
0,0,0.000353189
0,0,4.173425e-06
0,0,4.3613585e-05
0,0,3.8585524e-05
0,0,0.000102645376
0,0,7.956543e-05
0,0,1.4466113e-05
0,0,3.9206684e-06
0,0,7.201805e-05
0,0,4.916194e-06
0,0,1.1964802e-05
0,0,0.0035265454
0,0,1.48266845e-05
0,0,6.923279e-05
0,0,2.0749363e-05
0,0,0.00025952468
0,0,1.411443e-05
0,0,5.9991794e-06
0,0,2.7553842e-05
0,0,0.0009981509
0,0,4.367638e-06
0,0,1.547273e-05
0,0,0.000114739334
0,0,0.00024949596
0,0,9.289986e-05
0,0,9.504614e-05
0,0,3.6029607e-05
0,0,1.2676243e-05
0,0,1.4960137e-05
0,0,3.2269145e-06
0,0,6.4500637e-06
0,0,2.9732993e-05
0,0,1.9672327e-05
0,0,4.7895428e-05
0,0,1.1059956e-05
0,0,6.0061968e-05
0,0,0.00027652175
0,0,0.0003385591
0,0,1.2189502e-05
0,0,6.678543e-06
0,0,8.509912e-05
0,0,0.00011447443
0,0,0.00020431922
0,0,1.6230431e-05
0,0,3.7286598e-05
0,0,4.2222173e-06
0,0,7.254721e-05
0,0,0.00019395501
0,0,6.2547806e-05
0,0,1.329093e-05
0,0,0.00019745878
0,0,2.6692704e-05
0,0,1.1235794e-05
0,0,1.0063638e-05
0,0,5.401237e-05
0,0,2.2349783e-05
0,0,2.7200473e-05
0,0,0.00086260034
0,0,1.2256223e-05
0,0,7.713095e-05
0,0,5.6503915e-05
0,0,2.0450545e-05
0,0,6.6177354e-06
0,0,4.2918826e-05
0,0,0.00020152635
0,0,8.97121e-05
0,0,4.1055217e-05
0,0,0.00015352287
0,0,1.0050383e-05
0,0,9.680648e-06
0,0,0.00023364901
0,0,7.68083e-05
0,0,3.8539554e-05
0,0,1.118545e-05
0,0,7.0356844e-05
0,0,1.16399215e-05
0,0,0.00015677219
0,0,5.781566e-05
0,0,0.00010435703
0,0,5.1804098e-05
0,0,2.7660642e-06
0,0,3.938489e-05
0,0,5.4759257e-06
0,0,8.08741e-06
0,0,0.00015351013
0,0,0.0002824027
0,0,0.00012120532
0,0,0.00022828521
0,0,7.563258e-05
0,0,2.1158256e-05
0,0,4.690316e-05
0,0,9.476169e-06
0,0,7.5155986e-05
0,0,5.3399795e-05
0,0,0.00029554206
0,0,7.837702e-05
0,0,5.635206e-05
0,0,2.5022387e-05
0,0,0.00012975883
0,0,5.0755483e-05
0,0,1.1528905e-05
0,0,8.593036e-06
0,0,4.14507e-05
0,0,0.0001362473
0,0,0.0002968051
0,0,4.1573978e-05
0,0,0.00021661943
0,0,7.874524e-05
0,0,3.916941e-05
0,0,0.00028203274
0,0,5.240257e-05
0,0,0.00026745096
0,0,0.00041551713
0,0,0.00058354315
0,0,6.919735e-05
0,0,0.00031396857
0,0,0.000536088
0,0,0.00044574137
0,0,0.0007105038
0,0,0.00014527487
0,0,3.865731e-05
0,0,2.5711675e-05
0,0,7.330737e-06
0,0,0.001755713
0,0,1.611757e-05
0,0,5.548828e-06
0,0,0.00015132347
0,0,0.00013722478
0,0,1.2624127e-05
0,0,3.2636905e-05
0,0,2.8837065e-05
0,0,2.3689845e-06
0,0,2.3400868e-05
0,0,4.0038103e-05
0,0,1.3928419e-05
0,0,1.8145178e-05
0,0,0.00014891542
0,0,1.9984516e-05
0,0,7.0313376e-06
0,0,2.1534754e-05
0,0,7.511357e-05
0,0,3.5225974e-05
0,0,7.8895486e-05
0,0,8.932912e-06
0,0,6.504485e-05
0,0,1.2415202e-05
0,0,8.7357344e-05
0,0,1.2012351e-05
0,0,0.00010344513
0,0,3.3519984e-05
0,0,5.7448044e-05
0,0,1.6523825e-05
0,0,0.00028964924
0,0,1.595893e-05
0,0,0.00024377056
0,0,3.793278e-05
0,0,2.2457463e-05
0,0,2.3755729e-05
0,0,5.0027834e-06
0,0,0.0007650068
0,0,6.3875464e-06
0,0,8.504663e-05
0,0,4.5286786e-05
0,0,3.892807e-05
0,0,1.8310473e-05
0,0,6.398546e-05
0,0,0.0002516768
0,0,7.569506e-06
0,0,3.1376738e-05
0,0,0.00039026813
0,0,1.7381697e-05
0,0,2.566672e-05
0,0,0.00027632542
0,0,1.596126e-05
0,0,3.44267e-05
0,0,3.4362936e-05
0,0,1.2530653e-05
0,0,1.2927538e-05
0,0,1.4733852e-05
0,0,5.832435e-05
0,0,5.212385e-06
0,0,7.487328e-05
0,0,3.6700527e-05
0,0,1.8523675e-05
0,0,2.8257431e-05
0,0,3.6114165e-05
0,0,2.7444567e-05
0,0,8.915307e-05
0,0,5.3457366e-05
0,0,0.0017665252
0,0,7.587401e-06
0,0,2.9047573e-05
0,0,1.7622697e-05
0,0,0.00016382
0,0,0.00039067797
0,0,2.2730415e-05
0,0,6.356133e-05
0,0,4.48257e-06
0,0,0.00022194457
0,0,1.4307154e-05
0,0,2.4280665e-05
0,0,2.5189698e-05
0,0,9.207607e-06
0,0,2.9326302e-05
0,0,1.7606604e-05
0,0,0.0004764205
0,0,5.5972232e-05
0,0,7.075266e-05
0,0,1.8400131e-05
0,0,8.091469e-05
0,0,3.8422673e-05
0,0,7.2188404e-06
0,0,0.00011087454
0,0,2.604064e-05
0,0,2.297397e-05
0,0,7.774015e-05
0,0,0.000168546
0,0,1.2276555e-05
0,0,4.53409e-06
0,0,5.0381317e-05
0,0,2.776441e-05
0,0,6.485266e-05
0,0,1.3653983e-05
0,0,1.347273e-05
0,0,2.9622135e-05
0,0,0.0009877039
0,0,0.00013752934
0,0,3.6446792e-05
0,0,3.2392596e-05
0,0,2.7764516e-05
0,0,2.9588624e-05
0,0,7.2890616e-05
0,0,3.3560704e-05
0,0,2.2457421e-05
0,0,0.0002711549
0,0,4.732883e-05
0,0,5.2612773e-05
0,0,2.1737245e-05
0,0,5.0166298e-05
0,0,7.182964e-05
0,0,4.1767304e-05
0,0,6.741561e-05
0,0,1.5457936e-05
0,0,5.2099218e-05
0,0,1.3022084e-05
0,0,1.6759082e-05
0,0,4.879376e-05
0,0,0.00033199033
0,0,0.0001509973
0,0,2.9137633e-05
0,0,5.9294205e-05
0,0,7.659779e-05
0,0,0.00016511849
0,0,4.0846833e-05
0,0,0.0003774022
0,0,4.240829e-06
0,0,2.1236952e-05
0,0,3.377856e-05
0,0,7.354237e-05
0,0,7.3699425e-06
0,0,2.1183776e-05
0,0,0.000241523
0,0,0.00015239675
0,0,8.882402e-06
0,0,7.3019735e-05
0,0,2.785444e-06
0,0,4.687082e-06
0,0,1.877046e-05
0,0,0.00017064613
0,0,6.325453e-05
0,0,3.9768496e-05
0,0,0.00023580577
0,0,8.3146435e-05
0,0,1.296627e-05
0,0,3.1246786e-05
0,0,6.9492476e-06
0,0,9.297947e-06
0,0,8.278493e-06
0,0,5.3777403e-06
0,0,6.4305323e-06
0,0,6.9911594e-06
0,0,2.0236344e-05
0,0,0.00011405319
0,0,6.4845844e-06
0,0,9.10327e-06
0,0,0.0003398285
0,0,0.00043724084
0,0,0.0017400208
0,0,1.48576255e-05
0,0,4.990287e-05
0,0,0.00017794166
0,0,0.00011225079
0,0,7.7090655e-05
0,0,0.001474049
0,0,0.00031527336
0,0,1.9334087e-05
0,0,5.0271556e-06
0,0,6.300481e-06
0,0,7.098738e-05
0,0,0.0001115988
0,0,3.496552e-05
0,0,0.00063423003
0,0,5.0819126e-05
0,0,7.9261845e-06
0,0,4.1096228e-05
0,0,5.2468126e-06
0,0,0.00033957313
0,0,4.127757e-05
0,0,5.215927e-05
0,0,0.0005664566
0,0,1.985564e-05
0,0,0.000170438
0,0,1.9959527e-05
0,0,5.9363792e-05
0,0,0.00074835593
0,0,3.5245528e-05
0,0,8.209183e-06
0,0,3.465923e-05
0,0,4.0671493e-05
0,0,0.00011467173
0,0,8.4147666e-07
0,0,1.1700655e-05
0,0,7.35146e-05
0,0,6.0464583e-05
0,0,2.3007102e-05
0,0,9.34737e-06
0,0,6.5295055e-05
0,0,0.00020011229
0,0,1.260489e-05
0,0,9.729656e-06
0,0,0.0003007551
0,0,0.00032784205
0,0,0.037795134
0,0,0.00010057043
0,0,7.24165e-06
0,0,3.3895663e-05
0,0,6.0591606e-06
0,0,5.8222653e-05
0,0,1.23956925e-05
0,0,1.506054e-05
0,0,0.0002694139
0,0,3.1443478e-06
0,0,1.1164626e-05
0,0,0.0005940002
0,0,0.0005522881
0,0,4.2469446e-06
0,0,1.16268075e-05
0,0,6.118095e-05
0,0,0.00011774347
0,0,0.00030105576
0,0,6.903982e-05
0,0,4.5565288e-05
0,0,1.5685257e-05
0,0,1.520523e-05
0,0,5.3263375e-06
0,0,2.7507453e-05
0,0,6.4296187e-06
0,0,0.00028050767
0,0,2.2945924e-05
0,0,0.00014486832
0,0,7.545976e-05
0,0,6.9651655e-06
0,0,0.00018059398
0,0,1.8131575e-06
0,0,5.8864675e-06
0,0,5.4481832e-05
0,0,2.5447347e-05
0,0,1.4692488e-05
0,0,0.000101414145
0,0,0.00013393165
0,0,2.2717608e-05
0,0,0.00037754467
0,0,1.9406996e-06
0,0,1.6798975e-05
0,0,8.743735e-05
0,0,1.7727845e-05
0,0,1.3656366e-05
0,0,1.0696305e-05
0,0,0.001016828
0,0,2.992612e-05
0,0,6.8083704e-05
0,0,4.0905463e-05
0,0,0.00030742784
0,0,0.0021803987
0,0,1.2931175e-05
0,0,5.4168664e-05
0,0,0.00017904298
0,0,5.9544805e-06
0,0,9.136232e-06
0,0,4.4257642e-05
0,0,1.0610912e-05
0,0,0.00036928905
0,0,0.00019870834
0,0,9.6839736e-05
0,0,0.00011020196
0,0,8.690929e-06
0,0,1.3357016e-05
0,0,3.664618e-05
0,0,1.2629449e-05
0,0,6.774566e-06
0,0,0.00065144204
0,0,5.4029064e-05
0,0,0.00030601223
0,0,5.0246832e-05
0,0,0.007817712
0,0,4.7397123e-05
0,0,1.6511098e-05
0,0,1.3062993e-05
0,0,5.592439e-06
0,0,3.3271193e-05
0,0,7.0080805e-06
0,0,2.7355704e-06
0,0,4.7596743e-05
0,0,3.710838e-05
0,0,8.530403e-05
0,0,0.0004444223
0,0,1.3029451e-05
0,0,2.872319e-05
0,0,0.00049848837
0,0,0.00016242001
0,0,4.16911e-05
0,0,1.7463495e-05
0,0,0.001508226
0,0,6.774531e-05
0,0,5.652364e-05
0,0,1.5769427e-05
0,0,1.427853e-05
0,0,7.614763e-05
0,0,4.3248456e-05
0,0,4.3454293e-05
0,0,4.7942267e-05
0,0,0.00019653875
0,0,2.1107851e-05
0,0,0.0019381285
0,0,1.7501374e-05
0,0,1.652545e-05
0,0,2.6488218e-05
0,0,4.118662e-05
0,0,1.8961604e-05
0,0,9.9286435e-06
0,0,9.798993e-05
0,0,0.00032375148
0,0,5.3290878e-05
0,0,4.853342e-05
0,0,0.00010290833
0,0,0.0007825229
0,0,0.0003777681
0,0,3.3524524e-05
0,0,2.101602e-05
0,0,3.2360273e-05
0,0,0.0001539311
0,0,3.1171992e-05
0,0,1.9450468e-05
0,0,5.2718693e-05
0,0,2.0120597e-05
0,0,7.805296e-06
0,0,3.8447233e-05
0,0,2.108733e-05
0,0,4.0680494e-05
0,0,4.591533e-05
0,0,0.0002276056
0,0,1.4767501e-05
0,0,0.001802836
0,0,8.491584e-05
0,0,2.4056224e-05
0,0,2.3858825e-05
0,0,8.5195325e-06
0,0,0.00029148537
0,0,2.3385966e-05
0,0,3.269709e-05
0,0,0.00021988187
0,0,9.131758e-05
0,0,0.00010507888
0,0,1.3734143e-05
0,0,8.228142e-05
0,0,0.00010581209
0,0,6.204931e-06
0,0,0.00022410376
0,0,1.9439674e-05
0,0,5.58355e-06
0,0,0.00011205925
0,0,1.8739895e-05
0,0,0.00017769684
0,0,3.6227473e-05
0,0,8.891077e-05
0,0,0.00025945716
0,0,3.9573322e-05
0,0,8.8886445e-05
0,0,1.6913154e-05
0,0,8.148163e-05
0,0,4.865958e-06
0,0,9.547394e-06
0,0,0.00018170028
0,0,0.00011764549
0,0,0.0003634296
0,0,1.6415812e-05
0,0,8.332384e-05
0,0,2.0905698e-05
0,0,2.7806223e-05
0,0,1.0462727e-05
0,0,9.336323e-06
0,0,5.3857355e-05
0,0,3.065059e-05
0,0,6.176251e-06
0,0,4.845859e-05
0,0,1.6206164e-05
0,0,2.5460553e-05
0,0,1.993128e-05
0,0,1.8632705e-05
0,0,0.0010499026
0,0,0.00019335508
0,0,4.2162046e-05
0,0,1.574199e-05
0,0,4.606119e-06
0,0,2.229078e-05
0,0,1.953788e-05
0,0,2.4500261e-05
0,0,5.5097367e-05
0,0,0.0005417931
0,0,7.504591e-05
0,0,4.2159474e-05
0,0,3.847895e-06
0,0,1.6843731e-05
0,0,4.099892e-06
0,0,2.2340515e-05
0,0,6.653545e-05
0,0,4.6481582e-05
0,0,5.0125213e-06
0,0,9.099772e-06
0,0,0.0006344298
0,0,9.835186e-06
0,0,9.4833566e-05
0,0,0.000112982205
0,0,0.00038907203
0,0,3.8285025e-06
0,0,0.0033954827
0,0,3.3987424e-05
0,0,0.00011287496
0,0,1.8516504e-05
0,0,2.8736396e-05
0,0,3.2907585e-05
0,0,0.00029521622
0,0,3.1968117e-05
0,0,3.8738865e-05
0,0,7.5909693e-06
0,0,3.7106365e-05
0,0,7.3796405e-06
0,0,3.0072763e-06
0,0,7.775897e-06
0,0,2.314186e-05
0,0,2.141846e-05
0,0,1.0326988e-05
0,0,0.011722356
0,0,5.0681206e-06
0,0,1.2854122e-05
0,0,0.00026584297
0,0,1.8272167e-05
0,0,9.044575e-05
0,0,9.669948e-05
0,0,0.00046604066
0,0,0.000992799
0,0,1.127992e-05
0,0,0.00013763692
0,0,2.5078793e-05
0,0,0.00020833571
0,0,8.7779874e-05
0,0,3.0726886e-05
0,0,6.7352958e-06
0,0,0.00033424768
0,0,6.7501883e-06
0,0,7.097181e-05
0,0,0.00014082802
0,0,0.00028594918
0,0,1.5778543e-05
0,0,1.0062371e-05
0,0,9.542179e-06
0,0,2.9379178e-05
0,0,1.84163e-05
0,0,8.902594e-06
0,0,3.8892e-05
0,0,1.0417744e-05
0,0,7.356313e-05
0,0,1.2221349e-05
0,0,2.3824901e-05
0,0,0.00013727974
0,0,0.00023756913
0,0,8.920645e-06
0,0,6.9529997e-06
0,0,0.0003677208
0,0,1.315138e-05
0,0,5.0813647e-05
0,0,0.0002378903
0,0,1.4462333e-05
0,0,9.617897e-05
0,0,9.803572e-06
0,0,9.733597e-05
0,0,3.665387e-05
0,0,1.9120145e-05
0,0,7.260272e-05
0,0,0.0001320333
0,0,0.0008187177
0,0,8.987796e-05
0,0,4.3179632e-05
0,0,0.0016779852
0,0,0.0002531991
0,0,0.00019588397
0,0,1.2325155e-05
0,0,1.0293656e-05
0,0,2.1640879e-05
0,0,3.1854426e-05
0,0,4.050157e-06
0,0,0.0021401136
0,0,8.575975e-06
0,0,0.0010796068
0,0,0.0013958006
0,0,0.0001237312
0,0,1.5637492e-05
0,0,1.5461372e-06
0,0,0.00010459443
0,0,1.570768e-05
0,0,2.6890151e-05
0,0,3.284792e-05
0,0,0.00082833244
0,0,9.000931e-06
0,0,0.0030876892
0,0,2.8303766e-05
0,0,2.0092199e-05
0,0,1.1770839e-05
0,0,1.2842555e-05
0,0,3.902575e-05
0,0,5.00604e-05
0,0,9.726158e-06
0,0,5.260946e-05
0,0,2.3964589e-05
0,0,3.3138454e-05
0,0,1.0682961e-05
0,0,0.00013575307
0,0,1.3173987e-05
0,0,7.1457776e-05
0,0,9.433421e-06
0,0,3.1063824e-05
0,0,6.509976e-06
0,0,4.7624435e-05
0,0,0.00033614252
0,0,1.4120677e-05
0,0,0.0019576922
0,0,0.00014704918
0,0,5.4933782e-05
0,0,7.0178874e-05
0,0,8.302378e-06
0,0,8.337486e-05
0,0,5.8861642e-05
0,0,5.206892e-05
0,0,1.3445186e-05
0,0,2.548771e-05
0,0,3.576076e-05
0,0,8.765842e-05
0,0,0.00016683403
0,0,3.0659918e-05
0,0,0.00045356693
0,0,0.0019362883
0,0,9.9834884e-05
0,0,2.163927e-05
0,0,0.0011209623
0,0,7.774711e-06
0,0,3.9225368e-05
0,0,4.1512358e-06
0,0,1.5510152e-05
0,0,0.00015705243
0,0,0.00036569196
0,0,3.3920853e-05
0,0,1.8076369e-05
0,0,2.7603575e-05
0,0,6.5656222e-06
0,0,8.846255e-05
0,0,2.068373e-06
0,0,2.681281e-06
0,0,6.208684e-06
0,0,1.2311094e-05
0,0,1.3972935e-05
0,0,0.000116842995
0,0,4.0918454e-05
0,0,9.7060874e-05
0,0,7.0700344e-06
0,0,9.092969e-05
0,0,5.325347e-06
0,0,3.1825577e-05
0,0,6.373687e-05
0,0,5.1274315e-06
0,0,4.6541325e-05
0,0,9.671072e-05
0,0,3.3367156e-05
0,0,0.0012317026
0,0,0.0007509366
0,0,3.176712e-05
0,0,6.7395363e-06
0,0,0.0001068736
0,0,5.8576123e-05
0,0,0.00014529427
0,0,0.00064550096
0,0,0.00013977222
0,0,0.00028968792
0,0,0.0072552287
0,0,1.2822448e-05
0,0,1.5327101e-05
0,0,8.697305e-06
0,0,6.472666e-06
0,0,1.567848e-05
0,0,0.00034952103
0,0,8.984e-05
0,0,5.0266476e-06
0,0,0.000551652
0,0,4.8555037e-05
0,0,2.355536e-05
0,0,5.8308583e-06
0,0,2.704025e-05
0,0,7.515978e-05
0,0,3.604939e-06
0,0,2.7447079e-05
0,0,8.305371e-06
0,0,3.7054294e-06
0,0,0.00014101037
0,0,5.434789e-06
0,0,2.4414454e-05
0,0,1.22336505e-05
0,0,0.00024064542
0,0,8.579787e-06
0,0,8.6534215e-05
0,0,5.6015004e-05
0,0,0.0026444672
0,0,3.6332895e-05
0,0,3.2909388e-06
0,0,2.1419768e-05
0,0,6.4799126e-05
0,0,1.7324192e-05
0,0,3.480935e-05
0,0,1.6597993e-05
0,0,5.623455e-05
0,0,7.396422e-05
0,0,9.944753e-06
0,0,1.7612481e-05
0,0,0.00021937344
0,0,3.731178e-05
0,0,1.3107218e-05
0,0,1.35836935e-05
0,0,1.7258462e-05
0,0,0.0058938223
0,0,2.8031225e-06
0,0,0.00011199783
0,0,0.0009277089
0,0,7.2120965e-06
0,0,2.0986598e-05
0,0,4.334929e-05
0,0,4.927455e-05
0,0,7.881458e-05
0,0,1.22939055e-05
0,0,9.665197e-06
0,0,3.0075178e-05
0,0,0.0009873911
0,0,8.634117e-05
0,0,0.00014127267
0,0,5.6971712e-05
0,0,0.000175279
0,0,5.794841e-05
0,0,1.8277953e-05
0,0,0.00023984986
0,0,2.4675961e-05
0,0,4.0068124e-05
0,0,1.1399547e-05
0,0,7.115749e-05
0,0,4.897912e-05
0,0,2.827018e-05
0,0,9.170678e-05
0,0,5.5189053e-06
0,0,6.957271e-05
0,0,5.4767606e-05
0,0,2.5228162e-05
0,0,9.356076e-05
0,0,1.4395074e-05
0,0,1.521669e-05
0,0,8.223311e-06
0,0,8.431817e-05
0,0,0.00024585682
0,0,4.737503e-05
0,0,7.4561205e-05
0,0,9.729359e-06
0,0,7.990735e-06
0,0,5.3235966e-05
0,0,7.014734e-06
0,0,4.313906e-06
0,0,7.708082e-06
0,0,0.00010697454
0,0,0.0002927495
0,0,7.033719e-05
0,0,0.00089292566
0,0,4.1554198e-05
0,0,1.1471195e-05
0,0,3.075022e-05
0,0,3.017216e-05
0,0,3.6035934e-05
0,0,0.00014824573
0,0,4.5460947e-05
0,0,7.855808e-06
0,0,0.0001000165
0,0,7.528442e-06
0,0,0.00012227424
0,0,1.6318383e-05
0,0,3.3027998e-05
0,0,0.00013476101
0,0,4.485435e-06
0,0,0.00018722743
0,0,1.4424742e-05
0,0,2.2086857e-05
0,0,0.00012676955
0,0,1.6646309e-05
0,0,0.00013748134
0,0,0.00013029047
0,0,7.9906524e-05
0,0,0.00013618052
0,0,7.5030315e-05
0,0,9.091121e-05
0,0,4.329133e-05
0,0,3.2827535e-05
0,0,0.00011551251
0,0,6.003522e-05
0,0,9.014026e-05
0,0,5.0635008e-05
0,0,2.7123103e-06
0,0,1.1144701e-05
0,0,5.2561976e-05
0,0,0.0001556316
0,0,7.4645004e-06
0,0,3.1140884e-05
0,0,1.681805e-05
0,0,0.000113973394
0,0,1.9021063e-05
0,0,2.216607e-05
0,0,2.5712117e-05
0,0,0.00033305294
0,0,2.7317818e-05
0,0,4.276537e-05
0,0,1.7712196e-05
0,0,1.5671605e-05
0,0,0.00017398635
0,0,2.4285253e-05
0,0,3.395111e-05
0,0,0.00012248347
0,0,8.115037e-05
0,0,0.0010814618
0,0,1.6645403e-05
0,0,1.38628375e-05
0,0,0.00012424822
0,0,4.4776192e-05
0,0,2.5586121e-05
0,0,7.319507e-05
0,0,0.0002340519
0,0,0.00018133025
0,0,5.9456115e-06
0,0,8.652589e-06
0,0,2.4802914e-05
0,0,4.8803857e-05
0,0,1.2952293e-05
0,0,0.0001820051
0,0,5.9289225e-05
0,0,2.5756735e-05
0,0,2.6854525e-06
0,0,1.6633534e-05
0,0,0.00031239862
0,0,5.6282056e-06
0,0,4.878953e-05
0,0,2.0313764e-05
0,0,2.665348e-05
0,0,5.9644964e-05
0,0,1.3736186e-05
0,0,0.00035134162
0,0,1.8611325e-05
0,0,0.000104011495
0,0,7.595914e-05
0,0,6.4650005e-05
0,0,2.1974058e-05
0,0,1.585582e-05
0,0,7.364933e-06
0,0,3.753154e-05
0,0,4.066184e-05
0,0,0.00011456998
0,0,5.793631e-05
0,0,0.0010929952
0,0,0.00017255708
0,0,3.8132806e-05
0,0,9.696537e-07
0,0,2.4376184e-05
0,0,7.5564814e-05
0,0,9.428461e-05
0,0,4.766394e-06
0,0,1.0497008e-05
0,0,0.00035512802
0,0,1.0182361e-05
0,0,5.922091e-05
0,0,2.8721219e-05
0,0,0.00017186774
0,0,2.596154e-05
0,0,0.00012680702
0,0,6.9345447e-06
0,0,1.2057469e-05
0,0,8.598368e-05
0,0,5.7754278e-05
0,0,0.00020048392
0,0,2.1059275e-05
0,0,1.4501459e-05
0,0,3.082112e-05
0,0,4.4652876e-05
0,0,2.9075703e-05
0,0,3.4816785e-05
0,0,7.9349025e-05
0,0,0.00017512847
0,0,6.429385e-05
0,0,1.3761425e-05
0,0,8.1577025e-05
0,0,9.208994e-06
0,0,3.4848345e-05
0,0,6.5328823e-06
0,0,3.8071666e-06
0,0,3.554469e-05
0,0,0.00012821806
0,0,1.58361e-05
0,0,3.0154324e-06
0,0,1.587066e-05
0,0,2.0856254e-05
0,0,0.00027755107
0,0,0.002494501
0,0,3.893824e-05
0,0,9.456543e-06
0,0,5.095592e-05
0,0,3.448663e-05
0,0,0.00020779253
0,0,7.2425546e-06
0,0,5.5147593e-06
0,0,0.00015611226
0,0,0.00040279498
0,0,4.1111093e-06
0,0,0.0002172971
0,0,0.00056134496
0,0,0.00022061625
0,0,0.0004958636
0,0,4.1359333e-05
0,0,3.284654e-05
0,0,0.008504441
0,0,4.4754208e-05
0,0,3.0565883e-05
0,0,1.305379e-05
0,0,1.1286162e-05
0,0,1.6317013e-05
0,0,5.7973243e-06
0,0,2.0040243e-05
0,0,0.003104116
0,0,0.0009523937
0,0,2.5400772e-05
0,0,2.8433731e-05
0,0,6.9430344e-06
0,0,5.0528117e-05
0,0,5.7332545e-06
0,0,4.853871e-06
0,0,0.00015237437
0,0,0.00042154698
0,0,5.070925e-06
0,0,8.266064e-05
0,0,6.8153195e-06
0,0,0.00030033162
0,0,3.3531593e-05
0,0,0.00043633772
0,0,3.9723465e-05
0,0,7.5779426e-06
0,0,2.1450143e-05
0,0,1.0463146e-05
0,0,1.716379e-05
0,0,2.0404299e-05
0,0,2.0343288e-05
0,0,1.539942e-05
0,0,1.9920335e-05
1,1,0.92296445
0,0,0.00015755912
0,0,8.464404e-05
0,0,2.4350582e-05
0,0,6.215965e-05
0,0,7.366078e-06
0,0,9.686301e-05
0,0,1.507698e-05
0,0,4.9329133e-06
0,0,1.5082617e-05
0,0,1.4980039e-05
0,0,7.7134115e-05
0,0,1.9718664e-05
0,0,0.000103948434
0,0,1.4396363e-05
0,0,2.7982136e-05
0,0,0.0018749803
0,0,3.3791446e-05
0,0,1.9428962e-05
0,0,3.7375885e-05
0,0,0.00087661046
0,0,1.5562913e-05
0,0,0.00055535923
0,0,0.000114024275
0,0,6.693185e-05
0,0,0.0001338622
0,0,8.868317e-06
0,0,2.034585e-05
0,0,3.6430876e-05
0,0,0.00032101115
0,0,0.00020144873
0,0,2.0798494e-05
0,0,1.7143897e-05
0,0,3.9783667e-06
0,0,1.5487802e-05
0,0,0.00017573049
0,0,3.0258027e-05
0,0,1.8840763e-05
0,0,1.7420081e-05
0,0,3.0377028e-05
0,0,1.3693078e-05
0,0,0.00023085556
0,0,4.209432e-06
0,0,2.830973e-05
0,0,4.2880774e-06
0,0,1.6776337e-05
0,0,0.0001488568
0,0,0.00010836613
0,0,0.00076569826
0,0,3.6281202e-05
0,0,0.00040634835
0,0,0.0034277204
0,0,0.00013411223
0,0,7.733396e-06
0,0,0.00038359957
0,0,0.002991429
0,0,7.9099955e-06
0,0,0.00070159114
0,0,0.00018790615
0,0,3.366305e-05
0,0,2.4921295e-05
0,0,3.17395e-05
0,0,6.577009e-06
0,0,8.211227e-05
0,0,2.4076558e-05
0,0,2.1706754e-05
0,0,4.5537745e-05
0,0,3.714421e-05
0,0,0.002256986
0,0,8.302156e-06
0,0,0.000103021135
0,0,9.4862684e-05
0,0,3.1295243e-05
0,0,2.3817383e-05
0,0,1.5349921e-06
0,0,0.00022742165
0,0,3.4997447e-05
0,0,4.2316e-05
0,0,3.2461125e-05
0,0,0.0003512361
0,0,4.2025567e-05
0,0,0.0011975276
0,0,4.544514e-06
0,0,2.3697736e-05
0,0,8.863651e-06
0,0,3.4747995e-05
0,0,0.0001531458
0,0,1.0640775e-05
0,0,4.2957523e-05
0,0,9.946552e-05
0,0,0.00015767364
0,0,0.00022872117
0,0,6.9441203e-06
0,0,0.0025742033
0,0,3.2702083e-05
0,0,0.00010632874
0,0,3.3531338e-05
0,0,7.105957e-05
0,0,0.00035698153
0,0,6.72345e-05
0,0,0.0004464975
0,0,1.2137072e-05
0,0,1.0610456e-05
0,0,1.0641901e-05
0,0,1.0499782e-05
0,0,8.9866386e-05
0,0,2.8612658e-05
0,0,0.00015494706
0,0,0.00019949561
0,0,7.6844044e-05
0,0,1.9289937e-06
0,0,3.6433587e-05
0,0,2.675726e-05
0,0,8.712355e-06
0,0,1.2584652e-05
0,0,6.1946615e-05
0,0,1.7034574e-05
0,0,0.00015496538
0,0,5.294175e-06
0,0,0.00022475663
0,0,7.3342286e-05
0,0,7.783702e-06
0,0,1.00712705e-05
0,0,4.9425424e-05
0,0,0.00010941746
0,0,0.00015016638
0,0,8.610074e-06
0,0,1.7037466e-05
0,0,4.8930848e-05
0,0,0.0005786885
0,0,4.4670787e-06
0,0,1.7192882e-05
0,0,0.000107444495
0,0,3.627764e-05
0,0,0.002653534
0,0,6.499444e-05
0,0,3.0440538e-05
0,0,2.2392516e-05
0,0,5.4682855e-06
0,0,9.140058e-06
0,0,6.088947e-06
0,0,1.8651552e-05
0,0,2.8623957e-05
0,0,4.5866098e-05
0,0,1.09276025e-05
0,0,0.000119851116
0,0,9.286365e-06
0,0,0.0017441829
0,0,1.1890137e-05
0,0,0.000102599966
0,0,5.655146e-05
0,0,1.2267858e-05
0,0,5.517613e-05
0,0,8.244722e-05
0,0,4.961763e-05
0,0,4.3054184e-05
0,0,1.6013311e-05
0,0,3.63974e-05
0,0,4.5491866e-05
0,0,2.736368e-05
0,0,0.00020895162
0,0,2.9568033e-05
0,0,1.350918e-05
0,0,0.00013370019
0,0,0.0037568556
0,0,8.809451e-05
0,0,0.0005313281
0,0,0.0001658138
0,0,9.2277325e-05
0,0,9.2288145e-05
0,0,0.00014781549
0,0,2.015703e-05
0,0,6.3047964e-06
0,0,1.3381815e-05
0,0,1.3951086e-05
0,0,3.5185112e-05
0,0,1.5440257e-05
0,0,0.0005561477
0,0,9.797198e-06
0,0,0.0015361902
0,0,6.42488e-05
0,0,8.843706e-06
0,0,2.2379665e-05
0,0,6.261584e-05
0,0,8.025727e-05
0,0,0.00010169692
0,0,2.7803173e-05
0,0,2.5256857e-05
0,0,6.568945e-05
0,0,9.259004e-06
0,1,0.58644336
0,0,4.186792e-05
0,0,3.4268687e-05
0,0,3.0430292e-05
0,0,1.278912e-05
0,0,1.0362987e-05
0,0,0.00012229045
0,0,2.0235495e-05
0,0,1.7104441e-05
0,0,9.611847e-06
0,0,3.916216e-05
0,0,0.0002073923
0,0,3.3749816e-06
0,0,8.855758e-05
0,0,1.5802621e-05
0,0,0.001356679
0,0,8.708234e-06
0,0,0.00017108097
0,0,0.00017873954
0,0,2.0073909e-05
0,0,2.8192051e-05
0,0,0.0028010882
0,0,2.2503558e-05
0,0,2.5494763e-05
0,0,0.00011960838
0,0,5.9325706e-05
0,0,7.4553245e-05
0,0,0.00084770744
0,0,0.00011670693
0,0,0.000100430894
0,0,1.22632855e-05
0,0,0.0006669448
0,0,7.631996e-06
0,0,9.782204e-06
0,0,1.30626695e-05
0,0,9.087544e-06
0,0,0.00023272654
0,0,7.144054e-05
0,0,3.4837944e-05
0,0,3.0234778e-06
0,0,3.3736873e-05
0,0,0.00019147001
0,0,1.920287e-05
0,0,9.404755e-05
0,0,4.369796e-06
0,0,2.3532211e-05
0,0,0.00016875956
0,0,0.00048740464
0,0,1.0184517e-05
0,0,2.4983547e-05
0,0,2.6282816e-05
0,0,2.1694128e-05
0,0,1.3211517e-05
0,0,2.3663319e-05
0,0,1.4067317e-05
0,0,7.1901806e-05
0,0,0.0035360123
0,0,1.9556577e-05
0,0,0.0001811272
0,0,8.7247616e-05
0,0,0.00014216902
0,0,1.1936844e-05
0,0,2.8875891e-05
0,0,6.031693e-05
0,0,6.0052804e-05
0,0,0.0011967848
0,0,6.223539e-05
0,0,0.00018276839
0,0,1.0693694e-05
0,0,9.165248e-06
0,0,0.00010909719
0,0,2.439914e-05
0,0,5.47744e-06
0,0,0.0003614367
0,0,2.3387529e-05
0,0,1.7750344e-05
0,0,3.8154303e-05
0,0,0.0042681694
0,0,5.9318125e-05
0,0,1.0602859e-05
0,0,5.4378265e-06
0,0,0.0016448833
0,0,4.621537e-06
0,0,2.9171635e-05
0,0,2.6004207e-05
0,0,7.280732e-05
0,0,1.05512345e-05
0,0,8.255296e-05
0,0,0.000103300314
0,0,0.00011062193
0,0,3.8553485e-06
0,0,7.1033187e-06
0,0,5.815864e-06
0,0,0.0005198873
0,0,5.308849e-05
0,0,2.1690923e-05
0,0,4.0156105e-05
0,0,7.956466e-05
0,0,3.8385795e-05
0,0,0.0002425282
0,0,3.9847684e-05
0,0,0.00010891446
0,0,3.725152e-05
0,0,5.1655858e-05
0,0,0.00012635933
0,0,5.5189234e-05
0,0,0.00023415369
0,0,0.00016312946
0,0,0.00015280592
0,0,0.000106897554
0,0,3.447598e-05
0,0,0.00020126767
0,0,1.4412918e-05
0,0,1.452654e-05
0,0,3.200561e-05
0,0,7.975694e-05
0,0,1.31016695e-05
0,0,3.2168766e-05
0,0,5.6983557e-05
0,0,4.571277e-06
0,0,1.238259e-05
0,0,1.5794652e-05
0,0,3.1951984e-06
0,0,5.1649156e-05
0,0,3.392176e-05
0,0,2.0411539e-05
0,0,0.0005329367
0,0,2.688933e-05
0,0,4.5997418e-05
0,0,0.00039218832
0,0,0.000158609
0,0,0.00023025105
0,0,3.552612e-05
0,0,4.0112744e-05
0,0,5.7697794e-06
0,0,8.470209e-05
0,0,4.5891913e-05
0,0,7.6270335e-06
0,0,4.649315e-05
0,0,3.4357887e-05
0,0,2.052839e-05
0,0,1.8204662e-05
0,0,0.0003840101
0,0,6.363217e-05
0,0,0.00012552817
0,0,6.7461724e-06
0,0,0.0016279473
0,0,0.00018457677
0,0,4.7064095e-05
0,0,5.0368017e-05
0,0,1.2367035e-05
0,0,4.9429814e-06
0,0,4.0222617e-06
0,0,0.00028082047
0,0,7.198757e-05
0,0,2.9681644e-06
0,0,0.00020387514
0,0,1.2421384e-05
0,0,0.0027014075
0,0,6.465889e-05
0,0,4.960842e-06
0,0,2.0736565e-05
0,0,8.4804655e-05
0,0,0.00013693525
0,0,7.013209e-06
0,0,0.00011545591
0,0,0.00022138473
0,0,2.382145e-05
0,0,3.104795e-05
0,0,0.00079464406
0,0,7.374062e-05
0,0,8.648134e-06
0,0,5.8956366e-06
0,0,0.0002652589
0,0,0.00024865457
0,0,4.2523847e-05
0,0,3.098926e-05
0,0,1.347029e-05
0,0,1.588103e-05
0,0,9.653649e-05
0,0,3.2146072e-05
0,0,2.6238842e-05
0,0,3.5651352e-05
0,0,4.9845366e-05
0,0,1.1082804e-05
0,0,3.0835028e-05
0,0,7.184135e-05
0,0,8.759299e-05
0,0,0.003669375
0,0,8.513516e-05
0,0,4.644127e-06
0,0,3.8772647e-05
0,0,2.381123e-05
0,0,2.5453573e-06
0,0,4.4450744e-06
0,0,3.150702e-05
0,0,3.1676424e-05
0,0,4.4379318e-05
0,0,4.0272458e-05
0,0,8.026632e-06
0,0,0.000705956
0,0,6.935715e-06
0,0,8.1927836e-05
0,0,0.00023752247
0,0,0.0001199937
0,0,0.00015869053
0,0,1.1587943e-05
0,0,1.4795257e-05
0,0,0.0006957302
0,0,4.3724653e-05
0,0,1.4474862e-05
0,0,1.1021944e-05
0,0,9.0695525e-05
0,0,0.000109188884
0,0,9.6703225e-06
0,0,3.7249836e-06
0,0,0.00015595782
0,0,2.4465893e-05
0,0,6.1306055e-05
0,0,0.00014368055
0,0,1.1845997e-05
0,0,0.0012241319
0,0,2.1699798e-05
0,0,3.726838e-06
0,0,9.354602e-06
0,0,7.3794574e-05
0,0,4.8362428e-05
0,0,4.0493895e-05
0,0,0.000124115
0,0,7.313562e-05
0,0,0.00015896691
0,0,0.0003179495
0,0,5.1288163e-05
0,0,2.6028796e-05
0,0,4.8363858e-05
0,0,4.289963e-05
0,0,0.00016174864
0,0,1.7454937e-05
0,0,0.00026568357
0,0,0.00021444175
0,0,9.926977e-06
0,0,2.0637883e-05
0,0,3.793922e-05
0,0,5.5665787e-06
0,0,3.0986623e-06
0,0,9.6722804e-05
0,0,2.4578823e-05
0,0,0.0007346246
0,0,0.0005081575
0,0,0.0006414543
0,0,3.6968966e-05
0,0,0.0010174196
0,0,2.0486226e-05
0,0,3.0036224e-05
0,0,1.8398518e-05
0,0,1.0708328e-05
0,0,1.0156127e-05
0,0,5.993421e-06
0,0,1.0312481e-05
0,0,2.9903866e-05
0,0,0.0008722915
0,0,2.4050605e-05
0,0,5.694928e-05
0,0,4.1530664e-05
1,1,0.96664834
0,0,7.747536e-05
0,0,0.00010565411
0,0,0.00012543556
0,0,1.4711766e-05
0,0,0.0004934895
0,0,5.929053e-05
0,0,0.000472966
0,0,9.466017e-06
0,0,1.9131981e-05
0,0,0.00010848782
0,0,6.1177175e-06
0,0,2.8907773e-05
0,0,2.494096e-05
0,0,0.00016057184
0,0,5.878872e-05
0,0,2.6606776e-05
0,0,2.1425814e-05
0,0,3.628238e-05
0,0,1.1415724e-05
0,0,0.0003104175
0,0,2.2063412e-06
0,0,1.918107e-05
0,0,0.0015113049
0,0,3.187047e-05
0,0,8.4968495e-05
0,0,0.00021439984
0,0,3.5527915e-05
0,0,9.022157e-06
0,0,1.7114722e-05
0,0,7.858828e-06
0,0,2.3099525e-05
0,0,7.4289633e-06
0,0,3.0271476e-05
0,0,0.00010821216
0,0,4.956528e-05
0,0,0.000101079226
0,0,7.580747e-05
0,0,3.419667e-05
0,0,1.1280351e-05
0,0,1.0502535e-05
0,0,4.912853e-05
0,0,6.751372e-05
0,0,1.0318335e-05
0,0,1.06100515e-05
0,0,2.8236283e-05
0,0,1.3181678e-05
0,0,2.1869926e-05
0,0,8.981815e-05
0,0,3.5879782e-06
0,0,0.00019961491
0,0,8.588321e-05
0,0,1.4690049e-05
0,0,1.4066164e-05
0,0,1.4400277e-05
0,0,3.3684086e-05
0,0,3.4642646e-05
0,0,1.2945945e-05
0,0,2.050278e-05
0,0,1.1794875e-05
0,0,0.00033365964
0,0,3.1006348e-05
0,0,6.567749e-05
0,0,1.6846157e-05
0,0,5.004307e-05
0,0,1.484124e-05
0,0,0.00013489665
0,0,2.4275998e-06
0,0,0.00045440643
0,0,0.0002844645
0,0,7.842921e-05
0,0,6.430679e-05
0,0,3.9614253e-05
0,0,3.4375258e-05
0,0,7.999031e-05
0,0,8.174172e-05
0,0,2.5861684e-05
0,0,0.00010267034
0,0,5.2087096e-05
0,0,2.6737136e-05
0,0,4.2320076e-05
0,0,4.6344237e-05
0,0,0.00062637473
0,0,1.2392265e-05
0,0,1.7243815e-06
0,0,0.00018493632
0,0,5.411254e-05
0,0,2.1715801e-05
0,0,0.0001251715
0,0,0.00020970886
0,0,7.391085e-05
0,0,2.6474454e-05
0,0,3.5453624e-05
0,0,1.6909396e-05
0,0,2.5763484e-06
0,0,2.6034902e-05
0,0,2.6114723e-05
0,0,7.629118e-05
0,0,2.3004557e-05
0,0,6.303396e-05
0,0,2.3043398e-05
0,0,6.4481815e-06
0,0,8.9552865e-05
0,0,6.1419516e-05
0,0,0.00011911987
0,0,0.07951235
0,0,1.7456118e-06
0,0,1.5783962e-05
0,0,2.6139762e-05
0,0,1.4538681e-05
0,0,1.6082624e-05
0,0,0.0002720848
0,0,5.003399e-06
0,0,5.8691865e-05
0,0,1.7493598e-05
0,0,4.4609336e-05
0,0,4.0130573e-05
0,0,2.20713e-05
0,0,6.0065586e-06
0,0,1.4026246e-05
0,0,7.898273e-05
0,0,7.01675e-05
0,0,1.8639194e-05
0,0,0.00024383658
0,0,1.3112683e-05
0,0,5.7140933e-05
0,0,8.853335e-05
0,0,1.3386434e-05
0,0,2.418264e-05
0,0,7.960777e-05
0,0,3.848942e-05
0,0,0.0009147396
0,0,6.5617537e-06
0,0,0.000102126454
0,0,3.9014412e-06
0,0,0.00013251309
0,0,2.8748073e-05
0,0,5.02988e-05
0,0,1.3313574e-05
0,0,0.00012410531
0,0,6.648249e-05
0,0,0.0004812358
0,0,1.7463894e-05
0,0,1.3669083e-05
0,0,1.4658274e-06
0,0,0.00014025472
0,0,0.001807647
0,0,6.434721e-05
0,0,2.081806e-05
0,0,7.528237e-05
0,0,1.700119e-05
0,0,4.501222e-05
0,0,0.00022527433
0,0,4.067421e-05
0,0,0.00013517891
0,0,3.3627925e-06
0,0,3.1052572e-05
0,0,4.926346e-06
0,0,0.00014531492
0,0,2.2551507e-05
0,0,3.4871115e-05
0,0,2.837319e-05
0,0,9.290535e-05
0,0,3.1197567e-05
0,0,8.078054e-05
0,0,1.1258221e-05
0,0,0.0022219382
0,0,0.00035992035
0,0,6.2861786e-06
0,0,0.00010473896
0,0,9.119201e-05
0,0,1.6477783e-05
0,0,6.7415613e-06
0,0,0.00010398908
0,0,1.6237691e-05
0,0,6.0111244e-05
0,0,1.1495837e-05
0,0,6.9834687e-06
0,0,2.1302552e-05
0,0,0.00012860536
0,0,4.7580357e-05
0,0,9.84565e-06
0,0,7.0019414e-06
0,0,2.9991745e-05
0,0,0.00092017814
0,0,0.00040637315
0,0,0.00012440792
0,0,7.479614e-05
0,0,7.6527846e-05
0,0,0.00011259331
0,0,2.9769764e-05
0,0,5.8111737e-06
0,0,9.624725e-06
0,0,3.0687365e-06
0,0,1.0627864e-05
0,0,0.00074968144
0,0,0.0004907863
0,0,0.00040619442
0,0,0.00013660752
0,0,0.0034872366
0,0,2.4237752e-05
0,0,3.3128057e-05
0,0,0.00011131588
0,0,3.8469312e-05
0,0,1.0407993e-05
0,0,0.000121365854
0,0,8.676433e-05
0,0,4.3406002e-05
0,0,8.34529e-05
0,0,7.5189064e-06
0,0,4.3975597e-05
0,0,0.0018283606
0,0,9.118858e-06
0,0,0.00016971197
0,0,9.770569e-06
0,0,0.00011924556
0,0,1.5911488e-05
0,0,9.267149e-05
0,0,9.641629e-06
0,0,2.8111323e-05
0,0,4.1213694e-05
0,0,3.0156194e-05
0,0,4.343577e-05
0,0,3.5991354e-05
0,0,2.3412098e-05
0,0,2.6560536e-05
0,0,0.00020978665
0,0,4.3322507e-05
0,0,6.369203e-05
0,0,2.4767342e-05
0,0,3.1305364e-05
0,0,2.9081888e-05
0,0,8.5212894e-05
0,0,2.4781257e-05
0,0,8.10037e-06
0,0,0.00042519558
0,0,5.9557944e-05
0,0,9.134751e-06
0,0,2.155016e-05
0,0,2.3334327e-05
0,0,0.00047910423
0,0,7.152916e-05
0,0,8.362181e-06
0,0,2.1994689e-05
0,0,6.729049e-05
0,0,0.0003629589
0,0,0.019965796
0,0,6.527339e-05
0,0,4.1012718e-05
0,0,7.5028183e-06
0,0,6.321522e-06
0,0,1.0470493e-05
0,0,1.0853334e-05
0,0,0.00041971132
0,0,4.933346e-05
0,0,4.8700185e-05
0,0,0.00021681841
0,0,4.2572417e-05
0,0,2.776531e-05
0,0,7.8481884e-05
0,0,7.0610045e-06
0,0,5.141622e-06
0,0,0.00013976062
0,0,4.641133e-05
0,0,8.216883e-06
0,0,8.892044e-05
0,0,7.080828e-05
0,0,5.4068234e-05
0,0,0.00030201508
0,0,5.7293164e-05
0,0,0.0003230137
0,0,1.5637313e-05
0,0,8.759159e-06
0,0,6.8143963e-06
0,0,6.602845e-06
0,0,1.9114294e-05
0,0,1.2114833e-05
0,0,3.9137332e-05
0,0,6.354515e-05
0,0,5.0960298e-05
0,0,2.0506066e-05
0,0,1.99037e-05
0,0,1.9819603e-05
0,0,0.084101014
0,0,4.4919248e-06
0,0,2.0841821e-06
0,0,7.4202685e-06
0,0,0.00019451896
0,0,6.4666565e-06
0,0,5.2243886e-06
0,0,1.2308429e-05
0,0,0.00025453808
0,0,9.504877e-05
0,0,5.1286984e-06
0,0,2.4023875e-05
0,0,2.6488356e-06
0,0,8.948995e-05
0,0,2.2322945e-05
0,0,0.000116126896
0,0,5.647745e-06
0,0,0.00014382378
0,0,0.00069335394
0,0,1.06841635e-05
0,0,9.148875e-06
0,0,5.7170605e-06
0,0,5.8492173e-05
0,0,3.3205073e-05
0,0,7.879421e-05
0,0,0.00069515826
0,0,0.0005301521
0,0,1.2127607e-05
0,0,2.299258e-05
0,0,5.9380385e-05
0,0,0.00014819187
0,0,0.000131321
0,0,7.4896326e-07
0,0,3.511117e-05
0,0,1.2159385e-05
0,0,1.758437e-05
0,0,7.727837e-06
0,0,0.002182406
0,0,1.4193989e-05
0,0,0.0011557593
0,0,0.0002174936
0,0,0.00016431717
0,0,2.8716398e-05
0,0,3.3896504e-05
0,0,7.1599798e-06
0,0,9.409727e-06
0,0,3.2014084e-06
0,0,8.64637e-06
0,0,5.499607e-06
0,0,0.0003147766
0,0,2.7600863e-05
0,0,0.00011206054
0,0,6.112533e-06
0,0,3.8263763e-05
0,0,1.0965895e-05
0,0,0.0006932687
0,0,2.4930566e-06
0,0,2.377336e-05
0,0,6.382297e-06
0,0,3.319883e-06
0,0,0.0023856517
0,0,0.0046412908
0,0,2.3994384e-05
0,0,1.0785719e-05
0,0,1.5811833e-05
0,0,1.623616e-05
0,0,0.0002147157
0,0,0.00020993092
0,0,4.053326e-05
0,0,1.5094806e-05
0,0,3.854106e-05
0,0,1.1906829e-05
0,0,5.013439e-06
0,0,1.3501464e-05
0,0,8.49433e-05
0,0,1.1169131e-05
0,0,7.154164e-06
0,0,3.2348886e-05
0,0,2.1142785e-05
0,0,1.9482288e-05
0,0,2.378724e-05
0,0,6.969736e-06
0,0,0.00026362512
0,0,0.00010810603
0,0,0.00010771193
0,0,1.3868417e-05
0,0,4.682321e-05
0,0,5.6375097e-06
0,0,0.00018797118
0,0,6.607117e-05
0,0,4.221158e-06
0,0,8.933611e-06
0,0,9.036618e-05
0,0,7.305605e-06
0,0,3.172035e-05
0,0,1.62293e-05
0,0,0.00014884103
0,0,0.00023989698
0,0,2.0323121e-05
0,0,3.3469678e-05
0,0,1.7136197e-05
0,0,8.987307e-05
0,0,1.3911998e-05
0,0,0.00010361552
0,0,7.380977e-05
0,0,6.547383e-06
0,0,0.000723133
0,0,2.819197e-05
0,0,1.4907585e-05
0,0,1.6002548e-05
0,0,0.0006713319
0,0,2.5603526e-05
0,0,0.0002560743
0,0,6.123267e-05
0,0,0.00022886819
0,0,3.7120258e-06
0,0,7.0030096e-06
0,0,0.00046750155
0,0,2.710999e-05
0,0,5.4845685e-05
0,0,1.37790885e-05
0,0,1.626551e-05
0,0,3.5264893e-05
0,0,9.056381e-06
0,0,1.2403226e-05
0,0,1.5361416e-05
0,0,0.000102098216
0,0,3.318703e-05
0,0,6.060519e-06
0,0,0.000100532176
0,0,1.784844e-05
0,0,7.420682e-05
0,0,4.3875774e-05
0,0,5.9881248e-05
0,0,0.00015497424
0,0,0.0020131404
0,0,6.990529e-05
0,0,0.0004972853
0,0,9.007633e-05
0,0,3.7379556e-05
0,0,1.5317675e-05
0,0,4.988453e-06
0,0,2.3800469e-05
0,0,0.00019351499
0,0,2.6767928e-05
0,0,0.00033546382
0,0,0.00054346916
0,0,6.778977e-05
0,0,6.773323e-05
0,0,2.6929185e-05
0,0,7.619935e-05
0,0,2.1650769e-05
0,0,2.576265e-06
0,0,0.0002530965
0,0,6.3069674e-05
0,0,0.00024797887
0,0,1.4389858e-05
0,0,1.6448861e-05
0,0,3.7806705e-05
0,0,1.4943268e-05
0,0,0.00012476907
0,0,0.00022481622
0,0,0.000111240966
0,0,2.1917174e-05
0,0,4.5596216e-06
0,0,6.09407e-06
0,0,2.4445999e-05
0,0,0.00015903226
0,0,0.0002806952
0,0,5.563368e-05
0,0,1.8618513e-05
0,0,4.0318915e-05
0,0,4.9333885e-06
0,0,2.404632e-06
0,0,8.570882e-06
0,0,6.8496715e-06
0,0,1.0811268e-05
0,0,7.2954817e-06
0,0,0.0001256931
0,0,2.022093e-05
0,0,0.00011264786
0,0,3.5215146e-06
0,0,9.475681e-06
0,0,0.0002540825
0,0,5.474066e-05
0,0,2.4404795e-05
0,0,0.0022033795
0,0,9.683658e-06
0,0,1.640392e-05
0,0,1.1028368e-06
0,0,0.00016265697
0,0,4.078199e-05
0,0,7.36025e-05
0,0,2.4041477e-05
0,0,6.009245e-06
0,0,0.004103254
0,0,4.7367754e-05
0,0,2.4416015e-05
0,0,7.8354415e-06
0,0,0.0013822233
0,0,2.4322359e-05
0,0,0.00023833303
0,0,0.00050573004
0,0,0.00026088842
0,0,0.00036113168
0,0,3.693658e-05
0,0,6.753207e-05
0,0,6.8846757e-06
0,0,8.207062e-05
0,0,2.6353144e-05
0,0,4.206037e-05
0,0,5.8614063e-05
0,0,0.000100223486
0,0,1.9598062e-06
0,0,7.9653455e-06
0,0,0.00079069217
0,0,1.400104e-05
0,0,1.6626715e-05
0,0,4.359596e-05
0,0,1.4241296e-05
0,0,2.1383194e-05
0,0,7.014161e-05
0,0,5.032821e-05
0,0,3.92635e-05
0,0,6.227897e-05
0,0,2.244205e-05
0,0,2.3333281e-05
0,0,9.392755e-05
0,0,0.00013285418
0,0,9.301793e-05
0,0,4.342929e-06
0,0,2.5727006e-05
0,0,6.5501745e-06
0,0,9.0438225e-06
0,0,2.3247733e-06
0,0,1.1899689e-05
0,0,0.00092375034
0,0,1.2647178e-05
0,0,8.652242e-05
0,0,0.0004357348
0,0,3.835356e-05
0,0,0.00090909365
0,0,1.9906644e-05
0,0,0.0002391778
0,0,2.5112728e-05
0,0,0.00013739878
0,0,8.813122e-05
0,0,1.609255e-05
0,0,0.00027013253
0,0,1.966203e-05
0,0,0.00052539376
0,0,1.1261486e-05
0,0,8.3897416e-05
0,0,1.2462236e-05
0,0,0.0008946561
0,0,2.208016e-05
0,0,6.6392467e-06
0,0,6.52968e-05
0,0,7.063497e-06
0,0,2.0450643e-05
0,0,0.0006085928
0,0,5.235756e-05
0,0,8.7399094e-05
0,0,3.956355e-05
0,0,6.9964876e-06
0,0,1.62391e-05
0,0,1.8610508e-05
0,0,0.00050651206
0,0,9.029572e-05
0,0,5.4657146e-05
0,0,0.00013383527
0,0,1.9955207e-05
0,0,0.0024992598
0,0,1.655444e-05
0,0,0.00012755237
0,0,0.00034312546
0,0,2.999263e-05
0,0,0.00014807492
0,0,0.00014468085
0,0,0.000100434336
0,0,3.6583435e-05
0,0,8.346971e-06
0,0,0.00077316165
0,0,8.374743e-06
0,0,0.00010124099
0,0,2.5876956e-05
0,0,4.42886e-06
0,0,1.5914402e-05
0,0,1.12905855e-05
0,0,0.0007524295
0,0,5.7791025e-05
0,0,1.1296509e-05
0,0,4.3895066e-05
0,0,0.00030489717
0,0,3.0021018e-05
0,0,8.051928e-05
0,0,3.2521795e-05
0,0,7.192848e-05
0,0,2.880595e-05
0,0,2.3161045e-05
0,0,0.00011382037
0,0,9.183936e-05
0,0,0.00015327509
0,0,5.0168976e-05
0,0,1.751804e-05
0,0,6.4319615e-06
0,0,0.0001299417
0,0,0.00012063377
0,0,4.715759e-05
0,0,1.2702067e-05
0,0,0.000106320425
0,0,8.441592e-05
0,0,0.013523317
0,0,1.9138935e-05
0,0,0.00030555393
0,0,0.00015390996
0,0,5.3514133e-05
0,0,0.00040184442
0,0,1.5969512e-05
0,0,0.00016806008
0,0,0.0007016339
0,0,4.4910767e-06
0,0,6.430427e-05
0,0,4.178013e-05
0,0,3.9130467e-05
0,0,7.0303395e-05
0,0,2.7286156e-05
0,0,7.736933e-05
0,0,1.1380918e-05
0,0,4.2680178e-05
0,0,0.0003854186
0,0,0.00010136745
0,0,1.7266133e-05
0,0,2.0643276e-05
0,0,1.8668812e-05
0,0,0.0015834852
0,0,2.2038887e-05
0,0,8.846018e-06
0,0,2.5128013e-05
0,0,9.2451366e-05
0,0,0.00016253993
0,0,2.4835814e-05
0,0,2.3321936e-05
0,0,0.0007904326
0,0,8.198208e-05
0,0,9.5778094e-05
0,0,1.1432785e-05
0,0,9.854376e-06
0,0,3.2299133e-05
0,0,5.6737765e-05
0,0,3.971195e-05
0,0,6.426259e-05
0,0,1.14973045e-05
0,0,3.1917367e-05
0,0,5.1295105e-05
0,0,1.0872292e-05
0,0,0.00013897431
0,0,0.00010709355
0,0,0.002379896
0,0,9.114133e-05
0,0,0.00021545561
0,0,5.204616e-06
0,0,8.559403e-05
0,0,9.5863805e-05
0,0,7.461533e-05
0,0,0.000157516
0,0,3.5120402e-06
0,0,6.5959364e-05
0,0,7.842271e-05
0,0,0.0006662227
0,0,2.9196905e-05
0,0,6.673033e-05
0,0,1.5788733e-05
0,0,1.4769881e-05
0,0,2.494605e-05
0,0,4.9466118e-05
0,0,4.7109632e-05
0,0,0.000111112255
0,0,2.4324423e-05
0,0,6.2939114e-05
0,0,4.0508145e-05
0,0,1.9639767e-05
0,0,0.00015104208
0,0,0.00574392
0,0,6.4646e-05
0,0,0.00018345892
0,0,0.00020575456
0,0,0.00016054383
0,0,4.311203e-05
0,0,1.04649625e-05
0,0,1.1849646e-05
0,0,2.5838535e-05
0,0,2.143906e-05
0,0,2.9911766e-05
0,0,0.0006778309
0,0,3.3176682e-05
0,0,3.461999e-05
0,0,3.2162417e-05
0,0,5.0729273e-06
0,0,0.0001367424
0,0,1.9558816e-05
0,0,0.00013900585
0,0,3.2880263e-05
0,0,0.0010733749
0,0,0.00013180196
0,0,4.235674e-05
0,0,3.422897e-05
0,0,1.222685e-05
0,0,4.7249014e-05
0,0,6.819449e-05
0,0,0.00021367412
0,0,9.231869e-05
0,0,1.27174835e-05
0,0,5.0185343e-05
0,0,0.0006717821
0,0,2.1649137e-05
0,0,1.1108772e-05
0,0,0.00035177413
0,0,2.4825014e-05
0,0,4.1071977e-05
0,0,3.412178e-05
0,0,0.00035048736
0,0,3.149431e-05
0,0,3.454582e-06
0,0,1.2264723e-05
0,0,5.0129427e-05
0,0,0.00014326737
0,0,1.5325508e-05
0,0,1.8832661e-05
0,0,0.0033910351
0,0,0.00012491144
0,0,5.0345254e-05
0,0,6.517772e-05
0,0,0.00039779535
0,0,0.0013623267
0,0,0.0010750019
0,0,1.9701014e-05
0,0,0.00013977088
0,0,8.194636e-05
0,0,2.2518734e-05
0,0,2.6983142e-05
0,0,2.8236178e-05
0,0,0.00010652725
0,0,3.782975e-05
0,0,3.525427e-05
0,0,0.00011437634
0,0,5.185634e-05
0,0,4.974935e-05
0,0,5.6893587e-05
0,0,1.5565586e-06
0,0,4.7714762e-05
0,0,0.0004043142
0,0,2.2353834e-05
0,0,3.846282e-05
0,0,2.872749e-05
0,0,2.8036735e-05
0,0,6.4685344e-05
0,0,9.565249e-06
0,0,8.7723165e-06
0,0,1.3057525e-05
0,0,2.3806006e-05
0,0,0.00010769797
0,0,0.00033079987
0,0,4.734757e-05
0,0,1.2099224e-05
0,0,1.4765586e-05
0,0,6.612203e-05
0,0,3.7569353e-05
0,0,1.7215983e-05
0,0,4.6297548e-05
0,0,2.3238084e-05
0,0,2.3832106e-05
0,0,0.0019997149
0,0,6.485464e-05
0,0,4.9360002e-05
0,0,0.00045552666
0,0,7.103136e-06
0,0,7.644149e-05
0,0,0.00015365057
0,0,7.598884e-05
0,0,7.869688e-06
0,0,0.00015243774
0,0,9.37788e-05
0,0,9.035693e-06
0,0,3.8935603e-05
0,0,6.2040026e-06
0,0,3.9038554e-05
0,0,3.1430645e-05
0,0,8.608391e-06
0,0,0.0012351931
0,0,0.0003235398
0,0,0.004217969
0,0,7.231877e-06
0,0,4.077083e-05
0,0,1.2249505e-05
0,0,5.3595493e-05
0,0,8.346197e-05
0,0,1.1356047e-05
0,0,3.8974244e-06
0,0,1.0746027e-05
0,0,1.1888561e-05
0,0,4.666296e-05
0,0,3.3428434e-05
0,0,9.2027785e-06
0,0,6.883688e-05
0,0,1.806901e-05
0,0,0.0006067921
0,0,0.00051657675
0,0,1.6160373e-05
0,0,5.334823e-05
0,0,6.800778e-05
0,0,1.2104474e-05
0,0,0.0009120583
0,0,1.8493596e-05
0,0,0.0002649763
0,0,0.00013228293
0,0,4.0570535e-06
0,0,6.250282e-06
0,0,4.3380387e-05
0,0,0.01077481
0,0,8.949181e-06
0,0,0.00036905607
0,0,0.00026475935
0,0,1.676383e-05
0,0,5.69964e-06
0,0,2.783031e-05
0,0,1.004359e-05
0,0,1.054867e-05
0,0,6.0682223e-06
0,0,0.00021833632
0,0,0.0006512235
0,0,1.4625121e-05
0,0,3.0950072e-05
0,0,5.2478732e-05
0,0,3.9308496e-05
0,0,0.00037121607
0,0,1.3314589e-05
0,0,9.611297e-06
0,0,1.3774977e-05
0,0,9.23939e-05
0,0,3.0635423e-05
0,0,0.0007533156
0,0,7.150685e-06
0,0,8.2209035e-06
0,0,1.24549515e-05
0,0,2.5880358e-06
0,0,0.0001341643
0,0,7.48154e-05
0,0,3.2590196e-06
0,0,7.1624445e-06
0,0,6.1495295e-05
0,0,0.0009966575
0,0,0.00021067666
0,0,8.137605e-06
0,0,0.00056029117
0,0,5.1091274e-06
0,0,2.0084153e-05
0,0,0.00012226292
0,0,5.1583644e-05
0,0,7.099005e-06
0,0,7.2996995e-06
0,0,0.00019692667
0,0,1.6194035e-05
0,0,9.5829164e-05
0,0,3.2234882e-05
0,0,1.1159345e-05
0,0,2.4660789e-05
0,0,0.00021926763
0,0,0.00013460305
0,0,5.071881e-05
0,0,6.333094e-05
0,0,0.0004544266
0,0,4.5613022e-05
0,0,0.00017570217
0,0,2.2259914e-05
0,0,7.1828285e-06
0,0,2.6202983e-05
0,0,0.0009128729
0,0,4.8341677e-05
0,0,2.2913538e-05
0,0,4.239735e-05
0,0,4.8120164e-06
0,0,0.00061120396
0,0,0.0002984008
0,0,1.3142152e-05
0,0,3.7260113e-05
0,0,1.9250083e-05
0,0,7.269909e-05
0,0,7.093435e-06
0,0,4.8144546e-05
0,0,9.040831e-06
0,0,4.7243517e-05
0,0,1.8376264e-05
0,0,7.702181e-06
0,0,2.3815272e-05
0,0,7.0535884e-06
0,0,9.730627e-05
0,0,8.664221e-05
0,0,3.736049e-05
0,0,1.4880852e-05
0,0,0.0013411669
0,0,9.4875075e-05
0,0,2.0101437e-05
0,0,3.6091442e-05
0,0,0.00028916748
0,0,3.2219148e-05
0,0,3.649437e-05
0,0,7.0230744e-06
0,0,0.00032611354
0,0,3.00063e-06
0,0,1.6160526e-05
0,0,1.7628698e-05
0,0,9.93825e-06
0,0,6.6241314e-06
0,0,1.25377655e-05
0,0,5.4912725e-05
0,0,7.018503e-05
0,0,3.856496e-05
0,0,2.493827e-05
0,0,6.621523e-06
0,0,1.7326256e-05
0,0,0.0010922503
0,0,8.215362e-05
0,0,1.3957527e-05
0,0,5.4318316e-05
0,0,2.4542192e-05
0,0,4.9694438e-05
0,0,0.0013068458
0,0,7.232962e-05
0,0,7.714751e-05
0,0,0.00011268579
0,0,7.4225686e-06
0,0,0.000111448324
0,0,4.6891753e-05
0,0,7.206855e-05
0,0,0.0029054775
0,0,9.491101e-06
0,0,2.972517e-05
0,0,4.719934e-05
0,0,3.916102e-06
0,0,0.00702425
0,0,1.5015796e-05
0,0,7.664381e-06
0,0,8.508368e-06
0,0,1.6747244e-05
0,0,3.9413637e-05
0,0,6.44569e-05
0,0,0.00030919467
0,0,4.2112664e-05
0,0,0.0004657593
0,0,0.00012576683
0,0,1.9182478e-05
0,0,1.7369552e-05
0,0,7.4500014e-05
0,0,1.51992e-05
0,0,3.0396559e-05
0,0,8.331049e-05
0,0,8.400525e-05
0,0,0.00010424016
0,0,0.00024358864
0,0,0.0006122391
0,0,2.2504288e-05
0,0,5.153231e-05
0,0,3.316558e-05
0,0,0.00015790759
0,0,3.2915337e-05
0,0,1.22738975e-05
0,0,7.491485e-05
0,0,0.00011211087
0,0,0.0001655615
0,0,1.6724693e-05
0,0,3.666838e-06
0,0,3.3799377e-05
0,0,0.00016333476
0,0,0.00022119672
0,0,2.9150473e-05
0,0,0.00017773615
0,0,1.4410609e-05
0,0,7.0416245e-06
0,0,0.001318101
0,0,6.188798e-06
0,0,6.509381e-05
0,0,3.4000816e-05
0,0,0.00037546275
0,0,5.724434e-05
0,0,1.8564439e-05
0,0,2.6730888e-05
0,0,0.00017486316
0,0,4.99003e-05
0,0,6.0559567e-05
0,0,1.1128855e-05
0,0,4.552802e-05
0,0,9.389961e-05
0,0,9.00829e-06
0,0,0.00017956238
0,0,1.7749177e-05
0,0,0.00024117414
0,0,0.00081517996
0,0,2.0612273e-05
0,0,0.00013219341
0,0,1.3735151e-05
0,0,2.2517319e-05
0,0,0.00012573123
0,0,2.4300218e-05
0,0,5.2339492e-05
0,0,2.5462034e-05
0,0,6.0775885e-05
0,0,0.0048410087
0,0,1.5256373e-05
0,0,1.6496037e-05
0,0,8.323799e-05
0,0,1.291178e-05
0,0,4.7175177e-05
0,0,0.00035433887
0,0,0.000110149114
0,0,6.925728e-06
0,0,0.00051161303
0,0,7.443326e-05
0,0,0.011925507
0,0,3.542054e-05
0,0,0.00030333555
0,0,2.4750292e-05
0,0,7.317455e-05
0,0,0.0001225469
0,0,0.00015861308
0,0,0.00010641182
0,0,0.000125278
0,0,0.00013166016
0,0,4.4963053e-05
0,0,2.8706185e-05
0,0,3.3570918e-06
0,0,0.000220277
0,0,0.0002796225
0,0,2.895081e-05
0,0,4.0034018e-05
0,0,3.298173e-05
0,0,6.963165e-05
0,0,2.0851938e-05
0,0,8.66491e-06
0,0,7.921303e-06
0,0,1.655471e-05
0,0,1.686691e-05
0,0,2.14829e-05
0,0,5.4278342e-05
0,0,2.6258442e-05
0,0,1.2176779e-05
0,0,1.5355821e-05
0,0,3.839982e-05
0,0,2.42859e-05
0,0,7.183382e-05
0,0,2.1237664e-05
0,0,4.947816e-06
0,0,1.3408832e-05
0,0,0.0005799049
0,0,1.5421392e-05
0,0,3.09447e-05
0,0,2.1625634e-05
0,0,8.79891e-06
0,0,3.8270806e-05
0,0,9.63412e-06
0,0,1.8514367e-05
0,0,3.164931e-05
0,0,8.388531e-06
0,0,0.00024801528
0,0,2.2835618e-05
0,0,0.0004887023
0,0,0.0010649601
0,0,0.010079119
0,0,0.00015966738
0,0,6.989972e-06
0,0,4.2824136e-05
0,0,4.514772e-05
0,0,1.3063554e-05
0,0,0.00010624331
0,0,2.872486e-05
0,0,1.5929934e-05
0,0,1.3796912e-06
0,0,1.7767297e-05
0,0,1.1880718e-05
0,0,3.239102e-05
0,0,2.6195091e-06
0,0,2.3519064e-05
0,0,2.698664e-06
0,0,1.5685257e-05
0,0,0.0003986041
0,0,2.1388436e-05
0,0,6.5099266e-06
0,0,3.6139038e-05
0,0,9.612578e-05
0,0,8.006418e-05
0,0,0.0001360667
0,0,3.603064e-05
0,0,4.5314868e-05
0,0,4.828814e-06
0,0,0.00064479787
0,0,3.7019207e-05
0,0,5.404576e-05
0,0,8.013996e-05
0,0,0.001366671
0,0,7.438392e-06
0,0,2.7285429e-05
0,0,2.6571786e-05
0,0,0.00017518176
0,0,1.2395574e-05
0,0,6.1925707e-06
0,0,4.6325204e-06
0,0,0.006114581
0,0,0.00010967725
0,0,6.901263e-05
0,0,1.9734807e-06
0,0,8.804311e-05
0,0,7.664967e-05
0,0,5.744847e-06
0,0,9.670621e-05
0,0,3.0348883e-05
0,0,2.7372032e-05
0,0,9.029348e-05
0,0,6.37812e-05
0,0,4.1853706e-05
0,0,6.149336e-05
0,0,0.00049238576
0,0,1.0496898e-05
0,0,0.00021592615
0,0,0.0004338928
0,0,2.0890631e-05
0,0,1.294534e-05
0,0,6.1006467e-05
0,0,8.124872e-06
0,0,1.4444786e-05
0,0,0.0004350566
0,0,2.5223328e-05
0,0,5.9385482e-05
0,0,0.0006527347
0,0,2.0248468e-05
0,0,4.5757097e-05
0,0,0.0004717231
0,0,7.230134e-05
0,0,5.91007e-06
0,0,2.8642498e-05
0,0,0.000116313306
0,0,7.528255e-06
0,0,0.0001097508
0,0,2.7125454e-05
0,0,9.926258e-06
0,0,4.373141e-05
0,0,0.00047884535
0,0,0.001569969
0,0,2.6451768e-05
0,0,9.696245e-06
0,0,3.5871467e-06
0,0,9.865072e-05
0,0,1.1940954e-05
0,0,0.0004166712
0,0,0.0006211033
0,0,1.0372489e-05
0,0,9.79889e-06
0,0,9.215465e-05
0,0,0.0002956692
0,0,5.4351938e-05
0,0,0.00014562701
0,0,7.512367e-05
0,0,0.0016244103
0,0,4.1406925e-05
0,0,1.693186e-05
0,0,0.0001436059
0,0,0.00020960851
0,0,3.1410505e-05
0,0,0.00022278288
0,0,0.00018536496
0,0,4.318293e-05
0,0,6.041461e-05
0,0,1.4930847e-05
0,0,0.00017176585
0,0,0.0001835219
0,0,4.6015317e-05
0,0,3.5877958e-05
0,0,2.58064e-05
0,0,4.655664e-05
0,0,0.0002986057
0,0,0.0002054889
0,0,9.507888e-06
0,0,3.730278e-05
0,0,4.2265387e-05
0,0,2.2205804e-05
0,0,3.6315992e-05
0,0,4.6198667e-05
0,0,8.895758e-05
0,0,0.00024674681
0,0,1.0492544e-05
0,0,1.38113855e-05
0,0,4.0571937e-05
0,0,1.774586e-05
0,0,8.397576e-06
0,0,8.221248e-06
0,0,2.3708495e-05
0,0,0.000593844
0,0,2.6522164e-05
0,0,3.2485714e-05
0,0,8.2899904e-05
0,0,9.625331e-06
0,0,9.076465e-05
0,0,0.0001718358
0,0,0.000114877046
0,0,6.3465275e-05
0,0,4.0064915e-05
0,0,0.00058636453
0,0,3.082771e-05
0,0,2.669021e-05
0,0,1.9331139e-05
0,0,1.1609235e-05
0,0,1.0439674e-05
0,0,0.0005239672
0,0,0.00010605048
0,0,0.00017618012
0,0,1.6774417e-05
0,0,1.0537015e-05
0,0,4.7770604e-06
0,0,6.2023995e-05
0,0,2.7291726e-05
0,0,1.0902162e-05
0,0,0.0011591254
0,0,4.2202487e-06
0,0,0.0044005453
0,0,2.5650963e-05
0,0,2.0631822e-05
0,0,3.6359786e-06
0,0,0.00034201404
0,0,6.613496e-05
0,0,0.00010803957
0,0,3.8077134e-05
0,0,0.00010302536
0,0,1.4444263e-05
0,0,5.6966008e-05
0,0,3.9300644e-06
0,0,5.430442e-06
0,0,0.00019540958
0,0,0.00037611168
0,0,2.8964754e-05
0,0,1.5804506e-05
0,0,6.9399953e-06
0,0,4.3940718e-06
0,0,0.000303858
0,0,2.9669973e-05
0,0,3.6348734e-05
0,0,7.548689e-05
0,0,0.00077646534
0,0,0.00053242315
0,0,2.6145897e-05
0,0,0.000105270745
0,0,2.2837903e-05
0,0,5.3258773e-05
0,0,0.0010028133
0,0,9.660506e-06
0,0,2.5992578e-05
0,0,2.680525e-05
0,0,0.0014749496
0,0,0.0003758515
0,0,2.3056302e-05
0,0,5.5108612e-05
0,0,3.3511453e-05
0,0,4.5124565e-05
0,0,7.900541e-06
0,0,7.384048e-06
0,0,1.7550328e-05
0,0,4.110881e-05
0,0,2.8681474e-05
0,0,1.876674e-05
0,0,3.2909861e-06
0,0,3.826117e-05
0,0,2.7227983e-05
0,0,0.0009660826
0,0,9.038445e-05
0,0,0.00031827553
0,0,5.6649696e-05
0,0,6.872662e-05
0,0,4.304696e-05
0,0,2.7523718e-05
0,0,0.00018066751
0,0,0.00094215805
0,0,0.0004101076
0,0,1.2975771e-05
0,0,2.3828401e-05
0,0,0.00016219946
0,0,8.5295405e-06
0,0,3.127481e-05
0,0,0.00017241103
0,0,8.292494e-06
0,0,3.7850364e-06
0,0,5.9197875e-05
0,0,2.5305895e-05
0,0,0.0020964374
0,0,2.7091306e-05
0,0,0.00043255746
0,0,1.9666586e-05
0,0,0.00012388514
0,0,7.338111e-05
0,0,2.3289176e-05
0,0,5.140911e-05
0,0,0.00023157246
0,0,3.8038208e-06
0,0,0.00036590119
0,0,0.00013917428
0,0,0.00012278822
0,0,9.117001e-05
0,0,8.13932e-06
0,0,2.1105316e-05
0,0,0.0020294772
0,0,3.760871e-06
0,0,2.6141213e-06
0,0,1.9661973e-05
0,0,3.3622626e-05
0,0,4.8808165e-06
0,0,1.3652746e-05
0,0,0.00013941602
0,0,1.2275278e-05
0,0,5.5071363e-05
0,0,4.558654e-05
0,0,3.9032595e-05
0,0,1.294118e-05
0,0,2.507334e-05
0,0,1.8047396e-05
0,0,0.00020471547
0,0,0.0006964928
0,0,0.0005544521
0,0,8.641473e-06
0,0,0.00027872846
0,0,0.00081043603
0,0,0.00011292792
0,0,2.538515e-05
0,0,0.00010132956
0,0,0.00095123105
0,0,5.2373096e-05
0,0,1.0386505e-05
0,0,4.596773e-05
0,0,2.9440514e-05
0,0,0.00015086071
0,0,0.0008353648
0,0,0.00087579474
0,0,6.84666e-05
0,0,6.749583e-06
0,0,0.0003726757
0,0,1.1331586e-05
0,0,3.1012587e-05
0,0,0.00010973427
0,0,7.7910845e-05
0,0,2.8905979e-05
0,0,7.000763e-05
0,0,7.1267145e-06
0,0,8.285312e-05
0,0,0.0005648712
0,0,2.4243554e-05
0,0,2.7324148e-05
0,0,1.7803544e-05
0,0,0.00013900823
0,0,4.2904787e-05
0,0,0.00016667026
0,0,0.001059084
0,0,1.3498233e-05
0,0,2.7328395e-05
0,0,1.071827e-05
0,0,3.4656456e-05
0,0,4.295719e-06
0,0,3.0643077e-05
0,0,2.047982e-05
0,0,1.6365651e-05
0,0,2.0642626e-06
0,0,5.3860244e-06
0,0,4.6733723e-05
0,0,0.00011424313
0,0,7.8591074e-05
0,0,0.00017341909
0,0,2.621761e-06
0,0,7.3901334e-05
0,0,6.331626e-05
0,0,9.422766e-06
0,0,0.00017372658
0,0,0.000104035906
0,0,4.5365625e-05
0,0,0.00016949882
0,0,7.910802e-05
0,0,2.3380748e-05
0,0,4.5878337e-06
0,0,7.685798e-05
0,0,2.4536153e-05
0,0,2.1548536e-05
0,0,0.00015606136
0,0,0.0001152478
0,0,0.0020429038
0,0,4.7508358e-05
0,0,0.00015396692
0,0,5.3107327e-05
0,0,0.00021748056
0,0,3.2826938e-05
1,0,0.0029851017
0,0,0.00014267095
0,0,0.00030223397
0,0,0.0003979078
0,0,0.00023707224
0,0,1.495804e-05
0,0,2.2819073e-05
0,0,0.00031998055
0,0,0.00024082833
0,0,1.8566563e-05
0,0,6.962879e-05
0,0,2.3050145e-05
0,0,1.3090067e-05
0,0,0.0001409621
0,0,2.1678205e-05
0,0,1.1362785e-05
0,0,5.611302e-06
0,0,0.00037574887
0,0,6.456166e-05
0,0,2.5183524e-05
0,0,3.6238256e-05
0,0,1.4177269e-05
0,0,2.3687071e-05
0,0,3.7955793e-05
0,0,2.7438964e-05
0,0,0.00014087289
0,0,6.5044346e-06
0,0,1.2985042e-05
0,0,1.3810569e-05
0,0,9.217008e-06
0,0,2.4592306e-05
0,0,0.00015534114
0,0,0.00012232018
0,0,4.1077776e-05
0,0,7.681833e-05
0,0,2.0992424e-05
0,0,6.2483545e-05
0,0,0.00014107478
0,0,6.0453745e-05
0,0,0.00021215159
0,0,2.2921822e-05
0,0,2.5081927e-06
0,0,0.011116707
0,0,0.00011933361
0,0,4.1277926e-05
0,0,0.00020812187
0,0,4.3958447e-05
0,0,5.279637e-05
0,0,0.00012282898
0,0,1.9874264e-05
0,0,9.842186e-06
0,0,0.0003935936
0,0,1.4031477e-05
0,0,6.116446e-06
0,0,1.2796667e-06
0,0,1.3215865e-05
0,0,1.0684775e-05
0,0,0.00012554528
0,0,1.9714545e-05
0,0,3.504711e-05
0,0,1.3356939e-05
0,0,2.2598613e-05
0,0,0.00011569275
0,0,2.6935757e-05
0,0,3.125212e-05
0,0,0.1165361
0,0,4.68918e-05
0,0,1.3348471e-05
0,0,5.5956327e-05
0,0,0.00010619377
0,0,1.5758678e-05
0,0,0.019372066
0,0,1.5980146e-05
0,0,3.1663498e-05
0,0,7.060809e-05
0,0,6.6549976e-05
0,0,8.239213e-05
0,0,0.000494831
0,0,2.5965253e-05
0,0,0.00081036653
0,0,7.350142e-06
0,0,0.0004808692
0,0,1.6208343e-05
0,0,5.515296e-06
0,0,1.0615213e-05
0,0,5.058478e-06
0,0,5.3058782e-05
0,0,6.047099e-05
0,0,0.00017877379
0,0,1.36573435e-05
0,0,4.496803e-05
0,0,2.5283725e-05
0,0,3.948842e-06
0,0,7.981703e-06
0,0,0.00016761181
0,0,1.9499983e-05
0,0,1.38256055e-05
0,0,1.1194051e-05
0,0,6.147571e-05
0,0,0.00028551277
0,0,8.697098e-06
0,0,4.967198e-05
0,0,0.00017931036
0,0,2.1576832e-05
0,0,0.0009100309
0,0,0.00014053921
0,0,6.8126305e-05
0,0,1.18909875e-05
0,0,4.7483536e-05
0,0,6.562515e-05
0,0,3.203523e-05
0,0,0.00013652026
0,0,5.338069e-06
0,0,4.386063e-05
0,0,0.0006419751
0,0,2.9822415e-05
0,0,3.30626e-05
0,0,2.7973222e-06
0,0,4.3527743e-05
0,0,0.003231726
0,0,8.4029605e-05
0,0,0.0001245114
0,0,0.000101777056
0,0,2.9606037e-05
0,0,4.132586e-05
0,0,1.279145e-05
0,0,3.7235965e-05
0,0,8.3433486e-05
0,0,0.00021069674
0,0,0.0010005921
0,0,2.8053448e-05
0,0,3.6127734e-05
0,0,3.434485e-05
0,0,3.0343532e-05
0,0,5.9620493e-06
0,0,1.22199845e-05
0,0,2.152695e-05
0,0,6.514659e-06
0,0,0.00020412897
0,0,9.915216e-05
0,0,4.4484186e-05
0,0,7.109228e-06
0,0,0.00021109972
0,0,0.00020841061
0,0,6.781469e-06
0,0,2.0392237e-05
0,0,1.5014994e-05
0,0,3.4589236e-06
0,0,1.6106922e-05
0,0,0.00032274003
0,0,1.1638444e-05
0,0,0.00046032257
0,0,3.8686034e-05
0,0,7.436586e-05
0,0,0.00013784837
0,0,3.4824756e-05
0,0,9.600734e-06
0,0,0.00020502607
0,0,7.736115e-05
0,0,2.848326e-05
0,0,0.0004428696
0,0,0.00035639392
0,0,1.2658219e-05
0,0,6.439822e-05
0,0,0.00026318236
0,0,9.603893e-05
0,0,0.00015073748
0,0,6.752312e-05
0,0,1.735369e-05
0,0,0.0013299799
0,0,1.31548295e-05
0,0,7.792333e-06
0,0,0.000715288
0,0,1.8525583e-05
0,0,0.00044882143
0,0,0.0009579673
0,0,0.0024448575
0,0,0.00013433174
0,0,6.6337845e-05
0,0,3.26582e-05
0,0,0.0001556126
0,0,0.00048015718
0,0,0.00010007775
0,0,0.00024405614
0,0,8.275765e-05
0,0,9.606706e-06
0,0,0.00013202788
0,0,2.8241158e-05
0,0,4.1348426e-06
0,0,1.9578056e-05
0,0,8.980438e-06
0,0,1.6129872e-05
0,0,5.2985873e-05
0,0,2.8892862e-05
0,0,2.007856e-05
0,0,1.7044586e-05
0,0,2.6639427e-05
0,0,0.00058017386
0,0,4.3138476e-05
0,0,1.3162183e-05
0,0,5.31972e-05
0,0,2.0197044e-06
0,0,0.00025465802
0,0,8.770752e-06
0,0,4.3940676e-05
0,0,0.0007284279
0,0,0.00034991646
0,0,2.5617643e-05
0,0,3.6113404e-05
0,0,3.827953e-05
0,0,0.00015800414
0,0,0.0001544152
0,0,8.288409e-05
0,0,0.000113671114
0,0,9.587752e-05
0,0,2.1000113e-05
0,0,2.914291e-05
0,0,0.00033861527
0,0,2.8688806e-05
0,0,5.373582e-05
0,0,4.5123747e-06
0,0,2.1272558e-06
0,0,5.552391e-06
0,0,3.6393165e-05
0,0,4.2151594e-05
0,0,9.526658e-06
0,0,1.5726671e-05
0,0,1.7305929e-05
0,0,2.7815187e-05
0,0,2.1408188e-05
0,0,4.193733e-06
0,0,0.00028788508
0,0,2.5501084e-05
0,0,1.1005035e-05
0,0,0.0005943006
0,0,6.45315e-05
0,0,0.00012751114
0,0,3.9505187e-05
0,0,0.0007196876
0,0,0.00015612193
0,0,0.00013649631
0,0,4.2799516e-06
0,0,1.4031878e-05
0,0,1.5925423e-05
0,0,5.4057227e-06
0,0,2.7414482e-05
0,0,0.00011620565
0,0,5.656515e-06
0,0,4.8023256e-05
0,0,2.5484043e-05
0,0,4.372991e-05
0,0,0.00012838372
0,0,1.5483312e-05
0,0,9.080882e-06
0,0,1.3847458e-05
0,0,2.8346118e-05
0,0,2.420135e-05
0,0,1.4178837e-05
0,0,0.00025024186
0,0,2.5858528e-05
0,0,7.021107e-05
0,0,1.2385649e-05
0,0,0.00022262023
0,0,3.3605378e-05
0,0,0.00023308473
0,0,2.2798778e-05
0,0,1.1541786e-05
0,0,1.6419868e-05
0,0,0.00025872226
0,0,7.9482765e-05
0,0,0.00015066679
0,0,2.0780592e-05
0,0,3.1627496e-05
0,0,3.5064695e-05
0,0,1.878504e-05
0,0,1.1099908e-05
0,0,0.00011029573
0,0,3.826617e-05
0,0,5.5759716e-05
0,0,0.00017208305
0,0,1.09144175e-05
0,0,0.00011280653
0,0,5.033829e-06
0,0,0.0007325878
0,0,3.9792663e-05
0,0,4.905054e-05
0,0,1.414336e-05
0,0,7.5139935e-05
0,0,2.4063405e-05
0,0,0.00031504652
0,0,0.0011572223
0,0,1.0068275e-05
0,0,2.7841272e-05
0,0,1.1317762e-05
0,0,1.7363258e-05
0,0,0.00010604492
0,0,9.8662e-05
0,0,9.071032e-05
0,0,4.832965e-05
0,0,0.00013535729
0,0,8.9776026e-05
0,0,1.2828526e-05
0,0,2.6223732e-05
0,0,3.0828265e-05
0,0,2.0629815e-05
0,0,1.5329337e-05
0,0,2.7989663e-05
0,0,2.8541021e-06
0,0,8.55591e-05
0,0,0.00024739746
0,0,5.0218856e-05
0,0,3.2931224e-05
0,0,8.228142e-05
0,0,1.2858634e-05
0,0,1.2949427e-05
0,0,1.1348273e-05
0,0,1.2766943e-05
0,0,3.2844127e-05
0,0,2.9414248e-05
0,0,8.663636e-06
0,0,0.010292327
0,0,1.0285766e-05
0,0,3.9508956e-05
0,0,3.765357e-05
0,0,2.317599e-06
0,0,5.718778e-06
0,0,5.3998414e-05
0,0,2.5372057e-05
0,0,1.9008696e-05
0,0,0.00019724446
0,0,5.6251713e-05
0,0,8.0271675e-06
0,0,0.00012901511
0,0,3.1890293e-05
0,0,0.00012469117
0,0,5.2608208e-05
0,0,2.2801867e-05
0,0,6.0428614e-05
0,0,7.139001e-05
0,0,0.0064113867
0,0,4.825587e-05
0,0,6.3077673e-06
0,0,4.2646694e-05
0,0,2.7674178e-06
0,0,1.3525292e-05
0,0,6.3423367e-06
0,0,0.00030166804
0,0,2.4271014e-05
0,0,5.6376443e-06
0,0,1.0978567e-05
0,0,5.945234e-05
0,0,0.0009058323
0,0,0.00035276735
0,0,9.788662e-06
0,0,6.168269e-06
0,0,3.9204013e-05
0,0,1.2655757e-05
0,0,9.936125e-05
0,0,2.9499535e-05
0,0,3.2566336e-06
0,0,5.201066e-05
0,0,2.706205e-05
0,0,2.0569682e-05
0,0,0.00037661294
0,0,1.9567267e-05
0,0,0.0013377131
0,0,3.323653e-06
0,0,6.445555e-05
0,0,4.774726e-05
0,0,4.787432e-06
0,0,0.0007229466
0,0,3.317696e-06
0,0,0.001653543
0,0,6.958757e-05
0,0,4.2152078e-05
0,0,5.6817735e-05
0,0,0.00020416208
0,0,1.2089904e-05
0,0,2.582824e-05
0,0,4.470936e-06
0,0,2.7871958e-05
0,0,5.87941e-05
0,0,3.6841844e-05
0,0,2.2999906e-05
0,0,2.0870997e-05
0,0,4.3913828e-05
0,0,1.134546e-05
0,0,4.724032e-06
0,0,5.5808396e-05
0,0,5.5524764e-05
0,0,5.1106348e-05
0,0,6.8485344e-05
0,0,1.8520777e-05
0,0,3.558607e-05
0,0,3.9580636e-06
0,0,0.00019765034
0,0,2.2404287e-05
0,0,0.00022183944
0,0,3.9521165e-05
0,0,8.424093e-06
0,0,9.491625e-05
0,0,3.0338264e-05
0,0,1.7440592e-05
0,0,0.00013985514
0,0,7.98414e-05
0,0,1.2717496e-05
0,0,2.9235549e-05
0,0,0.0012495327
0,0,1.82892e-05
0,0,3.1147738e-06
0,0,1.7432296e-05
0,0,7.401799e-05
0,0,9.175621e-06
0,0,1.27361145e-05
0,0,0.0007871636
0,0,0.00020153941
0,0,0.00020181572
0,0,3.448828e-05
0,0,9.507072e-06
0,0,3.43477e-05
0,0,0.00011967741
0,0,4.316469e-05
0,0,8.50339e-05
0,0,1.2387008e-05
0,0,4.784255e-06
0,0,4.2475174e-05
0,0,4.8230704e-05
0,0,4.0900115e-05
0,0,3.6409824e-06
0,0,3.1253105e-05
0,0,4.054455e-05
0,0,2.6262847e-05
0,0,9.220365e-06
0,0,0.00021163741
0,0,6.799978e-06
0,0,0.00013094561
0,0,1.5514323e-05
0,0,2.6871232e-05
0,0,8.080525e-06
0,0,0.00022192406
0,0,5.074169e-05
0,0,1.2703629e-05
0,0,0.000314375
0,0,0.00048143903
0,0,2.2156266e-05
0,0,0.00027560606
0,0,5.6794226e-05
0,0,0.0001272966
0,0,4.475212e-05
0,0,1.8664023e-05
0,0,0.00070557196
0,0,1.0999274e-05
0,0,2.1338397e-05
0,0,1.0252615e-05
0,0,0.0003022167
0,0,1.0389547e-05
0,0,3.0882937e-05
1,1,0.9847594
0,0,6.2898136e-05
0,0,1.9170739e-05
0,0,2.912163e-06
0,0,6.471669e-05
0,0,0.00014014657
0,0,1.0196081e-05
0,0,2.943493e-05
0,0,2.5752239e-05
0,0,1.7870121e-05
0,0,5.2408566e-05
0,0,5.3100825e-06
0,0,1.22475885e-05
0,0,4.2531028e-05
0,0,1.3859295e-05
0,0,4.3810927e-05
0,0,1.0791439e-05
0,0,1.4842486e-05
0,0,0.00010633676
0,0,7.473881e-05
0,0,0.0028379909
0,0,0.00029836778
0,0,2.075736e-05
0,0,0.00016915992
0,0,1.5880956e-05
0,0,1.9456682e-05
0,0,2.3597584e-05
0,0,8.385284e-06
0,0,1.9721296e-05
0,0,1.6503038e-05
0,0,5.9938604e-05
0,0,1.2162111e-05
0,0,5.1341645e-05
0,0,7.4149416e-06
0,0,0.0001002167
0,0,1.8866565e-05
0,0,1.8862804e-05
0,0,2.465204e-05
0,0,9.130269e-05
0,0,0.00023992924
0,0,4.195561e-05
0,0,4.666296e-05
0,0,0.0002957047
0,0,1.4426491e-06
0,0,1.61531e-05
0,0,5.458147e-05
0,0,2.95928e-05
0,0,0.00022384388
0,0,8.6677355e-06
0,0,0.00019440937
0,0,8.632396e-05
0,0,0.00029618744
0,0,2.4447889e-05
0,0,2.9737148e-06
0,0,0.0003225441
0,0,2.1542413e-05
0,0,7.277386e-05
0,0,7.354658e-05
0,0,1.4493123e-05
0,0,6.835967e-05
0,0,9.874047e-06
0,0,0.00990595
0,0,6.0361926e-05
0,0,2.7130397e-06
0,0,1.9748699e-05
0,0,1.7166882e-05
0,0,9.9799245e-06
0,0,0.00012401279
0,0,1.565819e-05
0,0,7.520635e-06
0,0,3.317285e-05
0,0,2.2810544e-05
0,0,2.5742762e-05
0,0,2.439344e-05
0,0,6.2127356e-06
0,0,5.0125986e-05
0,0,0.00049338175
0,0,0.00011504872
0,0,1.6529437e-05
0,0,0.00016587785
0,0,2.4902243e-05
0,0,1.8189114e-05
0,0,0.00012559007
0,0,1.6900305e-05
0,0,1.3420474e-05
0,0,2.3533601e-05
0,0,0.00036558742
0,0,0.00048680152
0,0,3.193326e-05
0,0,7.7441524e-05
0,0,5.9978516e-05
0,0,1.5228726e-05
0,0,2.42393e-05
0,0,2.393654e-05
0,0,6.643839e-06
0,0,1.0592439e-05
0,0,4.4698078e-05
0,0,1.36881545e-05
0,0,3.5225974e-05
0,0,3.6995454e-05
0,0,0.00018451025
0,0,3.4017063e-05
0,0,2.760592e-05
0,0,0.00048133646
0,0,0.00019970248
0,0,2.6430485e-05
0,0,7.633954e-06
0,0,4.3024676e-05
0,0,0.00079564424
0,0,0.002598994
0,0,0.00022597003
0,0,1.8145403e-05
0,0,5.852643e-05
0,0,5.5521745e-05
0,0,0.0035276867
0,0,2.0294923e-05
0,0,2.3855685e-06
0,0,3.6384317e-05
0,0,1.2194246e-05
0,0,2.6489808e-05
0,0,4.181764e-05
0,0,0.00012995783
0,0,0.0001887197
0,0,9.531379e-05
0,0,4.529482e-05
0,0,0.00043395857
0,0,3.821129e-05
0,0,1.1286204e-05
0,0,0.0011907876
0,0,1.758271e-05
0,0,5.6905205e-06
0,0,0.0027122458
0,0,2.7634935e-06
0,0,0.00022674397
0,0,7.853082e-06
0,0,1.9128114e-05
0,0,0.00019978876
0,0,7.1769678e-06
0,0,2.4605253e-05
0,0,1.2236498e-05
0,0,1.2958099e-05
0,0,1.7848612e-05
0,0,9.622373e-05
0,0,4.0157636e-05
0,0,3.648581e-05
0,0,0.0039708363
0,0,5.3892083e-05
0,0,1.0314891e-05
0,0,2.2728529e-05
0,0,2.1814914e-05
0,0,9.753025e-05
0,0,9.084338e-06
0,0,4.717711e-06
0,0,5.001691e-06
0,0,2.0783544e-05
0,0,2.1631244e-05
0,0,0.00026728143
0,0,0.00016071828
0,0,9.0911046e-05
0,0,2.2213579e-05
0,0,2.9012914e-05
0,0,4.058993e-05
0,0,1.8877272e-05
0,0,9.013725e-05
0,0,1.4195736e-05
0,0,6.0265695e-05
0,0,0.000117272066
0,0,4.4908073e-05
0,0,0.0011147079
0,0,1.2026564e-05
0,0,9.494233e-05
0,0,0.00016543306
0,0,5.8576123e-05
0,0,0.00017572932
0,0,0.0014303372
0,0,3.070492e-05
0,0,4.3655826e-05
0,0,0.00011449331
0,0,9.062852e-05
0,0,0.000649371
0,0,1.7571447e-05
0,0,0.0020572345
0,0,1.4867135e-05
0,0,7.8084144e-05
0,0,0.0023427268
0,0,0.00021625396
0,0,2.7466044e-06
0,0,0.00027986895
0,0,3.1339325e-05
0,0,0.00022855049
0,0,4.857242e-06
0,0,4.0933945e-05
0,0,0.00019587089
0,0,1.9475023e-05
0,0,6.812676e-05
0,0,0.00082679786
0,0,4.4781477e-06
0,0,0.00015420435
0,0,0.00084816036
0,0,0.00021223172
0,0,1.7716928e-05
0,0,6.014192e-05
0,0,1.116372e-05
0,0,6.371894e-05
0,0,8.542988e-06
0,0,1.5594438e-05
0,0,2.3446585e-06
0,0,1.6786804e-05
0,0,3.0098388e-05
0,0,4.2789966e-06
0,0,0.00023605974
0,0,0.00013745579
0,0,2.1372714e-05
0,0,2.453449e-05
0,0,0.00045046394
0,0,6.8990757e-06
0,0,1.995789e-05
0,0,0.0004083449
0,0,4.019442e-05
0,0,0.005384006
0,0,1.2723173e-05
0,0,0.0007167175
0,0,5.611022e-05
0,0,4.256048e-05
0,0,2.65459e-05
0,0,5.2842634e-06
0,0,1.3029699e-05
0,0,1.7909157e-05
0,0,2.2637741e-05
0,0,0.00011866242
0,0,7.580559e-05
0,0,0.00073593564
0,0,3.4937302e-06
0,0,1.9387984e-05
0,0,6.518916e-06
0,0,6.798072e-06
0,0,5.1431813e-05
0,0,5.207086e-05
0,0,6.6484965e-05
0,0,0.00015900178
0,0,8.364825e-05
0,0,0.0011697671
0,0,0.00031629635
0,0,2.4210678e-05
0,0,9.327601e-06
0,0,3.4442328e-05
0,0,0.00011233261
0,0,6.2298764e-06
0,0,7.717017e-05
0,0,1.3856335e-05
0,0,0.00012188996
0,0,0.00043164447
0,0,3.249315e-05
0,0,4.8127326e-06
0,0,2.7582839e-05
0,0,0.00036377436
0,0,2.0175068e-05
0,0,2.8941286e-05
0,0,1.5256098e-05
0,0,9.129856e-06
0,0,8.436659e-06
0,0,1.7201739e-05
0,0,5.343815e-05
0,0,1.0902069e-05
0,0,0.0008576105
0,0,0.0014813098
0,0,2.0996187e-05
0,0,3.8975762e-05
0,0,4.2620595e-05
0,0,0.0002772908
0,0,1.5671038e-05
0,0,6.6218076e-05
0,0,0.0021340796
0,0,8.173369e-05
0,0,1.0747944e-05
0,0,0.00012455546
0,0,0.00029453816
0,0,8.8844754e-05
0,0,2.1706795e-05
0,0,0.00013023756
0,0,1.5640295e-05
0,0,6.709589e-05
0,0,1.9006015e-05
0,0,4.641704e-05
0,0,1.4857456e-05
0,0,2.3935741e-05
0,0,9.378041e-06
0,0,0.0002229767
0,0,0.00048000042
0,0,0.0003157733
0,0,2.1116812e-05
0,0,4.4452256e-05
0,0,9.045186e-06
0,0,6.777371e-06
0,0,5.9875247e-06
0,0,1.2288772e-05
0,0,1.4396612e-05
0,0,0.00014712421
0,0,0.00010560545
0,0,0.0004247781
0,0,1.6591646e-05
0,0,0.0036253387
0,0,1.9482064e-05
0,0,1.6793145e-05
0,0,0.0003499228
0,0,0.0004485
0,0,0.00015300408
0,0,2.2958773e-05
0,0,3.8150956e-05
0,0,0.00055091345
0,0,1.410746e-05
0,0,1.5725245e-05
0,0,7.650974e-05
0,0,2.1183696e-05
0,0,1.2229253e-05
0,0,1.3917452e-05
0,0,0.00010873898
0,0,0.001153063
0,0,0.0004316737
0,0,3.9440252e-05
0,0,3.608053e-05
0,0,8.102464e-05
0,0,0.00018836932
0,0,5.2855667e-05
0,0,1.0064204e-05
0,0,0.00021289809
0,0,0.00031709071
0,0,0.00037247414
0,0,6.3000785e-05
0,0,4.684201e-05
0,0,1.9354417e-05
0,0,1.7895396e-05
0,0,3.660863e-05
0,0,3.0084357e-05
0,0,9.3477e-06
0,0,8.395317e-06
0,0,3.0673076e-05
0,0,2.5304424e-05
0,0,0.0014473909
0,0,1.0933805e-05
0,0,0.00042837177
0,0,3.3732506e-06
0,0,9.613021e-06
0,0,0.00013413295
0,0,3.7675734e-05
0,0,9.551082e-06
0,0,6.8292495e-05
0,0,2.3777347e-06
0,0,0.00046181493
0,0,9.524638e-05
0,0,0.00019014788
0,0,1.1294246e-05
0,0,1.3609225e-05
0,0,1.949011e-05
0,0,8.701697e-05
0,0,0.000114031776
0,0,1.6347807e-05
0,0,8.512859e-05
0,0,5.7626534e-05
0,0,0.00012077211
0,0,0.00020438839
0,0,6.99367e-05
0,0,1.799352e-05
0,0,5.2597872e-05
0,0,0.00017466987
0,0,1.3208758e-05
0,0,1.1650738e-05
0,0,0.00012558229
0,0,0.00040749094
0,0,0.00013222542
0,0,4.3350323e-05
0,0,6.505315e-06
0,0,4.6885257e-06
0,0,0.00010312974
0,0,3.391639e-05
0,0,2.2642447e-05
0,0,0.00019195203
0,0,4.6977325e-06
0,0,3.086683e-05
0,0,1.9636658e-05
0,0,4.618263e-05
0,0,8.5593376e-05
0,0,0.00017254277
0,0,6.221551e-05
0,0,1.1211807e-05
0,0,0.00012708217
0,0,6.0964885e-05
0,0,1.8661443e-05
0,0,2.865777e-05
0,0,0.00080127805
0,0,0.00010011297
0,0,3.632323e-05
0,0,6.967031e-05
0,0,8.10149e-05
0,0,6.420654e-05
0,0,0.000119362165
0,0,2.4055811e-05
0,0,0.00034960502
0,0,1.5218156e-05
0,0,1.0392113e-05
0,0,0.00020760973
0,0,6.24951e-05
0,0,9.102763e-05
0,0,1.2086999e-05
0,0,1.4241745e-05
0,0,3.2181622e-05
0,0,0.00012336858
0,0,0.0002614467
0,0,9.90775e-06
0,0,1.2301728e-05
0,0,1.2965122e-05
0,0,5.576701e-06
0,0,7.844941e-05
0,0,0.0008074663
0,0,5.131654e-05
0,0,2.1171638e-05
0,0,5.0231643e-05
0,0,0.0003156743
0,0,0.00027710872
0,0,1.7660299e-05
0,0,0.00019888594
0,0,3.1233644e-06
0,0,2.5233263e-05
0,0,3.9013135e-05
0,0,4.219701e-06
0,0,0.00015367578
0,0,0.0005485051
0,0,0.00013117393
0,0,0.00015438045
0,0,1.973936e-05
0,0,0.00016630942
0,0,1.52566645e-05
0,0,0.00025112883
0,0,0.0009393767
0,0,2.5123676e-05
0,0,0.000113825685
0,0,0.00020728535
0,0,8.543395e-05
0,0,1.0456283e-05
0,0,4.118957e-05
0,0,8.540805e-05
0,0,0.0046460205
0,0,2.0298292e-05
0,0,9.43217e-06
0,0,2.7395936e-06
0,0,0.00043642588
0,0,3.024672e-06
0,0,2.9878496e-05
0,0,3.6815785e-05
0,0,0.0015846482
0,0,0.0015443374
0,0,0.00029079837
0,0,0.00012313305
0,0,2.8578599e-05
0,0,5.3090293e-06
0,0,0.00036149786
0,0,6.5223234e-05
0,0,7.6686865e-06
0,0,0.0001211464
0,0,0.00025761363
0,0,0.001512327
0,0,5.6292654e-05
0,0,0.00011784153
0,0,0.0007334107
0,0,3.1681742e-05
0,0,1.3870442e-05
0,0,0.00049552793
0,0,0.00028879472
0,0,1.24667995e-05
0,0,1.4894412e-05
0,0,2.8161363e-05
0,0,1.2833012e-06
0,0,1.1695055e-05
0,0,0.0052184323
0,0,4.015752e-05
0,0,8.180301e-05
0,0,1.7134907e-05
0,0,1.1388756e-05
0,0,1.4501459e-05
0,0,0.0008967813
0,0,4.2045212e-06
0,0,0.00036815347
0,0,0.00013935914
0,0,0.000121610756
0,0,2.0125932e-05
0,0,0.0006061953
0,0,4.595151e-05
0,0,1.9974113e-05
0,0,0.00011006238
0,0,1.4832694e-05
0,0,0.00019033528
0,0,5.7758512e-05
0,0,4.7594444e-06
0,0,0.00013899524
0,0,0.00015679283
0,0,0.0002772498
0,0,5.7325025e-05
0,0,1.4808949e-05
0,0,0.00041229982
0,0,1.074864e-05
0,0,0.00046820397
0,0,3.0131387e-05
0,0,3.2672186e-05
0,0,3.943133e-06
0,0,1.8029179e-05
0,0,0.0005499518
0,0,3.940747e-05
0,0,3.0061894e-06
0,0,0.0007289661
0,0,0.000881046
0,0,9.8761404e-05
0,0,0.0016040243
0,0,0.000757599
0,0,8.1535654e-05
0,0,3.2509794e-05
0,0,1.29183445e-05
0,0,1.846665e-05
0,0,7.1544375e-05
0,0,2.1907728e-05
0,0,2.5898778e-05
0,0,2.0341853e-05
0,0,3.2638873e-06
0,0,0.0001343457
0,0,2.5560492e-05
0,0,4.5721634e-05
0,0,0.00047319915
0,0,2.3955265e-05
0,0,4.164838e-05
0,0,2.0941136e-05
0,0,7.303227e-05
0,0,2.2066204e-05
0,0,5.5826546e-05
0,0,0.000110096706
0,0,0.021792712
0,0,0.00024221666
0,0,0.00022507488
0,0,2.3738901e-05
0,0,2.7739745e-05
0,0,0.00038729262
0,0,8.171639e-05
0,0,0.00016891057
0,0,0.00012152103
0,0,0.00018508732
0,0,9.977803e-06
0,0,1.7321514e-05
0,0,9.802824e-05
0,0,1.5905009e-05
0,0,4.520226e-05
0,0,2.335815e-05
0,0,4.3354125e-05
0,0,6.3441614e-05
0,0,8.554539e-05
0,0,0.0007025017
0,0,0.0006339493
0,0,6.0775186e-05
0,0,5.6889744e-06
0,0,0.004353244
0,0,7.75401e-05
0,0,2.1567305e-06
0,0,2.033553e-05
0,0,0.0004986511
0,0,1.5746991e-05
0,0,9.673772e-06
0,0,1.5622765e-05
0,0,5.443986e-06
0,0,0.00095615955
0,0,1.4883799e-06
0,0,5.5745845e-06
0,0,3.083682e-05
0,0,3.8500435e-05
0,0,2.8391676e-05
0,0,1.7123357e-05
0,0,5.7636207e-05
0,0,4.9660186e-05
0,0,4.1855983e-05
0,0,4.811351e-06
0,0,4.182901e-05
0,0,4.0197347e-06
0,0,0.00023945069
0,0,3.810089e-05
0,0,0.0001270039
0,0,8.762267e-06
0,0,0.00023267508
0,0,2.4919229e-05
0,0,0.000562962
0,0,2.2632734e-05
0,0,5.934053e-05
0,0,5.4965244e-06
0,0,9.616193e-06
0,0,0.0011327006
0,0,1.47327e-05
0,0,3.660863e-05
0,0,8.8571265e-05
0,0,0.000354918
0,0,0.0019569276
0,0,1.8676576e-05
0,0,8.536677e-06
0,0,0.00067309913
0,0,4.3312553e-05
0,0,9.091791e-06
0,0,9.339324e-06
0,0,0.00022097013
0,0,3.5434732e-05
0,0,5.2150517e-05
0,0,2.0216881e-05
0,0,2.1975378e-05
0,0,2.8339738e-05
0,0,1.4747291e-05
0,0,9.166132e-05
0,0,1.0595713e-05
0,0,9.033266e-05
0,0,0.00012658522
0,0,1.1574127e-05
0,0,3.153413e-05
0,0,7.749306e-06
0,0,9.357621e-05
0,0,8.206107e-06
0,0,3.3267166e-05
0,0,0.00020086336
0,0,1.31516435e-05
0,0,1.8093753e-05
0,0,2.3182834e-05
0,0,5.5894892e-05
0,0,8.102889e-05
0,0,0.00010738069
0,0,1.0358709e-05
0,0,4.730898e-05
0,0,0.00024940772
0,0,1.35833825e-05
0,0,0.00012878761
0,0,1.2516919e-05
0,0,2.0739412e-06
0,0,2.2548391e-05
0,0,0.000677119
0,0,1.1029179e-05
0,0,4.4286982e-05
0,0,3.556446e-05
0,0,5.3777662e-06
0,0,6.467446e-06
0,0,1.0011889e-05
0,0,6.893476e-05
0,0,3.532639e-05
0,0,9.771177e-05
0,0,4.331203e-06
0,0,0.00018407412
0,0,0.00021806463
0,0,0.00035313447
0,0,0.0012583572
0,0,8.228322e-05
0,0,0.0004594283
0,0,8.963831e-06
0,0,5.9211703e-05
0,0,3.5745656e-05
0,0,1.434244e-05
0,0,0.00032117372
0,0,0.00028021954
0,0,4.4669185e-05
0,0,8.0341655e-05
0,0,5.2470773e-06
0,0,4.9479375e-05
0,0,3.7972848e-05
0,0,0.0006046823
0,0,0.00090237486
0,0,0.00014088483
0,0,1.1951777e-05
0,0,7.5629265e-05
0,0,5.7681125e-05
0,0,0.00014286958
0,0,1.1122574e-05
0,0,2.4524294e-05
0,0,6.4388473e-06
0,0,8.290882e-06
0,0,0.00033321173
0,0,4.340954e-06
0,0,6.481758e-06
0,0,4.556433e-05
0,0,2.2098826e-05
0,0,0.00018411888
0,0,1.238226e-05
0,0,0.00013376166
0,0,0.0006679908
0,0,5.2699543e-05
0,0,0.00022625094
0,0,9.204376e-06
0,0,8.904292e-06
0,0,0.00025003342
0,0,3.2331304e-06
0,0,6.031693e-05
0,0,5.7568736e-06
0,0,1.4081613e-05
0,0,9.122045e-05
0,0,0.0012753244
0,0,4.7156195e-06
0,0,1.07359165e-05
0,0,0.0021997679
0,0,1.2259239e-05
0,0,9.153894e-05
0,0,2.9198382e-05
0,0,1.3606499e-05
0,0,5.681899e-06
0,0,1.4089792e-05
0,0,4.8851193e-06
0,0,6.609216e-05
0,0,9.480011e-05
0,0,5.1202253e-05
0,0,2.3609242e-05
0,0,4.1357398e-05
0,0,3.631014e-05
0,0,3.527512e-05
0,0,2.111526e-05
0,0,0.00042845198
0,0,1.8003544e-05
0,0,0.000504535
0,0,7.0644464e-06
0,0,3.6362708e-05
0,0,0.00015464905
0,0,3.664031e-05
0,0,0.001061216
0,0,2.311213e-05
0,0,2.2330376e-05
0,0,1.1638556e-05
0,0,4.0699546e-05
0,0,0.00028122828
0,0,4.8839567e-05
0,0,1.5333475e-05
0,0,5.1059826e-05
0,0,0.0002798188
0,0,0.0002607514
0,0,1.0135934e-05
0,0,4.6677556e-05
0,0,0.0013613293
0,0,9.392503e-05
0,0,1.28564025e-05
0,0,4.1909585e-05
0,0,0.00039374427
0,0,5.2332358e-05
0,0,9.508115e-06
0,0,0.00027862564
0,0,0.00020165357
0,0,2.9171411e-05
0,0,5.0144768e-06
0,0,4.066117e-06
0,0,8.931364e-05
0,0,4.9234995e-06
0,0,1.3363909e-05
0,0,1.9738005e-05
0,0,6.3003367e-06
0,0,0.00010055106
0,0,5.997131e-06
0,0,1.0362859e-05
0,0,8.634125e-06
0,0,0.00010031565
0,0,0.00011137162
0,0,5.7354828e-05
0,0,0.00025847644
0,0,0.00055176584
0,0,0.00021026586
0,0,9.312606e-06
0,0,5.9418053e-05
0,0,0.00016234662
0,0,8.073626e-05
0,0,1.3416673e-05
0,0,5.6148067e-05
0,0,4.7167352e-05
0,0,1.88348e-05
0,0,1.9274366e-05
0,0,1.7066672e-05
0,0,9.144236e-05
0,0,4.986707e-06
0,0,5.5355955e-05
0,0,0.00022219018
0,0,3.63478e-05
0,0,1.8661123e-05
0,0,7.8554485e-06
0,0,0.00043117377
0,0,7.893658e-05
0,0,4.6558373e-05
0,0,0.00031009095
0,0,3.7698697e-05
0,0,1.2007908e-05
0,0,8.583887e-06
0,0,0.0015408165
0,0,0.000100414894
0,0,4.447621e-05
0,0,5.696715e-05
0,0,5.094514e-05
0,0,4.625294e-06
0,0,1.8217637e-05
0,0,4.466199e-05
0,0,0.00014250929
0,0,2.8673954e-05
0,0,7.704121e-06
0,0,0.000222061
0,0,0.00013683227
0,0,2.0004594e-05
0,0,1.7967337e-05
0,0,0.0010047355
0,0,0.00045110978
0,0,0.00015390762
0,0,1.0911618e-05
0,0,4.0110022e-05
0,0,4.420458e-05
0,0,1.5718335e-05
0,0,1.7221026e-05
0,0,8.219437e-06
0,0,3.992292e-05
0,0,5.569542e-06
0,0,3.8406557e-05
0,0,2.0583182e-05
0,0,3.689828e-05
0,0,0.00019230745
0,0,0.0003773495
0,0,1.008997e-05
0,0,6.0603477e-05
0,0,3.291471e-05
0,0,2.898982e-05
0,0,3.6439596e-05
0,0,2.9865734e-05
0,0,8.576675e-05
0,0,4.4817163e-05
0,0,0.00034579952
0,0,2.4213077e-05
0,0,7.3696334e-05
0,0,2.730553e-06
0,0,7.6280194e-05
0,0,2.0565543e-05
0,0,0.00015182572
0,0,6.3347245e-05
0,0,1.429503e-05
0,0,0.00010870094
0,0,0.0014955691
0,0,9.5495625e-06
0,0,1.39362855e-05
0,0,0.0013148078
0,0,1.0029281e-05
0,0,8.910213e-06
0,0,0.00028998993
0,0,0.00020071154
0,0,0.0004382074
0,0,4.3276843e-05
0,0,7.5947115e-05
0,0,5.4710494e-05
0,0,4.553753e-05
0,0,0.00021991771
0,0,3.8034252e-06
0,0,1.841472e-05
0,0,3.6692618e-05
0,0,8.095404e-06
0,0,0.00034069933
0,0,1.9603858e-05
0,0,5.389153e-06
0,0,3.8526585e-05
0,0,1.02357335e-05
0,0,1.9634486e-05
0,0,0.0001076649
0,0,2.0696656e-05
0,0,2.34217e-05
0,0,0.0002463338
0,0,1.548631e-05
0,0,0.00022717156
0,0,2.1201662e-05
0,0,0.0001889673
0,0,0.00012853119
0,0,0.00044049788
0,0,0.0009808625
0,0,5.286983e-05
0,0,7.59469e-05
0,0,4.0163854e-06
0,0,1.3558352e-05
0,0,1.6049622e-05
0,0,3.533501e-06
0,0,0.00012800892
0,0,1.5470163e-05
0,0,0.00038836812
0,0,3.812673e-05
0,0,0.00021708071
0,0,2.441315e-05
0,0,0.0002387401
0,0,0.00048643205
0,0,9.826326e-06
0,0,0.0005157568
0,0,8.17962e-06
0,0,1.630359e-05
0,0,3.4027446e-05
0,0,1.3451522e-05
0,0,0.00012528566
0,0,0.00016910976
0,0,1.2185795e-05
0,0,0.0004241216
0,0,1.3545519e-05
0,0,9.542374e-05
0,0,0.0011089335
0,0,0.0005389061
0,0,1.7029717e-05
0,0,2.5069849e-05
0,0,2.668311e-05
0,0,8.210897e-06
0,0,0.00024179257
0,0,0.0001575486
0,0,5.8081634e-05
0,0,2.8588522e-05
0,0,0.00014589191
0,0,2.5688532e-06
0,0,8.335491e-05
0,0,9.831076e-05
0,0,4.7717447e-05
0,0,0.00024963278
0,0,7.986179e-06
0,0,2.140133e-05
0,0,5.4955002e-05
0,0,1.860107e-05
0,0,1.6244228e-05
0,0,6.217447e-05
0,0,0.0003298862
0,0,0.004227288
0,0,4.930242e-05
0,0,8.254131e-05
1,0,0.0003467577
0,0,1.4013611e-05
0,0,2.973923e-05
0,0,2.8467537e-05
0,0,0.00010698821
0,0,8.8860594e-05
0,0,0.00010881148
0,0,1.2114176e-05
0,0,4.5992285e-05
0,0,1.1725129e-05
0,0,3.0469644e-06
0,0,0.00035002557
0,0,5.780304e-06
0,0,1.3863696e-05
0,0,1.3455063e-05
0,0,0.000115756964
0,0,6.3903612e-06
0,0,0.00019577566
0,0,6.139791e-05
0,0,0.000112315036
0,0,1.694079e-05
0,0,1.4888894e-06
0,0,9.0149544e-05
0,0,5.344085e-05
0,0,1.09292705e-05
0,0,7.651322e-06
0,0,4.027019e-05
0,0,3.8020677e-05
0,0,0.00013026154
0,0,0.0006451799
0,0,2.3353272e-05
0,0,1.2949897e-05
0,0,5.5699875e-05
0,0,5.8495854e-05
0,0,0.00018052994
0,0,6.862701e-05
0,0,2.4878602e-05
0,0,0.00015123765
0,0,3.065261e-05
0,0,0.0005760388
0,0,0.000113253926
0,0,0.00025839292
0,0,0.00020452036
0,0,0.00077124476
0,0,5.3162657e-05
0,0,9.871909e-06
0,0,0.0004559824
0,0,4.3611257e-05
0,0,1.2399913e-05
0,0,3.034356e-05
0,0,2.0148573e-05
0,0,3.348315e-06
0,0,0.0031853106
0,0,1.4253048e-05
0,0,1.1871647e-05
0,0,0.00015989393
0,0,4.6542787e-05
0,0,2.095306e-05
0,0,0.000253575
0,0,3.4912475e-05
0,0,0.00022941241
0,0,1.1182464e-05
0,0,1.1931245e-05
0,0,3.5482375e-05
0,0,2.036004e-05
0,0,4.2709904e-05
0,0,5.2151463e-05
0,0,4.070207e-05
0,0,7.704422e-06
0,0,3.9901453e-05
0,0,3.895915e-05
0,0,8.946239e-05
0,0,3.1075706e-05
0,0,0.0004559324
0,0,6.025208e-05
0,0,8.382981e-06
0,0,2.9670764e-05
0,0,0.00010459793
0,0,6.0342354e-05
0,0,6.540573e-05
0,0,7.49603e-05
0,0,4.62949e-05
0,0,1.607301e-05
0,0,2.592989e-06
0,0,0.0001542726
0,0,5.7917982e-06
0,0,0.00026418897
0,0,6.346557e-05
0,0,0.0012463145
0,0,4.7495403e-05
0,0,8.2800514e-05
0,0,0.002657229
0,0,0.0001272381
0,0,3.610187e-05
0,0,1.1108443e-05
0,0,2.7776425e-06
0,0,2.0739888e-05
0,0,0.00012863087
0,0,1.471314e-05
0,0,1.7712162e-05
0,0,2.1536025e-05
0,0,0.00010368193
0,0,0.0021672556
0,0,3.840509e-05
0,0,5.920205e-05
0,0,3.998682e-05
0,0,6.2282957e-06
0,0,9.621896e-05
0,0,1.3171726e-05
0,0,3.6900317e-05
0,0,4.6344412e-05
0,0,4.930068e-05
0,0,1.8929246e-05
0,0,1.9071049e-05
0,0,3.4058743e-05
0,0,0.0024796545
0,0,0.00020293491
0,0,1.1505718e-05
0,0,0.00013897337
0,0,0.00016495876
0,0,3.1392783e-06
0,0,2.1652935e-05
0,0,6.326967e-05
0,0,6.5616325e-05
0,0,0.00013310462
0,0,2.4394996e-05
0,0,1.1268846e-05
0,0,0.0002395153
0,0,7.723871e-05
0,0,0.00035808844
0,0,1.1310901e-05
0,0,8.2350656e-05
0,0,7.008482e-06
0,0,4.756652e-05
0,0,9.320123e-06
0,0,8.989707e-05
0,0,0.00017419319
0,0,0.00011683264
0,0,0.00010761194
0,0,1.2664583e-05
0,0,1.3695781e-05
0,0,2.2568762e-05
0,0,0.0032717118
0,0,2.1448692e-05
0,0,0.0006860335
0,0,3.4397886e-05
0,0,0.00043704204
0,0,2.5607556e-05
0,0,0.0009901881
0,0,1.03527145e-05
0,0,1.4177539e-05
0,0,4.1571548e-06
0,0,1.686437e-05
0,0,0.00042803132
0,0,2.3502651e-05
0,0,2.433055e-05
0,0,3.2202344e-05
0,0,3.901663e-05
0,0,1.054713e-05
0,0,5.9553913e-05
0,0,1.3683365e-05
0,0,0.0032916383
0,0,7.821838e-06
0,0,5.752802e-06
0,0,9.354667e-05
0,0,2.666197e-05
0,0,7.949607e-06
0,0,1.7449844e-05
0,0,9.569848e-05
0,0,0.00020716462
0,0,2.4730285e-05
0,0,7.0913426e-05
0,0,2.3531873e-05
0,0,9.599059e-06
0,0,1.8837152e-05
0,0,0.0031201525
0,0,1.202262e-05
0,0,0.003992754
0,0,0.00010501517
0,0,2.8261584e-06
0,0,3.6969534e-05
0,0,0.002330753
0,0,3.896696e-06
0,0,0.00091963954
0,0,0.00029929716
0,0,0.00011072166
0,0,0.00018773566
0,0,6.678839e-05
0,0,0.00013318575
0,0,1.0246486e-05
0,0,4.2224992e-06
0,0,0.00019268737
0,0,2.8126982e-05
0,0,1.3208872e-05
0,0,0.00011451569
0,0,9.625282e-05
0,0,0.00013203216
0,0,0.00014669109
0,0,9.066301e-05
0,0,1.7304756e-05
0,0,0.00018738049
0,0,1.48178215e-05
0,0,6.741149e-05
0,0,0.00033985038
0,0,0.0001739036
0,0,6.132917e-06
0,0,0.0014040245
0,0,3.140293e-05
0,0,0.00015696006
0,0,2.5362671e-05
0,0,2.0836414e-05
0,0,0.0012077804
0,0,2.5222269e-05
0,0,0.00011351611
0,0,0.0005390897
0,0,2.2819964e-05
0,0,0.00018045661
0,0,2.3464958e-05
0,0,1.8028612e-05
0,0,6.940155e-06
0,0,2.4704923e-05
0,0,3.5796627e-06
0,0,0.00031497714
0,0,2.9381679e-06
0,0,4.598272e-05
0,0,0.0006587762
0,0,1.241706e-05
0,0,2.8961274e-05
0,0,0.00066979683
0,0,2.0122648e-05
0,0,1.9213492e-05
0,0,8.746429e-06
0,0,3.3059667e-05
0,0,1.3257382e-05
0,0,4.00906e-05
0,0,1.7101913e-05
0,0,4.1401243e-05
0,0,1.7284421e-05
0,0,9.909242e-06
0,0,5.478505e-05
0,0,0.00012919326
0,0,5.070325e-06
0,0,0.00020836848
0,0,2.5143836e-06
0,0,1.6566664e-05
0,0,8.268394e-06
0,0,0.010357394
0,0,5.270051e-06
0,0,7.3330793e-06
0,0,4.6610927e-05
0,0,8.07608e-06
0,0,1.7123471e-05
0,0,8.550885e-05
0,0,0.0001486079
0,0,0.00012336399
0,0,4.9627994e-05
0,0,7.4549603e-06
0,0,1.0141851e-05
0,0,1.1930892e-05
0,0,1.6856106e-05
0,0,1.47249175e-05
0,0,2.4580182e-05
0,0,3.5647447e-06
0,0,1.6924303e-05
0,0,1.0402653e-05
0,0,5.234523e-05
0,0,0.004120971
0,0,0.00034107434
0,0,2.9831235e-05
0,0,2.51786e-05
0,0,4.261123e-06
0,0,4.6775303e-06
0,0,1.875738e-05
0,0,1.4893332e-05
0,0,0.00016743499
0,0,2.2875158e-05
0,0,9.32882e-06
0,0,1.0856139e-05
0,0,4.8207577e-05
0,0,4.034334e-05
0,0,2.2170266e-06
0,0,1.3799313e-05
0,0,0.00052338565
0,0,4.5156678e-05
0,0,0.00026789345
0,0,5.171768e-06
0,0,0.00035804047
0,0,0.00019626087
0,0,0.00025613315
0,0,4.142057e-06
0,0,3.8378254e-05
0,0,4.9613514e-05
0,0,6.945789e-05
0,0,8.368347e-06
0,0,2.1375241e-05
0,0,4.840178e-05
0,0,5.553535e-05
0,0,1.1964631e-05
0,0,1.5045352e-05
0,0,3.567414e-05
1,1,0.96478015
0,0,0.00014719802
0,0,1.7377588e-05
0,0,0.00012292294
0,0,0.000108856104
0,0,1.5839438e-05
0,0,3.5659516e-05
0,0,0.00020973485
0,0,6.147565e-05
0,0,0.00014354661
0,0,0.00029451482
0,0,3.107953e-05
0,0,7.317815e-06
0,0,0.00039126968
0,0,0.00033755292
0,0,4.7560548e-06
0,0,1.08879185e-05
0,0,6.4965925e-06
0,0,1.9633157e-05
0,0,9.199661e-05
0,0,1.5230163e-05
0,0,2.0895313e-05
0,0,9.6226695e-06
0,0,0.00028292093
0,0,2.29731e-06
0,0,6.3809707e-06
0,0,0.0007521008
0,0,6.4572625e-05
0,0,9.310543e-05
0,0,2.8923518e-05
0,0,0.00049891643
0,0,9.657595e-06
0,0,0.000155808
0,0,2.388831e-05
0,0,1.0813352e-05
0,0,6.867598e-05
0,0,0.0006739988
0,0,4.8237234e-05
0,0,0.00017621709
0,0,4.0145693e-05
0,0,0.0003515904
0,0,3.082459e-05
0,0,0.00030416786
0,0,5.300839e-06
0,0,5.7847814e-05
0,0,5.7967096e-05
0,0,7.115912e-05
0,0,0.000190458
0,0,6.89871e-05
0,0,8.884678e-05
0,0,5.9955246e-06
0,0,0.0002017813
0,0,3.8136735e-05
0,0,2.6146468e-05
0,0,4.4902852e-05
0,0,6.5177104e-05
0,0,0.00015147521
0,0,3.382414e-05
0,0,8.4431385e-06
0,0,3.436821e-05
0,0,0.00026527935
0,0,1.5878533e-05
0,0,0.0003601781
0,0,3.2037795e-05
0,0,0.0020689198
0,0,2.6282592e-05
0,0,6.1277e-05
0,0,2.6929363e-05
0,0,5.0554776e-05
0,0,0.00016605399
0,0,6.220044e-05
0,0,1.7066299e-05
0,0,5.0034514e-06
0,0,5.4035554e-05
0,0,1.7952401e-05
0,0,5.2098225e-05
0,0,0.00020805403
0,0,1.1083554e-05
0,0,2.5875226e-05
0,0,2.3159035e-05
0,0,0.00011467173
0,0,3.5611156e-05
0,0,7.048134e-05
0,0,2.9186494e-05
0,0,4.639562e-05
0,0,0.0005161119
0,0,1.7308137e-06
0,0,9.936437e-05
0,0,0.002226926
0,0,3.0093597e-05
0,0,1.2545778e-05
0,0,7.0868496e-06
0,0,1.0454599e-05
0,0,0.00012664426
0,0,4.9885575e-06
0,0,4.4324755e-05
0,0,0.00020396612
0,0,8.743026e-06
0,0,6.002372e-05
0,0,7.1461654e-06
0,0,0.00015390996
0,0,8.75844e-06
0,0,0.0006361803
0,0,1.5819993e-05
0,0,4.883938e-05
0,0,9.4836005e-06
0,0,3.7239515e-05
0,0,2.775022e-05
0,0,1.0415946e-05
0,0,5.9966796e-06
0,0,3.0660998e-05
0,0,3.4858529e-06
0,0,0.00013739106
0,0,0.0006530306
0,0,3.722162e-05
0,0,1.1688632e-05
0,0,2.0210598e-05
0,0,0.0003474205
0,0,5.3372252e-05
0,0,0.0027704241
0,0,3.2779546e-05
0,0,0.00019837514
0,0,0.00033425025
0,0,0.00014528762
0,0,8.767464e-05
0,0,1.0637153e-05
0,0,5.954214e-06
0,0,5.504091e-05
0,0,1.0961545e-05
0,0,1.4752215e-05
0,0,3.2530632e-05
0,0,2.3194887e-05
0,0,9.347685e-05
0,0,4.8957034e-05
0,0,0.00011932518
0,0,3.1389816e-05
0,0,8.4690946e-05
0,0,0.00017839219
0,0,5.730819e-05
0,0,0.00052001316
0,0,3.2664368e-05
0,0,2.4190851e-05
0,0,1.620315e-05
0,0,6.7839246e-05
0,0,0.00041111553
0,0,3.515979e-05
0,0,4.6501455e-06
0,0,7.001584e-05
0,0,6.891845e-05
0,0,7.850786e-05
0,0,4.1177867e-05
0,0,0.00013580304
0,0,2.8479157e-05
0,0,7.227619e-05
0,0,5.033397e-05
0,0,2.9043944e-05
0,0,2.4164245e-05
0,0,8.417316e-05
0,0,0.0012548311
0,0,8.134967e-06
0,0,0.000115377996
0,0,3.2724304e-06
0,0,0.00018604065
0,0,0.0029345416
0,0,8.986322e-05
0,0,0.0007009138
0,0,0.00015691172
0,0,8.7895634e-05
0,0,2.728137e-05
0,0,3.4176002e-05
0,0,4.2443466e-05
0,0,1.3590315e-05
0,0,4.7530197e-05
0,0,7.961784e-06
0,0,3.8545286e-06
0,0,0.00014383078
0,0,0.000104673956
0,0,2.8887074e-05
0,0,2.461246e-05
0,0,1.8512248e-05
0,0,7.132135e-05
0,0,3.544757e-06
0,0,0.00017005244
0,0,7.152472e-05
0,0,3.41982e-05
0,0,1.0963605e-05
0,0,1.9121968e-05
0,0,2.439786e-05
0,0,0.00020316684
0,0,4.7706276e-06
0,0,0.0007772634
0,0,0.00024998267
0,0,2.9849933e-05
0,0,3.3561123e-06
0,0,0.00011088882
0,0,7.681357e-05
0,0,4.7483354e-05
0,0,8.634455e-05
0,0,5.630581e-05
0,0,0.00021923897
0,0,7.888029e-06
0,0,6.2209576e-05
0,0,0.0005151405
0,0,2.3033006e-05
0,0,0.0038217886
0,0,2.1917383e-05
0,0,0.0001515616
0,0,0.0003552567
0,0,0.00049250573
0,0,2.796378e-05
0,0,4.8004076e-05
0,0,0.0014359812
0,0,4.1731033e-05
0,0,0.00015523587
0,0,8.416633e-06
0,0,5.970083e-06
0,0,0.0007254753
0,0,5.833509e-05
0,0,3.003777e-05
0,0,5.876484e-05
0,0,3.3064207e-05
0,0,0.00028556286
0,0,9.419655e-05
0,0,8.524028e-05
0,0,4.8859973e-05
0,0,4.0977186e-05
0,0,0.00024126754
0,0,2.4179366e-05
0,0,9.564828e-06
0,0,9.968296e-05
0,0,5.3602803e-06
0,0,1.634034e-05
0,0,1.9599409e-05
0,0,1.5527836e-05
0,0,0.00037240918
0,0,0.00028548937
0,0,1.1698267e-05
0,0,4.9552662e-05
0,0,7.445434e-05
0,0,2.7162368e-05
0,0,2.5394109e-05
0,0,9.308602e-06
0,0,1.3823048e-05
0,0,2.2356542e-05
0,0,3.696428e-05
0,0,5.3613076e-05
0,0,9.59193e-06
0,0,3.8284637e-05
0,0,0.00096056104
0,0,7.061698e-05
0,0,2.5104753e-05
0,0,9.359405e-05
0,0,9.486332e-05
0,0,4.0463477e-05
0,0,1.4552246e-05
0,0,9.343823e-06
0,0,0.00014998936
0,0,0.00013742696
0,0,3.2162534e-06
0,0,4.954765e-05
0,0,0.0011687725
0,0,4.612172e-06
0,0,0.0027249763
0,0,4.0409064e-05
0,0,0.0015445888
0,0,1.9258234e-05
0,0,2.123177e-05
0,0,1.9840763e-05
0,0,1.0924144e-05
0,0,0.00035344128
0,0,0.00028934728
0,0,3.184993e-05
0,0,2.848315e-05
0,0,0.00012161412
0,0,9.821922e-05
0,0,7.8897365e-06
0,0,1.8227474e-05
0,0,7.2069095e-05
0,0,0.00069450465
0,0,4.1682024e-06
0,0,7.0653354e-05
0,0,2.3588742e-05
0,0,0.00031201585
0,0,8.81314e-05
0,0,3.1253432e-05
0,0,2.8906861e-05
0,0,1.5336458e-05
0,0,2.7187765e-05
0,0,1.4726239e-05
0,0,0.00022420783
0,0,0.0005399753
0,0,7.889045e-05
0,0,0.000116163006
0,0,4.0106126e-05
0,0,0.000105594576
0,0,1.218992e-05
0,0,9.1041344e-05
0,0,2.2057957e-05
0,0,5.474985e-05
0,0,8.76677e-05
0,0,0.00013300731
0,0,7.863509e-05
0,0,0.003899089
0,0,1.349284e-05
0,0,0.0001864802
0,0,5.698738e-06
0,0,0.0001546918
0,0,0.0012297027
0,0,5.5918295e-05
0,0,6.730037e-06
0,0,2.665742e-05
0,0,9.1192705e-05
0,0,0.00020081739
0,0,1.2129632e-05
0,0,8.952895e-05
0,0,1.4449099e-05
0,0,3.845321e-05
0,0,8.2075785e-05
0,0,1.1084104e-05
0,0,5.9646896e-05
0,0,9.46888e-05
0,0,1.0153377e-05
0,0,0.00019119983
0,0,0.00019961013
0,0,4.138488e-06
0,0,1.5215907e-05
0,0,1.03679895e-05
0,0,1.3441006e-05
0,0,7.878272e-05
0,0,0.00026077926
0,0,1.8479e-05
0,0,6.292634e-05
0,0,3.5658697e-05
0,0,0.00010278319
0,0,2.7718059e-05
0,0,0.000121527984
0,0,2.4362846e-05
0,0,2.9723751e-05
0,0,2.0858739e-05
0,0,1.0444144e-05
0,0,2.8494125e-05
0,0,8.628338e-06
0,0,0.00015033988
0,0,0.0004981566
0,0,7.6638025e-06
0,0,0.0024307128
0,0,0.00024130364
0,0,1.9847274e-05
0,0,0.0009700615
0,0,0.00025769838
0,0,6.9873795e-06
0,0,0.00011216573
0,0,1.3088644e-05
0,0,0.0010534272
0,0,5.0815947e-06
0,0,0.00822271
0,0,0.00042120533
0,0,3.523595e-05
0,0,0.0008338085
0,0,0.00048504162
0,0,1.694441e-05
0,0,1.6389798e-05
0,0,1.4274392e-05
0,0,0.00049615797
0,0,0.00029058108
0,0,0.00013176363
0,0,1.4940277e-05
0,0,1.8017681e-05
0,0,3.364636e-05
0,0,0.000113833936
0,0,0.00012916763
0,0,0.00195445
0,0,1.4998779e-05
0,0,2.119588e-05
0,0,0.0006856697
0,0,7.789613e-05
0,0,1.6755903e-05
0,0,0.00011129964
0,0,1.2822008e-05
0,0,6.497993e-06
0,0,3.2130158e-06
0,0,4.339847e-05
0,0,0.00035366998
0,0,0.00035162258
0,0,5.6312525e-05
0,0,8.365567e-05
0,0,5.104551e-05
0,0,0.00017224392
0,0,1.7608283e-05
0,0,2.2611224e-05
0,0,5.5293218e-05
0,0,8.1421436e-05
0,0,1.015481e-05
0,0,2.3294751e-05
0,0,0.00010024843
0,0,4.984185e-05
0,0,8.959045e-06
0,0,9.326018e-06
0,0,0.0001391382
0,0,3.8742004e-05
0,0,9.647548e-05
0,0,8.910697e-06
0,0,1.7557659e-05
0,0,8.562491e-06
0,0,7.993144e-05
0,0,1.1702552e-05
0,0,8.5215e-06
0,0,4.7429185e-05
0,0,0.0031176452
0,0,1.1197531e-05
0,0,8.145525e-06
0,0,3.7540667e-05
0,0,8.234539e-05
0,0,4.2830387e-05
0,0,0.00022386585
0,0,7.7345685e-06
0,0,4.0783896e-05
0,0,8.712588e-06
0,0,7.8719335e-05
0,0,3.0512181e-05
0,0,0.00033837825
0,0,7.973838e-05
0,0,2.4006744e-05
0,0,6.7625792e-06
0,0,0.00017941059
0,0,5.536234e-05
0,0,1.4359398e-05
0,0,1.7626901e-06
0,0,5.896001e-05
0,0,0.00015505259
0,0,9.524211e-05
0,0,4.513726e-05
0,0,9.307643e-06
0,0,0.00020504561
0,0,0.0004423753
0,0,4.551315e-06
0,0,1.6888679e-06
0,0,3.3463388e-05
0,0,0.00012948962
0,0,0.00010097066
0,0,2.716014e-05
0,0,0.00018722849
0,0,2.5995405e-05
0,0,7.173765e-06
0,0,0.0003222601
0,0,2.248125e-05
0,0,6.323203e-05
0,0,4.6518428e-05
0,0,0.00010160329
0,0,0.00023494332
0,0,0.00016542106
0,0,3.9923492e-05
0,0,0.00013553372
0,0,4.0783467e-05
0,0,2.5075444e-05
0,0,1.6073885e-05
0,0,3.2998403e-05
0,0,3.26351e-05
0,0,5.7338963e-05
0,0,9.279876e-05
0,0,3.438726e-05
0,0,0.000101790836
0,0,2.0112559e-05
0,0,0.000107658845
0,0,0.00047454296
0,0,0.0002647687
0,0,1.8992769e-05
0,0,1.379238e-05
0,0,2.3925426e-05
0,0,9.421166e-06
0,0,1.08835575e-05
0,0,0.00023279311
0,0,1.6487544e-05
0,0,9.787412e-05
0,0,0.0008845149
0,0,0.00014951757
0,0,0.00017043717
0,0,0.0017557816
0,0,1.3829549e-05
0,0,0.00018453278
0,0,3.9160345e-06
0,0,3.4980927e-05
0,0,5.2263782e-05
0,0,0.00020658274
0,0,6.742416e-05
0,0,5.8949558e-05
0,0,2.0451598e-05
0,0,0.00014134072
0,0,2.142745e-05
0,0,1.6129965e-05
0,0,0.00019311924
0,0,0.02821662
0,0,4.1514628e-05
0,0,4.9974347e-05
0,0,1.138425e-05
0,0,0.00016042782
0,0,9.503653e-05
0,0,9.607668e-06
0,0,6.1660694e-06
0,0,1.501286e-05
0,0,1.3445916e-05
0,0,0.00023664338
0,0,0.0002619552
0,0,6.585936e-05
0,0,1.9626043e-05
0,0,0.00012555822
0,0,8.596129e-05
0,0,0.00013307505
0,0,1.9496541e-05
0,0,1.8161521e-05
0,0,4.274959e-05
0,0,1.6797634e-06
0,0,0.0004021303
0,0,0.00047901314
0,0,1.1519321e-05
0,0,4.6350822e-05
0,0,0.0020905798
0,0,2.3190818e-05
0,0,6.4398364e-06
0,0,2.2788998e-05
0,0,5.8769103e-05
0,0,0.00010903063
0,0,0.0005491548
0,0,7.810516e-06
0,0,6.412779e-06
0,0,2.4884082e-05
0,0,1.3963198e-05
0,0,0.00011042811
0,0,1.17949985e-05
0,0,7.730366e-06
0,0,8.1418024e-05
0,0,1.1260047e-05
0,0,4.554639e-05
0,0,1.4036536e-05
0,0,5.1361576e-06
0,0,6.3187795e-06
0,0,8.648645e-05
0,0,1.7977432e-05
0,0,1.4646658e-05
0,0,1.5906739e-05
0,0,8.109019e-05
0,0,0.00020606477
0,0,5.579727e-05
0,0,0.00020324085
0,0,6.2256164e-05
0,0,5.6586946e-06
0,0,0.00015632184
0,0,8.127505e-05
0,0,3.4107434e-05
0,0,0.00023911669
0,0,0.0008358585
0,0,8.653984e-06
0,0,3.1144828e-06
0,0,0.000246776
0,0,6.664416e-05
0,0,4.0433183e-06
0,0,9.291069e-06
0,0,0.0004562124
0,0,5.039939e-05
0,0,2.5502812e-05
0,0,0.0009196987
0,0,4.8634793e-05
0,0,0.0001317453
0,0,1.3208292e-05
0,0,0.0002766494
0,0,6.0192408e-05
0,0,0.000100813835
0,0,1.8095636e-05
0,0,6.4101805e-05
0,0,3.4022774e-05
0,0,1.7454053e-05
0,0,2.7037902e-05
0,0,0.0006289977
0,0,1.893311e-05
0,0,1.591522e-05
0,0,2.3464758e-05
0,0,1.5790374e-05
0,0,0.00058976305
0,0,2.5144744e-05
0,0,1.8923776e-05
0,0,6.832409e-06
0,0,1.679348e-05
0,0,0.00026785236
0,0,1.8785056e-05
0,0,2.6263226e-05
0,0,5.6677036e-05
0,0,8.053648e-05
0,0,3.2963605e-06
0,0,5.9317526e-06
0,0,5.9505775e-05
0,0,1.0062708e-05
0,0,2.42393e-05
0,0,3.8278527e-06
0,0,2.5787875e-05
0,0,1.993898e-05
0,0,6.941333e-05
0,0,1.6765558e-05
0,0,0.00010475644
0,0,0.000110224646
0,0,0.00016348419
0,0,0.0001040728
0,0,0.00028222235
0,0,5.98656e-05
0,0,1.2468239e-05
0,0,1.8715551e-05
0,0,7.943336e-05
0,0,0.00013816854
0,0,9.1080765e-05
0,0,0.0001755908
0,0,1.1764095e-05
0,0,6.6505268e-06
0,0,0.00019994349
0,0,1.1217079e-05
0,0,1.6551427e-05
0,0,1.5742231e-05
0,0,0.0004631388
0,0,5.8664446e-05
0,0,0.00017899075
0,0,1.3495839e-05
0,0,1.1080035e-05
0,0,0.00018216952
0,0,2.0300788e-05
0,0,0.00019482856
0,0,2.5091493e-05
0,0,3.100404e-05
0,0,0.00025765586
0,0,1.7923167e-05
0,0,5.83137e-06
0,0,1.2405012e-05
0,0,2.2279282e-05
0,0,0.00069789606
0,0,7.054556e-06
0,0,2.9711819e-05
0,0,2.795133e-05
0,0,3.9008373e-05
0,0,0.00022611466
0,0,0.0001131654
0,0,3.6931404e-05
0,0,0.000107147884
0,0,4.404392e-05
0,0,3.8374597e-05
0,0,1.4384026e-05
0,0,0.0001228798
0,0,2.7035405e-05
0,0,0.0008761737
0,0,0.0022458578
0,0,0.00045643034
0,0,1.7052176e-05
0,0,3.9340146e-05
0,0,4.066967e-05
0,0,2.619701e-05
0,0,0.000108698965
0,0,0.00019731969
0,0,4.7862643e-05
0,0,5.7903446e-05
0,0,1.8144434e-05
0,0,1.5118606e-05
0,0,0.0010697667
0,0,0.0007401
0,0,5.693755e-05
0,0,4.7810732e-05
0,0,2.1702883e-05
0,0,9.52511e-05
0,0,4.067362e-06
0,0,5.4292523e-05
0,0,3.4764664e-05
0,0,0.0002807268
0,0,2.3636069e-06
0,0,0.00018005203
0,0,3.1865989e-06
0,0,0.00011954055
0,0,1.1164369e-05
0,0,1.2116256e-05
0,0,2.1689226e-05
0,0,5.8787766e-05
0,0,7.749387e-06
0,0,0.00015019688
0,0,0.00020630048
0,0,8.046605e-06
0,0,0.000104124534
0,0,3.4988236e-05
0,0,2.8120547e-05
0,0,1.4924512e-05
0,0,0.00014795327
0,0,0.0003098947
0,0,0.00037748425
0,0,5.7610314e-06
0,0,4.730971e-06
0,0,0.00020551457
0,0,2.2847295e-05
0,0,1.22758875e-05
0,0,6.719885e-05
0,0,1.4017902e-05
0,0,1.2759188e-05
0,0,2.8863908e-06
0,0,6.23649e-05
0,0,1.0158123e-05
0,0,4.1981104e-05
0,0,3.0342719e-05
0,0,5.104629e-05
0,0,5.83508e-06
0,0,9.16635e-06
0,0,6.403447e-06
0,0,2.2409106e-06
0,0,8.048735e-05
0,0,0.00035281698
0,0,6.0043698e-05
0,0,2.5475101e-05
0,0,4.1341707e-05
0,0,0.00067240983
0,0,0.00017007078
0,0,7.0318065e-06
0,0,1.2918431e-05
1,1,0.92431796
0,0,2.815057e-05
0,0,4.1552415e-05
0,0,0.0010415333
0,0,6.4356354e-05
0,0,9.7890725e-06
0,0,2.7365115e-05
0,0,2.590693e-05
0,0,1.0787396e-05
0,0,5.768046e-06
0,0,1.1775263e-05
0,0,4.8461143e-06
0,0,0.0004436826
0,0,7.3827596e-06
0,0,8.532217e-06
0,0,1.3155644e-05
0,0,0.00023474405
0,0,3.2492684e-05
0,0,0.000319954
0,0,7.364512e-05
1,1,0.645557
0,0,1.671385e-05
0,0,2.1083348e-05
0,0,4.5496354e-06
0,0,5.566324e-05
0,0,1.9888656e-05
0,0,0.00012700802
0,0,4.7591202e-05
0,0,4.0364775e-05
0,0,0.0001353183
0,0,0.0006559001
0,0,7.1361144e-05
0,0,7.888976e-06
0,0,0.003672938
0,0,0.00050001004
0,0,6.321745e-06
0,0,0.001306284
0,0,0.015561279
0,0,0.00010252505
0,0,3.0822491e-06
0,0,5.180693e-06
0,0,0.004468637
0,0,1.6409176e-05
0,0,7.531368e-05
0,0,2.9431287e-06
0,0,1.7822927e-05
0,0,7.854842e-06
0,0,4.1994037e-05
0,0,1.653218e-05
0,0,7.2928665e-06
0,0,3.2172961e-06
0,0,4.201772e-06
0,0,9.25919e-06
0,0,2.7942455e-05
0,0,8.681738e-05
0,0,0.00037170298
0,0,3.731961e-05
0,0,0.00013262345
0,0,5.050851e-05
0,0,0.00018162199
0,0,3.274808e-05
0,0,0.00016219498
0,0,0.00028059114
0,0,1.5987951e-05
0,0,3.94754e-05
0,0,5.459948e-06
0,0,0.0003868843
0,0,0.00014469023
0,0,0.000106216365
0,0,4.1199157e-05
0,0,6.519482e-05
0,0,0.00076006015
0,0,4.0850962e-05
0,0,8.189636e-05
0,0,3.758093e-05
0,0,3.9058896e-06
0,0,4.0310035e-05
0,0,1.0984536e-05
0,0,0.00055681047
0,0,0.00013932618
0,0,0.00083880266
0,0,0.000113208676
0,0,0.00031671338
0,0,5.6408942e-05
0,0,5.5444547e-05
0,0,1.4451429e-06
0,0,7.720035e-05
0,0,2.8072878e-05
0,0,5.7411075e-05
0,0,1.8549307e-06
0,0,2.2511866e-05
0,0,6.257293e-05
0,0,0.00017459992
0,0,2.5691577e-05
0,0,2.6876358e-05
0,0,1.9564973e-06
0,0,1.1816368e-05
0,0,4.2791522e-05
0,0,1.3802749e-05
0,0,2.7455244e-05
0,0,0.00011399296
0,0,2.3387483e-05
0,0,1.3991324e-05
0,0,3.0767337e-06
0,0,2.5649886e-05
0,0,0.0001621701
0,0,1.8193921e-05
0,0,5.544767e-05
0,0,1.4416684e-05
0,0,6.439036e-05
0,0,4.216655e-05
0,0,5.052036e-05
0,0,0.00028577258
0,0,1.32736e-05
0,0,0.00027158877
0,0,0.00013067394
0,0,3.0008852e-05
0,0,1.0133518e-05
0,0,0.00018603426
0,0,1.810822e-05
0,0,1.7954337e-05
0,0,6.275058e-05
0,0,1.8242288e-05
0,0,4.763529e-05
0,0,2.4849911e-05
0,0,7.4384945e-05
0,0,0.00017221617
0,0,1.4108281e-05
0,0,0.00022064969
0,0,9.945974e-05
0,0,3.6231242e-05
0,0,9.5558054e-05
0,0,0.000111902504
0,0,8.695637e-06
0,0,6.71503e-05
0,0,0.002092687
0,0,8.302797e-06
0,0,1.5656562e-05
0,0,6.6707644e-06
0,0,1.2537446e-06
0,0,7.832428e-05
0,0,3.5931167e-05
0,0,2.455459e-06
0,0,1.4857328e-05
0,0,6.6751168e-06
0,0,2.297818e-05
0,0,0.00018910176
0,0,1.0181992e-05
0,0,1.2885394e-05
0,0,4.5188597e-05
0,0,3.8422164e-05
0,0,8.401967e-05
0,0,5.512782e-06
0,0,2.2050155e-05
0,0,1.6583135e-05
0,0,4.7834033e-05
0,0,1.2110606e-05
0,0,6.798243e-05
0,0,9.796797e-05
0,0,1.5673608e-05
0,0,7.9334044e-05
0,0,6.7884903e-06
0,0,3.3018707e-05
0,0,1.8609637e-05
0,0,6.5380796e-06
0,0,2.5930116e-05
0,0,5.440759e-05
0,0,1.2628943e-05
0,0,0.015604237
0,0,9.032601e-06
0,0,5.605396e-05
0,0,0.00013432508
0,0,8.211227e-05
0,0,1.2400091e-05
0,0,0.00018985041
0,0,0.00037228793
0,0,0.0001059974
0,0,0.00016633273
0,0,2.9063147e-05
0,0,1.0195702e-05
0,0,0.00014628601
0,0,2.1162212e-05
0,0,5.1153056e-05
0,0,1.0806538e-05
0,0,0.0007709115
0,0,0.0016903903
0,0,0.0012001216
0,0,9.2781054e-05
0,0,2.900799e-05
0,0,5.978441e-06
0,0,3.2212694e-05
0,0,0.00037960254
0,0,3.5260524e-05
0,0,2.8084605e-05
0,0,5.1766187e-06
0,0,7.172478e-05
0,0,6.6895926e-05
0,0,0.00031694202
0,0,8.429148e-06
0,0,0.0009930984
0,0,0.0013472133
0,0,0.00011602474
0,0,1.5966512e-05
0,0,0.00042883345
0,0,2.185135e-05
0,0,0.00069802976
0,0,1.4746447e-05
0,0,5.246332e-05
0,0,3.703026e-05
0,0,3.6180245e-05
0,0,6.126861e-06
0,0,0.00014677769
0,0,0.00014653883
0,0,1.3421037e-05
0,0,1.4719078e-05
0,0,0.00020328078
0,0,7.283885e-05
0,0,0.00013177456
0,0,2.0238042e-05
0,0,0.00015303238
0,0,4.5651053e-05
0,0,0.0009422469
0,0,4.4477143e-05
0,0,2.8225757e-05
0,0,3.8974244e-06
0,0,9.159857e-06
0,0,0.00091430877
0,0,1.1183125e-05
0,0,8.176207e-05
0,0,1.6234502e-05
0,0,1.8125651e-05
0,0,4.9079506e-05
0,0,0.00039029063
0,0,2.4778115e-05
0,0,0.00010976346
0,0,1.4983381e-05
0,0,1.84309e-05
0,0,0.00018396637
0,0,0.00013873664
0,0,5.606839e-05
1,1,0.96947867
0,0,5.4932316e-05
0,0,0.00040661148
0,0,0.00011098413
0,0,6.2711492e-06
0,0,0.00029056502
0,0,1.2245732e-05
0,0,8.5230364e-05
0,0,3.8860635e-05
0,0,3.7318673e-06
0,0,1.601209e-05
0,0,9.168947e-05
0,0,4.294171e-05
0,0,6.261761e-06
0,0,4.453153e-06
0,0,2.755161e-05
0,0,0.00010871742
0,0,1.0879625e-05
1,1,0.9567313
0,0,7.608049e-05
0,0,6.981023e-05
0,0,4.5283374e-05
0,0,0.0010764514
0,0,0.00032779892
0,0,2.504533e-05
0,0,6.587526e-05
0,0,1.8438759e-05
0,0,5.0691342e-05
0,0,3.477007e-05
0,0,1.6230864e-05
0,0,0.00025147962
0,0,3.6203368e-05
0,0,7.8478886e-05
0,0,2.0348974e-05
0,0,5.921797e-05
0,0,2.0916827e-05
0,0,5.2458818e-05
0,0,0.00011153166
0,0,0.00047360276
0,0,0.0006144945
0,0,0.0028172266
0,0,0.00010755757
0,0,6.2910003e-06
0,0,0.0002022079
0,0,2.182511e-05
0,0,0.00015410557
0,0,0.00018724278
0,0,0.00010836013
0,0,3.484153e-05
0,0,7.88169e-06
0,0,3.4636105e-05
0,0,0.0006895734
0,0,5.8016985e-06
0,0,4.3879078e-05
0,0,0.00016482953
0,0,1.8292758e-05
0,0,3.5991525e-05
0,0,0.012977664
0,0,2.8369348e-05
0,0,0.00014463368
0,0,0.0002254185
0,0,2.3689374e-05
0,0,3.9824627e-05
0,0,2.3724124e-05
0,0,3.9137183e-05
0,0,6.7849076e-05
0,0,8.476791e-06
0,0,0.00022885446
0,0,1.5326561e-05
0,0,3.624427e-05
0,0,1.656785e-05
0,0,0.00014128897
0,0,3.0499727e-05
0,0,0.00021873703
0,0,6.0373266e-05
0,0,4.7201906e-06
0,0,3.140248e-05
0,0,8.780293e-06
0,0,1.49445805e-05
0,0,0.0014430542
0,0,1.22571355e-05
0,0,0.0002545143
0,0,0.00017935823
0,0,0.00015503455
0,0,0.00026576515
0,0,2.0746158e-05
0,0,0.00035908338
0,0,0.00020804946
0,0,0.00018301635
0,0,9.379588e-06
0,0,4.8375852e-05
0,0,3.107437e-05
0,0,8.6947e-06
0,0,0.00013266999
0,0,8.706461e-05
0,0,0.000269436
0,0,4.7631265e-06
0,0,3.320837e-05
0,0,3.95154e-05
0,0,5.243986e-06
0,0,4.5532597e-06
0,0,6.9071602e-06
0,0,3.6968653e-05
0,0,0.0001008171
0,0,0.00047039756
0,0,0.00060447055
0,0,4.8222108e-05
0,0,2.0335801e-05
0,0,0.00032751652
0,0,1.2782939e-05
0,0,8.4340445e-06
0,0,0.00027019592
0,0,0.00016339846
0,0,4.616154e-06
0,0,0.0022819487
0,0,7.399422e-06
0,0,0.00014649595
0,0,6.8325717e-06
0,0,1.3320951e-05
0,0,1.8713303e-05
0,0,5.3630716e-05
0,0,7.284859e-06
0,0,2.3252447e-05
0,0,6.8868953e-06
0,0,3.311877e-05
0,0,8.125313e-05
0,0,4.1178104e-05
0,0,2.4878127e-05
0,0,9.853742e-05
0,0,1.7460747e-05
0,0,1.962404e-05
0,0,8.3511195e-06
0,0,7.963364e-06
0,0,5.6375097e-06
0,0,6.643028e-06
0,0,4.3460386e-05
0,0,3.2090447e-05
0,0,1.6212673e-05
0,0,7.362693e-05
0,0,0.0002711621
0,0,0.00011059082
0,0,6.347841e-05
0,0,0.00019197071
0,0,2.4881449e-05
0,0,2.0697309e-05
0,0,5.1745934e-05
0,0,0.00011014312
0,0,7.081208e-06
0,0,1.0519415e-05
0,0,3.9556195e-05
0,0,0.00042520976
0,0,0.00029078673
0,0,6.074199e-05
0,0,2.9316067e-05
0,0,5.861356e-05
0,0,5.2530202e-05
0,0,2.7817203e-05
0,0,8.7106964e-05
0,0,3.9186743e-05
0,0,0.00025446407
0,0,2.8277647e-05
0,0,0.0008458452
0,0,1.1075916e-05
0,0,0.00089468807
0,0,1.6702026e-05
0,0,1.8360832e-05
0,0,3.9631705e-06
0,0,1.6856233e-05
0,0,0.0013167885
0,0,1.8363791e-05
0,0,0.00088800926
0,0,8.2318475e-06
0,0,0.0005769958
0,0,3.6811187e-05
0,0,1.0769408e-05
0,0,5.646345e-06
0,0,0.0010795143
0,0,1.5782864e-05
0,0,7.754876e-05
0,0,0.00041219668
0,0,6.1804356e-05
0,0,8.9996225e-05
0,0,2.4056682e-05
0,0,0.00031534818
0,0,0.00013562808
0,0,1.3086671e-05
0,0,6.888514e-05
0,0,7.08858e-06
0,0,1.44801215e-05
0,0,9.091911e-05
0,0,0.00011308947
0,0,6.716093e-05
0,0,1.00382085e-05
0,0,0.0006945874
0,0,1.6486223e-05
0,0,7.3184633e-06
0,0,0.0036304493
0,0,0.00095476356
0,0,7.154458e-05
0,0,1.1622096e-05
0,0,6.084536e-05
0,0,2.1252494e-05
0,0,2.1651778e-05
0,0,2.0907672e-05
0,0,0.00025498867
0,0,1.5330259e-05
0,0,8.047833e-06
0,0,7.684368e-06
0,0,1.0898057e-05
0,0,2.2163322e-05
0,0,1.1976309e-05
0,0,3.7540667e-05
0,0,6.701334e-05
0,0,0.00015107391
0,0,0.0003257689
0,0,0.0006487559
0,0,0.00020415836
0,0,1.8296578e-05
0,0,0.00011853779
0,0,7.216338e-05
0,0,9.383157e-05
0,0,1.5464364e-05
0,0,2.1408985e-05
0,0,1.4292153e-06
0,0,7.2229723e-06
0,0,5.1058218e-05
0,0,1.2280266e-05
0,0,0.0040781167
0,0,4.562607e-05
0,0,2.106737e-05
0,0,7.1321076e-05
0,0,1.685633e-05
0,0,5.1902152e-05
0,0,4.895974e-05
0,0,9.055259e-05
0,0,0.00010787588
0,0,0.001429663
0,0,0.0002617153
0,0,0.00010894063
0,0,0.0033121754
0,0,2.8536004e-05
0,0,2.2790147e-05
0,0,3.4874043e-05
0,0,7.9436766e-05
0,0,2.1843245e-05
0,0,4.1898234e-06
0,0,0.00010390919
0,0,0.00015925807
0,0,0.00013704105
0,0,0.0027346043
0,0,0.00018433406
0,0,6.241002e-06
0,0,6.403411e-05
0,0,3.4051078e-05
0,0,4.5423334e-05
0,0,2.6859288e-06
0,0,0.00025765586
0,0,0.00049782405
0,0,1.6435266e-06
0,0,0.00020191408
0,0,2.7299015e-05
0,0,9.953131e-06
0,0,0.0016992325
0,0,1.0577944e-05
0,0,2.931478e-05
0,0,0.0011398786
0,0,3.1309337e-05
0,0,2.3315086e-05
0,0,3.7936396e-05
0,0,0.0014594523
0,0,0.000105736646
0,0,4.6263474e-05
0,0,4.1591782e-05
0,0,1.7842995e-05
0,0,0.0026292333
0,0,2.3992623e-05
0,0,9.871809e-05
0,0,2.1995485e-05
0,0,5.67006e-06
0,0,0.00061237835
0,0,3.0345442e-05
0,0,5.4125167e-06
0,0,9.834154e-06
0,0,0.00017647503
0,0,0.00018073781
0,0,2.6871156e-05
0,0,5.8947473e-05
0,0,1.3418964e-05
0,0,1.0609607e-05
0,0,5.646879e-05
0,0,4.052515e-05
0,0,6.3166885e-06
0,0,3.3973232e-05
0,0,3.3922955e-05
0,0,9.400131e-06
0,0,1.5899337e-05
0,0,1.307562e-05
0,0,4.0729636e-05
0,0,1.5313353e-05
0,0,8.844095e-06
0,0,0.0011286357
0,0,2.0309695e-05
0,0,0.00012926485
0,0,2.4519617e-05
0,0,1.8586901e-05
0,0,6.345289e-06
0,0,5.499009e-06
0,0,1.1464316e-05
0,0,0.00015160945
0,0,2.3627595e-06
0,0,1.4326188e-05
0,0,0.00019451282
0,0,9.469196e-05
0,0,9.169891e-05
0,0,2.0487127e-05
0,0,0.00015570612
0,0,5.5272136e-05
0,0,1.5569607e-05
0,0,0.00017602112
0,0,0.00012333188
0,0,9.0233916e-05
0,0,4.6083073e-06
0,0,5.0559447e-05
0,0,0.00033683045
0,0,5.561087e-05
0,0,3.1831438e-05
0,0,7.424073e-05
0,0,6.2115864e-06
0,0,4.759615e-05
0,0,1.493972e-05
0,0,2.7801876e-05
0,0,0.0001118435
0,0,6.579688e-06
0,0,2.9996665e-05
0,0,2.4429477e-05
0,0,1.4064219e-05
0,0,6.581721e-06
0,0,5.932927e-05
0,0,1.2975547e-05
0,0,5.366582e-06
0,0,1.1698145e-05
0,0,2.8770231e-05
0,0,3.5848785e-05
0,0,3.772499e-05
0,0,1.7407343e-05
0,0,0.0010673434
0,0,0.00045390273
0,0,0.0008645839
0,0,0.00050061947
0,0,4.5005996e-05
0,0,7.378177e-05
0,0,5.6503533e-05
0,0,4.1643416e-05
0,0,0.00033777393
0,0,8.423925e-05
0,0,9.141882e-05
0,0,5.712226e-06
0,0,2.8824967e-05
0,0,0.00010638057
0,0,2.1910717e-05
0,0,8.07799e-06
0,0,5.3428827e-05
0,0,2.4184394e-05
0,0,7.153495e-05
0,0,4.2216805e-05
0,0,4.474981e-05
0,0,4.698423e-05
0,0,6.015633e-06
0,0,8.680177e-06
0,0,6.130401e-05
0,0,0.00020996435
0,0,0.0008749728
0,0,2.6756156e-06
0,0,0.003214074
0,0,2.8962297e-05
0,0,2.3929624e-05
0,0,0.000121393525
0,0,6.832865e-05
0,0,5.9792346e-05
0,0,5.2072894e-05
0,0,1.1759171e-05
0,0,6.19475e-06
0,0,6.5282664e-05
0,0,8.437302e-05
0,0,3.932702e-05
0,0,8.592302e-05
0,0,0.00020727587
0,0,7.0057554e-06
0,0,7.5341115e-05
0,0,1.6221224e-05
0,0,6.3342795e-06
0,0,0.00064563204
0,0,0.00020242241
0,0,0.0001101781
0,0,0.000358706
0,0,4.6168145e-05
0,0,2.8953455e-06
0,0,1.7196622e-05
0,0,4.0725634e-05
0,0,8.184882e-05
0,0,1.1667483e-05
0,0,3.0537853e-05
0,0,3.2054726e-05
0,0,5.7727353e-05
0,0,1.6730643e-05
0,0,2.1356518e-05
0,0,2.0510917e-05
0,0,9.9675264e-05
0,0,0.0006639972
0,0,3.706011e-05
0,0,6.8412235e-05
0,0,0.0009953964
0,0,4.8838217e-05
0,0,6.668373e-06
0,0,7.883375e-05
0,0,4.9544058e-05
0,0,0.00324707
0,0,3.3182692e-05
0,0,2.1027046e-05
0,0,0.000120006065
0,0,2.543428e-06
0,0,5.5608805e-05
0,0,2.6883152e-05
0,0,9.837557e-05
0,0,0.0002940701
0,0,0.00057519996
0,0,4.0416042e-05
0,0,0.0002719212
0,0,1.4338339e-05
0,0,4.1950687e-05
0,0,1.8820938e-05
0,0,0.008743264
0,0,3.9826107e-05
0,0,1.6926966e-05
0,0,5.6606874e-05
0,0,4.9488863e-05
0,0,0.0008501399
0,0,0.00011141899
0,0,2.7345133e-05
0,0,8.780684e-05
0,0,5.9422073e-05
0,0,1.9729912e-05
0,0,9.122841e-06
0,0,3.6504673e-05
0,0,2.2988876e-05
0,0,0.0028117183
0,0,7.4504205e-05
0,0,6.0882385e-06
0,0,1.6134487e-05
0,0,0.0002060351
0,0,0.00030629302
0,0,0.00018912519
0,0,5.8164605e-05
0,0,0.0003305587
0,0,0.000919142
0,0,7.597248e-06
0,0,3.93643e-06
0,0,3.6644047e-05
0,0,3.4958266e-06
0,0,1.3360328e-05
0,0,8.762758e-05
0,0,1.637241e-05
0,0,2.5613295e-05
0,0,1.6915703e-05
0,0,0.00011614185
0,0,2.0480757e-05
0,0,9.131758e-05
0,0,4.033949e-05
0,0,0.000139191
0,0,0.00023443784
0,0,2.5300233e-06
0,0,0.0024262355
0,0,1.4057393e-05
0,0,0.0005405502
0,0,2.3818997e-05
0,0,4.8453694e-05
0,0,0.0002645802
0,0,1.5450803e-05
0,0,0.00014299511
0,0,3.4428176e-05
0,0,6.1935156e-05
0,0,4.9130547e-05
0,0,5.1000454e-05
0,0,8.615717e-06
0,0,6.4381597e-06
0,0,8.323053e-05
0,0,0.00052696257
0,0,9.664146e-06
0,0,1.1098066e-05
0,0,5.14641e-05
0,0,2.8951554e-05
0,0,0.00059496256
0,0,1.8765772e-05
0,0,3.9993643e-05
0,0,1.9575855e-05
0,0,2.6548027e-05
0,0,1.8745417e-05
0,0,4.5825567e-05
0,0,6.140804e-05
0,0,5.6423843e-05
0,0,3.7352365e-05
0,0,2.3415625e-05
0,0,0.00016640253
0,0,0.00012022358
0,0,1.819904e-05
0,0,0.0003054357
0,0,0.0011842202
0,0,4.8827583e-06
0,0,9.872421e-05
0,0,1.2902154e-05
0,0,7.3421625e-06
0,0,1.7614833e-05
0,0,4.0982457e-05
0,0,3.7189722e-05
0,0,2.6070184e-05
0,0,1.1813585e-05
0,0,0.000110116336
0,0,0.00042888863
0,0,2.1026926e-05
0,0,3.94095e-05
0,0,4.6404075e-05
0,0,0.0004732154
0,0,1.0763657e-05
0,0,6.8160036e-05
0,0,1.9058794e-05
0,0,1.879579e-05
0,0,0.00014626049
0,0,7.480805e-05
0,0,8.866424e-06
0,0,0.00061919744
0,0,0.00029975522
0,0,2.7904642e-05
0,0,0.00024462503
0,0,6.852133e-05
0,0,0.0001120724
0,0,1.10170695e-05
0,0,1.1898997e-05
0,0,9.023426e-05
0,0,2.4481555e-05
0,0,0.00020756027
0,0,1.2754712e-05
0,0,0.00047627496
0,0,5.075582e-05
0,0,9.095032e-05
0,0,1.3572661e-05
0,0,0.00036675035
0,0,0.00025828797
0,0,4.7878213e-05
0,0,2.7519023e-05
0,0,0.00018453982
0,0,0.0013164048
0,0,3.361849e-05
0,0,0.0004740332
0,0,2.7884134e-05
0,0,6.5938093e-06
0,0,2.324646e-05
0,0,1.992252e-05
0,0,2.0459069e-05
0,0,0.00024843347
0,0,0.00049111526
0,0,6.0118757e-05
0,0,1.1096722e-05
0,0,7.0961487e-06
0,0,9.6294236e-05
0,0,6.7776e-05
0,0,0.0007479485
0,0,5.211924e-05
0,0,4.7364458e-05
0,0,3.1355827e-05
0,0,0.0001301287
0,0,0.00027545134
0,0,0.00034853662
0,0,0.00022757846
0,0,8.049679e-05
0,0,2.3635486e-05
0,0,2.2775635e-05
0,0,9.135851e-05
0,0,1.8035662e-05
0,0,6.404614e-05
0,0,5.8877813e-05
0,0,3.475946e-05
0,0,2.3280605e-05
0,0,8.856949e-05
0,0,3.0262154e-05
0,0,4.443807e-06
0,0,0.00698814
0,0,6.078463e-06
0,0,3.5025827e-05
0,0,1.8675311e-05
0,0,4.86253e-06
0,0,4.313531e-05
0,0,0.00015111959
0,0,2.4412033e-05
0,0,0.00023137714
0,0,3.6867994e-05
0,0,1.1132697e-05
0,0,4.0455492e-05
0,0,0.0015442858
0,0,0.0001664549
0,0,1.8914738e-05
0,0,6.198154e-05
0,0,3.149332e-05
0,0,1.774217e-05
0,0,1.9944742e-05
0,0,7.917118e-05
0,0,8.171546e-05
0,0,0.00019481407
0,0,7.2447165e-06
0,0,6.088784e-06
0,0,1.1321876e-05
0,0,0.00047425515
0,0,2.1710439e-05
0,0,1.6959688e-05
0,0,2.7071676e-05
0,0,1.0859442e-05
0,0,1.6329607e-06
0,0,1.90352e-05
0,0,0.0003450247
0,0,0.0011950015
0,0,3.905048e-06
0,0,3.8506823e-05
0,0,4.290806e-05
0,0,3.149371e-05
0,0,2.4584708e-05
0,0,1.0957689e-05
0,0,7.882848e-06
0,0,5.6768346e-05
0,0,5.6692763e-05
0,0,0.0003269294
0,0,0.00022207222
0,0,1.070695e-05
0,0,6.353643e-05
0,0,3.794309e-05
0,0,5.321399e-05
0,0,8.9347464e-05
0,0,2.9026582e-05
0,0,1.5206825e-05
0,0,5.954119e-05
0,0,4.02254e-05
0,0,3.9390787e-05
0,0,3.4674867e-05
0,0,0.00014440672
0,0,0.00059817714
0,0,2.4693216e-05
0,0,0.00013456968
0,0,0.0011847414
0,0,5.602943e-05
0,0,5.037219e-06
0,0,5.7113313e-05
0,0,0.00028102566
0,0,7.386737e-05
0,0,7.5678895e-06
0,0,0.00023840164
0,0,6.0269454e-06
0,0,2.5100639e-05
0,0,2.3731953e-05
0,0,0.00019318332
0,0,0.00037628852
0,0,0.0006177742
0,0,1.5729025e-05
0,0,2.9446468e-05
0,0,8.810842e-06
0,0,0.00011931984
0,0,2.5628176e-05
0,0,6.9869134e-06
0,0,5.3010026e-05
0,0,5.026892e-06
0,0,1.2143428e-05
0,0,8.071499e-06
0,0,9.760501e-06
0,0,1.7249724e-05
0,0,0.0002748679
0,0,3.092909e-05
0,0,1.4069236e-05
0,0,1.6447842e-05
0,0,1.4552996e-05
0,0,0.00020558729
0,0,0.00025908736
0,0,9.340191e-05
0,0,0.0004751511
0,0,0.0028407206
0,0,0.0001976852
0,0,3.6991478e-06
0,0,0.00046656225
0,0,1.1243822e-05
0,0,3.0129922e-05
0,0,9.2922106e-05
0,0,5.1541894e-05
0,0,0.0001047998
0,0,4.667923e-06
0,0,4.6263474e-05
0,0,0.00019228489
0,0,3.1747797e-05
0,0,1.648366e-05
0,0,1.9350266e-05
0,0,0.00014834202
0,0,5.0918767e-05
0,0,1.2476351e-05
0,0,1.9307316e-05
0,0,7.3053825e-06
0,0,6.1833714e-05
0,0,7.682126e-06
0,0,1.2475113e-05
0,0,1.7491146e-05
0,0,5.3754175e-06
0,0,1.02429985e-05
0,0,0.00026033283
0,0,8.374212e-05
0,0,1.281003e-05
0,0,0.00012624841
0,0,2.6854914e-05
0,0,1.1227964e-05
0,0,5.7130957e-05
0,0,5.784048e-05
0,0,3.916392e-05
0,0,1.2845226e-05
0,0,3.3409597e-06
0,0,2.112916e-05
0,0,0.00013365583
0,0,6.713704e-05
0,0,5.9396978e-05
0,0,0.00014759564
0,0,9.858235e-05
0,0,2.8348963e-06
0,0,8.046552e-06
0,0,0.00011382829
0,0,9.145551e-06
0,0,0.0007960739
0,0,4.9851307e-05
0,0,4.1586387e-05
0,0,8.90214e-05
0,0,1.3991111e-05
0,0,5.5828088e-05
0,0,1.503729e-05
0,0,1.0798697e-05
0,0,1.1836827e-05
0,0,2.2074877e-05
0,0,2.2279664e-05
0,0,0.00013237265
0,0,0.0026867674
0,0,0.00033525552
0,0,0.00014619034
0,0,7.58858e-05
0,0,3.0067233e-05
0,0,2.3513636e-05
0,0,1.6711045e-05
0,0,3.7683494e-05
0,0,3.1472842e-05
0,0,3.0561112e-06
0,0,3.880438e-05
0,0,3.183781e-05
0,0,6.711643e-05
0,0,7.1803224e-06
0,0,3.0485333e-05
0,0,1.7664408e-05
0,0,9.7242755e-06
0,0,7.534813e-06
0,0,6.782562e-06
0,0,2.7303838e-06
0,0,1.8761371e-05
0,0,3.4351793e-05
0,0,1.7134122e-05
0,0,5.306273e-05
0,0,0.00053385796
0,0,3.3846598e-05
0,0,0.00013441617
0,0,2.622198e-05
0,0,3.1293544e-05
0,0,1.4569673e-05
0,0,3.225235e-05
0,0,8.449945e-06
0,0,2.2253651e-05
0,0,1.3181413e-05
0,0,9.220322e-06
0,0,3.6162965e-05
0,0,3.559822e-05
0,0,9.964462e-06
0,0,3.4413467e-06
0,0,3.7484537e-05
0,0,4.7304467e-05
0,0,0.0020742312
0,0,2.1419053e-05
0,0,4.006675e-05
0,0,8.3122095e-06
0,0,0.00012573159
0,0,1.1897817e-05
0,0,1.1448835e-05
0,0,0.00046017344
0,0,5.213823e-05
0,0,0.0017272884
0,0,0.00015778583
0,0,0.0019770777
0,0,0.00013856318
0,0,0.00019822938
0,0,0.0009840019
0,0,3.5663936e-05
0,0,4.4330078e-05
0,0,9.062083e-06
0,0,7.521413e-05
0,0,5.8373647e-05
0,0,0.00013567311
0,0,1.2493771e-05
0,0,2.0750847e-05
0,0,9.00777e-05
0,0,3.711889e-05
0,0,7.3891955e-05
0,0,0.00038365848
0,0,5.6035948e-05
0,0,7.750769e-06
0,0,6.385189e-06
0,0,4.518817e-06
0,0,2.3346058e-05
0,0,1.4157853e-05
0,0,3.6432786e-05
0,0,0.0006906688
0,0,1.91958e-05
0,0,1.7837652e-05
0,0,5.167768e-05
0,0,5.5704815e-05
0,0,1.5291142e-05
0,0,1.3906852e-05
0,0,0.00012454097
0,0,2.0795816e-05
0,0,0.0018568195
0,0,1.3459413e-05
0,0,4.5191915e-05
0,0,9.5178104e-05
0,0,2.5816416e-05
0,0,0.00048507605
0,0,0.0002558383
0,0,1.6890846e-05
0,0,3.2030217e-05
0,0,0.0005286925
0,0,9.2027785e-06
0,0,0.00029161628
0,0,0.00045455157
0,0,4.6636155e-06
0,0,0.00013448912
0,0,0.00035623752
0,0,0.0021021822
0,0,4.358257e-05
0,0,7.2345815e-06
0,0,2.1624313e-05
0,0,0.0006398854
0,0,2.9854913e-05
0,0,3.52379e-05
0,0,6.721147e-06
0,0,0.00012543233
0,0,4.6469257e-05
0,0,1.3187286e-05
0,0,2.6745263e-06
0,0,0.00052612065
0,0,4.0322648e-05
0,0,5.809583e-06
0,0,1.564295e-05
0,0,1.8654166e-05
0,0,2.580453e-05
0,0,2.967999e-05
0,0,0.000107420725
0,0,4.517412e-05
0,0,2.8223389e-05
0,0,4.2484695e-05
0,0,4.7579946e-05
1,1,0.9473012
0,0,4.4733682e-05
0,0,1.5490994e-05
0,0,5.545613e-05
0,0,7.2458715e-05
0,0,0.00055966614
0,0,0.00020146562
0,0,0.00011864217
0,0,0.00010491349
0,0,2.5965823e-05
0,0,6.138962e-06
0,0,0.00032020576
0,0,6.0582074e-06
0,0,4.6127087e-05
0,0,2.520284e-05
0,0,0.00011189364
0,0,8.283076e-05
0,0,9.8231016e-05
0,0,5.6236477e-05
0,0,1.1618828e-05
0,0,1.5656413e-05
0,0,0.00010694293
0,0,0.00027540224
0,0,5.116213e-05
0,0,2.2038323e-06
0,0,7.036591e-05
0,0,0.00038514918
0,0,0.0003493868
0,0,2.1576503e-05
0,0,2.2448408e-05
0,0,7.803137e-05
0,0,9.0438225e-06
0,0,6.6594184e-06
0,0,9.751946e-05
0,0,1.3212915e-05
0,0,8.066135e-06
0,0,1.0529562e-05
0,0,5.410664e-06
0,0,1.3827531e-05
0,0,5.2099364e-05
0,0,0.0018988965
0,0,9.696753e-06
0,0,3.177239e-05
0,0,4.9020007e-05
0,0,6.663446e-06
0,0,4.8938175e-05
0,0,1.8140316e-05
0,0,3.4409662e-05
0,0,8.8561894e-05
0,0,9.991164e-05
0,0,1.1782025e-05
0,0,1.7098651e-05
0,0,1.6077165e-05
0,0,2.4820329e-05
0,0,0.00024884572
0,0,5.0724324e-05
0,0,0.0007636936
0,0,0.0001444844
0,0,0.00017055536
0,0,4.4647808e-05
0,0,4.216969e-05
0,0,0.00021566916
0,0,2.5271143e-05
0,0,3.727266e-05
0,0,0.0010692669
0,0,7.198203e-06
0,0,6.021227e-05
0,0,1.0724772e-05
0,0,3.6612368e-05
0,0,0.000120949706
0,0,0.0018510408
0,0,5.6224522e-05
0,0,0.00011394558
0,0,2.4150306e-05
0,0,0.00036814332
0,0,2.5842848e-05
0,0,3.1884847e-05
0,0,1.9558816e-05
0,0,1.07286805e-05
0,0,0.00013261283
0,0,1.8354249e-05
0,0,6.471434e-05
0,0,8.605748e-06
0,0,2.043187e-05
0,0,2.544356e-05
0,0,1.2524799e-05
0,0,0.000172854
0,0,5.535789e-06
0,0,1.8832661e-05
0,0,2.8602837e-05
0,0,0.00044557336
0,0,3.244497e-05
0,0,5.4372314e-05
0,0,7.192197e-05
0,0,9.8665674e-05
0,0,6.778553e-06
0,0,5.4678574e-05
0,0,1.4373564e-05
0,0,2.9652378e-05
0,0,3.5182868e-05
0,0,3.7920447e-05
0,0,5.7652203e-05
0,0,6.3069856e-05
0,0,1.6883405e-05
0,0,1.8624834e-05
0,0,1.0177235e-05
0,0,6.5810396e-05
0,0,0.00012927632
0,0,1.2371058e-05
0,0,9.513212e-06
0,0,6.898526e-05
0,0,1.926077e-05
0,0,1.0699662e-05
0,0,3.8227252e-05
0,0,0.0001184796
0,0,0.00010895143
0,0,0.00014593909
0,0,9.188684e-05
0,0,1.9434833e-06
0,0,1.1287926e-05
0,0,0.00015122496
0,0,4.509531e-06
0,0,8.734502e-05
0,0,7.758261e-06
0,0,2.4922865e-05
0,0,0.000106125044
0,0,9.043504e-06
0,0,7.296301e-05
0,0,1.4766149e-05
0,0,7.577704e-06
0,0,1.3802064e-05
0,0,1.2164453e-05
0,0,0.00011536467
0,0,2.768627e-06
0,0,0.00022963191
0,0,1.1294548e-05
0,0,2.0784793e-05
0,0,3.8288144e-05
0,0,6.84388e-06
0,0,0.00024865434
0,0,8.5810725e-06
0,0,4.5051556e-06
0,0,0.00020205833
0,0,1.8751247e-05
0,0,5.6417375e-06
0,0,3.457083e-05
0,0,4.927337e-05
0,0,0.0010671894
0,0,1.6489337e-05
0,0,1.747529e-05
0,0,0.00038397367
0,0,0.00021116555
0,0,0.00018885921
0,0,4.908169e-06
0,0,6.275878e-05
0,0,9.0607e-05
0,0,0.00041607086
0,0,7.248545e-06
0,0,4.6341185e-05
0,0,1.7314478e-05
0,0,6.419558e-05
0,0,2.3522203e-05
0,0,7.7064935e-05
0,0,0.00043053942
0,0,3.2698837e-05
0,0,5.6763958e-05
0,0,1.7982748e-05
0,0,0.00824052
0,0,1.5321008e-05
0,0,2.2022015e-05
0,0,0.00027907893
0,0,2.1592517e-05
0,0,1.0139066e-05
0,0,3.8109574e-05
0,0,4.1880535e-06
0,0,0.00020359714
0,0,4.6956684e-05
0,0,9.822701e-06
0,0,0.022111677
0,0,1.6155087e-05
0,0,5.097452e-06
0,0,2.6851606e-06
0,0,2.0771953e-05
0,0,6.1947912e-06
0,0,9.570641e-06
0,0,3.1728214e-05
0,0,0.00019981085
0,0,7.696418e-06
0,0,1.9110885e-05
0,0,4.2757574e-06
0,0,0.00015779726
0,0,9.092919e-06
0,0,8.2506835e-05
0,0,0.0003126948
0,0,2.914094e-05
0,0,0.0001248194
0,0,4.53137e-05
0,0,0.00010477262
0,0,0.00022810136
0,0,0.000107033826
0,0,0.00014133342
0,0,1.638461e-05
0,0,4.5198817e-06
0,0,1.6062284e-05
0,0,6.062785e-06
0,0,8.857422e-05
0,0,1.1138251e-05
0,0,0.0011756518
0,0,4.812687e-05
0,0,9.54531e-06
0,0,7.640483e-05
0,0,0.00019249602
0,0,1.8767561e-05
0,0,1.19295155e-05
0,0,4.4708097e-05
0,0,2.3969891e-05
0,0,0.00013637103
0,0,2.2090922e-05
0,0,0.00016737099
0,0,4.048316e-05
0,0,0.0001127706
0,0,6.3537423e-06
0,0,1.1834141e-05
0,0,0.00012887998
0,0,3.0669333e-05
0,0,0.00045073387
0,0,0.00062511314
0,0,1.1965943e-05
0,0,4.9373935e-05
0,0,0.0002269793
0,0,5.374325e-05
0,0,4.657502e-05
0,0,9.851605e-06
0,0,1.8265302e-05
0,0,7.234866e-05
0,0,0.0005007185
0,0,0.00013169355
0,0,3.2878037e-05
0,0,9.34696e-06
0,0,0.00011153369
0,0,0.00012072595
0,0,2.987502e-05
0,0,0.0017673024
0,0,5.9655198e-05
0,0,4.2775853e-05
0,0,5.3915417e-05
0,0,0.00039406703
0,0,3.0987223e-05
0,0,0.00045823032
0,0,2.5676589e-05
0,0,1.7518272e-05
0,0,1.1936887e-06
0,0,6.327776e-05
0,0,1.9469973e-05
0,0,2.162912e-05
0,0,0.00058134925
0,0,1.5975194e-05
0,0,3.776793e-05
0,0,1.6089727e-05
0,0,4.1140356e-06
0,0,2.6952563e-05
0,0,4.8939713e-05
0,0,1.3797458e-05
0,0,0.004700721
0,0,2.3283645e-05
0,0,7.304425e-05
0,0,7.371074e-05
0,0,7.887774e-05
0,0,9.378596e-05
0,0,3.7189155e-05
0,0,0.00028578157
0,0,4.5483685e-06
0,0,0.00048801178
0,0,9.562585e-06
0,0,7.461519e-05
0,0,9.327192e-06
0,0,2.7322169e-05
0,0,0.0005547876
0,0,4.32499e-05
0,0,1.1737525e-05
0,0,0.00018692491
0,0,9.073827e-06
0,0,0.00033796928
0,0,0.00016289244
0,0,0.0001278429
0,0,1.6685264e-05
0,0,0.00061403436
0,0,8.705204e-06
0,0,0.00029667636
0,0,0.0003613514
0,0,3.7928992e-06
0,0,5.1131596e-05
0,0,3.777701e-05
0,0,0.00012530034
0,0,6.668491e-05
0,0,2.241153e-05
0,0,4.179376e-05
0,0,0.00018619292
0,0,4.5231754e-05
0,0,0.0008369077
0,0,7.165047e-05
0,0,1.1066645e-05
0,0,6.972075e-05
0,0,0.00015502596
0,0,0.00012567895
0,0,7.017774e-05
0,0,2.006541e-05
0,0,6.145086e-05
0,0,3.757215e-05
0,0,4.702749e-05
0,0,0.00011411401
0,0,2.9469787e-05
0,0,1.7405318e-05
0,0,0.00016355622
0,0,3.8631806e-05
0,0,3.8875685e-05
0,0,7.806406e-06
0,0,4.711673e-05
0,0,1.1940612e-05
0,0,7.442567e-05
0,0,0.00023529034
0,0,1.5517844e-05
0,0,2.7331342e-05
0,0,5.7925812e-05
0,0,1.2410611e-06
0,0,1.3382223e-05
0,0,0.0002892119
0,0,3.1241957e-06
0,0,0.00018964453
0,0,2.8657334e-05
0,0,0.0021621922
0,0,9.2442615e-06
0,0,0.000107013
0,0,9.308706e-05
0,0,6.583743e-06
0,0,0.00013932073
0,0,0.00010405346
0,0,2.1870468e-05
0,0,1.3888217e-05
0,0,5.639634e-06
1,1,0.8607842
0,0,5.180772e-06
0,0,0.00012957843
0,0,1.7636316e-05
0,0,3.3542976e-05
0,0,5.4616405e-05
0,0,0.0012300648
0,0,8.50866e-06
0,0,1.1570198e-05
0,0,1.1632075e-05
0,0,2.3815748e-05
0,0,0.00016182916
0,0,0.00012317451
0,0,1.9382438e-05
0,0,9.298964e-05
0,0,4.2943306e-05
0,0,0.0004201773
0,0,0.00010572586
0,0,4.362145e-05
0,0,0.00029663934
0,0,0.00014677196
0,0,2.1760537e-05
0,0,8.3140485e-06
0,0,1.4792901e-05
0,0,1.8543169e-05
0,0,2.4755866e-05
0,0,3.7274225e-05
0,0,2.1718224e-05
0,0,9.762493e-06
0,0,7.036663e-06
0,0,0.00017419651
0,0,9.821022e-05
0,0,1.2603184e-05
0,0,3.4618113e-06
0,0,7.3816605e-05
0,0,0.0002076529
0,0,3.0707508e-06
0,0,0.00021440024
0,0,1.641071e-05
0,0,4.8792877e-05
0,0,1.726317e-05
0,0,2.9518138e-05
0,0,3.371828e-05
0,0,1.8790683e-05
0,0,3.8437324e-06
0,0,5.551857e-05
0,0,4.4159704e-05
0,0,3.1871834e-05
0,0,7.4258074e-05
0,0,0.00018065891
0,0,2.988548e-05
0,0,0.00012600727
0,0,0.0006770826
0,0,2.4019226e-05
0,0,5.9981543e-05
0,0,0.00015285198
0,0,6.1223735e-05
0,0,0.005100363
0,0,6.3591438e-06
0,0,3.5469315e-05
0,0,0.00078080856
0,0,0.0006611953
0,0,0.000112315036
0,0,1.0640369e-05
0,0,0.0001350126
0,0,1.4746673e-05
0,0,0.00014817054
0,0,0.00018247757
0,0,0.00048460974
0,0,4.392949e-05
0,0,3.6272864e-05
0,0,0.00011222437
0,0,1.1968202e-05
0,0,8.549265e-06
0,0,0.00059614895
0,0,8.266174e-05
0,0,0.00020101988
0,0,0.00018755512
0,0,2.1859438e-05
0,0,0.0002848814
0,0,2.0759278e-05
0,0,0.000162903
0,0,0.0002608317
0,0,1.5276173e-05
0,0,0.0002070187
0,0,0.00023293811
0,0,3.1275315e-05
0,0,6.1405835e-06
0,0,0.00014949932
0,0,4.659035e-05
0,0,0.00011910396
0,0,2.1120115e-05
0,0,1.1982021e-05
0,0,2.7465065e-05
0,0,1.689642e-05
0,0,2.790427e-05
0,0,2.110745e-05
0,0,2.7611897e-05
0,0,7.915029e-06
0,0,8.263494e-05
0,0,2.1046266e-05
0,0,0.00020503662
0,0,2.4309536e-05
0,0,0.00039024805
0,0,1.971026e-05
0,0,1.2820112e-05
0,0,0.00011314717
0,0,4.914811e-06
0,0,6.502172e-05
0,0,4.012973e-05
0,0,0.0019525496
0,0,0.00019099611
0,0,1.7382876e-05
0,0,2.0914633e-05
0,0,1.8654166e-05
0,0,4.75767e-06
0,0,8.093474e-06
0,0,0.00018902225
0,0,2.5683566e-05
0,0,0.00015363723
0,0,0.0004751511
0,0,2.0732828e-05
0,0,7.700448e-05
0,0,3.683612e-05
0,0,1.2013818e-05
0,0,3.5564186e-05
0,0,9.433403e-06
0,0,3.831908e-05
0,0,6.649688e-05
0,0,0.00012807925
0,0,0.0003829724
0,0,3.6513444e-05
0,0,8.187184e-05
0,0,4.5611585e-05
0,0,5.8354894e-05
0,0,0.0042251847
0,0,0.000517078
0,0,9.22515e-06
0,0,4.1020583e-05
0,0,0.000105464365
0,0,0.00016318438
0,0,3.1519346e-06
0,0,9.837916e-06
0,0,3.522332e-05
0,0,1.2882679e-05
0,0,1.0723422e-05
0,0,0.013025522
0,0,0.0002515686
0,0,5.9274043e-06
0,0,5.8798305e-05
0,0,0.00035736084
0,0,9.011706e-05
0,0,0.0051766937
0,0,7.9574575e-06
0,0,1.2608713e-05
0,0,1.2636027e-05
0,0,3.7584727e-05
0,0,4.8785667e-05
0,0,0.00018359734
0,0,7.1773975e-05
0,0,0.00014618464
0,0,2.1599746e-05
0,0,3.4291046e-05
0,0,2.235134e-05
0,0,1.32005225e-05
0,0,0.000103676604
0,0,1.0339424e-05
0,0,1.5769367e-05
0,0,5.32578e-05
0,0,0.0025884176
0,0,1.4468514e-05
0,0,0.000771359
0,0,0.0009714493
0,0,6.0265236e-05
0,0,1.2457589e-05
0,0,0.0002505465
0,0,2.7590155e-05
0,0,0.000112094946
0,0,1.9047311e-05
0,0,1.6852697e-05
0,0,4.247987e-05
0,0,3.459428e-05
0,0,7.642782e-06
0,0,4.848037e-06
0,0,0.00049029785
0,0,0.00024237932
0,0,2.0163701e-05
0,0,4.531223e-05
0,0,7.485366e-06
0,0,5.60954e-05
0,0,7.634616e-06
0,0,2.9547287e-05
0,0,1.26572895e-05
0,0,4.3259963e-05
0,0,0.00010823663
0,0,6.075623e-06
0,0,5.3262018e-05
0,0,0.00017706175
0,0,6.8934987e-06
0,0,0.0002546097
0,0,4.025664e-05
0,0,3.9230395e-06
0,0,1.3085111e-05
0,0,4.282708e-05
0,0,0.00025770353
0,0,5.1038158e-05
0,0,0.00024656596
0,0,0.00021529646
0,0,9.367966e-06
0,0,4.1805677e-05
0,0,7.2713656e-06
0,0,8.496265e-05
0,0,0.00015714846
0,0,3.3758948e-05
0,0,2.6289486e-05
0,0,7.026787e-05
0,0,2.1097347e-05
0,0,4.7247527e-06
0,0,1.2246199e-05
0,0,1.3719887e-05
0,0,4.1522348e-05
0,0,0.00012504766
0,0,3.4242257e-05
0,0,0.00069003034
0,0,2.443712e-05
0,0,0.000115395706
0,0,3.736138e-05
0,0,0.00012871431
0,0,2.488057e-05
0,0,2.6489482e-05
0,0,2.3696448e-05
0,0,1.6825621e-05
0,0,7.1704606e-05
0,0,2.1030535e-05
0,0,2.131379e-05
0,0,0.000107332984
0,0,0.002530384
0,0,0.00063934166
0,0,0.0002795135
0,0,0.00012628127
0,0,1.6169746e-05
0,0,0.00011364847
0,0,1.2423232e-05
0,0,3.187977e-05
0,0,5.3194864e-05
0,0,5.0293333e-05
0,0,3.3518485e-05
0,0,6.3628013e-06
0,0,6.7428987e-06
0,0,1.7088512e-05
0,0,6.797225e-05
0,0,4.780827e-05
0,0,0.000102626094
0,0,1.3866831e-05
0,0,8.076675e-05
0,0,4.241361e-05
0,0,4.9956863e-05
0,0,1.3305463e-05
0,0,0.000799829
0,0,7.892958e-05
0,0,2.7538554e-05
0,0,1.2611528e-05
0,0,1.3270842e-05
0,0,7.722921e-05
0,0,0.00018509068
0,0,0.00012038946
0,0,3.5522902e-05
0,0,4.2111187e-06
0,0,3.0491121e-05
0,0,1.44142095e-05
0,0,0.00017365305
0,0,0.0029126948
0,0,8.26479e-06
0,0,2.8098186e-06
0,0,1.5005818e-05
0,0,3.2513824e-05
0,0,0.0006689009
0,0,4.108804e-05
0,0,0.0027774044
0,0,0.00013361697
0,0,4.132239e-05
0,0,5.5365188e-05
0,0,0.00011888497
0,0,0.00044721505
0,0,1.716379e-05
0,0,2.5781925e-05
0,0,2.1429269e-05
0,0,7.9748015e-06
0,0,1.3633868e-05
0,0,0.00019888917
0,0,4.8761944e-05
0,0,1.3819027e-05
0,0,0.0001018695
0,0,7.5013784e-05
0,0,4.239816e-05
0,0,2.4061821e-05
0,0,6.0133675e-06
0,0,0.00038957602
0,0,8.2394086e-05
0,0,0.0005421165
0,0,0.0005103309
0,0,3.4491106e-05
0,0,1.7509788e-05
0,0,6.7817537e-06
0,0,2.5439584e-05
0,0,0.00017962385
0,0,8.426335e-06
0,0,4.0957064e-05
0,0,3.3160613e-05
0,0,3.66153e-05
0,0,1.17139525e-05
0,0,5.576759e-05
0,0,3.7203732e-05
0,0,3.5444732e-06
0,0,0.00126372
0,0,0.00019463453
0,0,4.5021963e-05
0,0,1.1075916e-05
0,0,0.0007457628
0,0,4.3237444e-05
0,0,2.277911e-05
0,0,7.078195e-05
0,0,1.5329337e-05
0,0,2.2327267e-05
0,0,8.669083e-06
0,0,6.5070286e-05
0,0,0.0009805374
0,0,1.6192229e-05
0,0,1.8548582e-05
0,0,0.00017535656
0,0,8.472709e-06
0,0,6.4374044e-06
0,0,5.801703e-05
0,0,9.4801646e-05
0,0,1.7870905e-05
0,0,0.00018747486
0,0,4.3100154e-05
0,0,1.8857607e-05
0,0,7.5294214e-05
0,0,0.00025247614
0,0,0.00023339385
0,0,8.590693e-06
0,0,2.5397525e-05
0,0,3.4654902e-05
0,0,1.0993412e-05
0,0,4.037074e-05
0,0,0.00016247375
0,0,0.0001135697
0,0,6.5599124e-05
0,0,2.4425493e-05
0,0,3.350142e-05
0,0,4.761331e-05
0,0,0.00018579779
0,0,5.886479e-05
0,0,1.3050342e-05
0,0,0.001774006
0,0,6.437618e-05
0,0,0.00047834788
0,0,2.0683496e-05
0,0,6.113687e-05
0,0,1.4110959e-05
0,0,0.0030153452
0,0,0.00012763498
0,0,1.8547113e-05
0,0,0.00025227017
0,0,0.00035571912
0,0,7.836914e-06
0,0,3.1679323e-05
0,0,2.4433577e-05
0,0,1.336108e-05
0,0,0.00011947217
0,0,0.00015631066
0,0,8.38607e-05
0,0,2.556805e-05
0,0,5.0945426e-05
0,0,4.245229e-05
0,0,1.9529534e-05
0,0,7.333354e-05
0,0,0.00060027
0,0,6.207234e-05
0,0,1.922254e-06
0,0,0.00027279212
0,0,1.2046469e-05
0,0,0.00011357469
0,0,0.010251297
0,0,1.4857016e-05
0,0,3.5981966e-06
0,0,3.5522324e-05
0,0,0.00013514243
0,0,0.0008409967
0,0,1.4808257e-05
0,0,2.1688833e-05
0,0,0.0056738663
0,0,0.00013478428
0,0,1.2974904e-05
0,0,3.8765622e-05
0,0,0.00032189625
0,0,1.5717374e-05
0,0,2.3027229e-05
0,0,1.28680795e-05
0,0,5.062796e-05
0,0,0.00025844786
0,0,8.378145e-06
0,0,9.8527225e-06
0,0,0.005495929
0,0,1.4404782e-05
0,0,0.0001332992
0,0,5.0960978e-05
0,0,4.2402284e-05
0,0,7.502545e-05
0,0,1.2624102e-05
0,0,3.063782e-05
0,0,7.3155475e-06
0,0,5.2254858e-05
0,0,1.1617841e-05
0,0,0.0011918645
0,0,0.00010051731
0,0,6.8781235e-05
0,0,2.65518e-05
0,0,1.0151054e-05
0,0,0.0002685645
0,0,0.0005056929
0,0,0.000523915
0,0,9.069787e-06
0,0,6.420654e-05
0,0,9.446243e-05
0,0,0.0003364713
0,0,2.2720511e-05
0,0,1.3877215e-05
0,0,6.363381e-05
0,0,0.000100066674
0,0,1.5362002e-05
0,0,3.5718393e-05
0,0,1.1238399e-05
0,0,1.755098e-05
0,0,0.0007967554
0,0,4.9827406e-05
0,0,3.7466347e-05
0,0,0.0002127666
0,0,3.424007e-05
0,0,3.0091783e-06
0,0,6.106275e-06
0,0,1.7774906e-05
0,0,2.347709e-05
0,0,4.2875585e-05
0,0,5.536977e-06
0,0,0.00032186278
0,0,0.00014095094
0,0,6.9674106e-06
0,0,4.7000543e-05
0,0,2.5405932e-05
0,0,3.032334e-05
0,0,0.00011382829
0,0,1.7787404e-05
0,0,5.7938687e-05
0,0,0.00012002483
0,0,3.317722e-05
0,0,2.1307917e-05
0,0,3.93984e-06
0,0,0.00016685105
0,0,0.00011124743
0,0,1.7678869e-05
0,0,5.815592e-06
0,0,6.775236e-05
0,0,2.1668158e-05
0,0,1.4535768e-05
0,0,1.847315e-05
0,0,3.842088e-05
0,0,0.00012053982
0,0,5.085856e-06
0,0,0.00027694335
0,0,0.00019147001
0,0,0.001058567
0,0,1.1274285e-05
0,0,0.00015378527
0,0,2.5934665e-05
0,0,6.531025e-05
0,0,1.854386e-05
0,0,1.4300471e-05
0,0,1.2945216e-05
0,0,6.812143e-05
0,0,7.0765345e-05
0,0,1.1082804e-05
0,0,9.0456257e-07
0,0,1.8761604e-05
0,0,0.00037348235
0,0,2.3836676e-05
0,0,4.4463148e-05
0,0,2.525864e-05
0,0,2.476472e-05
0,0,8.662454e-05
0,0,9.9648176e-05
0,0,0.00013251384
0,0,1.2814489e-05
0,0,3.935407e-05
0,0,3.2626544e-05
0,0,4.798261e-05
0,0,0.00010314116
0,0,7.1479175e-05
0,0,1.07746055e-05
0,0,1.7969787e-05
0,0,0.002714916
0,0,9.291723e-05
0,0,5.445669e-05
0,0,3.9978164e-05
0,0,9.428951e-06
0,0,7.126689e-05
0,0,8.407375e-06
0,0,6.842267e-05
0,0,4.7153182e-05
0,0,0.000202083
0,0,8.639388e-06
0,0,2.6998378e-05
0,0,3.4465986e-05
0,0,1.3192065e-05
0,0,3.162804e-05
0,0,0.000105741485
0,0,1.8034234e-05
0,0,6.0052804e-05
0,0,0.00023815673
0,0,0.00016984034
0,0,2.6231963e-05
0,0,1.2163746e-05
0,0,0.0002442256
0,0,0.0004919054
0,0,2.308816e-05
0,0,8.72125e-06
0,0,3.478914e-05
0,0,7.1255614e-05
0,0,0.00012122244
0,0,0.00026480405
0,0,2.6228008e-05
0,0,0.00017215477
0,0,3.8060666e-06
0,0,2.1040947e-05
0,0,9.293965e-05
0,0,8.512192e-05
0,0,6.284735e-05
0,0,7.363416e-06
0,0,3.429327e-05
0,0,4.392291e-05
0,0,0.00013422086
0,0,9.574931e-06
0,0,9.318315e-05
0,0,6.089684e-05
0,0,7.720148e-06
0,0,2.4128096e-06
0,0,0.00013951244
0,0,0.00019547592
0,0,1.9822173e-05
0,0,8.850786e-06
0,0,0.00011517583
0,0,8.640302e-06
0,0,3.617876e-05
0,0,6.580021e-06
0,0,1.2972319e-05
0,0,1.4882613e-05
0,0,9.425054e-05
0,0,0.0011615034
0,0,9.80821e-05
0,0,1.1362568e-05
0,0,2.8229875e-05
0,0,6.909255e-06
0,0,2.1603084e-05
0,0,2.827042e-05
0,0,6.54176e-06
0,0,2.6600968e-05
0,0,6.695087e-05
0,0,7.402344e-06
0,0,0.00013533703
0,0,6.7134665e-06
0,0,1.6435424e-05
0,0,6.5941235e-06
0,0,4.524297e-05
0,0,8.892544e-05
0,0,8.960933e-06
0,0,9.30339e-05
0,0,0.00021163278
0,0,6.314237e-05
0,0,0.00019773384
0,0,8.278749e-05
0,0,5.231564e-05
0,0,2.7960901e-05
0,0,0.00014706292
0,0,0.00031021482
0,0,1.1557449e-05
0,0,0.00074202963
0,0,4.426739e-05
0,0,1.1395753e-05
0,0,4.1130734e-05
0,0,2.6866235e-05
0,0,0.0013913189
0,0,0.00016142908
0,0,1.1922146e-05
0,0,6.7980004e-06
0,0,2.9484545e-05
0,0,1.0000905e-05
0,0,8.235073e-05
0,0,8.0205704e-05
0,0,0.0044090394
0,0,9.213682e-05
0,0,3.6568574e-05
0,0,5.2751093e-06
0,0,2.3074204e-05
0,0,2.4531779e-05
0,0,1.2897923e-05
0,0,0.00087404746
0,0,5.7376906e-06
0,0,8.502847e-05
0,0,0.002178948
0,0,8.231014e-05
0,0,5.470262e-05
0,0,1.6370866e-05
0,0,0.000108710985
0,0,0.00011742873
0,0,0.0005804902
0,0,4.330157e-05
0,0,6.365177e-05
0,0,1.0783651e-05
0,0,3.219516e-05
0,0,2.5341033e-05
0,0,8.729472e-05
0,0,2.4138932e-05
0,0,0.00048800898
0,0,9.438122e-05
0,0,6.404412e-06
0,0,4.1221374e-06
0,0,8.723614e-05
0,0,0.00047806342
0,0,0.00035197943
0,0,0.00012123607
0,0,0.0002858674
0,0,0.00013604568
0,0,3.7533575e-06
0,0,9.823028e-06
0,0,8.815002e-06
0,0,1.823048e-05
0,0,2.350951e-05
0,0,1.2954628e-05
0,0,8.311013e-06
0,0,0.0030636543
0,0,2.218521e-05
0,0,0.0001233881
0,0,0.00028348796
0,0,6.56259e-05
0,0,6.6184425e-06
0,0,1.0343053e-05
0,0,0.00013059472
0,0,7.1716575e-05
0,0,1.3657474e-05
0,0,3.562702e-05
0,0,0.00025195337
0,0,5.9122893e-05
0,0,0.0006625736
0,0,1.2047813e-05
0,0,0.0002729849
0,0,1.7921064e-05
0,0,6.0759485e-05
0,0,0.00019570474
0,0,1.650858e-05
0,0,5.750291e-05
0,0,7.636535e-05
0,0,1.021391e-05
0,0,4.3477276e-06
0,0,4.4632525e-05
0,0,7.545019e-05
0,0,2.951974e-05
0,0,0.00037782823
0,0,4.7563346e-05
0,0,0.00034266044
0,0,3.6332098e-05
0,0,1.2204087e-05
0,0,6.074958e-05
0,0,0.0010991928
0,0,0.0004765588
0,0,0.00048200449
0,0,0.00035885547
0,0,1.9042916e-05
0,0,0.00014742123
0,0,2.126482e-05
0,0,4.988422e-05
0,0,0.00014153424
0,0,2.1376974e-05
0,0,1.5909165e-05
0,0,1.7453438e-05
0,0,4.474862e-05
0,0,5.9843455e-06
0,0,0.00028740897
0,0,1.5844256e-05
0,0,6.0146176e-06
0,0,8.504647e-05
0,0,0.00014544508
0,0,0.00048673587
0,0,3.171209e-05
0,0,5.7143163e-05
0,0,6.9673355e-05
0,0,1.7114657e-05
0,0,4.440325e-06
0,0,4.5984652e-05
0,0,0.00034102035
0,0,0.00018712285
0,0,2.4178122e-05
0,0,9.688685e-05
0,0,0.0001269257
0,0,4.298178e-06
0,0,0.000493946
0,0,3.061501e-05
0,0,8.385759e-05
0,0,0.00019301708
0,0,7.634001e-05
0,0,9.881393e-07
0,0,9.798646e-05
0,0,7.764515e-06
0,0,7.760517e-06
0,0,1.2987619e-05
0,0,0.00014749814
0,0,6.872996e-05
0,0,1.1905103e-05
0,0,0.0008876349
0,0,1.5547173e-05
0,0,1.8495413e-05
0,0,1.0298997e-05
0,0,2.9164932e-05
0,0,2.0877826e-05
0,0,0.0001726741
0,0,3.6576315e-05
0,0,8.657383e-05
0,0,1.4481835e-05
0,0,0.00018095372
0,0,4.599588e-05
0,0,3.0653922e-05
0,0,0.00012751114
0,0,3.1675096e-05
0,0,0.00014571563
0,0,0.0001879599
0,0,7.3377523e-06
0,0,0.00033733304
0,0,0.012331982
0,0,6.518158e-05
0,0,3.7686657e-06
0,0,0.00033867336
0,0,1.0713988e-05
0,0,2.2025692e-05
0,0,1.5162832e-05
0,0,8.781549e-06
0,0,2.7546748e-05
0,0,2.0166759e-05
0,0,0.00037267464
0,0,0.000102415615
0,0,4.8823826e-05
0,0,2.194472e-05
0,0,2.0346819e-05
0,0,4.814597e-05
0,0,0.0001503062
0,0,5.6669953e-05
0,0,0.0012186709
0,0,0.0008153392
0,0,0.00012780902
0,0,0.000118978984
0,0,0.00011459675
0,0,9.793583e-06
0,0,1.8905956e-05
0,0,1.1346001e-05
0,0,0.0011345899
0,0,2.1472984e-05
0,0,9.467407e-06
0,0,4.0860627e-06
0,0,0.00012957139
0,0,0.0019487632
0,0,9.5354335e-05
0,0,1.3058697e-05
0,0,4.8017846e-06
0,0,4.2536747e-05
0,0,4.802399e-05
0,0,0.0007209692
0,0,0.00010080538
0,0,6.1610226e-05
0,0,6.6730804e-06
0,0,2.3180093e-05
0,0,9.881545e-06
0,0,0.00032785925
0,0,5.2625266e-05
0,0,8.143867e-05
0,0,0.00021360996
0,0,8.05285e-05
0,0,2.486847e-06
0,0,9.7507e-05
0,0,8.54175e-05
0,0,0.00017812075
0,0,2.7344122e-06
0,0,1.0910379e-05
0,0,1.5199041e-05
0,0,0.00016325613
0,0,0.0010814273
0,0,2.90726e-05
0,0,1.771289e-05
0,0,2.6441654e-05
0,0,3.144875e-05
0,0,7.147134e-05
0,0,0.00014419811
0,0,3.4532775e-05
0,0,6.3572943e-06
0,0,0.00017807253
0,0,2.112233e-05
0,0,2.2349783e-05
0,0,0.0014899507
0,0,1.5983698e-05
0,0,0.000119773424
0,0,7.867056e-05
0,0,3.4410223e-05
0,0,1.945056e-05
0,0,1.6848873e-05
0,0,4.0099047e-05
0,0,4.15082e-06
0,0,9.820339e-05
0,0,8.8922556e-05
0,0,2.0879299e-05
0,0,0.0022940168
0,0,3.085658e-06
0,0,4.3683434e-05
0,0,0.00031590942
0,0,2.9337127e-05
0,0,5.240137e-05
0,0,4.515767e-05
0,0,7.284377e-05
0,0,5.2886873e-05
0,0,5.2970667e-05
0,0,1.3566075e-05
0,0,0.0019334485
0,0,1.7528952e-05
0,0,2.422927e-05
0,0,1.0595874e-05
0,0,0.00020359714
0,0,7.010275e-05
0,0,5.7927307e-05
0,0,1.5835827e-05
0,0,3.751361e-05
0,0,3.0831645e-05
0,0,9.537889e-05
0,0,0.00019677708
0,0,2.3946517e-05
0,0,4.709786e-05
0,0,0.0007814625
0,0,2.3443904e-06
0,0,0.0001793957
0,0,0.0013434509
0,0,1.3770812e-05
0,0,5.733309e-06
0,0,1.627923e-05
0,0,0.00048317824
0,0,4.064323e-05
0,0,1.2150053e-05
0,0,3.5514942e-05
0,0,5.6161257e-06
0,0,7.353529e-05
0,0,1.4763953e-05
0,0,0.0013914547
0,0,2.84063e-05
0,0,0.0021565023
0,0,6.681072e-06
0,0,1.4803147e-05
0,0,1.642751e-05
0,0,1.9866286e-05
0,0,0.00015583057
0,0,7.020188e-06
0,0,0.0001811728
0,0,1.8519382e-05
0,0,3.7241254e-05
0,0,1.8185317e-05
0,0,6.1247796e-05
0,0,3.2218963e-05
0,0,0.000104494036
0,0,0.0001631581
0,0,2.2916358e-05
0,0,9.979306e-06
0,0,2.6625688e-05
0,0,0.0008823953
0,0,0.0006990703
0,0,3.763957e-05
0,0,1.4040754e-05
0,0,0.0015141619
0,0,3.085197e-05
0,0,2.7407277e-06
0,0,0.00038989258
0,0,5.629478e-06
0,0,4.871031e-05
0,0,6.8312365e-05
0,0,7.697548e-05
0,0,0.0001810747
0,0,2.4268444e-05
0,0,2.4108704e-05
0,0,0.00012165262
0,0,1.9374176e-05
0,0,5.210891e-05
0,0,1.7450326e-05
0,0,1.4312914e-05
0,0,1.9797784e-05
0,0,1.30848375e-05
0,0,4.5327917e-05
0,0,0.00024258392
0,0,7.447485e-06
0,0,0.00017113383
0,0,9.5233245e-06
0,0,5.6809935e-05
0,0,3.5466204e-05
0,0,0.0011345283
0,0,0.0012042124
0,0,1.35717555e-05
0,0,5.928533e-05
0,0,7.217446e-05
0,0,7.67048e-05
0,0,2.4329203e-05
0,0,9.0540925e-06
0,0,1.76773e-05
0,0,4.4768036e-05
0,0,0.0004699514
0,0,0.0023819269
0,0,4.059036e-05
0,0,2.445801e-05
0,0,9.574904e-06
0,0,0.0003191762
0,0,8.360528e-05
0,0,5.523241e-05
0,0,3.8805752e-05
0,0,5.2833595e-05
0,0,1.8398605e-05
0,0,0.00014167778
0,0,1.8103592e-05
0,0,0.00067095866
0,0,2.7739981e-05
0,0,6.1260995e-05
0,0,0.00047728937
0,0,1.852825e-05
0,0,3.454674e-06
0,0,5.716055e-05
0,0,2.8687604e-05
0,0,0.00021574175
0,0,0.00023342567
0,0,1.286641e-05
0,0,1.3866963e-05
0,0,3.219166e-05
0,0,1.1001739e-05
0,0,0.00011759827
0,0,1.1002422e-05
0,0,0.00029597658
0,0,0.00554152
0,0,1.8283914e-05
0,0,4.39548e-05
0,0,1.1094437e-05
0,0,8.4714615e-05
0,0,4.3993674e-05
0,0,4.3646873e-05
0,0,1.32401365e-05
0,0,1.2738496e-05
0,0,0.00015515344
0,0,0.00014697292
0,0,9.511316e-06
0,0,6.0764698e-05
0,0,3.2379594e-05
0,0,1.0753767e-05
0,0,6.36961e-05
0,0,5.9356516e-06
0,0,2.3643648e-05
0,0,1.6166323e-05
0,0,8.4641695e-05
0,0,0.00060980866
0,0,0.029604996
0,0,3.736056e-05
0,0,0.00011826017
0,0,4.1374165e-05
0,0,1.2724351e-05
0,0,2.687951e-05
0,0,4.0572595e-05
0,0,0.0005519599
0,0,4.436156e-06
0,0,3.6573212e-05
0,0,3.1339507e-05
0,0,3.2403965e-05
0,0,0.00012734941
0,0,0.00066446536
0,0,7.565934e-05
0,0,1.3204149e-05
0,0,0.0001333643
0,0,3.584639e-05
0,0,7.253434e-06
0,0,9.171491e-05
0,0,7.2291054e-06
0,0,0.0001127935
0,0,9.8098004e-05
0,0,8.4630316e-05
0,0,6.3346356e-06
0,0,0.000373214
0,0,3.8797094e-05
0,0,0.00027095617
0,0,5.7010468e-05
0,0,6.129929e-06
0,0,0.0007263671
0,0,2.1476302e-05
0,0,7.1869865e-05
0,0,6.5412605e-06
0,0,0.00035971057
0,0,1.7127522e-05
0,0,1.0395583e-05
0,0,7.97233e-06
0,0,4.4970515e-05
0,0,0.00030806655
0,0,1.6557267e-05
0,0,3.7587488e-05
0,0,4.5122757e-05
0,0,6.9322305e-06
0,0,0.00023319056
0,0,0.001932191
0,0,0.00010715719
0,0,3.2152788e-05
0,0,3.5369438e-05
0,0,1.3726023e-05
0,0,0.00062038447
0,0,0.00011449114
0,0,8.319736e-06
0,0,0.00014210383
0,0,0.0008685908
0,0,0.0028555575
0,0,2.0083004e-05
0,0,2.9726274e-05
0,0,2.1663118e-05
0,0,0.00010011392
0,0,0.00070780923
0,0,3.265602e-05
0,0,5.8298938e-05
0,0,1.4963419e-05
0,0,2.6688302e-05
0,0,5.0223935e-05
0,0,5.7168427e-06
0,0,4.209596e-05
0,0,0.0002812626
0,0,0.00016758147
0,0,1.1020788e-05
0,0,5.7468536e-05
0,0,6.5132367e-06
0,0,1.2336257e-05
0,0,1.3742462e-05
0,0,7.789138e-06
0,0,4.6256857e-05
0,0,3.9281327e-05
0,0,2.435151e-05
0,0,0.00010793864
0,0,0.00026299173
0,0,0.00010440311
0,0,4.902856e-05
0,0,0.00048735534
0,0,6.0489387e-05
0,0,6.6869875e-06
0,0,3.7301783e-05
0,0,1.51821205e-05
0,0,3.811641e-05
0,0,5.558166e-05
0,0,1.08021795e-05
0,0,7.4969525e-05
0,0,4.5755136e-05
0,0,2.3441118e-05
0,0,1.7847673e-05
0,0,2.0906176e-05
0,0,2.3697714e-05
0,0,7.0342817e-06
0,0,0.00015150858
0,0,4.2076904e-06
0,0,1.2760357e-05
0,0,0.00019532873
0,0,6.316532e-05
0,0,9.166219e-05
0,0,2.6524416e-05
0,0,6.296534e-06
0,0,1.1395916e-05
0,0,7.270803e-05
0,0,0.00022764901
0,0,5.919466e-05
0,0,4.992067e-05
0,0,1.2446214e-05
0,0,3.676996e-05
0,0,3.4572909e-06
0,0,0.0030835662
0,0,0.00012375126
0,0,0.00015503145
0,0,0.00047695308
0,0,7.2476814e-06
0,0,0.00017871022
0,0,3.7030186e-05
0,0,1.648605e-05
0,0,0.00012847605
0,0,9.1005e-06
0,0,4.3667387e-06
0,0,3.88861e-05
0,0,6.0096863e-06
0,0,9.172523e-06
0,0,3.232517e-05
0,0,4.8498036e-06
0,0,6.0180013e-05
0,0,1.4857513e-05
0,0,5.994775e-05
0,0,0.00049065624
0,0,8.1775324e-05
0,0,2.51841e-05
0,0,6.9895323e-06
0,0,7.29279e-06
0,0,4.8249334e-05
0,0,0.006194913
0,0,4.2177544e-06
0,0,1.2759188e-05
0,0,0.00011386857
0,0,2.0264733e-05
0,0,0.0010172839
0,0,1.995123e-05
0,0,0.00017451271
0,0,2.9632109e-05
0,0,0.00032144238
0,0,0.00021985189
0,0,3.4407596e-05
0,0,1.9746665e-05
0,0,0.00030905087
0,0,4.8163693e-05
0,0,2.0967973e-05
0,0,0.00018665918
0,0,8.010733e-06
0,0,6.0116286e-05
0,0,6.975752e-05
0,0,1.0009378e-05
0,0,8.211227e-05
0,0,8.8821456e-05
0,0,4.8048452e-05
0,0,0.00010724654
0,0,7.2897305e-06
0,0,3.844049e-05
0,0,2.176417e-05
0,0,1.3740273e-05
0,0,1.9509152e-05
0,0,3.9502327e-05
0,0,7.7036075e-06
0,0,7.079012e-05
0,0,4.6468944e-05
0,0,1.9402374e-05
0,0,1.2321935e-05
0,0,0.0011712668
0,0,2.0254261e-05
0,0,1.0752761e-05
0,0,0.0020101115
0,0,5.1025945e-05
0,0,5.2407715e-05
0,0,5.5068213e-05
0,0,0.0001401995
0,0,1.7681632e-05
0,0,2.1508153e-05
0,0,7.666838e-05
0,0,0.00013662627
0,0,3.5091554e-05
0,0,3.136486e-05
0,0,7.239564e-06
0,0,8.707039e-06
0,0,1.540575e-05
0,0,0.00024005279
0,0,7.478131e-06
0,0,0.0010056276
0,0,3.9058414e-06
0,0,0.00011114659
0,0,6.25507e-06
0,0,8.094795e-05
0,0,9.210821e-06
0,0,0.00070532056
0,0,0.00010719245
0,0,0.0021134284
0,0,3.986258e-05
0,0,0.005874315
0,0,0.00017120043
0,0,2.4724699e-05
0,0,0.00011822555
0,0,7.415501e-06
0,0,1.9641133e-05
0,0,1.002842e-05
0,0,0.00026660468
0,0,2.1129067e-06
0,0,3.547084e-05
0,0,7.68829e-05
0,0,0.0056564934
0,0,4.141352e-05
0,0,1.9285859e-05
0,0,1.1022344e-05
0,0,0.00012415466
0,0,0.00042460038
0,0,0.0021798853
0,0,0.00013121059
0,0,0.00031909376
0,0,0.00020717332
0,0,7.953535e-06
0,0,3.1176594e-06
0,0,9.502457e-05
0,0,1.5256795e-05
0,0,1.4838764e-05
0,0,9.355655e-06
0,0,2.5481198e-05
0,0,3.0670562e-05
0,0,3.5013003e-05
0,0,4.3284643e-05
0,0,0.00017909882
0,0,0.00011207015
0,0,8.815944e-06
0,0,1.2472021e-05
0,0,2.3543747e-05
0,0,5.056129e-06
0,0,5.726268e-05
0,0,5.245207e-05
0,0,3.6031393e-05
0,0,1.9999045e-05
0,0,1.6631837e-05
0,0,4.395006e-05
0,0,0.00011935875
0,0,4.9038413e-06
0,0,1.0544942e-06
0,0,0.000103606726
0,0,2.5610903e-05
0,0,0.00015328692
0,0,8.200451e-06
0,0,5.9343474e-05
0,0,3.493379e-05
0,0,4.9040016e-05
0,0,3.2670723e-05
0,0,5.116418e-05
0,0,2.227977e-05
0,0,5.341812e-06
0,0,1.5338683e-05
0,0,1.09276025e-05
0,0,7.864099e-06
0,0,6.2180276e-05
0,0,0.00063347816
0,0,9.468021e-06
0,0,9.835065e-06
0,0,3.085644e-05
0,0,2.171816e-05
0,0,9.693333e-06
0,0,1.7040375e-05
0,0,9.1007234e-05
0,0,1.567307e-05
0,0,5.8051122e-05
0,0,5.5055525e-06
0,0,3.630948e-05
0,0,1.3950966e-05
0,0,2.3399196e-05
0,0,0.00025770674
0,0,5.000553e-05
0,0,1.6058792e-05
0,0,6.439417e-05
0,0,2.397444e-05
0,0,1.5600493e-05
0,0,4.5780043e-06
0,0,1.0320382e-05
0,0,1.3145059e-05
0,0,7.721463e-05
0,0,0.00026423155
0,0,7.67763e-05
0,0,5.2597825e-05
0,0,0.00088358833
0,0,0.0018396545
0,0,9.912475e-05
0,0,4.461129e-05
0,0,7.3044835e-06
0,0,8.639059e-06
0,0,5.4153406e-06
0,0,0.00015896691
0,0,2.9594887e-05
0,0,0.00014688185
0,0,7.6228525e-06
0,0,2.0409087e-05
0,0,8.003266e-05
0,0,7.5189064e-06
0,0,3.2146687e-05
0,0,3.0140469e-05
0,0,0.00017501913
0,0,0.00038112348
0,0,6.1333885e-05
0,0,4.124115e-06
0,0,2.7968985e-05
0,0,4.0694966e-05
0,0,3.036006e-05
0,0,1.6244863e-05
0,0,0.00013843495
0,0,0.00014018387
0,0,4.401487e-05
0,0,5.3891376e-06
0,0,2.5983609e-05
0,0,6.34539e-05
0,0,7.3940896e-06
0,0,2.0035925e-05
0,0,0.00012021051
0,0,6.252151e-05
0,0,0.0006355358
0,0,5.199187e-05
0,0,1.41619585e-05
0,0,1.3607109e-05
0,0,0.00046844664
0,0,9.672391e-05
0,0,1.12242815e-05
1,1,0.9390225
0,0,5.114114e-06
0,0,7.335282e-06
0,0,6.723122e-05
0,0,6.016247e-06
0,0,0.00012270325
0,0,9.398766e-05
0,0,2.0765041e-05
0,0,0.000105301864
0,0,3.415261e-05
0,0,0.00013948331
0,0,1.4515226e-05
0,0,1.5528179e-06
0,0,1.4666044e-05
0,0,1.6222708e-05
0,0,1.7108188e-06
0,0,1.1728674e-05
0,0,2.9713066e-05
0,0,2.012998e-05
0,0,0.000105099025
0,0,2.6250129e-05
0,0,1.2784657e-05
0,0,5.9401962e-05
0,0,7.862958e-06
0,0,7.5436205e-06
0,0,1.1738068e-06
0,0,3.458867e-05
0,0,7.730101e-06
0,0,2.285878e-05
0,0,2.2632517e-05
0,0,0.0001671525
0,0,3.031383e-06
0,0,6.124166e-05
0,0,8.5024985e-05
0,0,1.0703622e-05
0,0,8.08079e-05
0,0,1.339586e-05
0,0,2.0601623e-05
0,0,8.405067e-06
0,0,5.5105374e-06
0,0,0.0001261738
0,0,3.1642096e-05
0,0,0.00013772356
0,0,8.1926664e-05
0,0,2.341002e-05
0,0,6.4283e-05
0,0,1.0579074e-05
0,0,0.00020066045
0,0,3.7342998e-05
0,0,2.9321352e-05
0,0,4.2999204e-06
0,0,2.9583036e-05
0,0,8.99915e-05
0,0,3.9568982e-05
0,0,0.00018239304
0,0,0.0008212153
0,0,4.814638e-05
0,0,3.7803355e-05
0,0,0.00037638503
0,0,8.125157e-05
0,0,1.6687332e-05
0,0,9.40822e-06
0,0,4.6963346e-06
0,0,3.3040127e-05
0,0,0.00012561762
0,0,1.8502471e-05
0,0,6.3383454e-06
0,0,4.2397514e-05
0,0,1.0722871e-05
0,0,4.2843334e-05
0,0,0.00016803748
0,0,1.9037832e-05
0,0,2.3372366e-05
0,0,0.00013717165
0,0,0.00012549046
0,0,1.2049537e-05
0,0,4.183663e-05
0,0,4.6632285e-06
0,0,0.00014541762
0,0,1.683665e-05
0,0,0.00035611136
0,0,0.00037657758
0,0,0.000111518915
0,0,7.22148e-05
0,0,2.6010111e-05
0,0,8.959471e-06
0,0,4.9028e-05
0,0,0.000107947395
0,0,0.0008319788
0,0,5.651755e-05
0,0,2.95726e-05
0,0,4.5464676e-05
0,0,4.921556e-06
0,0,0.00025418427
0,0,0.000104094746
0,0,5.6200934e-05
0,0,1.0695734e-05
0,0,3.8500975e-06
0,0,6.057399e-06
0,0,5.8998197e-05
0,0,2.6052612e-06
0,0,1.8490495e-05
0,0,7.147917e-06
0,0,1.1300637e-06
0,0,0.0027687436
0,0,6.313545e-06
0,0,4.2945435e-06
0,0,0.0022191608
0,0,0.00011740265
0,0,0.00047595525
0,0,4.2744286e-06
0,0,2.5859785e-05
0,0,9.263703e-06
0,0,2.7379523e-05
0,0,4.922275e-05
0,0,0.0004815673
0,0,2.6873076e-05
0,0,5.967288e-06
0,0,7.891009e-05
0,0,1.01997575e-05
0,0,0.0040903846
0,0,6.35171e-05
0,0,9.40376e-05
0,0,1.0348312e-05
0,0,1.1000271e-05
0,0,5.58625e-06
0,0,0.0005313281
0,0,0.00011608836
0,0,4.2887277e-06
0,0,5.6041343e-05
0,0,3.3471526e-05
0,0,1.6329655e-05
0,0,0.0004326218
0,0,4.711673e-05
0,0,8.072522e-06
0,0,0.00011741126
0,0,0.0029412336
0,0,0.0008659129
0,0,3.5532594e-05
0,0,4.339119e-05
0,0,0.00024732907
0,0,1.1035239e-05
0,0,5.168596e-05
0,0,1.2764848e-05
0,0,5.5011056e-05
0,0,0.00017326174
0,0,3.2130258e-05
0,0,0.00014325646
0,0,5.2191113e-05
0,0,0.000253027
0,0,2.1065402e-05
0,0,1.39577405e-05
0,0,5.0833714e-05
0,0,9.627966e-06
0,0,1.3813256e-05
0,0,0.0008835963
0,0,4.845951e-05
0,0,0.00018641425
0,0,6.359656e-05
0,0,0.0004707129
0,0,8.966267e-06
0,0,3.0910633e-05
0,0,0.00073574146
0,0,2.6258691e-05
0,0,0.00027581846
0,0,5.177285e-06
0,0,5.8124406e-05
0,0,1.8396446e-05
0,0,4.430781e-05
0,0,1.781776e-05
0,0,7.2439376e-05
0,0,0.00015032511
0,0,2.7563987e-05
0,0,0.00018443832
0,0,1.3235983e-05
0,0,5.6433787e-06
0,0,4.699606e-05
0,0,0.00016604402
0,0,5.7173416e-05
0,0,3.884949e-06
0,0,3.9813007e-05
0,0,7.068597e-05
0,0,3.2505824e-05
0,0,3.4278455e-06
0,0,0.00023064611
0,0,8.117004e-06
0,0,1.8172712e-05
0,0,8.65353e-06
0,0,2.0690402e-05
0,0,7.102997e-05
0,0,6.9864975e-05
0,0,3.6764737e-05
0,0,1.2451996e-05
0,0,5.0213013e-05
0,0,0.00016151808
0,0,6.2935156e-05
0,0,1.824582e-05
0,0,2.1669854e-05
0,0,0.001802595
0,0,0.00013816447
0,0,0.0003805397
0,0,0.00022789203
0,0,3.8484977e-05
0,0,0.0003589422
0,0,0.000578777
0,0,3.61153e-05
0,0,4.869584e-06
0,0,5.025967e-05
0,0,0.0005643505
0,0,3.8696257e-05
0,0,0.00011467173
0,0,0.0006442515
0,0,1.5329337e-05
0,0,0.038302954
0,0,8.578613e-05
0,0,4.7243517e-05
0,0,6.236217e-05
0,0,0.00035271104
0,0,5.4782333e-05
0,0,3.2265205e-05
0,0,0.00013991997
0,0,0.00010527225
0,0,1.0787396e-05
0,0,1.7014994e-05
0,0,1.0045486e-05
0,0,4.729847e-05
0,0,3.470716e-05
0,0,1.1008929e-05
0,0,5.8930334e-05
0,0,3.0558167e-06
0,0,0.0006265413
0,0,0.0005976437
0,0,0.00012463614
0,0,0.0011911524
0,0,4.7707686e-06
0,0,1.737096e-05
0,0,8.277238e-06
0,0,0.0015117646
0,0,3.3266533e-05
0,0,9.0943495e-06
0,0,0.00010459374
0,0,3.137913e-05
0,0,6.220596e-05
0,0,7.164774e-05
0,0,2.0231173e-05
0,0,0.00019536224
0,0,7.8068064e-05
0,0,4.618823e-06
0,0,1.3662593e-05
0,0,3.5732362e-05
0,0,0.00013660463
0,0,6.668017e-06
0,0,1.8975932e-05
0,0,0.00018034637
0,0,7.741063e-06
0,0,0.00053367176
0,0,0.00031613326
0,0,0.00012594985
0,0,1.9919917e-05
0,0,2.3728264e-05
0,0,9.639855e-06
0,0,0.00014721641
0,0,5.285073e-05
0,0,0.00011256207
0,0,2.5839794e-05
0,0,9.8944656e-05
0,0,1.590915e-05
0,0,2.7877752e-05
0,0,3.2279455e-05
0,0,0.00013055425
0,0,0.00076102844
0,0,7.898492e-06
0,0,0.0002733847
0,0,1.3164178e-05
0,0,4.1578376e-05
0,0,3.4759094e-05
0,0,1.2394073e-05
0,0,6.7045556e-05
0,0,8.215268e-06
0,0,8.066969e-05
0,0,2.3007146e-05
0,0,0.0017829387
0,0,1.8142946e-05
0,0,6.744018e-06
0,0,1.7400655e-05
0,0,0.00034369313
0,0,0.00029230773
0,0,0.0010749804
0,0,7.2242747e-06
0,0,4.284419e-06
0,0,0.00019586229
0,0,4.1561834e-06
0,0,0.00014770996
0,0,5.0699953e-05
0,0,8.25465e-05
0,0,1.3179114e-05
0,0,0.0003408795
0,0,1.1062593e-05
0,0,9.803488e-06
0,0,0.0003567162
0,0,8.2401246e-05
0,0,1.2058423e-05
0,0,3.3269767e-05
0,0,2.2558435e-05
0,0,8.1209975e-05
0,0,2.650985e-05
0,0,4.9268016e-05
0,0,4.2983092e-06
0,0,3.0413958e-05
0,0,1.10684605e-05
0,0,1.2523223e-05
0,0,5.937565e-06
0,0,4.638823e-05
0,0,1.796069e-05
0,0,1.2198619e-05
0,0,4.931944e-05
0,0,2.0458972e-05
0,0,4.9452683e-06
0,0,9.680798e-05
0,0,0.00018195514
0,0,2.5697458e-05
0,0,8.136984e-06
0,0,1.29308055e-05
0,0,1.3175344e-05
0,0,6.4104124e-06
0,0,0.00018575511
0,0,9.167451e-06
0,0,0.0002789313
0,0,0.00014947195
0,0,9.06217e-06
0,0,1.3313243e-05
0,0,3.0656523e-05
0,0,1.6446196e-05
0,0,3.0891362e-05
0,0,7.954172e-06
0,0,1.9177194e-05
0,0,5.8744495e-06
0,0,2.2202503e-05
0,0,5.4371125e-05
0,0,0.00018397885
0,0,3.0781132e-06
0,0,2.8983157e-05
0,0,1.3976294e-05
0,0,8.323838e-05
0,0,1.8556579e-05
0,0,7.6972756e-05
0,0,1.20361e-05
0,0,2.3245575e-05
0,0,4.6558813e-05
0,0,2.2130229e-05
0,0,5.9752732e-05
0,0,9.169331e-06
0,0,0.00091381057
0,0,1.8789016e-05
0,0,5.858963e-06
0,0,2.0162e-06
0,0,4.693466e-05
0,0,7.668416e-06
0,0,9.6440155e-05
0,0,2.5268684e-05
0,0,2.575934e-05
0,0,5.821555e-05
0,0,1.788059e-05
0,0,3.3326734e-05
0,0,1.6406031e-05
0,0,3.3506498e-05
0,0,2.2775504e-05
0,0,2.9174278e-05
0,0,3.872206e-05
0,0,7.048975e-06
0,0,0.0032566586
0,0,2.1748754e-05
0,0,4.418621e-06
0,0,0.00021650731
0,0,3.541537e-05
0,0,2.5310554e-05
0,0,9.941214e-05
0,0,0.00012876526
0,0,0.00014123198
0,0,2.0804446e-05
0,0,1.0852092e-05
0,0,2.3162018e-05
0,0,0.00016825537
0,0,3.0805226e-05
0,0,6.193096e-06
0,0,0.0003195568
0,0,5.1556202e-05
0,0,0.00010005332
0,0,0.0009754592
0,0,2.817649e-06
0,0,6.1108954e-06
0,0,7.743735e-06
0,0,1.6036463e-05
0,0,0.00014859629
0,0,0.00016639919
0,0,1.8836201e-05
0,0,4.0379637e-05
0,0,2.6291265e-05
0,0,9.227535e-06
0,0,0.00017856459
0,0,0.0011932782
0,0,1.44872765e-05
0,0,3.1441617e-05
0,0,0.00033161862
0,0,2.6269461e-05
0,0,9.7052e-06
0,0,0.00010738888
0,0,5.9927745e-05
0,0,0.00010440789
0,0,4.7107253e-05
0,0,0.0012700828
0,0,2.9792343e-05
0,0,0.000108603126
0,0,4.3967502e-06
0,0,0.00063313625
0,0,0.00017505184
0,0,4.8558835e-05
0,0,6.868803e-05
0,0,5.7939236e-05
0,0,1.3481006e-05
0,0,0.0010619026
0,0,1.4691997e-05
0,0,8.490261e-06
0,0,0.00023845394
0,0,6.933235e-06
0,0,1.4239761e-05
0,0,3.9728657e-06
0,0,1.1707776e-05
0,0,1.9676361e-05
0,0,7.673142e-06
0,0,9.462507e-05
0,0,0.0011757436
0,0,3.737642e-05
0,0,0.0019305851
0,0,8.203901e-05
0,0,1.4364205e-05
0,0,2.06638e-05
0,0,0.00032547212
0,0,0.00011912146
0,0,8.086916e-06
0,0,4.66513e-05
0,0,5.5073306e-05
0,0,2.3854482e-05
0,0,0.00010896858
0,0,2.4850171e-05
0,0,0.00015178925
0,0,0.000688778
0,0,0.00035871763
0,0,0.00045157014
0,0,1.0845026e-05
0,0,5.5754776e-06
0,0,1.44853975e-05
0,0,5.3577246e-06
0,0,3.0837084e-05
0,0,1.7178854e-05
0,0,3.5798737e-05
0,0,1.1066076e-05
0,0,2.1661754e-05
0,0,0.00010566347
0,0,0.0001080307
0,0,9.679725e-06
0,0,0.00073508336
0,0,0.00027416987
0,0,0.0002686603
0,0,1.41109185e-05
0,0,4.3413183e-06
0,0,1.5406338e-05
0,0,3.4590783e-05
0,0,6.3554453e-06
0,0,3.4859546e-05
0,0,3.895462e-05
0,0,7.429091e-06
0,0,5.941944e-06
0,0,4.8660768e-05
0,0,3.432769e-05
0,0,2.1419257e-05
0,0,2.0483825e-05
0,0,0.00028182604
0,0,0.000112062895
0,0,2.401934e-05
0,0,1.5811065e-05
0,0,0.00065468723
0,0,1.6349444e-05
0,0,6.3109983e-06
0,0,7.787519e-05
0,0,5.0244627e-05
0,0,0.00019307045
0,0,0.0018648676
0,0,4.514854e-06
0,0,2.3880633e-05
0,0,0.000102998056
0,0,1.8115197e-05
0,0,2.3522001e-05
0,0,8.573366e-06
0,0,0.0011422831
0,0,2.6706173e-05
0,0,1.2320785e-05
0,0,1.6901997e-05
0,0,1.908424e-05
0,0,1.4566645e-05
0,0,4.0765926e-06
0,0,0.00010680096
0,0,0.00034814427
0,0,8.4747095e-05
0,0,0.0002362403
0,0,0.00012707514
0,0,1.7931408e-05
0,0,7.6186366e-06
0,0,9.456608e-05
0,0,2.4188614e-05
0,0,0.0007697521
0,0,1.1356891e-05
0,0,0.024745988
0,0,0.0002386482
0,0,2.8047323e-05
0,0,2.4046798e-05
0,0,8.144854e-05
0,0,0.00038250975
0,0,2.529909e-05
0,0,5.7265934e-06
0,0,8.7501496e-05
0,0,0.0001063688
0,0,8.9193345e-06
0,0,7.3227225e-06
0,0,0.000114695686
0,0,2.2407661e-05
0,0,6.249731e-05
0,0,0.00018183875
0,0,1.704569e-05
0,0,1.1506333e-05
0,0,0.00013983995
0,0,0.00020562866
0,0,0.000102824655
0,0,3.1055057e-05
0,0,0.0001445271
0,0,9.6680116e-05
0,0,6.961452e-05
0,0,3.844771e-05
0,0,2.3819292e-05
0,0,2.8792601e-05
0,0,3.3932195e-06
0,0,9.866092e-07
0,0,0.0012083546
0,0,4.4977718e-05
0,0,0.00019728715
0,0,4.613272e-06
0,0,0.0002240339
0,0,5.803706e-05
0,0,3.6140555e-05
1,1,0.9895698
0,0,0.0008612846
0,0,0.00014852757
0,0,2.845649e-05
0,0,8.703755e-05
0,0,4.144252e-05
0,0,0.00086593477
0,0,1.0052674e-05
0,0,7.1049544e-05
0,0,0.00017804757
0,0,3.4519276e-06
0,0,1.9130652e-05
0,0,4.7974096e-05
0,0,9.733526e-06
0,0,2.0252948e-05
0,0,0.00015756812
0,0,4.5330726e-05
0,0,0.00024662944
0,0,5.1524108e-05
0,0,1.7449178e-05
0,0,0.00041093727
0,0,0.00093785196
0,0,6.387499e-05
0,0,4.3701752e-06
0,0,3.8198647e-05
0,0,4.107508e-06
0,0,8.779514e-06
0,0,1.9585881e-05
0,0,4.83456e-06
0,0,2.1534363e-05
0,0,1.7852542e-05
0,0,8.041033e-05
0,0,6.6281186e-06
0,0,1.742523e-05
0,0,2.546287e-06
0,0,2.3373123e-05
0,0,4.329019e-06
0,0,2.700461e-05
0,0,0.0011353013
0,0,8.467119e-06
0,0,0.0002542839
0,0,1.795944e-05
0,0,2.6390362e-05
0,0,9.8689576e-05
0,0,7.7597724e-05
0,0,4.1269188e-05
0,0,1.9449873e-05
0,0,0.0002160423
0,0,1.8264484e-05
0,0,0.00013505445
0,0,1.2888959e-05
0,0,4.2982883e-05
0,0,4.2458167e-05
0,0,3.269887e-05
0,0,0.00048146473
0,0,1.630684e-05
0,0,0.00033357504
0,0,4.799812e-05
0,0,3.7417242e-06
0,0,0.00015502317
0,0,8.323625e-06
0,0,1.1161006e-05
0,0,7.03998e-05
0,0,0.00016269203
0,0,9.4276525e-05
0,0,5.154209e-05
0,0,0.00019023295
0,0,2.7953036e-05
0,0,5.7232326e-05
0,0,1.88977e-05
0,0,4.1508334e-05
0,0,2.066374e-05
0,0,1.587558e-05
0,0,9.275938e-05
0,0,1.1819501e-05
0,0,2.2736334e-05
0,0,2.6890151e-05
0,0,4.7414578e-05
0,0,5.8745285e-05
0,0,4.36931e-05
0,0,0.0009293393
0,0,0.00016152547
0,0,1.4862642e-05
0,0,5.4363707e-05
0,0,0.00021989738
0,0,0.002261582
0,0,0.0003632218
0,0,9.418571e-06
0,0,6.713986e-05
0,0,1.7163527e-05
0,0,5.0951454e-05
0,0,0.00012631573
0,0,0.00058787625
0,0,4.088436e-05
0,0,1.1069748e-05
0,0,8.761005e-06
0,0,7.786591e-05
0,0,0.0004915993
0,0,1.5195315e-05
0,0,1.0357543e-05
0,0,0.00013861287
0,0,0.00027042502
0,0,3.0193145e-05
0,0,5.5975757e-05
0,0,9.195646e-06
0,0,3.5729881e-06
0,0,3.0921925e-05
0,0,4.7670736e-05
0,0,0.00038224034
0,0,7.4502905e-06
0,0,1.0182905e-05
0,0,0.0003096289
0,0,0.00026299298
0,0,3.220612e-05
0,0,3.193661e-05
0,0,6.5484244e-05
0,0,0.00012942865
0,0,5.2448962e-05
0,0,0.00063283945
0,0,1.458555e-05
0,0,0.0012291302
0,0,4.62051e-05
0,0,2.0820703e-06
0,0,9.5893876e-05
0,0,1.8198589e-05
0,0,9.9776924e-05
0,0,5.0579424e-06
0,0,7.72055e-05
0,0,0.00025943117
0,0,0.00063910155
0,0,6.062411e-05
1,1,0.9860865
0,0,3.565448e-05
0,0,1.5236335e-06
0,0,4.395157e-05
0,0,5.742789e-05
0,0,4.3714354e-05
0,0,6.1194155e-06
0,0,7.6739325e-06
0,0,5.1044244e-05
0,0,3.3745204e-05
0,0,0.00043188687
0,0,0.00015874577
0,0,6.26855e-05
0,0,6.600245e-06
0,0,7.195208e-05
0,0,0.0005603039
0,0,0.00017924215
0,0,3.0370775e-06
0,0,2.391256e-05
0,0,7.928216e-05
0,0,0.0001265518
0,0,5.699562e-05
0,0,7.3439965e-06
0,0,8.825258e-05
0,0,5.819909e-06
0,0,9.615157e-06
0,0,8.1254366e-05
0,0,3.6171416e-05
0,0,0.00015315267
0,0,4.2059046e-06
0,0,0.00014692584
0,0,1.2223622e-05
0,0,0.00086603337
0,0,1.489613e-05
0,0,1.5264144e-05
0,0,3.1278567e-05
0,0,1.3918222e-05
0,0,0.00013926216
0,0,3.201388e-05
0,0,1.379121e-05
0,0,5.3307026e-06
0,0,0.00014093214
0,0,1.7130284e-05
0,0,4.1094583e-05
0,0,0.00031844885
0,0,0.00011608737
0,0,9.572548e-06
0,0,7.577415e-05
0,0,0.0009999864
0,0,4.693927e-05
0,0,1.8010602e-05
0,0,8.750467e-06
0,0,0.00076795986
0,0,3.8497536e-05
0,0,1.9210727e-05
0,0,0.00028901672
0,0,3.918719e-05
0,0,1.1641886e-05
0,0,9.446991e-05
0,0,4.298912e-05
0,0,0.00019798004
0,0,0.0020738323
0,0,1.6259835e-05
0,0,0.00010084259
0,0,0.0007960117
0,0,0.000117551754
0,0,4.2091222e-05
0,0,0.00048735534
0,0,2.538883e-05
0,0,7.346359e-05
0,0,0.00014674173
0,0,2.5217627e-05
0,0,3.26478e-05
0,0,9.755346e-06
0,0,8.287118e-06
0,0,4.193245e-05
0,0,8.60089e-06
0,0,0.00014972543
0,0,1.0398002e-05
0,0,3.141515e-05
0,0,8.317697e-05
0,0,9.583784e-06
0,0,2.6922327e-05
0,0,3.7285492e-05
0,0,1.1628527e-05
0,0,6.1032013e-05
0,0,3.8958857e-05
0,0,0.0010854634
0,0,0.00023605274
0,0,0.00012833194
0,0,4.3542277e-05
0,0,0.00018580824
0,0,3.5846664e-05
0,0,0.00011858584
0,0,0.00019873164
0,0,1.837793e-05
0,0,4.2094794e-05
0,0,5.0252725e-05
0,0,3.17813e-05
0,0,0.0008813407
0,0,7.694215e-05
0,0,0.0009033994
0,0,6.583517e-06
0,0,4.806422e-05
0,0,1.1258297e-05
0,0,2.716724e-05
0,0,2.582319e-05
0,0,3.6567213e-05
0,0,0.00014932707
0,0,5.6741173e-06
0,0,1.3998864e-05
0,0,1.2637303e-05
0,0,3.5809023e-06
0,0,3.4170916e-05
0,0,0.0008468533
0,0,2.0966914e-05
0,0,2.0163681e-05
0,0,0.00013682274
0,0,3.7511287e-05
0,0,2.582092e-06
0,0,7.551142e-06
0,0,1.2736309e-05
0,0,8.846271e-06
0,0,0.000117058
0,0,0.0011383394
0,0,1.8968955e-06
0,0,4.3216874e-05
0,0,8.909291e-05
0,0,1.1648672e-05
0,0,0.00012148188
0,0,7.3078413e-06
0,0,5.2324062e-06
0,0,2.4260924e-05
0,0,4.067537e-06
0,0,1.5448062e-05
0,0,2.4612107e-05
0,0,1.0930792e-05
0,0,2.301612e-05
0,0,2.1845455e-05
0,0,2.2894055e-05
0,0,0.00038762187
0,0,3.3139968e-05
0,0,6.692017e-05
0,0,3.4401855e-05
0,0,5.2566185e-05
0,0,0.009218394
0,0,0.00032206322
0,0,0.00043013704
0,0,9.0690855e-06
0,0,4.1034276e-05
0,0,0.00043172264
0,0,1.2938392e-05
0,0,0.00026722995
0,0,6.465827e-05
0,0,5.7057528e-06
0,0,3.6176276e-05
0,0,2.5905425e-05
0,0,0.00010700545
0,0,0.023014292
0,0,1.0425745e-05
0,0,2.0038391e-05
0,0,3.550905e-05
0,0,0.0006149796
0,0,3.4985667e-05
0,0,0.00011025356
0,0,0.0006160141
0,0,4.359232e-06
0,0,2.700456e-06
0,0,0.0013415547
0,0,3.0588482e-05
0,0,1.0688606e-05
0,0,9.190684e-06
0,0,2.3951292e-05
0,0,0.00019640368
0,0,0.00016432328
0,0,1.2608004e-05
0,0,7.7717625e-05
0,0,0.0011641657
0,0,2.543262e-05
0,0,1.1415429e-05
0,0,3.7302067e-05
0,0,0.00011519001
0,0,8.361516e-05
0,0,9.458476e-05
0,0,9.371881e-06
0,0,6.375085e-05
0,0,1.1268233e-05
0,0,3.052639e-06
0,0,0.00053382537
0,0,3.9290768e-05
0,0,6.524489e-05
0,0,3.8954284e-05
0,0,5.6128792e-05
0,0,1.4156004e-05
0,0,1.2014069e-05
0,0,7.839818e-05
0,0,1.9529312e-05
0,0,0.00012260009
0,0,2.5796207e-06
0,0,1.5981883e-05
0,0,1.4216302e-05
0,0,5.9831755e-06
0,0,0.0028306164
0,0,8.993943e-05
0,0,4.4285673e-05
0,0,2.2793538e-05
0,0,6.0725015e-05
0,0,1.7367645e-06
0,0,1.7544756e-06
0,0,2.3994751e-05
0,0,0.00016659987
0,0,4.551526e-05
0,0,0.00013389654
0,0,2.304265e-05
0,0,4.8585625e-06
0,0,8.279262e-05
0,0,6.167987e-06
0,0,0.00032738512
0,0,3.913502e-05
0,0,0.0001061046
0,0,0.00076090876
0,0,0.0010471137
0,0,7.700258e-06
0,0,2.9161705e-05
0,0,0.0003397723
0,0,6.343486e-06
0,0,2.1965536e-06
0,0,0.00014042413
0,0,0.0001281082
0,0,1.3961654e-05
0,0,0.0004564447
0,0,2.4303392e-05
0,0,2.4117993e-05
0,0,0.00044047396
0,0,2.701365e-06
0,0,0.00011322466
0,0,0.00010342174
0,0,5.9111694e-06
0,0,2.3444181e-05
0,0,0.0011053091
0,0,4.3355612e-05
0,0,7.038463e-05
0,0,1.62583e-05
0,0,1.703342e-05
0,0,3.820759e-06
0,0,0.00023804778
0,0,5.6985897e-05
0,0,0.000110880566
0,0,0.0024167704
0,0,6.213814e-06
0,0,4.0720082e-05
0,0,5.074992e-05
0,0,8.8258384e-05
0,0,2.1471798e-05
0,0,5.5129058e-05
0,0,5.768586e-05
0,0,1.9716914e-05
0,0,0.0003562098
0,0,9.858268e-06
0,0,1.0768216e-05
0,0,0.00012647494
0,0,1.7097249e-05
0,0,9.096324e-05
0,0,0.00023011849
0,0,0.00030365036
0,0,7.640545e-06
0,0,1.22196825e-05
0,0,0.002469399
0,0,4.654847e-05
0,0,7.91712e-06
0,0,1.7331164e-05
0,0,4.8881066e-06
0,0,0.0012641443
0,0,0.000187514
0,0,7.785886e-05
0,0,0.00010764909
0,0,0.00014774757
0,0,2.5295833e-05
0,0,1.0081669e-05
0,0,0.0011048312
0,0,1.5708629e-06
0,0,3.580414e-06
0,0,3.7276146e-05
0,0,1.8467796e-05
0,0,1.9269606e-05
0,0,3.0237863e-05
0,0,5.0012157e-05
0,0,1.2613393e-05
0,0,7.2101604e-05
0,0,4.3371037e-05
0,0,8.026578e-06
0,0,9.289075e-06
0,0,3.1768785e-05
0,0,5.645214e-06
0,0,1.1062277e-05
0,0,1.9269699e-05
0,0,0.00017836363
0,0,2.8047e-06
0,0,8.0737416e-05
0,0,0.00013955994
0,0,1.26055875e-05
0,0,2.1670825e-05
0,0,2.0291362e-05
0,0,8.058017e-06
0,0,3.8945556e-05
0,0,8.509182e-05
0,0,5.3154297e-05
0,0,5.3569787e-05
0,0,5.7753723e-06
0,0,1.5668376e-05
0,0,6.6097437e-06
0,0,2.347912e-06
0,0,5.333698e-06
0,0,2.4478706e-05
0,0,0.00027125597
0,0,1.4628441e-05
0,0,2.0889536e-05
0,0,2.3740804e-05
0,0,0.00022391688
0,0,8.276081e-05
0,0,1.7111946e-05
0,0,0.0007305385
0,0,0.00033218946
0,0,0.00063864974
0,0,0.00025605402
0,0,1.5676209e-05
0,0,1.8238636e-05
0,0,6.0949944e-05
0,0,1.6967679e-05
0,0,2.0484977e-05
0,0,4.3452634e-05
0,0,4.4201923e-05
0,0,0.00011251152
0,0,5.0434053e-05
0,0,5.1588515e-05
0,0,1.07374735e-05
0,0,0.0010709225
0,0,5.68848e-05
0,0,5.3711747e-06
0,0,0.00033233676
0,0,1.038598e-05
0,0,1.8777784e-05
0,0,2.5802388e-05
0,0,5.4771677e-05
0,0,1.2205426e-05
0,0,0.00019804083
0,0,4.3835207e-05
0,0,0.00011777952
0,0,5.0417322e-05
0,0,4.461282e-05
0,0,4.907894e-05
0,0,6.5470895e-06
0,0,1.2307232e-05
0,0,6.623487e-06
0,0,1.3672955e-05
0,0,1.2364476e-05
0,0,7.9815436e-05
0,0,3.1366686e-05
0,0,3.5595334e-05
0,0,0.00017379354
0,0,1.5547395e-05
0,0,5.4170785e-05
0,0,1.2723259e-05
0,0,0.00026192522
0,0,7.114345e-05
0,0,0.00014593214
0,0,4.8278425e-06
0,0,3.4992772e-05
0,0,0.0002176768
0,0,0.00082996715
0,0,0.00015264661
0,0,7.797811e-05
0,0,7.42613e-06
0,0,7.940908e-06
0,0,4.9421134e-05
0,0,1.1693939e-05
0,0,0.00026017925
0,0,8.037292e-05
0,0,0.00048713243
0,0,1.2528753e-05
0,0,1.9842882e-05
0,0,7.6686865e-06
0,0,2.1934049e-05
0,0,2.9998237e-05
0,0,6.476886e-05
0,0,0.00042333538
0,0,6.483857e-05
0,0,9.154391e-06
0,0,6.30784e-05
0,0,2.941627e-05
0,0,6.651832e-05
0,0,2.7285194e-05
0,0,3.3435797e-05
0,0,9.631765e-05
0,0,0.0007074498
0,0,1.6226422e-05
0,0,3.2182143e-05
0,0,0.000295348
0,0,0.00012572558
0,0,0.00084655435
0,0,3.268755e-05
0,0,1.4514797e-05
0,0,6.9431335e-06
0,0,1.6017115e-05
0,0,3.1652064e-06
0,0,3.2151194e-05
0,0,8.715422e-06
0,0,4.643671e-06
0,0,1.6868598e-05
0,0,5.5141783e-05
0,0,2.6919273e-05
0,0,6.829614e-05
0,0,2.1545578e-05
0,0,1.6751605e-05
0,0,1.3267678e-05
0,0,2.4731891e-05
0,0,2.5419744e-05
0,0,2.3755003e-05
0,0,2.0579982e-05
0,0,1.3664548e-05
0,0,2.0038886e-05
0,0,0.0005752814
0,0,2.756241e-05
0,0,0.00024156216
0,0,5.8204834e-05
0,0,2.0248988e-05
0,0,0.000112134396
0,0,2.7520677e-05
0,0,6.964227e-05
0,0,0.00021975466
0,0,1.9939494e-05
0,0,5.2171795e-06
0,0,0.00011443219
0,0,3.874618e-06
0,0,6.1820615e-06
0,0,5.2708994e-05
0,0,0.00026729493
0,0,9.167391e-05
0,0,7.1386195e-05
0,0,1.8586581e-05
0,0,3.4518187e-05
0,0,8.933501e-06
0,0,2.0203737e-05
0,0,9.351688e-05
0,0,1.9974912e-05
0,0,0.000111146386
0,0,2.3337487e-05
0,0,3.8583057e-05
0,0,3.3427061e-06
0,0,0.00033250093
0,0,5.7765565e-06
0,0,2.3637742e-05
0,0,2.353275e-05
0,0,6.113768e-05
0,0,1.8339815e-05
0,0,5.2103223e-06
0,0,1.0507123e-05
0,0,1.0616559e-05
0,0,3.44375e-05
0,0,9.511316e-06
0,0,9.135221e-06
0,0,1.2201015e-05
0,0,9.738057e-06
0,0,6.161839e-05
0,0,1.7458498e-05
0,0,9.1684655e-05
0,0,5.501677e-05
1,1,0.92330295
0,0,0.0016212721
0,0,9.36201e-06
0,0,0.00083074294
0,0,1.4235226e-05
0,0,0.00010429654
0,0,0.00021913784
0,0,3.1263924e-05
0,0,2.1354797e-06
0,0,0.00021384594
0,0,9.582925e-06
0,0,5.991375e-05
0,0,1.4631315e-05
0,0,0.001407203
0,0,1.8179353e-05
0,0,7.1273057e-06
0,0,3.655989e-05
0,0,0.00014178253
0,0,8.604536e-05
0,0,0.0010058129
0,0,3.4818746e-05
0,0,2.3762323e-05
0,0,0.0019921218
0,0,7.4819895e-05
0,0,1.1800344e-05
0,0,9.110635e-06
0,0,1.1629968e-05
0,0,4.5898214e-05
0,0,1.5708743e-05
0,0,6.170477e-05
0,0,2.4572753e-05
0,0,2.0465427e-06
0,0,2.1142403e-05
0,0,0.00034919998
0,0,8.714183e-06
0,0,0.0001742814
0,0,7.4147297e-06
0,0,2.9924577e-05
0,0,0.00044601766
0,0,8.331295e-05
0,0,2.2507635e-05
0,0,2.3148592e-05
0,0,0.0001014926
0,0,0.00028082047
0,0,3.727085e-05
0,0,3.0153778e-05
0,0,4.4606295e-06
0,0,6.2110936e-05
0,0,3.5523444e-05
0,0,2.245119e-05
0,0,7.650936e-06
0,0,3.7095964e-05
0,0,0.00012837882
0,0,1.4426352e-05
0,0,3.0432353e-05
0,0,1.9393236e-05
0,0,0.00013883933
0,0,3.006141e-05
0,0,9.622603e-05
0,0,2.1511532e-06
0,0,6.6145235e-06
0,0,0.00022883351
0,0,3.1484587e-06
0,0,5.2671807e-05
0,0,1.7680502e-05
0,0,5.001082e-05
0,0,2.6264901e-05
0,0,0.00012314244
0,0,1.596677e-05
0,0,1.4377856e-05
0,0,8.517469e-06
0,0,2.5439896e-05
0,0,0.00012043872
0,0,2.052702e-05
0,0,1.4255509e-05
0,0,9.059525e-06
0,0,3.5889043e-05
0,0,6.788739e-05
0,0,2.7673663e-05
0,0,3.4230114e-05
0,0,1.0104105e-05
0,0,3.556049e-05
0,0,2.931478e-05
0,0,0.00012990132
0,0,4.1846924e-05
0,0,0.00014451733
0,0,4.039065e-05
0,0,0.00012767721
0,0,0.002938146
0,0,2.4606336e-05
0,0,5.3839085e-06
0,0,1.6932456e-05
0,0,3.42732e-05
0,0,3.6370056e-05
0,0,9.453e-06
0,0,0.00027034435
0,0,4.520239e-05
0,0,4.887358e-05
0,0,2.8526862e-05
0,0,7.205294e-05
0,0,0.00051631016
0,0,1.0135847e-05
0,0,0.00025192238
0,0,7.6512515e-05
0,0,6.4483764e-05
0,0,0.00017437433
0,0,5.775114e-05
0,0,3.268537e-05
0,0,9.087897e-05
0,0,3.312831e-05
0,0,1.705888e-05
0,0,3.5733043e-05
0,0,9.0415815e-06
0,0,9.774772e-06
0,0,1.7049682e-06
0,0,0.0002864657
0,0,8.635451e-06
0,0,5.7895286e-06
0,0,2.4442177e-05
0,0,0.00019730125
0,0,0.00029764615
0,0,8.431624e-05
0,0,0.00020960892
0,0,0.00019895991
0,0,2.0822787e-05
0,0,6.936073e-05
0,0,3.515845e-05
0,0,0.00016037827
0,0,0.0006491028
0,0,1.716379e-05
0,0,3.5217305e-05
0,0,9.682358e-05
0,0,6.866434e-06
0,0,2.137614e-05
0,0,1.9352461e-05
0,0,2.9074901e-05
0,0,0.00017182973
0,0,2.728605e-05
0,0,1.3926707e-05
0,0,0.0002258313
0,0,3.30228e-05
0,0,3.2756732e-05
0,0,6.352813e-05
0,0,3.1781492e-06
0,0,7.872669e-05
0,0,7.1393544e-05
0,0,0.00053114805
0,0,5.848754e-05
0,0,0.0002167969
0,0,0.00020077566
0,0,2.6368654e-05
0,0,7.366064e-05
0,0,0.0017264121
0,0,0.00015125352
0,0,4.626118e-05
0,0,0.00027226415
0,0,0.0002504722
0,0,4.812521e-06
0,0,0.0006518162
0,0,0.00014278309
0,0,4.8023256e-05
0,0,2.123005e-05
0,0,4.7065487e-06
0,0,3.9340597e-05
0,0,1.1765632e-05
0,0,1.6739197e-05
0,0,0.00014630819
0,0,2.645434e-05
0,0,6.303762e-05
0,0,2.1015137e-05
0,0,6.8537476e-05
0,0,3.7519516e-05
0,0,2.6320668e-05
0,0,1.3056828e-05
0,0,6.7427245e-05
0,0,3.4662676e-06
0,0,1.9916935e-05
0,0,0.0006218594
0,0,2.8983708e-05
0,0,2.2416125e-05
0,0,2.6386272e-06
0,0,2.029773e-05
0,0,4.4168715e-05
0,0,1.4437047e-05
0,0,2.3032413e-05
0,0,0.00063859316
0,0,3.074163e-05
0,0,9.156835e-06
0,0,5.9200134e-05
0,0,5.953396e-06
0,0,0.000162958
0,0,0.00015528665
0,0,0.0013779452
0,0,2.2254924e-05
0,0,1.07989645e-05
0,0,8.704684e-05
0,0,0.00014046846
0,0,0.0034012918
0,0,0.00020759153
0,0,2.7153486e-05
0,0,5.0568706e-05
0,0,6.243598e-06
0,0,2.7688338e-05
0,0,1.1182154e-05
0,0,2.0325351e-05
0,0,2.9832005e-05
0,0,2.1649323e-05
0,0,0.00019039227
0,0,0.0013561177
0,0,6.912803e-05
0,0,3.9034494e-05
0,0,1.740155e-05
0,0,0.00018746448
0,0,1.1282114e-05
0,0,6.4201213e-06
0,0,2.3728693e-05
0,0,1.3860062e-05
0,0,1.236641e-05
0,0,5.7119683e-05
0,0,3.2777294e-05
0,0,0.00017861159
0,0,1.8526784e-05
0,0,0.00033474545
0,0,0.00032891115
0,0,0.00048355747
0,0,3.323983e-05
0,0,0.00029232138
0,0,2.7314612e-05
0,0,2.72563e-05
0,0,1.4003551e-05
0,0,4.6916713e-05
0,0,3.9028575e-05
0,0,1.081495e-05
0,0,6.419742e-05
0,0,2.9435555e-06
0,0,4.1474384e-05
0,0,0.00015390762
0,0,7.3454053e-06
0,0,2.9311008e-05
0,0,8.731038e-05
0,0,0.0001100459
0,0,1.2438145e-05
0,0,5.8173428e-05
0,0,0.00027281736
0,0,3.425225e-05
0,0,2.0251828e-05
0,0,0.0012060336
0,0,2.873897e-05
0,0,0.00040379536
0,0,9.0818085e-06
0,0,3.7301535e-05
0,0,1.1505257e-05
0,0,3.428951e-05
0,0,0.00057041115
0,0,1.809705e-05
0,0,1.8058621e-05
0,0,0.003990377
0,0,2.602542e-05
0,0,0.00020513908
0,0,0.003454234
0,0,5.884116e-06
0,0,1.0844922e-05
0,0,0.00027975984
0,0,0.0001554892
0,0,0.00011583194
0,0,1.8599454e-05
0,0,2.2613898e-05
0,0,3.310734e-05
0,0,0.0007147255
0,0,0.00015400774
0,0,8.006678e-05
0,0,0.00019831784
0,0,0.000104063285
0,0,1.0535589e-05
0,0,0.00012713538
0,0,5.6440135e-06
0,0,2.229805e-05
0,0,7.057457e-06
0,0,1.17033005e-05
0,0,3.7381942e-05
0,0,7.9888385e-05
0,0,9.842624e-05
0,0,1.7666816e-05
0,0,0.00030522989
0,0,2.2051416e-05
0,0,0.0025703728
0,0,0.0010184874
0,0,8.038863e-05
0,0,5.325054e-05
0,0,0.000108785236
0,0,1.4900919e-05
0,0,3.2629745e-05
0,0,8.317182e-06
0,0,0.00015877771
0,0,5.3688295e-06
0,0,4.951062e-05
0,0,1.3584899e-05
0,0,3.2308435e-05
0,0,4.051885e-05
0,0,4.0166115e-06
0,0,1.1796641e-05
0,0,2.4207468e-05
0,0,2.6418767e-05
0,0,0.0004443291
0,0,1.4153951e-05
0,0,4.5229084e-05
0,0,1.5653366e-05
0,0,5.2413365e-05
0,0,2.110276e-05
0,0,0.0001504394
0,0,9.34548e-06
0,0,6.9457164e-06
0,0,4.0632574e-05
0,0,0.00010239267
0,0,1.3846335e-05
0,0,8.5403815e-05
0,0,1.345899e-05
0,0,4.6170524e-05
0,0,4.180297e-05
0,0,9.991496e-06
0,0,4.2619333e-05
0,0,2.8775665e-05
0,0,1.9741865e-05
0,0,1.4007144e-05
0,0,1.4913272e-05
0,0,5.545174e-05
0,0,0.0007663969
0,0,0.00010637479
0,0,2.123906e-05
0,0,6.9911424e-05
0,0,1.908202e-05
0,0,6.3198163e-06
0,0,8.907613e-06
0,0,1.6909364e-05
0,0,0.0009913062
0,0,1.4234532e-06
0,0,0.00019295949
0,0,6.46695e-05
0,0,2.879249e-05
0,0,2.532272e-05
0,0,7.931075e-05
0,0,3.1418356e-05
0,0,3.243937e-05
0,0,7.36131e-05
0,0,6.891661e-05
0,0,3.6079222e-05
0,0,4.4408457e-06
0,0,5.1242845e-05
0,0,9.610517e-05
0,0,0.00020564532
0,0,2.3069893e-05
0,0,4.2991123e-05
0,0,0.00013458662
0,0,0.00016755174
0,0,5.542927e-05
0,0,0.00032545102
0,0,0.002321629
0,0,1.1544626e-05
0,0,2.6977172e-05
0,0,0.0001438866
0,0,3.3730917e-05
0,0,3.6604688e-05
0,0,5.302651e-05
0,0,3.660863e-05
0,0,0.0007009018
0,0,5.3221353e-05
0,0,5.262592e-05
0,0,2.943886e-05
0,0,3.007176e-06
0,0,4.3700893e-05
0,0,6.5869203e-06
0,0,8.063213e-06
0,0,1.0483486e-06
0,0,2.1273775e-06
0,0,8.0018835e-06
0,0,6.588688e-05
0,0,4.4054214e-05
0,0,2.7998687e-05
0,0,0.00033142298
0,0,0.00028559525
0,0,8.9114736e-05
0,0,1.62554e-05
0,0,5.5446335e-06
0,0,3.269229e-05
0,0,2.6870592e-05
0,0,0.00020072628
0,0,0.0003806335
0,0,0.0002161008
0,0,0.00013828876
0,0,1.195318e-05
0,0,0.0004661719
0,0,1.3255588e-05
0,0,0.00038539254
0,0,0.00021142402
0,0,0.00048001026
0,0,6.729851e-06
0,0,0.00025503463
0,0,0.00014411069
0,0,0.00020248245
0,0,6.219126e-06
0,0,0.0014898224
0,0,3.1404252e-06
0,0,0.0029402436
0,0,5.2170115e-05
0,0,6.4859654e-05
0,0,7.112818e-05
0,0,8.2507235e-05
0,0,4.395174e-05
0,0,3.1390206e-05
0,0,0.00015061638
0,0,7.567089e-05
0,0,2.1490541e-05
0,0,2.0825884e-05
0,0,1.0615931e-05
0,0,0.0007474679
0,0,8.661752e-05
0,0,8.624283e-06
0,0,1.589726e-05
0,0,0.00020899047
0,0,1.2296591e-05
0,0,1.20563645e-05
0,0,2.2625029e-05
0,0,8.504858e-05
0,0,7.0217684e-06
0,0,2.7331478e-06
0,0,2.467516e-05
0,0,2.8260125e-05
0,0,2.1140697e-06
0,0,0.00014074748
0,0,7.923508e-05
0,0,8.724246e-05
0,0,0.0005161453
0,0,0.00037328372
0,0,3.6707075e-05
0,0,6.743021e-05
0,0,1.6095559e-05
0,0,0.000777612
0,0,0.00037905324
0,0,4.420526e-06
0,0,1.0580406e-05
0,0,3.53306e-05
0,0,1.2219973e-05
0,0,0.001810025
0,0,0.0015091599
0,0,2.71803e-05
0,0,1.851186e-05
0,0,5.706159e-05
0,0,4.3484513e-05
0,0,4.7879534e-05
0,0,2.8891815e-05
0,0,0.00029350712
0,0,7.505295e-06
0,0,0.00014657252
0,0,2.336976e-05
0,0,0.00018101894
0,0,2.1353218e-05
0,0,7.762368e-06
0,0,1.40493385e-05
0,0,0.0010366179
0,0,1.4555688e-05
0,0,4.7085596e-06
0,0,1.55495e-05
0,0,2.899568e-05
0,0,2.2283191e-05
0,0,0.00027082546
0,0,1.0216521e-05
0,0,1.39829335e-05
0,0,0.00012542335
0,0,1.7542045e-05
0,0,6.022405e-05
0,0,4.0740437e-05
0,0,4.3776094e-05
0,0,0.00065118447
0,0,1.315257e-05
0,0,8.053149e-05
0,0,1.7396274e-05
0,0,1.0695061e-05
0,0,0.0008478319
0,0,2.0507612e-05
0,0,0.0016287008
0,0,7.471138e-05
0,0,0.0002624084
0,0,0.0058562974
0,0,5.8550988e-05
0,0,9.669966e-05
0,0,0.00023241322
0,0,2.052577e-05
0,0,0.00015398675
0,0,9.945531e-06
0,0,7.660085e-05
0,0,1.0433503e-05
0,0,2.9077282e-06
0,0,1.9332687e-05
0,0,4.8393254e-06
0,0,8.589841e-06
0,0,0.00020792909
0,0,2.1517611e-05
0,0,0.00018745304
0,0,6.890817e-06
0,0,5.95484e-05
0,0,0.00021926261
0,0,0.00028870278
0,0,3.0265503e-05
0,0,0.00012751455
0,0,8.374982e-06
0,0,3.7346833e-06
0,0,6.01966e-05
0,0,9.6786725e-06
0,0,0.00010031049
0,0,6.404302e-05
0,0,2.9502826e-05
0,0,0.006834165
0,0,8.694368e-06
0,0,2.7704607e-05
0,0,1.1048918e-05
0,0,3.709685e-05
0,0,1.0696499e-05
0,0,2.504576e-05
0,0,1.6945685e-05
0,0,0.00026800996
0,0,2.6746877e-05
0,0,1.3426286e-05
0,0,6.0384893e-05
0,0,1.4591893e-05
0,0,6.2674684e-05
0,0,7.8036435e-05
0,0,4.4662243e-05
0,0,3.3049833e-05
0,0,0.0001397629
0,0,5.508733e-05
0,0,0.00012084619
0,0,0.001554626
0,0,0.00053343375
0,0,5.2823216e-05
0,0,1.0511854e-05
0,0,1.9630535e-05
0,0,0.00041074085
0,0,3.334333e-05
0,0,0.00018307709
0,0,7.792147e-06
0,0,0.00014760127
0,0,7.151292e-06
0,0,0.00032901025
0,0,3.4372567e-06
0,0,8.037315e-05
0,0,4.5506404e-05
0,0,0.000419273
0,0,0.00011258504
0,0,1.4476753e-05
0,0,0.0005085017
0,0,2.5359213e-05
0,0,0.00014380884
0,0,1.7220336e-05
0,0,3.3114728e-05
0,0,2.0310295e-05
0,0,1.21664725e-05
0,0,9.7181755e-06
0,0,0.00019752412
0,0,0.000178901
0,0,0.0007878386
0,0,0.00015420259
0,0,9.7351935e-05
0,0,3.700692e-05
0,0,1.7807753e-05
0,0,8.237476e-05
0,0,1.046645e-05
0,0,3.205274e-05
0,0,4.7492777e-05
0,0,2.3916895e-05
0,0,1.7140692e-05
0,0,4.3465527e-05
0,0,4.4321387e-06
0,0,4.615485e-05
0,0,3.3063956e-05
0,0,5.974315e-06
0,0,3.4002987e-05
0,0,1.9247367e-05
0,0,0.0012461132
0,0,3.5252153e-05
0,0,0.0005527312
0,0,0.00095711154
0,0,1.9286385e-06
0,0,1.2026564e-05
0,0,3.253033e-06
0,0,2.7692642e-05
0,0,5.3374024e-06
0,0,6.2555114e-06
0,0,4.8666152e-05
0,0,5.5414686e-05
0,0,4.460383e-06
0,0,0.00016509
0,0,4.3780063e-05
0,0,9.636004e-06
0,0,3.291697e-05
0,0,0.00013766631
0,0,2.2178356e-05
0,0,1.8498837e-05
0,0,1.7727862e-05
0,0,8.924874e-06
0,0,9.752559e-05
0,0,2.9229557e-05
0,0,1.2104567e-05
0,0,0.00015013688
0,0,5.7765787e-06
0,0,1.329988e-05
0,0,8.688007e-05
0,0,1.35694645e-05
0,0,0.0004049568
0,0,5.586692e-06
0,0,1.9535291e-05
0,0,0.00010936145
0,0,2.5513611e-05
0,0,5.1676107e-05
0,0,1.3437636e-05
0,0,1.9384674e-05
0,0,8.7927576e-05
0,0,9.4343295e-06
0,0,7.356545e-05
0,0,2.9617533e-05
0,0,6.1265982e-06
0,0,2.0452515e-05
0,0,1.3492042e-05
0,0,0.00040906257
0,0,9.349298e-05
0,0,0.0033327085
0,0,7.670925e-06
0,0,4.0628183e-06
0,0,4.4476168e-05
0,0,6.718373e-06
0,0,0.00012283975
0,0,3.8835265e-06
0,0,4.8071142e-05
0,0,3.714768e-05
0,0,1.41665505e-05
0,0,1.1515697e-05
0,0,0.0009067515
0,0,0.00044491654
0,0,3.0737086e-05
0,0,3.0017727e-05
0,0,0.0002438775
0,0,2.9976476e-05
0,0,0.00042080702
0,0,2.3867748e-05
0,0,2.5910142e-05
0,0,5.1155348e-05
0,0,1.5782216e-05
0,0,0.00073574146
0,0,0.000118226235
0,0,0.005620532
0,0,9.134545e-05
0,0,8.583445e-06
0,0,3.0049718e-05
0,0,2.0926083e-05
0,0,1.2925024e-05
0,0,0.00014772615
0,0,5.652892e-05
0,0,2.410875e-05
0,0,7.6253506e-05
0,0,0.0008822624
0,0,1.5218766e-05
0,0,0.0013635169
0,0,6.03777e-05
0,0,2.0991904e-05
0,0,1.8596296e-05
0,0,8.0719474e-05
0,0,0.00029164215
0,0,0.0011598875
0,0,4.3888704e-05
0,0,2.0586144e-06
0,0,1.8835213e-05
0,0,5.2632304e-06
0,0,4.8343474e-05
0,0,1.9070203e-06
0,0,2.0366622e-05
0,0,0.00019355983
0,0,0.00017555615
0,0,0.00024196463
0,0,5.3201443e-06
0,0,3.2803186e-05
0,0,3.5331243e-05
0,0,7.6686865e-06
0,0,1.0252722e-05
0,0,1.1664746e-05
0,0,7.766109e-05
0,0,5.9711714e-05
0,0,0.00014659265
0,0,1.3881557e-05
0,0,4.5711504e-06
0,0,3.0937354e-05
0,0,3.0817977e-05
0,0,6.0038714e-05
0,0,0.00013827452
0,0,1.0746949e-05
0,0,5.9207527e-05
0,0,9.9141296e-05
0,0,1.7118378e-05
0,0,6.8935515e-06
0,0,5.2404816e-06
0,0,3.759699e-05
0,0,0.00059246144
0,0,6.079187e-06
0,0,3.686877e-05
0,0,1.2859983e-05
0,0,2.9209436e-05
0,0,3.7454665e-05
0,0,1.5322425e-05
0,0,5.904617e-06
0,0,0.00033533064
0,0,0.0009791002
0,0,6.1039755e-05
0,0,1.5051781e-05
0,0,6.326244e-06
0,0,8.637032e-06
0,0,3.05846e-05
0,0,0.00017677329
0,0,3.2261698e-05
0,0,3.6688805e-05
0,0,1.1508846e-05
0,0,1.7392409e-05
0,0,1.1452558e-05
0,0,1.5636851e-05
0,0,0.00016979047
0,0,2.128789e-05
0,0,6.607015e-06
0,0,9.248168e-06
0,0,3.9340243e-06
0,0,0.00015179315
0,0,2.1444825e-05
0,0,5.7699996e-05
0,0,9.9667945e-05
0,0,1.7795837e-05
0,0,0.00036679755
0,0,0.0005421581
0,0,2.4881117e-05
0,0,1.4055329e-05
0,0,0.001067007
0,0,9.5794814e-05
0,0,7.616201e-05
0,0,4.6062687e-05
0,0,4.2083084e-06
0,0,0.00010995087
0,0,4.983831e-06
0,0,0.000102740174
0,0,9.66081e-06
0,0,0.00022235338
0,0,0.00040521784
0,0,9.699426e-06
0,0,5.295026e-05
0,0,3.8812894e-05
0,0,5.7563084e-06
0,0,1.4105953e-05
0,0,1.6913784e-05
0,0,0.0001957443
0,0,0.0007677755
0,0,2.1469155e-05
0,0,0.00017434207
0,0,2.3165267e-05
0,0,2.3658218e-05
0,0,0.0006072535
0,0,2.5664713e-05
0,0,7.719676e-06
0,0,4.127818e-06
0,0,7.818458e-05
0,0,9.188291e-06
0,0,5.471186e-06
0,0,0.00011205775
0,0,2.7972394e-06
0,0,4.1853706e-05
0,0,3.0307177e-05
0,0,4.1034666e-05
0,0,0.00024641698
0,0,1.7565733e-05
0,0,3.1206317e-05
0,0,0.0015665242
0,0,1.9148958e-05
0,0,0.00028383842
0,0,1.8370798e-05
0,0,1.8256856e-05
0,0,1.0439634e-05
0,0,7.209436e-06
0,0,9.458159e-05
0,0,0.00075257325
0,0,8.36327e-05
0,0,3.7227368e-05
0,0,8.545318e-05
0,0,0.00024663674
0,0,0.0003900422
0,0,1.2345118e-05
0,0,9.945484e-06
0,0,0.00014551847
0,0,5.3722186e-05
0,0,1.1850438e-05
0,0,5.294854e-05
0,0,8.509239e-05
0,0,5.1274958e-05
0,0,2.4561929e-05
0,0,0.00034938264
0,0,1.545095e-05
0,0,1.5883697e-05
0,0,0.00022837316
0,0,2.6438478e-05
0,0,0.0003132928
0,0,0.0002508027
0,0,0.00021982737
0,0,8.4122275e-06
0,0,2.6703601e-05
0,0,1.1816695e-05
0,0,3.300415e-06
0,0,1.111052e-05
0,0,2.1481976e-05
0,0,2.975702e-05
0,0,0.00025081058
0,0,0.0011230032
0,0,0.25372383
0,0,0.015611227
0,0,4.499462e-05
0,0,0.00015520434
0,0,0.00016247127
0,0,0.00016585017
0,0,4.4812117e-05
0,0,3.537456e-06
0,0,2.5152922e-05
0,0,1.7006105e-05
0,0,2.5674775e-05
0,0,0.00018810996
0,0,8.580413e-05
0,0,0.00011222854
0,0,1.3351871e-05
0,0,1.5514484e-05
0,0,1.5373435e-05
0,0,6.454492e-05
0,0,8.4695064e-05
0,0,0.0004867347
0,0,8.571034e-05
0,0,0.0035745539
0,0,0.00011101218
0,0,8.230395e-06
0,0,0.00049994374
0,0,0.00021410239
0,0,0.00053541886
0,0,5.429439e-05
0,0,3.1206226e-05
0,0,0.00020513262
0,0,8.276712e-05
0,0,0.00017636048
0,0,0.0001258765
0,0,1.4400565e-05
0,0,2.4353554e-05
0,0,7.595349e-05
0,0,2.8887212e-05
0,0,0.00013428717
0,0,6.955891e-05
0,0,1.3854259e-05
0,0,1.3839312e-05
0,0,7.0149836e-05
0,0,1.2815261e-05
0,0,7.979099e-06
0,0,2.6882177e-05
0,0,0.00038539254
0,0,0.0002389273
0,0,2.3560391e-05
0,0,1.2709749e-05
0,0,3.987243e-05
0,0,0.00028100985
0,0,8.709689e-06
0,0,9.540723e-06
0,0,2.1731692e-05
0,0,0.00027088152
0,0,2.7486314e-05
0,0,2.858067e-05
0,0,1.0169812e-05
0,0,3.9956635e-06
0,0,1.5572652e-05
0,0,1.4712552e-05
0,0,9.514147e-06
0,0,0.00012859837
0,0,1.1980764e-05
0,0,9.978175e-06
0,0,7.187294e-05
0,0,3.165611e-06
0,0,1.5732072e-05
0,0,5.5210447e-05
0,0,1.396702e-05
0,0,7.0465554e-05
0,0,1.4466057e-05
0,0,1.0945772e-05
0,0,1.6075403e-05
0,0,0.00064673193
0,0,1.2652511e-05
0,0,2.1472062e-05
0,0,0.00022074817
0,0,6.163761e-05
0,0,3.6957368e-05
0,0,5.711135e-05
0,0,7.423634e-05
0,0,0.00013332984
0,0,9.514925e-05
0,0,6.082314e-05
0,0,0.00044356016
0,0,0.00010260878
0,0,2.7125609e-05
0,0,2.568244e-05
0,0,1.769388e-05
0,0,0.00012982839
0,0,7.863006e-05
0,0,2.1927022e-05
0,0,2.2227014e-05
0,0,0.00010940536
0,0,0.0001382972
0,0,0.0014066818
0,0,0.0010641858
0,0,3.7914986e-05
0,0,2.4990004e-05
0,0,2.1294043e-05
0,0,3.1738895e-05
0,0,4.5199075e-05
0,0,0.000104270395
0,0,3.7234245e-06
0,0,3.7926704e-05
0,0,7.2105013e-06
0,0,9.577552e-06
0,0,2.8355556e-05
0,0,5.3508014e-05
0,0,0.00024141111
0,0,0.0002250736
0,0,1.7430018e-05
0,0,1.8465647e-05
0,0,0.0002072055
0,0,0.0004364488
0,0,0.00018120423
0,0,0.0011098053
0,0,4.9645747e-05
0,0,0.0008773717
0,0,5.3355867e-05
0,0,8.424801e-05
0,0,4.424861e-05
0,0,2.311213e-05
0,0,2.0424448e-05
0,0,1.6498554e-05
0,0,2.6914724e-06
0,0,0.0002602909
0,0,0.00013536
0,0,3.1569125e-05
0,0,0.00020101988
0,0,0.00010093774
0,0,1.4527315e-05
0,0,5.217194e-06
0,0,5.567253e-05
0,0,2.3040695e-05
0,0,0.00012589774
0,0,1.4787808e-05
0,0,5.057947e-06
0,0,3.1658696e-05
0,0,9.576056e-05
0,0,2.4305455e-05
0,0,1.3545481e-05
0,0,5.6928486e-05
0,0,0.00041865816
0,0,4.96955e-06
0,0,1.628732e-05
0,0,0.019255657
0,0,0.00047610363
0,0,2.4737126e-05
0,0,3.319931e-05
0,0,8.5616964e-05
0,0,2.6364303e-05
0,0,2.5441013e-05
0,0,9.960713e-05
0,0,1.0701794e-05
0,0,2.8869148e-05
0,0,2.9443052e-06
0,0,2.181531e-06
0,0,1.1555146e-05
0,0,2.1228996e-05
0,0,6.0280872e-05
0,0,0.00016022725
0,0,1.9535291e-05
0,0,1.272338e-05
0,0,0.00025689474
0,0,0.00020427149
0,0,4.8567865e-05
0,0,4.382405e-05
0,0,0.00020619232
0,0,2.7973785e-05
0,0,3.6231344e-05
0,0,6.940698e-06
0,0,5.3249255e-06
0,0,0.00014981283
0,0,0.004519801
0,0,2.0500434e-05
0,0,0.00023180354
0,0,9.3053866e-05
0,0,6.435115e-06
0,0,2.3932273e-05
0,0,4.737296e-06
0,0,5.6281708e-05
0,0,8.212519e-05
0,0,0.00067736336
0,0,2.2646744e-05
0,0,2.6319864e-05
0,0,1.1269533e-05
0,0,1.0638365e-06
0,0,4.5763236e-06
0,0,7.0353685e-06
0,0,7.619681e-05
0,0,7.320624e-05
0,0,0.00014191006
0,0,9.675562e-06
0,0,0.0017770892
0,0,8.892445e-06
0,0,0.001250606
0,0,0.0006940521
0,0,3.871811e-05
0,0,2.3887489e-05
0,0,3.787892e-05
0,0,3.45862e-06
0,0,1.532374e-05
0,0,0.00022297818
0,0,1.6655693e-05
0,0,0.00017358882
0,0,3.241568e-05
0,0,0.00012478775
0,0,9.568553e-05
0,0,1.5362251e-05
0,0,6.665548e-05
0,0,3.0292933e-05
0,0,0.00043118242
0,0,0.0016522785
0,0,3.8234983e-05
0,0,5.183505e-06
0,0,0.00026651777
0,0,0.0001660535
0,0,0.00092740793
0,0,6.6977163e-06
0,0,5.189874e-05
0,0,7.357555e-05
0,0,0.00027658106
0,0,3.1902e-05
0,0,8.360296e-05
0,0,1.4293204e-05
0,0,0.0001626759
0,0,1.9185936e-05
0,0,1.6645388e-05
0,0,0.0004088797
0,0,2.4859983e-05
0,0,6.46603e-05
0,0,3.1737745e-05
0,0,7.3119686e-06
0,0,8.258926e-05
0,0,4.636276e-05
0,0,1.1069368e-05
0,0,0.000197741
0,0,3.012656e-05
0,0,3.8570695e-05
0,0,6.592979e-06
0,0,7.7622295e-05
0,0,0.00044416543
0,0,0.007855908
0,0,4.7936373e-05
0,0,2.0737198e-05
0,0,0.00011266763
0,0,7.461427e-05
0,0,1.9941946e-05
0,0,0.0014568327
0,0,2.7793683e-05
0,0,8.189738e-05
0,0,8.7568274e-05
0,0,0.0006411878
0,0,2.2586612e-05
0,0,7.713014e-05
0,0,0.00023568125
0,0,3.723156e-05
0,0,8.635014e-06
0,0,2.327974e-05
0,0,0.00013976863
0,0,2.927084e-05
0,0,1.6791046e-05
0,0,1.4860475e-05
0,0,2.2438047e-05
0,0,0.00049961073
0,0,2.0754014e-05
0,0,2.6358723e-05
0,0,2.1336302e-05
0,0,2.905037e-05
0,0,5.246017e-06
0,0,2.1860938e-05
0,0,9.649623e-06
0,0,0.003124287
0,0,0.00011969533
0,0,1.3233584e-05
0,0,0.00019873296
0,0,2.941807e-06
0,0,1.3723289e-05
0,0,7.7939825e-05
0,0,2.1138774e-05
0,0,4.296108e-05
0,0,7.805057e-05
0,0,2.2269021e-05
0,0,4.3448075e-05
0,0,1.8777624e-05
0,0,0.00011426198
0,0,2.0723102e-05
0,0,4.3940552e-05
0,0,5.1673793e-05
0,0,4.7709527e-05
0,0,0.00035265638
0,0,4.6023873e-05
0,0,5.9684276e-05
0,0,7.907513e-05
0,0,1.6476602e-05
0,0,4.5164215e-05
0,0,3.0172621e-05
0,0,0.00039063572
0,0,6.189152e-06
0,0,1.2656711e-05
0,0,0.00030527005
0,0,3.9258746e-05
0,0,1.20418745e-05
0,0,3.6327907e-05
0,0,0.00011271233
0,0,0.00019085538
0,0,7.5977754e-05
0,0,2.3373348e-05
0,0,8.091631e-05
0,0,1.6785234e-05
0,0,8.6709e-05
0,0,1.2960991e-05
0,0,2.2099393e-05
0,0,3.1510743e-05
0,0,0.00012293232
0,0,4.6031335e-05
0,0,5.3942626e-05
0,0,3.177687e-05
0,0,2.8062492e-05
0,0,1.6690134e-05
0,0,1.1798352e-05
0,0,9.5401265e-05
0,0,2.6817444e-05
0,0,1.1688677e-05
0,0,5.3201053e-05
0,0,9.853038e-05
0,0,7.2842818e-06
0,0,0.00017284394
0,0,1.53394e-05
0,0,3.1221854e-05
0,0,0.00015643412
0,0,0.00010103027
0,0,3.1798259e-06
0,0,8.463156e-06
0,0,4.3521894e-05
0,0,8.906165e-05
0,0,2.3936404e-05
0,0,0.00015605854
0,0,1.142837e-05
0,0,6.33884e-05
0,0,0.0008443036
0,0,9.557628e-05
0,0,6.835889e-05
0,0,7.679167e-05
0,0,3.3449734e-05
0,0,1.0911628e-05
0,0,0.00012800307
0,0,3.2928824e-06
0,0,2.8503748e-05
0,0,6.8058107e-06
0,0,0.00014932778
0,0,1.1642008e-05
0,0,4.7622118e-05
0,0,7.034235e-06
0,0,0.013866236
0,0,4.9011967e-05
0,0,8.877751e-05
0,0,1.002688e-05
0,0,3.3181075e-06
0,0,1.8937082e-05
0,0,0.0003240788
0,0,2.5699983e-05
0,0,9.2840084e-05
0,0,2.9779105e-05
0,0,2.7214277e-05
0,0,0.00032018623
0,0,1.6825397e-05
0,0,1.7132847e-05
0,0,3.566608e-05
0,0,8.489038e-06
0,0,4.8675993e-05
0,0,0.00014787597
0,0,4.9500235e-05
0,0,6.702208e-06
0,0,0.00023690006
0,0,1.53062e-05
0,0,1.1476962e-05
0,0,1.2058135e-05
0,0,1.5682997e-05
0,0,1.4449319e-05
0,0,5.703038e-06
0,0,4.6869477e-06
0,0,3.5375542e-05
0,0,0.0005254574
0,0,1.0069916e-05
0,0,9.462172e-06
0,0,0.0010985406
0,0,7.253186e-05
0,0,0.00037438798
0,0,1.1481363e-05
0,0,0.00012089229
0,0,3.86708e-05
0,0,1.6977163e-05
0,0,2.7828664e-05
0,0,8.3705345e-06
0,0,0.00013159175
0,0,0.0009280037
0,0,4.7855254e-05
0,0,1.12845355e-05
0,0,6.288062e-05
0,0,2.1370473e-05
0,0,1.1740513e-05
0,0,4.5203553e-05
0,0,0.0003564653
0,0,4.5664205e-05
0,0,7.6427496e-05
0,0,0.00020888826
0,0,0.00032308517
0,0,0.00059474655
0,0,0.00011714566
0,0,2.1466105e-05
0,0,8.6432365e-06
0,0,3.578754e-05
0,0,0.00019301432
0,0,0.00013642227
0,0,6.095268e-05
0,0,2.1269747e-05
0,0,2.9292733e-05
0,0,1.424116e-05
0,0,4.5227098e-05
0,0,3.084935e-05
0,0,7.516967e-05
0,0,3.5729023e-05
0,0,1.8600129e-05
0,0,0.0017353599
0,0,1.4024093e-05
0,0,8.52445e-06
0,0,5.9670265e-06
0,0,0.0021075578
0,0,4.8303064e-05
0,0,0.00062408205
0,0,1.4389858e-05
0,0,0.000451833
0,0,2.3616809e-05
0,0,1.2772774e-05
0,0,1.6933182e-05
0,0,6.0796287e-05
0,0,9.936496e-06
0,0,0.00014526906
0,0,5.843118e-05
0,0,0.003248132
0,0,9.533683e-06
0,0,1.7775179e-05
0,0,1.0518212e-05
0,0,1.2355341e-05
0,0,0.00015004657
0,0,0.03699166
0,0,2.1731443e-05
0,0,5.0583272e-05
0,0,6.5458145e-05
0,0,3.0564395e-05
0,0,0.00011006102
0,0,0.0001534756
0,0,0.00011818363
0,0,0.0003431308
0,0,9.368735e-06
0,0,3.611189e-05
0,0,0.00010980399
0,0,0.00011214103
0,0,5.7171288e-05
0,0,0.00056220946
0,0,1.3725004e-05
0,0,0.00013646677
0,0,0.00011005724
0,0,1.1703568e-05
0,0,1.7510823e-05
0,0,0.00015193448
0,0,0.00018760806
0,0,2.9753613e-05
0,0,2.242237e-05
0,0,4.0710875e-06
0,0,3.2985522e-06
0,0,6.98012e-06
0,0,1.7460281e-05
0,0,2.3828583e-05
0,0,1.5904463e-05
0,0,3.692307e-06
0,0,1.0805692e-05
0,0,0.00011025683
0,0,4.7101996e-05
0,0,2.9056355e-05
0,0,2.5171425e-05
0,0,0.00034012378
0,0,0.00011736313
0,0,6.881791e-05
0,0,0.0002582518
0,0,2.7924581e-05
0,0,0.00022359089
0,0,0.0006415454
0,0,1.4053118e-05
0,0,1.3080957e-05
0,0,6.401769e-05
0,0,1.9863102e-05
0,0,9.96997e-05
0,0,0.007364146
0,0,8.521037e-06
0,0,4.312186e-05
0,0,0.00023889428
0,0,4.6726173e-06
0,0,1.3022146e-05
0,0,3.8344697e-06
0,0,5.68726e-05
0,0,1.466575e-05
1,0,0.15203711
0,0,2.1259468e-05
0,0,7.083496e-05
0,0,9.3559334e-05
0,0,1.3712182e-05
0,0,2.9963785e-05
0,0,1.3920492e-05
0,0,6.76414e-06
0,0,0.000120636185
0,0,0.00016050632
0,0,5.6504075e-05
0,0,1.9376708e-05
0,0,5.0969415e-06
0,0,5.1229017e-05
0,0,0.00012711622
0,0,4.6146533e-06
0,0,3.6916474e-05
0,0,0.0002839383
0,0,1.3563396e-05
0,0,0.00013026761
0,0,0.0001851823
0,0,4.9447823e-05
0,0,6.452898e-05
0,0,2.9707657e-05
0,0,7.53242e-06
0,0,0.00012649244
0,0,3.947461e-05
0,0,1.0276667e-05
0,0,1.5821593e-05
0,0,0.00024559934
0,0,5.491084e-05
0,0,0.0009515601
0,0,0.00011062542
0,0,3.317241e-05
0,0,0.0036690214
0,0,0.00011094424
0,0,0.00017387458
0,0,2.7692104e-06
0,0,1.7871333e-05
0,0,1.2964082e-05
0,0,1.5094485e-06
0,0,0.00086180016
0,0,5.574813e-05
0,0,2.9023482e-05
0,0,6.430409e-05
0,0,1.2155953e-05
0,0,0.00010653041
0,0,2.1902528e-05
0,0,2.603458e-05
0,0,7.215812e-06
0,0,6.52493e-05
0,0,0.00025237122
0,0,2.9255323e-05
0,0,6.481619e-05
0,0,0.0025218476
0,0,1.05935305e-05
0,0,0.00035378867
0,0,2.1680087e-05
0,0,5.0623134e-05
0,0,3.428209e-05
0,0,5.272825e-05
0,0,9.894409e-05
0,0,2.8638211e-05
0,0,5.083827e-05
0,0,4.375196e-06
0,0,1.9102303e-05
0,0,0.0015849499
0,0,8.892012e-06
0,0,1.7953806e-05
0,0,8.351802e-05
0,0,9.3494855e-05
0,0,1.4547419e-05
0,0,9.395621e-05
0,0,1.7671553e-05
0,0,3.5026827e-05
0,0,2.8384584e-05
0,0,1.1792153e-05
0,0,0.00039789395
0,0,1.978644e-05
0,0,1.9015188e-05
0,0,0.00073197094
0,0,2.9284214e-05
0,0,1.1532698e-05
0,0,4.3637552e-05
0,0,0.00034353195
0,0,4.7906424e-06
0,0,7.658552e-05
0,0,2.670421e-05
0,0,0.000118400094
0,0,1.7489594e-05
0,0,5.438969e-05
0,0,1.256948e-05
0,0,1.5735686e-05
0,0,4.403733e-05
0,0,1.676594e-05
0,0,0.0003403987
0,0,5.125374e-05
0,0,0.000460325
0,0,1.0184041e-05
0,0,1.1730575e-05
0,0,0.00011306714
0,0,3.3848115e-05
0,0,5.8598747e-05
0,0,1.1104704e-05
0,0,1.9383915e-05
0,0,4.9875656e-05
0,0,3.6907018e-06
0,0,3.224503e-05
0,0,1.932983e-05
0,0,5.2200274e-05
0,0,9.572824e-05
0,0,2.9699271e-05
0,0,3.7995702e-05
0,0,2.1222257e-05
0,0,4.2716707e-05
0,0,0.0001615347
0,0,5.659241e-05
0,0,3.8926246e-05
0,0,2.3565244e-05
0,0,6.2529707e-06
0,0,9.563271e-05
0,0,0.00030552334
0,0,0.00012321128
0,0,5.4030993e-06
0,0,2.6999072e-05
0,0,3.4675068e-05
0,0,2.4748006e-05
0,0,0.0001848933
0,0,4.7331676e-05
0,0,4.2159674e-05
0,0,0.00017813485
0,0,0.0015607629
0,0,2.1487693e-05
0,0,0.0001838517
0,0,6.2172044e-06
0,0,0.00010352357
0,0,2.9738185e-05
0,0,6.706103e-05
0,0,4.1450644e-06
1,1,0.9990645
0,0,0.0005120941
0,0,5.5392655e-05
0,0,9.292938e-06
0,0,0.00012650184
0,0,4.7115383e-05
0,0,2.2663273e-05
0,0,0.00012860046
0,0,5.2605348e-05
0,0,0.00026488787
0,0,8.160698e-05
0,0,0.0003453123
0,0,0.00083771953
0,0,1.6077702e-05
0,0,7.043667e-05
0,0,0.00021667621
0,0,7.2972634e-06
0,0,2.346883e-05
0,0,1.0758701e-05
0,0,4.7945465e-05
0,0,9.5796364e-05
0,0,4.324961e-05
0,0,6.0606886e-05
0,0,3.673905e-05
0,0,4.590373e-05
0,0,8.9939254e-05
0,0,2.1053009e-05
0,0,1.1974504e-05
0,0,9.560807e-06
0,0,1.2861258e-05
0,0,2.9626684e-05
0,0,1.3602205e-05
0,0,1.5649248e-05
0,0,0.0004907465
0,0,0.00020379448
0,0,3.9293653e-05
0,0,2.0240448e-06
0,0,0.000107157495
0,0,5.578913e-05
0,0,2.0551506e-05
0,0,6.471891e-05
0,0,3.254686e-05
0,0,8.34475e-06
0,0,2.9436193e-05
0,0,0.00032142
0,0,1.4552996e-05
0,0,7.156007e-05
0,0,1.6429234e-05
0,0,7.749671e-05
0,0,0.0001854707
0,0,5.4673524e-06
0,0,5.1971343e-05
0,0,8.997091e-05
0,0,1.4861339e-05
0,0,1.0008432e-05
0,0,6.4797996e-06
0,0,6.550212e-06
0,0,0.00017366763
0,0,2.5583562e-05
0,0,1.897405e-05
0,0,2.2070758e-06
0,0,0.00010016272
0,0,7.0986594e-06
0,0,1.005023e-05
0,0,1.4663218e-05
0,0,2.071259e-05
0,0,8.2501414e-05
0,0,1.1188352e-05
0,0,9.0424015e-05
0,0,6.551497e-05
0,0,4.43286e-05
0,0,5.013965e-06
0,0,2.7918615e-05
0,0,3.3681932e-05
0,0,8.276909e-05
0,0,0.00017640184
0,0,2.3832925e-05
0,0,4.0870444e-05
0,0,2.1734095e-05
0,0,5.360434e-06
0,0,5.6537538e-06
0,0,0.0005405897
0,0,3.96285e-05
0,0,5.619531e-05
0,0,8.11698e-06
0,0,4.970918e-05
0,0,1.6926177e-05
0,0,5.0661347e-06
0,0,0.00057147176
0,0,0.0004457904
0,0,6.246212e-06
0,0,7.086928e-05
0,0,3.807216e-05
0,0,3.881908e-05
0,0,3.3560544e-05
0,0,0.00011085129
0,0,7.514911e-05
0,0,5.5481094e-05
0,0,1.3486177e-05
0,0,1.4687795e-05
0,0,0.00011886649
0,0,5.8428377e-06
0,0,3.473116e-05
0,0,2.4871675e-05
0,0,3.2085115e-06
0,0,7.5353373e-06
0,0,2.5339776e-05
0,0,0.00028517598
0,0,0.0004252797
0,0,3.0415407e-05
0,0,1.8049273e-05
0,0,1.1690973e-05
0,0,2.849641e-05
0,0,3.527707e-05
0,0,0.0002060351
0,0,3.679992e-05
0,0,2.227206e-05
0,0,1.0629385e-05
0,0,4.98352e-05
0,0,8.301548e-05
0,0,9.823281e-06
0,0,0.0032695837
0,0,0.00023985306
0,0,3.3183136e-05
0,0,2.9648616e-05
0,0,6.4424285e-06
0,0,1.4616379e-05
0,0,9.1435126e-05
0,0,6.0952852e-06
0,0,2.1565642e-05
0,0,3.0955474e-05
0,0,7.6820015e-06
0,0,9.5084935e-05
0,0,2.1712653e-05
0,0,2.2313707e-05
0,0,1.1858464e-05
0,0,1.4679336e-05
0,0,7.810338e-06
0,0,1.4232186e-05
0,0,7.072136e-05
0,0,6.4664804e-05
0,0,0.00015442506
0,0,1.286213e-05
0,0,1.6793192e-05
0,0,2.808999e-05
0,0,7.939681e-06
0,0,1.1094743e-05
0,0,0.00013016233
0,0,5.303741e-06
0,0,9.958824e-05
0,0,2.0058447e-05
0,0,3.8270842e-05
0,0,6.783973e-06
0,0,2.0494688e-05
0,0,1.7798655e-05
0,0,2.7121136e-05
0,0,1.2195688e-05
0,0,1.0867627e-05
0,0,4.637253e-05
0,0,3.1289962e-06
0,0,1.406729e-05
0,0,2.214773e-05
0,0,2.0078638e-05
0,0,0.000110267334
0,0,2.0243293e-05
0,0,2.3160406e-05
0,0,0.00012522367
0,0,0.00081143476
0,0,0.0015680799
0,0,6.08062e-05
0,0,1.2772277e-05
0,0,8.965728e-05
0,0,4.3230693e-06
0,0,0.0004297843
0,0,1.5068068e-05
0,0,3.659467e-05
0,0,3.0799367e-06
0,0,0.00010062962
0,0,3.70197e-05
0,0,1.0635255e-05
0,0,0.0011782522
0,0,3.308108e-05
0,0,1.3441981e-05
0,0,0.0003536022
0,0,4.302968e-05
0,0,2.23017e-06
0,0,0.0010687298
0,0,7.805928e-05
0,0,7.260133e-05
0,0,4.8986954e-06
0,0,0.000121000354
0,0,1.7252587e-05
0,0,3.531878e-05
0,0,0.00028950901
0,0,0.0008399236
0,0,1.0401205e-05
0,0,1.5312273e-05
0,0,0.00017101964
0,0,6.119782e-05
0,0,4.0428245e-06
0,0,2.3993012e-05
0,0,3.4470653e-05
0,0,0.0004463541
0,0,5.5870705e-06
0,0,8.464149e-06
0,0,1.7604052e-05
0,0,0.00010637326
0,0,9.4121664e-05
0,0,3.7923124e-05
0,0,5.2378135e-05
0,0,3.9401006e-05
0,0,2.7288628e-05
0,0,5.6361197e-05
0,0,3.850128e-05
0,0,7.652468e-06
0,0,8.646262e-06
0,0,0.00024306106
0,0,0.0011265186
0,0,1.79265e-05
0,0,0.006677725
0,0,2.2719256e-05
0,0,5.689554e-05
0,0,9.895172e-06
0,0,0.000104533116
0,0,1.1725207e-05
0,0,8.441288e-06
0,0,2.7298467e-05
0,0,6.9269304e-06
0,0,0.00013370694
0,0,1.9290253e-05
0,0,8.880327e-06
0,0,3.492733e-05
0,0,9.574858e-06
0,0,2.0827356e-05
0,0,0.00017618583
0,0,1.9120984e-05
0,0,4.545748e-05
0,0,5.392982e-05
0,0,0.0013974333
0,0,3.4387882e-05
0,0,1.4194288e-05
0,0,8.409493e-06
0,0,4.9364667e-06
0,0,1.5045784e-05
0,0,7.694377e-05
0,0,4.8791157e-05
0,0,9.2027785e-06
0,0,1.3919496e-05
0,0,7.165799e-05
0,0,1.0119128e-05
0,0,6.989596e-05
0,0,7.912499e-05
0,0,0.00023493324
0,0,5.577881e-05
0,0,0.00019932847
0,0,1.2904124e-05
0,0,1.9166551e-05
0,0,0.00044455196
0,0,0.00035484563
0,0,0.00016025842
0,0,2.170222e-05
0,0,1.370869e-05
0,0,9.834696e-05
0,0,1.1394558e-05
0,0,6.7899884e-05
0,0,1.7266791e-05
0,0,9.336857e-06
1,1,0.99672556
0,0,6.077849e-05
0,0,6.822356e-05
0,0,0.000229693
0,0,0.0012818059
0,0,1.759482e-05
0,0,0.0002765344
0,0,2.5108636e-06
0,0,0.00018123086
0,0,0.00013310081
0,0,0.0005162841
0,0,4.051974e-05
0,0,3.771272e-05
0,0,1.7382708e-05
0,0,3.6956983e-05
0,0,3.4200846e-05
0,0,9.806452e-06
0,0,1.3437956e-05
0,0,3.266574e-05
0,0,0.00012586376
0,0,3.984237e-06
0,0,0.00013684375
0,0,9.1048896e-05
0,0,0.0028552345
0,0,0.0006012729
0,0,0.00012088491
0,0,0.00026194373
0,0,1.1458108e-05
0,0,0.00037009397
0,0,1.17471445e-05
0,0,6.415115e-05
0,0,2.2373988e-05
0,0,7.386646e-05
0,0,1.3302063e-06
0,0,8.991208e-05
0,0,1.6899725e-05
0,0,2.4901414e-05
0,0,6.0743725e-05
0,0,2.0558562e-05
0,0,8.510715e-05
0,0,4.7736106e-05
0,0,6.08616e-06
0,0,5.6375097e-06
0,0,1.9337203e-05
0,0,4.168605e-05
0,0,0.00013347893
0,0,4.7870617e-06
0,0,2.1286956e-05
0,0,4.0267543e-05
0,0,0.0028157723
0,0,0.00094142003
0,0,5.9244296e-05
0,0,0.00020601839
0,0,4.5171753e-05
0,0,5.1497286e-06
0,0,1.5113948e-05
0,0,0.0011481658
0,0,1.5827945e-05
0,0,2.0344356e-05
0,0,4.9597384e-05
0,0,0.00023152544
0,0,0.00047728003
0,0,6.227837e-05
0,0,2.5269215e-05
0,0,8.88278e-05
0,0,3.157967e-06
0,0,2.6338723e-05
0,0,5.5833683e-05
0,0,0.00029105743
0,0,5.072331e-05
0,0,1.328681e-05
0,0,0.00015647827
0,0,0.00076290366
0,0,3.368948e-05
0,0,3.254205e-05
0,0,0.0003311962
0,0,6.907999e-05
0,0,1.5914218e-05
0,0,0.00011915736
0,0,2.7696606e-05
0,0,0.012116322
0,0,0.000133226
0,0,0.00013334192
0,0,7.646618e-06
0,0,4.117991e-05
0,0,9.454949e-05
0,0,2.292213e-05
0,0,9.62881e-06
0,0,6.847378e-05
0,0,0.00025900904
0,0,5.9392107e-05
0,0,4.7822632e-05
0,0,0.00035397595
0,0,0.00010063173
0,0,2.5667458e-05
0,0,2.943971e-06
0,0,0.00018452504
0,0,2.4485478e-05
0,0,0.00016095983
0,0,6.5027365e-05
0,0,8.926347e-06
0,0,2.1682257e-05
0,0,1.7659018e-05
0,0,0.00034588922
0,0,1.7305003e-05
0,0,6.861328e-06
0,0,2.1279953e-05
0,0,0.00011868607
0,0,6.925524e-05
0,0,3.668492e-05
0,0,0.00027828425
0,0,3.5040925e-05
0,0,0.0001464317
0,0,0.0003072207
0,0,3.5564426e-06
0,0,1.9262607e-05
0,0,1.8274413e-05
0,0,6.426547e-05
0,0,7.9957135e-05
0,0,1.622622e-05
0,0,6.705732e-05
0,0,9.232834e-06
0,0,6.0478596e-05
0,0,5.8706642e-05
0,0,3.4609457e-05
0,0,1.20368795e-05
0,0,5.9143196e-05
0,0,3.0507581e-05
0,0,2.9664623e-05
0,0,6.508252e-05
0,0,5.7715293e-05
0,0,0.00013775981
0,0,3.1820357e-05
0,0,3.2378175e-05
0,0,5.781561e-05
0,0,1.674314e-05
0,0,2.2283277e-05
0,0,4.80098e-05
0,0,4.274286e-06
0,0,3.4265447e-06
0,0,0.00030126507
0,0,1.71229e-05
0,0,8.7420674e-05
0,0,1.878135e-05
0,0,9.2046976e-05
0,0,3.213792e-05
0,0,1.0998509e-05
0,0,0.00014797089
0,0,2.3088007e-05
0,0,0.00026556075
0,0,2.5517335e-05
0,0,7.97687e-06
0,0,0.0012658378
0,0,2.9646271e-05
0,0,0.00015647963
0,0,4.689873e-05
0,0,9.756639e-06
0,0,1.7187736e-05
0,0,1.4568382e-05
0,0,0.001488157
0,0,5.3114672e-05
0,0,1.0327864e-05
0,0,1.3031899e-05
0,0,0.0014112822
0,0,2.7205453e-05
0,0,0.00025053264
0,0,0.00037732485
0,0,9.672364e-05
0,0,0.0017362449
0,0,9.575792e-05
0,0,2.5396896e-05
0,0,5.9002923e-05
0,0,1.0587824e-05
0,0,9.98179e-06
0,0,4.4471544e-05
0,0,1.828981e-05
0,0,1.5951948e-05
0,0,1.4203455e-05
0,0,0.00013465915
0,0,4.792022e-06
0,0,5.5307723e-05
0,0,0.0009627907
0,0,1.3666177e-05
0,0,0.00060178404
0,0,1.5709837e-05
0,0,1.512873e-05
0,0,1.9407815e-05
0,0,1.9303301e-05
0,0,2.3050388e-05
0,0,1.5720641e-05
0,0,5.5547002e-06
0,0,3.630387e-05
0,0,5.122212e-06
0,0,0.00025869734
0,0,2.0896232e-05
0,0,9.986798e-06
0,0,0.00013244929
0,0,1.4928854e-05
0,0,1.1805465e-05
0,0,0.00017194085
0,0,2.0775837e-05
0,0,5.1178915e-05
0,0,0.00067668007
0,0,1.581482e-05
0,0,1.15179255e-05
0,0,3.4129905e-06
0,0,0.00019145157
0,0,5.8586906e-05
0,0,1.9793197e-05
0,0,1.0677115e-05
0,0,1.9552625e-05
0,0,0.00024896962
0,0,1.3250747e-05
0,0,3.3315835e-05
0,0,9.1834645e-06
0,0,0.00025281194
0,0,1.1267728e-05
0,0,0.0010621591
0,0,0.00052960316
0,0,3.361038e-05
0,0,5.6049572e-05
0,0,0.00013728131
0,0,4.17867e-06
0,0,2.673484e-05
0,0,1.1340171e-05
0,0,0.0002239568
0,0,0.00022185213
0,0,0.0016817572
0,0,2.6574371e-05
0,0,1.3779378e-05
0,0,4.7948393e-05
0,0,7.1598906e-06
0,0,3.786859e-05
0,0,4.1259664e-05
0,0,3.8623406e-05
0,0,0.00015588706
0,0,4.0901405e-06
0,0,0.0004888766
0,0,0.00036628215
0,0,1.0596704e-05
0,0,7.7362365e-06
0,0,2.6141463e-06
0,0,0.00032494043
0,0,0.00013023285
0,0,6.0784867e-05
0,0,9.082994e-05
0,0,9.3306435e-06
0,0,9.8161916e-05
0,0,0.0011031369
0,0,1.3414294e-05
0,0,0.00017535572
0,0,4.9969633e-05
0,0,0.00016454844
0,0,6.479406e-05
0,0,9.481982e-05
0,0,3.6004843e-05
0,0,1.9961074e-06
0,0,0.00022933653
0,0,7.174879e-05
0,0,3.1378474e-06
0,0,4.2715725e-05
0,0,2.134371e-05
0,0,1.7648765e-05
0,0,1.8221059e-05
0,0,2.312216e-05
0,0,1.3750131e-05
0,0,0.0006400461
0,0,4.142077e-06
0,0,4.1721523e-05
0,0,2.1150045e-05
0,0,2.5005715e-05
0,0,1.0553519e-05
0,0,8.665296e-05
0,0,2.0043437e-05
0,0,0.0010345593
0,0,2.2525071e-05
0,0,2.2767079e-05
0,0,0.00019871458
0,0,1.6157877e-05
0,0,0.00032692848
0,0,5.2965308e-05
0,0,0.00019286861
0,0,4.1766707e-05
0,0,3.5921448e-06
0,0,1.0691166e-05
0,0,1.7902445e-05
0,0,0.005746717
0,0,7.940037e-06
0,0,6.130921e-05
0,0,2.8999744e-05
0,0,5.2802484e-06
0,0,5.9384943e-06
0,0,3.941961e-05
0,0,5.1788043e-05
0,0,0.00046391223
0,0,5.1344392e-05
0,0,8.440998e-06
0,0,1.4874127e-05
0,0,2.23189e-05
0,0,1.3457372e-05
0,0,2.6271515e-05
0,0,6.1473074e-05
0,0,0.00024980493
0,0,1.0102342e-05
0,0,7.9957135e-05
0,0,0.00026700125
0,0,3.5670128e-05
0,0,1.6036418e-05
0,0,3.1468044e-05
0,0,4.727132e-05
0,0,3.5499128e-05
0,0,0.011272098
0,0,0.0011810777
0,0,2.306778e-05
0,0,2.9714229e-05
0,0,4.654325e-06
0,0,7.598306e-06
0,0,0.00083228
0,0,8.944924e-06
0,0,4.617528e-06
0,0,0.00053089677
0,0,1.1831354e-05
0,0,0.0023658662
0,0,9.766749e-06
0,0,0.00010073466
0,0,7.386125e-06
0,0,8.007113e-05
0,0,7.172677e-06
0,0,0.00036728114
0,0,4.6351044e-05
0,0,3.0667958e-05
0,0,2.8176086e-05
0,0,0.000117851305
0,0,2.5781163e-05
0,0,0.00034296585
0,0,0.00023467354
0,0,4.630329e-05
0,0,3.4308025e-05
0,0,0.00057635846
0,0,0.00014367684
0,0,1.6478756e-05
0,0,5.2727646e-05
0,0,6.316893e-05
0,0,2.7047806e-06
0,0,1.7425513e-05
0,0,0.00015292953
0,0,1.7061515e-05
0,0,1.1467946e-05
0,0,0.00027685493
0,0,0.00030224954
0,0,2.086409e-05
0,0,3.6264046e-05
0,0,6.6872676e-06
0,0,0.00011745886
0,0,4.1307147e-05
0,0,6.583473e-06
0,0,2.0510937e-05
0,0,3.20126e-05
0,0,4.5869292e-05
0,0,3.7646103e-05
0,0,0.0028040798
0,0,0.00015483586
0,0,0.00023222693
0,0,1.908939e-05
0,0,8.734492e-06
0,0,4.109576e-05
0,0,0.00021883381
0,0,1.1058089e-05
0,0,8.364929e-05
0,0,0.002658699
0,0,2.9898449e-05
0,0,0.0016071972
0,0,2.4112036e-05
0,0,7.854018e-06
0,0,3.7446523e-05
0,0,1.2448955e-05
0,0,0.00034145158
0,0,3.159735e-05
0,0,9.579763e-06
0,0,2.3912378e-05
0,0,1.068609e-05
0,0,2.8651952e-05
0,0,1.2536414e-05
0,0,2.0364234e-05
0,0,3.490678e-05
0,0,3.51379e-05
0,0,6.5417895e-05
0,0,6.399626e-05
0,0,5.2939256e-05
0,0,7.4022523e-06
0,0,3.9240742e-05
0,0,1.9973275e-05
0,0,5.0307914e-05
0,0,0.00018580895
0,0,4.7906484e-05
0,0,1.43285915e-05
0,0,7.5009725e-06
0,0,4.0569772e-05
0,0,0.00011913906
0,0,4.568703e-05
0,0,0.00032765552
0,0,9.725247e-05
0,0,2.5723572e-05
0,0,0.00011520539
0,0,4.75202e-06
0,0,0.0005058048
0,0,5.9386894e-05
0,0,5.838896e-05
0,0,5.9186095e-06
0,0,1.4343207e-05
0,0,1.4672199e-05
0,0,6.8667287e-06
0,0,0.00022917041
0,0,6.7004716e-05
0,0,4.9448577e-06
0,0,0.00019593589
0,0,1.0916728e-05
0,0,1.83216e-05
0,0,6.0930824e-06
0,0,0.00014768362
0,0,2.0270261e-05
0,0,0.00031666417
0,0,1.25668175e-05
0,0,7.362047e-05
0,0,0.0009790335
0,0,7.787348e-06
0,0,0.00017497226
0,0,3.9740517e-05
0,0,0.0006195658
0,0,4.9893402e-05
0,0,2.8413755e-05
0,0,7.4544982e-06
0,0,8.482584e-05
0,0,2.4262867e-05
0,0,1.5199732e-06
0,0,2.3402052e-05
0,0,1.9385729e-05
0,0,9.3766816e-05
0,0,3.4108896e-05
0,0,8.0831014e-05
0,0,4.462776e-05
0,0,0.0007734634
0,0,5.1784486e-05
0,0,0.00085813
0,0,0.0004903184
0,0,1.4107729e-05
0,0,2.0874024e-05
0,0,0.000113943184
0,0,4.8692287e-05
0,0,1.19485185e-05
0,0,0.00023377202
0,0,0.0015228239
0,0,1.20276545e-05
0,0,9.133247e-05
0,0,1.787273e-05
0,0,0.0007220818
0,0,1.8430936e-05
0,0,0.0003686696
0,0,8.4755775e-06
0,0,1.1940386e-05
0,0,3.1060506e-05
0,0,2.2950062e-06
0,0,1.08238755e-05
0,0,3.1465643e-05
0,0,3.7308044e-05
0,0,0.00029505332
0,0,1.9520747e-05
0,0,2.9101084e-05
0,0,7.340181e-06
0,0,6.653056e-05
0,0,0.000112961745
0,0,0.00033224962
0,0,3.088379e-05
0,0,3.572943e-05
0,0,3.0970798e-05
0,0,2.2262068e-06
0,0,2.883866e-05
0,0,8.685879e-05
0,0,1.6502772e-06
0,0,0.00041799658
0,0,1.5566995e-05
0,0,0.0030635772
0,0,5.1356972e-05
0,0,7.170605e-06
0,0,0.0003205781
0,0,0.0003261577
0,0,4.7142707e-06
0,0,8.983571e-05
0,0,0.00025158777
0,0,8.3450344e-05
0,0,7.098548e-05
0,0,2.9394814e-05
0,0,2.2384766e-05
0,0,0.00023244359
0,0,2.9833196e-05
0,0,1.0255011e-05
0,0,0.00044153
0,0,7.6529495e-06
0,0,7.821481e-06
0,0,3.551091e-05
0,0,0.00034689228
0,0,3.761316e-05
0,0,1.7360691e-05
0,0,1.0154007e-05
0,0,0.0002676216
0,0,0.0036603436
0,0,0.0017949389
0,0,5.6740035e-05
0,0,5.2605656e-06
0,0,5.159968e-05
0,0,8.682934e-06
0,0,0.00021778578
0,0,4.270819e-05
0,0,6.646062e-05
0,0,6.9361718e-06
0,0,0.00070279907
0,0,1.3548478e-05
0,0,1.183851e-05
0,0,8.669354e-05
0,0,5.0543735e-05
0,0,0.00028448133
0,0,3.9219678e-05
0,0,0.00016734864
0,0,1.24191565e-05
0,0,6.241002e-06
0,0,1.6467493e-05
0,0,5.3856016e-05
0,0,7.911677e-06
0,0,2.5845238e-05
0,0,2.859111e-05
0,0,0.00024256056
0,0,2.0102318e-05
0,0,1.2314123e-05
0,0,3.8227834e-05
0,0,0.00011176823
0,0,3.158087e-05
0,0,0.000103495346
0,0,1.1974024e-05
0,0,0.00044728984
0,0,0.00034873423
0,0,7.885772e-06
0,0,1.204895e-05
0,0,0.0018694905
0,0,0.0003935981
0,0,3.8419745e-05
0,0,8.77459e-05
0,0,0.0013069535
0,0,3.8823036e-05
0,0,7.0200294e-05
0,0,0.00020293373
0,0,7.0348588e-06
0,0,5.9620397e-05
0,0,3.405676e-05
0,0,0.0007414098
0,0,4.1411782e-05
0,0,2.5977859e-06
0,0,0.00076885324
0,0,1.659823e-05
0,0,0.00027687446
0,0,0.0009933
0,0,4.6825662e-05
0,0,8.545375e-05
0,0,3.0951163e-05
0,0,0.00023032547
0,0,1.2651955e-05
0,0,1.0260372e-05
0,0,4.097101e-05
0,0,2.663427e-05
0,0,2.2461898e-05
0,0,0.0054763705
0,0,2.8283608e-05
0,0,2.7930575e-05
0,0,1.09017465e-05
0,0,0.0002094958
0,0,3.151489e-05
0,0,2.1406453e-05
0,0,5.869707e-05
0,0,2.7190801e-05
0,0,1.0248109e-05
0,0,4.178232e-05
0,0,1.937876e-05
0,0,0.00013857863
0,0,0.0002289793
0,0,0.0003351702
0,0,6.7262513e-06
0,0,7.704362e-05
0,0,8.5352285e-06
0,0,0.000451084
0,0,0.00035891673
0,0,0.00030554843
0,0,3.142468e-05
0,0,1.5413363e-05
0,0,7.6029435e-05
0,0,4.02062e-06
0,0,5.065066e-05
0,0,1.4824281e-05
0,0,1.1495518e-05
0,0,1.252922e-05
0,0,2.3827311e-05
0,0,0.0021203172
0,0,4.575858e-05
0,0,2.9751967e-05
0,0,2.6044065e-06
0,0,1.5064605e-05
0,0,0.000120950746
0,0,6.965443e-05
0,0,1.0711924e-05
0,0,1.4494145e-05
0,0,2.2034219e-05
0,0,1.4728808e-05
0,0,0.00038377498
0,0,1.553957e-05
0,0,0.00012572727
0,0,3.5780817e-05
0,0,5.6099623e-05
0,0,8.901788e-06
0,0,0.0014827338
0,0,3.2119285e-06
0,0,0.0022981514
0,0,3.7561833e-05
0,0,8.8210145e-06
0,0,0.00017863867
0,0,2.547641e-05
0,0,0.0005382721
0,0,3.848685e-05
0,0,3.4882123e-05
0,0,1.7038165e-05
0,0,5.580723e-06
0,0,2.0538475e-05
0,0,2.3969777e-05
0,0,2.429834e-05
0,0,0.000121227866
0,0,7.442146e-06
0,0,2.8053288e-05
0,0,1.9645198e-05
0,0,1.996798e-05
0,0,8.049123e-06
0,0,4.1668005e-05
0,0,7.869823e-06
0,0,3.0541087e-05
0,0,3.9336533e-06
0,0,5.224928e-05
0,0,4.909912e-05
0,0,0.0021515684
0,0,0.00025641682
0,0,4.3068394e-05
0,0,4.860263e-06
0,0,1.0832322e-05
0,0,6.5915456e-06
0,0,0.00034992181
0,0,3.6107136e-05
0,0,9.919273e-05
0,0,4.3970856e-05
0,0,0.00014673082
0,0,0.0007332894
0,0,2.2629104e-06
0,0,0.00028520072
0,0,2.0613157e-05
0,0,6.983855e-06
0,0,2.9965073e-05
0,0,2.4760186e-05
0,0,1.0411269e-05
0,0,7.7621235e-06
0,0,5.751245e-05
0,0,1.1462304e-05
0,0,0.0009833341
0,0,2.5667107e-06
0,0,0.0012631827
0,0,6.0344886e-05
0,0,9.441304e-06
0,0,1.5987189e-05
0,0,6.372131e-05
0,0,0.0012440681
0,0,8.407602e-05
0,0,1.2393719e-05
0,0,1.5360463e-05
0,0,0.0008731251
0,0,0.00014525645
0,0,8.7611705e-05
0,0,1.7288623e-05
0,0,2.1917218e-05
0,0,0.00027649512
0,0,6.451477e-05
0,0,2.5441912e-05
0,0,9.814957e-06
1,0,0.15543178
0,0,5.4352615e-05
0,0,2.2197823e-05
0,0,4.781921e-05
0,0,8.22797e-06
0,0,8.500196e-05
0,0,9.119166e-05
0,0,3.0421006e-05
0,0,4.1450385e-05
0,0,1.3049646e-05
0,0,6.12534e-05
0,0,1.7133256e-05
0,0,3.268911e-05
0,0,5.821305e-05
0,0,0.0028177865
0,0,2.4557152e-05
0,0,1.6058011e-05
0,0,7.901453e-05
0,0,3.6488238e-06
1,1,0.56616336
0,0,9.669948e-05
0,0,5.3089584e-06
0,0,2.1395228e-05
0,0,3.8431066e-05
0,0,2.7647864e-05
0,0,1.7743627e-05
0,0,0.00016970468
0,0,9.218348e-05
0,0,3.4027041e-06
0,0,5.9749646e-06
0,0,0.00046777664
0,0,2.0913794e-05
0,0,1.1437224e-05
0,0,8.908917e-05
0,0,7.5471056e-05
0,0,2.3552597e-05
0,0,2.5961688e-05
0,0,2.9952958e-05
0,0,0.0001571062
0,0,2.491127e-06
0,0,2.9650453e-05
0,0,5.6594672e-05
0,0,5.397628e-05
0,0,1.6020414e-05
0,0,2.4831172e-05
0,0,0.00012122093
0,0,2.3007628e-05
0,0,0.00035866906
0,0,6.5443666e-05
0,0,0.00062145205
0,0,0.00015612536
0,0,2.7811951e-05
0,0,0.00015671973
0,0,8.166373e-05
0,0,0.00016982754
0,0,1.6575262e-06
0,0,0.00018036355
0,0,0.00043763677
0,0,7.5070464e-05
0,0,1.6518201e-05
0,0,3.0049052e-06
0,0,1.5844997e-05
0,0,6.3120515e-06
0,0,0.00031970398
0,0,2.391954e-05
0,0,4.9524177e-05
0,0,0.00015605823
0,0,2.2964818e-05
0,0,0.00018240522
0,0,0.00011742761
0,0,0.00048337382
0,0,0.0001869675
0,0,1.132233e-05
0,0,0.0005382608
0,0,6.444756e-05
0,0,1.0493824e-05
0,0,1.4220682e-05
0,0,2.3179364e-05
0,0,3.6384206e-06
0,0,8.503252e-05
0,0,0.0010595466
0,0,5.670634e-05
0,0,3.8627015e-05
0,0,0.00012301956
0,0,2.7552502e-05
0,0,1.18054195e-05
0,0,2.2855596e-05
0,0,4.4372373e-05
0,0,0.00012996823
0,0,3.244961e-05
0,0,2.4844863e-05
0,0,8.5387044e-05
0,0,0.00019354194
0,0,0.0007856101
0,0,3.30114e-05
0,0,3.305182e-05
0,0,4.3309414e-05
0,0,0.000108877495
0,0,1.8471565e-05
0,0,0.000118389704
0,0,0.00036467315
0,0,6.333553e-05
0,0,1.9060375e-05
0,0,6.568425e-05
0,0,8.411474e-06
0,0,4.7001035e-05
0,0,6.6698417e-06
0,0,1.893831e-05
0,0,5.594587e-05
0,0,9.932204e-06
0,0,0.00043504767
0,0,9.454694e-06
0,0,0.00075474364
0,0,7.412853e-05
0,0,5.3896707e-05
0,0,2.1940978e-06
0,0,0.00019543697
0,0,8.848423e-05
0,0,8.282531e-05
0,0,0.0006695846
0,0,0.00012077684
0,0,6.0464095e-06
0,0,2.888804e-05
0,0,1.0773599e-05
0,0,3.6828005e-05
0,0,1.0657978e-05
0,0,2.788658e-05
0,0,2.05587e-05
0,0,0.00080885977
0,0,5.6388075e-05
0,0,0.0001633505
0,0,1.9343364e-05
0,0,8.379979e-05
0,0,2.1636051e-05
0,0,1.8886245e-06
0,0,3.5091052e-05
0,0,1.0632751e-05
0,0,7.381224e-05
0,0,1.4539303e-05
0,0,9.0364454e-05
0,0,2.0272948e-05
0,0,3.7729555e-05
0,0,9.100003e-05
0,0,1.4831761e-05
0,0,0.00033806916
0,0,0.000116112176
0,0,9.089711e-06
0,0,1.6626715e-05
0,0,6.251948e-05
0,0,0.00015148372
0,0,0.0002913181
0,0,3.0887855e-05
0,0,0.00057680084
0,0,7.223448e-06
0,0,0.00014700965
0,0,4.3329946e-05
0,0,1.01088945e-05
0,0,5.822584e-06
0,0,0.00013722765
0,0,1.18387115e-05
0,0,3.0232963e-05
0,0,1.4727896e-05
0,0,0.0014760364
0,0,0.0008026532
0,0,3.39414e-05
0,0,1.3872956e-05
0,0,4.336725e-06
0,0,0.00017853241
0,0,6.137947e-05
0,0,1.4704936e-05
0,0,0.00060545537
0,0,1.6394473e-05
0,0,4.6117675e-05
0,0,2.5061674e-06
0,0,8.628421e-06
0,0,7.4210257e-06
0,0,1.2321312e-05
0,0,1.9758532e-05
0,0,8.786547e-05
0,0,0.00015822682
0,0,3.533094e-05
0,0,3.938459e-05
0,0,8.03104e-05
0,0,2.0217112e-05
0,0,2.7870787e-05
0,0,3.7050177e-05
0,0,8.060368e-06
0,0,7.8097255e-05
0,0,2.9089877e-05
0,0,2.470325e-05
0,0,0.00017267525
0,0,9.243189e-05
0,0,0.00070931914
0,0,2.558661e-05
0,0,4.1754123e-05
0,0,8.074396e-05
0,0,4.367576e-06
0,0,7.727956e-06
0,0,0.00015811942
0,0,5.467519e-06
0,0,2.6764508e-05
0,0,9.851792e-06
0,0,0.00027899086
0,0,1.31847955e-05
0,0,1.9548766e-05
0,0,5.8693095e-05
0,0,9.606725e-06
0,0,0.00016003105
0,0,0.00014821462
0,0,8.8954985e-06
0,0,0.00053712865
0,0,6.161267e-06
0,0,3.832325e-05
0,0,5.888068e-05
0,0,0.0002891377
0,0,5.487289e-05
0,0,0.00011588342
0,0,0.00012110713
0,0,0.00040034406
0,0,0.025193486
0,0,0.00013491273
0,0,2.9253399e-05
0,0,5.384107e-05
0,0,0.0026311097
0,0,3.4518978e-06
0,0,2.0146037e-05
0,0,0.00043688877
0,0,8.31688e-06
0,0,2.8722752e-05
0,0,8.466708e-06
0,0,7.941643e-06
0,0,7.4615964e-06
0,0,0.0009901422
0,0,9.788112e-05
0,0,3.9660557e-05
0,0,2.1828586e-05
0,0,9.669966e-05
0,0,7.045386e-06
0,0,4.0996256e-05
0,0,7.516236e-05
0,0,3.0338235e-05
0,0,3.7363803e-05
0,0,4.386519e-05
0,0,1.0173576e-05
0,0,8.201054e-05
0,0,0.00022073596
0,0,7.390318e-06
0,0,1.0884585e-05
0,0,6.8591494e-06
0,0,0.0027580722
0,0,2.007473e-05
0,0,0.00056582683
0,0,3.918491e-05
0,0,2.3769031e-05
0,0,0.00017118557
0,0,4.061347e-05
0,0,0.0005463036
0,0,2.9902214e-05
0,0,3.6958532e-05
0,0,0.00024459916
0,0,2.6453381e-05
0,0,2.0560621e-05
0,0,2.6727446e-05
0,0,4.25669e-05
0,0,0.0020554673
0,0,5.4107797e-05
0,0,6.9777554e-05
0,0,4.381498e-05
0,0,8.873428e-06
0,0,1.3950607e-05
0,0,6.711585e-06
0,0,0.0005714791
0,0,1.27490575e-05
0,0,2.61547e-05
0,0,1.4359659e-05
0,0,2.8813092e-05
0,0,6.177877e-06
0,0,7.975783e-06
0,0,3.1224413e-06
0,0,0.0042663016
0,0,0.0002768151
0,0,0.00016908912
0,0,1.29961545e-05
0,0,8.044899e-05
0,0,1.0758937e-05
0,0,1.6655424e-05
0,0,0.00039737654
0,0,1.587832e-05
0,0,0.00044823738
0,0,1.8401202e-05
0,0,0.00016687841
0,0,2.8880788e-06
0,0,3.093634e-06
0,0,3.9317532e-05
0,0,4.8772687e-05
0,0,7.0292066e-05
0,0,0.00045696885
0,0,2.1580618e-05
0,0,3.4292876e-05
0,0,1.0276236e-05
0,0,1.4552996e-05
0,0,1.0659005e-05
0,0,1.2870203e-05
0,0,0.00061821355
0,0,2.6359827e-05
0,0,1.0583917e-05
0,0,2.414669e-05
0,0,2.4525205e-05
0,0,1.6329546e-05
0,0,4.3759774e-05
0,0,3.3234886e-05
0,0,3.1919837e-05
0,0,0.00039703006
0,0,0.00026651472
0,0,3.6823687e-05
0,0,8.775285e-05
0,0,1.6997674e-05
0,0,0.00012787935
0,0,1.7529352e-05
0,0,4.7682148e-05
0,0,3.4662044e-05
0,0,0.0003372271
0,0,5.2169667e-05
0,0,0.00013812812
0,0,9.777531e-06
0,0,0.00019405638
0,0,2.8776516e-05
0,0,0.00013073489
0,0,1.4665205e-05
0,0,2.2381862e-05
0,0,3.2783714e-06
0,0,0.00068581646
0,0,1.02320055e-05
0,0,0.00054637203
0,0,0.00010049383
0,0,7.0105e-06
0,0,0.00018870944
0,0,0.00016237402
0,0,1.0572225e-05
0,0,0.0001572198
0,0,2.4380439e-05
0,0,0.00011848705
0,0,3.6240814e-05
0,0,1.414831e-05
0,0,0.00019972265
0,0,2.9670367e-05
0,0,9.52317e-06
0,0,7.6870434e-05
0,0,4.182721e-06
0,0,0.00032089732
0,0,0.000102896156
0,0,5.748195e-06
0,0,5.686718e-06
0,0,1.9146675e-05
0,0,2.7066515e-05
0,0,1.1268684e-05
0,0,0.00063950033
0,0,2.183533e-05
0,0,2.2059387e-05
0,0,0.0013307178
0,0,2.7368822e-05
0,0,0.000103533544
0,0,2.5194671e-05
0,0,2.4230287e-05
0,0,5.76506e-06
0,0,0.00018724278
0,0,0.00025667145
0,0,7.9139856e-05
0,0,1.6583816e-05
0,0,0.00017673319
0,0,5.1160474e-05
0,0,1.0926902e-06
0,0,2.4930566e-06
0,0,0.0006353287
0,0,2.5814546e-05
0,0,0.0001575462
0,0,0.0001758272
0,0,1.8752375e-05
0,0,1.4876653e-05
0,0,0.0001370779
0,0,3.0624527e-05
0,0,8.46825e-06
0,0,0.0001476539
0,0,0.00014380924
0,0,1.500504e-06
0,0,1.7368657e-05
0,0,3.6125875e-05
0,0,0.0002262244
0,0,6.8703903e-06
0,0,4.022628e-05
0,0,0.00019172193
0,0,0.00027021032
0,0,0.00010785531
0,0,0.00032841298
0,0,1.7513428e-05
0,0,6.826821e-05
0,0,9.363823e-06
0,0,1.1870707e-05
0,0,2.6407382e-05
0,0,1.1203993e-05
0,0,0.0020620201
0,0,5.002055e-05
0,0,2.7777729e-05
0,0,5.783281e-05
0,0,8.364303e-06
0,0,8.570412e-05
0,0,0.00024415483
0,0,6.4924876e-05
0,0,0.00016872224
0,0,3.5538487e-05
0,0,5.181113e-06
0,0,2.5049534e-05
0,0,0.0005619601
0,0,3.2281827e-05
0,0,0.010599708
0,0,1.0647982e-05
0,0,0.00010778817
0,0,7.472043e-05
0,0,0.00030276985
0,0,3.0056883e-05
0,0,0.000101231824
0,0,4.6521487e-05
0,0,4.9915627e-05
0,0,2.5650059e-05
0,0,9.860604e-05
0,0,4.171667e-05
0,0,2.5202939e-05
0,0,0.00011492636
0,0,3.091954e-05
0,0,6.651654e-05
0,0,2.3590137e-05
0,0,2.578126e-05
0,0,4.353754e-05
0,0,3.3651944e-05
0,0,1.1776419e-05
0,0,7.336709e-06
0,0,0.0058722934
0,0,4.4279128e-05
0,0,3.3743694e-05
0,0,8.679205e-05
0,0,0.0005064638
0,0,5.9073375e-07
0,0,4.411067e-05
0,0,0.000104615785
0,0,6.952827e-05
0,0,2.054114e-05
0,0,9.3044284e-05
0,0,2.8878234e-05
0,0,0.00013294962
0,0,3.7043923e-05
0,0,0.00010304481
0,0,3.925169e-06
0,0,2.1397167e-05
0,0,9.855697e-05
0,0,0.00018392412
0,0,5.3760676e-05
0,0,0.0004830141
0,0,6.525957e-05
0,0,1.3254387e-05
0,0,3.0630283e-05
0,0,5.2311243e-06
0,0,7.5036536e-05
0,0,2.2945902e-05
0,0,3.2765573e-05
0,0,0.00010436498
0,0,0.00028804704
0,0,3.8892895e-06
0,0,3.3771248e-05
0,0,2.151673e-05
0,0,3.3199154e-05
0,0,0.00025122368
0,0,4.3373562e-05
0,0,5.3378863e-06
0,0,0.00035330822
0,0,0.00022692695
0,0,1.1862298e-05
0,0,9.305815e-06
0,0,6.957277e-05
0,0,3.510039e-05
0,0,0.002373421
0,0,4.169074e-05
0,0,7.503303e-05
0,0,5.172674e-05
0,0,1.7767603e-05
0,0,1.8105888e-05
0,0,2.7717162e-05
0,0,3.149314e-05
0,0,2.442456e-05
0,0,0.00013381397
0,0,0.0010986197
0,0,2.6886048e-05
0,0,0.0005501534
0,0,6.263675e-05
0,0,0.00015688284
0,0,0.0008320398
0,0,0.00018039004
0,0,3.9022772e-05
0,0,0.00018539783
0,0,1.293051e-05
0,0,9.453967e-05
0,0,0.000105017876
0,0,5.493673e-06
0,0,0.0005728842
0,0,4.124654e-06
0,0,5.3463837e-06
0,0,2.8978347e-05
0,0,0.00059100945
0,0,0.0009476353
0,0,2.5530622e-05
0,0,2.7579184e-05
0,0,3.8279053e-05
0,0,6.7532004e-05
0,0,4.6886613e-05
0,0,2.718048e-05
0,0,0.00090189266
0,0,0.0003164867
0,0,0.00019999003
0,0,3.5263314e-05
0,0,0.00016164719
0,0,1.4230476e-05
0,0,5.3132404e-05
0,0,4.2262443e-05
0,0,1.6366432e-05
0,0,3.5108146e-06
0,0,0.0008040855
0,0,0.00028250637
0,0,9.666663e-06
0,0,1.9662704e-05
0,0,9.801974e-05
0,0,6.3321654e-06
0,0,2.8717318e-06
0,0,4.624689e-05
0,0,8.099713e-06
0,0,0.00029676888
0,0,5.2949505e-05
0,0,4.337832e-05
0,0,2.0273625e-05
0,0,7.568691e-05
0,0,3.2829535e-05
0,0,0.0009040819
0,0,9.962324e-06
0,0,0.00032985196
0,0,0.00040453006
0,0,7.3723327e-06
0,0,3.8622893e-05
0,0,0.0003433836
0,0,1.6654692e-05
0,0,9.925339e-06
0,0,1.2968287e-05
0,0,2.0517196e-05
0,0,7.7120085e-06
0,0,5.401423e-05
0,0,1.4967343e-05
0,0,0.000100914636
0,0,6.066332e-05
0,0,1.5556605e-05
0,0,7.5254524e-05
0,0,2.7587394e-05
0,0,1.7372682e-05
0,0,2.7560754e-05
0,0,2.2694005e-05
0,0,7.348522e-06
0,0,9.718683e-05
0,0,1.1004206e-05
0,0,3.139928e-06
0,0,5.013789e-05
0,0,8.743518e-06
0,0,8.1147355e-06
0,0,0.0010086442
0,0,6.029076e-05
0,0,0.0007894774
0,0,8.778281e-05
0,0,3.4676326e-05
0,0,0.0009671053
0,0,1.0093857e-05
0,0,5.0024973e-06
0,0,8.628471e-05
0,0,1.959694e-05
0,0,9.858268e-06
0,0,3.4633726e-05
0,0,1.953246e-05
0,0,2.0707988e-05
0,0,3.3657496e-05
0,0,6.748927e-06
0,0,1.6449458e-05
0,0,0.00030030642
0,0,4.5045585e-05
0,0,0.0001957236
0,0,4.5767614e-05
0,0,0.0001405963
0,0,9.0059926e-05
0,0,0.000103998806
0,0,6.7935744e-06
0,0,4.9334823e-05
0,0,2.0321746e-05
0,0,1.9496783e-05
0,0,0.00026816793
0,0,8.931918e-05
0,0,6.746372e-06
0,0,3.8917015e-06
0,0,1.920122e-05
0,0,4.61409e-05
0,0,2.5096351e-05
0,0,1.9717949e-05
0,0,0.00038457097
0,0,6.951813e-05
0,0,2.7912145e-06
0,0,9.645979e-06
0,0,6.788937e-06
0,0,2.6850152e-05
0,0,2.756207e-05
0,0,0.00016733125
0,0,1.2779111e-05
0,0,4.0225823e-05
0,0,6.537506e-06
0,0,5.10087e-06
0,0,7.610683e-05
0,0,6.259122e-06
0,0,0.0001491243
0,0,8.454515e-06
0,0,0.00014044248
0,0,7.825821e-05
0,0,1.0247063e-05
0,0,2.1536332e-05
0,0,1.6519587e-05
0,0,2.6973468e-05
0,0,4.9936e-05
0,0,4.191338e-06
0,0,7.1265466e-05
0,0,1.6003052e-05
0,0,7.3866526e-05
0,0,4.4472097e-05
0,0,0.0005619967
0,0,3.1263357e-05
0,0,7.428825e-05
0,0,2.4810555e-05
0,0,4.3883894e-05
0,0,1.0916135e-05
0,0,6.399077e-05
0,0,0.00076503895
0,0,6.340732e-05
0,0,3.779903e-05
0,0,1.29871105e-05
0,0,6.746899e-05
0,0,1.4437446e-05
0,0,2.1397187e-05
0,0,1.8750048e-05
0,0,1.8420269e-05
0,0,0.00014048305
0,0,6.8777365e-05
0,0,0.00026029264
0,0,0.0054412954
0,0,8.42705e-05
0,0,4.088339e-06
0,0,0.000103712984
0,0,2.067624e-05
0,0,7.730049e-06
0,0,0.00017527382
0,0,9.501906e-06
0,0,1.0452904e-05
0,0,1.47397695e-05
0,0,1.7259448e-05
0,0,5.5687186e-05
0,0,9.297761e-06
0,0,1.7896783e-06
0,0,1.9943755e-05
0,0,0.0015885496
0,0,2.6047592e-05
0,0,1.46452185e-05
0,0,0.00017321185
0,0,3.3400454e-05
0,0,1.8615265e-05
0,0,1.6077473e-05
0,0,7.6919925e-05
0,0,7.604183e-05
0,0,2.697851e-05
0,0,0.00010240897
0,0,0.00018545636
0,0,2.33561e-05
0,0,0.00033661118
0,0,2.7650633e-05
0,0,7.511493e-05
0,0,5.0906867e-05
0,0,2.5582318e-05
0,0,0.00018981587
0,0,2.3322402e-05
0,0,1.3251062e-05
0,0,0.0006145604
0,0,1.8800398e-05
0,0,6.511815e-05
0,0,1.2521478e-05
0,0,1.9990139e-05
0,0,7.73569e-06
0,0,3.359141e-05
0,0,1.1860601e-05
0,0,2.559735e-05
0,0,2.14048e-05
0,0,1.7252356e-05
0,0,0.00023926173
0,0,4.0795992e-05
0,0,0.00011984459
0,0,5.2308897e-06
0,0,3.8988775e-05
0,0,5.3357493e-05
0,0,0.00010375088
0,0,0.0004459373
0,0,0.010801449
0,0,2.9668456e-06
0,0,3.119998e-05
0,0,0.0003410503
0,0,0.00010205899
0,0,5.2962155e-06
0,0,0.000114866096
0,0,0.00011389311
0,0,1.7262182e-05
0,0,7.122653e-05
0,0,8.57174e-06
0,0,1.4681059e-05
0,0,0.0028340966
0,0,2.2408773e-05
0,0,6.2930526e-06
0,0,1.5705733e-05
0,0,7.413351e-06
0,0,8.821615e-05
0,0,1.6435943e-05
0,0,3.60569e-05
0,0,1.2410726e-05
0,0,5.8928985e-05
0,0,5.001739e-06
0,0,1.9963372e-05
0,0,0.00024788905
0,0,1.0744879e-05
0,0,4.9601123e-05
0,0,8.167346e-05
0,0,7.862077e-05
0,0,0.00044138
0,0,0.00019629435
0,0,4.9155617e-05
0,0,2.7696207e-05
0,0,4.3455122e-05
0,0,2.0645697e-05
0,0,0.00011196142
0,0,2.1140042e-05
0,0,2.4414523e-05
0,0,7.020034e-06
0,0,1.4375607e-05
0,0,4.421495e-05
0,0,1.5562913e-05
0,0,1.9402965e-05
0,0,2.7725962e-05
0,0,3.9946455e-05
0,0,0.00016201891
0,0,9.110761e-05
0,0,9.0865535e-05
0,0,2.9423874e-05
0,0,1.46785105e-05
0,0,8.439982e-05
0,0,6.885279e-06
0,0,0.001911479
0,0,0.0002536115
0,0,4.4637633e-05
0,0,0.00027383392
0,0,4.201002e-05
0,0,1.3778582e-06
0,0,2.1661073e-05
0,0,0.0003157688
0,0,2.9381448e-05
0,0,0.0010800333
0,0,5.0075534e-05
0,0,0.0002474628
0,0,7.113094e-06
0,0,8.980556e-05
0,0,4.541168e-05
0,0,4.1347423e-05
0,0,0.00038042798
0,0,7.0716255e-06
0,0,8.672126e-06
0,0,1.3729847e-05
0,0,0.0003148036
0,0,0.00017079525
0,0,2.1796448e-05
0,0,1.2249691e-05
0,0,1.8347722e-05
0,0,6.429188e-05
0,0,2.5575535e-05
0,0,5.9427402e-05
0,0,0.00017709736
0,0,8.1955266e-05
0,0,0.0010458769
0,0,1.2748997e-05
0,0,0.00032027782
0,0,3.1395924e-05
0,0,0.0026154486
0,0,5.9857266e-06
0,0,0.00040494796
0,0,7.70931e-06
0,0,0.0037489024
0,0,1.1091591e-05
0,0,0.0002760792
0,0,5.6972913e-05
0,0,0.0071073263
0,0,3.2360673e-05
0,0,0.00014700572
0,0,5.2976422e-05
0,0,4.604082e-05
0,0,0.00042032692
0,0,0.0002164039
0,0,0.00013001732
0,0,5.6913665e-05
0,0,1.2244167e-05
0,0,0.00011175896
0,0,2.8082517e-05
0,0,0.00013459945
0,0,7.08593e-06
0,0,1.5686423e-05
0,0,0.0024946278
0,0,0.00015295723
0,0,2.0424175e-05
0,0,1.786634e-05
0,0,9.348003e-06
0,0,2.4918754e-05
0,0,4.910928e-05
0,0,3.143592e-05
0,0,7.016161e-05
0,0,0.00016064229
0,0,9.9438395e-05
0,0,0.00035122607
0,0,1.5819027e-05
0,0,9.68294e-05
0,0,0.003996452
0,0,2.4847966e-05
0,0,3.0137908e-06
0,0,0.000105143736
0,0,8.507516e-06
0,0,0.00019575811
0,0,1.8578607e-05
0,0,0.000108333894
0,0,3.6684607e-05
0,0,7.873741e-06
0,0,0.00017892609
0,0,1.9097639e-05
0,0,7.610023e-05
0,0,3.0528798e-05
0,0,2.68689e-05
0,0,0.00014972643
0,0,0.000289063
0,0,0.00031918654
0,0,5.043531e-06
0,0,2.091561e-05
0,0,1.932492e-06
0,0,1.5838908e-05
0,0,3.143616e-05
0,0,0.0008895713
0,0,1.1680888e-05
0,0,0.0005282228
0,0,1.11245145e-05
0,0,4.9023605e-05
0,0,6.077066e-06
0,0,8.3226005e-05
0,0,6.5936074e-06
0,0,3.8689095e-06
0,0,5.3425207e-05
0,0,0.0001044294
0,0,1.9797293e-05
0,0,0.00014073178
0,0,0.00010348044
0,0,4.4576464e-05
0,0,8.033938e-06
0,0,6.5888557e-06
0,0,0.0002614639
0,0,5.7061116e-06
0,0,5.256749e-06
0,0,2.3493521e-06
0,0,0.0001844844
0,0,9.790643e-05
0,0,1.1018151e-05
0,0,7.022384e-06
0,0,4.0515257e-05
0,0,3.303975e-05
0,0,9.14501e-06
0,0,2.7537477e-05
0,0,0.00052906125
0,0,9.8964e-05
0,0,0.00021831573
0,0,2.041771e-05
0,0,1.8583816e-05
0,0,0.00012301956
0,0,0.0057876636
0,0,8.099922e-06
0,0,1.111389e-05
0,0,2.5827621e-05
0,0,1.2825163e-05
0,0,1.6750231e-05
0,0,2.477242e-05
0,0,3.325489e-05
0,0,3.6974187e-05
0,0,1.8065735e-05
0,0,8.082607e-06
0,0,1.417758e-05
0,0,0.00042264
0,0,2.6127278e-05
0,0,0.00016660019
0,0,0.00012425521
0,0,0.0008854889
0,0,0.00013411365
0,0,5.0229628e-05
0,0,0.00029471537
0,0,2.2313132e-05
0,0,1.850773e-05
0,0,5.941867e-05
0,0,0.00011245124
0,0,6.688744e-05
0,0,7.630515e-05
0,0,3.7454665e-05
0,0,0.000121750214
0,0,3.850113e-05
0,0,5.029856e-06
0,0,0.00016928883
0,0,4.592019e-05
0,0,5.582186e-05
0,0,3.4004188e-05
0,0,0.00061384036
0,0,0.00048814694
0,0,2.4121488e-05
0,0,8.949335e-06
0,0,5.612007e-05
0,0,3.5710324e-05
0,0,6.1269657e-06
0,0,0.0008214825
0,0,4.7174322e-05
0,0,5.7999496e-05
0,0,0.00013552066
0,0,4.1538538e-06
0,0,2.0290589e-05
0,0,3.6704798e-05
0,0,1.9058742e-05
0,0,0.0005110136
0,0,9.98877e-06
0,0,7.994433e-05
0,0,1.2965194e-05
0,0,5.6059678e-05
0,0,5.0228773e-05
0,0,0.0002007946
0,0,8.841126e-06
0,0,8.943951e-06
0,0,9.0544905e-05
0,0,3.067729e-05
0,0,2.4144136e-05
0,0,1.4556299e-05
0,0,3.36531e-05
0,0,1.9244722e-05
0,0,3.6884805e-05
0,0,1.1693773e-05
0,0,2.6392552e-05
0,0,1.7059789e-05
0,0,0.0001482798
0,0,3.3372977e-05
0,0,3.9797596e-05
0,0,2.6452424e-05
0,0,3.4219767e-05
0,0,0.00020129954
0,0,0.0024575102
0,0,4.311298e-05
0,0,6.6198314e-05
0,0,2.8263391e-06
0,0,0.00016455738
0,0,0.00030065505
0,0,1.1282114e-05
0,0,1.7510623e-05
0,0,8.6607923e-07
0,0,5.8791125e-06
0,0,0.00019127093
0,0,2.291485e-05
0,0,2.989195e-05
0,0,1.5284786e-05
0,0,2.7447599e-05
0,0,0.0006816098
0,0,9.724479e-06
0,0,1.679465e-05
0,0,0.0005622017
0,0,9.858268e-06
0,0,1.2386122e-05
0,0,1.3099532e-05
0,0,7.781157e-05
0,0,2.0531565e-05
0,0,1.7315138e-05
0,0,6.142854e-05
0,0,0.0005018258
0,0,0.00029956695
0,0,2.1746037e-05
0,0,2.0860232e-05
0,0,0.00040318357
0,0,0.0003906214
0,0,1.5767519e-05
0,0,3.35568e-05
0,0,3.4578447e-05
0,0,5.072012e-05
1,1,0.9927591
0,0,1.3981361e-05
0,0,9.4572395e-05
0,0,6.5747017e-06
0,0,0.00019767258
0,0,3.8996805e-05
0,0,8.994989e-05
0,0,7.751519e-05
0,0,0.00013924796
0,0,4.2274212e-05
0,0,9.2086075e-06
0,0,1.5101587e-05
0,0,3.949855e-06
0,0,4.3678683e-05
0,0,0.00016378875
0,0,2.1581587e-05
0,0,1.4666478e-05
0,0,2.4464414e-06
0,0,2.163768e-06
0,0,5.419107e-06
0,0,1.0155614e-05
0,0,0.003425864
0,0,2.8925992e-06
0,0,5.081229e-05
0,0,2.727008e-05
0,0,6.257495e-05
0,0,1.6139335e-05
0,0,0.00093528786
0,0,9.87761e-05
0,0,4.033686e-06
0,0,4.913364e-05
0,0,0.0008053393
0,0,4.8568713e-06
0,0,0.000106534775
0,0,3.774673e-06
0,0,9.407312e-05
0,0,9.038166e-06
0,0,0.007412421
0,0,7.0861846e-05
0,0,2.978413e-05
0,0,3.4117475e-06
0,0,4.1985706e-05
0,0,5.739701e-05
0,0,5.263642e-06
0,0,4.353449e-06
0,0,1.19695715e-05
0,0,0.00027088152
0,0,2.5748064e-05
0,0,0.00010759141
0,0,1.1955289e-05
0,0,0.00014859046
0,0,0.00042144148
0,0,5.0587805e-05
0,0,3.7456805e-06
0,0,2.9414396e-06
0,0,8.046168e-06
0,0,3.073017e-05
0,0,0.00017077244
0,0,2.6019886e-06
0,0,3.428356e-05
0,0,2.798547e-05
0,0,2.8149389e-05
0,0,1.1752736e-05
0,0,3.593041e-05
0,0,3.764456e-05
0,0,5.5981734e-05
0,0,5.0841345e-06
0,0,9.372381e-06
0,0,7.252923e-05
0,0,2.3037377e-05
0,0,6.656223e-05
0,0,0.0012837626
0,0,3.5975545e-06
0,0,0.0010886944
0,0,5.1757135e-05
0,0,0.0038726402
0,0,1.7576256e-05
0,0,0.0003225727
0,0,3.0153607e-05
0,0,1.2332269e-05
0,0,1.2758897e-05
0,0,3.503827e-06
0,0,1.0947692e-05
0,0,4.4672283e-06
0,0,5.7559966e-05
0,0,1.5141056e-05
0,0,1.0326781e-05
0,0,9.047663e-05
0,0,2.1250607e-05
0,0,3.1683616e-05
0,0,0.00026813673
0,0,2.459043e-05
0,0,7.705503e-06
0,0,2.8655666e-05
0,0,1.1459201e-05
0,0,4.6436253e-05
0,0,0.0048203617
0,0,1.1483334e-05
0,0,4.0497373e-05
0,0,1.1459681e-05
0,0,0.00011539417
0,0,7.703012e-06
0,0,2.2663531e-05
0,0,7.475956e-06
0,0,0.00016802274
0,0,3.5976424e-05
0,0,0.00010254285
0,0,6.771095e-05
0,0,1.8919392e-05
0,0,2.2487617e-05
0,0,6.291025e-05
0,0,1.9695623e-05
0,0,9.788764e-06
0,0,3.0228839e-05
0,0,1.4495085e-05
0,0,0.0010955648
0,0,0.0001877063
0,0,0.00017086137
0,0,0.0011929629
0,0,1.5335581e-05
0,0,1.2527905e-05
0,0,1.1347332e-05
0,0,6.6353987e-06
0,0,1.0453501e-05
0,0,4.477128e-05
0,0,5.956601e-05
0,0,3.3205638e-06
0,0,1.253431e-05
0,0,6.828494e-05
0,0,0.00010378125
0,0,1.8529097e-05
0,0,0.0008167506
0,0,2.4622483e-05
