actual,predicted,probability_0,probability_1
0,0,0.99617875,0.0038212768
0,0,0.9963936,0.0036063727
0,0,0.99637073,0.0036292938
0,0,0.99647045,0.0035295412
0,0,0.9966743,0.00332572
0,0,0.9966625,0.0033375018
0,0,0.9868834,0.013116604
0,0,0.9958587,0.004141277
0,0,0.9966508,0.003349188
0,0,0.99605995,0.0039400454
0,0,0.9943306,0.0056693996
0,0,0.99521124,0.0047887475
0,0,0.9964289,0.003571079
0,0,0.99018955,0.009810465
0,0,0.99636525,0.0036347639
0,0,0.99625593,0.0037440453
0,0,0.98618394,0.013816062
0,0,0.9710907,0.028909309
0,0,0.99667025,0.0033297685
0,0,0.9952094,0.004790575
0,0,0.9967776,0.0032224185
0,0,0.9967074,0.0032926428
0,0,0.9963337,0.0036662766
0,0,0.98440164,0.015598373
0,0,0.99665475,0.0033452304
0,0,0.9967052,0.0032948079
0,0,0.9963099,0.0036901417
0,0,0.99607265,0.003927354
0,0,0.9967969,0.00320308
0,0,0.99666035,0.0033396499
0,0,0.9966841,0.0033159477
0,0,0.9967164,0.0032836415
0,0,0.9968295,0.0031704986
0,0,0.9966698,0.003330161
0,0,0.99482185,0.0051781526
0,0,0.9895688,0.010431177
0,0,0.99667865,0.0033213526
0,0,0.9957451,0.00425489
0,0,0.9966775,0.0033224956
0,0,0.99609536,0.0039046544
0,0,0.99671394,0.0032860832
0,0,0.9799605,0.020039517
0,0,0.9966925,0.0033074925
0,0,0.9891115,0.010888494
0,0,0.9964865,0.0035134929
0,0,0.99582756,0.004172435
0,0,0.9922282,0.007771791
0,0,0.9965852,0.00341482
0,0,0.9966863,0.0033137028
0,0,0.9966305,0.0033695097
0,0,0.99586654,0.004133436
0,0,0.99534464,0.0046553663
0,0,0.9927894,0.0072106416
0,0,0.9691069,0.03089308
0,0,0.99663055,0.0033694247
0,0,0.99667925,0.0033207468
0,0,0.994243,0.005756981
0,0,0.9959353,0.004064706
0,0,0.9956016,0.004398382
0,0,0.99669147,0.003308552
0,0,0.9965815,0.0034184875
0,0,0.9952965,0.0047034994
0,0,0.9960773,0.0039226725
0,0,0.9967416,0.0032583787
0,0,0.9858478,0.014152221
0,0,0.99668765,0.0033123642
0,0,0.9968656,0.0031344052
0,0,0.9966056,0.003394413
0,0,0.99053025,0.009469759
0,0,0.9964329,0.0035671277
0,0,0.99445254,0.0055474597
0,0,0.99669665,0.0033033704
0,0,0.9966931,0.0033069456
0,0,0.99622947,0.0037705025
0,0,0.996714,0.0032860017
0,0,0.9879627,0.012037277
0,0,0.9965535,0.0034465098
0,0,0.996513,0.0034869898
0,0,0.991066,0.008934031
0,0,0.99657387,0.0034261148
0,0,0.99383414,0.0061658383
0,0,0.99660176,0.0033982187
0,0,0.9966776,0.003322415
0,0,0.9966834,0.0033165922
0,0,0.99410594,0.00589406
0,0,0.9966784,0.0033216085
0,0,0.993319,0.0066810306
0,0,0.99432975,0.005670268
0,0,0.9966953,0.0033047113
0,0,0.9908202,0.009179792
0,0,0.99610424,0.003895759
0,0,0.99598366,0.004016314
0,0,0.99649894,0.003501072
0,0,0.99620575,0.0037942645
0,0,0.99665797,0.003342038
0,0,0.957663,0.04233698
0,0,0.99667925,0.0033207468
0,0,0.99573344,0.0042665526
0,0,0.9960017,0.0039982894
0,0,0.99668795,0.0033120762
0,0,0.99671394,0.0032860832
0,0,0.98953253,0.010467496
0,0,0.99628776,0.003712216
0,0,0.99667925,0.0033207468
0,0,0.99632525,0.0036747274
0,0,0.9914084,0.00859158
0,0,0.99669665,0.0033033704
0,0,0.99406683,0.0059331446
0,0,0.99641776,0.0035822643
0,0,0.99668944,0.003310572
0,0,0.9966928,0.0033072315
0,0,0.99669665,0.0033033704
0,0,0.99669284,0.0033071497
0,0,0.9967648,0.0032352465
0,0,0.99589497,0.004105059
0,0,0.99541664,0.0045833657
0,0,0.99653816,0.003461824
0,0,0.72035515,0.27964485
0,0,0.99665314,0.0033468683
0,0,0.9957973,0.0042027347
0,0,0.99651706,0.0034829376
0,0,0.99667925,0.0033207468
0,0,0.9966696,0.0033304114
0,0,0.9965761,0.0034239404
0,0,0.9964773,0.003522692
0,0,0.99659,0.0034100069
0,0,0.99678814,0.003211828
0,0,0.99669665,0.0033033704
0,0,0.9961265,0.0038735562
0,0,0.996429,0.0035709927
0,0,0.9966811,0.0033188849
0,0,0.9967877,0.0032122964
0,0,0.9966928,0.0033072315
0,0,0.9966872,0.003312802
0,0,0.99648815,0.0035118735
0,0,0.99645305,0.00354696
0,0,0.9874429,0.012557071
0,0,0.9805386,0.019461391
0,0,0.99668944,0.003310572
0,0,0.99652696,0.003473068
0,0,0.99648124,0.0035187537
0,0,0.95943904,0.04056097
0,0,0.9952666,0.0047333827
0,0,0.9966093,0.0033907355
0,0,0.99660784,0.0033921392
0,0,0.9966928,0.0033072315
0,0,0.99511474,0.004885278
0,0,0.99662834,0.0033716562
0,0,0.99393654,0.0060634795
0,0,0.99673986,0.0032601585
0,0,0.9965303,0.0034697258
0,0,0.9895736,0.010426374
0,0,0.9965836,0.0034164025
0,0,0.9966872,0.003312802
0,0,0.99685216,0.0031478656
0,0,0.9966577,0.0033422618
0,0,0.9926885,0.0073114973
0,0,0.99076736,0.009232611
0,0,0.99696636,0.0030336601
0,0,0.9966667,0.0033332726
0,0,0.99670124,0.00329875
0,0,0.9966711,0.0033289017
0,0,0.99669665,0.0033033704
0,0,0.99665856,0.0033414313
0,0,0.9954624,0.0045375554
0,0,0.996314,0.003686
0,0,0.99643946,0.0035605715
0,0,0.7691263,0.23087372
0,0,0.996544,0.0034559676
0,0,0.99276984,0.0072301384
0,0,0.99672055,0.0032794413
0,0,0.9922454,0.0077546015
0,0,0.99668384,0.0033161507
0,0,0.98892367,0.011076332
0,0,0.99636394,0.0036360472
0,0,0.99029034,0.009709673
0,0,0.99669284,0.0033071497
0,0,0.98567355,0.014326448
0,0,0.99664223,0.003357757
0,0,0.9870845,0.012915493
0,0,0.9954342,0.004565789
0,0,0.99119955,0.0088004675
0,0,0.9917534,0.008246621
0,0,0.9963396,0.003660389
0,0,0.99666274,0.0033372461
0,0,0.9961315,0.0038685163
0,0,0.996673,0.0033269897
0,0,0.9959688,0.004031193
0,0,0.99669147,0.003308552
0,0,0.99658316,0.0034168179
0,0,0.994525,0.0054749968
0,0,0.9879931,0.012006853
0,0,0.9963715,0.003628494
0,0,0.9945171,0.005482942
0,0,0.99655235,0.0034476388
0,0,0.9961496,0.0038503804
0,0,0.9966817,0.0033182949
0,0,0.99591523,0.0040847533
0,0,0.9955661,0.0044338703
0,0,0.9938419,0.006158085
0,0,0.99658895,0.0034110523
0,0,0.9954657,0.004534302
0,0,0.992906,0.0070940163
0,0,0.99669284,0.0033071497
0,0,0.9962566,0.0037434245
0,0,0.99668705,0.003312928
0,0,0.9966698,0.003330161
0,0,0.992467,0.007533039
0,0,0.9951969,0.0048031243
0,0,0.99641615,0.003583846
0,0,0.9966782,0.0033218057
0,0,0.99669665,0.0033033704
0,0,0.9966961,0.003303909
0,0,0.99593246,0.004067527
0,0,0.9483477,0.051652297
0,0,0.8769129,0.12308709
0,0,0.99573815,0.0042618657
0,0,0.9966745,0.0033255036
0,0,0.99668896,0.0033110154
0,0,0.99661493,0.0033850456
0,0,0.99670565,0.0032943364
0,0,0.99649674,0.003503262
0,0,0.99663,0.0033700077
0,0,0.99669427,0.0033057213
0,0,0.9964925,0.0035074893
0,0,0.996922,0.003077966
0,0,0.9966817,0.0033183077
0,0,0.9933076,0.006692388
0,0,0.9957519,0.004248075
0,0,0.9966852,0.0033147943
0,0,0.99667853,0.0033214476
0,0,0.9947968,0.005203194
0,0,0.9966766,0.0033233897
0,0,0.99674624,0.0032537484
0,0,0.99658704,0.0034129703
0,0,0.99669814,0.0033018496
0,0,0.9967187,0.0032813046
0,0,0.9958469,0.0041530854
0,0,0.99565023,0.0043497733
0,0,0.9963492,0.0036507745
0,0,0.9911757,0.008824299
0,0,0.99665016,0.0033498202
0,0,0.996731,0.0032690305
0,0,0.99650663,0.003493373
0,0,0.99667937,0.0033206155
0,0,0.99555254,0.0044474653
0,0,0.99507624,0.004923779
0,0,0.99640536,0.0035946155
0,0,0.9966701,0.0033298763
0,0,0.9955912,0.0044087926
0,0,0.9960717,0.0039282846
0,0,0.9965244,0.0034755887
0,0,0.9966783,0.0033217361
0,0,0.9967349,0.0032650852
0,0,0.9960887,0.0039113425
0,0,0.9959012,0.004098775
0,0,0.9959697,0.0040302644
0,0,0.996535,0.0034649887
0,0,0.99669665,0.0033033704
0,0,0.9962741,0.003725873
0,0,0.9669156,0.033084407
0,0,0.98968995,0.010310052
0,0,0.99668586,0.0033141437
0,0,0.9966872,0.003312802
0,0,0.9962255,0.0037745473
0,0,0.99669385,0.0033061644
0,0,0.9932389,0.0067610582
0,0,0.99480075,0.0051992736
0,0,0.9961575,0.0038424744
0,0,0.9957739,0.004226108
1,1,0.012875676,0.9871243
0,0,0.9966834,0.0033165922
0,0,0.99667317,0.003326841
0,0,0.9967061,0.0032938514
0,0,0.9950146,0.004985403
0,0,0.99668384,0.0033161507
0,0,0.9967104,0.003289574
0,0,0.9959443,0.0040556514
0,0,0.9924636,0.007536427
0,0,0.9965722,0.0034278051
0,0,0.99668556,0.0033144415
0,0,0.97095734,0.029042682
0,0,0.9966696,0.0033304114
0,0,0.9966738,0.0033262055
0,0,0.99656826,0.0034317544
0,0,0.99630314,0.0036968482
0,0,0.99629104,0.0037089456
0,0,0.9967135,0.0032864516
0,0,0.9893183,0.010681697
0,0,0.9763816,0.023618404
0,0,0.9966967,0.0033033027
0,0,0.9965821,0.003417914
0,0,0.99655706,0.0034429317
0,0,0.99545306,0.0045469683
0,0,0.99606913,0.003930888
0,0,0.9933687,0.0066313143
0,0,0.9966698,0.0033301914
0,0,0.9967157,0.0032842532
0,0,0.9965081,0.0034918978
0,0,0.99451023,0.0054897876
0,0,0.99639714,0.0036028891
0,0,0.9966817,0.0033182949
0,0,0.9965545,0.003445506
0,0,0.99663556,0.0033644533
0,0,0.9928051,0.007194871
0,0,0.99114245,0.008857546
0,0,0.9924018,0.007598222
0,0,0.99289954,0.0071004853
0,0,0.9966928,0.0033072315
0,0,0.9966872,0.003312802
0,0,0.9889887,0.011011327
0,0,0.9960148,0.0039852005
0,0,0.99669284,0.0033071497
0,0,0.9924193,0.0075807166
0,0,0.99670315,0.0032968677
0,0,0.99648565,0.0035143292
0,0,0.996604,0.0033959844
0,0,0.9966984,0.0033015967
0,0,0.99633074,0.0036692407
0,0,0.9945085,0.005491511
0,1,0.3982759,0.6017241
0,0,0.9968424,0.0031575884
0,0,0.99654156,0.0034584221
0,0,0.99052656,0.009473427
0,0,0.9943342,0.0056657693
0,0,0.99669284,0.0033071497
0,0,0.99667853,0.0033214476
1,1,0.0033762455,0.99662375
0,0,0.99636286,0.0036371632
0,0,0.996079,0.0039209737
0,0,0.99667037,0.0033296468
0,0,0.9956737,0.0043262714
0,0,0.99257326,0.00742672
0,0,0.9965836,0.0034164025
0,0,0.99666387,0.0033361206
0,0,0.9878168,0.012183168
0,0,0.9958075,0.004192466
0,0,0.996783,0.003217007
0,0,0.9966791,0.003320846
0,0,0.99668944,0.003310572
0,0,0.99667734,0.0033226695
0,0,0.99671316,0.0032868516
0,0,0.99689645,0.003103579
0,0,0.99667317,0.0033268188
0,0,0.9966978,0.0033022417
0,0,0.9966748,0.0033251953
0,0,0.9967076,0.0032923706
0,0,0.9964057,0.0035942632
0,0,0.99669284,0.0033071497
0,0,0.99270517,0.0072948486
0,0,0.9319133,0.06808667
0,0,0.99667704,0.0033229347
0,0,0.99637777,0.003622262
0,0,0.99561805,0.0043819747
0,0,0.99669665,0.0033033704
0,0,0.99612784,0.0038721564
0,0,0.996711,0.0032889629
0,0,0.9855919,0.014408126
0,0,0.98838866,0.011611319
0,0,0.99643016,0.003569858
0,0,0.9965878,0.0034121643
0,0,0.99668944,0.003310572
0,0,0.9942206,0.005779405
0,0,0.9967715,0.0032284572
0,0,0.99654156,0.0034584221
0,0,0.9850292,0.014970779
0,0,0.99654126,0.0034587132
0,0,0.996706,0.0032940016
0,0,0.99668443,0.003315574
0,0,0.9969455,0.0030544724
0,0,0.9961377,0.0038622995
0,0,0.99664736,0.0033526644
0,0,0.99667424,0.0033257531
0,0,0.99719757,0.0028024563
0,0,0.99669665,0.0033033704
0,0,0.9117977,0.08820231
0,0,0.99015176,0.009848233
0,0,0.996856,0.0031440165
0,0,0.99669665,0.0033033704
0,0,0.9966518,0.0033481647
0,0,0.99669665,0.0033033704
0,0,0.99668056,0.0033194355
0,0,0.9777406,0.022259405
0,0,0.9966789,0.0033211284
0,0,0.9803487,0.019651292
0,0,0.98827016,0.011729855
0,0,0.9967575,0.003242477
0,0,0.9966589,0.0033410804
0,0,0.99329615,0.0067038317
0,0,0.9966591,0.0033408804
0,0,0.99668944,0.003310572
0,0,0.99552447,0.004475519
0,0,0.9966872,0.003312802
0,0,0.99673337,0.0032666326
0,0,0.99669665,0.0033033704
0,0,0.9936663,0.0063337157
0,0,0.9933835,0.0066164583
0,0,0.99625564,0.0037443656
0,0,0.99668556,0.0033144334
0,0,0.9967192,0.003280793
0,0,0.99556255,0.004437429
0,0,0.98195577,0.018044213
0,0,0.99640113,0.0035988581
0,0,0.9918698,0.008130221
0,0,0.9964299,0.0035700698
0,0,0.9963997,0.0036003275
0,0,0.99679077,0.0032092307
0,0,0.99464947,0.0053505395
0,0,0.99645334,0.003546682
0,0,0.98653466,0.0134653235
0,0,0.9959242,0.004075832
0,0,0.99349767,0.0065023038
0,0,0.99087226,0.009127759
0,0,0.9962849,0.0037150984
0,0,0.99404687,0.005953111
0,0,0.9963822,0.003617828
0,0,0.9920048,0.007995196
0,0,0.9859741,0.01402595
0,0,0.99669105,0.0033089265
0,0,0.9916282,0.008371776
0,0,0.9957615,0.004238479
0,0,0.99652934,0.003470669
0,0,0.99630654,0.003693432
0,0,0.9966055,0.0033945048
0,0,0.9966748,0.0033251953
0,0,0.9960201,0.003979922
0,0,0.9854706,0.014529413
0,0,0.9966589,0.0033410804
0,0,0.9960186,0.003981436
0,0,0.99659723,0.0034027484
0,0,0.98612565,0.013874343
0,0,0.9934421,0.0065578744
0,0,0.99075764,0.009242347
0,0,0.9966593,0.003340723
0,0,0.9951202,0.0048797526
0,0,0.99669343,0.003306573
0,0,0.9966748,0.0033251953
0,0,0.9966817,0.0033182949
0,0,0.99667877,0.00332122
0,0,0.9967286,0.003271407
0,0,0.9967646,0.0032353958
0,0,0.99672306,0.0032769672
0,0,0.99669665,0.0033033704
0,0,0.99637324,0.0036267838
0,0,0.9963887,0.0036113486
0,0,0.99670225,0.0032977718
0,0,0.99668384,0.0033161507
0,0,0.99561465,0.0043853647
0,0,0.99180454,0.008195434
0,0,0.99669665,0.0033033704
0,0,0.9970003,0.0029997104
0,0,0.99621654,0.0037834856
0,0,0.9914604,0.008539646
0,0,0.99520046,0.00479954
0,0,0.9966565,0.003343493
0,0,0.99669665,0.0033033704
0,0,0.99674207,0.003257905
0,0,0.99546915,0.0045308354
0,0,0.9898087,0.010191294
0,0,0.99669665,0.0033033704
0,0,0.97185385,0.028146125
0,0,0.99669784,0.0033021807
0,0,0.9965242,0.0034757871
0,0,0.9965081,0.0034918978
0,0,0.9966783,0.0033217361
0,0,0.9952699,0.0047300975
0,0,0.99669665,0.0033033704
0,0,0.9966925,0.0033074925
0,0,0.9916878,0.00831224
0,0,0.9966752,0.0033248065
0,0,0.9966881,0.0033118434
0,0,0.9679573,0.032042686
0,0,0.996589,0.0034109922
0,0,0.9966877,0.0033122872
0,0,0.9962558,0.003744168
0,0,0.99684423,0.0031557684
0,0,0.9906154,0.009384581
0,0,0.9965091,0.0034909502
0,0,0.99689794,0.003102082
0,0,0.9912117,0.008788309
0,0,0.9966969,0.0033030927
0,0,0.996682,0.0033179985
0,0,0.99669665,0.0033033704
0,0,0.99641454,0.0035854299
0,0,0.9965775,0.003422507
0,0,0.9966674,0.0033325977
0,0,0.9966928,0.0033072315
0,0,0.9960353,0.003964715
0,0,0.9966672,0.0033328051
0,0,0.99679893,0.0032010742
0,0,0.9965994,0.003400645
0,0,0.9964065,0.0035935135
0,0,0.9958688,0.0041311695
0,0,0.9966872,0.003312802
0,0,0.9966787,0.0033213133
0,0,0.9940583,0.0059416606
0,0,0.99668944,0.003310572
0,0,0.9944969,0.005503143
0,0,0.99412096,0.005879042
0,0,0.99668896,0.0033110154
0,0,0.99657744,0.0034225478
0,0,0.99668115,0.0033188327
0,0,0.9964602,0.0035398027
0,0,0.9966078,0.0033922214
0,0,0.9959897,0.0040103216
0,0,0.99583006,0.0041699316
0,0,0.99669343,0.003306573
0,0,0.9967588,0.0032411644
0,0,0.9966738,0.0033262055
0,0,0.9910424,0.008957622
0,0,0.9953743,0.0046256944
0,0,0.99676466,0.0032353618
0,0,0.9673797,0.032620292
0,0,0.9808799,0.01912007
0,0,0.99310505,0.006894925
0,0,0.9962203,0.0037797096
0,0,0.9966872,0.003312802
0,0,0.99640113,0.0035988581
0,0,0.99666154,0.0033384345
0,0,0.99194527,0.008054704
0,0,0.9853649,0.014635077
0,0,0.99599296,0.0040070186
0,0,0.99629104,0.0037089686
0,0,0.9963304,0.0036695981
0,0,0.9967993,0.0032007364
0,0,0.9881681,0.011831888
0,0,0.9674436,0.032556426
0,0,0.9960666,0.003933406
0,0,0.9963435,0.0036564902
0,0,0.99668944,0.003310572
0,0,0.99665314,0.0033468683
0,0,0.99661595,0.003384042
0,0,0.9966834,0.0033165922
0,0,0.99665225,0.0033477591
0,0,0.99448675,0.0055132755
0,0,0.9911757,0.008824299
0,0,0.9966823,0.0033177305
0,0,0.996493,0.0035070279
0,0,0.99149156,0.008508414
0,0,0.99670285,0.003297167
0,0,0.9966356,0.003364375
0,0,0.99569523,0.0043047783
0,0,0.99630654,0.0036934426
0,0,0.9957752,0.004224776
0,0,0.9963469,0.0036531219
0,0,0.99674636,0.0032536155
0,0,0.9882258,0.011774164
0,0,0.99363464,0.006365386
0,0,0.996667,0.0033329495
0,0,0.98476154,0.01523845
0,0,0.99631137,0.0036886134
0,0,0.9927824,0.007217561
0,0,0.99669665,0.0033033704
0,0,0.9964873,0.0035126533
0,0,0.99657696,0.0034230212
0,0,0.9827153,0.017284716
0,0,0.9964184,0.0035816128
0,0,0.98639566,0.013604317
0,0,0.99670845,0.0032915461
0,0,0.99656945,0.0034305623
0,0,0.9966708,0.0033292337
0,0,0.99656874,0.003431275
0,0,0.9966361,0.0033638824
0,0,0.9941532,0.0058468166
0,0,0.9958223,0.0041776667
0,0,0.9966784,0.0033216085
0,0,0.9945105,0.0054895193
0,0,0.9945876,0.0054124235
0,0,0.9936937,0.006306292
0,0,0.99615186,0.0038481127
0,0,0.99686354,0.003136459
0,0,0.9964612,0.0035387855
0,0,0.99339056,0.0066094385
0,0,0.9967135,0.0032864516
0,0,0.996688,0.0033119929
0,0,0.9965831,0.003416904
0,0,0.9962194,0.0037805948
0,0,0.99668413,0.0033158641
0,0,0.9965851,0.0034149543
0,0,0.9965554,0.0034446288
0,0,0.9966074,0.0033925711
0,0,0.9966422,0.0033578405
0,0,0.9966687,0.0033312757
0,0,0.9953031,0.0046968786
0,0,0.9950209,0.004979065
0,0,0.9966293,0.0033706885
0,0,0.99625766,0.0037423652
0,0,0.99662644,0.0033735922
0,0,0.9886437,0.011356278
0,0,0.9937547,0.006245321
0,0,0.99657583,0.0034241665
0,0,0.9957438,0.004256185
0,0,0.99651414,0.0034858366
0,0,0.9966928,0.0033072315
0,0,0.9901349,0.009865099
0,0,0.99702543,0.0029745586
0,0,0.9954526,0.00454743
0,0,0.9968223,0.0031777194
0,0,0.9966928,0.0033072315
0,0,0.9955932,0.0044068233
0,0,0.99657524,0.0034247702
0,0,0.9966963,0.0033037127
0,0,0.9914088,0.008591154
0,0,0.9917514,0.008248634
0,0,0.9964866,0.003513411
0,0,0.9967331,0.0032668856
0,0,0.99544215,0.004557827
0,0,0.9967994,0.0032005936
0,0,0.9963886,0.0036113847
0,0,0.9957858,0.004214203
0,0,0.9867334,0.013266651
0,0,0.9969373,0.0030627018
0,0,0.996718,0.0032820376
0,0,0.99675244,0.0032475654
0,0,0.9966927,0.0033072773
0,0,0.99669284,0.0033071497
0,0,0.9931768,0.006823212
0,0,0.9964771,0.003522901
0,0,0.99632967,0.0036703565
0,0,0.9971731,0.0028269175
0,0,0.9943458,0.0056542405
0,0,0.9965954,0.0034046052
0,0,0.9908215,0.009178503
0,0,0.9968074,0.0031925938
0,0,0.9966193,0.0033807375
0,0,0.9966872,0.003312802
0,0,0.9968598,0.0031402153
0,0,0.99644923,0.003550776
0,0,0.9965013,0.0034986658
0,0,0.99664706,0.0033529305
0,0,0.9966218,0.0033782285
0,0,0.9964997,0.0035003086
0,0,0.9966928,0.0033072315
0,0,0.99649525,0.0035047373
0,0,0.99598813,0.00401185
0,0,0.99669665,0.0033033704
0,0,0.99488336,0.0051166653
0,0,0.99668896,0.0033110154
0,0,0.99530864,0.004691367
0,0,0.9964551,0.003544935
0,0,0.98103136,0.018968621
0,0,0.9966999,0.0033000892
0,0,0.9957765,0.004223544
0,0,0.988183,0.011816962
0,0,0.99636936,0.003630646
0,0,0.99501884,0.004981154
0,0,0.9951702,0.0048297998
0,0,0.99364346,0.0063565252
0,0,0.9828082,0.017191801
0,0,0.99665314,0.0033468683
0,0,0.9966702,0.0033297923
0,0,0.99552274,0.0044772914
0,0,0.99671394,0.0032860832
0,0,0.9955458,0.0044541694
0,0,0.9968996,0.003100369
0,0,0.9958213,0.0041786805
0,0,0.98647374,0.013526288
0,0,0.9966418,0.0033581818
0,0,0.9968818,0.0031182412
0,0,0.9966111,0.0033888684
0,0,0.99141467,0.008585324
0,0,0.9949669,0.005033068
0,0,0.9966825,0.003317483
0,0,0.9966544,0.003345604
0,0,0.9667222,0.033277806
0,0,0.99669206,0.0033079279
0,0,0.99603254,0.0039674523
0,0,0.99667114,0.0033288796
0,0,0.996672,0.00332803
0,0,0.99420774,0.0057922504
0,0,0.9948245,0.0051754857
0,0,0.99634266,0.0036573347
0,0,0.9966689,0.0033311395
0,0,0.99668026,0.003319751
0,0,0.99668455,0.0033154495
0,0,0.9966834,0.0033165922
0,0,0.9959865,0.004013498
0,0,0.99669284,0.0033071798
0,0,0.9913788,0.008621186
0,0,0.9966748,0.0033251953
0,0,0.98617,0.013830004
0,0,0.9964433,0.0035567416
0,0,0.99672216,0.0032778115
0,0,0.9939086,0.00609141
0,0,0.996866,0.0031340208
0,0,0.99438345,0.005616538
0,0,0.9960572,0.003942775
0,0,0.99588543,0.00411454
0,0,0.99669665,0.0033033704
0,0,0.98699707,0.013002945
0,0,0.9906939,0.00930606
0,0,0.99580693,0.0041930433
0,0,0.996391,0.0036089867
0,0,0.99669755,0.0033024366
0,0,0.99669147,0.003308552
0,0,0.9966604,0.0033395896
0,0,0.9872763,0.0127237085
0,0,0.99639606,0.0036039148
0,0,0.99669445,0.003305547
0,0,0.991907,0.008093026
0,0,0.9961227,0.0038772558
0,0,0.99638677,0.0036132296
0,0,0.99317145,0.006828549
0,0,0.9933991,0.006600922
0,0,0.9964196,0.003580391
0,0,0.9966604,0.0033395896
0,0,0.9967259,0.0032740966
0,0,0.99662054,0.0033794811
0,0,0.9951134,0.0048866486
0,0,0.99667,0.0033299825
0,0,0.99647015,0.0035298697
0,0,0.9915769,0.00842312
0,0,0.99614507,0.003854902
0,0,0.995346,0.004653992
0,0,0.9624974,0.03750258
0,0,0.99663025,0.0033697754
0,0,0.99485266,0.0051473556
0,0,0.99645007,0.0035499525
0,0,0.99667317,0.003326836
0,0,0.99161917,0.008380826
0,0,0.9950342,0.004965799
0,0,0.99643195,0.0035680465
0,0,0.9946229,0.005377101
0,0,0.9938363,0.0061637145
0,0,0.99669284,0.0033071716
0,0,0.98688275,0.013117271
0,0,0.9887251,0.011274873
0,0,0.9615087,0.038491316
0,0,0.9970535,0.0029464918
0,0,0.9940944,0.005905649
0,0,0.99669665,0.0033033704
0,0,0.99672705,0.003272928
0,0,0.9951611,0.0048388797
0,0,0.9947658,0.0052341544
0,0,0.97845083,0.021549145
0,0,0.9962436,0.0037564253
0,0,0.99595445,0.0040455423
0,0,0.9966914,0.0033086166
0,0,0.9968131,0.0031868992
0,0,0.9963062,0.003693841
0,0,0.9782588,0.021741208
0,0,0.9959835,0.0040165125
0,0,0.9962726,0.0037274007
0,0,0.9914823,0.008517655
0,0,0.99669355,0.0033064315
0,0,0.9966548,0.0033451903
0,0,0.9962886,0.0037114276
0,0,0.996711,0.0032889629
0,0,0.9966832,0.0033168083
0,0,0.9966509,0.0033491005
0,0,0.99635,0.0036500234
0,0,0.9968635,0.0031365426
0,0,0.9959787,0.0040213056
0,0,0.995501,0.004499023
0,0,0.9966928,0.0033072315
0,0,0.9959937,0.004006309
0,0,0.9941075,0.005892504
0,0,0.9720025,0.027997494
0,0,0.99665135,0.00334865
0,0,0.99669284,0.0033071497
0,0,0.99619544,0.0038045791
0,0,0.9917503,0.008249714
0,0,0.99652636,0.0034736472
0,0,0.987739,0.01226098
0,0,0.9966748,0.0033251953
0,0,0.9965836,0.0034164025
0,0,0.9912998,0.008700171
0,0,0.99669886,0.0033011544
0,0,0.9966963,0.0033037127
0,0,0.996688,0.0033119929
0,0,0.9934977,0.006502267
0,0,0.996552,0.0034479827
0,0,0.98490644,0.015093554
0,0,0.9966675,0.0033325234
0,0,0.9966912,0.0033087975
0,0,0.9955631,0.0044369195
0,0,0.9963126,0.0036873799
0,0,0.99224585,0.007754176
0,0,0.97092706,0.029072952
0,0,0.9960345,0.0039655254
0,0,0.996641,0.0033590056
0,0,0.99436677,0.0056332555
0,0,0.9959368,0.0040631946
0,0,0.9956409,0.0043591526
0,0,0.9738912,0.026108783
0,0,0.99556416,0.004435856
0,0,0.9966748,0.0033251953
0,0,0.99655104,0.0034489513
0,0,0.99464756,0.0053524226
0,0,0.9927633,0.0072367364
0,0,0.99569625,0.0043037524
0,0,0.98160434,0.018395692
0,0,0.9969163,0.0030836996
0,0,0.96656215,0.03343785
0,0,0.9966389,0.0033611164
0,0,0.9940555,0.005944497
0,0,0.99669665,0.0033033704
0,0,0.99669147,0.003308552
0,0,0.99592286,0.0040771174
0,0,0.99638414,0.0036158827
0,0,0.9949141,0.00508588
0,0,0.9676817,0.032318298
0,0,0.99544144,0.004558554
0,0,0.9911061,0.008893889
0,0,0.9688036,0.031196432
0,0,0.99570924,0.0042907433
0,0,0.99666023,0.0033397486
0,0,0.9966137,0.003386325
0,0,0.9950074,0.0049926057
0,0,0.9661318,0.033868164
0,0,0.99686325,0.0031367333
0,0,0.9967759,0.0032240548
0,0,0.9966696,0.0033303828
0,0,0.99210584,0.007894131
0,0,0.99669665,0.0033033704
0,0,0.99669147,0.003308552
0,0,0.9919806,0.00801941
0,0,0.9962898,0.0037102024
0,0,0.9966795,0.0033205333
0,0,0.9888935,0.011106505
0,0,0.99668944,0.003310572
0,0,0.99657863,0.0034213671
0,0,0.9964688,0.0035312453
0,0,0.9925091,0.0074908515
0,0,0.99637216,0.00362782
0,0,0.99665934,0.0033406818
0,0,0.9966824,0.0033176013
0,0,0.99629146,0.00370853
0,0,0.9967034,0.003296603
0,0,0.99226826,0.007731755
0,0,0.996641,0.0033590407
0,0,0.9965295,0.0034704516
0,0,0.9962761,0.0037239457
0,0,0.9947796,0.005220408
0,0,0.9966811,0.0033189005
0,0,0.9860993,0.013900673
0,0,0.99669284,0.0033071497
0,0,0.99475455,0.0052454607
0,0,0.9944438,0.0055562286
0,0,0.9964662,0.0035337969
0,0,0.99631643,0.003683542
0,0,0.97359174,0.026408244
0,0,0.9965731,0.00342689
0,0,0.9711006,0.028899385
0,0,0.98609257,0.013907446
0,0,0.99666756,0.0033324442
0,0,0.9963927,0.0036072724
0,0,0.9956081,0.004391899
0,0,0.9966888,0.0033112278
0,0,0.9949626,0.0050373995
0,0,0.99666244,0.0033375542
0,0,0.9968873,0.0031126654
0,0,0.9964329,0.0035671277
0,0,0.99665076,0.0033492516
0,0,0.99650496,0.0034950583
0,0,0.996682,0.0033179985
0,0,0.996682,0.0033179985
0,0,0.9965555,0.0034444847
0,0,0.99473655,0.0052634752
0,0,0.9915707,0.008429271
0,0,0.99617386,0.0038261171
0,0,0.99676955,0.0032304695
0,0,0.9960964,0.0039036348
0,0,0.996589,0.0034109922
0,0,0.99669665,0.0033033704
0,0,0.99667615,0.0033238414
0,0,0.99667835,0.0033216574
0,0,0.9950222,0.004977849
0,0,0.9957575,0.004242506
0,0,0.9955937,0.004406275
0,0,0.9966356,0.0033643558
0,0,0.9966604,0.0033395896
0,0,0.9965801,0.0034198603
0,0,0.9965704,0.0034295777
0,0,0.9968266,0.0031733976
0,0,0.9965676,0.003432387
0,0,0.98954415,0.0104558505
0,0,0.9955972,0.004402798
0,0,0.9966748,0.0033251953
0,0,0.9966672,0.0033328051
0,0,0.99590504,0.004094977
0,0,0.9967204,0.0032796392
0,0,0.6683208,0.3316792
0,0,0.99665314,0.0033468683
0,0,0.99669284,0.0033071497
0,0,0.9958774,0.0041226177
0,0,0.99669147,0.003308552
0,0,0.97427297,0.02572706
0,0,0.9953662,0.0046337936
0,0,0.99344015,0.0065598725
0,0,0.9964632,0.0035368474
0,0,0.9954821,0.004517896
0,0,0.99671257,0.003287422
0,0,0.9966752,0.0033248065
0,0,0.99668294,0.00331704
0,0,0.99575603,0.004243952
0,0,0.9956702,0.004329783
0,0,0.9916789,0.008321128
0,0,0.99493945,0.0050605503
0,0,0.99663645,0.003363547
0,0,0.996311,0.003688983
0,0,0.996066,0.0039340244
0,0,0.99684453,0.0031554955
0,0,0.9962901,0.0037098937
0,0,0.99669427,0.0033057213
0,0,0.9959659,0.0040341234
0,0,0.9858326,0.014167417
0,0,0.9966619,0.0033380918
0,0,0.99667346,0.0033265231
0,0,0.9914392,0.008560775
0,0,0.99648625,0.0035137297
0,0,0.9966785,0.0033215247
0,0,0.9966604,0.0033395896
0,0,0.9966827,0.0033172683
0,0,0.9952333,0.004766673
0,0,0.99675614,0.0032438429
0,0,0.99666214,0.0033378506
0,0,0.9965871,0.0034129152
0,0,0.9966752,0.0033248065
0,0,0.99669147,0.003308552
0,0,0.98968774,0.010312266
0,0,0.996566,0.0034339956
0,0,0.9960463,0.0039536795
0,0,0.965652,0.03434802
0,0,0.9965467,0.0034533166
0,0,0.9966447,0.0033553422
0,0,0.99667925,0.0033207468
0,0,0.99664754,0.0033524686
0,0,0.98945713,0.010542875
0,0,0.99543804,0.0045619695
0,0,0.99666035,0.0033396499
0,0,0.99614525,0.0038547595
0,0,0.9953387,0.0046612937
0,0,0.9968202,0.0031797756
0,0,0.9965989,0.0034011218
0,0,0.8904604,0.10953964
0,0,0.9966746,0.0033254072
0,0,0.99675274,0.0032472382
0,0,0.99665,0.0033500493
0,0,0.9962689,0.003731086
0,0,0.9860454,0.013954596
0,0,0.98928875,0.0107112415
0,0,0.9950387,0.0049612965
0,0,0.99669665,0.0033033704
0,0,0.9900792,0.009920786
0,0,0.99104995,0.008950027
0,0,0.99578434,0.0042156437
0,0,0.99283624,0.0071637924
0,0,0.9966567,0.003343304
0,0,0.99667853,0.0033214476
0,0,0.99666995,0.0033300489
0,0,0.996727,0.003272984
0,0,0.9940668,0.005933243
0,0,0.9965824,0.0034176314
0,0,0.9957864,0.0042135445
0,0,0.9778638,0.022136208
0,0,0.9957126,0.0042874
0,0,0.9952952,0.004704783
0,0,0.99627906,0.0037209522
0,0,0.99667984,0.0033201375
0,0,0.9966928,0.0033072315
0,0,0.99610716,0.0038928417
0,0,0.9944465,0.005553455
0,0,0.99668735,0.00331264
0,0,0.9962336,0.003766439
0,0,0.9965059,0.0034940753
0,0,0.99665564,0.0033443798
0,0,0.99669725,0.003302733
0,0,0.99665314,0.0033468683
0,0,0.99639505,0.0036049662
0,0,0.9938315,0.0061684656
0,0,0.9958741,0.004125888
0,0,0.99672407,0.003275944
0,0,0.9952592,0.004740761
0,0,0.9965254,0.003474588
0,0,0.99669886,0.0033011544
0,0,0.9968544,0.003145565
0,0,0.99672544,0.0032745306
0,0,0.99669665,0.0033033704
0,0,0.99550563,0.0044943523
0,0,0.9885995,0.011400537
0,0,0.9966548,0.0033451903
0,0,0.99685365,0.0031463262
0,0,0.99630946,0.0036905452
0,0,0.99667907,0.0033209266
0,0,0.9965407,0.0034592801
0,0,0.9967157,0.0032842532
0,0,0.99625564,0.003744383
0,0,0.9946443,0.005355739
0,0,0.9966823,0.0033177305
0,0,0.9653698,0.034630194
0,0,0.9938221,0.0061778887
0,0,0.99558395,0.004416078
0,0,0.99417496,0.0058250492
0,0,0.9930163,0.006983704
0,0,0.9966604,0.0033395896
0,0,0.9965536,0.003446374
0,0,0.99324214,0.0067578345
0,0,0.98001784,0.019982187
0,0,0.9935019,0.0064980825
0,0,0.9966746,0.0033254072
0,0,0.9966352,0.0033647954
0,0,0.9965841,0.003415912
0,0,0.9966784,0.0033216085
0,0,0.9965146,0.003485388
0,0,0.9966928,0.0033072315
0,0,0.9966951,0.003304922
0,0,0.99668944,0.003310572
0,0,0.9963144,0.003685599
0,0,0.99137026,0.008629745
0,0,0.9967588,0.0032411644
0,0,0.9952884,0.0047116205
0,0,0.99405456,0.005945472
0,0,0.99343944,0.0065605813
0,0,0.9915317,0.008468258
0,0,0.9965708,0.0034291768
0,0,0.9964065,0.0035935135
0,0,0.77679616,0.22320385
0,0,0.99668413,0.0033158641
0,0,0.99669665,0.0033033704
0,0,0.9966451,0.0033548814
0,0,0.9966462,0.00335378
0,0,0.9964376,0.0035623973
0,0,0.9957322,0.004267827
0,0,0.99668384,0.0033161507
0,0,0.99656135,0.0034386497
0,0,0.9966668,0.0033331967
0,0,0.9965064,0.003493604
0,0,0.9966696,0.0033304114
0,0,0.99603,0.0039700195
0,0,0.996113,0.0038869847
0,0,0.9954616,0.0045384294
0,0,0.99670345,0.003296534
0,0,0.9932397,0.006760286
0,0,0.97549534,0.024504678
0,0,0.9907041,0.009295884
0,0,0.996387,0.0036129719
0,0,0.99079084,0.009209161
0,0,0.99660116,0.003398818
0,0,0.99504846,0.0049515343
0,0,0.9966845,0.0033154907
0,0,0.996682,0.0033179985
0,0,0.996682,0.0033179892
0,0,0.9965712,0.0034288445
0,0,0.9137832,0.08621682
0,0,0.99669147,0.003308552
0,0,0.9966551,0.0033448886
0,0,0.9911536,0.008846414
0,0,0.9965522,0.0034477483
0,0,0.99585044,0.004149531
0,0,0.99682486,0.0031751343
0,0,0.99300325,0.006996755
0,0,0.9885036,0.0114964545
0,0,0.99666333,0.0033366596
0,0,0.99669665,0.0033033704
0,0,0.95564663,0.044353362
0,0,0.9834632,0.016536767
0,0,0.99664956,0.0033504537
0,0,0.9967082,0.0032917792
0,0,0.9660454,0.03395461
0,0,0.99136055,0.008639447
0,0,0.99223554,0.007764437
0,0,0.99669284,0.0033071497
0,0,0.9966517,0.0033482697
0,0,0.9945537,0.005446306
0,0,0.9967776,0.0032224185
0,0,0.9966757,0.0033242663
0,0,0.9967602,0.003239783
0,0,0.99668944,0.003310572
0,0,0.9965701,0.0034298678
0,0,0.9956765,0.0043234667
0,0,0.9952962,0.004703836
0,0,0.9961137,0.0038862817
0,0,0.9897466,0.010253406
0,0,0.9958374,0.0041626
0,0,0.9966591,0.0033409025
0,0,0.99638367,0.003616326
0,0,0.99651587,0.0034841178
0,0,0.99669427,0.0033057213
0,0,0.9934363,0.006563708
0,0,0.9966689,0.003331103
0,0,0.9967078,0.0032922283
0,0,0.99665314,0.0033468683
0,0,0.9962988,0.0037011974
0,0,0.9963814,0.003618617
0,0,0.9961668,0.0038331463
0,0,0.9966746,0.0033254072
0,0,0.9966928,0.0033072315
0,0,0.99668896,0.0033110154
0,0,0.99668586,0.0033141514
0,0,0.9966885,0.0033114955
0,0,0.99657243,0.003427559
0,0,0.9966872,0.003312802
0,0,0.9966955,0.0033044664
0,0,0.99528265,0.0047173593
0,0,0.9960991,0.0039008842
0,0,0.99656343,0.003436544
0,0,0.99667317,0.003326841
0,0,0.9959922,0.004007822
0,0,0.99545336,0.004546619
0,0,0.9871843,0.012815742
0,0,0.99107176,0.00892822
0,0,0.99114954,0.008850466
0,0,0.99357396,0.006426053
0,0,0.99676186,0.003238168
0,0,0.99669665,0.0033033704
0,0,0.9966945,0.003305514
0,0,0.9965418,0.0034581805
0,0,0.9966877,0.0033122872
0,0,0.9967076,0.0032924097
0,0,0.99453425,0.0054657743
0,0,0.9966928,0.0033072315
0,0,0.9959291,0.004070888
0,0,0.99669665,0.0033033704
0,0,0.9966711,0.0033289017
0,0,0.9966604,0.0033395896
0,0,0.99557793,0.0044220844
0,0,0.99669665,0.0033033704
0,0,0.9967833,0.0032166832
0,0,0.996092,0.003907983
0,0,0.9931372,0.0068628057
0,0,0.996672,0.0033280537
0,0,0.9950504,0.0049496223
0,0,0.99457544,0.005424573
0,0,0.9967828,0.0032172303
0,0,0.9962886,0.0037114064
0,0,0.9965501,0.0034499182
0,0,0.99538696,0.004613061
0,0,0.99669665,0.0033033704
0,0,0.9967106,0.0032894004
0,0,0.99547416,0.0045258617
0,0,0.99322057,0.006779447
0,0,0.9966696,0.0033304114
0,0,0.99633735,0.003662621
0,0,0.9506185,0.049381524
0,0,0.9930297,0.006970308
0,0,0.9949327,0.0050673066
0,0,0.99506456,0.004935465
0,0,0.99656504,0.003434957
0,0,0.9958126,0.0041874005
0,0,0.99484265,0.005157352
0,0,0.99646926,0.0035307137
0,0,0.9967019,0.0032981103
0,0,0.99669886,0.0033011544
0,0,0.9708089,0.029191053
0,0,0.996702,0.0032979555
0,0,0.99666184,0.0033381665
0,0,0.99666256,0.0033374191
0,0,0.9966748,0.0033251953
0,0,0.9966817,0.0033182949
0,0,0.95969355,0.040306464
0,0,0.99590707,0.004092912
0,0,0.9967798,0.0032201938
0,0,0.9955562,0.004443812
0,0,0.9966752,0.0033248065
0,0,0.9963086,0.0036913692
0,0,0.9653512,0.034648806
0,0,0.9966745,0.003325529
0,0,0.9968189,0.0031811194
0,0,0.99177605,0.0082239425
0,0,0.90662664,0.09337337
0,0,0.99604315,0.0039568353
0,0,0.98577094,0.014229032
0,0,0.99666554,0.0033344831
0,0,0.9882256,0.011774402
0,0,0.9966955,0.0033044664
0,0,0.99619424,0.0038057307
0,0,0.9966476,0.0033524144
0,0,0.99669284,0.0033071798
0,0,0.9799052,0.020094808
0,0,0.99505794,0.0049420544
0,0,0.99669725,0.003302733
0,0,0.99602425,0.0039757504
0,0,0.98852956,0.011470445
0,0,0.99666214,0.0033378506
0,0,0.99666816,0.003331814
0,0,0.9966599,0.0033401167
0,0,0.99590284,0.0040971735
0,0,0.99670225,0.003297742
0,0,0.992004,0.007996025
0,0,0.9966683,0.0033317015
0,0,0.9956243,0.00437568
0,0,0.99556273,0.004437246
0,0,0.9958388,0.004161195
0,0,0.99661875,0.003381253
1,1,0.08064914,0.91935086
0,0,0.99669147,0.003308552
0,0,0.989726,0.010274012
0,0,0.9958361,0.004163948
0,0,0.99667996,0.0033200237
0,0,0.99574745,0.004252533
0,0,0.9935762,0.0064238007
0,0,0.99514526,0.0048547536
0,0,0.9960194,0.003980572
0,0,0.9965435,0.0034564855
0,0,0.99667615,0.0033238414
0,0,0.9966661,0.0033339157
0,0,0.9967071,0.0032929261
0,0,0.99652416,0.0034758332
0,0,0.99621403,0.0037859806
0,0,0.99650747,0.0034925365
0,0,0.9966749,0.0033251133
0,0,0.99619985,0.003800127
0,0,0.9965871,0.0034129152
0,0,0.99623096,0.0037690287
0,0,0.99393594,0.0060640858
0,0,0.99668896,0.0033110154
0,0,0.9943705,0.005629454
0,0,0.9815948,0.018405175
0,0,0.99668384,0.0033161507
0,0,0.99666417,0.0033358082
0,0,0.9947535,0.005246496
0,0,0.95035976,0.049640253
0,0,0.99680424,0.0031957868
0,0,0.99668115,0.003318836
0,0,0.99656177,0.0034382427
0,0,0.99641895,0.003581075
0,0,0.99667984,0.0033201375
0,0,0.99662995,0.0033700268
0,0,0.99667996,0.0033200237
0,0,0.99509054,0.0049094716
0,0,0.9964588,0.0035411504
0,0,0.9725417,0.027458323
0,0,0.9959535,0.0040465244
0,0,0.9883629,0.01163709
0,0,0.9944612,0.005538838
0,0,0.99668944,0.003310572
0,0,0.9966814,0.0033186167
0,0,0.996611,0.0033890118
0,0,0.99666935,0.0033306568
0,0,0.9966577,0.0033422953
0,0,0.9898124,0.010187606
0,0,0.9966604,0.0033395896
0,0,0.9967669,0.003233061
0,0,0.9946785,0.0053215083
0,0,0.99679476,0.0032052228
0,0,0.9965412,0.0034587951
0,0,0.9966872,0.003312802
0,0,0.9958196,0.0041803718
0,0,0.99503994,0.004960042
0,0,0.996699,0.0033010445
0,0,0.98716396,0.012836021
0,0,0.9965335,0.003466499
0,0,0.9966752,0.0033248065
0,0,0.9890449,0.010955122
0,0,0.9965943,0.0034056795
0,0,0.9962883,0.0037116709
0,0,0.99668896,0.0033110154
0,0,0.9947131,0.0052868603
0,0,0.99033743,0.009662566
0,0,0.99637526,0.003624717
0,0,0.99672514,0.0032748512
0,0,0.9963167,0.003683346
0,0,0.9968818,0.0031182412
0,0,0.9966462,0.00335378
0,0,0.9965376,0.0034623602
0,0,0.9960027,0.0039973194
0,0,0.99669284,0.0033071497
0,0,0.99667335,0.00332667
0,0,0.9966675,0.0033325234
0,0,0.9966418,0.0033581927
0,0,0.9951305,0.004869547
0,0,0.99658704,0.0034129703
0,0,0.99344856,0.006551444
0,0,0.9957963,0.0042036767
0,0,0.9964065,0.0035935135
0,0,0.9966823,0.0033177305
0,0,0.9713148,0.028685234
0,0,0.98566616,0.014333851
0,0,0.99669665,0.0033033704
0,0,0.9916479,0.008352129
0,0,0.99668384,0.0033161507
0,0,0.99656343,0.003436544
0,0,0.996682,0.0033179985
0,0,0.9963286,0.0036714014
0,0,0.9970889,0.0029110694
0,0,0.99660486,0.003395134
0,0,0.99467444,0.005325556
0,0,0.7717496,0.22825035
0,0,0.99528533,0.0047146557
0,0,0.9966721,0.003327932
0,0,0.99617785,0.0038221537
0,0,0.9887713,0.011228704
0,0,0.9966872,0.003312802
0,0,0.99667865,0.0033213526
0,0,0.99669665,0.0033033704
0,0,0.99668413,0.0033158641
0,0,0.99669665,0.0033033704
0,0,0.9965615,0.0034385007
0,0,0.99667996,0.0033200237
0,0,0.9939736,0.006026406
0,0,0.99656844,0.003431565
0,0,0.9960371,0.0039628595
0,0,0.99668413,0.0033158641
0,0,0.9950199,0.0049800836
0,0,0.99658614,0.003413846
0,0,0.9963396,0.003660389
0,0,0.9961734,0.0038266426
0,0,0.99673516,0.0032648507
0,0,0.97132397,0.028676022
0,0,0.99551666,0.004483325
0,0,0.99406296,0.0059370208
0,0,0.99667716,0.0033228681
0,0,0.99668896,0.0033110154
0,0,0.99607617,0.0039238464
0,0,0.9936874,0.0063125878
0,0,0.9963357,0.0036643038
0,0,0.9965435,0.0034564706
0,0,0.9965207,0.0034793215
0,0,0.99669665,0.0033033704
0,0,0.99668944,0.003310572
0,0,0.99748397,0.0025160403
0,0,0.9129772,0.0870228
0,0,0.9956502,0.004349843
0,0,0.97887653,0.021123458
0,0,0.99669284,0.0033071497
0,0,0.99552363,0.004476397
0,0,0.99372804,0.006271956
0,0,0.9954489,0.0045511015
0,0,0.9966928,0.0033072315
0,0,0.99648994,0.0035100318
0,0,0.9968745,0.0031255023
0,0,0.9966955,0.0033045074
0,0,0.99574137,0.004258647
0,0,0.9965549,0.0034450968
0,0,0.9776967,0.0223033
0,0,0.99669665,0.0033033704
0,0,0.99652386,0.0034761454
0,0,0.9966653,0.0033346827
0,0,0.9966716,0.0033283955
0,0,0.9945146,0.0054854415
0,0,0.9966719,0.003328095
0,0,0.994923,0.005077001
0,0,0.98588824,0.014111768
0,0,0.9966801,0.003319945
0,0,0.9966437,0.0033562975
0,0,0.9959918,0.0040081665
0,0,0.9932701,0.0067299283
0,0,0.9953342,0.004665774
0,0,0.98509336,0.014906663
0,0,0.9967108,0.003289202
0,0,0.9929019,0.0070980918
0,0,0.9966928,0.0033072315
0,0,0.9939794,0.006020605
0,0,0.9966687,0.0033312757
0,0,0.9630132,0.036986828
0,0,0.99669665,0.0033033704
0,0,0.9961699,0.0038300706
0,0,0.99684083,0.003159192
0,0,0.99482226,0.0051777577
0,0,0.98757774,0.012422276
0,0,0.9923221,0.007677894
0,0,0.99668,0.0033199608
0,0,0.99669665,0.0033033704
0,0,0.99668896,0.0033110154
0,0,0.9966872,0.003312802
0,0,0.9968413,0.003158659
0,0,0.99195755,0.008042464
0,0,0.995976,0.0040240046
0,0,0.9966566,0.0033434092
0,0,0.9695989,0.030401135
0,0,0.9954509,0.00454908
0,0,0.96359795,0.036402054
0,0,0.9629469,0.03705313
0,0,0.99576026,0.0042397184
0,0,0.9966875,0.0033125123
0,0,0.9966696,0.0033303828
0,0,0.9966834,0.0033165922
0,0,0.9966876,0.0033124194
0,0,0.9966928,0.0033072315
0,0,0.99524415,0.004755834
0,0,0.96335614,0.036643855
0,0,0.9944034,0.005596571
0,0,0.99017876,0.009821214
0,0,0.986009,0.01399101
0,0,0.9955268,0.004473183
0,0,0.9933575,0.0066425255
0,0,0.9963992,0.0036007636
0,0,0.99668944,0.003310572
0,0,0.9955114,0.004488566
0,0,0.9962171,0.0037829536
0,0,0.99670345,0.0032965387
0,0,0.9964688,0.0035312453
0,0,0.99656194,0.0034380613
0,0,0.99586236,0.0041376525
0,0,0.99378544,0.0062145772
0,0,0.9966595,0.0033404725
0,0,0.99570334,0.0042966413
0,0,0.99669755,0.0033024366
0,0,0.9965199,0.003480064
0,0,0.9958015,0.004198512
0,0,0.99669665,0.0033033704
0,0,0.9904507,0.009549319
0,0,0.98214656,0.01785343
0,0,0.9961188,0.0038812214
0,0,0.99653524,0.0034647305
0,0,0.9967073,0.003292704
0,0,0.99674684,0.003253133
0,0,0.9959777,0.0040223254
0,0,0.9966858,0.003314169
0,0,0.9956215,0.004378477
0,0,0.9966461,0.0033539203
0,0,0.99664646,0.0033535569
0,0,0.996688,0.0033119929
0,0,0.9957275,0.0042724945
0,0,0.99657977,0.0034202505
0,0,0.9891541,0.01084587
0,0,0.99707323,0.0029267846
0,0,0.9962489,0.0037510884
0,0,0.9965673,0.0034326776
0,0,0.9965472,0.0034527802
0,0,0.99665576,0.003344256
0,0,0.9937396,0.006260423
0,0,0.9863999,0.0136001
0,0,0.99597764,0.0040223408
0,0,0.98563105,0.014368979
0,0,0.98920244,0.010797572
0,0,0.9966592,0.0033407852
0,0,0.9577212,0.042278837
0,0,0.9866319,0.013368104
0,0,0.99642885,0.0035711504
0,0,0.9965336,0.0034664315
0,0,0.9964112,0.0035888131
0,0,0.99669665,0.0033033704
0,0,0.9966752,0.0033248065
0,0,0.9966748,0.0033251953
0,0,0.9957742,0.0042257966
0,0,0.996542,0.0034580377
0,0,0.99667543,0.0033245457
0,0,0.99599844,0.0040015704
0,0,0.9966548,0.0033451903
0,0,0.996112,0.0038880298
0,0,0.99668986,0.003310153
0,0,0.99667615,0.003323879
0,0,0.9950575,0.0049425
0,0,0.9962531,0.0037469245
0,0,0.9964316,0.003568438
0,0,0.9966805,0.0033195
0,0,0.9963562,0.0036438259
0,0,0.99616235,0.0038376427
0,0,0.9913239,0.008676105
0,0,0.98829794,0.011702073
0,0,0.9944261,0.0055739093
0,0,0.99654794,0.00345206
0,0,0.9966602,0.0033397994
0,0,0.99668384,0.0033161507
0,0,0.99590164,0.00409835
0,0,0.9948904,0.005109602
0,0,0.9965468,0.0034531904
0,0,0.99667996,0.0033200237
0,0,0.99602115,0.0039788727
0,0,0.996318,0.0036820406
0,0,0.9967748,0.0032251813
0,0,0.9961149,0.0038851076
0,0,0.93292505,0.06707496
0,0,0.99668944,0.003310572
0,0,0.99644256,0.0035574648
0,0,0.9966748,0.0033251953
0,0,0.9845283,0.015471671
0,0,0.9957103,0.0042896825
0,0,0.9966565,0.003343493
0,0,0.9875923,0.01240773
0,0,0.99639624,0.003603762
0,0,0.99656004,0.0034399587
0,0,0.9958379,0.004162074
0,0,0.9967707,0.003229344
0,0,0.99636805,0.0036319708
0,0,0.9939486,0.0060514244
0,0,0.9963225,0.003677462
0,0,0.9939487,0.0060512805
0,0,0.99669665,0.0033033704
0,0,0.9957795,0.0042205066
0,0,0.9966952,0.0033047807
0,0,0.9662382,0.033761807
0,0,0.99666935,0.003330639
0,0,0.99028015,0.009719848
0,0,0.9967686,0.003231394
0,0,0.9970731,0.0029268626
0,0,0.98885924,0.011140782
0,0,0.9967232,0.0032768473
0,0,0.99665034,0.003349688
0,0,0.9893218,0.010678196
0,0,0.99669665,0.0033033704
0,0,0.9956377,0.0043622702
0,0,0.99670225,0.003297742
0,0,0.97578436,0.02421562
0,0,0.9966428,0.0033571878
0,0,0.99638546,0.0036145153
0,0,0.9921364,0.007863593
0,0,0.99621487,0.003785141
0,0,0.99669665,0.0033033704
0,0,0.996791,0.0032090002
0,0,0.99668944,0.003310572
0,0,0.99677354,0.0032264537
0,0,0.9919076,0.0080923755
0,0,0.9966041,0.0033959409
0,0,0.9966764,0.0033236437
0,0,0.9959508,0.0040491694
0,0,0.9966777,0.0033222982
0,0,0.99668765,0.003312336
0,0,0.98744214,0.012557852
0,0,0.99538875,0.0046112486
0,0,0.9751942,0.024805756
0,0,0.9950319,0.004968083
0,0,0.99667853,0.0033214476
0,0,0.99665654,0.0033434646
0,0,0.99656945,0.0034305623
0,0,0.9645834,0.035416577
0,0,0.99448824,0.0055117747
0,0,0.99670225,0.0032977718
0,0,0.996152,0.0038480454
0,0,0.99666154,0.003338428
0,0,0.99201614,0.00798385
0,0,0.9961085,0.0038915237
0,0,0.9967707,0.003229344
0,0,0.99669147,0.003308552
0,0,0.9945599,0.0054400954
0,0,0.7892051,0.2107949
0,0,0.99643636,0.003563657
0,0,0.99587303,0.00412696
0,0,0.96550775,0.03449228
0,0,0.982406,0.017593985
0,0,0.98910254,0.010897474
0,0,0.9825333,0.017466748
0,0,0.99720174,0.0027982527
0,0,0.99668413,0.0033158641
0,0,0.9862586,0.013741358
0,0,0.9966823,0.0033177305
0,0,0.99668896,0.0033110154
0,0,0.99667424,0.0033257832
0,0,0.99673617,0.0032638253
0,0,0.99714136,0.0028586453
0,0,0.99660814,0.0033918861
0,0,0.98695534,0.013044631
0,0,0.9276951,0.07230488
0,0,0.9946743,0.0053256615
0,0,0.99621654,0.0037834942
0,0,0.97023064,0.029769355
0,0,0.9966682,0.003331779
0,0,0.99668556,0.0033144415
0,0,0.99625766,0.0037423258
0,0,0.99668944,0.003310572
0,0,0.95445406,0.04554595
0,0,0.9270824,0.072917566
0,0,0.987581,0.012418989
0,0,0.99623036,0.003769607
0,0,0.99045455,0.009545468
0,0,0.99669665,0.0033033704
0,0,0.8253603,0.17463969
0,0,0.99648297,0.003517007
0,0,0.9966934,0.0033066154
0,0,0.9936625,0.0063375314
0,0,0.97109467,0.02890532
0,0,0.994918,0.005081997
0,0,0.99506205,0.004937943
0,0,0.9965498,0.0034502347
0,0,0.99669147,0.003308552
0,0,0.9966903,0.0033097286
0,0,0.9967952,0.0032048072
0,0,0.9959494,0.004050602
0,0,0.99669427,0.0033057213
0,0,0.992943,0.007057006
0,0,0.9631878,0.036812168
0,0,0.99674207,0.0032579096
0,0,0.9959898,0.0040102075
0,0,0.9965945,0.003405495
0,0,0.9960766,0.003923392
0,0,0.9950659,0.004934074
0,0,0.9966911,0.003308895
0,0,0.9952353,0.004764665
0,0,0.9955324,0.0044675823
0,0,0.99669665,0.0033033704
0,0,0.9966967,0.0033033027
0,0,0.98907304,0.01092699
0,0,0.99660015,0.0033998387
0,0,0.99689597,0.0031040586
0,0,0.99665964,0.0033403484
0,0,0.990188,0.009812008
0,0,0.99669665,0.0033033704
0,0,0.99646395,0.0035360742
0,0,0.99538594,0.0046140794
0,0,0.9909491,0.00905088
0,0,0.99608505,0.003914965
0,0,0.996656,0.0033439747
0,0,0.996674,0.0033259746
0,0,0.99350774,0.0064922418
0,0,0.99612504,0.0038749382
0,0,0.9966707,0.003329259
0,0,0.99281746,0.007182521
0,0,0.9962588,0.0037412008
0,0,0.9955891,0.0044109467
0,0,0.99668646,0.0033135295
0,0,0.9966962,0.0033038494
0,0,0.9940875,0.005912484
0,0,0.99658006,0.0034199546
0,0,0.9952145,0.004785458
0,0,0.9966694,0.0033305662
0,0,0.9953652,0.004634777
0,0,0.99496746,0.00503255
0,0,0.995858,0.004141991
0,0,0.99669665,0.0033033704
0,0,0.99669665,0.0033033704
0,0,0.99651086,0.0034891511
0,0,0.99667054,0.0033294393
0,0,0.9954843,0.004515716
0,0,0.99599767,0.004002357
0,0,0.9958073,0.0041927225
0,0,0.99667925,0.0033207468
0,0,0.9965406,0.0034594182
0,0,0.99665886,0.003341112
0,0,0.9966672,0.0033328051
0,0,0.99665713,0.0033428497
0,0,0.99549717,0.0045028212
0,0,0.9966696,0.0033303828
0,0,0.99676603,0.0032339492
0,0,0.99644506,0.0035549472
0,0,0.9924305,0.007569504
0,0,0.9966872,0.003312802
0,0,0.99657524,0.0034247702
0,0,0.985673,0.014326993
0,0,0.99559194,0.0044080727
0,0,0.9961821,0.0038179022
0,0,0.99656343,0.003436544
0,0,0.9965644,0.0034355968
0,0,0.99669284,0.0033071497
0,0,0.9962972,0.0037028226
0,0,0.995521,0.00447899
0,0,0.9965406,0.003459372
0,0,0.99639714,0.0036028891
0,0,0.99669665,0.0033033704
0,0,0.996688,0.0033119929
0,0,0.9945534,0.00544664
0,0,0.99140483,0.008595191
0,0,0.99631846,0.0036815319
0,0,0.99568087,0.004319152
0,0,0.9960386,0.0039614085
0,0,0.9966586,0.0033413472
0,0,0.99672925,0.0032707541
0,0,0.9940043,0.005995665
0,0,0.9966604,0.003339561
0,0,0.99201834,0.007981683
0,0,0.9957781,0.0042219423
0,0,0.99669665,0.0033033704
0,0,0.9958148,0.00418521
0,0,0.99584013,0.0041598887
0,0,0.99645644,0.0035435557
0,0,0.955242,0.04475802
0,0,0.9956667,0.0043333163
0,0,0.9955899,0.0044100587
0,0,0.99599236,0.0040076296
0,0,0.99374616,0.006253853
0,0,0.99624926,0.003750766
0,0,0.99603033,0.0039696842
0,0,0.99684453,0.0031554955
0,0,0.99589837,0.0041016373
0,0,0.99548763,0.0045123473
0,0,0.9947755,0.005224548
0,0,0.9966469,0.0033531247
0,0,0.99656665,0.0034333642
0,0,0.9924212,0.007578808
0,0,0.9964611,0.0035389017
0,0,0.9956469,0.0043530785
0,0,0.9966784,0.0033216085
0,0,0.9966872,0.003312802
0,0,0.99614906,0.0038509162
0,0,0.99665964,0.0033403484
0,0,0.9855928,0.014407224
0,0,0.99664974,0.003350253
0,0,0.99668896,0.0033110154
0,0,0.99370205,0.0062979455
0,0,0.9949702,0.0050297882
0,0,0.9962777,0.0037223222
0,0,0.98966086,0.010339139
0,0,0.99528515,0.0047148415
0,0,0.996647,0.0033529801
0,0,0.9964781,0.003521897
0,0,0.9951357,0.004864268
0,0,0.9954157,0.0045843143
0,0,0.9924142,0.0075858016
0,0,0.9966305,0.0033695255
0,0,0.9895469,0.010453118
0,0,0.99653465,0.003465361
0,0,0.99667853,0.0033214476
0,0,0.9969013,0.0030987554
0,0,0.9963141,0.0036858944
0,0,0.99080145,0.009198559
0,0,0.9961033,0.003896686
0,0,0.99669665,0.0033033704
0,0,0.9912349,0.00876509
0,0,0.99605346,0.003946516
0,0,0.9965335,0.003466471
0,0,0.9848055,0.0151944775
0,0,0.9960677,0.0039322777
0,0,0.99669665,0.0033033704
0,0,0.9966587,0.003341301
0,0,0.9964694,0.0035306045
0,0,0.99486244,0.005137539
0,0,0.9966565,0.003343493
0,0,0.9964626,0.0035374388
0,0,0.99669164,0.0033083681
0,0,0.9966936,0.003306394
0,0,0.99665666,0.0033433326
0,0,0.99565977,0.0043402077
0,0,0.996291,0.0037089984
0,0,0.99665296,0.0033470464
0,0,0.99666065,0.0033393374
0,0,0.9925797,0.007420273
0,0,0.996134,0.0038660124
0,0,0.9544603,0.045539703
0,0,0.99647206,0.0035279365
0,0,0.9961316,0.00386843
0,0,0.9967169,0.0032830671
0,0,0.9953872,0.004612792
0,0,0.9966967,0.0033032794
0,0,0.9962932,0.003706802
0,0,0.99669665,0.0033033704
0,0,0.99517226,0.00482771
0,0,0.9944178,0.0055822358
0,0,0.99652827,0.0034717529
0,0,0.9966439,0.0033560728
0,0,0.9959695,0.0040305136
0,0,0.9942753,0.0057247095
0,0,0.99669665,0.0033033704
0,0,0.9966622,0.0033377875
0,0,0.9964751,0.003524902
0,0,0.9966872,0.003312802
0,0,0.99670166,0.0032983252
0,0,0.99350214,0.0064978576
0,0,0.9739589,0.026041087
0,0,0.99648386,0.0035161218
0,0,0.9965018,0.0034982152
0,0,0.9680305,0.03196951
0,0,0.99672675,0.0032732345
0,0,0.9962818,0.0037182095
0,0,0.9943856,0.0056144195
0,0,0.9966604,0.0033395896
0,0,0.9965968,0.0034031589
0,0,0.99645257,0.0035474168
0,0,0.99692756,0.003072469
0,0,0.9966476,0.0033524288
0,0,0.99680007,0.003199941
0,0,0.9968947,0.00310526
0,0,0.99665785,0.0033421633
0,0,0.99603295,0.003967021
0,0,0.9965713,0.0034286752
0,0,0.99670225,0.003297742
0,0,0.99388343,0.0061165807
0,0,0.9888672,0.0111327795
0,0,0.99498045,0.005019573
0,0,0.9899525,0.010047478
0,0,0.99668723,0.0033127454
0,0,0.9955445,0.0044555315
0,0,0.99669665,0.0033033704
0,0,0.99669665,0.0033033704
0,0,0.99669385,0.0033061644
0,0,0.99616313,0.0038368644
0,0,0.96602786,0.033972137
0,0,0.99671316,0.0032868376
0,0,0.99578404,0.00421593
0,0,0.99657685,0.0034231693
0,0,0.9963914,0.0036085546
0,0,0.9968711,0.0031289107
0,0,0.99659616,0.0034038448
0,0,0.9962729,0.0037270645
0,0,0.9966907,0.0033093211
0,0,0.99575764,0.0042423545
0,0,0.9964184,0.0035815686
0,0,0.9708604,0.029139599
0,0,0.99669886,0.0033011544
0,0,0.9964737,0.0035262874
0,0,0.9965682,0.0034317982
0,0,0.9958117,0.0041883034
0,0,0.9963678,0.0036321918
0,0,0.99669665,0.0033033704
0,0,0.9970535,0.0029464862
0,0,0.99625283,0.0037471417
0,0,0.9966739,0.00332609
0,0,0.99667317,0.003326841
0,0,0.9960574,0.0039426195
0,0,0.99646884,0.0035311566
0,0,0.9961123,0.0038877032
0,0,0.9964085,0.0035914963
0,0,0.99667305,0.0033269548
0,0,0.9921888,0.007811198
0,0,0.99668944,0.003310572
0,0,0.99668896,0.0033110154
0,0,0.99658674,0.0034132376
0,0,0.90505874,0.09494124
0,0,0.9834663,0.016533695
0,0,0.99593997,0.004060014
0,0,0.99531597,0.0046840385
0,0,0.9965027,0.003497326
0,0,0.9967707,0.003229344
0,0,0.9964235,0.0035764975
0,0,0.99343616,0.006563857
0,0,0.9942684,0.0057315864
0,0,0.99489295,0.005107067
0,0,0.99667054,0.0033294728
0,0,0.99682194,0.003178035
0,0,0.99670225,0.003297742
0,0,0.99678934,0.0032106664
0,0,0.9906598,0.009340249
0,0,0.9967586,0.003241394
0,0,0.9892343,0.010765665
0,0,0.9943993,0.0056006857
0,0,0.9965699,0.0034301449
0,0,0.9966792,0.0033208143
0,0,0.9971634,0.0028366
0,0,0.9966794,0.0033205699
0,0,0.9958808,0.0041192006
0,0,0.9973134,0.0026866053
0,0,0.9967856,0.0032143919
0,0,0.99131906,0.008680954
0,0,0.9933148,0.006685215
0,0,0.9958958,0.0041041994
0,0,0.9966513,0.0033487314
0,0,0.9965615,0.003438491
0,0,0.9967204,0.0032796392
0,0,0.99664205,0.0033579506
0,0,0.9965561,0.00344392
0,0,0.9959375,0.004062452
0,0,0.9966867,0.0033132823
0,0,0.99644786,0.003552151
0,0,0.9962412,0.0037587762
0,0,0.9922223,0.0077776616
0,0,0.9967155,0.0032845342
0,0,0.99664164,0.0033583478
0,0,0.99672514,0.0032748512
0,0,0.9966925,0.0033074925
0,0,0.98928255,0.010717428
0,0,0.9962202,0.003779799
0,0,0.9914787,0.008521296
0,0,0.9966834,0.0033165922
0,0,0.9896135,0.010386544
0,0,0.9956237,0.0043762657
0,0,0.9966319,0.0033680592
0,0,0.99667937,0.0033206502
0,0,0.9958715,0.004128526
0,0,0.99668753,0.0033124918
0,0,0.9966746,0.0033254072
0,0,0.9958686,0.0041313856
0,0,0.9966978,0.0033021932
0,0,0.9966849,0.0033150779
0,0,0.9960068,0.0039932206
0,0,0.9965943,0.0034056795
0,0,0.9966984,0.0033015967
0,0,0.9966872,0.003312802
0,0,0.99343103,0.006568974
0,0,0.9959645,0.0040354664
0,0,0.97757864,0.022421334
0,0,0.99652314,0.0034768407
0,0,0.996243,0.0037569911
0,0,0.9962942,0.003705823
0,0,0.99664176,0.0033582726
0,0,0.992591,0.0074089766
0,0,0.9944829,0.0055170986
0,0,0.9270784,0.07292158
0,0,0.99623734,0.0037626403
0,0,0.99265057,0.007349457
0,0,0.996612,0.0033880118
0,0,0.99648553,0.0035144696
0,0,0.99644184,0.0035581563
0,0,0.99408346,0.0059165214
0,0,0.9949379,0.0050621256
0,0,0.9966824,0.0033175994
0,0,0.99671954,0.0032804548
0,0,0.98963606,0.010363911
0,0,0.9957175,0.004282466
0,0,0.9517754,0.048224602
0,0,0.9944846,0.0055154115
0,0,0.99665976,0.0033402739
0,0,0.99692583,0.00307418
0,0,0.98373514,0.016264852
0,0,0.99429405,0.00570594
0,0,0.9948088,0.00519119
0,0,0.995994,0.004006016
0,0,0.989964,0.010035987
0,0,0.99647427,0.0035257193
0,0,0.9960883,0.0039116675
0,0,0.9966627,0.0033373479
0,0,0.992799,0.007201042
0,0,0.9937901,0.0062098876
0,0,0.9966748,0.0033251953
0,0,0.99668413,0.0033158641
0,0,0.9932902,0.006709829
0,0,0.99563396,0.0043660123
0,0,0.9965014,0.003498586
0,0,0.99668473,0.0033152462
0,0,0.99599725,0.0040027755
0,0,0.9961079,0.0038920988
0,0,0.99689627,0.003103728
0,0,0.99603146,0.003968523
0,0,0.99527794,0.004722077
0,0,0.9939609,0.006039084
0,0,0.96009445,0.03990556
0,0,0.9953797,0.0046202852
0,0,0.99668384,0.0033161507
0,0,0.9966748,0.0033251953
0,0,0.9967241,0.003275885
0,0,0.9923452,0.007654779
0,0,0.9961517,0.003848312
0,0,0.9966587,0.003341301
0,0,0.9959242,0.004075832
0,0,0.9966811,0.0033189005
0,0,0.99537414,0.004625883
0,0,0.9966697,0.0033302782
0,0,0.9939643,0.0060356646
0,0,0.99668384,0.0033161507
0,0,0.9966602,0.0033397994
0,0,0.99672127,0.0032787463
0,0,0.9954107,0.0045893327
0,0,0.99484587,0.0051541068
0,0,0.99667567,0.0033243042
0,0,0.9925518,0.007448175
0,0,0.9896982,0.010301846
0,0,0.99670225,0.003297742
0,0,0.9967467,0.0032533063
0,0,0.9939473,0.0060526496
0,0,0.9966869,0.0033131265
0,0,0.99667317,0.003326841
0,0,0.99565643,0.004343551
0,0,0.9964915,0.0035085247
0,0,0.9960672,0.003932769
0,0,0.99669284,0.0033071497
0,0,0.8896842,0.110315785
0,0,0.99669665,0.0033033704
0,0,0.99667275,0.003327244
0,0,0.99668384,0.0033161507
0,0,0.99668175,0.003318224
0,0,0.9969013,0.0030987305
0,0,0.99665314,0.0033468683
0,0,0.9565746,0.04342536
0,0,0.99668944,0.003310572
0,0,0.99663705,0.0033629476
0,0,0.99629015,0.0037098534
0,0,0.9966963,0.0033036908
0,0,0.99633443,0.0036655576
0,0,0.9958231,0.0041769054
0,0,0.9966721,0.003327932
0,0,0.9960867,0.003913301
0,0,0.9853812,0.014618829
0,0,0.9962087,0.0037912845
0,0,0.99415153,0.0058484967
0,0,0.9966745,0.0033255273
0,0,0.9761347,0.023865275
0,0,0.9952712,0.0047288
0,0,0.99645716,0.0035428181
0,0,0.99434304,0.0056569837
0,0,0.98732173,0.012678278
0,0,0.9965851,0.0034149543
0,0,0.9968652,0.003134791
0,0,0.9956436,0.004356397
0,0,0.9965977,0.0034022713
0,0,0.9941491,0.005850887
0,0,0.9965963,0.0034037249
0,0,0.99669665,0.0033033704
0,0,0.9955126,0.0044873664
0,0,0.9963101,0.0036898595
0,0,0.98891705,0.011082926
0,0,0.99591756,0.0040824437
0,0,0.99668807,0.0033119423
0,0,0.9969565,0.0030434886
0,0,0.99007094,0.009929033
0,0,0.99667996,0.0033200237
0,0,0.99411595,0.005884033
0,0,0.9864366,0.013563374
0,0,0.8532209,0.14677913
0,0,0.9966559,0.003344143
0,0,0.9963629,0.0036370943
0,0,0.99669886,0.0033011544
0,0,0.99669665,0.0033033704
0,0,0.99437904,0.005620953
0,0,0.9966928,0.0033072315
0,0,0.9966548,0.0033451903
0,0,0.9961436,0.0038564461
0,0,0.995863,0.004136969
0,0,0.99661654,0.0033834646
0,0,0.9933867,0.0066132997
0,0,0.99535984,0.0046401895
0,0,0.99556065,0.0044393656
0,0,0.99412405,0.00587593
0,0,0.9927036,0.007296406
0,0,0.9919333,0.008066725
0,0,0.99664026,0.0033597255
0,0,0.99353564,0.0064643566
0,0,0.9963898,0.0036101684
0,0,0.99552405,0.004475946
0,0,0.99274397,0.0072560147
0,0,0.99672514,0.0032748512
0,0,0.9908398,0.009160192
0,0,0.9967028,0.0032972095
0,0,0.99547356,0.0045264247
0,0,0.9672041,0.032795887
0,0,0.9929025,0.0070974766
0,0,0.9941137,0.005886326
0,0,0.99526286,0.004737158
0,0,0.98273754,0.01726243
0,0,0.99652696,0.003473068
0,0,0.99669665,0.0033033704
0,0,0.9964193,0.0035807076
0,0,0.99668944,0.003310572
0,0,0.99672663,0.0032733935
0,0,0.9920015,0.00799854
0,0,0.99474627,0.005253718
0,0,0.9964887,0.003511338
0,0,0.9967135,0.0032864516
0,0,0.9961089,0.0038911356
0,0,0.9617469,0.038253147
0,0,0.9941481,0.005851938
0,0,0.9916863,0.00831369
0,0,0.9955821,0.0044179065
0,0,0.993453,0.0065469514
0,0,0.9945149,0.005485145
0,0,0.996326,0.0036739644
0,0,0.9966471,0.003352897
0,0,0.9911761,0.0088238735
0,0,0.9966748,0.0033251953
0,0,0.9958348,0.0041651838
0,0,0.99599385,0.0040061395
0,0,0.99615306,0.0038469615
0,0,0.9963775,0.0036224958
0,0,0.9926863,0.0073137092
0,0,0.9955225,0.0044775
0,0,0.9966604,0.0033395896
0,0,0.99128807,0.008711908
0,0,0.99649894,0.003501072
0,0,0.9962502,0.0037497967
0,0,0.9959301,0.0040699425
0,0,0.9966784,0.0033216085
0,0,0.82263464,0.17736538
0,0,0.9924406,0.007559441
0,0,0.99670225,0.003297742
0,0,0.9957961,0.0042039026
0,0,0.99641705,0.0035829828
0,0,0.9952589,0.0047410554
0,0,0.9967992,0.003200849
0,0,0.99667394,0.00332606
0,0,0.996071,0.00392899
0,0,0.99680513,0.0031948467
0,0,0.99655765,0.0034423477
0,0,0.9927526,0.0072473777
0,0,0.9962011,0.0037989053
0,0,0.9964989,0.003501137
0,0,0.9966876,0.0033124194
0,0,0.97802895,0.02197105
0,0,0.9965842,0.0034158097
0,0,0.9966748,0.0033251953
0,0,0.9956688,0.0043311645
0,0,0.9957197,0.0042802994
0,0,0.99660456,0.0033954117
0,0,0.9956997,0.004300268
0,0,0.9951702,0.0048298524
0,0,0.99667925,0.0033207468
0,0,0.99672526,0.0032747595
0,0,0.99046856,0.009531436
0,0,0.9859224,0.014077618
0,0,0.9964514,0.0035486273
0,0,0.9967707,0.003229344
0,0,0.99637485,0.003625144
0,0,0.99667394,0.0033260882
0,0,0.9953754,0.004624605
0,0,0.99536765,0.0046323426
0,0,0.99661803,0.0033819666
0,0,0.99602085,0.0039791563
0,0,0.99714625,0.0028537225
0,0,0.99695563,0.0030443957
0,0,0.99668384,0.0033161507
0,0,0.9966869,0.003313101
0,0,0.9964899,0.0035101236
0,0,0.9967833,0.0032166832
0,0,0.9965144,0.003485625
0,0,0.9451063,0.0548937
0,0,0.99483496,0.0051650377
0,0,0.9968837,0.0031163134
0,0,0.99669665,0.0033033704
0,0,0.99671686,0.0032831687
0,0,0.9966763,0.003323688
0,0,0.99658006,0.0034199546
0,0,0.9959804,0.004019635
0,0,0.99243546,0.0075645507
0,0,0.9905748,0.009425211
0,0,0.9960675,0.003932457
0,0,0.99609715,0.0039028504
0,0,0.99668664,0.0033133626
0,0,0.997255,0.0027449878
0,0,0.996604,0.0033959844
0,0,0.99624085,0.003759169
0,0,0.986504,0.013495965
0,0,0.99467295,0.0053270184
0,0,0.99667,0.0033299825
0,0,0.99580306,0.0041969614
0,0,0.9953589,0.004641097
0,0,0.9967698,0.003230187
0,0,0.99181277,0.008187263
0,0,0.994656,0.0053439555
0,0,0.99547195,0.004528017
0,0,0.99669665,0.0033033704
0,0,0.99568236,0.0043176287
0,0,0.9966657,0.0033342913
0,0,0.9928519,0.00714808
0,0,0.9900815,0.009918501
0,0,0.99670875,0.003291238
0,0,0.9961678,0.0038322487
0,0,0.9912949,0.008705091
0,0,0.99657696,0.0034230212
0,0,0.9959998,0.0040001734
0,0,0.9955217,0.004478286
0,0,0.9969031,0.00309689
0,0,0.9966258,0.0033742192
0,0,0.99669665,0.0033033704
0,0,0.99642706,0.003572929
0,0,0.995628,0.0043719984
0,0,0.9959388,0.0040611927
0,0,0.99668145,0.0033185363
0,0,0.5536789,0.44632116
0,0,0.9967646,0.0032353958
0,0,0.99494,0.0050600367
0,0,0.99637616,0.0036238506
0,0,0.99669665,0.0033033704
0,0,0.987532,0.012467976
0,0,0.9948027,0.0051972936
0,0,0.9969962,0.0030037519
0,0,0.96155477,0.038445264
0,0,0.99668896,0.0033110154
0,0,0.9952542,0.004745774
0,0,0.9965903,0.003409676
0,0,0.99404645,0.005953555
0,0,0.99620724,0.0037927853
0,0,0.99670225,0.003297742
0,0,0.9967823,0.0032176983
0,0,0.99034745,0.009652561
0,0,0.99668413,0.0033158641
0,0,0.9963381,0.0036618554
0,0,0.9935625,0.0064374926
0,0,0.9743904,0.025609583
0,0,0.9966848,0.0033152245
0,0,0.99651897,0.0034810414
0,0,0.99641883,0.0035811858
0,0,0.9966849,0.003315106
0,0,0.99666625,0.0033337541
0,0,0.996688,0.0033119929
0,0,0.996688,0.0033119929
0,0,0.9966925,0.0033074925
0,0,0.9944641,0.0055358997
0,0,0.9966852,0.0033147943
0,0,0.9856354,0.0143645825
0,0,0.99259895,0.007401041
0,0,0.99672246,0.003277567
0,0,0.9967707,0.003229344
0,0,0.9965472,0.0034527949
0,0,0.9948513,0.0051486986
0,0,0.9966795,0.0033205333
0,0,0.99460727,0.0053927125
0,0,0.9478516,0.052148398
0,0,0.99666625,0.0033337637
0,0,0.99654347,0.0034565115
0,0,0.99609995,0.00390008
0,0,0.9966673,0.0033326675
0,0,0.9953292,0.00467079
0,0,0.9965152,0.0034847949
0,0,0.99553597,0.0044640466
0,0,0.98845816,0.011541839
0,0,0.99677956,0.0032204494
0,0,0.9966476,0.0033524144
0,0,0.99667054,0.0033294393
0,0,0.9847744,0.015225569
0,0,0.99657583,0.0034241665
0,0,0.9966726,0.0033274228
0,0,0.9966849,0.003315106
0,0,0.99669665,0.0033033704
0,0,0.99643856,0.0035614138
0,0,0.9967477,0.0032523538
0,0,0.9968272,0.0031728307
0,0,0.9959716,0.0040284065
0,0,0.99667996,0.0033200225
0,0,0.91497755,0.08502243
0,0,0.9835423,0.016457675
0,0,0.98975873,0.010241267
0,0,0.9958266,0.004173428
0,0,0.9966928,0.0033072315
0,0,0.9662046,0.03379543
0,0,0.98795736,0.0120426435
0,0,0.9966738,0.0033262055
0,0,0.9966786,0.003321433
0,0,0.99377316,0.006226864
0,0,0.99660623,0.0033937807
0,0,0.9949444,0.0050556166
0,0,0.99548644,0.004513564
0,0,0.9966817,0.0033182949
0,0,0.9960127,0.0039873063
0,0,0.99453133,0.005468663
0,0,0.99701804,0.0029819412
0,0,0.99548453,0.0045154947
0,0,0.9966684,0.0033316095
0,0,0.996877,0.003122988
0,0,0.99661964,0.0033803694
0,0,0.99639857,0.0036014328
0,0,0.9966872,0.003312802
0,0,0.9912903,0.008709754
0,0,0.9965708,0.0034291768
0,0,0.9509563,0.049043737
0,0,0.9966672,0.0033328051
0,0,0.9966885,0.0033114955
0,0,0.99677765,0.003222365
0,0,0.99667424,0.0033257531
0,0,0.98665833,0.013341677
0,0,0.99228525,0.0077147256
0,0,0.9660361,0.0339639
0,0,0.9958658,0.004134192
0,0,0.99476534,0.0052346312
0,0,0.99393743,0.006062554
0,0,0.99646586,0.0035341512
0,0,0.99322486,0.00677512
0,0,0.9959687,0.0040313
0,0,0.996731,0.0032690074
0,0,0.9966137,0.003386325
0,0,0.9962409,0.0037590906
0,0,0.99658823,0.0034117736
0,0,0.99644065,0.0035593703
0,0,0.99559885,0.0044011427
0,0,0.9966844,0.0033156136
0,0,0.9719771,0.028022867
0,0,0.9721632,0.027836777
0,0,0.996998,0.0030019858
0,0,0.9963856,0.0036144194
0,0,0.98806584,0.01193418
0,0,0.9964917,0.0035083164
0,0,0.98615396,0.013846065
0,0,0.99656063,0.003439344
0,0,0.9965593,0.0034406744
0,0,0.9814234,0.018576628
0,0,0.99246967,0.007530352
0,0,0.9951489,0.0048510875
0,0,0.99608505,0.003914952
0,0,0.99667144,0.0033285536
0,0,0.99669665,0.0033033704
0,0,0.99695987,0.0030401135
0,0,0.9966548,0.0033451903
0,0,0.99664617,0.003353844
0,0,0.9966787,0.0033213133
0,0,0.99669665,0.0033033704
0,0,0.99668765,0.003312336
0,0,0.9950193,0.004980693
0,0,0.99672055,0.0032794413
0,0,0.994575,0.005424957
0,0,0.9966872,0.003312802
0,0,0.9961948,0.0038052425
0,0,0.99608684,0.0039131893
0,0,0.99564797,0.0043520615
0,0,0.99657434,0.0034256314
0,0,0.99669665,0.0033033704
0,0,0.9966496,0.0033503708
0,0,0.99413437,0.0058656414
0,0,0.99668384,0.0033161507
0,0,0.7291571,0.2708429
0,0,0.9966928,0.0033072315
0,0,0.9819128,0.018087192
0,0,0.9966748,0.0033251953
0,0,0.99409497,0.0059050447
0,0,0.9966461,0.0033539203
0,0,0.9959455,0.004054465
0,0,0.74882543,0.25117454
0,0,0.99526983,0.004730147
0,0,0.9698407,0.03015928
0,0,0.9947706,0.005229432
0,0,0.99591666,0.004083347
0,0,0.99657583,0.0034241632
0,0,0.99458444,0.0054155304
0,0,0.9967241,0.003275885
0,0,0.99205494,0.0079450905
0,0,0.9941731,0.0058269165
0,0,0.99668944,0.003310572
0,0,0.9966928,0.0033072315
0,0,0.99667376,0.003326259
0,0,0.9953976,0.004602391
0,0,0.9964617,0.0035383147
0,0,0.99669427,0.0033057213
0,0,0.99667037,0.0033296468
0,0,0.9914679,0.008532116
0,0,0.9967158,0.0032842346
0,0,0.9967101,0.0032898525
0,0,0.9964605,0.0035395287
0,0,0.99654734,0.0034526521
0,0,0.99477,0.0052300077
0,0,0.99676937,0.0032306428
0,0,0.9966752,0.0033248083
0,0,0.9966838,0.0033162297
0,0,0.99647355,0.0035264634
0,0,0.9966752,0.0033248065
0,0,0.9952353,0.004764703
0,0,0.9943382,0.0056617926
0,0,0.9959518,0.0040482273
0,0,0.99319816,0.0068018273
0,0,0.996688,0.0033119929
0,0,0.99665344,0.0033465899
0,0,0.9968045,0.0031955529
0,0,0.99659765,0.003402328
0,0,0.99458987,0.0054101553
0,0,0.9966696,0.0033304114
0,0,0.9931247,0.0068752677
0,0,0.99669665,0.0033033704
0,0,0.99666595,0.0033340538
0,0,0.9941474,0.005852557
0,0,0.9959549,0.0040451526
0,0,0.9972195,0.002780519
0,0,0.9962368,0.003763184
0,0,0.9964938,0.0035061664
0,0,0.9962169,0.0037831024
0,0,0.94386303,0.056136943
0,0,0.99590147,0.0040985295
0,0,0.9963383,0.0036616812
0,0,0.9929603,0.0070397323
0,0,0.996688,0.0033119929
0,0,0.99670136,0.0032986247
0,0,0.9966745,0.0033255036
0,0,0.9943391,0.0056608664
0,0,0.9966664,0.0033336354
0,0,0.99670225,0.003297742
0,0,0.99669385,0.0033061644
0,0,0.99553764,0.004462341
0,0,0.9672305,0.032769527
0,0,0.97402894,0.025971038
0,0,0.99667084,0.00332918
0,0,0.9964241,0.0035759266
0,0,0.9965658,0.0034341605
0,0,0.9954885,0.0045114667
0,0,0.996666,0.0033339714
0,0,0.949629,0.050371
0,0,0.9966252,0.003374819
0,0,0.99666953,0.0033304745
0,0,0.9966752,0.0033247876
0,0,0.9926619,0.007338084
0,0,0.99636155,0.003638439
0,0,0.9966876,0.0033124194
0,0,0.99550486,0.0044951374
0,0,0.99669665,0.0033033704
0,0,0.99665636,0.0033436138
0,0,0.99668,0.0033199608
0,0,0.9967588,0.0032411644
0,0,0.9948684,0.005131603
0,0,0.99226755,0.007732435
0,0,0.99629974,0.0037002445
0,0,0.99669665,0.0033033704
0,0,0.9964158,0.003584226
0,0,0.90950036,0.09049966
0,0,0.99665344,0.0033465899
0,0,0.9966891,0.003310896
0,0,0.9966928,0.0033072315
0,0,0.99668556,0.0033144415
0,0,0.99611396,0.003886036
0,0,0.9966816,0.0033184367
0,0,0.99632794,0.0036720922
0,0,0.99669665,0.0033033704
0,0,0.98166454,0.018335456
0,0,0.9733261,0.026673922
0,0,0.9962501,0.0037499228
0,0,0.94667417,0.053325806
0,0,0.99665564,0.0033443798
0,0,0.99616665,0.0038333796
0,0,0.9966516,0.0033484162
0,0,0.99668145,0.0033185363
0,0,0.9966834,0.0033165922
0,0,0.9920149,0.007985097
0,0,0.9951427,0.0048573227
0,0,0.9967016,0.0032983862
0,0,0.9927122,0.0072878185
0,0,0.9966872,0.003312802
0,0,0.9964301,0.0035698917
0,0,0.9966424,0.0033575913
0,0,0.9925482,0.007451765
0,0,0.9966447,0.0033552975
0,0,0.99665,0.0033500046
0,0,0.9942443,0.005755745
0,0,0.9918893,0.008110725
0,0,0.99668354,0.0033164897
0,0,0.99642205,0.0035779355
0,0,0.99701184,0.0029881797
0,0,0.98569846,0.014301536
0,0,0.9952818,0.0047181924
0,0,0.9966074,0.003392594
0,0,0.99368954,0.0063104886
0,0,0.99505556,0.004944428
0,0,0.9926223,0.0073777135
0,0,0.9965263,0.0034736716
0,0,0.99027586,0.009724122
0,0,0.9906246,0.009375382
0,0,0.995722,0.004278005
0,0,0.9860654,0.013934584
0,0,0.99669296,0.003307029
0,0,0.99669665,0.0033033704
0,0,0.99667907,0.0033209266
0,0,0.99556667,0.0044333357
0,0,0.98940337,0.010596618
0,0,0.9966928,0.0033072315
0,0,0.99666286,0.0033371511
0,0,0.99666506,0.0033349155
0,0,0.99484575,0.0051542264
0,0,0.99552405,0.004475955
0,0,0.9965687,0.0034313432
0,0,0.9965928,0.003407177
0,0,0.99305123,0.0069487584
0,0,0.9963895,0.0036105008
0,0,0.99519503,0.004804939
0,0,0.99668765,0.003312336
0,0,0.99615824,0.0038417608
0,0,0.99666333,0.0033366883
0,0,0.99669737,0.0033026545
0,0,0.9960282,0.003971832
0,0,0.99619627,0.003803737
0,0,0.9962316,0.0037683682
0,0,0.98912185,0.010878166
0,0,0.9966561,0.0033438553
0,0,0.99668556,0.0033144415
0,0,0.9962663,0.0037336778
0,0,0.99665946,0.0033405595
0,0,0.9892755,0.010724514
0,0,0.9963755,0.003624486
0,0,0.9935139,0.0064861216
0,0,0.9966046,0.0033953842
0,0,0.99533147,0.0046685357
0,0,0.996688,0.0033119929
0,0,0.99665946,0.0033405595
0,0,0.99320155,0.006798436
0,0,0.99527586,0.00472413
0,0,0.99612194,0.0038780833
0,0,0.9966696,0.0033304114
0,0,0.99498767,0.005012341
0,0,0.9966787,0.0033213133
0,0,0.996604,0.0033959844
0,0,0.9874488,0.012551201
0,0,0.9965708,0.0034291768
0,0,0.99668103,0.003318981
0,0,0.9966188,0.003381211
0,0,0.9965496,0.0034503904
0,0,0.9917862,0.008213806
0,0,0.9966933,0.0033066676
0,0,0.99050575,0.009494252
0,0,0.996204,0.003795992
0,0,0.99668896,0.0033110154
0,0,0.9904271,0.009572921
0,0,0.99666077,0.0033392487
0,0,0.9964811,0.0035188876
0,0,0.996688,0.0033119929
0,0,0.9967533,0.0032467365
0,0,0.9966667,0.0033332692
0,0,0.99668485,0.0033151598
0,0,0.99283016,0.0071698455
0,0,0.996724,0.0032760112
0,0,0.976069,0.023931041
0,0,0.9966962,0.0033038494
0,0,0.9964286,0.003571381
0,0,0.99669725,0.0033027518
0,0,0.9947249,0.00527509
0,0,0.9966752,0.0033248065
0,0,0.9960141,0.0039858613
0,0,0.99671394,0.0032860832
0,0,0.9966872,0.003312802
0,0,0.9945457,0.005454322
0,0,0.9966548,0.0033451903
0,0,0.9966293,0.003370685
0,0,0.9960177,0.003982291
0,0,0.99427104,0.005728989
0,0,0.9966928,0.0033072315
0,0,0.9846168,0.015383207
0,0,0.99368286,0.0063171233
0,0,0.99669355,0.0033064315
0,0,0.99540645,0.004593565
0,0,0.9835235,0.016476527
0,0,0.99461156,0.0053884457
0,0,0.9965744,0.003425615
0,0,0.9965836,0.0034164025
0,0,0.9963552,0.0036448212
0,0,0.9966716,0.0033283764
0,0,0.99661833,0.003381658
0,0,0.9966537,0.0033463133
0,0,0.9925189,0.0074810726
0,0,0.9967385,0.00326153
0,0,0.9965903,0.0034096874
0,0,0.99666417,0.0033358082
0,0,0.9965063,0.003493725
0,0,0.99669665,0.0033033704
0,0,0.9965569,0.0034431347
0,0,0.996662,0.0033379507
0,0,0.9966462,0.00335378
0,0,0.99250054,0.007499475
0,0,0.9941364,0.005863629
0,0,0.99668825,0.0033117617
0,0,0.99653274,0.0034672602
0,0,0.9964081,0.0035918786
0,0,0.99668384,0.0033161507
0,0,0.99600625,0.003993752
0,0,0.9624131,0.037586913
0,0,0.9966844,0.0033156136
0,0,0.99658537,0.003414659
0,0,0.9966766,0.0033233897
0,0,0.99660593,0.003394079
0,0,0.99479145,0.0052085402
0,0,0.99254245,0.0074575474
0,0,0.99669665,0.0033033704
0,0,0.9930157,0.0069842925
0,0,0.98715436,0.012845637
0,0,0.996117,0.0038830081
0,0,0.9841611,0.0158389
0,0,0.99099255,0.009007467
0,0,0.9959021,0.0040978813
0,0,0.99539113,0.0046088938
0,0,0.99668944,0.003310572
0,0,0.9965544,0.0034456095
0,0,0.99416363,0.0058363713
0,0,0.9890491,0.010950939
0,0,0.99679565,0.0032043196
0,0,0.9966875,0.0033125123
0,0,0.99648154,0.003518468
0,0,0.9967129,0.0032870956
0,0,0.99668896,0.0033110154
0,0,0.8972617,0.10273831
0,0,0.9897077,0.010292279
0,0,0.95945597,0.040544003
0,0,0.986306,0.013693979
0,0,0.99669284,0.0033071497
0,0,0.9966876,0.0033124194
0,0,0.996682,0.0033179985
0,0,0.9966137,0.0033863361
0,0,0.9966928,0.0033072315
0,0,0.9797294,0.020270599
0,0,0.9945728,0.0054272036
0,0,0.99549437,0.0045056352
0,0,0.9968008,0.0031992092
0,0,0.99669665,0.0033033704
0,0,0.99629503,0.0037049395
0,0,0.9966823,0.0033177305
0,0,0.99454874,0.0054512755
0,0,0.99504066,0.0049593262
0,0,0.9966971,0.0033029008
0,0,0.9955766,0.0044234046
0,0,0.9966783,0.0033217361
0,0,0.9965708,0.0034291768
0,0,0.9948703,0.0051296754
0,0,0.9967678,0.0032321576
0,0,0.9966876,0.0033124194
0,0,0.9964184,0.0035816128
1,1,0.003575027,0.996425
0,0,0.99348336,0.006516613
0,0,0.9964966,0.00350338
0,0,0.9917989,0.0082011055
0,0,0.9950158,0.0049842275
0,0,0.99447,0.0055299727
0,0,0.99568295,0.004317032
0,0,0.9966016,0.0033984026
0,0,0.99603117,0.0039688186
0,0,0.99646926,0.003530722
0,0,0.996706,0.0032939937
0,0,0.99666965,0.0033303543
0,0,0.9966768,0.0033231827
0,0,0.9965818,0.0034182046
0,0,0.996339,0.0036609995
0,0,0.9964605,0.0035395068
0,0,0.99375975,0.006240239
0,0,0.9951619,0.004838133
0,0,0.9958246,0.004175428
0,0,0.99672514,0.0032748512
0,0,0.9945003,0.005499697
0,0,0.9962796,0.0037204148
0,0,0.9936766,0.0063233706
0,0,0.99363613,0.0063638394
0,0,0.99312115,0.006878873
0,0,0.9966661,0.0033338983
0,0,0.9967411,0.0032589082
0,0,0.9966759,0.003324083
0,0,0.9966873,0.003312709
0,0,0.99277854,0.00722149
0,0,0.98974746,0.010252515
0,0,0.9966461,0.0033539203
0,0,0.9960619,0.003938083
0,0,0.99668026,0.0033197128
0,0,0.996663,0.0033370259
0,0,0.9922371,0.007762898
0,0,0.9967237,0.003276274
0,0,0.99600697,0.0039930195
0,0,0.99702364,0.0029763652
0,0,0.99582845,0.0041715596
0,0,0.99658704,0.0034129703
0,0,0.9941992,0.0058008046
0,0,0.9966604,0.0033395896
0,0,0.99685377,0.0031462244
0,0,0.99669665,0.0033033704
0,0,0.9966928,0.0033072315
0,0,0.99646837,0.00353165
0,0,0.996688,0.0033119929
0,0,0.87088704,0.12911296
0,0,0.9967156,0.0032844217
0,0,0.9742839,0.025716139
0,0,0.9652506,0.034749392
0,0,0.9965851,0.0034149543
0,0,0.9967076,0.0032923706
0,0,0.9958499,0.004150081
0,0,0.99104035,0.008959641
0,0,0.9965853,0.0034147142
0,0,0.9964572,0.003542771
0,0,0.99663925,0.0033607746
0,0,0.99647135,0.0035286373
0,0,0.9964507,0.003549295
0,0,0.984876,0.015124035
0,0,0.9966967,0.0033033155
0,0,0.99663746,0.0033625322
0,0,0.996654,0.0033460143
0,0,0.9966661,0.0033338966
0,0,0.9909013,0.009098724
0,0,0.9966681,0.0033319278
0,0,0.9917628,0.008237181
0,0,0.9965472,0.0034527718
0,0,0.99658704,0.0034129703
0,0,0.99668527,0.003314744
0,0,0.9966872,0.003312802
0,0,0.9961072,0.0038927956
0,0,0.99669665,0.0033033704
0,0,0.9955306,0.0044694194
0,0,0.9966814,0.0033186153
0,0,0.9968064,0.0031936122
0,0,0.9966775,0.0033224956
0,0,0.99552023,0.004479783
0,0,0.99658704,0.0034129703
0,0,0.99603087,0.003969158
0,0,0.99669665,0.0033033704
0,0,0.9966917,0.0033082862
0,0,0.99598813,0.0040118974
0,0,0.9966374,0.0033625928
0,0,0.97731805,0.022681976
0,0,0.99669284,0.0033071497
0,0,0.9968696,0.0031303596
0,0,0.99484026,0.005159716
0,0,0.9917502,0.008249796
0,0,0.99625266,0.0037473193
0,0,0.9949879,0.0050120936
0,0,0.95429575,0.04570426
0,0,0.9966794,0.0033205699
0,0,0.99467224,0.0053277635
0,0,0.996688,0.0033119929
0,0,0.99658924,0.0034107459
0,0,0.99491924,0.0050807456
0,0,0.99548215,0.004517849
0,0,0.9845274,0.015472572
0,0,0.99641496,0.0035850175
0,0,0.9952367,0.0047632903
0,0,0.99641997,0.0035800152
0,0,0.99660957,0.0033904552
0,0,0.99288726,0.0071127317
0,0,0.9967173,0.0032827256
0,0,0.99652886,0.0034711163
0,0,0.9801062,0.019893823
0,0,0.99451786,0.005482147
0,0,0.99669665,0.0033033704
0,0,0.99587715,0.0041228347
0,0,0.99619025,0.0038097661
0,0,0.99623865,0.0037613253
0,0,0.9962217,0.003778295
0,0,0.996689,0.0033109589
0,0,0.9946888,0.0053112125
0,0,0.99646837,0.003531628
0,0,0.9958616,0.0041384324
0,0,0.9955245,0.004475475
0,0,0.99507225,0.004927729
0,0,0.99675274,0.0032472382
0,0,0.9959678,0.0040322174
0,0,0.98884,0.011160005
0,0,0.99510676,0.004893231
0,0,0.9958799,0.0041201296
0,0,0.99667424,0.0033257531
0,0,0.9956707,0.0043293205
0,0,0.99658316,0.0034168179
0,0,0.99627924,0.0037207596
0,0,0.9966872,0.003312802
0,0,0.9943143,0.0056856778
0,0,0.9839581,0.01604187
0,0,0.99560076,0.004399236
0,0,0.962537,0.037462987
0,0,0.99658704,0.0034129703
0,0,0.99668413,0.0033158641
0,0,0.9958081,0.004191863
0,0,0.99669665,0.0033033704
0,0,0.99669284,0.0033071497
0,0,0.9966995,0.0033004875
0,0,0.99655306,0.0034469229
0,0,0.9966905,0.0033095034
0,0,0.9961201,0.0038799017
0,0,0.99672925,0.0032707541
0,0,0.99648565,0.0035143292
0,0,0.9968338,0.0031661792
0,0,0.99535716,0.0046428465
0,0,0.99665433,0.0033456963
0,0,0.9951472,0.004852764
0,0,0.9860085,0.013991451
0,0,0.9966565,0.003343493
0,0,0.9967259,0.00327407
0,0,0.9956039,0.004396077
0,0,0.99688363,0.003116343
0,0,0.996722,0.0032780126
0,0,0.9956391,0.004360906
0,0,0.99668473,0.0033152462
0,0,0.9966752,0.0033248065
0,0,0.9968281,0.0031719138
0,0,0.98698723,0.013012796
0,0,0.9968366,0.0031634113
0,0,0.9951213,0.0048786877
0,0,0.9951749,0.0048250877
0,0,0.9951434,0.0048566153
0,0,0.9302676,0.069732435
0,0,0.99279225,0.007207751
0,0,0.98665524,0.0133447535
0,0,0.9966682,0.003331779
0,0,0.99009037,0.009909608
0,0,0.9959525,0.004047526
0,0,0.99669284,0.0033071497
0,0,0.99668944,0.003310572
0,0,0.9952525,0.004747506
0,0,0.9651475,0.03485251
0,0,0.99667954,0.0033204688
0,0,0.99513745,0.004862549
0,0,0.99080527,0.009194745
0,0,0.996092,0.0039079534
0,0,0.9942824,0.0057175974
0,0,0.9742757,0.025724305
0,0,0.9966876,0.0033124194
0,0,0.9965863,0.003413658
0,0,0.99575835,0.0042416556
0,0,0.996221,0.0037790148
0,0,0.9966155,0.0033844556
0,0,0.9960213,0.0039787027
0,0,0.99586123,0.0041387547
0,0,0.9960716,0.0039284057
0,0,0.9966844,0.0033156136
0,1,0.0033762455,0.99662375
0,0,0.9966974,0.0033025714
0,0,0.9966554,0.0033446182
0,0,0.99668896,0.0033110154
0,0,0.99642605,0.0035739834
0,0,0.99669284,0.0033071497
0,0,0.9964527,0.0035473292
0,0,0.9966604,0.0033395896
0,0,0.9966682,0.0033317837
0,0,0.9966687,0.0033312757
0,0,0.99667215,0.0033278703
0,0,0.9961655,0.0038344758
0,0,0.99674976,0.0032502462
0,0,0.9966806,0.0033194069
0,0,0.9968011,0.0031989282
0,0,0.9952238,0.0047761514
0,0,0.9966564,0.0033435677
0,0,0.9918096,0.0081903925
0,0,0.99115825,0.008841779
0,0,0.9963753,0.003624667
0,0,0.99522,0.0047799903
0,0,0.99171925,0.008280729
0,0,0.993934,0.0060660173
0,0,0.99616855,0.0038314315
0,0,0.9966434,0.0033565592
0,0,0.9945819,0.0054181353
0,0,0.9959288,0.004071151
0,0,0.9750963,0.02490373
0,0,0.9966951,0.003304922
0,0,0.9959825,0.004017486
0,0,0.99643826,0.0035617272
0,0,0.9964104,0.003589577
0,0,0.9951137,0.004886342
0,0,0.99669164,0.0033083558
0,0,0.99665713,0.0033428497
0,0,0.996604,0.0033959844
0,0,0.9490104,0.050989624
0,0,0.99562824,0.0043717846
0,0,0.996682,0.0033179985
0,0,0.9966928,0.0033072315
0,0,0.99182075,0.008179275
0,0,0.99656343,0.003436544
0,0,0.9928346,0.0071653933
0,0,0.99635386,0.0036461118
0,0,0.99599636,0.0040036687
0,0,0.99572307,0.0042769415
0,0,0.98468643,0.015313557
0,0,0.9702255,0.029774485
0,0,0.99668974,0.0033102902
0,0,0.9939454,0.0060545774
0,0,0.99667704,0.0033229569
0,0,0.9969419,0.0030580782
0,0,0.9968009,0.003199109
0,0,0.99667054,0.0033294712
0,0,0.99728847,0.002711521
0,0,0.99577266,0.004227318
0,1,0.3239081,0.6760919
0,0,0.9966767,0.0033233056
0,0,0.99665093,0.0033490767
0,0,0.99658924,0.0034107459
0,0,0.9948532,0.005146821
0,0,0.99409634,0.005903651
0,0,0.9958434,0.0041565853
0,0,0.9966928,0.0033072315
0,0,0.996363,0.003637013
0,0,0.9923576,0.0076423874
0,0,0.99685407,0.00314593
0,0,0.9966876,0.0033124194
0,0,0.9961046,0.0038953791
0,0,0.9966928,0.0033072315
0,0,0.99570787,0.0042921375
0,0,0.9954633,0.004536696
0,0,0.99630487,0.0036951327
0,0,0.99430174,0.0056982697
0,0,0.9952969,0.0047030887
0,0,0.99669147,0.003308552
0,0,0.9962875,0.00371247
0,0,0.9894349,0.010565079
0,0,0.99401295,0.005987074
0,0,0.9966675,0.0033325234
0,0,0.99669665,0.0033033704
0,0,0.99313104,0.0068689315
0,0,0.9963993,0.003600692
0,0,0.99662995,0.003370056
0,0,0.9933295,0.006670505
0,0,0.9966748,0.0033251953
0,0,0.9967715,0.0032284572
0,0,0.99222505,0.007774939
0,0,0.9905851,0.009414924
0,0,0.99652165,0.0034783562
0,0,0.9966787,0.0033213133
0,0,0.99646705,0.0035329254
0,0,0.9961998,0.003800208
0,0,0.9966763,0.0033237038
0,0,0.9962761,0.0037239261
0,0,0.99657446,0.0034255644
0,0,0.9966809,0.0033191086
0,0,0.99298376,0.0070162322
0,0,0.99594915,0.0040508797
0,0,0.99597347,0.004026553
0,0,0.9966011,0.0033989004
0,0,0.9939251,0.0060748872
0,0,0.97935283,0.020647155
0,0,0.99686325,0.0031367603
0,0,0.9962322,0.0037677633
0,0,0.99657774,0.003422234
0,0,0.9962826,0.0037174092
0,0,0.9943213,0.0056787375
0,0,0.9966622,0.0033377951
0,0,0.9967224,0.0032776215
0,0,0.99480695,0.0051930766
0,0,0.99652374,0.0034762514
0,0,0.9966955,0.0033045057
0,0,0.9966721,0.003327932
0,0,0.9966834,0.0033165922
0,0,0.99518836,0.0048116725
0,0,0.9963224,0.0036776264
0,0,0.9958408,0.004159219
0,0,0.9955879,0.004412126
0,0,0.9966752,0.0033248065
0,0,0.99668485,0.0033151282
0,0,0.99656147,0.0034385205
0,0,0.99669665,0.0033033704
0,0,0.9946283,0.0053717196
0,0,0.99208724,0.007912781
0,0,0.9966849,0.003315106
0,0,0.9961249,0.0038750889
0,0,0.9966801,0.003319945
0,0,0.9964603,0.0035396987
0,0,0.94433486,0.05566513
0,0,0.996431,0.003568984
0,0,0.78766483,0.21233515
0,0,0.9956898,0.0043101856
0,0,0.9959612,0.004038791
0,0,0.996688,0.0033119929
0,0,0.99380547,0.0061945454
0,0,0.9947575,0.0052425154
0,0,0.99668616,0.0033138632
0,0,0.9962701,0.0037299055
0,0,0.9960002,0.0039998144
0,0,0.9953289,0.0046710935
0,0,0.9968731,0.0031269004
0,0,0.9962783,0.0037217299
0,0,0.99617344,0.0038265444
0,0,0.9919738,0.008026161
0,0,0.9966366,0.0033633949
0,0,0.99568063,0.004319355
0,0,0.99238867,0.007611328
0,0,0.9966928,0.0033072315
0,0,0.9968731,0.0031269004
0,0,0.99667346,0.0033265231
0,0,0.99668384,0.0033161507
0,0,0.99669665,0.0033033704
0,0,0.98642874,0.013571275
0,0,0.9961805,0.0038195509
0,0,0.9966634,0.0033365835
0,0,0.99668944,0.003310572
0,0,0.99664474,0.003355285
0,0,0.9954026,0.004597439
0,0,0.99612576,0.0038742519
0,0,0.99663764,0.0033623578
0,0,0.99666053,0.0033394895
0,0,0.9947532,0.0052468395
0,0,0.9962762,0.0037238009
0,0,0.99669147,0.003308552
0,0,0.9962549,0.0037450932
0,0,0.996586,0.003413984
0,0,0.99668944,0.003310572
0,0,0.99668944,0.003310572
0,0,0.98590326,0.014096731
0,0,0.9965451,0.00345493
0,0,0.996683,0.0033169738
0,0,0.9968294,0.003170604
0,0,0.99397486,0.0060251295
0,0,0.9763488,0.023651205
0,0,0.9959906,0.00400944
0,0,0.9950155,0.004984471
0,0,0.9965699,0.0034301449
0,0,0.9966785,0.0033215247
0,0,0.99463135,0.0053686304
0,0,0.99668384,0.0033161507
0,0,0.9964889,0.0035110929
0,0,0.9966602,0.0033397994
0,0,0.9966757,0.0033242567
0,0,0.9966787,0.0033213133
0,0,0.9966996,0.0033004265
0,0,0.9966746,0.0033254072
0,0,0.98246133,0.017538695
0,0,0.98158616,0.01841386
0,0,0.99669147,0.003308552
0,0,0.99669284,0.0033071497
0,0,0.99665576,0.003344256
0,0,0.9966074,0.003392594
0,0,0.9966748,0.0033251953
0,0,0.9966928,0.0033072315
0,0,0.99673957,0.0032604514
0,0,0.9966809,0.0033191086
0,0,0.9966456,0.0033543634
0,0,0.99432296,0.0056770607
0,0,0.9966509,0.0033491005
0,0,0.9926911,0.0073088985
0,0,0.99477744,0.0052225403
0,0,0.9952482,0.004751798
0,0,0.98887336,0.011126634
0,0,0.99531364,0.004686358
0,0,0.9958767,0.0041232556
0,0,0.99570906,0.004290966
0,0,0.9958266,0.004173412
0,0,0.95275897,0.047241032
0,0,0.9941018,0.005898191
0,0,0.99683183,0.003168171
0,0,0.9966604,0.0033395896
0,0,0.99645495,0.0035450293
0,0,0.9964975,0.003502478
0,0,0.9965819,0.0034181091
0,0,0.99669665,0.0033033704
0,0,0.9964403,0.0035596834
0,0,0.9913197,0.008680272
0,0,0.99668705,0.003312928
0,0,0.99529505,0.0047049527
0,0,0.9960101,0.00398985
0,0,0.98581874,0.014181276
0,0,0.9953065,0.0046935114
0,0,0.9966548,0.0033451903
0,0,0.99668413,0.0033158641
0,0,0.9813636,0.01863642
0,0,0.9966043,0.003395668
0,0,0.99568015,0.004319864
0,0,0.99359745,0.006402535
0,0,0.9713549,0.028645119
0,0,0.9958462,0.0041537657
0,0,0.9964059,0.0035941217
0,0,0.99115294,0.008847059
0,0,0.99582136,0.004178631
0,0,0.9969016,0.0030984255
0,0,0.995867,0.0041330084
0,0,0.9913813,0.008618709
0,0,0.9967363,0.003263695
0,0,0.9934742,0.0065258346
0,0,0.99657416,0.003425861
0,0,0.995969,0.0040309806
0,0,0.9964906,0.0035093965
0,0,0.9966138,0.003386188
0,0,0.9966604,0.0033395896
0,0,0.99669665,0.0033033704
0,0,0.9968221,0.0031778929
0,0,0.9967093,0.0032906875
0,0,0.9720508,0.027949236
0,0,0.9920851,0.007914896
0,0,0.9925442,0.007455829
0,0,0.9965156,0.0034844573
0,0,0.9965116,0.003488405
0,0,0.99666435,0.003335634
0,0,0.99664855,0.0033514523
0,0,0.99515694,0.004843058
0,0,0.9964167,0.0035833113
0,0,0.99669665,0.0033033704
0,0,0.99612486,0.0038751261
0,0,0.99651265,0.0034873213
0,0,0.9965677,0.003432268
0,0,0.99094254,0.009057443
0,0,0.9965668,0.003433229
0,0,0.9920677,0.007932315
0,0,0.99555063,0.0044493848
1,1,0.0033762455,0.99662375
0,0,0.995668,0.0043319953
0,0,0.9959555,0.004044488
0,0,0.9968582,0.003141819
0,0,0.99004763,0.009952343
0,0,0.99076444,0.009235543
0,0,0.99635667,0.003643355
0,0,0.92005134,0.07994869
0,0,0.9965738,0.0034261732
0,0,0.99686176,0.003138253
0,0,0.99446,0.0055400277
0,0,0.99569017,0.0043098233
0,0,0.9943772,0.005622832
0,0,0.99553007,0.0044699097
0,0,0.99702936,0.0029706287
0,0,0.9959754,0.004024632
0,0,0.9951867,0.0048132986
0,0,0.996324,0.0036760108
0,0,0.99665946,0.003340531
0,0,0.9959141,0.0040858765
0,0,0.99430406,0.0056959386
0,0,0.99669665,0.0033033704
0,0,0.99671495,0.0032850243
0,0,0.9908617,0.00913828
0,0,0.99460083,0.005399141
0,0,0.99592775,0.0040722373
0,0,0.9913551,0.008644889
0,0,0.9966033,0.0033966657
0,0,0.9966748,0.0033251953
0,0,0.9953121,0.004687897
0,0,0.9965699,0.0034301449
0,0,0.99509233,0.0049076574
0,0,0.9966863,0.0033137028
0,0,0.9907765,0.009223517
0,0,0.995295,0.0047050063
0,0,0.99663436,0.0033656221
0,0,0.99667996,0.0033200237
0,0,0.9956743,0.0043256776
0,0,0.9958516,0.0041484414
0,0,0.9966872,0.003312802
0,0,0.99587107,0.0041289143
0,0,0.9962953,0.0037047477
0,0,0.9961683,0.0038316937
0,0,0.99593395,0.0040660496
0,0,0.9965192,0.0034807767
0,0,0.9959492,0.0040507643
0,0,0.9966868,0.0033131547
0,0,0.9966602,0.0033397994
0,0,0.99611104,0.0038889628
0,0,0.99663025,0.0033697754
0,0,0.9947918,0.0052081943
0,0,0.9922005,0.007799488
0,0,0.99622256,0.0037774495
0,0,0.99669284,0.0033071497
0,0,0.99433506,0.005664966
0,0,0.9964316,0.0035684009
0,0,0.9964561,0.0035439392
0,0,0.9966555,0.0033444515
0,0,0.99647933,0.0035206804
0,0,0.9815221,0.018477887
0,0,0.9961534,0.0038465725
0,0,0.997175,0.0028249933
0,0,0.9940138,0.005986206
0,0,0.99625224,0.003747777
0,0,0.9944424,0.0055575883
0,0,0.99677014,0.0032298646
0,0,0.9908343,0.009165699
0,0,0.99663305,0.0033669549
0,0,0.9691108,0.030889232
0,0,0.9870364,0.012963569
0,0,0.99500304,0.0049969736
0,0,0.99658525,0.0034147338
0,0,0.99684244,0.0031575675
0,0,0.9967508,0.0032492143
0,0,0.9963641,0.0036358915
0,0,0.99652153,0.0034784456
0,0,0.9969017,0.0030983165
0,0,0.9966449,0.0033550793
0,0,0.99602664,0.003973336
0,0,0.9965159,0.0034840468
0,0,0.99652773,0.0034722674
0,0,0.9786607,0.021339312
0,0,0.9935286,0.006471398
0,0,0.9967569,0.0032430675
0,0,0.99669665,0.0033033704
0,0,0.99091744,0.009082535
0,0,0.99433535,0.005664647
0,0,0.99592906,0.0040709497
0,0,0.9966752,0.0033248065
0,0,0.9966748,0.0033251953
0,0,0.9966446,0.0033553904
0,0,0.99592316,0.0040768543
0,0,0.9965158,0.003484212
0,0,0.9898467,0.010153318
0,0,0.99669665,0.0033033704
0,0,0.99660003,0.0033999535
0,0,0.9966659,0.003334103
0,0,0.99668413,0.0033158641
0,0,0.9963119,0.003688095
0,0,0.9964901,0.0035098768
0,0,0.99665314,0.0033468683
0,0,0.99669665,0.0033033704
0,0,0.95056826,0.04943172
0,0,0.99493635,0.005063658
0,0,0.99408644,0.0059135742
0,0,0.7124,0.28759998
0,0,0.99667794,0.0033220788
0,0,0.9954745,0.0045255115
0,0,0.995199,0.00480096
0,0,0.9964155,0.003584529
0,0,0.9965836,0.0034164025
0,0,0.9841736,0.015826382
0,0,0.996637,0.003362997
0,0,0.99646044,0.0035395622
0,0,0.9967165,0.003283493
0,0,0.99638546,0.003614574
0,0,0.992881,0.007119029
0,0,0.9966952,0.0033047695
0,0,0.99669665,0.0033033704
0,0,0.99672455,0.0032754336
0,0,0.996669,0.0033309953
0,0,0.99605256,0.0039474517
0,0,0.9967877,0.003212254
0,0,0.9963229,0.0036771514
0,0,0.9968544,0.0031455904
0,0,0.9963566,0.0036434138
0,0,0.99649894,0.003501072
0,0,0.9963459,0.0036541324
0,0,0.9952077,0.004792278
0,0,0.9913563,0.0086436635
0,0,0.9851949,0.014805099
0,0,0.81527174,0.18472825
0,0,0.99669343,0.003306573
0,0,0.99674135,0.0032586607
0,0,0.99666405,0.0033359572
0,0,0.9966748,0.0033251953
0,0,0.9966548,0.0033451903
0,0,0.9960781,0.003921909
0,0,0.9956805,0.004319482
0,0,0.99716353,0.0028364733
0,0,0.99592674,0.00407327
0,0,0.9930136,0.0069864066
0,0,0.9966931,0.0033069456
0,0,0.99670225,0.0032977639
0,0,0.99668384,0.0033161507
0,0,0.99511975,0.0048802416
0,0,0.99212646,0.007873562
0,0,0.9963964,0.0036035688
0,0,0.99653476,0.003465262
0,0,0.99653924,0.0034607681
0,0,0.99687773,0.0031222873
0,0,0.9919709,0.008029082
0,0,0.9959096,0.004090443
0,0,0.9848479,0.015152125
0,0,0.9814986,0.01850139
0,0,0.99664617,0.003353844
0,0,0.99686605,0.0031339717
0,0,0.9966548,0.0033451903
0,0,0.9957005,0.0042995065
0,0,0.9964984,0.0035015943
0,0,0.9922784,0.007721584
0,0,0.9968911,0.0031089243
0,0,0.9966748,0.0033251953
0,0,0.99670225,0.003297742
0,0,0.9912425,0.0087575
0,0,0.996688,0.0033119929
0,0,0.98955756,0.010442425
0,0,0.9961862,0.0038138109
0,0,0.9966823,0.0033177305
0,0,0.99664044,0.0033595753
0,0,0.9820337,0.017966276
0,0,0.9966468,0.0033531536
0,0,0.99669147,0.003308552
0,0,0.9966739,0.0033261043
0,0,0.995836,0.004163952
0,0,0.9965704,0.0034295777
0,0,0.9966766,0.0033233613
0,0,0.9964417,0.0035582578
0,0,0.9959107,0.0040892735
0,0,0.8513701,0.14862993
0,0,0.99461687,0.0053831325
0,0,0.99667543,0.003324571
0,0,0.9966675,0.0033325234
0,0,0.9966662,0.003333832
0,0,0.97610235,0.023897642
0,0,0.99471134,0.005288669
0,0,0.99423313,0.005766856
0,0,0.99631953,0.0036804422
0,0,0.99584365,0.0041563604
0,0,0.99628687,0.0037131312
0,0,0.9963593,0.00364073
0,0,0.9966776,0.0033224039
0,0,0.99647427,0.0035257163
0,0,0.9965023,0.0034977265
0,0,0.99227023,0.0077297976
0,0,0.9945345,0.005465525
0,0,0.9963015,0.0036985117
0,0,0.9966891,0.003310907
0,0,0.9966752,0.0033248065
0,0,0.99149,0.008509979
0,0,0.9943504,0.0056496505
0,0,0.9966587,0.003341301
0,0,0.99448425,0.005515744
0,0,0.99558437,0.004415606
0,0,0.99667704,0.0033229664
0,0,0.9942223,0.0057777315
0,0,0.987703,0.012296969
0,0,0.99660957,0.003390428
0,0,0.9942646,0.0057353755
0,0,0.99669665,0.0033033704
0,0,0.99567527,0.0043247147
0,0,0.82937664,0.17062335
0,0,0.9967112,0.0032888206
0,0,0.9942975,0.005702478
0,0,0.99667037,0.0033296342
0,0,0.9964274,0.0035725725
0,0,0.9966849,0.003315106
0,0,0.9914265,0.008573472
0,0,0.99669665,0.0033033704
0,0,0.99034774,0.009652268
0,0,0.9966925,0.0033074925
0,0,0.99667925,0.0033207468
0,0,0.9964356,0.0035644188
0,0,0.99637455,0.0036254765
0,0,0.9966748,0.0033251953
0,0,0.996715,0.0032849698
0,0,0.9966905,0.0033094739
0,0,0.9950342,0.004965799
0,0,0.99506646,0.0049335356
0,0,0.9923894,0.007610622
0,0,0.99062383,0.009376158
0,0,0.9966663,0.0033336605
0,0,0.99661565,0.0033843492
0,0,0.9966191,0.0033808947
0,0,0.9966863,0.0033137028
0,0,0.9926158,0.007384159
0,0,0.9966864,0.0033136113
0,0,0.9965708,0.0034291768
0,0,0.99623656,0.003763416
0,0,0.9966904,0.0033095854
0,0,0.9944952,0.0055047614
0,0,0.9935492,0.0064507914
0,0,0.99681544,0.0031845688
0,0,0.9964231,0.003576895
0,0,0.9866319,0.013368104
0,0,0.98899704,0.011002964
0,0,0.964618,0.03538196
0,0,0.9959845,0.0040154806
0,0,0.9957115,0.0042884685
0,0,0.9966962,0.0033038494
0,0,0.99651235,0.0034876494
0,0,0.9967076,0.0032923706
0,0,0.99626917,0.0037308517
0,0,0.966932,0.033067975
0,0,0.9966811,0.0033189005
0,0,0.9956018,0.004398225
0,0,0.9963829,0.003617108
0,0,0.9958679,0.004132117
0,0,0.99295795,0.007042029
0,0,0.9900719,0.00992811
0,0,0.9966973,0.0033026736
0,0,0.996324,0.003675988
0,0,0.99642843,0.0035715508
0,0,0.9898611,0.0101389075
0,0,0.9966063,0.0033936934
0,0,0.99601847,0.0039815325
0,0,0.9966839,0.0033160893
0,0,0.992083,0.007916986
0,0,0.99307865,0.0069213216
0,0,0.99667853,0.0033214476
0,0,0.99578017,0.00421984
0,0,0.99642754,0.0035724926
0,0,0.9963769,0.0036231535
0,0,0.99669665,0.0033033704
0,0,0.996267,0.003732972
0,0,0.9966962,0.0033038494
0,0,0.99585825,0.004141755
0,0,0.996604,0.0033959844
0,0,0.9965912,0.0034087915
0,0,0.99656963,0.0034303388
0,0,0.9907516,0.009248397
0,0,0.9966604,0.0033395896
0,0,0.99669665,0.0033033704
0,1,0.0042871237,0.9957129
0,0,0.9966844,0.0033156418
0,0,0.9963878,0.0036122012
0,0,0.99669665,0.0033033704
0,0,0.99659526,0.0034047472
0,0,0.9967077,0.0032923126
0,0,0.9967013,0.0032987124
0,0,0.9943803,0.005619714
0,0,0.9956431,0.0043568993
0,0,0.9897799,0.010220089
0,0,0.9959671,0.0040329336
0,0,0.9964861,0.0035138952
0,0,0.9961779,0.0038220952
0,0,0.99656737,0.003432617
0,0,0.9966625,0.0033375286
0,0,0.98300403,0.016995957
0,0,0.99665606,0.0033439174
0,0,0.99657476,0.003425221
0,0,0.99647915,0.0035208294
0,0,0.9966733,0.003326697
0,0,0.9966559,0.0033441018
0,0,0.9966872,0.003312802
0,0,0.9963921,0.0036078994
0,0,0.9967025,0.0032975369
0,0,0.98850745,0.0114925485
0,0,0.98479694,0.015203085
0,0,0.97158813,0.028411843
0,0,0.9963552,0.0036448229
0,0,0.9966716,0.0033283764
0,0,0.99659294,0.0034070765
0,0,0.99648714,0.0035128584
0,0,0.9965758,0.003424256
0,0,0.99672323,0.0032767397
0,0,0.9964329,0.0035671126
0,0,0.9955818,0.004418177
0,0,0.9966795,0.0033205333
0,0,0.9965318,0.0034681943
0,0,0.9965187,0.0034813096
0,0,0.9966777,0.0033222982
0,0,0.9877257,0.012274328
0,0,0.99617755,0.0038224168
0,0,0.9966208,0.0033792064
0,0,0.99635696,0.003643026
0,0,0.9933111,0.006688918
0,0,0.9965708,0.0034291768
0,0,0.9967085,0.003291474
0,0,0.9967129,0.0032870704
0,0,0.9964905,0.00350951
0,0,0.99669397,0.003306061
0,0,0.9958836,0.0041163927
0,0,0.9964578,0.0035422004
0,0,0.99666506,0.0033349204
0,0,0.99645644,0.0035435676
0,0,0.99666005,0.0033399342
0,0,0.98289746,0.017102512
0,0,0.9935409,0.006459088
0,0,0.9966928,0.0033072315
0,0,0.99656767,0.0034323607
0,0,0.99648297,0.003517049
0,0,0.99669665,0.0033033704
0,0,0.99436736,0.0056326548
0,0,0.9799527,0.020047314
0,0,0.9956993,0.0043006963
0,0,0.99281055,0.0071894336
0,0,0.99464554,0.005354454
0,0,0.9963923,0.0036076817
0,0,0.9957503,0.004249717
0,0,0.9959147,0.0040853196
0,0,0.9964287,0.0035712658
0,0,0.9961313,0.0038687035
0,0,0.99667037,0.0033296468
0,0,0.9966416,0.00335845
0,0,0.99663645,0.0033635676
0,0,0.9961947,0.0038052641
0,0,0.99658847,0.0034115205
0,0,0.9966928,0.0033072315
0,0,0.99667853,0.0033214476
0,0,0.9966868,0.0033131547
0,0,0.9971285,0.0028715148
0,0,0.99666834,0.0033316428
0,0,0.99639016,0.0036098287
0,0,0.99669665,0.0033033704
0,0,0.99253553,0.007464497
0,0,0.9880594,0.0119406255
0,0,0.99701786,0.0029821468
0,0,0.99667734,0.0033226395
0,0,0.9966748,0.0033251953
0,0,0.99667865,0.0033213526
0,0,0.9966806,0.0033194069
0,0,0.99669886,0.0033011544
0,0,0.9957494,0.004250587
0,0,0.9966834,0.003316608
0,0,0.9781348,0.021865178
0,0,0.9966707,0.003329275
0,0,0.9965792,0.0034208046
0,0,0.9966739,0.00332609
0,0,0.9958802,0.0041198228
0,0,0.99532616,0.0046738344
0,0,0.99658537,0.003414659
0,0,0.9947981,0.0052018906
0,0,0.9962299,0.0037700925
0,0,0.99645525,0.0035447495
0,0,0.9961612,0.003838773
0,0,0.9878741,0.012125932
0,0,0.9959496,0.0040503964
0,0,0.99646497,0.0035350544
0,0,0.9152673,0.08473269
0,0,0.9959664,0.0040336424
0,0,0.99634886,0.003651116
0,0,0.996604,0.0033959844
0,0,0.9871775,0.012822488
0,0,0.99677885,0.0032211752
0,0,0.9960954,0.0039046046
0,0,0.9965813,0.0034187017
0,0,0.9965673,0.0034326776
0,0,0.99633217,0.0036678554
0,0,0.99611044,0.0038895556
0,0,0.9966877,0.0033122778
0,0,0.99666065,0.0033393612
0,0,0.94538695,0.054613028
0,0,0.99667454,0.0033254402
0,0,0.99677736,0.0032226315
0,0,0.987339,0.012660979
0,0,0.99608433,0.003915655
0,0,0.99669665,0.0033033704
0,0,0.9968469,0.0031530634
0,0,0.99279624,0.0072037596
0,0,0.9964213,0.0035787362
0,0,0.9966758,0.0033241874
0,0,0.9966454,0.0033546216
0,0,0.99668896,0.0033110154
0,0,0.9964758,0.003524187
0,0,0.9893687,0.010631299
0,0,0.99699223,0.00300778
0,0,0.9926575,0.007342538
0,0,0.98926246,0.010737518
0,0,0.9963023,0.0036977176
0,0,0.99604374,0.003956236
0,0,0.99627286,0.0037271297
0,0,0.9966917,0.0033082739
0,0,0.9962506,0.0037493815
0,0,0.9966928,0.0033072315
0,0,0.9934616,0.006538385
0,0,0.9943013,0.0056986916
0,0,0.99675274,0.0032472569
0,0,0.9822765,0.017723493
0,0,0.99196845,0.008031542
0,0,0.99582523,0.0041747936
0,0,0.99498737,0.00501265
0,0,0.9965817,0.0034183234
0,0,0.9966746,0.0033254072
0,0,0.996567,0.0034329973
0,0,0.9966963,0.0033037127
0,0,0.9963795,0.003620519
0,0,0.99442637,0.0055736424
0,0,0.99583775,0.0041622813
0,0,0.9966548,0.0033451903
0,0,0.995537,0.0044630016
0,0,0.9966876,0.0033124194
0,0,0.99659574,0.003404262
0,0,0.99707776,0.0029222185
0,0,0.9734769,0.026523143
0,0,0.99622405,0.0037759247
0,0,0.99663806,0.0033619201
0,0,0.9966746,0.0033254072
0,0,0.9958765,0.004123508
0,0,0.99649763,0.0035023566
0,0,0.9966198,0.0033801526
0,0,0.99655235,0.003447622
0,0,0.9879038,0.012096242
0,0,0.9867532,0.013246747
0,0,0.9966856,0.0033143908
0,0,0.9971324,0.002867565
0,0,0.99638957,0.0036104547
0,0,0.996682,0.0033179985
0,0,0.99669284,0.0033071497
0,0,0.9966928,0.0033072315
0,0,0.99671096,0.0032890332
0,0,0.9764471,0.023552867
0,0,0.9966832,0.0033168446
0,0,0.99444324,0.005556753
0,0,0.99669665,0.0033033704
0,0,0.99669147,0.003308552
0,0,0.977831,0.022168992
0,0,0.99594873,0.0040512914
0,0,0.99726224,0.0027377764
0,0,0.9944306,0.005569397
0,0,0.9966695,0.0033305048
0,0,0.99666613,0.0033338745
0,0,0.99669665,0.0033033704
0,0,0.9188805,0.08111949
0,0,0.99668896,0.0033110154
0,0,0.9934691,0.006530863
0,0,0.9966738,0.0033262055
0,0,0.996373,0.003626986
0,0,0.87365794,0.12634204
0,0,0.99668705,0.003312928
0,0,0.99656945,0.003430559
0,0,0.9966928,0.0033072315
0,0,0.980397,0.019603003
0,0,0.9937739,0.0062261173
0,0,0.99599093,0.00400909
0,0,0.99372655,0.006273427
0,0,0.9851223,0.014877683
0,0,0.9945115,0.005488504
0,0,0.99370533,0.0062946724
0,0,0.99204594,0.007954033
0,0,0.99656856,0.0034314492
0,0,0.99668723,0.0033127454
0,0,0.99669427,0.0033057213
0,0,0.98963934,0.010360664
0,0,0.9958556,0.004144374
0,0,0.99501354,0.0049864626
0,0,0.9966453,0.0033547173
0,0,0.99609697,0.0039030246
0,0,0.9954888,0.004511182
0,0,0.9966823,0.0033177305
0,0,0.995524,0.0044760397
0,0,0.99551976,0.0044802357
0,0,0.9957822,0.0042178
0,0,0.99668324,0.0033167435
0,0,0.99311155,0.0068884566
0,0,0.99598664,0.0040133474
0,0,0.99669355,0.0033064315
0,0,0.9966524,0.003347557
0,0,0.9963632,0.0036368002
0,0,0.9957983,0.004201719
0,0,0.99554133,0.004458659
0,0,0.99508727,0.0049127103
0,0,0.99610543,0.0038945782
0,0,0.99683803,0.0031619922
0,0,0.9966738,0.0033262055
0,0,0.99667925,0.0033207468
0,0,0.9966752,0.0033248065
0,0,0.99669665,0.0033033704
0,0,0.9961629,0.003837118
0,0,0.993318,0.0066819647
0,0,0.9966132,0.003386769
0,0,0.99664533,0.0033546535
0,0,0.99492705,0.0050729443
0,0,0.99513084,0.0048691477
0,0,0.97150046,0.028499566
0,0,0.9966443,0.0033556644
0,0,0.99433887,0.005661148
0,0,0.99445444,0.005545558
0,0,0.9274607,0.07253936
0,0,0.996505,0.003494972
0,0,0.9952861,0.0047138995
0,0,0.99675304,0.0032469356
0,0,0.99668944,0.003310572
0,0,0.99440694,0.005593043
0,0,0.996866,0.0031340208
0,0,0.9967144,0.0032856006
0,0,0.9945047,0.0054953326
0,0,0.9867393,0.013260722
0,0,0.9968545,0.003145517
0,0,0.9966823,0.0033177305
0,0,0.99667406,0.0033259557
0,0,0.9968441,0.0031558988
0,0,0.99473256,0.0052674664
0,0,0.9794351,0.020564886
0,0,0.9958083,0.0041916957
0,0,0.9966824,0.0033175994
0,0,0.9966374,0.0033625688
0,0,0.99669665,0.0033033704
0,0,0.9965577,0.0034423068
0,0,0.99530184,0.0046981582
0,0,0.98762774,0.0123722255
0,0,0.9966876,0.0033124194
0,0,0.99477404,0.005225938
0,0,0.9966834,0.0033165922
0,0,0.9943857,0.00561431
0,1,0.2915861,0.7084139
0,0,0.99669147,0.003308552
0,0,0.9959927,0.0040072887
0,0,0.996307,0.0036929601
0,0,0.9966938,0.0033062384
0,0,0.9965933,0.0034067235
0,0,0.99667394,0.00332606
0,0,0.99668396,0.0033160688
0,0,0.99704957,0.002950414
0,0,0.99623305,0.0037669651
0,0,0.9702728,0.029727224
0,0,0.9966928,0.0033072315
0,0,0.9957629,0.0042371145
0,0,0.99656945,0.0034305623
0,0,0.9966955,0.0033045057
0,0,0.99669665,0.0033033704
0,0,0.9957136,0.0042863884
0,0,0.9930246,0.0069754217
0,0,0.9930248,0.006975148
0,0,0.9966765,0.0033235222
0,0,0.99668944,0.003310572
0,0,0.99649394,0.003506073
0,0,0.99667925,0.0033207468
0,0,0.99667996,0.0033200237
0,0,0.9966872,0.003312802
0,0,0.99253273,0.0074672806
0,0,0.9960698,0.0039301976
0,0,0.99619704,0.0038029402
0,0,0.9876359,0.012364101
0,0,0.97142124,0.02857876
0,0,0.99621934,0.0037806577
0,0,0.9970197,0.0029803172
0,0,0.9966488,0.0033512148
0,0,0.9963458,0.0036542031
0,0,0.99570256,0.0042974637
0,0,0.995581,0.004419058
0,0,0.9968011,0.0031989282
0,0,0.9933289,0.006671051
0,0,0.9902239,0.009776123
0,0,0.9955547,0.004445327
0,0,0.9504236,0.049576394
0,0,0.99631035,0.0036896667
0,0,0.99665034,0.0033496416
0,0,0.9966876,0.0033124194
0,0,0.99673206,0.0032679539
0,0,0.9798706,0.020129409
0,0,0.994685,0.0053150225
0,0,0.9957956,0.0042043934
0,0,0.99382603,0.0061739637
0,0,0.9966823,0.0033177305
0,0,0.9961663,0.0038337288
0,0,0.996633,0.0033669951
0,0,0.9966416,0.0033584451
0,0,0.9768618,0.023138199
0,0,0.99658316,0.0034168179
0,0,0.99630815,0.003691841
0,0,0.99280757,0.007192453
0,0,0.9966834,0.0033165922
0,0,0.99230975,0.0076902453
0,0,0.9959168,0.0040832097
0,0,0.99588186,0.0041181482
0,0,0.99669284,0.0033071404
0,0,0.9966752,0.0033248065
0,0,0.9964694,0.0035306448
0,0,0.99669284,0.0033071497
0,0,0.9966928,0.0033072315
0,0,0.9966724,0.0033276316
0,0,0.9951296,0.004870414
0,0,0.9966589,0.0033410804
0,0,0.9966566,0.0033434092
0,0,0.99668896,0.0033110154
0,0,0.995851,0.0041490328
0,0,0.9969977,0.0030022697
0,0,0.9966556,0.003344423
0,0,0.99485713,0.0051428475
0,0,0.9962921,0.0037078673
0,0,0.99131393,0.008686089
0,0,0.99664205,0.0033579506
0,0,0.995436,0.0045639924
0,0,0.99392456,0.0060754516
0,0,0.99317575,0.006824249
0,0,0.99362975,0.0063702646
0,0,0.9904618,0.009538199
0,0,0.99670166,0.0032983252
0,0,0.9944457,0.005554303
0,0,0.9966811,0.003318883
0,0,0.977389,0.022611026
0,0,0.99449474,0.0055052703
0,0,0.99477065,0.005229348
0,0,0.9964786,0.003521405
0,0,0.9966589,0.0033410804
0,0,0.993165,0.0068349806
0,0,0.9965093,0.0034906617
0,0,0.9884144,0.011585567
0,0,0.99668384,0.0033161507
0,0,0.99107796,0.008922062
0,0,0.9950718,0.0049281875
0,0,0.9933432,0.006656822
0,0,0.996757,0.0032430121
0,0,0.9858503,0.014149752
0,0,0.9929144,0.007085648
0,0,0.99678236,0.0032176357
0,0,0.98997396,0.010026034
0,0,0.9957816,0.0042183753
0,0,0.99666125,0.003338782
0,0,0.9966904,0.0033095854
0,0,0.9966855,0.003314509
0,0,0.9910703,0.008929747
0,0,0.9966132,0.0033867965
0,0,0.99612355,0.0038764311
0,0,0.99578583,0.004214193
0,0,0.9282228,0.07177721
0,0,0.9883165,0.011683502
0,0,0.9960122,0.0039877985
0,0,0.9955857,0.0044143046
0,0,0.9873873,0.012612722
0,0,0.99267155,0.007328438
0,0,0.99668413,0.0033158641
0,0,0.9958414,0.0041586286
0,0,0.9958774,0.004122592
0,0,0.99669147,0.003308552
0,0,0.99667984,0.0033201848
0,0,0.97643596,0.023564067
0,0,0.9947296,0.005270443
0,0,0.99595714,0.0040428573
0,0,0.9965693,0.003430753
0,0,0.99669665,0.0033033704
0,0,0.9926655,0.0073344447
0,0,0.9961081,0.0038918694
0,0,0.99645996,0.0035400402
0,0,0.99635017,0.0036498273
0,0,0.97735363,0.022646371
0,0,0.9950485,0.0049514687
0,0,0.99576396,0.0042360323
0,0,0.99480283,0.0051971655
0,0,0.99669003,0.0033099472
0,0,0.99675465,0.0032453525
0,0,0.9966721,0.0033278924
0,0,0.9960729,0.003927087
0,0,0.99647975,0.003520259
0,0,0.99669427,0.0033057213
0,0,0.9965638,0.0034361929
0,0,0.99257946,0.0074205613
0,0,0.99470055,0.005299479
0,0,0.9954973,0.0045027123
0,0,0.98474556,0.015254444
0,0,0.9966682,0.0033317837
0,0,0.9966461,0.0033539203
0,0,0.9855188,0.014481207
0,0,0.9964962,0.0035038262
0,0,0.996585,0.0034150127
0,0,0.9966817,0.0033182949
0,0,0.99549335,0.0045066513
0,0,0.9957512,0.004248807
0,0,0.99415386,0.005846168
0,0,0.9961088,0.003891252
0,0,0.99667865,0.0033213715
0,0,0.9633528,0.036647204
0,0,0.99667954,0.0033204688
0,0,0.9966748,0.0033252505
0,0,0.99375737,0.0062426315
0,0,0.9953571,0.004642886
0,0,0.9966634,0.0033366182
0,0,0.9862154,0.01378458
0,0,0.99598587,0.0040141195
0,0,0.9965106,0.0034893614
0,0,0.99384403,0.006155967
0,0,0.9944026,0.0055974205
0,0,0.9960787,0.00392127
0,0,0.9933988,0.006601222
0,0,0.99639416,0.0036058603
0,0,0.99669296,0.003307018
0,0,0.9967505,0.00324952
0,0,0.9966697,0.0033302782
0,0,0.99669665,0.0033033704
0,0,0.9961042,0.0038958145
0,0,0.9966705,0.0033295155
0,0,0.99669665,0.0033033704
0,0,0.99668896,0.0033110154
0,0,0.9888645,0.011135493
0,0,0.9965224,0.003477568
0,0,0.99669355,0.0033064315
0,0,0.9966834,0.0033165922
0,0,0.99577075,0.0042292555
0,0,0.99657834,0.003421689
0,0,0.99667275,0.003327244
0,0,0.9966721,0.003327932
0,0,0.99667907,0.0033209329
0,0,0.99666256,0.0033374191
0,0,0.99657714,0.0034228845
0,0,0.9572322,0.042767815
0,0,0.9927476,0.007252423
0,0,0.9966906,0.0033094296
0,0,0.99532944,0.004670566
0,0,0.99641216,0.0035878702
0,0,0.9950769,0.004923106
0,0,0.99667317,0.0033268188
0,0,0.9959428,0.0040572155
0,0,0.9957317,0.0042682975
0,0,0.9966748,0.0033251953
0,0,0.9897721,0.010227916
0,0,0.9947325,0.005267494
0,0,0.9954343,0.004565713
0,0,0.9817167,0.018283295
0,0,0.99669284,0.0033071497
0,0,0.9966733,0.003326686
0,0,0.99618685,0.0038131536
0,0,0.9956376,0.0043624006
0,0,0.99667144,0.0033285758
0,0,0.9947491,0.0052508675
0,0,0.9950814,0.0049185627
0,0,0.99625397,0.0037460078
0,0,0.9962216,0.0037783773
0,0,0.9966879,0.0033121235
0,0,0.99628484,0.0037151603
0,0,0.99241686,0.0075831455
0,0,0.99669284,0.0033071497
0,0,0.99142885,0.008571158
0,0,0.99400175,0.0059982566
0,0,0.9630052,0.036994845
0,0,0.99679476,0.0032052458
0,0,0.9966658,0.0033342075
0,0,0.99669147,0.003308552
0,0,0.97716683,0.022833155
0,0,0.99584997,0.004150057
0,0,0.99670225,0.003297742
0,0,0.99583626,0.0041637365
0,0,0.99663097,0.0033690452
0,0,0.9967078,0.0032922062
0,0,0.99665576,0.003344256
0,0,0.99644715,0.0035528566
0,0,0.9966548,0.0033451903
0,0,0.9970676,0.0029324398
0,0,0.9942935,0.0057064914
0,0,0.99669284,0.0033071497
0,0,0.9915266,0.008473393
0,0,0.9969716,0.0030283763
0,0,0.9966672,0.0033328051
0,0,0.9967453,0.0032546874
0,0,0.9965709,0.0034291248
0,0,0.9754652,0.02453484
0,0,0.9958908,0.0041092015
0,0,0.99573916,0.0042608157
0,0,0.9936312,0.0063688103
0,0,0.9961016,0.0038983817
0,0,0.99669284,0.0033071497
0,0,0.996571,0.003429014
0,0,0.92351675,0.07648328
0,0,0.9961558,0.0038442032
0,0,0.99541724,0.0045827436
0,0,0.99376833,0.0062316456
0,0,0.99669147,0.003308552
0,0,0.9966776,0.0033224039
0,0,0.99640673,0.0035932406
0,0,0.99668413,0.0033158641
0,0,0.9967356,0.0032644551
0,0,0.9966823,0.0033177305
0,0,0.99572176,0.004278231
0,0,0.99428684,0.005713143
0,0,0.9967009,0.0032990887
0,0,0.99669147,0.003308552
0,0,0.9964444,0.0035556213
0,0,0.9909324,0.009067621
0,0,0.99003506,0.009964934
0,0,0.9966928,0.0033072315
0,0,0.99670225,0.003297742
0,0,0.9967177,0.003282298
0,0,0.9952484,0.004751631
0,0,0.99481636,0.0051836134
0,0,0.98350275,0.01649724
0,0,0.99673855,0.0032614653
0,0,0.9966928,0.0033072315
0,0,0.9966273,0.0033727025
0,0,0.99669427,0.0033057213
0,0,0.9842344,0.015765622
0,0,0.9963975,0.0036024868
0,0,0.99672514,0.0032748512
0,0,0.996692,0.0033079737
0,0,0.9966876,0.0033124194
0,0,0.99485207,0.0051479246
0,0,0.9966602,0.0033398184
0,0,0.9967143,0.003285707
0,0,0.96277744,0.037222587
0,0,0.99669665,0.0033033704
0,0,0.9966872,0.003312802
0,0,0.99458325,0.0054167327
0,0,0.99620175,0.003798232
0,0,0.9951405,0.0048594926
0,0,0.9966907,0.0033093211
0,0,0.9905997,0.009400291
0,0,0.9966459,0.0033540893
0,0,0.99522245,0.0047775796
0,0,0.99667287,0.003327149
0,0,0.99669665,0.0033033704
0,0,0.9966687,0.0033313325
0,0,0.9966776,0.0033224467
0,0,0.9931724,0.0068275756
0,0,0.9906058,0.009394232
0,0,0.99668384,0.0033161507
0,0,0.99587363,0.004126364
0,0,0.99667853,0.0033214476
0,0,0.9966548,0.0033451903
0,0,0.99622315,0.0037768413
0,0,0.9964699,0.0035300995
0,0,0.9956374,0.0043625664
0,0,0.954332,0.045668002
0,0,0.9961667,0.0038333065
0,0,0.9961114,0.00388863
0,0,0.99329484,0.006705137
0,0,0.99669665,0.0033033704
0,0,0.98962426,0.010375738
0,0,0.98935467,0.010645317
0,0,0.9966633,0.0033367246
0,0,0.99668944,0.003310572
0,0,0.99670225,0.003297742
0,0,0.99630475,0.0036952593
0,0,0.9966784,0.0033216085
0,0,0.99363506,0.0063649127
0,0,0.99669147,0.003308552
0,0,0.9967662,0.0032337648
0,0,0.9940265,0.0059735053
0,0,0.99669665,0.0033033704
0,0,0.9966067,0.0033932778
0,0,0.99669147,0.003308552
0,0,0.98120713,0.018792879
0,0,0.98184997,0.018150017
0,0,0.9922066,0.007793398
0,0,0.9966739,0.00332609
0,0,0.9881153,0.011884678
0,0,0.995112,0.004887982
0,0,0.99656063,0.0034393913
0,0,0.99670225,0.003297742
0,0,0.99665976,0.0033402692
0,0,0.9966603,0.00333972
0,0,0.99363166,0.0063683665
0,0,0.99666876,0.0033312407
0,0,0.99478376,0.0052162246
0,0,0.9966872,0.003312802
0,0,0.98933357,0.010666431
0,0,0.99601066,0.00398932
0,0,0.9965476,0.0034523914
0,0,0.99664956,0.0033504537
0,0,0.99523747,0.004762549
0,0,0.99668896,0.0033110154
0,0,0.9965922,0.0034077617
0,0,0.99549854,0.0045014513
0,0,0.9955196,0.0044804295
0,0,0.99549943,0.004500582
0,0,0.99482286,0.0051771356
0,0,0.9849803,0.015019714
0,0,0.9963937,0.003606316
0,0,0.99592537,0.004074613
0,0,0.99667203,0.0033279762
0,0,0.9966492,0.00335078
0,0,0.9966765,0.0033235003
0,0,0.9926381,0.0073619112
0,0,0.98096037,0.019039612
0,0,0.9901103,0.009889716
0,0,0.9968062,0.0031937778
0,0,0.9967301,0.0032698885
0,0,0.9847628,0.015237241
0,0,0.9963909,0.0036091444
0,0,0.9946774,0.005322586
0,0,0.98553467,0.014465306
0,0,0.996673,0.003326999
0,0,0.9943672,0.0056328126
0,0,0.99592096,0.004079056
0,0,0.9913994,0.008600573
0,0,0.9638677,0.03613226
0,0,0.99680585,0.0031941636
0,0,0.9956907,0.0043093096
0,0,0.99604124,0.003958766
0,0,0.9956799,0.0043201037
0,0,0.9966746,0.0033254072
0,0,0.9966757,0.0033242633
0,0,0.9890714,0.010928546
0,0,0.99669665,0.0033033704
0,0,0.9961472,0.003852762
0,0,0.99610037,0.0038996062
0,0,0.9949993,0.005000709
0,0,0.99655354,0.0034464593
0,0,0.9959733,0.0040267273
0,0,0.9966766,0.0033233815
0,0,0.9967588,0.0032411644
0,0,0.9965719,0.0034281146
0,0,0.99539,0.0046100034
0,0,0.99643445,0.0035655403
0,0,0.99282587,0.007174141
0,0,0.983271,0.016728994
0,0,0.9965944,0.0034055857
0,0,0.99493945,0.00506056
0,0,0.9966738,0.0033262055
0,0,0.9937092,0.006290767
0,0,0.9964024,0.0035976223
0,0,0.9957832,0.004216773
0,0,0.99596244,0.004037556
0,0,0.9965943,0.0034056795
0,0,0.9966518,0.0033481647
0,0,0.9966544,0.003345604
0,0,0.99659145,0.0034085664
0,0,0.9968485,0.00315146
0,0,0.99319047,0.0068095597
0,0,0.99674433,0.0032556881
0,0,0.9969062,0.0030938014
0,0,0.99504787,0.0049521104
0,0,0.996604,0.0033959844
0,0,0.9966548,0.0033451903
0,0,0.7200047,0.27999535
0,0,0.9967098,0.003290198
0,0,0.99672735,0.0032726603
0,0,0.9963828,0.0036172282
0,0,0.9959242,0.004075832
0,0,0.9905745,0.009425545
0,0,0.9966864,0.0033136113
0,0,0.99563223,0.0043677473
0,0,0.9838024,0.016197627
0,0,0.99644065,0.0035593703
0,0,0.9965535,0.0034465066
0,0,0.996543,0.003457039
0,0,0.9962992,0.003700779
0,0,0.9955422,0.0044577657
0,0,0.99579483,0.004205164
0,0,0.9966884,0.0033115835
0,0,0.9962269,0.0037731095
0,0,0.99671173,0.0032882658
0,0,0.984628,0.015371965
0,0,0.9966548,0.0033451903
0,0,0.9968432,0.0031567526
0,0,0.996324,0.0036759686
0,0,0.99658024,0.003419771
0,0,0.9951483,0.0048516835
0,0,0.9953594,0.0046405643
0,0,0.9966678,0.0033322226
0,0,0.99656147,0.003438553
0,0,0.99678546,0.003214528
0,0,0.8807957,0.11920426
0,0,0.9958184,0.0041816444
0,0,0.9966699,0.0033300836
0,0,0.99688977,0.0031102458
0,0,0.99669665,0.0033033704
0,0,0.99669987,0.0033001096
0,0,0.97274756,0.027252462
0,0,0.99562365,0.0043763695
0,0,0.99668896,0.0033110154
0,0,0.996442,0.0035579584
0,0,0.97218627,0.02781372
0,0,0.8374227,0.1625773
0,0,0.99606186,0.0039381334
0,0,0.9907454,0.009254577
0,0,0.9966024,0.0033975742
0,0,0.99668765,0.003312336
0,0,0.98279077,0.017209204
0,0,0.9965461,0.0034539336
0,0,0.9470986,0.052901417
0,0,0.99613535,0.0038646741
0,0,0.99465305,0.0053469394
0,0,0.9964812,0.003518819
0,0,0.9966566,0.0033434092
0,0,0.99669665,0.0033033704
0,0,0.9822508,0.017749172
0,0,0.98592925,0.014070769
0,0,0.99642974,0.0035702595
0,0,0.996688,0.0033119929
0,0,0.995725,0.004275037
0,0,0.99284,0.0071600154
0,0,0.99547344,0.00452653
0,0,0.9967301,0.0032698852
0,0,0.9966928,0.0033072315
0,0,0.99653715,0.003462836
0,0,0.9966872,0.003312802
0,0,0.99686325,0.0031367333
0,0,0.9962431,0.0037568982
0,0,0.99668384,0.0033161507
0,0,0.99674886,0.0032511575
0,0,0.9966681,0.0033319278
0,0,0.99567413,0.004325846
0,0,0.99517,0.004830015
0,0,0.9966697,0.0033302782
0,0,0.99657524,0.0034247702
0,0,0.99669147,0.003308552
0,0,0.9910051,0.008994877
0,0,0.9588071,0.04119291
0,0,0.9965295,0.003470486
0,0,0.99678344,0.003216567
0,0,0.9960956,0.0039044023
0,0,0.99637973,0.003620261
0,0,0.99623525,0.0037647216
0,0,0.9966784,0.0033216085
0,0,0.99666333,0.0033366596
0,0,0.9966876,0.0033124194
0,0,0.9961736,0.00382635
0,0,0.9797205,0.020279527
0,0,0.9966825,0.003317494
0,0,0.9926004,0.007399598
0,0,0.9949845,0.0050154976
0,0,0.98078346,0.019216532
0,0,0.9743651,0.025634905
0,0,0.99707043,0.00292954
0,0,0.99404556,0.0059544384
0,0,0.99459743,0.0054025888
0,0,0.9966747,0.0033252712
0,0,0.9963836,0.0036163742
0,0,0.99666077,0.0033392487
0,0,0.9967034,0.0032966076
0,0,0.99668336,0.0033166523
0,0,0.9966877,0.0033122792
0,0,0.9959585,0.004041468
0,0,0.994509,0.005491034
0,0,0.99648243,0.0035175805
0,0,0.9961796,0.0038204219
0,0,0.9970554,0.0029445984
0,0,0.990196,0.009803982
0,0,0.99348503,0.0065149833
0,0,0.99668944,0.003310572
0,0,0.996682,0.0033179985
0,0,0.9966911,0.003308895
0,0,0.9966313,0.0033686801
0,0,0.9957224,0.0042775827
0,0,0.9862383,0.013761677
0,0,0.99592793,0.004072096
0,0,0.9881404,0.011859624
0,0,0.99669665,0.0033033704
0,0,0.9779054,0.022094624
0,0,0.99374163,0.0062583736
0,0,0.99643475,0.0035652572
0,0,0.99549,0.0045099575
0,0,0.98545766,0.014542316
0,0,0.9966364,0.003363587
0,0,0.99685377,0.0031462244
0,0,0.99619526,0.0038047652
0,0,0.9916071,0.008392862
0,0,0.9966928,0.0033072315
0,0,0.99669147,0.003308552
0,0,0.9964644,0.0035356125
0,0,0.8542246,0.1457754
0,0,0.9963683,0.0036317157
0,0,0.99237365,0.007626358
0,0,0.99669665,0.0033033704
0,0,0.99671525,0.0032847372
0,0,0.9948347,0.005165307
0,0,0.99678725,0.0032127425
0,0,0.9959366,0.004063405
0,0,0.9972,0.0027999855
0,0,0.9961158,0.0038842072
0,0,0.99496293,0.005037062
0,0,0.9498262,0.050173808
0,0,0.94454986,0.055450134
0,0,0.9967785,0.0032215288
0,0,0.97089016,0.029109832
0,0,0.99661905,0.0033809268
0,0,0.9956707,0.004329333
0,0,0.9925194,0.007480645
0,0,0.98718435,0.012815633
0,0,0.99640566,0.0035943592
0,0,0.99665684,0.003343161
0,0,0.9966872,0.003312802
0,0,0.9966672,0.0033328051
0,0,0.9959659,0.0040341215
0,0,0.99669427,0.0033057213
0,0,0.99534583,0.0046541668
0,1,0.09596652,0.9040335
0,0,0.9954531,0.0045468626
0,0,0.9966746,0.0033254072
0,0,0.9952451,0.004754916
0,0,0.9966956,0.003304421
0,0,0.9966748,0.0033251953
0,0,0.9965858,0.0034142178
0,0,0.9858118,0.014188164
0,0,0.9966814,0.0033186183
0,0,0.9966722,0.003327788
0,0,0.9966602,0.0033397994
0,0,0.9966776,0.0033224039
0,0,0.99660915,0.0033908547
0,0,0.97873425,0.02126577
0,0,0.9269003,0.07309967
0,0,0.995287,0.004713005
0,0,0.99611413,0.0038858568
0,0,0.9958753,0.0041247047
0,0,0.99552304,0.004476973
0,0,0.99558556,0.0044144304
0,0,0.9605131,0.03948687
0,0,0.99705017,0.0029498446
0,0,0.99621016,0.0037898514
0,0,0.99655885,0.003441134
0,0,0.99331903,0.0066809733
0,0,0.99636126,0.0036387222
0,0,0.9941549,0.0058451146
0,0,0.99545014,0.004549883
0,0,0.99262786,0.0073721665
0,0,0.9599859,0.0400141
0,0,0.9963452,0.003654771
0,0,0.99671143,0.00328855
0,0,0.9955139,0.004486084
0,0,0.99669284,0.0033071497
0,0,0.99725246,0.002747545
0,0,0.996638,0.0033619823
0,0,0.9964654,0.0035346178
0,0,0.9967851,0.003214878
0,0,0.9846281,0.0153719075
0,0,0.99657243,0.003427559
0,0,0.99656075,0.0034392362
0,0,0.9964024,0.0035976223
0,0,0.99669147,0.003308552
0,0,0.9939251,0.0060749105
0,0,0.996702,0.0032979555
0,0,0.9955026,0.004497415
0,0,0.9966683,0.003331722
0,0,0.98929256,0.010707412
0,0,0.9959987,0.004001344
0,0,0.99667466,0.0033253233
0,0,0.9965188,0.0034812333
0,0,0.99672514,0.0032748512
0,0,0.9949487,0.005051313
0,0,0.9966875,0.0033125123
0,0,0.99665785,0.0033421237
0,0,0.9954867,0.0045133326
0,0,0.9966521,0.0033478977
0,0,0.99669665,0.0033033704
0,0,0.9966928,0.0033072315
0,0,0.9965656,0.003434402
0,0,0.9956101,0.004389887
0,0,0.99668,0.0033199608
0,0,0.9966661,0.0033338983
0,0,0.98853093,0.011469094
0,0,0.9966694,0.0033305662
0,0,0.995971,0.004028998
0,0,0.9911949,0.008805093
0,0,0.99681735,0.003182647
0,0,0.99667346,0.0033265122
0,0,0.97983605,0.020163927
0,0,0.9963765,0.0036234653
0,0,0.99700785,0.0029921732
0,0,0.99690175,0.0030982282
0,0,0.9944468,0.005553205
0,0,0.9945002,0.005499765
0,0,0.9967076,0.0032923706
0,0,0.9966175,0.0033824937
0,0,0.99600583,0.003994173
0,0,0.996688,0.0033119929
0,0,0.98995197,0.010048028
0,0,0.996789,0.0032109944
0,0,0.9808701,0.019129857
0,0,0.9953,0.0047000027
0,0,0.996193,0.0038070271
0,0,0.9967588,0.0032411644
0,0,0.9945143,0.0054857195
0,0,0.99635285,0.003647177
0,0,0.9952841,0.0047159493
0,0,0.97053593,0.029464092
0,0,0.99669665,0.0033033704
0,0,0.9049813,0.09501867
0,0,0.99558747,0.0044125365
0,0,0.9968633,0.0031366975
0,0,0.99670035,0.0032996375
0,0,0.9964969,0.0035030774
0,0,0.9958435,0.0041564927
0,0,0.99635524,0.003644778
0,0,0.9966604,0.0033395896
0,0,0.9911697,0.008830324
0,0,0.9966856,0.00331435
0,0,0.9800508,0.019949187
0,0,0.99669665,0.0033033704
0,0,0.9966776,0.0033224039
0,0,0.9879691,0.012030877
0,0,0.9959063,0.0040937136
0,0,0.9967875,0.0032125167
0,0,0.99667704,0.0033229347
0,0,0.9966565,0.003343493
0,0,0.99669665,0.0033033704
0,0,0.9695598,0.030440232
0,0,0.988444,0.011556019
0,0,0.9966833,0.0033166741
0,0,0.99607825,0.0039217654
0,0,0.9965329,0.003467059
0,0,0.99665457,0.0033454197
0,0,0.9967159,0.003284094
0,0,0.99665093,0.0033490655
0,0,0.9958536,0.004146417
0,0,0.9966752,0.0033248065
0,0,0.99523646,0.004763555
0,0,0.9966849,0.003315106
0,0,0.9966724,0.0033276347
0,0,0.9966872,0.003312802
0,0,0.9852848,0.014715168
0,0,0.98840666,0.011593329
0,0,0.9948322,0.0051677926
0,0,0.9932751,0.0067248777
0,0,0.99617296,0.0038270587
0,0,0.9957293,0.0042706854
0,0,0.99639004,0.0036099674
0,0,0.9966917,0.0033082739
0,0,0.99628663,0.0037133517
0,0,0.9965161,0.0034838994
0,0,0.9944849,0.005515069
0,0,0.99666214,0.003337868
0,0,0.9965051,0.0034949055
0,0,0.9942649,0.0057351086
0,0,0.99669665,0.0033033704
0,0,0.9916101,0.00838987
0,0,0.99662507,0.0033749233
0,0,0.99526024,0.004739744
0,0,0.99675095,0.0032490399
0,0,0.99667263,0.0033273848
0,0,0.9964956,0.0035043976
0,0,0.98141134,0.01858866
0,0,0.9915058,0.008494195
0,0,0.99594814,0.00405187
0,0,0.9949907,0.0050092693
0,0,0.9967882,0.003211776
0,0,0.9966963,0.0033037127
0,0,0.99620634,0.0037936394
0,0,0.9966785,0.0033215247
0,0,0.9958973,0.0041026887
0,0,0.99524665,0.004753345
0,0,0.99669665,0.0033033704
0,0,0.9967279,0.0032720943
0,0,0.99640083,0.0035991904
0,0,0.99669665,0.0033033704
0,0,0.98110545,0.018894536
0,0,0.995031,0.0049690236
0,0,0.99666184,0.003338157
0,0,0.99669665,0.0033033704
0,0,0.9966683,0.003331722
0,0,0.9891317,0.01086833
0,0,0.996475,0.003525036
0,0,0.9965748,0.003425182
0,0,0.99668944,0.003310572
0,0,0.9967588,0.0032411644
0,0,0.99524534,0.0047546653
0,0,0.99079263,0.009207373
0,0,0.99091613,0.009083839
0,0,0.9952569,0.004743079
0,0,0.9966746,0.0033254072
0,0,0.9968371,0.003162927
0,0,0.8616954,0.13830456
0,0,0.9965091,0.0034909071
0,0,0.99669665,0.0033033704
0,0,0.9959251,0.0040748916
0,0,0.9965707,0.003429273
0,0,0.9967359,0.0032641434
0,0,0.9888916,0.011108386
0,0,0.9965809,0.0034190966
0,0,0.99667794,0.0033220502
0,0,0.9966801,0.003319945
0,0,0.99585116,0.004148865
0,0,0.99613935,0.0038606268
0,0,0.99626744,0.003732566
0,0,0.99669284,0.0033071497
0,0,0.99670225,0.003297742
0,0,0.99640447,0.0035955596
0,0,0.99329317,0.0067068487
0,0,0.99545914,0.0045408364
0,0,0.99668384,0.0033161507
0,0,0.99218917,0.0078108166
0,0,0.9966696,0.0033304114
0,0,0.9948829,0.005117134
0,0,0.99330544,0.0066945506
0,0,0.9959351,0.00406493
0,0,0.99176407,0.008235923
0,0,0.9967993,0.0032007152
0,0,0.9958184,0.00418165
0,0,0.9966901,0.0033099093
0,0,0.9941768,0.005823172
0,0,0.99482155,0.005178438
0,0,0.9919473,0.0080526965
0,0,0.96652186,0.03347811
0,0,0.9884663,0.011533672
0,0,0.9954041,0.0045958874
0,0,0.99630964,0.003690366
0,0,0.99668944,0.003310572
0,0,0.9952847,0.004715345
0,0,0.9966746,0.0033254072
0,0,0.996034,0.00396599
0,0,0.9966872,0.003312802
0,0,0.99415153,0.0058484967
0,0,0.99669665,0.0033033704
0,0,0.99665236,0.0033476301
0,0,0.79226977,0.20773023
0,0,0.9967877,0.0032122964
0,0,0.9964094,0.0035905715
0,0,0.99527353,0.004726496
0,0,0.994669,0.005330969
0,0,0.99652994,0.0034700755
0,0,0.99451745,0.005482557
0,0,0.9925623,0.007437727
0,0,0.9966641,0.0033358652
0,0,0.99712294,0.0028770347
0,0,0.9967148,0.0032852164
0,0,0.9966817,0.0033182949
0,0,0.99669665,0.0033033704
0,0,0.9956584,0.00434158
0,0,0.9966641,0.0033358715
0,0,0.9957099,0.004290112
0,0,0.99668384,0.0033161507
0,0,0.99665624,0.00334379
0,0,0.992776,0.007224048
0,0,0.99665457,0.0033454339
0,0,0.99644893,0.0035510408
0,0,0.9962625,0.0037374862
0,0,0.99668396,0.0033160343
0,0,0.99611074,0.0038892545
0,0,0.9967187,0.0032813046
0,0,0.9966872,0.003312802
0,0,0.9953806,0.004619448
0,0,0.99350363,0.006496352
0,0,0.99693096,0.0030690243
0,0,0.9966051,0.0033949113
0,0,0.9966834,0.0033165922
0,0,0.9966446,0.0033553645
0,0,0.9966604,0.0033395896
0,0,0.9953414,0.004658571
0,0,0.9957219,0.0042781476
0,0,0.99469775,0.005302257
0,0,0.9870277,0.012972304
0,0,0.99088424,0.009115778
0,0,0.9860029,0.013997097
0,0,0.99689895,0.0031010234
0,0,0.9832285,0.016771503
0,0,0.9684603,0.03153965
0,0,0.99644053,0.003559465
0,0,0.9957849,0.0042150957
1,0,0.9788208,0.021179195
0,0,0.9924877,0.0075122453
0,0,0.99659896,0.0034010443
0,0,0.9681706,0.03182941
0,0,0.9959922,0.004007822
0,0,0.9960128,0.0039872187
0,0,0.99688673,0.003113241
0,0,0.9965333,0.0034667198
0,0,0.9966802,0.0033197745
0,0,0.99645036,0.0035496356
0,0,0.9965434,0.0034565937
0,0,0.99663496,0.003365029
0,0,0.9964065,0.0035935135
0,0,0.9945572,0.005442774
0,0,0.9958424,0.0041576275
0,0,0.996688,0.0033119929
0,0,0.9966678,0.0033322095
0,0,0.98226166,0.017738368
0,0,0.9962074,0.0037925602
0,0,0.9968683,0.0031316828
0,0,0.99702686,0.0029731407
0,0,0.9967059,0.003294105
0,0,0.99658704,0.0034129703
0,0,0.9956027,0.0043972856
0,0,0.99667925,0.0033207468
0,0,0.99639714,0.0036028891
0,0,0.99669665,0.0033033704
0,0,0.99669665,0.0033033704
0,0,0.9966597,0.0033402883
0,0,0.99669665,0.0033033704
0,0,0.9938056,0.0061943964
0,0,0.99582994,0.0041700443
0,0,0.99563086,0.004369135
0,0,0.99662006,0.0033799598
0,0,0.9967144,0.0032855975
0,0,0.99664193,0.003358059
0,0,0.99594384,0.004056133
0,0,0.99552506,0.0044749244
0,0,0.9964189,0.0035811279
0,0,0.9958073,0.0041927225
0,0,0.9946692,0.0053308094
0,0,0.99669665,0.0033033704
0,0,0.8021201,0.19787993
0,0,0.996107,0.0038930047
0,0,0.99666363,0.0033363649
0,0,0.99660003,0.0033999535
0,0,0.99669355,0.0033064315
0,0,0.9966872,0.003312802
0,0,0.9965443,0.003455712
0,0,0.9967707,0.003229344
0,0,0.9966507,0.0033492865
0,0,0.9933552,0.006644813
0,0,0.98986876,0.01013122
0,0,0.99669665,0.0033033704
0,0,0.99669665,0.0033033704
0,0,0.99668765,0.003312336
0,0,0.99648607,0.003513955
0,0,0.9944028,0.005597163
0,0,0.9955167,0.0044832975
0,0,0.996752,0.0032480021
0,0,0.99657357,0.0034264112
0,0,0.9963122,0.0036878001
0,0,0.9964589,0.0035411252
0,0,0.99667853,0.0033214476
0,0,0.9948623,0.0051377076
0,1,0.26010698,0.739893
0,0,0.99668586,0.0033141484
0,0,0.9968485,0.00315146
0,0,0.99668896,0.0033110154
0,0,0.9965668,0.0034332026
0,0,0.99667925,0.0033207468
0,0,0.9874429,0.012557112
0,0,0.9899374,0.0100626
0,0,0.99677163,0.0032283408
0,0,0.99549466,0.0045053572
0,0,0.9967464,0.0032535505
0,0,0.9954202,0.004579808
0,0,0.9964554,0.0035446014
0,0,0.9961104,0.003889635
0,0,0.98724574,0.012754251
0,0,0.99460834,0.0053916797
0,0,0.99582624,0.0041737487
0,0,0.99677765,0.003222365
0,0,0.99669665,0.0033033704
0,0,0.9967707,0.003229344
0,0,0.9967132,0.0032867675
0,0,0.9956899,0.0043100524
0,0,0.99668485,0.0033151598
0,0,0.9729039,0.02709612
0,0,0.9962053,0.0037947083
0,0,0.9968229,0.0031771015
0,0,0.99484634,0.005153647
0,0,0.9966963,0.0033037127
0,0,0.99669665,0.0033033704
0,0,0.9966746,0.0033254072
0,0,0.99648803,0.003511992
0,0,0.9966675,0.0033325234
0,0,0.99708337,0.0029166152
0,0,0.99667406,0.0033259334
0,0,0.995947,0.004053
0,0,0.99668175,0.0033182697
0,0,0.9966719,0.003328062
0,0,0.995809,0.004190995
0,0,0.99664956,0.0033504297
0,0,0.9757469,0.024253085
0,0,0.99583936,0.004160649
0,0,0.99090666,0.009093373
0,0,0.99529636,0.004703669
0,0,0.99019104,0.009808951
0,0,0.9956884,0.004311645
0,0,0.9965894,0.0034105594
0,0,0.99603117,0.003968836
0,0,0.99669665,0.0033033704
0,0,0.99653864,0.0034613619
0,0,0.9965545,0.0034454768
0,0,0.9959113,0.0040886872
0,0,0.99643713,0.0035628595
0,0,0.9952783,0.004721716
0,0,0.9966785,0.0033215152
0,0,0.957601,0.042399015
0,0,0.99666154,0.003338428
0,0,0.9961294,0.003870634
0,0,0.9966965,0.0033035039
0,0,0.9930363,0.0069636838
0,0,0.99658537,0.003414659
0,0,0.9954863,0.004513663
0,0,0.985944,0.0140560055
0,0,0.99377865,0.006221354
0,0,0.99250656,0.00749344
0,0,0.9698473,0.03015268
0,0,0.99673563,0.003264351
0,0,0.99286634,0.0071336376
0,0,0.996686,0.003314046
0,0,0.99678814,0.0032118494
0,0,0.99642617,0.0035738358
0,0,0.99664503,0.0033549962
0,0,0.993679,0.0063210074
0,0,0.9959965,0.004003517
0,0,0.9965501,0.003449913
0,0,0.9965793,0.00342073
0,0,0.9966827,0.0033173063
0,0,0.996377,0.003623033
0,0,0.97018373,0.029816244
0,0,0.99255157,0.0074484255
0,0,0.99668866,0.0033113586
0,0,0.99668556,0.0033144415
0,0,0.99618936,0.0038106367
0,0,0.99605983,0.003940188
0,0,0.99658006,0.0034199546
0,0,0.9917729,0.008227129
0,0,0.996322,0.003678016
0,0,0.9819696,0.018030379
0,0,0.9959402,0.0040597618
0,0,0.9966834,0.0033165922
0,0,0.99380434,0.0061956523
0,0,0.9966503,0.003349745
0,0,0.9965836,0.0034164025
0,0,0.9931928,0.0068072057
0,0,0.99552447,0.004475553
0,0,0.9966795,0.0033205333
0,0,0.98907983,0.010920169
0,0,0.9962223,0.0037776865
0,0,0.9965895,0.003410527
0,0,0.9969243,0.0030756989
0,0,0.99537385,0.004626142
0,0,0.9908447,0.009155286
0,0,0.99344504,0.0065549524
0,0,0.9956363,0.004363743
0,0,0.9951411,0.004858888
0,0,0.9902218,0.009778228
0,0,0.9966783,0.0033217266
0,0,0.99668896,0.0033110154
0,0,0.99410397,0.005896011
0,0,0.9966,0.0034000375
0,0,0.95858914,0.04141084
0,0,0.99418795,0.0058120354
0,0,0.974745,0.025255013
0,0,0.9901258,0.009874204
0,0,0.99573886,0.004261131
0,0,0.996682,0.0033179985
0,0,0.99116886,0.008831167
0,0,0.97950757,0.02049245
0,0,0.9966811,0.003318883
0,0,0.99220294,0.007797042
0,0,0.9964251,0.0035748833
0,0,0.99374574,0.0062542353
0,0,0.996674,0.0033259715
0,0,0.99671316,0.0032868253
0,0,0.9966928,0.0033072315
0,0,0.9962589,0.0037410818
0,0,0.9959586,0.0040413467
0,0,0.9966771,0.0033229282
0,0,0.99657065,0.0034293642
0,0,0.99620795,0.0037920286
0,0,0.97970015,0.020299857
0,0,0.9962751,0.00372485
0,0,0.9952778,0.004722202
0,0,0.99641246,0.003587572
0,0,0.99405026,0.005949715
0,0,0.99666387,0.0033361046
0,0,0.9918134,0.008186585
0,0,0.9965654,0.003434572
0,0,0.9907427,0.009257297
0,0,0.99669147,0.003308552
0,0,0.9968582,0.003141819
0,0,0.9921109,0.007889091
0,0,0.9966834,0.0033165826
0,0,0.9949839,0.0050160834
0,0,0.9966565,0.003343493
0,0,0.99563056,0.0043694275
0,0,0.99605143,0.0039485693
0,0,0.980828,0.019172022
0,0,0.9966872,0.003312802
0,0,0.929568,0.07043201
0,0,0.99413687,0.005863159
0,0,0.99665904,0.003340982
0,0,0.9954988,0.004501253
0,0,0.9966196,0.0033804127
0,0,0.99667925,0.0033207468
0,0,0.9962679,0.0037320573
0,0,0.9966956,0.003304421
0,0,0.99669665,0.0033033704
0,0,0.99636286,0.003637151
0,0,0.9200349,0.079965085
0,0,0.9968366,0.0031634113
0,0,0.9966928,0.0033072315
0,0,0.9938782,0.0061218413
0,0,0.99669343,0.003306573
0,0,0.99668384,0.0033161477
0,0,0.9966596,0.0033404308
0,0,0.9965289,0.0034710732
0,0,0.9953385,0.0046615154
0,0,0.99669665,0.0033033704
0,0,0.9966749,0.0033251098
0,0,0.97798735,0.022012673
0,0,0.99692893,0.003071053
0,0,0.9966752,0.0033248065
0,0,0.9947359,0.005264105
0,0,0.9953184,0.0046816138
0,0,0.99281055,0.0071894675
0,0,0.9962263,0.003773674
0,0,0.99662846,0.003371523
0,0,0.99624354,0.0037564503
0,0,0.99667037,0.0033296468
0,0,0.9966827,0.0033172828
0,0,0.9966274,0.0033726173
0,0,0.9909035,0.0090965275
0,0,0.9965261,0.0034738865
0,0,0.99658006,0.0034199546
0,0,0.9955288,0.004471166
0,0,0.99607193,0.0039280513
0,0,0.9959213,0.0040787132
0,0,0.9967042,0.003295807
0,0,0.996688,0.0033119929
0,0,0.9967646,0.0032353958
0,0,0.99667835,0.0033216432
0,0,0.9945862,0.005413766
0,0,0.99669164,0.0033083681
0,0,0.9965641,0.0034358925
0,0,0.99666536,0.0033346144
0,0,0.9965833,0.0034166928
0,0,0.9966872,0.003312802
0,0,0.9911904,0.008809606
0,0,0.9964634,0.0035365615
0,0,0.99643254,0.0035674737
0,0,0.9971938,0.0028062048
0,0,0.99668556,0.0033144334
0,0,0.99634373,0.0036562802
0,0,0.9943877,0.0056123165
0,0,0.99444735,0.0055526705
0,0,0.99370366,0.00629631
0,0,0.99663067,0.0033693367
0,0,0.996682,0.0033179985
0,0,0.99656177,0.0034382478
0,0,0.99616563,0.0038343628
0,0,0.99669814,0.0033018496
0,0,0.996682,0.0033179985
0,0,0.9938905,0.0061094537
0,0,0.99670714,0.0032928337
0,0,0.9959798,0.004020234
0,0,0.99669665,0.0033033704
0,0,0.9968452,0.0031547935
0,0,0.99669003,0.0033099472
0,0,0.9935377,0.006462299
0,0,0.99585825,0.004141769
0,0,0.99641347,0.003586505
0,0,0.9967011,0.0032988943
0,0,0.9965688,0.0034311884
0,0,0.9951347,0.004865314
0,0,0.98525,0.01475001
0,0,0.9957254,0.004274625
0,0,0.99617714,0.0038228505
0,0,0.99674124,0.0032587582
0,0,0.9967059,0.0032941096
0,0,0.99628574,0.0037142886
0,0,0.96244484,0.037555177
0,0,0.9885095,0.011490506
0,0,0.99055105,0.009448974
0,0,0.9967074,0.003292624
0,0,0.99551994,0.0044800467
0,0,0.996671,0.0033289997
0,0,0.9960874,0.0039126133
0,0,0.99669313,0.0033068955
0,0,0.9966887,0.0033112639
0,0,0.99685705,0.00314293
0,0,0.9955631,0.004436938
0,0,0.9966974,0.0033025714
0,0,0.9967707,0.003229344
0,0,0.9931363,0.0068637026
0,0,0.9952036,0.004796373
0,0,0.89088416,0.10911583
0,0,0.99469477,0.0053052558
0,0,0.99667394,0.00332606
0,0,0.9966456,0.00335437
0,0,0.996688,0.0033119929
0,0,0.99668413,0.0033158641
0,0,0.9965956,0.0034043675
0,0,0.99654317,0.0034568154
0,0,0.99668676,0.0033132145
0,0,0.99669665,0.0033033704
0,0,0.9904346,0.009565433
0,0,0.9966758,0.0033242095
0,0,0.9965836,0.0034164025
0,0,0.9966576,0.0033423763
0,0,0.9968332,0.0031668143
0,0,0.99669665,0.0033033704
0,0,0.9966834,0.0033165922
0,0,0.9960127,0.0039873
0,0,0.9966826,0.0033173945
0,0,0.94820523,0.051794775
0,0,0.99668723,0.0033127454
0,0,0.99582523,0.004174784
0,0,0.9958218,0.0041782423
0,0,0.9966872,0.003312802
0,0,0.99663746,0.003362551
0,0,0.99514765,0.004852377
0,0,0.99668896,0.0033110154
0,0,0.99551517,0.0044848514
0,0,0.99396276,0.006037238
0,0,0.94160354,0.05839645
0,0,0.9896892,0.01031081
0,0,0.9966928,0.0033072315
0,0,0.99665314,0.0033468683
0,0,0.99669665,0.0033033704
0,0,0.99668384,0.0033161507
0,0,0.996688,0.0033119929
0,0,0.9951605,0.0048394697
0,0,0.9959763,0.0040236916
0,0,0.99669665,0.0033033704
0,0,0.9966863,0.0033137028
0,0,0.9963893,0.0036106915
0,0,0.9961312,0.0038688378
0,0,0.9925616,0.0074384245
0,0,0.99670225,0.003297742
0,0,0.9966776,0.0033224039
0,0,0.9963641,0.0036358915
0,0,0.9966852,0.0033147943
0,0,0.9962744,0.0037255825
0,0,0.9964637,0.0035362944
0,0,0.9966759,0.0033240844
0,0,0.98620445,0.013795553
0,0,0.9966495,0.0033504711
0,0,0.9966834,0.0033165922
0,0,0.99573433,0.004265692
0,0,0.9965037,0.0034962678
0,0,0.9922688,0.0077312277
0,0,0.99634326,0.0036567564
0,0,0.9963761,0.003623911
0,0,0.99345195,0.0065480657
0,0,0.99665356,0.0033464609
0,0,0.9922536,0.007746398
0,0,0.99669665,0.0033033704
0,0,0.99113226,0.008867725
0,0,0.9967637,0.00323632
0,0,0.99643165,0.003568333
0,0,0.9963789,0.0036211195
0,0,0.9957956,0.0042043934
0,0,0.9966696,0.0033304114
0,0,0.9966872,0.003312802
0,0,0.99668854,0.0033114578
0,0,0.99477255,0.005227465
0,0,0.9966726,0.0033274181
0,0,0.99596214,0.0040378436
0,0,0.9960718,0.0039281654
0,0,0.9967489,0.0032510804
0,0,0.9964426,0.0035574108
0,0,0.99651206,0.003487926
0,0,0.99670225,0.003297742
0,0,0.99685127,0.003148717
0,0,0.99632627,0.003673748
0,0,0.99669886,0.0033011544
0,0,0.996149,0.0038509727
0,0,0.9968386,0.0031613414
0,0,0.9962538,0.0037462073
0,0,0.99670875,0.003291238
0,0,0.9966795,0.0033205333
0,0,0.99669975,0.003300221
0,0,0.99551934,0.004480687
0,0,0.99644095,0.0035590539
0,0,0.9964987,0.0035012849
0,0,0.99646664,0.0035333838
0,0,0.99658316,0.0034168179
0,0,0.9959916,0.0040083854
0,0,0.99589545,0.00410454
0,0,0.99578434,0.004215672
0,0,0.99669284,0.0033071497
0,0,0.99586034,0.004139669
0,0,0.99364084,0.006359143
0,0,0.9965142,0.0034858235
0,0,0.99669665,0.0033033704
0,0,0.9966928,0.0033072315
0,0,0.996675,0.0033249613
0,0,0.9966361,0.0033638778
0,0,0.99663675,0.003363251
0,0,0.9663073,0.0336927
0,0,0.9915317,0.00846829
0,0,0.9957399,0.0042601055
0,0,0.9966834,0.0033165922
0,0,0.9966374,0.0033625942
0,0,0.99665093,0.0033490767
0,0,0.9952842,0.0047157994
0,0,0.99669665,0.0033033704
0,0,0.99669665,0.0033033704
0,0,0.99668056,0.0033194402
0,0,0.99668384,0.0033161507
0,0,0.99669665,0.0033033704
0,0,0.9966963,0.0033037127
0,0,0.99643576,0.0035642576
0,0,0.99658704,0.0034129703
0,0,0.9961891,0.003810872
0,0,0.99500054,0.004999468
0,0,0.99666643,0.0033335388
0,0,0.99665076,0.003349239
0,0,0.9943762,0.005623832
0,0,0.9966787,0.0033213133
0,0,0.9968547,0.0031452617
0,0,0.99668944,0.003310572
0,0,0.9487886,0.05121144
0,0,0.99669665,0.0033033704
0,0,0.98819524,0.011804786
0,0,0.99645716,0.0035428365
0,0,0.99669284,0.0033071497
0,0,0.96938294,0.030617038
0,0,0.9961805,0.0038195292
0,0,0.9966928,0.0033072315
0,0,0.9953237,0.0046763085
0,0,0.9968711,0.0031289107
0,0,0.9890688,0.010931222
0,0,0.9966422,0.0033578498
0,0,0.9966987,0.0033013003
0,0,0.9955391,0.0044608773
0,0,0.9966698,0.003330161
0,0,0.99667346,0.0033265387
0,0,0.99682754,0.0031724656
0,0,0.99656355,0.0034364297
0,0,0.9967173,0.0032827256
0,0,0.9962633,0.0037366839
1,1,0.0033762455,0.99662375
0,0,0.9965193,0.0034806675
0,0,0.9966587,0.003341301
0,0,0.99670243,0.0032975837
0,0,0.9959671,0.0040329085
0,0,0.98491687,0.0150831295
0,0,0.99668866,0.0033113586
0,0,0.996682,0.0033179985
0,0,0.9953123,0.004687719
0,0,0.99669284,0.0033071497
0,0,0.9808273,0.019172711
0,0,0.99667865,0.0033213526
0,0,0.9966765,0.0033234921
0,0,0.99643207,0.0035679177
0,0,0.99650323,0.0034967894
0,0,0.99669164,0.0033083558
0,0,0.9966765,0.0033235003
0,0,0.99669284,0.0033071765
0,0,0.9966678,0.0033322226
0,0,0.9961232,0.0038768086
0,0,0.99590474,0.004095269
0,0,0.9912408,0.00875921
0,0,0.99669886,0.0033011544
0,0,0.9855512,0.014448818
0,0,0.99559134,0.004408631
0,0,0.9965622,0.0034378343
0,0,0.9966784,0.0033216085
0,0,0.99669665,0.0033033704
0,0,0.99575806,0.0042419517
0,0,0.996671,0.003328979
0,0,0.99668485,0.0033151598
0,0,0.996671,0.0033289997
0,0,0.9937691,0.0062308777
0,0,0.9966785,0.0033215247
0,0,0.99357116,0.0064288243
0,0,0.99630255,0.003697447
0,0,0.9968944,0.003105607
0,0,0.9966752,0.0033248065
0,0,0.992796,0.007204005
0,0,0.9945009,0.0054991157
0,0,0.99667317,0.003326841
0,0,0.99665576,0.003344256
0,0,0.9223698,0.07763024
0,0,0.9967009,0.0032991013
0,0,0.9961313,0.0038687035
0,0,0.9968582,0.003141819
0,0,0.99667794,0.003322071
0,0,0.9905914,0.0094086155
0,0,0.99655783,0.0034421512
0,0,0.9968441,0.0031558676
0,0,0.99664026,0.0033597574
0,0,0.9966559,0.0033441286
0,0,0.99652326,0.0034767631
0,0,0.99669665,0.0033033704
0,0,0.98974186,0.010258115
0,0,0.9946746,0.0053253965
0,0,0.9954048,0.0045952243
0,0,0.99587446,0.0041255215
0,0,0.99668545,0.003314536
0,0,0.99668556,0.0033144415
0,0,0.9966849,0.003315106
0,0,0.81943715,0.18056284
0,0,0.9966872,0.003312802
0,0,0.99669665,0.0033033704
0,0,0.9966546,0.0033453607
0,0,0.99562895,0.004371027
0,0,0.9966604,0.0033395896
0,0,0.9935102,0.0064898315
0,0,0.99629164,0.003708338
0,0,0.9964065,0.0035934797
0,0,0.99113876,0.008861227
0,0,0.9966546,0.0033453607
0,0,0.9967076,0.0032923706
0,0,0.996688,0.0033119929
0,0,0.99669665,0.0033033704
0,0,0.99642485,0.0035751604
0,0,0.99386054,0.0061394623
0,0,0.9964811,0.0035188876
0,0,0.9966854,0.0033146003
0,0,0.996769,0.003230984
0,0,0.9973156,0.0026844225
0,0,0.9966804,0.0033195945
0,0,0.99657434,0.0034256377
0,0,0.9963906,0.0036094203
0,0,0.99631643,0.003683542
0,0,0.99668944,0.003310572
0,0,0.99610907,0.0038909581
0,0,0.99638444,0.0036155803
0,0,0.9948546,0.005145393
0,0,0.99568975,0.0043102265
0,0,0.99668944,0.003310572
0,0,0.99632597,0.003674022
0,0,0.99667865,0.0033213526
0,0,0.99616987,0.0038301467
0,0,0.99626744,0.003732566
0,0,0.9959472,0.0040528267
0,0,0.99657243,0.003427559
0,0,0.9930081,0.0069919
0,0,0.996291,0.0037089984
0,0,0.99466914,0.0053308825
0,0,0.99067825,0.009321741
0,0,0.99667853,0.0033214476
0,0,0.99669284,0.0033071497
0,0,0.995593,0.0044070138
0,0,0.99623615,0.0037638345
0,0,0.9966693,0.0033306882
0,0,0.9966928,0.0033072315
0,0,0.9946264,0.00537358
0,0,0.98297477,0.017025236
0,0,0.98257756,0.017422466
0,0,0.9960824,0.0039175875
0,0,0.99381727,0.006182736
0,0,0.9966833,0.0033166897
0,0,0.99641997,0.0035800084
0,0,0.93046236,0.06953767
0,0,0.9966746,0.0033254072
0,0,0.99668413,0.0033158641
0,0,0.99552065,0.004479377
0,0,0.9966417,0.0033583255
0,0,0.9849083,0.015091724
0,0,0.9963776,0.0036223945
0,0,0.98812455,0.01187547
0,0,0.9709139,0.029086104
0,0,0.99318355,0.006816461
0,0,0.9971813,0.0028186953
0,0,0.9930923,0.006907723
0,0,0.9966633,0.0033367437
0,0,0.99440765,0.0055923453
0,0,0.98976916,0.010230813
0,0,0.9966872,0.003312802
0,0,0.9803878,0.019612182
0,0,0.80020344,0.19979656
0,0,0.99669665,0.0033033704
0,0,0.99552387,0.004476129
0,0,0.99560994,0.004390066
0,0,0.99668384,0.0033161507
0,0,0.99587715,0.0041228426
0,0,0.99669427,0.0033057213
0,0,0.99552846,0.004471563
0,0,0.9966689,0.0033311395
0,0,0.9966984,0.0033015967
0,0,0.993099,0.0069010044
0,0,0.99550605,0.004493962
0,0,0.9966942,0.0033058159
0,0,0.9966809,0.0033191086
0,0,0.95540535,0.04459466
0,0,0.99565053,0.0043494715
0,0,0.99667805,0.0033219557
0,0,0.996644,0.0033559515
0,0,0.99658805,0.0034119468
0,0,0.9909953,0.009004705
0,0,0.9963459,0.003654139
0,0,0.9966987,0.0033013332
0,0,0.9966928,0.0033072315
0,0,0.9952961,0.0047038924
0,0,0.99133325,0.008666739
0,0,0.9627954,0.037204612
0,0,0.9962685,0.0037314668
0,0,0.99602616,0.0039738603
0,0,0.9966604,0.0033395896
0,0,0.9966186,0.0033813752
0,0,0.9963638,0.003636192
0,0,0.9966746,0.0033254072
0,0,0.98049927,0.01950074
0,0,0.99670225,0.0032977718
0,0,0.9966827,0.0033173126
0,0,0.99134105,0.008658954
0,0,0.9965847,0.0034152644
0,0,0.98594415,0.01405584
0,0,0.99654675,0.0034532656
0,0,0.98276216,0.01723785
0,0,0.9966499,0.0033500525
0,0,0.9966461,0.0033539203
0,0,0.9965708,0.0034291768
0,0,0.9965166,0.0034834042
0,0,0.9959085,0.004091492
0,0,0.99668974,0.0033102366
0,0,0.99576,0.004239974
0,0,0.9945578,0.005442183
0,0,0.99470603,0.0052939844
0,0,0.99665815,0.0033418678
0,0,0.60688543,0.39311454
0,0,0.9966433,0.0033566852
0,0,0.99633783,0.003662198
0,0,0.9962151,0.003784877
0,0,0.9880131,0.01198689
0,0,0.99669665,0.0033033704
0,0,0.99665093,0.0033490767
0,0,0.99474615,0.0052538374
0,0,0.993752,0.0062479796
0,0,0.99644065,0.0035593703
0,0,0.9890304,0.010969551
0,0,0.99531937,0.0046806163
0,0,0.99668556,0.0033144415
0,0,0.99667794,0.0033220502
0,0,0.9834639,0.016536139
0,0,0.99671465,0.0032853663
0,0,0.9825545,0.017445484
0,0,0.98713326,0.012866758
0,0,0.9964011,0.003598925
0,0,0.99669665,0.0033033704
0,0,0.9967501,0.0032498583
0,0,0.9963509,0.0036491116
0,0,0.99585897,0.0041410155
0,0,0.9966748,0.0033251953
0,0,0.99668527,0.0033147563
0,0,0.99608004,0.0039199498
0,0,0.99669933,0.0033006915
0,0,0.9966748,0.0033251953
0,0,0.9965784,0.0034216016
0,0,0.99317586,0.0068241423
0,0,0.99663407,0.003365918
0,0,0.9950818,0.004918238
0,0,0.99670225,0.003297742
0,0,0.99372315,0.006276841
0,0,0.99643624,0.0035637822
0,0,0.99550724,0.0044927634
0,0,0.99616575,0.0038342574
0,0,0.9966542,0.0033457628
0,0,0.9872058,0.012794211
0,0,0.996604,0.0033959844
0,0,0.9963978,0.003602225
0,0,0.99635655,0.0036434554
0,0,0.996513,0.003487008
0,0,0.99569523,0.0043047643
0,0,0.99669284,0.0033071497
0,0,0.9938066,0.0061933775
0,0,0.99640006,0.0035999597
0,0,0.9966928,0.0033072315
0,0,0.9965722,0.0034278051
0,0,0.99595565,0.004044377
0,0,0.9946414,0.005358564
0,0,0.99669665,0.0033033704
0,0,0.9966722,0.003327788
0,0,0.9966447,0.0033553313
0,0,0.9965713,0.0034286752
0,0,0.99667996,0.0033200237
0,0,0.9962,0.0037999717
0,0,0.9965079,0.0034921037
0,0,0.9936303,0.006369691
0,0,0.99665964,0.0033403484
0,0,0.9883467,0.011653329
0,0,0.9899386,0.010061365
0,0,0.9966872,0.003312802
0,0,0.99636906,0.0036309185
0,0,0.989994,0.010006001
0,0,0.99665093,0.0033490767
0,0,0.99660003,0.0033999535
0,0,0.99581957,0.0041804034
0,0,0.996681,0.0033190395
0,0,0.9716161,0.028383903
0,0,0.98330367,0.016696356
0,0,0.99640876,0.0035912609
0,0,0.9944853,0.005514687
0,0,0.9962208,0.0037791673
0,0,0.9932049,0.0067950888
0,0,0.99634916,0.0036508318
0,0,0.9858098,0.014190185
0,0,0.9966725,0.0033275143
0,0,0.99661326,0.0033867303
0,0,0.9964507,0.003549307
0,0,0.9966629,0.0033370575
0,0,0.9964921,0.003507941
0,0,0.9967169,0.0032830546
0,0,0.99382985,0.006170147
0,0,0.9956765,0.0043234564
0,0,0.9968635,0.0031365426
0,0,0.9932443,0.0067556994
0,0,0.9949596,0.005040423
0,0,0.99005365,0.009946341
0,0,0.9967293,0.003270656
0,0,0.9966752,0.0033248065
0,0,0.97975475,0.020245282
0,0,0.9958324,0.0041675996
0,0,0.99656945,0.0034305623
0,0,0.98842347,0.011576555
0,0,0.9960204,0.0039796364
0,0,0.99652946,0.0034705405
0,0,0.99627805,0.0037219508
0,0,0.9957855,0.004214541
0,0,0.9961301,0.0038699128
0,0,0.9905357,0.009464322
0,0,0.99669284,0.0033071497
0,0,0.99499524,0.005004777
0,0,0.9964808,0.003519172
0,0,0.9968011,0.0031989282
0,0,0.9966752,0.0033248065
0,0,0.99571663,0.0042833835
0,0,0.98599106,0.014008967
0,0,0.9846158,0.015384175
0,0,0.9966834,0.0033165922
0,0,0.9966781,0.0033218658
0,0,0.99655664,0.0034433391
0,0,0.9966438,0.0033562323
0,0,0.99668926,0.003310737
0,0,0.9966553,0.003344709
0,0,0.996372,0.00362803
0,0,0.99513847,0.004861543
0,0,0.9962771,0.0037228828
0,0,0.99225783,0.0077421693
0,0,0.91718614,0.08281389
0,0,0.99514395,0.0048560253
0,0,0.99668896,0.0033110154
0,0,0.997163,0.0028369897
0,0,0.99041724,0.009582733
0,0,0.99684364,0.0031563654
0,0,0.99668413,0.0033158641
0,0,0.9960258,0.0039742286
0,0,0.99422663,0.0057733534
0,0,0.9843383,0.015661707
0,0,0.9954112,0.004588812
0,0,0.9963998,0.0036001531
0,0,0.99094653,0.009053442
0,0,0.99665314,0.0033468683
0,0,0.9963904,0.0036095916
0,0,0.996646,0.0033540078
0,0,0.990671,0.009329009
0,0,0.9892206,0.010779354
0,0,0.98730195,0.01269805
0,0,0.9966872,0.003312802
0,0,0.9932799,0.0067201494
0,0,0.9957887,0.0042113205
0,0,0.98977846,0.010221518
0,0,0.9922512,0.0077487766
0,0,0.99552464,0.0044753533
0,0,0.99347866,0.006521369
0,0,0.99598104,0.0040189666
0,0,0.9951815,0.0048185047
0,0,0.9966834,0.0033165922
0,0,0.99654126,0.0034587116
0,0,0.9967633,0.0032367154
0,0,0.9936399,0.006360104
0,0,0.9958028,0.0041971966
0,0,0.99436235,0.0056376164
0,0,0.99669665,0.0033033704
0,0,0.99674064,0.0032593547
0,0,0.9966706,0.0033294128
0,0,0.9966748,0.0033251953
0,0,0.81066716,0.18933287
0,0,0.996688,0.0033119929
0,0,0.9946636,0.005336428
0,0,0.9966548,0.0033451903
0,0,0.99670523,0.0032947876
0,0,0.99661255,0.0033874772
0,0,0.9966403,0.00335966
0,0,0.9965811,0.0034189324
0,0,0.9962989,0.0037010761
0,0,0.9966872,0.003312802
0,0,0.99483323,0.0051667555
0,0,0.9931922,0.006807799
0,0,0.99408716,0.005912868
0,0,0.99667346,0.0033265231
0,0,0.99538237,0.004617633
0,0,0.9966672,0.0033328163
0,0,0.9963865,0.0036134683
0,0,0.99442106,0.0055789435
0,0,0.99679023,0.0032097509
0,0,0.99665564,0.0033443798
0,0,0.9941493,0.0058506564
0,0,0.9954547,0.0045453003
0,0,0.98621494,0.013785091
0,0,0.99667645,0.0033235508
0,0,0.9968584,0.0031415636
0,0,0.9965868,0.0034131876
0,0,0.9916699,0.008330088
0,0,0.99669665,0.0033033704
0,0,0.99544567,0.0045543145
0,0,0.98537636,0.014623618
0,0,0.9966804,0.003319612
0,0,0.99576867,0.004231334
0,0,0.99597,0.0040299795
0,0,0.99669665,0.0033033704
0,0,0.9965771,0.003422909
0,0,0.99667937,0.0033206502
0,0,0.994753,0.005246981
0,0,0.9908577,0.009142287
0,0,0.9968638,0.0031362264
0,0,0.9962246,0.0037754097
0,0,0.99664885,0.0033511256
0,0,0.99668944,0.003310572
0,0,0.99668413,0.0033158641
0,0,0.99667996,0.0033200237
0,0,0.9957645,0.0042355335
0,0,0.98369336,0.016306669
0,0,0.9966876,0.0033124194
0,0,0.9949946,0.0050054397
0,0,0.9964359,0.0035640968
0,0,0.9966887,0.0033112639
0,0,0.996566,0.003433999
0,0,0.9844109,0.015589141
0,0,0.99234587,0.0076541235
0,0,0.9967026,0.0032973816
0,0,0.9960305,0.003969494
0,0,0.9948001,0.005199893
0,0,0.9943383,0.0056617386
0,0,0.99666446,0.0033355386
0,0,0.9934412,0.0065587754
0,0,0.99654603,0.0034539434
0,0,0.99662906,0.0033709528
0,0,0.9966433,0.0033566852
0,0,0.99635315,0.0036468308
0,0,0.99621004,0.0037899774
0,0,0.9966587,0.003341301
0,0,0.99668473,0.0033152462
0,0,0.9965416,0.003458388
0,0,0.99679804,0.0032019536
0,0,0.99135697,0.00864301
0,0,0.9907097,0.009290264
0,0,0.9961639,0.003836108
0,0,0.99669373,0.0033062934
0,0,0.9941553,0.0058446857
0,0,0.9966737,0.0033262875
0,0,0.99667144,0.0033285727
0,0,0.9937663,0.006233663
0,0,0.9954547,0.0045452463
0,0,0.9941623,0.0058376687
0,0,0.99625254,0.0037474334
0,0,0.99598354,0.0040164688
0,0,0.99648243,0.0035175718
0,0,0.9963298,0.003670191
0,0,0.9878722,0.012127839
0,0,0.99667925,0.0033207468
0,0,0.99617875,0.0038212352
0,0,0.99636686,0.0036331636
0,0,0.99676114,0.0032388514
0,0,0.996053,0.0039470205
0,0,0.9952637,0.004736304
0,0,0.99633,0.0036699537
0,0,0.99658704,0.0034129394
0,0,0.9955485,0.004451504
0,0,0.99704325,0.002956743
0,0,0.99669665,0.0033033704
0,0,0.9966958,0.0033042075
0,0,0.9952167,0.004783256
0,0,0.99668133,0.0033186767
0,0,0.9964973,0.0035027128
0,0,0.99657845,0.0034215315
0,0,0.99667895,0.0033210323
0,0,0.9894685,0.010531491
0,0,0.9961493,0.0038507166
0,0,0.9937427,0.0062573184
0,0,0.97445434,0.025545651
0,0,0.99510646,0.0048935586
0,0,0.9967021,0.0032978957
0,0,0.99672556,0.0032744482
0,0,0.9824298,0.01757019
0,0,0.99570453,0.0042954646
0,0,0.99658895,0.0034110523
0,0,0.98983324,0.010166793
0,0,0.94397867,0.056021344
0,0,0.9948279,0.005172084
0,0,0.99663705,0.003362957
0,0,0.99640787,0.0035921498
0,0,0.99669284,0.0033071497
0,0,0.9957913,0.00420867
0,0,0.9940077,0.0059922985
0,0,0.9968831,0.0031169222
0,0,0.99656314,0.003436877
0,0,0.99664456,0.0033554381
0,0,0.9964933,0.0035067277
0,0,0.9872425,0.012757494
0,0,0.996663,0.0033370417
0,0,0.99590844,0.004091542
0,0,0.9838537,0.016146274
0,0,0.995861,0.004139006
0,0,0.99668944,0.003310572
0,0,0.9700054,0.029994609
0,0,0.9821685,0.017831476
0,0,0.99672765,0.0032723541
0,0,0.99669147,0.003308552
0,0,0.9966517,0.003348276
0,0,0.99669665,0.0033033704
0,0,0.9964163,0.003583708
0,0,0.94979864,0.050201345
0,0,0.99537843,0.004621584
0,0,0.99303377,0.006966259
0,0,0.9960414,0.003958574
0,0,0.99571866,0.0042813136
0,0,0.9965836,0.0034164025
0,0,0.976758,0.023241969
0,0,0.99663305,0.0033669549
0,0,0.9958508,0.00414919
0,0,0.9966834,0.0033165922
0,0,0.996682,0.0033179985
0,0,0.9959515,0.004048529
0,0,0.99201286,0.007987115
0,0,0.99649984,0.0035001654
0,0,0.99653524,0.0034647305
0,0,0.9964277,0.0035722824
0,0,0.9966664,0.0033336307
0,0,0.99499726,0.005002721
0,0,0.9950248,0.0049752183
0,0,0.99562436,0.0043756636
0,0,0.99546593,0.0045340694
0,0,0.9893581,0.010641852
0,0,0.9913546,0.00864542
0,0,0.9966834,0.0033165922
0,0,0.9966459,0.0033540893
0,0,0.99500376,0.0049962364
0,0,0.9966548,0.0033451903
0,0,0.9962392,0.0037608107
0,0,0.99698055,0.0030194349
0,0,0.99652493,0.0034750686
0,0,0.9967024,0.0032976135
0,0,0.99700165,0.0029983402
0,0,0.9952528,0.0047472315
0,0,0.9966872,0.003312802
0,0,0.99669665,0.0033033704
0,0,0.99476254,0.005237438
0,0,0.7647169,0.23528308
0,0,0.9945473,0.005452718
0,0,0.91857165,0.08142837
0,0,0.98837876,0.011621207
0,0,0.9843056,0.015694352
0,0,0.992914,0.0070859767
0,0,0.9966817,0.0033182949
0,0,0.9967225,0.0032774843
0,0,0.9966381,0.0033618752
0,0,0.99664235,0.003357636
0,0,0.9906264,0.0093736295
0,0,0.9957439,0.004256135
0,0,0.996792,0.0032080058
0,0,0.99516463,0.004835377
0,0,0.9966661,0.0033338983
0,0,0.9968366,0.0031634113
0,0,0.9872286,0.012771399
0,0,0.9948984,0.0051016356
0,0,0.99399215,0.006007849
0,0,0.9963624,0.0036376074
0,0,0.995046,0.004953995
0,0,0.99611944,0.003880565
0,0,0.99616945,0.0038305253
0,0,0.9954907,0.0045093177
0,0,0.9935911,0.0064088535
0,0,0.99122834,0.00877163
0,0,0.9951233,0.004876674
0,0,0.99495524,0.005044756
0,0,0.99658173,0.0034182682
0,0,0.9172698,0.08273015
0,0,0.99384093,0.0061590425
0,0,0.99640447,0.0035955308
0,0,0.9943213,0.005678727
0,0,0.99666137,0.0033386329
0,0,0.99639827,0.0036017594
0,0,0.99672323,0.0032767397
0,0,0.99390125,0.0060987645
0,0,0.99669665,0.0033033704
0,0,0.99679506,0.003204923
0,0,0.9917528,0.008247198
0,0,0.9953088,0.004691211
0,0,0.9969049,0.0030950913
0,0,0.9958011,0.0041988827
0,0,0.9578512,0.042148806
0,0,0.9876217,0.012378251
0,0,0.9946754,0.0053245984
0,0,0.9966746,0.0033254072
0,0,0.52182865,0.47817135
0,0,0.9966834,0.0033165922
0,0,0.9967356,0.0032644349
0,0,0.9962092,0.0037907767
0,0,0.99480176,0.0051982473
0,0,0.99696755,0.0030324387
0,0,0.9966548,0.0033451903
0,0,0.9966709,0.0033291155
0,0,0.9964249,0.0035750854
0,0,0.99331343,0.006686574
0,0,0.99669665,0.0033033704
0,0,0.99669164,0.0033083681
0,0,0.9961283,0.0038716816
0,0,0.99668944,0.003310572
0,0,0.9967961,0.0032039236
0,0,0.996688,0.0033119929
0,0,0.99522436,0.0047756145
0,0,0.9966874,0.0033125752
0,0,0.99522936,0.0047706105
0,0,0.99670994,0.003290082
0,0,0.9937786,0.0062214104
0,0,0.99646515,0.0035348616
0,0,0.99620473,0.0037952634
0,0,0.99147445,0.00852556
0,0,0.9907911,0.009208892
0,0,0.9966872,0.003312802
0,0,0.9534712,0.046528846
0,0,0.9913972,0.008602777
0,0,0.98797023,0.012029778
0,0,0.9963047,0.0036953238
0,0,0.9959843,0.0040157097
0,0,0.9960997,0.0039002725
0,0,0.996668,0.003332026
0,0,0.9838017,0.016198305
0,0,0.99667263,0.0033273958
0,0,0.9958028,0.0041971966
0,0,0.99658793,0.003412041
0,0,0.9935296,0.0064703985
0,0,0.99299675,0.007003245
0,0,0.9967061,0.0032938514
0,0,0.99666756,0.003332463
0,0,0.992011,0.007988962
0,0,0.99489784,0.0051021585
0,0,0.99667853,0.0033214476
0,0,0.99669665,0.0033033704
0,0,0.9966589,0.0033410804
0,0,0.9961182,0.003881802
0,0,0.9961449,0.0038550852
0,0,0.99607843,0.0039215847
0,0,0.99551153,0.004488476
0,0,0.99668944,0.003310572
0,0,0.9973676,0.0026323826
0,0,0.99668384,0.0033161507
0,0,0.99051845,0.00948152
0,0,0.99623466,0.0037653514
0,0,0.99663657,0.0033634224
0,0,0.99665827,0.0033417537
0,0,0.99477714,0.005222838
0,0,0.99669427,0.0033057213
0,0,0.99130416,0.008695817
0,0,0.9966566,0.0033434092
0,0,0.9967024,0.003297601
0,0,0.9962395,0.0037605462
0,0,0.99668205,0.0033179733
0,0,0.9967695,0.0032305126
0,0,0.99664783,0.0033521373
0,0,0.9966891,0.0033109228
0,0,0.9957963,0.004203673
0,0,0.99335533,0.0066446615
0,0,0.99666274,0.0033372687
0,0,0.9967577,0.0032423155
0,0,0.9959108,0.0040891995
0,0,0.99667037,0.0033296468
0,0,0.9932095,0.006790507
0,0,0.9966872,0.003312802
0,0,0.9962844,0.003715582
0,0,0.9966867,0.0033133326
0,0,0.99044424,0.009555739
0,0,0.99665034,0.003349653
0,0,0.9957659,0.004234084
0,0,0.9931225,0.0068775015
0,0,0.99671566,0.003284322
0,0,0.9966705,0.0033295155
0,0,0.996783,0.003217007
0,0,0.9845092,0.015490771
0,0,0.9961644,0.0038355924
0,0,0.99580497,0.004195029
0,0,0.9958195,0.0041804947
0,0,0.9953519,0.004648116
0,0,0.99669355,0.0033064205
0,0,0.99473995,0.0052600736
0,0,0.9940422,0.0059577636
0,0,0.996363,0.00363702
0,0,0.98848456,0.011515415
0,0,0.99666995,0.0033300582
0,0,0.9966785,0.0033215247
0,0,0.99669886,0.0033011544
0,0,0.99669665,0.0033033704
0,0,0.99387294,0.00612706
0,0,0.99072236,0.0092776595
0,0,0.9966041,0.0033959134
0,0,0.99496245,0.0050375448
0,0,0.99672514,0.0032748512
0,0,0.99593735,0.004062682
0,0,0.9965629,0.0034371042
0,0,0.97430515,0.025694858
0,0,0.99531573,0.004684274
0,0,0.9866807,0.013319306
0,0,0.9967271,0.0032728768
0,0,0.99647343,0.0035265654
0,0,0.9967988,0.003201205
0,0,0.99632126,0.0036787433
0,0,0.9968011,0.0031989282
0,0,0.99670225,0.003297742
0,0,0.9966509,0.0033491005
0,0,0.99571896,0.004281074
0,0,0.99556535,0.004434624
0,0,0.9967068,0.0032931955
0,0,0.9969244,0.003075573
0,0,0.9909791,0.009020902
0,0,0.9964264,0.0035735827
0,0,0.996682,0.0033179985
0,0,0.996546,0.003454001
0,0,0.9953733,0.004626698
0,0,0.99690014,0.0030998325
0,0,0.9966977,0.0033022591
0,0,0.97576153,0.024238452
0,0,0.9966699,0.003330093
0,0,0.99669814,0.0033018496
0,0,0.9968432,0.0031568035
0,0,0.99667925,0.0033207468
0,0,0.9966928,0.0033072315
0,0,0.9967605,0.0032394857
0,0,0.99667865,0.0033213715
0,0,0.994499,0.005500944
0,0,0.98230845,0.017691545
0,0,0.9966604,0.0033395896
0,0,0.9963146,0.0036853887
0,0,0.9939202,0.006079804
0,0,0.98624575,0.013754276
0,0,0.99622875,0.0037712709
0,0,0.99668944,0.003310572
0,0,0.9966834,0.0033165922
0,0,0.9962592,0.0037408029
0,0,0.9957582,0.004241821
0,0,0.9966824,0.003317576
0,0,0.99668926,0.003310737
0,0,0.9957825,0.00421748
0,0,0.9958825,0.004117517
0,0,0.9967191,0.0032808522
0,0,0.99668944,0.003310572
0,0,0.9918512,0.008148811
0,0,0.99298215,0.007017864
0,0,0.9961046,0.0038953773
0,0,0.9937086,0.0062913983
0,0,0.9958544,0.004145614
0,0,0.9855335,0.01446653
0,0,0.99684167,0.0031583107
0,0,0.9937007,0.00629933
0,0,0.99607366,0.0039263447
0,0,0.99670875,0.003291238
0,0,0.9928592,0.007140798
0,0,0.99666005,0.0033399563
0,0,0.99662143,0.0033785768
0,0,0.99487746,0.005122572
0,0,0.9961296,0.0038704423
0,0,0.91274476,0.087255225
0,0,0.9920011,0.007998885
0,0,0.99668413,0.0033158641
0,0,0.99412555,0.005874473
0,0,0.99187577,0.008124251
0,0,0.9946824,0.00531762
0,0,0.9961541,0.0038458984
0,0,0.99668413,0.0033158641
0,0,0.9882383,0.01176172
0,0,0.99247974,0.007520234
0,0,0.9963373,0.0036627268
0,0,0.9955707,0.004429299
0,0,0.993854,0.006146033
0,0,0.9966809,0.0033191086
0,0,0.9965838,0.0034161715
0,0,0.9961641,0.0038359077
0,0,0.99686307,0.0031369408
0,0,0.99622226,0.0037777422
0,0,0.9966698,0.003330161
0,0,0.99668944,0.003310572
0,0,0.9966834,0.0033165922
0,0,0.99667925,0.0033207468
0,0,0.99667925,0.0033207468
0,0,0.99665844,0.0033415423
0,0,0.9966955,0.0033045057
0,0,0.97510767,0.02489231
0,0,0.98713195,0.012868053
0,0,0.99629116,0.00370881
0,0,0.99668854,0.0033114578
0,0,0.9934702,0.00652982
0,0,0.99651176,0.003488254
0,0,0.99566525,0.004334771
0,0,0.97400016,0.025999833
0,0,0.9964709,0.003529063
0,0,0.9863917,0.013608304
0,0,0.99667615,0.003323873
0,0,0.99688405,0.0031159488
0,0,0.99307185,0.006928128
0,0,0.99661475,0.0033852418
0,0,0.99376535,0.0062346496
0,0,0.9961134,0.0038865767
0,0,0.9966822,0.003317754
0,0,0.9965665,0.003433501
0,0,0.9886852,0.011314826
0,0,0.99656653,0.0034334704
0,0,0.99667996,0.0033200237
0,0,0.9966604,0.0033395896
0,0,0.99544287,0.004557115
0,0,0.9966705,0.00332949
0,0,0.9966752,0.0033248065
0,0,0.99668896,0.0033110154
0,0,0.99665713,0.0033428497
0,0,0.9945063,0.005493678
0,0,0.99222094,0.0077790455
0,0,0.9966834,0.0033165922
0,0,0.9966809,0.0033191086
0,0,0.99656487,0.0034351072
0,0,0.99619126,0.0038087543
0,0,0.9966784,0.0033216085
0,0,0.88792896,0.11207101
0,0,0.9934384,0.0065615666
0,0,0.99459875,0.005401231
0,0,0.99635017,0.0036498033
0,0,0.99673307,0.003266912
0,0,0.99665576,0.003344256
0,0,0.99631846,0.0036815545
0,0,0.9964542,0.003545794
0,0,0.9961851,0.0038148982
0,0,0.99555707,0.0044429414
0,0,0.99669665,0.0033033704
0,0,0.9952373,0.0047627343
0,0,0.98353636,0.016463611
0,0,0.9963057,0.003694313
0,0,0.99667424,0.0033257375
0,0,0.9965272,0.0034728202
0,0,0.97044617,0.029553836
0,0,0.99643815,0.0035618572
0,0,0.9966731,0.0033268677
0,0,0.99450386,0.0054961275
0,0,0.9966582,0.00334179
0,0,0.99581724,0.0041827285
0,0,0.9966748,0.0033251953
0,0,0.9967275,0.0032724598
0,0,0.99668896,0.0033110154
0,0,0.99674064,0.0032593547
0,0,0.9957407,0.0042592683
0,0,0.99670565,0.0032943552
0,0,0.9966876,0.0033124194
0,0,0.99454147,0.005458521
0,0,0.99368805,0.0063119745
0,0,0.99672544,0.0032745306
0,0,0.9945901,0.005409904
0,0,0.9951229,0.004877079
0,0,0.9969933,0.0030067135
0,0,0.9968499,0.0031501274
0,0,0.9966963,0.0033037127
0,0,0.99683297,0.0031670087
0,0,0.9958903,0.0041096834
0,0,0.9623472,0.03765281
0,0,0.9963732,0.0036268374
0,0,0.9966784,0.0033216085
0,0,0.9966787,0.0033213133
0,0,0.99662083,0.0033791375
0,0,0.9966872,0.003312802
0,0,0.99566656,0.0043334295
0,0,0.98337364,0.016626365
0,0,0.9966854,0.0033145894
0,0,0.9959642,0.0040357695
0,0,0.99151003,0.008489958
0,0,0.9966876,0.0033124194
0,0,0.99658865,0.0034113454
0,0,0.9876344,0.0123655675
0,0,0.9964508,0.0035492259
0,0,0.996626,0.003373964
0,0,0.98810387,0.011896129
0,0,0.9929797,0.007020283
0,0,0.99621487,0.0037851392
0,0,0.996126,0.0038739885
0,0,0.9956626,0.0043373895
0,0,0.99669147,0.003308552
0,0,0.9954372,0.0045628096
0,0,0.9957615,0.004238479
0,0,0.9966748,0.0033251953
0,0,0.99554676,0.0044532456
0,0,0.9966477,0.0033522933
0,0,0.99654996,0.0034500135
0,0,0.996678,0.0033220313
0,0,0.99668413,0.0033158718
0,0,0.9965377,0.0034622913
0,0,0.995313,0.0046870313
0,0,0.9967439,0.003256103
0,0,0.99666417,0.0033358573
0,0,0.99681,0.0031899908
0,0,0.9931391,0.0068608825
0,0,0.996661,0.0033389658
0,0,0.9955565,0.0044435295
0,0,0.9965788,0.0034211606
0,0,0.99311084,0.006889174
0,0,0.9955034,0.004496546
0,0,0.99641955,0.0035804708
0,0,0.99622315,0.0037768648
0,0,0.99631745,0.0036825656
0,0,0.9904887,0.009511294
0,0,0.99546635,0.0045336476
0,0,0.996276,0.0037239494
0,0,0.99676466,0.0032353618
0,0,0.99561167,0.004388318
0,0,0.99668896,0.0033110154
0,0,0.99669147,0.003308552
0,0,0.9960783,0.0039216983
0,0,0.9963162,0.0036838115
0,0,0.99028486,0.009715162
0,0,0.9964441,0.0035558732
0,0,0.9845551,0.015444856
0,0,0.9966716,0.003328389
0,0,0.9955753,0.004424686
0,0,0.77066076,0.22933923
0,0,0.99669284,0.0033071497
0,0,0.99136156,0.008638415
0,0,0.9966625,0.0033375318
0,0,0.99667853,0.0033214411
0,0,0.99668247,0.0033175065
0,0,0.99644285,0.003557164
0,0,0.99640703,0.0035929403
0,0,0.994006,0.0059940056
0,0,0.9968218,0.003178198
0,0,0.99595565,0.0040443437
0,0,0.99626684,0.0037331674
0,0,0.9923449,0.007655058
0,0,0.9909222,0.009077777
0,0,0.9921583,0.007841708
0,0,0.996604,0.0033959844
0,0,0.9964295,0.0035704954
0,0,0.9966834,0.0033165922
0,0,0.9965885,0.0034114479
0,0,0.9866394,0.013360616
0,0,0.99603546,0.003964535
0,0,0.99669516,0.0033048198
0,0,0.9966928,0.0033072315
0,0,0.98221904,0.017780965
0,0,0.99669665,0.0033033704
0,0,0.9952569,0.004743079
0,0,0.9949351,0.0050649075
0,0,0.9965557,0.0034442965
0,0,0.99643064,0.003569371
0,0,0.99586785,0.004132141
0,0,0.99668413,0.0033158641
0,0,0.96633106,0.033668958
0,0,0.99669707,0.003302907
0,0,0.99508417,0.004915835
0,0,0.9925347,0.007465317
0,0,0.9965735,0.003426465
0,0,0.99346995,0.0065300493
0,0,0.99683523,0.0031647545
0,0,0.9964284,0.0035716356
1,0,0.90625554,0.09374446
0,0,0.99672055,0.0032794413
0,0,0.9967748,0.0032251813
0,0,0.9959374,0.0040625986
0,0,0.99665964,0.0033403484
0,0,0.99636376,0.0036362305
0,0,0.9966615,0.0033385346
0,0,0.9966594,0.0033405866
0,0,0.99614,0.0038599977
0,0,0.99671376,0.003286219
0,0,0.9966642,0.0033357446
0,0,0.97800344,0.021996569
0,0,0.9959104,0.0040895957
0,0,0.9965708,0.0034291768
0,0,0.9966984,0.0033015967
0,0,0.99645233,0.0035476442
0,0,0.9951633,0.004836696
0,0,0.9958373,0.004162748
0,0,0.9966868,0.0033131673
0,0,0.9966675,0.0033325234
0,0,0.9966905,0.0033095034
0,0,0.99669665,0.0033033704
0,0,0.9966447,0.0033553422
0,0,0.9954697,0.0045303325
0,0,0.9966784,0.0033216085
0,0,0.99663305,0.0033669549
0,0,0.9966872,0.003312802
0,0,0.9965713,0.0034286752
0,0,0.9928915,0.007108524
0,1,0.31923467,0.68076533
0,0,0.99670225,0.003297742
0,0,0.9963822,0.0036178385
0,0,0.9885775,0.011422506
0,0,0.99118894,0.008811046
0,0,0.98704714,0.012952872
0,0,0.9969795,0.0030205387
0,0,0.99660367,0.003396336
0,0,0.98883307,0.011166953
0,0,0.996068,0.0039319824
0,0,0.9965593,0.0034406744
0,0,0.9966422,0.0033578405
0,0,0.9856876,0.01431241
0,0,0.99632335,0.0036766431
0,0,0.9709115,0.0290885
0,0,0.99440736,0.0055926633
0,0,0.9966418,0.0033581927
0,0,0.9959217,0.0040783025
0,0,0.9966745,0.0033255036
0,0,0.99659234,0.0034076464
0,0,0.9965772,0.0034227902
0,0,0.9966925,0.0033074925
0,0,0.99699295,0.0030070408
0,0,0.98841625,0.0115837315
0,0,0.9952186,0.0047814287
0,0,0.9966722,0.003327788
0,0,0.9931297,0.0068703075
0,0,0.99685293,0.0031470906
0,0,0.9966928,0.0033072315
0,0,0.989097,0.010903027
0,0,0.99666965,0.0033303385
0,0,0.9964945,0.003505555
0,0,0.9966696,0.0033304114
0,0,0.99570775,0.004292221
0,0,0.99660176,0.0033982138
0,0,0.9966844,0.0033156136
0,0,0.99664503,0.0033549548
0,0,0.99196506,0.008034928
0,0,0.9959732,0.0040267655
0,0,0.9963539,0.0036460476
0,0,0.996756,0.0032439986
0,0,0.9966849,0.0033150902
0,0,0.99639714,0.0036028568
0,0,0.99679273,0.0032072635
0,0,0.9955911,0.0044089137
0,0,0.980161,0.019839006
0,0,0.99669,0.0033100415
0,0,0.996772,0.0032279952
0,0,0.99308306,0.0069169174
0,0,0.99666387,0.0033361046
0,0,0.9969215,0.0030785336
0,0,0.99671626,0.0032837677
0,0,0.9966834,0.0033165922
0,0,0.99672556,0.0032744482
0,0,0.99669665,0.0033033704
0,0,0.9959871,0.004012905
0,0,0.99669784,0.0033021586
0,0,0.98572725,0.014272747
0,0,0.9963548,0.0036451642
0,0,0.94719034,0.05280964
0,0,0.99669886,0.0033011544
0,0,0.9967588,0.0032411644
0,0,0.99665636,0.003343628
0,0,0.98205155,0.017948434
0,0,0.9964756,0.0035244413
0,0,0.99668944,0.003310572
0,0,0.99664044,0.0033595401
0,0,0.99678594,0.003214079
0,0,0.99071455,0.009285438
0,0,0.99656695,0.003433056
0,0,0.9963594,0.0036406196
0,0,0.9963984,0.0036015867
0,0,0.99028754,0.00971246
0,0,0.9453672,0.054632798
0,0,0.9951507,0.0048493133
0,0,0.99637616,0.0036238506
0,0,0.99457526,0.0054247538
0,0,0.99668896,0.0033110154
0,0,0.99453807,0.0054619214
0,0,0.996769,0.003230984
0,0,0.9950857,0.0049142796
0,0,0.9966551,0.0033448886
0,0,0.9931394,0.0068606418
0,0,0.995914,0.004086016
0,0,0.9965954,0.0034046052
0,0,0.9945665,0.005433526
0,0,0.9287313,0.07126869
0,0,0.9918963,0.008103712
0,0,0.996688,0.0033119929
0,0,0.9946247,0.0053753085
0,0,0.99667996,0.0033200237
0,0,0.99680865,0.0031913754
0,0,0.9960466,0.003953381
0,0,0.99666744,0.003332544
0,0,0.9958271,0.0041729007
0,0,0.9839515,0.016048465
0,0,0.9966748,0.0033251953
0,0,0.9882008,0.011799196
0,0,0.99667996,0.0033200237
0,0,0.9966719,0.003328062
0,0,0.99545044,0.0045495657
0,0,0.9966925,0.0033074925
0,0,0.99508864,0.0049113403
0,0,0.9959833,0.004016698
0,0,0.993072,0.006928024
0,0,0.99669665,0.0033033704
0,0,0.99657965,0.0034203236
0,0,0.99457234,0.005427633
0,0,0.9382137,0.061786313
0,0,0.99477065,0.0052293427
0,0,0.9966883,0.0033116797
0,0,0.99668974,0.0033102902
0,0,0.9966857,0.0033143342
0,0,0.97657764,0.023422355
0,0,0.9966736,0.0033263888
0,0,0.9815668,0.01843322
0,0,0.996685,0.0033149596
0,0,0.9958196,0.0041803955
0,0,0.9963364,0.0036635955
0,0,0.9716086,0.028391441
0,0,0.9966724,0.0033275792
0,0,0.9966608,0.0033391928
0,0,0.9966823,0.0033177305
0,0,0.9968838,0.003116165
0,0,0.9946968,0.0053031803
0,0,0.99677193,0.0032280474
0,0,0.99636143,0.0036385946
0,0,0.9957115,0.004288501
0,0,0.9966844,0.003315612
0,0,0.99669665,0.0033033704
0,0,0.99629647,0.0037035125
0,0,0.99666417,0.0033358082
0,0,0.9792234,0.020776624
0,0,0.9966925,0.0033074925
0,0,0.9966949,0.0033050599
0,0,0.99666816,0.003331866
0,0,0.9965626,0.0034373798
0,0,0.99656135,0.0034386497
0,0,0.9966973,0.0033027157
0,0,0.995453,0.004546988
0,0,0.994585,0.005415035
0,0,0.9957375,0.004262495
0,0,0.9968272,0.0031728277
0,0,0.9967649,0.0032350945
0,0,0.9966765,0.0033235003
0,0,0.9965744,0.003425615
0,0,0.9714231,0.028576924
0,0,0.99669385,0.0033061644
0,0,0.9890365,0.01096349
0,0,0.98546135,0.014538633
0,0,0.9960099,0.0039901175
0,0,0.9968382,0.0031617878
0,0,0.991174,0.008826026
0,0,0.9966849,0.003315106
0,0,0.99554634,0.004453677
0,0,0.99575055,0.004249455
0,0,0.9925516,0.0074483766
0,0,0.99576,0.004239952
0,0,0.99666387,0.0033361046
0,0,0.97826713,0.021732863
0,0,0.99595034,0.0040496523
0,0,0.99668384,0.0033161507
0,0,0.9921988,0.0078011747
0,0,0.99612683,0.0038731918
0,0,0.99648386,0.003516145
0,0,0.99537337,0.004626636
0,0,0.99665993,0.0033400627
0,0,0.9833885,0.016611496
0,0,0.9962701,0.0037298559
0,0,0.9966876,0.0033124194
0,0,0.9955938,0.0044062356
0,0,0.99667317,0.003326841
0,0,0.99668944,0.003310572
0,0,0.99372745,0.006272577
0,0,0.9951276,0.0048723556
0,0,0.9958542,0.004145811
0,0,0.99636114,0.0036388398
0,0,0.9733145,0.0266855
0,0,0.9967833,0.0032166832
0,0,0.9969526,0.0030473787
0,0,0.9965091,0.0034909502
0,0,0.99666625,0.0033337541
0,0,0.9158037,0.08419635
0,0,0.9962891,0.0037109496
0,0,0.9958456,0.004154377
0,0,0.99066645,0.00933355
0,0,0.99666935,0.003330677
0,0,0.99524873,0.004751266
0,0,0.99586457,0.004135425
0,0,0.995887,0.004113018
0,0,0.9957289,0.0042710807
0,0,0.99597263,0.0040273503
0,0,0.99669665,0.0033033704
0,0,0.9939083,0.0060917335
0,0,0.9967016,0.0032983862
0,0,0.9966942,0.003305773
0,0,0.9879842,0.012015828
0,0,0.99674433,0.0032556881
0,0,0.96082157,0.039178446
0,0,0.9959287,0.0040713013
0,0,0.99668944,0.003310572
0,0,0.99658746,0.0034125666
0,0,0.99668133,0.0033186767
0,0,0.99669665,0.0033033704
0,0,0.9966748,0.0033251953
0,0,0.9966311,0.003368885
0,0,0.9966846,0.0033153694
0,0,0.99667096,0.0033290489
0,0,0.9965977,0.0034022713
0,0,0.99605393,0.0039460366
0,0,0.9966687,0.0033312803
0,0,0.9962992,0.0037008037
0,0,0.99657685,0.0034231285
0,0,0.99587363,0.0041263956
0,0,0.99669665,0.0033033704
0,0,0.9966722,0.003327774
0,0,0.9967337,0.0032663017
0,1,0.2989868,0.7010132
0,0,0.9966904,0.0033095854
0,0,0.9964296,0.003570387
0,0,0.9912982,0.00870182
0,0,0.9967061,0.0032938514
0,0,0.9958954,0.004104589
0,0,0.99577785,0.0042221425
0,0,0.99155134,0.008448646
0,0,0.99621165,0.0037883522
0,0,0.9966752,0.0033248065
0,0,0.9963148,0.0036851682
0,0,0.99669695,0.0033030752
0,0,0.9966969,0.0033030927
0,0,0.99669665,0.0033033343
0,0,0.9966064,0.0033936098
0,0,0.9960069,0.003993122
0,0,0.99669665,0.0033033704
0,0,0.99664205,0.0033579743
0,0,0.9966967,0.0033032794
0,0,0.9965688,0.0034312275
0,0,0.9953444,0.0046556094
0,0,0.9963034,0.0036966444
0,0,0.99647933,0.0035206804
0,0,0.9964356,0.0035643885
0,0,0.99634343,0.0036565932
0,0,0.9966883,0.0033117142
0,0,0.9955587,0.0044413363
0,0,0.9967464,0.0032535505
0,0,0.99662477,0.0033752534
0,0,0.9966793,0.003320701
0,0,0.9965977,0.0034022713
0,0,0.99638784,0.0036121705
0,0,0.99667954,0.0033204688
0,0,0.9966456,0.003354341
0,0,0.9966128,0.0033872004
0,0,0.9966045,0.0033954808
0,0,0.99600464,0.003995349
0,0,0.99555445,0.0044455403
0,0,0.99557036,0.004429627
0,0,0.99669665,0.0033033704
0,0,0.98154944,0.018450566
0,0,0.9955045,0.0044955174
0,0,0.9910563,0.008943658
0,0,0.9966928,0.0033072315
0,0,0.9966771,0.0033228716
0,0,0.945942,0.054058034
0,0,0.9963935,0.0036065045
0,0,0.9967085,0.003291474
0,0,0.9964231,0.003576895
0,0,0.9937555,0.0062444895
0,0,0.99658704,0.0034129703
0,0,0.995685,0.004315016
0,0,0.9965744,0.003425615
0,0,0.9951277,0.0048723347
1,1,0.0033762455,0.99662375
0,0,0.9954677,0.004532275
0,0,0.99666035,0.0033396438
0,0,0.9966639,0.0033360522
0,0,0.98337543,0.016624557
0,0,0.99476755,0.005232444
0,0,0.9956993,0.0043007107
0,0,0.99648863,0.0035113532
0,0,0.996641,0.0033590407
0,0,0.95890546,0.04109454
0,0,0.9664139,0.033586092
0,0,0.9912266,0.008773401
0,0,0.996688,0.0033119929
0,0,0.9928568,0.007143198
0,0,0.9920602,0.007939834
0,0,0.99668384,0.0033161507
0,0,0.99575454,0.0042454335
0,0,0.9964244,0.003575612
0,0,0.9932122,0.006787765
0,0,0.99656785,0.0034321458
0,0,0.996335,0.0036649427
0,0,0.996727,0.003272984
0,0,0.99666494,0.0033350377
0,0,0.88687485,0.11312512
0,0,0.99669665,0.0033033704
0,0,0.99668384,0.0033161507
0,0,0.9794544,0.020545628
0,0,0.9966834,0.0033165922
0,0,0.9965851,0.0034149543
0,0,0.98433656,0.015663465
0,0,0.99317646,0.006823525
0,0,0.9966928,0.0033072315
0,0,0.96415514,0.03584485
0,0,0.99663293,0.0033670366
0,0,0.99669665,0.0033033704
0,0,0.996345,0.0036550073
0,0,0.9692344,0.030765595
0,0,0.99664366,0.0033563566
0,0,0.9966409,0.0033591092
0,0,0.9966615,0.0033385346
0,0,0.99644923,0.0035507707
0,0,0.99669665,0.0033033704
0,0,0.9957974,0.004202595
0,0,0.9967172,0.0032828082
0,0,0.995732,0.004267989
0,0,0.99669445,0.003305577
0,0,0.9946547,0.0053452887
0,0,0.9964036,0.0035964053
0,0,0.99697506,0.0030249574
0,0,0.9966772,0.00332278
0,0,0.9920822,0.0079178475
0,0,0.9878146,0.012185377
0,0,0.9965616,0.0034383978
0,0,0.99661416,0.003385834
0,0,0.9967776,0.0032224185
0,0,0.9940822,0.0059177633
0,0,0.99570376,0.004296215
0,0,0.99668896,0.0033110154
0,0,0.9964495,0.003550501
0,0,0.99667054,0.0033294393
0,0,0.99084854,0.009151462
0,0,0.9964203,0.0035796785
0,0,0.9940299,0.0059700944
0,0,0.99505174,0.0049482654
0,0,0.9866287,0.01337128
0,0,0.9853984,0.014601612
0,0,0.996449,0.003551007
0,0,0.9967091,0.0032908986
0,0,0.99658936,0.003410658
0,0,0.92856604,0.071433954
0,0,0.9966652,0.003334827
0,0,0.99668384,0.0033161507
0,0,0.99669665,0.0033033704
0,0,0.995183,0.004817023
0,0,0.9960571,0.003942917
0,0,0.9938099,0.0061901263
0,0,0.9956883,0.0043116696
0,0,0.9964595,0.0035404894
0,0,0.9964542,0.003545819
0,0,0.9966292,0.0033707987
0,0,0.9937901,0.0062098876
0,0,0.99411315,0.0058868728
0,0,0.9966824,0.0033175994
0,0,0.9966911,0.003308895
0,0,0.9967625,0.003237474
0,0,0.9955279,0.004472053
0,0,0.99669665,0.0033033704
0,0,0.9966748,0.0033251953
0,0,0.9963929,0.0036070785
0,0,0.9903394,0.009660631
0,0,0.99667686,0.0033231352
0,0,0.9966955,0.0033044664
0,0,0.99673045,0.003269579
0,0,0.9966799,0.0033201012
0,0,0.99669665,0.0033033704
0,0,0.9965943,0.0034056795
0,0,0.9967242,0.0032757884
0,0,0.9966985,0.0033014948
0,0,0.99574435,0.004255648
0,0,0.9854304,0.014569593
0,0,0.9966876,0.0033124194
0,0,0.9935302,0.006469795
0,0,0.9841444,0.015855618
0,0,0.9964595,0.003540521
0,0,0.99452865,0.0054713655
0,0,0.9966746,0.0033254072
0,0,0.9966928,0.0033072315
0,0,0.996604,0.0033959844
0,0,0.9966743,0.0033257105
0,0,0.99672395,0.003276022
0,0,0.9912366,0.008763351
0,0,0.99666727,0.003332707
0,0,0.9851197,0.014880275
0,0,0.99407643,0.005923559
0,0,0.9958187,0.0041813524
0,0,0.9967643,0.003235722
0,0,0.9967507,0.0032493037
0,0,0.99541616,0.0045838337
0,0,0.9966604,0.0033395896
0,0,0.9483125,0.05168751
0,0,0.99647295,0.0035270734
0,0,0.9617184,0.038281646
0,0,0.9961693,0.0038306818
0,0,0.92734027,0.07265971
0,0,0.95234483,0.047655184
0,0,0.99660003,0.0033999535
0,0,0.99666536,0.0033346668
0,0,0.99667317,0.003326841
0,0,0.996449,0.003551014
0,0,0.99671316,0.0032868376
0,0,0.9965852,0.00341482
0,0,0.99621946,0.0037805212
0,0,0.99640167,0.003598337
0,0,0.98936605,0.010633963
0,0,0.996144,0.0038560138
0,0,0.9959661,0.0040339488
0,0,0.99237627,0.0076237274
0,0,0.995127,0.004872973
0,0,0.99613285,0.0038671512
0,0,0.92875755,0.071242474
0,0,0.9919601,0.00803992
0,0,0.9966928,0.0033072315
0,0,0.9966752,0.0033248065
0,0,0.9810374,0.018962609
0,0,0.9905724,0.00942762
0,0,0.9935777,0.006422279
0,0,0.99560636,0.004393665
0,0,0.99668384,0.0033161507
0,0,0.99692553,0.0030744914
0,0,0.9968983,0.0031016825
0,0,0.99668384,0.0033161507
0,0,0.9953398,0.0046601966
0,0,0.99669284,0.0033071497
0,0,0.9926723,0.0073277056
0,0,0.9424563,0.057543673
0,0,0.9966461,0.0033539042
0,0,0.9967527,0.0032472967
0,0,0.996343,0.0036569699
0,0,0.978304,0.021695983
0,0,0.9966461,0.0033539203
0,0,0.9889425,0.011057508
0,0,0.99591815,0.004081862
0,0,0.9965919,0.0034080497
0,0,0.98827994,0.011720069
0,0,0.996669,0.0033310142
0,0,0.9929232,0.0070767836
0,0,0.9966748,0.0033251953
0,0,0.99417424,0.005825751
0,0,0.9964334,0.0035666518
0,0,0.992966,0.0070340177
0,0,0.9935182,0.0064818365
0,0,0.99669147,0.003308552
0,0,0.9956382,0.004361825
0,0,0.99657977,0.0034202505
0,0,0.9967964,0.0032035506
0,0,0.9961822,0.0038178132
0,0,0.99658704,0.0034129703
0,0,0.99661666,0.003383362
0,0,0.9962997,0.003700297
0,0,0.9957292,0.004270821
0,0,0.996744,0.0032560518
0,0,0.9967492,0.0032508068
0,0,0.996895,0.0031049957
0,0,0.9960357,0.003964284
0,0,0.9776424,0.022357598
0,0,0.99413043,0.005869555
0,0,0.99631804,0.0036819656
0,0,0.99679786,0.003202112
0,0,0.99635607,0.0036439036
0,0,0.9967218,0.0032782103
0,0,0.9628256,0.037174415
0,0,0.9964562,0.0035437865
0,0,0.9881472,0.01185278
0,0,0.9965164,0.003483583
0,0,0.990577,0.009423044
0,0,0.9965536,0.0034463936
0,0,0.9947071,0.0052929125
0,0,0.9964158,0.0035841917
0,0,0.9965432,0.003456776
0,0,0.9958075,0.0041924836
0,0,0.99686486,0.0031351547
0,0,0.99661016,0.0033898186
0,0,0.99533945,0.0046605705
0,0,0.9966436,0.0033564013
0,0,0.9820932,0.01790681
0,0,0.9965424,0.0034575877
0,0,0.9965924,0.0034076076
0,0,0.9955319,0.004468066
0,0,0.99648523,0.0035147753
0,0,0.9957826,0.004217358
0,0,0.9946961,0.005303907
0,0,0.9960119,0.00398809
0,0,0.99657965,0.003420353
0,0,0.9953171,0.004682918
0,0,0.996688,0.0033119929
0,0,0.9967072,0.003292801
0,0,0.9964066,0.003593384
0,0,0.99685097,0.0031490047
0,0,0.9965501,0.0034499066
0,0,0.9965799,0.0034201352
0,0,0.9966876,0.0033124194
0,0,0.99339074,0.0066092317
0,0,0.9931169,0.0068830894
0,0,0.99082184,0.009178174
0,0,0.99669147,0.0033085255
0,0,0.9969729,0.003027098
0,0,0.9962088,0.003791209
0,0,0.9943797,0.0056202896
0,0,0.9970026,0.002997411
0,0,0.9964328,0.0035671974
0,0,0.99669665,0.0033033704
0,0,0.99671316,0.0032868376
0,0,0.9798338,0.020166196
0,0,0.99363613,0.0063638845
0,0,0.9960916,0.0039084065
0,0,0.9797393,0.02026071
0,0,0.9966814,0.0033186167
0,0,0.99667853,0.0033214476
0,0,0.9925445,0.0074555324
0,0,0.9965476,0.0034523914
0,0,0.99458224,0.005417791
0,0,0.9965132,0.003486789
0,0,0.9966904,0.0033095854
0,0,0.989655,0.010344966
0,0,0.99606293,0.003937075
0,0,0.9655255,0.03447451
0,0,0.9965429,0.003457111
0,0,0.9965867,0.0034133238
0,0,0.9134985,0.08650146
0,0,0.98661673,0.013383276
0,0,0.9966717,0.0033283464
0,0,0.9940218,0.005978224
0,0,0.9966956,0.003304421
0,0,0.9966905,0.0033095034
0,0,0.99546087,0.0045391214
0,0,0.99663687,0.0033631087
0,0,0.9967337,0.0032662803
0,0,0.99667317,0.003326841
0,0,0.996689,0.0033109526
0,0,0.99667925,0.0033207468
0,0,0.9961273,0.0038727114
0,0,0.9939797,0.0060203313
0,0,0.9079942,0.092005804
0,0,0.9940785,0.0059214705
0,0,0.9940888,0.0059111724
0,0,0.99661314,0.003386848
0,0,0.9963164,0.0036836243
0,0,0.9948886,0.0051114205
0,0,0.99668604,0.0033139403
0,0,0.9882185,0.011781495
0,0,0.9963435,0.0036565147
0,0,0.9963276,0.003672394
0,0,0.9965496,0.0034504149
0,0,0.9962812,0.0037188225
0,0,0.9830592,0.016940782
0,0,0.99574167,0.004258342
0,0,0.99667156,0.0033284398
0,0,0.99472475,0.0052752625
0,0,0.9930757,0.006924269
0,0,0.9966872,0.003312802
0,0,0.99649227,0.0035077147
0,0,0.99668556,0.0033144415
0,0,0.98653597,0.013464057
0,0,0.9967364,0.003263616
0,0,0.99623954,0.0037604766
0,0,0.9966928,0.0033072315
0,0,0.996682,0.0033179985
0,0,0.9919504,0.008049589
0,0,0.994578,0.005422007
0,0,0.98559606,0.014403928
0,0,0.9958025,0.0041974974
0,0,0.9954094,0.004590568
0,0,0.9899591,0.010040892
0,0,0.99665266,0.003347317
0,0,0.99669194,0.0033080708
0,0,0.9966931,0.003306936
0,0,0.99611413,0.0038858457
0,0,0.9963909,0.0036091476
0,0,0.9954447,0.0045552724
0,0,0.99532443,0.004675583
0,0,0.99238664,0.0076133483
0,0,0.996201,0.003799015
0,0,0.9825867,0.017413294
0,0,0.9966765,0.0033234826
0,0,0.99668896,0.0033110154
0,0,0.9966823,0.0033177305
0,0,0.99542856,0.0045714634
0,0,0.9938302,0.0061697843
0,0,0.9966551,0.0033448886
0,0,0.9966922,0.0033077926
0,0,0.99635583,0.003644146
0,0,0.996479,0.003521005
0,0,0.99493855,0.005061444
0,0,0.9964507,0.003549307
0,0,0.99668413,0.0033158641
0,0,0.99664235,0.0033576603
0,0,0.9966967,0.0033032794
0,0,0.996682,0.0033179985
0,0,0.99651235,0.0034876394
0,0,0.9958326,0.0041673877
0,0,0.996059,0.003940987
0,0,0.99669147,0.003308552
0,0,0.9967909,0.003209107
0,0,0.9946894,0.0053105853
0,0,0.9961431,0.0038568783
0,0,0.99658895,0.0034110523
0,0,0.9966701,0.0033299017
0,0,0.9966591,0.0033409025
0,0,0.9961046,0.003895418
0,0,0.9958092,0.0041907937
0,0,0.99668896,0.0033110154
0,0,0.99495405,0.005045967
0,0,0.9963789,0.0036210867
0,0,0.9961646,0.0038353954
0,0,0.9966144,0.0033855864
0,0,0.99668896,0.0033110154
0,0,0.9966526,0.0033473675
0,0,0.9964065,0.0035935135
0,0,0.99277514,0.007224869
0,0,0.99576217,0.0042378167
0,0,0.9950316,0.0049683754
0,0,0.9966928,0.0033072315
0,0,0.97540534,0.024594637
0,0,0.9957813,0.0042186957
0,0,0.99669665,0.0033033704
0,0,0.9427256,0.057274427
0,0,0.99699056,0.003009429
0,0,0.9966956,0.0033044224
0,0,0.98124033,0.018759657
0,0,0.98780465,0.012195363
0,0,0.9966877,0.0033122792
0,0,0.9970525,0.0029475316
0,0,0.9965018,0.0034982152
0,0,0.99461323,0.0053867516
0,0,0.99670225,0.0032977187
0,0,0.9656081,0.034391858
0,0,0.9585607,0.04143929
0,0,0.99666643,0.00333358
0,0,0.9785339,0.021466088
0,0,0.9963995,0.0036004968
0,0,0.99675125,0.0032487558
0,0,0.99635905,0.0036409565
0,0,0.9949631,0.0050368803
0,0,0.9966589,0.0033410804
0,0,0.9933157,0.006684326
0,0,0.9856835,0.014316486
0,0,0.9967999,0.0032001007
0,0,0.99668944,0.003310572
0,0,0.99563843,0.0043615433
0,0,0.99641097,0.0035890467
0,0,0.99676853,0.0032314567
0,0,0.94506454,0.054935485
0,0,0.9966795,0.0033205333
0,0,0.99635684,0.0036431663
0,0,0.98440343,0.015596565
0,0,0.9957992,0.004200843
0,0,0.996711,0.0032889785
0,0,0.99456966,0.005430344
0,0,0.9967671,0.0032328793
0,0,0.9945612,0.0054388135
0,0,0.9934607,0.0065392833
0,0,0.9932528,0.0067471936
0,0,0.99342,0.0065800208
0,0,0.9965477,0.0034523013
0,0,0.9947201,0.0052799084
0,0,0.9966834,0.0033165922
0,0,0.99177706,0.00822292
0,0,0.9960989,0.0039011177
0,0,0.99629104,0.0037089372
0,0,0.9936379,0.006362087
0,0,0.99621236,0.0037876358
0,0,0.99226016,0.0077398513
0,0,0.9962505,0.0037494672
0,0,0.99711764,0.0028823798
0,0,0.99392396,0.0060760537
0,0,0.9966752,0.0033248065
0,0,0.99678934,0.0032106664
0,0,0.9966907,0.0033093211
0,0,0.99569297,0.004307037
0,0,0.992904,0.0070959646
0,0,0.9963459,0.0036541026
0,0,0.99669665,0.0033033704
0,0,0.9958784,0.004121625
0,0,0.970811,0.029188966
0,0,0.99585605,0.0041439463
0,0,0.99669665,0.0033033704
0,0,0.99666584,0.0033341518
0,0,0.9966745,0.0033255036
0,0,0.9773619,0.022638056
0,0,0.99678934,0.0032106664
0,0,0.9966928,0.0033072315
0,0,0.9966891,0.003310907
0,0,0.9910119,0.008988054
0,0,0.996269,0.0037310326
0,0,0.99614036,0.0038596382
0,0,0.9966612,0.0033388312
0,0,0.97262317,0.027376845
0,0,0.99633753,0.003662487
0,0,0.99016374,0.009836268
0,0,0.99560195,0.0043980414
0,0,0.9784936,0.021506399
0,0,0.9966461,0.0033539203
0,0,0.9967646,0.0032353958
0,0,0.9947926,0.005207414
0,0,0.9966554,0.003344612
0,0,0.990681,0.009319003
0,0,0.9944703,0.0055297026
0,0,0.99669665,0.0033033704
0,0,0.99349326,0.006506769
0,0,0.9963041,0.0036958824
0,0,0.99667853,0.0033214788
0,0,0.9960337,0.0039662467
0,0,0.99632114,0.0036788655
0,0,0.99661005,0.003389946
0,0,0.99546814,0.004531864
0,0,0.9966681,0.003331901
0,0,0.99658805,0.0034119438
0,0,0.9961636,0.0038363757
0,0,0.99276793,0.0072320895
0,0,0.99669987,0.0033001471
0,0,0.99669665,0.0033033704
0,0,0.9789582,0.021041786
0,0,0.9965583,0.0034416625
0,0,0.99564236,0.004357615
0,0,0.9713295,0.028670464
0,0,0.99585146,0.004148534
0,0,0.99345475,0.006545262
0,0,0.9966817,0.0033182933
0,0,0.9966476,0.0033524302
0,0,0.99624497,0.0037550516
0,0,0.9966461,0.0033539203
0,0,0.99602836,0.003971611
0,0,0.9856529,0.014347048
0,0,0.99449307,0.0055069416
0,0,0.99653083,0.00346919
0,0,0.99549806,0.0045019323
0,0,0.9922081,0.0077918866
0,0,0.9963755,0.0036244965
0,0,0.99669725,0.003302733
0,0,0.99668926,0.003310729
0,0,0.9957923,0.0042076907
0,0,0.99690235,0.003097648
0,0,0.99154824,0.008451747
0,0,0.9964358,0.0035641969
0,0,0.9959972,0.0040028305
0,0,0.9947648,0.0052351775
0,0,0.9966692,0.003330856
0,0,0.996377,0.0036230125
0,0,0.98680156,0.013198417
0,0,0.9965741,0.003425879
0,0,0.9966308,0.0033692135
0,0,0.9959057,0.0040942733
0,0,0.9964303,0.003569727
0,0,0.9960591,0.003940901
0,0,0.99553543,0.0044645783
0,0,0.98850304,0.011496953
0,0,0.9956629,0.004337068
0,0,0.992804,0.007196019
0,0,0.9954566,0.004543424
0,0,0.9966752,0.0033248065
0,0,0.99210197,0.007898016
0,0,0.99667966,0.003320338
0,0,0.99660754,0.0033924566
0,0,0.99572897,0.004271022
0,0,0.99667203,0.0033279858
0,0,0.99671084,0.0032891363
0,0,0.9926628,0.0073372154
0,0,0.99659526,0.0034047428
0,0,0.99668807,0.0033119582
0,0,0.99692357,0.0030764109
0,0,0.9914655,0.008534516
0,0,0.9762454,0.023754625
0,0,0.9959333,0.0040666945
0,0,0.99668837,0.0033116434
0,0,0.99669147,0.003308552
0,0,0.91838634,0.08161369
0,0,0.99621487,0.003785141
0,0,0.996363,0.0036370405
0,0,0.9966928,0.0033072315
0,0,0.99669665,0.0033033704
0,0,0.99667835,0.0033216574
0,0,0.99603915,0.0039608777
0,0,0.99428564,0.0057143676
0,0,0.99665874,0.0033412774
0,0,0.99669015,0.0033098417
0,0,0.99636817,0.0036318311
0,0,0.99237794,0.0076220357
0,0,0.9916938,0.008306232
0,0,0.9944656,0.0055344165
0,0,0.99668926,0.003310759
0,0,0.99669284,0.0033071497
0,0,0.99669665,0.0033033704
0,0,0.99516296,0.004837059
0,0,0.918837,0.081162974
0,0,0.9967992,0.0032008337
0,0,0.99466074,0.005339248
0,0,0.996791,0.0032089928
0,0,0.99667853,0.0033214476
0,0,0.99633926,0.0036607627
0,0,0.99668527,0.0033147563
0,0,0.9965933,0.0034067235
0,0,0.99668586,0.003314155
0,0,0.996194,0.0038059782
0,0,0.9965871,0.0034129152
0,0,0.99669665,0.0033033704
0,0,0.9967707,0.003229344
0,0,0.99650085,0.0034991428
0,0,0.9932,0.0068000206
0,0,0.9956226,0.0043774024
0,0,0.9959352,0.0040647755
0,0,0.99686897,0.0031310397
0,0,0.99669427,0.0033057213
0,0,0.9970575,0.0029424964
0,0,0.9966678,0.0033322095
0,0,0.9966736,0.0033264172
0,0,0.996682,0.0033179985
0,0,0.9961551,0.0038449264
0,0,0.99657243,0.003427559
0,0,0.9966198,0.0033801908
0,0,0.99672514,0.0032748512
0,0,0.9955882,0.0044118096
0,0,0.9635051,0.03649489
0,0,0.996648,0.0033519936
0,0,0.9961832,0.0038167615
0,0,0.9966927,0.0033073022
0,0,0.9966604,0.0033395896
0,0,0.9842489,0.01575115
0,0,0.9950794,0.0049206167
0,0,0.99683905,0.003160925
0,0,0.99295384,0.007046158
0,0,0.9404482,0.059551775
0,0,0.99660295,0.0033970224
0,0,0.99669665,0.0033033704
0,0,0.9967233,0.0032766808
0,0,0.9915956,0.008404362
0,0,0.99665916,0.0033408517
0,0,0.9964085,0.0035914741
0,0,0.9871821,0.0128179435
0,0,0.9964264,0.0035735744
0,0,0.9966422,0.0033578405
0,0,0.9727283,0.027271714
0,0,0.99660003,0.0033999535
0,0,0.99652696,0.003473068
0,0,0.9966417,0.0033583255
0,0,0.99591374,0.004086255
0,0,0.9919156,0.008084426
0,0,0.9937866,0.0062134173
0,0,0.99698097,0.003019007
0,0,0.9957982,0.004201807
0,0,0.9966928,0.0033072315
0,0,0.9963705,0.0036295317
0,0,0.99503785,0.0049621393
0,0,0.9878982,0.012101845
0,0,0.99634814,0.0036518709
0,0,0.9966028,0.0033971968
0,0,0.9954494,0.0045505785
0,0,0.99627155,0.0037284472
0,0,0.9949693,0.005030669
0,0,0.99620414,0.003795889
0,0,0.9966703,0.0033297183
0,0,0.996542,0.0034580377
0,0,0.9966604,0.0033395896
0,0,0.97976744,0.020232556
0,0,0.9967129,0.0032870704
0,0,0.9966661,0.0033338983
0,0,0.99688405,0.0031159355
0,0,0.99283326,0.007166727
0,0,0.99668896,0.0033110154
0,0,0.99587584,0.004124174
0,0,0.9961466,0.003853401
0,0,0.99645925,0.0035407685
0,0,0.99667865,0.0033213526
0,0,0.99667865,0.0033213526
0,0,0.99658704,0.0034129703
0,0,0.9960136,0.003986424
0,0,0.99561495,0.0043850425
0,0,0.9968429,0.0031571053
0,0,0.9967825,0.003217492
0,0,0.99622124,0.0037787328
0,0,0.9949157,0.0050842683
0,0,0.99665695,0.0033430434
0,0,0.95905375,0.040946245
0,0,0.99686253,0.0031374448
0,0,0.9964802,0.0035197972
0,0,0.99671483,0.0032851526
0,0,0.99417263,0.005827389
0,0,0.99651265,0.0034873758
0,0,0.99637717,0.003622856
0,0,0.9916787,0.008321313
0,0,0.9940538,0.0059462166
0,0,0.996674,0.0033260062
0,0,0.98994887,0.010051158
0,0,0.9966705,0.0033295266
0,0,0.9966716,0.003328389
0,0,0.996096,0.003904013
0,0,0.973589,0.026411004
0,0,0.99536264,0.0046373606
0,0,0.99156016,0.008439858
0,0,0.99665606,0.0033439524
0,0,0.9961046,0.0038954162
0,0,0.98897064,0.011029377
0,0,0.9962084,0.0037915925
0,0,0.97639,0.023609994
0,0,0.9710511,0.028948879
0,0,0.9949819,0.005018135
0,0,0.97456574,0.025434274
0,0,0.99340403,0.0065959957
0,0,0.99635196,0.0036480662
0,0,0.9885261,0.011473879
0,0,0.99668413,0.0033158641
0,0,0.9943634,0.00563655
0,0,0.99668145,0.0033185363
0,0,0.9930012,0.006998803
0,0,0.9954467,0.004553299
0,0,0.9958675,0.004132504
0,0,0.99571925,0.004280773
0,0,0.9837793,0.016220676
0,0,0.99375695,0.006243046
0,0,0.94970787,0.050292164
0,0,0.99648297,0.0035170089
0,0,0.975232,0.024767993
0,0,0.99670225,0.003297742
0,0,0.9880031,0.011996906
0,0,0.9967423,0.0032576974
0,0,0.9943462,0.00565379
0,0,0.9928898,0.007110173
0,0,0.9928629,0.007137134
0,0,0.9961483,0.0038517227
0,0,0.99672997,0.0032700284
0,0,0.9958139,0.004186067
0,0,0.996053,0.0039470075
0,0,0.99627835,0.0037216505
0,0,0.9953336,0.004666396
0,0,0.99654627,0.0034537334
0,0,0.99527746,0.0047225496
0,0,0.9966835,0.003316499
0,0,0.9966425,0.0033575417
0,0,0.99588406,0.0041159196
0,0,0.98030275,0.019697243
0,0,0.99645776,0.003542239
0,0,0.99597687,0.0040231566
0,0,0.9966963,0.0033037127
0,0,0.99667513,0.0033248777
0,0,0.99669665,0.0033033704
0,0,0.99657583,0.0034241665
0,0,0.99667853,0.0033214476
0,0,0.9909295,0.009070509
0,0,0.99669665,0.0033033704
0,0,0.99658704,0.0034129703
0,0,0.99669665,0.0033033704
0,0,0.9852431,0.014756942
0,0,0.99668646,0.00331355
0,0,0.9867216,0.013278403
0,0,0.99668944,0.003310572
0,0,0.99354327,0.0064567234
0,0,0.9965875,0.0034125065
0,0,0.99419963,0.0058003813
0,0,0.9963016,0.003698394
0,0,0.9966417,0.0033583222
0,0,0.99533856,0.0046614376
0,0,0.9960235,0.0039765057
0,0,0.99646705,0.0035329422
0,0,0.9964604,0.0035395992
0,0,0.99664426,0.003355725
0,0,0.9797172,0.020282831
0,0,0.9890985,0.0109015
0,0,0.99477714,0.005222882
0,0,0.99669665,0.0033033704
0,0,0.9964838,0.0035161918
0,0,0.9961235,0.0038765343
0,0,0.99656785,0.0034321293
0,0,0.9966453,0.003354733
0,0,0.99669147,0.003308552
0,0,0.99573344,0.004266585
0,0,0.9944491,0.005550949
0,0,0.9963675,0.0036325126
0,0,0.9966925,0.0033074925
0,0,0.9958396,0.004160404
0,0,0.9966925,0.0033074925
0,0,0.99447465,0.0055253305
0,0,0.9966862,0.0033137577
0,0,0.9966914,0.0033086056
0,0,0.9965593,0.0034406744
0,0,0.9966752,0.0033248065
0,0,0.99630725,0.0036927548
0,0,0.9798518,0.020148246
0,0,0.9966562,0.003343817
0,0,0.9966748,0.0033251953
0,0,0.99663967,0.0033603322
0,0,0.9961701,0.003829874
0,0,0.9967812,0.003218838
0,0,0.9966928,0.0033072315
0,0,0.9957356,0.004264412
1,1,0.0034391284,0.9965609
0,0,0.9956116,0.004388414
0,0,0.99667853,0.0033214476
0,0,0.9847474,0.015252575
0,0,0.99667996,0.0033200237
0,0,0.99586713,0.0041328967
0,0,0.9966596,0.003340396
0,0,0.99666464,0.0033353863
0,0,0.99670804,0.003291942
0,0,0.99647623,0.00352375
0,0,0.9963231,0.003676898
0,0,0.9966086,0.003391377
0,0,0.9937072,0.0062928
0,0,0.99669665,0.0033033704
0,0,0.99321294,0.006787074
0,0,0.99611866,0.0038813243
0,0,0.9946379,0.005362088
0,0,0.99668616,0.0033138397
0,0,0.97436076,0.025639262
0,0,0.9956127,0.0043873205
1,1,0.0033762455,0.99662375
0,0,0.996688,0.0033119929
0,0,0.99524575,0.004754268
0,0,0.9967591,0.0032409057
0,0,0.99669665,0.0033033704
0,0,0.9959939,0.0040061055
0,0,0.9966524,0.003347557
0,0,0.99294966,0.00705036
0,0,0.9939967,0.0060033426
0,0,0.98936754,0.010632428
0,0,0.99406713,0.005932883
0,0,0.98132336,0.018676646
0,0,0.9966752,0.0033248065
0,0,0.9956897,0.0043103104
0,0,0.9967198,0.0032802506
0,0,0.99669284,0.0033071404
0,0,0.98865396,0.011346042
0,0,0.9633528,0.036647204
0,0,0.9864297,0.013570329
0,0,0.9957006,0.0042993776
0,0,0.99673045,0.003269556
0,0,0.9758013,0.024198707
0,0,0.9966878,0.003312163
0,0,0.99504393,0.004956057
0,0,0.99668425,0.0033157584
0,0,0.9966471,0.003352897
0,0,0.99678135,0.0032186469
0,0,0.9965526,0.0034474176
0,0,0.99612534,0.0038746637
0,0,0.99669665,0.0033033704
0,0,0.99638486,0.0036151563
0,0,0.99669665,0.0033033704
0,0,0.99669003,0.0033099472
0,0,0.98972833,0.010271641
0,0,0.99352306,0.0064769313
0,0,0.99624896,0.0037510295
0,0,0.9933567,0.006643293
0,0,0.99581987,0.0041801175
0,0,0.99687105,0.0031289258
0,0,0.9967326,0.0032674228
0,0,0.99647456,0.003525433
0,0,0.9912915,0.008708486
0,0,0.9953474,0.0046526385
0,0,0.9966076,0.0033924053
0,0,0.99668384,0.0033161507
0,0,0.996682,0.0033179985
0,0,0.9585183,0.041481674
0,0,0.9922121,0.007787905
0,0,0.9934745,0.0065255007
0,0,0.99657196,0.0034280415
0,0,0.99583197,0.004168025
0,0,0.9739266,0.026073394
0,0,0.99693453,0.0030654375
0,0,0.9900215,0.009978486
0,0,0.99660003,0.0033999535
0,0,0.99669665,0.0033033704
0,0,0.9947617,0.005238322
0,0,0.99632436,0.003675644
0,0,0.9924122,0.007587812
0,0,0.9919866,0.008013419
0,0,0.9963416,0.0036584053
0,0,0.9964462,0.0035538056
0,0,0.924352,0.07564803
0,0,0.9966933,0.0033066845
0,0,0.9966809,0.0033191086
0,0,0.99669665,0.0033033704
0,0,0.9966081,0.0033919152
0,0,0.99668413,0.0033158641
0,0,0.99611765,0.0038823315
0,0,0.99669665,0.0033033704
0,0,0.9934952,0.0065047443
0,0,0.99548566,0.004514316
0,0,0.98218167,0.017818328
0,0,0.9964184,0.0035816128
0,0,0.99551344,0.0044865888
0,0,0.99669665,0.0033033704
0,0,0.99673957,0.0032604514
0,0,0.99649346,0.0035065494
0,0,0.99669665,0.0033033704
0,0,0.9966548,0.0033451903
0,0,0.9959645,0.004035476
0,0,0.9966746,0.0033254072
0,0,0.99669665,0.0033033704
0,0,0.9966872,0.003312802
0,0,0.9966555,0.0033444515
0,0,0.9943478,0.0056521744
0,0,0.9966672,0.003332791
0,0,0.9966314,0.0033686385
0,0,0.9967262,0.0032738086
0,0,0.9956516,0.0043484145
0,0,0.9934008,0.0065992116
0,0,0.99683625,0.0031637724
0,0,0.9848527,0.015147314
0,0,0.996616,0.0033840227
0,0,0.9902846,0.009715365
0,0,0.99337184,0.0066281836
0,0,0.9962611,0.0037388962
0,0,0.9942857,0.005714311
0,0,0.99639714,0.0036028891
0,0,0.99670696,0.0032930418
0,0,0.99644375,0.0035562261
0,0,0.99645185,0.003548165
0,0,0.99669147,0.003308552
0,0,0.9964254,0.0035746
0,0,0.9955269,0.0044730683
0,0,0.99595386,0.004046146
0,0,0.9957956,0.0042043934
0,0,0.99669665,0.0033033704
0,0,0.9965399,0.0034601104
0,0,0.994902,0.0050979606
0,0,0.99689686,0.0031031275
0,0,0.99543715,0.0045628618
0,0,0.99575865,0.0042413515
0,0,0.99669665,0.0033033704
0,0,0.99689627,0.003103728
0,0,0.986034,0.013966022
0,0,0.996708,0.0032920216
0,0,0.996373,0.003626986
0,0,0.9961575,0.0038424435
0,0,0.9966928,0.0033072315
0,0,0.99644494,0.0035550536
0,0,0.99667317,0.003326841
0,0,0.9964786,0.003521405
0,0,0.9966928,0.0033072315
0,0,0.99668944,0.003310572
0,0,0.9952372,0.0047628065
0,0,0.9873476,0.012652422
0,0,0.99559444,0.00440556
0,0,0.99668413,0.0033158641
0,0,0.99682575,0.0031742216
0,0,0.99439496,0.0056050294
0,0,0.988097,0.011902969
0,0,0.996688,0.0033119929
0,0,0.9918719,0.008128091
0,0,0.9966907,0.0033093211
0,0,0.99666786,0.003332126
0,0,0.99669665,0.0033033704
0,0,0.9963986,0.0036014018
0,0,0.9936133,0.0063866866
0,0,0.99632704,0.0036729611
0,0,0.9965943,0.0034056795
0,0,0.99669665,0.0033033704
0,0,0.9955023,0.004497733
0,0,0.99668694,0.0033130634
0,0,0.9966977,0.0033022482
0,0,0.9935004,0.0064995755
0,0,0.9957334,0.00426663
0,0,0.99646336,0.0035366677
0,0,0.96674705,0.03325298
0,0,0.9967022,0.0032977874
0,0,0.9966565,0.003343493
0,0,0.99686843,0.0031315458
0,0,0.99663746,0.0033625322
0,0,0.99669015,0.0033098417
0,0,0.99621487,0.003785141
0,0,0.99668896,0.0033110154
0,0,0.9901395,0.009860492
0,0,0.99443245,0.0055675562
0,0,0.996756,0.0032439986
0,0,0.99668944,0.003310572
0,0,0.9339581,0.066041894
0,0,0.9966281,0.0033719188
0,0,0.9964613,0.0035387217
0,0,0.9966816,0.003318432
0,0,0.9092687,0.09073134
0,0,0.77151346,0.22848655
0,0,0.98411626,0.015883733
0,0,0.9966752,0.0033248065
0,0,0.99554133,0.0044586863
0,0,0.9967021,0.003297913
0,0,0.9947297,0.005270313
0,0,0.9895399,0.01046008
0,0,0.99693054,0.00306944
0,0,0.9962038,0.0037962368
0,0,0.99669665,0.0033033704
0,0,0.99356925,0.0064307526
0,0,0.9966758,0.0033241874
0,0,0.99350613,0.0064938725
0,0,0.9967061,0.0032938514
0,0,0.98193246,0.018067533
0,0,0.9893839,0.010616143
0,0,0.9944841,0.005515888
0,0,0.9966845,0.0033155254
0,0,0.991965,0.00803503
0,0,0.99668896,0.0033110154
0,0,0.9950587,0.0049412902
0,0,0.99678427,0.003215752
0,0,0.9966654,0.0033346082
0,0,0.9966758,0.0033241874
0,0,0.99649006,0.0035099168
0,0,0.9966044,0.0033956019
0,0,0.9966582,0.003341787
0,0,0.9965413,0.003458669
0,0,0.99677587,0.0032241452
0,0,0.99641126,0.003588726
0,0,0.9954364,0.0045636524
0,0,0.99665314,0.0033468683
0,0,0.995362,0.0046380055
0,0,0.9963544,0.0036456042
0,0,0.99594635,0.0040536523
0,0,0.99544466,0.0045553306
0,0,0.9893317,0.010668277
0,0,0.9953673,0.0046326835
0,0,0.99668413,0.0033158641
0,0,0.99653107,0.0034689198
0,0,0.99669665,0.0033033704
0,0,0.98378307,0.016216962
0,0,0.9966819,0.0033180742
0,0,0.99567837,0.0043216194
0,0,0.9936419,0.006358116
0,0,0.99668485,0.0033151598
0,0,0.9961819,0.003818076
0,0,0.99244195,0.0075580603
0,0,0.9961914,0.0038085987
0,0,0.9966792,0.0033208143
0,0,0.99665344,0.0033465899
0,0,0.99668854,0.0033114827
0,0,0.9940628,0.00593719
0,0,0.9955125,0.004487528
0,0,0.9962505,0.003749508
1,1,0.0037478805,0.9962521
0,0,0.9966111,0.0033888684
0,0,0.9950575,0.004942474
0,0,0.9902684,0.009731614
0,0,0.99669665,0.0033033704
0,0,0.99193406,0.008065947
0,0,0.99650294,0.0034970718
0,0,0.9955215,0.0044785263
0,0,0.994096,0.005904046
0,0,0.9967707,0.003229344
0,0,0.9967707,0.003229344
0,0,0.99257785,0.007422173
0,0,0.9966562,0.0033438252
0,0,0.9963489,0.00365109
0,0,0.9968319,0.0031681226
0,0,0.99669665,0.0033033704
0,0,0.99584895,0.0041510663
0,0,0.9967883,0.003211683
1,1,0.0033762455,0.99662375
0,0,0.9956847,0.0043153292
0,0,0.9966801,0.003319945
0,0,0.9956314,0.004368606
0,0,0.9928016,0.0071983766
0,0,0.94770896,0.052291013
0,0,0.99672663,0.0032733467
0,0,0.99665004,0.003349941
0,0,0.996682,0.0033179985
0,0,0.99679214,0.0032078458
0,0,0.99637246,0.0036275093
0,0,0.9963112,0.0036888344
0,0,0.9958074,0.0041926093
0,0,0.99670166,0.0032983252
0,0,0.9921713,0.007828693
0,0,0.9962242,0.0037757508
0,0,0.99613667,0.003863314
0,0,0.99546915,0.0045308354
0,0,0.9965974,0.003402614
0,0,0.9950322,0.004967795
0,0,0.97435075,0.025649248
0,0,0.9957058,0.0042941878
0,0,0.9460676,0.053932402
0,0,0.9916421,0.008357877
0,0,0.9965971,0.0034028986
0,0,0.9926925,0.007307536
0,0,0.99722075,0.0027792393
0,0,0.9962809,0.0037191177
0,0,0.99598056,0.004019417
0,0,0.97924256,0.020757444
0,0,0.9963911,0.0036088699
0,0,0.9967293,0.0032707076
0,0,0.99665314,0.0033468683
0,0,0.9944636,0.005536372
0,0,0.99664617,0.003353844
0,0,0.9960702,0.0039297887
0,0,0.96543515,0.034564864
0,0,0.9966837,0.0033162707
0,0,0.9967304,0.0032696212
0,1,0.15444022,0.8455598
0,0,0.9946338,0.005366194
0,0,0.99423623,0.005763743
0,0,0.9845485,0.01545152
0,0,0.9967024,0.0032976135
0,0,0.99370366,0.0062963488
0,0,0.9968582,0.003141819
0,0,0.9948644,0.005135592
0,0,0.99522746,0.00477256
0,0,0.99658155,0.0034184207
0,0,0.99503154,0.0049684388
0,0,0.9964558,0.0035441918
0,0,0.99454755,0.005452431
0,0,0.9968429,0.0031571053
0,0,0.9961973,0.003802713
0,0,0.9965792,0.003420821
0,0,0.9931832,0.0068167937
0,0,0.99663854,0.0033614808
0,0,0.9966928,0.0033072315
0,0,0.9956327,0.0043672663
0,0,0.9966928,0.0033072315
0,0,0.99647427,0.0035257163
0,0,0.99387485,0.006125176
0,0,0.9966868,0.0033131547
0,0,0.9967238,0.0032762089
0,0,0.99497664,0.005023335
0,0,0.9963283,0.0036716803
0,0,0.9919835,0.0080165425
0,0,0.996657,0.0033429973
0,0,0.99654365,0.003456326
0,0,0.9965034,0.0034966017
0,0,0.9966602,0.0033398564
0,0,0.9967549,0.0032450997
0,0,0.99635965,0.0036403788
0,0,0.99666756,0.0033324205
0,0,0.99668384,0.0033161507
0,0,0.995233,0.0047670035
0,0,0.9968411,0.00315895
0,0,0.9947215,0.0052785464
0,0,0.99669665,0.0033033704
0,0,0.9966461,0.0033539203
0,0,0.9947821,0.0052179173
0,0,0.99669665,0.0033033704
0,0,0.9967262,0.0032737728
0,0,0.9966623,0.0033376666
0,0,0.99606645,0.003933559
0,0,0.996662,0.0033379775
0,0,0.99315506,0.0068449285
0,0,0.9925478,0.007452202
0,0,0.9954248,0.0045752125
0,0,0.9959941,0.004005917
0,0,0.99507,0.004930009
0,0,0.9948614,0.0051385825
0,0,0.9966594,0.0033405835
0,0,0.9890573,0.010942704
0,0,0.9957795,0.004220459
0,0,0.99669516,0.0033048198
0,0,0.94603884,0.05396117
0,0,0.99671805,0.003281933
0,0,0.9903884,0.009611585
0,0,0.9966738,0.0033262055
0,0,0.99664086,0.0033591317
0,0,0.9966928,0.0033072315
0,0,0.9959105,0.0040894737
0,0,0.996738,0.003262003
0,0,0.99679357,0.00320641
0,0,0.9966895,0.0033104946
0,0,0.9967019,0.0032980964
0,0,0.99649894,0.003501072
0,0,0.99657047,0.0034295372
0,0,0.9966867,0.0033132823
0,0,0.9953647,0.004635283
0,0,0.9964937,0.003506313
0,0,0.9967024,0.0032976135
0,0,0.9966748,0.0033251953
0,0,0.996682,0.0033179985
0,0,0.99667865,0.0033213526
0,0,0.9966948,0.0033051795
0,0,0.99701524,0.0029847666
0,0,0.9962274,0.0037726113
0,0,0.99669284,0.0033071798
0,0,0.9931019,0.006898106
0,0,0.99593824,0.004061748
0,0,0.9959306,0.004069382
0,0,0.99665314,0.0033468683
0,0,0.9948341,0.0051658903
0,0,0.9958676,0.004132396
0,0,0.99669665,0.0033033704
0,0,0.9966697,0.0033302782
0,0,0.9958545,0.0041454895
0,0,0.99652034,0.003479631
0,0,0.99649674,0.0035032786
0,0,0.99568236,0.0043176347
0,0,0.9887543,0.0112457005
0,0,0.98713714,0.012862883
0,0,0.9965626,0.0034374257
0,0,0.9973268,0.002673212
0,0,0.9964635,0.0035365215
0,0,0.99377203,0.0062279943
0,0,0.9971656,0.0028343578
0,0,0.8602,0.1398
0,0,0.9968421,0.0031578888
0,0,0.9963694,0.0036305995
0,0,0.9966046,0.0033953954
0,0,0.97314906,0.02685096
0,0,0.9967173,0.0032827256
0,0,0.99554896,0.004451037
0,0,0.9965943,0.0034056795
0,0,0.99668854,0.0033114578
0,0,0.9967707,0.003229344
0,0,0.996665,0.0033350282
0,0,0.99027437,0.009725655
0,0,0.9941588,0.005841193
0,0,0.98850405,0.011495973
0,0,0.9963033,0.0036967024
0,0,0.9039926,0.09600742
0,0,0.9965792,0.0034208114
0,0,0.99667835,0.0033216402
0,0,0.99690086,0.0030991237
0,0,0.99297935,0.0070206593
0,0,0.99670595,0.003294047
0,0,0.99663514,0.003364888
0,0,0.98703766,0.01296233
0,0,0.99602145,0.0039785625
0,0,0.9965651,0.003434898
0,0,0.9967186,0.003281398
0,0,0.84826493,0.15173507
0,0,0.97998655,0.020013455
0,0,0.9937764,0.0062236367
0,0,0.9945626,0.0054373564
0,0,0.9966849,0.003315106
0,0,0.9959419,0.0040581133
0,0,0.9948922,0.005107828
0,0,0.99463254,0.005367487
0,0,0.9966461,0.0033539203
0,0,0.99665654,0.0033434695
0,0,0.9565953,0.043404695
0,0,0.99644935,0.003550641
0,0,0.99649346,0.0035065413
0,0,0.9842181,0.015781872
0,0,0.9966809,0.0033191086
0,0,0.99667317,0.003326841
0,0,0.99669284,0.0033071497
0,0,0.99682236,0.0031776256
0,0,0.99666625,0.0033337702
0,0,0.99387306,0.006126961
0,0,0.9966821,0.003317901
0,0,0.99269116,0.0073088645
0,0,0.99574184,0.00425815
0,0,0.9966675,0.0033325234
0,0,0.99660903,0.0033909644
0,0,0.9966768,0.0033232204
0,0,0.997198,0.0028019967
0,0,0.99584144,0.0041585597
0,0,0.99668944,0.003310572
0,0,0.99605584,0.0039441423
0,0,0.9966518,0.0033481647
0,0,0.99674034,0.0032596597
0,0,0.9957733,0.004226708
0,0,0.97932875,0.020671222
0,0,0.9967828,0.0032172303
0,0,0.99428564,0.005714381
0,0,0.9939759,0.0060241213
0,0,0.99425507,0.0057449304
0,0,0.9961516,0.0038483997
0,0,0.99669665,0.0033033704
0,0,0.99667954,0.0033204358
0,0,0.9967212,0.0032788194
0,0,0.9964985,0.0035015012
0,0,0.996428,0.0035719802
0,0,0.6331255,0.36687452
0,0,0.99462134,0.0053786486
0,0,0.99570334,0.0042966413
0,0,0.9851988,0.014801219
0,0,0.9968375,0.0031625153
0,0,0.99648285,0.003517126
0,0,0.99654126,0.0034587116
0,0,0.9966748,0.0033251953
0,0,0.99500006,0.0049999617
0,0,0.69463164,0.30536836
0,0,0.99613833,0.0038616795
0,0,0.99340886,0.0065911636
0,0,0.94924235,0.050757665
0,0,0.99281985,0.0071801576
0,0,0.99670225,0.003297742
0,0,0.99618,0.00381999
0,0,0.9966872,0.003312802
0,0,0.9794438,0.020556191
0,0,0.996494,0.0035060116
0,0,0.9961539,0.003846083
0,0,0.9963526,0.0036474145
0,0,0.9721885,0.027811522
0,0,0.97804683,0.021953141
0,0,0.9951814,0.0048186006
0,0,0.9966785,0.0033215247
0,0,0.99525726,0.004742714
0,0,0.99629366,0.003706353
0,0,0.9966416,0.00335845
0,0,0.99635535,0.003644662
0,0,0.9957235,0.004276498
0,0,0.99667,0.003329998
0,0,0.99669665,0.0033033704
0,0,0.99505496,0.0049450356
0,0,0.9967236,0.0032763833
0,0,0.9966863,0.0033137028
0,0,0.9965758,0.003424256
0,0,0.9966619,0.003338125
0,0,0.99668473,0.0033152841
0,0,0.9953036,0.004696415
0,0,0.996106,0.0038939645
0,0,0.9966673,0.0033326596
0,0,0.99285644,0.007143547
0,0,0.99569046,0.0043095555
0,0,0.99614084,0.0038591377
0,0,0.9967241,0.003275885
0,0,0.9965417,0.0034583302
0,0,0.99669665,0.0033033704
0,0,0.99076146,0.009238523
0,0,0.9917096,0.0082904305
0,0,0.99633723,0.0036627895
0,0,0.9934499,0.0065500853
0,0,0.9966872,0.003312802
0,0,0.9951678,0.0048321905
0,0,0.9966955,0.0033044664
0,0,0.9966876,0.0033124115
0,0,0.9950702,0.0049297847
0,0,0.9966451,0.0033549196
0,0,0.99656844,0.003431547
0,0,0.99331737,0.0066826134
0,0,0.9963578,0.0036422042
0,0,0.99636173,0.0036382487
0,0,0.9928231,0.0071768984
0,0,0.9961917,0.003808304
0,0,0.996718,0.0032819908
0,0,0.9966243,0.0033756916
0,0,0.99645513,0.0035448691
0,0,0.99666476,0.0033352599
0,0,0.99600077,0.003999245
0,0,0.9966748,0.0033251953
0,0,0.9964874,0.003512643
0,0,0.99598384,0.0040161447
0,0,0.99615824,0.0038417736
0,0,0.9966462,0.00335378
0,0,0.98957807,0.010421903
0,0,0.9967214,0.0032785905
0,0,0.91906536,0.08093464
0,0,0.99644107,0.003558905
0,0,0.9952705,0.004729534
0,0,0.9966955,0.0033044664
0,0,0.9956356,0.0043643583
0,0,0.9867677,0.0132322945
0,0,0.9965761,0.0034239062
0,0,0.9967247,0.0032752622
0,0,0.99660724,0.0033927436
0,0,0.97043365,0.029566359
0,0,0.9964095,0.0035905477
0,0,0.99251413,0.00748584
0,0,0.99667907,0.0033209329
0,0,0.99665767,0.0033423079
0,0,0.9963362,0.003663766
0,0,0.9966604,0.0033395896
0,0,0.99422777,0.0057722093
0,0,0.9933104,0.006689612
0,0,0.9956255,0.004374525
0,0,0.99673045,0.003269579
0,0,0.99668556,0.0033144415
0,0,0.9966492,0.00335078
0,0,0.99668443,0.003315585
0,0,0.9966549,0.0033450935
0,0,0.99667853,0.0033214476
0,0,0.9966928,0.0033072315
0,0,0.9950834,0.0049166162
0,0,0.99669284,0.0033071497
0,0,0.99669147,0.003308552
0,0,0.9941597,0.0058403155
0,0,0.99581414,0.00418586
0,0,0.991581,0.008419002
0,0,0.99669284,0.0033071497
0,0,0.99295956,0.0070404354
0,0,0.99669147,0.003308552
0,0,0.99668676,0.003313271
0,0,0.99645495,0.0035450358
0,0,0.99669665,0.0033033704
0,0,0.9947886,0.005211392
0,0,0.99667853,0.0033214476
0,0,0.99667996,0.0033200237
0,0,0.99588686,0.0041131177
0,0,0.9966801,0.003319945
0,0,0.9889217,0.011078292
0,0,0.98539925,0.014600734
0,0,0.97355694,0.026443051
0,0,0.99317753,0.0068224426
0,0,0.9957868,0.0042132186
0,0,0.99613905,0.0038609547
0,0,0.97212803,0.027871948
0,0,0.99665314,0.0033468683
0,0,0.9966975,0.00330254
0,0,0.9951449,0.0048550926
0,0,0.9951886,0.004811417
0,0,0.9967825,0.003217492
0,0,0.9952408,0.004759182
0,0,0.9965252,0.0034747845
0,0,0.99667925,0.0033207815
0,0,0.996516,0.0034840135
0,0,0.99236524,0.0076347315
0,0,0.99605227,0.003947716
0,0,0.9966527,0.003347253
0,0,0.99665964,0.0033403484
0,0,0.99210197,0.007898023
0,0,0.9966838,0.0033162488
0,0,0.99668103,0.003318975
0,0,0.99667656,0.0033234337
0,0,0.9924365,0.007563488
0,0,0.9881653,0.011834676
0,0,0.8713871,0.12861288
0,0,0.99669665,0.0033033704
0,0,0.98921376,0.010786242
0,0,0.99273497,0.007265047
0,0,0.996672,0.0033280016
0,0,0.9966748,0.0033251953
0,0,0.98554075,0.014459258
0,0,0.9960696,0.00393039
0,0,0.9965647,0.003435321
0,0,0.99664605,0.003353968
0,0,0.9966683,0.0033317015
0,0,0.99199057,0.008009413
0,0,0.9935743,0.0064256974
0,0,0.9964481,0.0035518745
0,0,0.9939079,0.00609208
0,0,0.9960975,0.003902519
0,0,0.9966824,0.003317606
0,0,0.9965367,0.0034633232
0,0,0.99669814,0.0033018496
0,0,0.99669576,0.0033042277
0,0,0.96252376,0.037476253
0,0,0.9911716,0.0088284165
0,0,0.9854773,0.014522661
0,0,0.9931823,0.006817704
0,0,0.99674475,0.0032552767
0,0,0.99658704,0.0034129703
0,0,0.99641305,0.0035869326
0,0,0.99607277,0.0039272155
0,0,0.99493694,0.0050630453
0,0,0.99672925,0.0032707541
0,0,0.99599785,0.004002148
0,0,0.99667853,0.0033214476
0,0,0.9964465,0.0035535304
0,0,0.9966739,0.003326139
0,0,0.99615014,0.0038498426
0,0,0.99655783,0.0034421512
0,0,0.99228156,0.007718446
0,0,0.99632573,0.0036742452
0,0,0.9964212,0.0035787926
0,0,0.9966109,0.0033891038
0,0,0.9932532,0.0067468043
0,0,0.99669355,0.003306452
0,0,0.9966193,0.0033807277
0,0,0.99661916,0.0033808367
0,0,0.9965282,0.0034718106
0,0,0.9913432,0.008656802
0,0,0.9940011,0.0059988853
0,0,0.9964102,0.0035898092
0,0,0.9967588,0.0032411644
0,0,0.99669665,0.0033033704
0,0,0.99454236,0.0054576383
0,0,0.99639267,0.0036073034
0,0,0.9966831,0.003316857
0,0,0.99664176,0.0033582586
0,0,0.9964654,0.0035346178
0,0,0.9969108,0.0030892116
0,0,0.99474853,0.0052514654
0,0,0.9966682,0.0033317837
0,0,0.99655044,0.0034495657
0,0,0.9959864,0.004013578
0,1,0.3241924,0.6758076
0,0,0.9962536,0.0037463992
0,0,0.9963622,0.0036377802
0,0,0.99658704,0.0034129703
0,0,0.9965744,0.003425615
0,0,0.99455464,0.00544534
0,0,0.9965852,0.00341482
0,0,0.99661624,0.0033837366
0,0,0.99658453,0.0034154705
0,0,0.991768,0.008231985
0,0,0.9959733,0.004026687
0,0,0.99612564,0.0038743622
0,0,0.9886543,0.011345711
0,0,0.996791,0.0032089958
0,0,0.9921239,0.007876069
0,0,0.99658537,0.003414659
0,0,0.9955567,0.004443268
0,0,0.99667406,0.0033259557
0,0,0.99640447,0.0035955308
0,0,0.9963231,0.0036768909
0,0,0.98322386,0.016776128
0,0,0.9967904,0.0032096165
0,0,0.9965974,0.003402614
0,0,0.9794057,0.020594312
0,0,0.99669665,0.0033033704
0,0,0.99669665,0.0033033704
0,0,0.996794,0.003205997
0,0,0.99623847,0.0037615167
0,0,0.9961527,0.0038472833
0,0,0.99662346,0.0033765563
0,0,0.9968387,0.0031613174
0,0,0.9962618,0.0037382038
0,0,0.99672663,0.0032733793
0,0,0.99602586,0.003974123
0,0,0.99609375,0.0039062425
0,0,0.99641705,0.0035829828
0,0,0.98718363,0.012816387
0,0,0.99635524,0.0036447642
0,0,0.9918263,0.008173718
0,0,0.9966872,0.003312802
0,0,0.99489313,0.0051068803
0,0,0.99665266,0.003347317
0,0,0.9874372,0.012562831
0,0,0.9965195,0.0034805057
0,0,0.9953969,0.0046030856
0,0,0.9875268,0.012473238
0,0,0.99624074,0.0037592389
0,0,0.9967298,0.003270198
0,0,0.9965943,0.0034056795
0,0,0.99667627,0.0033237054
0,0,0.9939137,0.0060863136
0,0,0.9968163,0.0031836957
0,0,0.9966548,0.0033451903
0,0,0.99638575,0.00361426
0,0,0.99667996,0.0033200237
0,0,0.9945455,0.0054544923
0,0,0.9966674,0.0033326105
0,0,0.9966561,0.0033438506
0,0,0.9966928,0.0033072315
0,0,0.99620163,0.003798342
0,0,0.9921665,0.007833506
0,0,0.9962054,0.0037946252
0,0,0.9960754,0.003924605
0,0,0.99667925,0.003320772
0,0,0.9963769,0.00362315
0,0,0.9963965,0.0036035243
0,0,0.99660456,0.0033954633
0,0,0.99668384,0.003316162
0,0,0.9964095,0.0035905032
0,0,0.99278396,0.007216026
0,0,0.99630415,0.003695865
0,0,0.9964425,0.0035574937
0,0,0.9938929,0.006107068
0,0,0.997175,0.0028249933
0,0,0.995652,0.004348008
0,0,0.9913619,0.008638079
0,0,0.99563146,0.004368519
0,0,0.99640846,0.0035915184
0,0,0.9966801,0.003319945
0,0,0.9967818,0.0032181512
0,0,0.99440205,0.005597962
0,0,0.9966974,0.0033025714
0,0,0.99668,0.0033199526
0,0,0.9965977,0.0034022713
0,0,0.99669284,0.0033071497
0,0,0.9874894,0.012510607
0,0,0.9910992,0.008900816
0,0,0.9963281,0.0036718706
0,0,0.9904543,0.009545693
0,0,0.9967084,0.003291629
0,0,0.9934825,0.0065175327
0,0,0.99666184,0.0033381744
0,0,0.99420977,0.005790257
0,0,0.9966828,0.0033171566
0,0,0.9947101,0.005289893
0,0,0.95306087,0.04693913
0,0,0.9953485,0.004651508
0,0,0.99667925,0.0033207468
0,0,0.9966738,0.0033262006
0,0,0.99223447,0.0077655166
0,0,0.99685544,0.0031445366
0,0,0.9965413,0.0034586869
0,0,0.9967096,0.003290403
0,0,0.9966457,0.0033543252
0,0,0.9967766,0.0032234385
0,0,0.9966024,0.0033975742
0,0,0.9953457,0.0046542794
0,0,0.99671066,0.0032893317
0,0,0.9965722,0.0034278051
0,0,0.99669147,0.003308552
0,0,0.9884985,0.011501479
0,0,0.9966011,0.0033988825
0,0,0.9966702,0.0033297846
0,0,0.9966676,0.0033323492
0,0,0.99663025,0.0033697688
0,0,0.9954818,0.0045181816
0,0,0.9959051,0.004094899
0,0,0.9960115,0.003988503
0,0,0.99581957,0.0041804034
0,0,0.978777,0.021223016
0,0,0.99665576,0.003344256
0,0,0.9840822,0.0159178
0,0,0.99671316,0.0032868376
0,0,0.99618626,0.0038137238
0,0,0.99672514,0.0032748512
0,0,0.99679345,0.0032065716
0,0,0.9966814,0.0033186215
0,0,0.99463975,0.0053602164
0,0,0.99420714,0.005792871
0,0,0.9939414,0.006058553
0,0,0.9965934,0.0034066052
0,0,0.9966571,0.0033429514
0,0,0.99634165,0.003658362
0,0,0.9965793,0.0034207318
0,0,0.98625976,0.013740239
0,0,0.9966748,0.0033251953
0,0,0.9968318,0.0031682223
0,0,0.9966046,0.0033953954
0,0,0.99664986,0.0033501387
0,0,0.9958683,0.0041316957
0,0,0.99473464,0.0052653733
0,0,0.9919939,0.008006107
0,0,0.9936623,0.0063376906
0,0,0.9860649,0.013935109
0,0,0.9967307,0.0032693183
0,0,0.99665314,0.0033468683
0,0,0.9929142,0.007085782
0,0,0.9952918,0.004708149
0,0,0.9961419,0.0038580822
0,0,0.99670196,0.0032980384
0,0,0.9962062,0.0037937765
0,0,0.9950456,0.0049543735
0,0,0.99557817,0.0044218134
0,0,0.99667805,0.0033219415
0,0,0.99268097,0.00731906
0,0,0.9943129,0.005687123
0,0,0.9966629,0.003337113
0,0,0.9956099,0.0043900954
0,0,0.9964356,0.0035644458
0,0,0.9757675,0.024232514
0,0,0.99665475,0.0033452413
0,0,0.99667054,0.0033294393
0,0,0.9956625,0.0043374924
0,0,0.9966682,0.0033317837
0,0,0.99636734,0.0036326405
0,0,0.99666435,0.003335678
0,0,0.98868227,0.011317723
0,0,0.9949488,0.0050512077
0,0,0.99658835,0.0034116616
0,0,0.99537164,0.0046283714
0,0,0.99668425,0.0033157712
0,0,0.99647915,0.003520868
0,0,0.99666214,0.0033378443
0,0,0.9957875,0.0042124745
0,0,0.99651057,0.003489436
0,0,0.99586827,0.0041317428
0,0,0.99669147,0.003308552
0,0,0.99667454,0.0033254402
0,0,0.9966823,0.0033177305
0,0,0.99644417,0.0035558527
0,0,0.9966652,0.0033348317
0,0,0.99667686,0.0033231291
0,0,0.9966078,0.0033921988
0,0,0.996706,0.0032939937
0,0,0.99669665,0.0033033704
0,0,0.9964726,0.00352741
0,0,0.9875859,0.012414113
0,0,0.995095,0.004904991
0,0,0.99673045,0.003269579
0,0,0.9933098,0.0066902013
0,0,0.99549603,0.0045039565
0,0,0.9943709,0.0056290957
0,0,0.99664295,0.003357073
0,0,0.99659,0.0034099664
0,0,0.9965528,0.0034471913
0,0,0.99613035,0.003869641
0,0,0.99421996,0.00578006
0,0,0.9940968,0.005903175
0,0,0.99666244,0.003337546
0,0,0.99648046,0.0035195178
0,0,0.99446166,0.0055383155
0,0,0.9951768,0.0048231874
0,0,0.99665725,0.0033427607
0,0,0.9927703,0.00722971
0,0,0.9961382,0.003861782
0,0,0.99669284,0.0033071497
0,0,0.9966714,0.0033286011
0,0,0.99062943,0.00937057
0,0,0.99658537,0.003414659
0,0,0.9951796,0.004820419
0,0,0.996671,0.0033290014
0,0,0.98931766,0.010682337
0,0,0.99668896,0.0033110154
0,0,0.9965688,0.0034312045
0,0,0.98612076,0.013879244
0,0,0.996096,0.0039039855
0,0,0.99669665,0.0033033704
0,0,0.9938432,0.0061568245
0,0,0.9960485,0.0039515127
0,0,0.99469715,0.0053028706
0,0,0.99670225,0.003297742
0,0,0.99597245,0.0040275455
0,0,0.9962015,0.0037984666
0,0,0.9949562,0.0050438107
0,0,0.9959974,0.004002574
0,0,0.9938312,0.006168808
0,0,0.9939426,0.006057373
0,0,0.9966274,0.0033725824
0,0,0.9968299,0.0031700672
0,0,0.9960378,0.00396224
0,0,0.9958463,0.004153726
0,0,0.98401004,0.01598996
0,0,0.9966052,0.0033947872
0,0,0.9966928,0.0033072315
0,0,0.9966746,0.0033254072
0,0,0.9967699,0.0032300702
0,0,0.9959342,0.004065822
0,0,0.99668896,0.0033110154
0,0,0.9967707,0.003229344
0,0,0.9967643,0.003235722
0,0,0.99643457,0.0035654164
0,0,0.99667853,0.0033214476
0,0,0.9963719,0.0036280614
0,0,0.99674386,0.0032561447
0,0,0.9966548,0.0033451903
0,0,0.9949995,0.0050004646
0,0,0.9966748,0.0033251953
0,0,0.9966786,0.0033214379
0,0,0.9949479,0.0050521186
0,0,0.851442,0.148558
0,0,0.99273545,0.0072645727
0,0,0.99590474,0.0040952475
0,0,0.99259007,0.0074099377
0,0,0.99669147,0.003308552
0,0,0.9954259,0.0045740986
0,0,0.99613476,0.003865254
0,0,0.9952631,0.0047369017
0,0,0.99654365,0.0034563523
0,0,0.99669665,0.0033033704
0,0,0.99672,0.0032799884
0,0,0.98778474,0.012215247
0,0,0.99670005,0.0032999604
0,0,0.9964221,0.0035779045
0,0,0.996688,0.0033119929
0,0,0.99560905,0.004390954
0,0,0.9966834,0.0033165922
0,0,0.9966752,0.0033248065
0,0,0.99629986,0.0037001178
0,0,0.9961063,0.0038936574
0,0,0.9966692,0.0033308337
0,0,0.99015003,0.009849968
0,0,0.99652827,0.0034717396
0,0,0.9966802,0.0033197745
0,0,0.99667424,0.0033257531
0,0,0.99578106,0.004218914
0,0,0.9817883,0.018211719
0,0,0.9966876,0.0033124194
0,0,0.99670154,0.0032984365
0,0,0.99293756,0.0070624137
0,0,0.9966793,0.0033207152
0,0,0.99668145,0.0033185363
0,0,0.9919603,0.00803973
0,0,0.9966532,0.0033467936
0,0,0.98018813,0.019811856
0,0,0.9966786,0.003321433
0,0,0.9967166,0.0032833621
0,0,0.9967643,0.0032357143
0,0,0.9967309,0.0032691006
0,0,0.9972078,0.0027921756
0,0,0.9966834,0.0033165922
0,0,0.9888709,0.01112909
0,0,0.9961242,0.003875809
0,0,0.99656045,0.003439542
0,0,0.99646413,0.003535886
0,0,0.9966752,0.0033248065
0,0,0.9966996,0.0033003998
0,0,0.9790718,0.020928191
0,0,0.99542063,0.004579347
0,0,0.9944937,0.005506304
0,0,0.9934081,0.006591935
0,0,0.9966983,0.0033017069
0,0,0.99634236,0.0036576581
0,0,0.9968638,0.0031362264
0,0,0.99607885,0.0039211786
0,0,0.99619645,0.00380356
0,0,0.99208367,0.00791633
0,0,0.99668723,0.0033127454
0,0,0.9955256,0.004474417
0,0,0.9880568,0.011943191
0,0,0.9949209,0.0050791022
0,0,0.9951367,0.0048633376
0,0,0.9966696,0.0033303953
0,0,0.9970295,0.0029704957
0,0,0.9966911,0.003308895
0,0,0.9966681,0.003331901
0,0,0.9961621,0.0038379089
0,0,0.99462175,0.0053782715
0,0,0.9966827,0.0033172828
0,0,0.99457645,0.0054235705
0,0,0.9966378,0.0033621807
0,0,0.9956232,0.0043768412
0,0,0.99667925,0.0033207468
0,0,0.9966721,0.003327932
0,0,0.9966421,0.0033579138
0,0,0.9953231,0.0046768524
0,0,0.9917097,0.00829032
0,0,0.9963383,0.003661664
0,0,0.9966604,0.0033395896
0,0,0.99666286,0.0033371272
0,0,0.99668413,0.0033158641
0,0,0.9963578,0.0036421868
0,0,0.9965673,0.0034326904
0,0,0.99669665,0.0033033704
0,0,0.9966772,0.00332278
0,0,0.99572945,0.00427057
0,0,0.9966928,0.0033072315
0,0,0.9966235,0.0033764648
0,0,0.994461,0.005539011
0,0,0.9966795,0.0033205333
0,0,0.99669665,0.0033033704
0,0,0.99667037,0.0033296468
0,0,0.9958559,0.0041441023
0,0,0.9962558,0.0037441966
0,0,0.9951419,0.0048580673
0,0,0.99660814,0.0033918861
0,0,0.997003,0.002996989
0,0,0.9966823,0.0033177305
0,0,0.9966723,0.0033277343
0,0,0.99656594,0.0034340445
0,0,0.9954305,0.0045694704
0,0,0.99598914,0.0040108436
0,0,0.9966656,0.0033343912
0,0,0.99669665,0.0033033704
0,0,0.99603754,0.0039624395
0,0,0.9965427,0.0034572969
0,0,0.9966825,0.003317494
0,0,0.98134065,0.018659327
0,0,0.996673,0.0033269897
0,0,0.9953465,0.0046534883
0,0,0.99668723,0.0033127454
0,0,0.867933,0.13206702
0,0,0.99360925,0.006390764
0,0,0.9966785,0.0033215247
0,0,0.9960701,0.0039299135
0,0,0.9965621,0.003437898
0,0,0.9925218,0.007478177
0,0,0.9962829,0.0037170951
0,0,0.9942592,0.0057408055
0,0,0.9946476,0.005352364
0,0,0.9845139,0.01548611
0,0,0.9966928,0.0033072315
0,0,0.9966433,0.0033566838
0,0,0.98475355,0.015246474
0,0,0.9963475,0.0036525214
0,0,0.9959921,0.004007892
0,0,0.9959391,0.004060907
0,0,0.9966445,0.003355505
0,0,0.9958776,0.0041224062
0,0,0.99668384,0.003316146
0,0,0.9963627,0.0036372875
0,0,0.99641705,0.0035829828
0,0,0.99608946,0.003910518
0,0,0.9966872,0.003312802
0,0,0.99589425,0.004105745
0,0,0.996539,0.003461015
0,0,0.99668944,0.003310572
0,0,0.9966426,0.0033573904
0,0,0.9964496,0.0035504233
0,0,0.99548733,0.004512643
0,0,0.99635005,0.0036499265
0,0,0.9964933,0.0035067098
0,0,0.9959945,0.0040054927
0,0,0.9948377,0.0051623136
0,0,0.99669284,0.0033071497
0,0,0.9963674,0.0036325974
0,0,0.9913043,0.008695718
0,0,0.9967883,0.003211683
0,0,0.99664915,0.0033508837
0,0,0.9966712,0.0033288288
0,0,0.99668205,0.0033179733
0,0,0.9966834,0.0033165922
0,0,0.968734,0.03126597
0,0,0.9966548,0.0033451903
0,0,0.9960624,0.003937613
0,0,0.9959242,0.004075832
0,0,0.996688,0.0033119929
0,0,0.99667996,0.0033200237
0,0,0.9847868,0.0152132055
0,0,0.9875079,0.012492123
0,0,0.9948348,0.0051652165
0,0,0.9961514,0.003848632
0,0,0.9966587,0.003341301
0,0,0.9945072,0.0054928316
0,0,0.9964768,0.0035231623
0,0,0.9967707,0.003229344
0,0,0.996688,0.0033119929
0,0,0.9709425,0.029057503
0,0,0.99243164,0.007568368
0,0,0.9968482,0.0031517793
0,0,0.9966548,0.0033451903
0,0,0.9966572,0.0033428099
0,0,0.9968062,0.0031937778
0,0,0.9966405,0.0033594908
0,0,0.9966936,0.003306394
0,0,0.9966359,0.0033640808
0,0,0.9962022,0.003797815
0,0,0.9966872,0.003312802
0,0,0.996913,0.0030869967
0,0,0.99658,0.0034200198
0,0,0.99482065,0.0051793642
0,0,0.9966837,0.0033162707
0,0,0.9968779,0.0031220913
1,1,0.0034728646,0.99652714
0,0,0.99657494,0.003425037
0,0,0.9968833,0.0031167145
0,0,0.99658865,0.003411326
0,0,0.9906283,0.009371703
0,0,0.9924971,0.0075029396
0,0,0.9916466,0.008353439
0,0,0.99677074,0.003229275
0,0,0.9867833,0.01321667
0,0,0.9962479,0.0037520987
0,0,0.99620295,0.0037970722
0,0,0.9776774,0.022322575
0,0,0.9967024,0.0032976135
0,0,0.9965713,0.0034286752
0,0,0.9966872,0.003312802
0,0,0.9966196,0.0033804143
0,0,0.9966559,0.0033441095
0,0,0.99668336,0.003316619
0,0,0.99656296,0.003437039
0,0,0.9962443,0.0037556887
0,0,0.99670184,0.003298156
0,0,0.9934206,0.006579376
0,0,0.99631774,0.0036822471
0,0,0.99667954,0.0033204467
0,0,0.99669665,0.0033033704
0,0,0.99665534,0.0033446294
0,0,0.99589115,0.0041088657
0,0,0.9938685,0.006131443
0,0,0.996722,0.0032780264
0,0,0.99668556,0.0033144415
0,0,0.99640304,0.0035969694
0,0,0.9966752,0.0033248065
0,0,0.99669665,0.0033033704
0,0,0.9418635,0.058136515
0,0,0.99669284,0.003307186
0,0,0.9967024,0.0032976135
0,0,0.996648,0.0033519936
0,0,0.9966509,0.0033491005
0,0,0.99380314,0.0061968826
0,0,0.9958395,0.0041605425
0,0,0.9669083,0.033091735
0,0,0.9956815,0.004318502
0,0,0.9963212,0.003678785
0,0,0.9957854,0.0042145653
0,0,0.9966928,0.0033072315
0,0,0.9966872,0.003312802
0,0,0.9965656,0.003434402
0,0,0.9968011,0.0031989282
0,0,0.9958179,0.004182089
0,0,0.9358327,0.0641673
0,0,0.9944602,0.0055397595
0,0,0.99612486,0.0038751261
0,0,0.99626446,0.0037355532
0,0,0.9961535,0.0038465485
0,0,0.98758066,0.012419369
0,0,0.9966768,0.0033232255
0,0,0.99316967,0.006830327
0,0,0.99538195,0.0046180515
0,0,0.9927158,0.007284197
0,0,0.99401975,0.005980256
0,0,0.9939038,0.006096167
0,0,0.9937433,0.0062567284
0,0,0.99661475,0.0033852211
0,0,0.9953641,0.0046358705
0,0,0.9944719,0.0055281008
0,0,0.9957266,0.0042734253
0,0,0.99671847,0.0032815228
0,0,0.9968628,0.0031371731
0,0,0.99581206,0.0041879495
0,0,0.990555,0.009445039
0,0,0.96716374,0.03283625
0,0,0.99653095,0.0034690665
0,0,0.99248,0.0075199953
0,0,0.9899152,0.010084806
0,0,0.9830944,0.01690559
0,0,0.9966852,0.003314777
0,0,0.995441,0.0045589996
0,0,0.9964356,0.0035643885
0,0,0.9961441,0.0038558985
0,0,0.9963241,0.0036758974
0,0,0.9964306,0.003569427
0,0,0.996345,0.0036550313
0,0,0.99669665,0.0033033704
0,0,0.9962937,0.0037062704
0,0,0.9965361,0.003463922
0,0,0.9966872,0.003312802
0,0,0.9940298,0.0059701568
0,0,0.9966963,0.0033037127
0,0,0.99667865,0.0033213715
0,0,0.9966823,0.0033177305
0,0,0.9941996,0.005800453
0,0,0.99612397,0.003876013
0,0,0.99355775,0.0064422707
0,0,0.9966437,0.003356283
0,0,0.99271923,0.0072807465
0,0,0.9963128,0.0036871906
0,0,0.99614775,0.003852224
0,0,0.99599206,0.0040079304
0,0,0.99669665,0.0033033704
0,0,0.99298036,0.0070196185
0,0,0.9945033,0.0054966803
0,0,0.9966647,0.0033353262
0,0,0.99668384,0.0033161507
0,0,0.9961313,0.0038687035
0,0,0.9960578,0.0039421814
0,0,0.9966872,0.003312802
0,0,0.99666953,0.0033304745
0,0,0.99377406,0.006225932
0,0,0.99669284,0.0033071497
0,0,0.9967921,0.0032079236
0,0,0.9957824,0.004217598
0,0,0.99668944,0.003310572
0,0,0.9958046,0.0041953777
0,0,0.99309,0.0069100233
0,0,0.9945348,0.005465212
0,0,0.9954641,0.004535903
0,0,0.99154097,0.008459043
0,0,0.9946166,0.005383383
0,0,0.9966928,0.0033072315
0,0,0.996674,0.0033259746
0,0,0.9966777,0.0033223175
0,0,0.99669665,0.0033033704
0,0,0.99616784,0.003832165
0,0,0.9966872,0.003312802
0,0,0.9918587,0.008141257
0,0,0.99667543,0.0033245457
0,0,0.99658006,0.0034199546
0,0,0.9960443,0.003955695
0,0,0.9966928,0.0033072315
0,0,0.99672514,0.0032748512
0,0,0.99644345,0.003556554
0,0,0.9966876,0.0033124194
0,0,0.9966746,0.0033254072
0,0,0.9952268,0.0047731944
0,0,0.9860353,0.013964716
0,0,0.9962297,0.0037702841
0,0,0.99668384,0.003316146
0,0,0.99667853,0.0033214476
0,0,0.99668807,0.0033119423
0,0,0.9963247,0.0036752897
0,0,0.99669665,0.0033033704
0,0,0.99668944,0.003310572
0,0,0.9950181,0.004981861
0,0,0.9955335,0.004466463
0,0,0.9966604,0.0033395896
0,0,0.9951656,0.004834413
0,0,0.9968467,0.0031533048
0,0,0.99525386,0.0047461167
0,0,0.99658895,0.0034110523
0,0,0.99666816,0.003331814
0,0,0.99622256,0.003777457
0,0,0.9909254,0.009074654
0,0,0.99665093,0.0033490655
0,0,0.9967019,0.0032981103
0,0,0.99666536,0.0033346668
0,0,0.9950299,0.0049700537
0,0,0.9955346,0.0044654096
0,0,0.9967061,0.0032938514
0,0,0.99634486,0.003655115
0,0,0.9961406,0.003859424
0,0,0.99621487,0.003785141
0,0,0.996682,0.0033179985
0,0,0.99718046,0.0028195542
0,0,0.9959598,0.0040401705
0,0,0.9966658,0.0033342075
0,0,0.99369097,0.0063090445
0,0,0.99668944,0.003310572
0,0,0.7108879,0.28911212
0,0,0.99668896,0.0033110154
0,0,0.9904955,0.009504486
0,0,0.9733511,0.026648864
0,0,0.9966956,0.003304421
0,0,0.9962107,0.003789313
0,0,0.9955325,0.0044674636
0,0,0.9948016,0.0051984005
0,0,0.9966518,0.0033481647
0,0,0.996688,0.0033119929
0,0,0.9963929,0.0036070703
0,0,0.91570705,0.084292956
0,0,0.9966823,0.0033177305
0,0,0.99661493,0.0033850456
0,0,0.9967024,0.0032976135
0,0,0.996475,0.003525006
0,0,0.9966703,0.0033297024
0,0,0.99667037,0.0033296468
0,0,0.9961418,0.0038582012
0,0,0.99670154,0.003298482
0,0,0.992502,0.0074980166
0,0,0.9964492,0.0035507996
0,0,0.9966928,0.0033072315
0,0,0.99351835,0.0064816647
0,0,0.9966924,0.0033076103
0,0,0.9924726,0.0075274305
0,0,0.9966928,0.0033072315
0,0,0.9961184,0.0038815737
0,0,0.996797,0.0032029478
0,0,0.9966963,0.0033037127
0,0,0.99518144,0.0048185433
0,0,0.9962792,0.0037208335
0,0,0.9952025,0.004797541
0,0,0.97274405,0.027255977
0,0,0.99535805,0.004641969
0,0,0.99665105,0.0033489573
0,0,0.9967179,0.0032821107
0,0,0.99669147,0.003308552
0,0,0.9965918,0.003408186
0,0,0.99553186,0.004468168
0,0,0.98131746,0.018682525
0,0,0.99613625,0.0038637454
0,0,0.99672323,0.0032767397
0,0,0.99638265,0.003617338
0,0,0.9966119,0.0033880924
0,0,0.99677926,0.0032207416
0,0,0.99669665,0.0033033704
0,0,0.996604,0.0033959844
0,0,0.996682,0.0033180409
0,0,0.994671,0.005328997
0,0,0.9966863,0.0033137028
0,0,0.99243605,0.007563935
0,0,0.9940414,0.005958611
0,0,0.99660003,0.0033999535
0,0,0.99669665,0.0033033704
0,0,0.99607015,0.003929862
0,0,0.995237,0.004763014
0,0,0.996651,0.0033490162
0,0,0.99120647,0.008793531
0,0,0.9922891,0.007710876
0,0,0.9961934,0.0038065694
0,0,0.99370325,0.006296761
0,0,0.9936675,0.0063325153
0,0,0.9960205,0.0039795283
0,0,0.9963082,0.0036917655
0,0,0.996276,0.003723983
0,0,0.99618554,0.0038144488
0,0,0.9963617,0.0036383404
0,0,0.9913627,0.008637279
0,0,0.99608934,0.0039106663
0,0,0.9968436,0.0031563954
0,0,0.996688,0.0033119896
0,0,0.9826369,0.017363075
0,0,0.99561536,0.004384657
0,0,0.99569505,0.004304958
0,0,0.9589916,0.04100843
0,0,0.99521923,0.0047807796
0,0,0.9947868,0.0052131773
0,0,0.9966424,0.0033576156
0,0,0.9885701,0.01142989
0,0,0.990061,0.00993899
0,0,0.9940331,0.005966875
0,0,0.99664223,0.0033577636
0,0,0.996324,0.0036760108
0,0,0.9963644,0.0036356016
0,0,0.99534196,0.004658014
0,0,0.993995,0.006004973
0,0,0.996044,0.0039560366
0,0,0.9966604,0.0033395896
0,0,0.99586,0.0041400245
0,0,0.9924249,0.0075750686
0,0,0.9966834,0.0033165922
0,0,0.9967311,0.0032688768
0,0,0.99667865,0.003321356
0,0,0.99658555,0.0034144302
0,0,0.99669284,0.0033071497
0,0,0.98752975,0.012470265
0,0,0.9960198,0.0039802166
0,0,0.9966864,0.0033136113
0,0,0.99655104,0.0034489513
0,0,0.9966696,0.0033304114
0,0,0.9966834,0.0033165922
0,0,0.9966931,0.0033069535
0,0,0.995521,0.0044789705
0,0,0.9966863,0.0033137028
0,0,0.995331,0.0046690167
0,0,0.99535465,0.004645322
0,0,0.9953795,0.0046204804
0,0,0.9967007,0.0032992673
0,0,0.99667996,0.0033200237
0,0,0.9930328,0.006967186
0,0,0.99679947,0.0032005522
0,0,0.99672514,0.0032748512
0,0,0.99667317,0.003326841
0,0,0.99667794,0.0033220502
0,0,0.99672663,0.0032733793
0,0,0.99668413,0.0033158641
0,0,0.9954648,0.004535176
0,0,0.9963659,0.003634113
0,0,0.9925801,0.007419873
0,0,0.99659485,0.003405142
0,0,0.9966696,0.0033303953
0,0,0.98272073,0.017279282
0,0,0.9966969,0.0033030927
0,0,0.99668485,0.0033151598
0,0,0.9949263,0.005073724
0,0,0.99661,0.0033900167
0,0,0.99687845,0.0031215528
0,0,0.99666333,0.0033366596
0,0,0.9967707,0.003229344
0,0,0.99702615,0.0029738788
0,0,0.9966696,0.0033304114
0,0,0.99547786,0.0045221276
0,0,0.9962639,0.0037360804
0,0,0.99669665,0.0033033704
0,0,0.9781433,0.021856716
0,0,0.9968968,0.0031032132
0,0,0.99218357,0.007816462
0,0,0.9952913,0.0047086896
0,0,0.99667317,0.003326841
0,0,0.99632996,0.0036700203
0,0,0.9963136,0.0036864534
0,0,0.9962547,0.0037453067
0,0,0.99659145,0.0034085696
0,0,0.99668413,0.0033158641
0,0,0.99668413,0.0033158641
0,0,0.9966518,0.0033481647
0,0,0.9961342,0.0038657794
0,0,0.9966629,0.0033370927
0,0,0.9966576,0.0033423968
0,0,0.99668384,0.0033161507
0,0,0.9966872,0.003312802
0,0,0.99667996,0.0033200237
0,0,0.99406743,0.005932565
0,0,0.99309176,0.006908243
0,0,0.9962097,0.0037903031
0,0,0.995412,0.004588015
0,0,0.9963025,0.0036975401
0,0,0.9966383,0.0033617266
0,0,0.99472415,0.005275873
0,0,0.99674785,0.0032521298
0,0,0.9956353,0.0043647457
0,0,0.99669135,0.0033086778
0,0,0.9927596,0.0072404235
0,0,0.9951996,0.0048003537
0,0,0.99643266,0.0035673364
0,0,0.99591386,0.0040861424
0,0,0.9959043,0.004095683
0,0,0.98892283,0.011077153
0,0,0.9964644,0.0035356125
0,0,0.99668664,0.003313372
0,0,0.99669665,0.0033033704
0,0,0.9965522,0.0034477548
1,1,0.0033762455,0.99662375
0,0,0.99667966,0.0033203473
0,0,0.9942591,0.005740906
0,0,0.9967788,0.0032212227
0,0,0.99631625,0.0036837345
0,0,0.99563307,0.0043669348
0,0,0.960767,0.039233003
0,0,0.9967279,0.0032721146
0,0,0.9955462,0.00445377
0,0,0.99641037,0.0035896334
0,0,0.9950826,0.004917354
0,0,0.9949976,0.005002403
0,0,0.9957615,0.004238479
0,0,0.9962531,0.0037469154
0,0,0.9929491,0.0070508937
0,0,0.99665314,0.0033468683
0,0,0.99023175,0.009768264
0,0,0.9966746,0.0033254072
0,0,0.9966746,0.0033254072
0,0,0.9928633,0.007136688
0,0,0.9926931,0.0073068687
0,0,0.99479413,0.005205865
0,0,0.99657243,0.003427559
0,0,0.9966078,0.0033922086
0,0,0.98833495,0.011665027
0,0,0.99612087,0.0038791331
0,0,0.99667954,0.0033204688
0,0,0.99669665,0.0033033704
0,0,0.99668384,0.0033161507
0,0,0.9966776,0.0033224039
0,0,0.9921967,0.0078033074
0,0,0.9900142,0.009985814
0,0,0.99669284,0.0033071497
0,0,0.99669284,0.0033071497
0,0,0.98042965,0.019570377
0,0,0.9947094,0.005290621
0,0,0.9966877,0.0033122792
0,0,0.99674517,0.0032548234
0,0,0.9964212,0.0035787926
0,0,0.9918452,0.008154822
0,0,0.99669147,0.003308552
0,0,0.9966306,0.0033694152
0,0,0.9916243,0.008375707
0,0,0.99233574,0.0076642493
0,0,0.99664944,0.0033505699
0,0,0.9929741,0.0070259264
0,0,0.99655396,0.0034460644
0,0,0.99593043,0.0040695406
0,0,0.996255,0.0037450437
0,0,0.9944623,0.005537669
0,0,0.9965719,0.0034280755
0,0,0.99245965,0.007540372
0,0,0.9919854,0.008014647
0,0,0.9970396,0.0029604072
0,0,0.9939904,0.006009574
0,0,0.98718476,0.012815247
0,0,0.980033,0.019967023
0,0,0.97895586,0.021044144
0,0,0.9959809,0.004019106
0,0,0.99341905,0.0065809623
0,0,0.9964,0.0035999715
0,0,0.9909209,0.009079115
0,0,0.99630404,0.0036959911
0,0,0.9970953,0.0029047013
0,0,0.9945234,0.005476573
0,0,0.99614096,0.0038590354
0,0,0.99631566,0.0036843454
0,0,0.99611485,0.0038851537
0,0,0.9789479,0.021052102
0,0,0.9966834,0.0033165922
0,0,0.9956058,0.0043941573
0,0,0.9936891,0.006310868
0,0,0.99636185,0.0036381776
0,0,0.9959638,0.0040361774
0,0,0.94533306,0.05466695
0,0,0.99668413,0.0033158641
0,0,0.9966518,0.0033481647
0,0,0.99597675,0.0040232423
0,0,0.9951402,0.0048597828
0,0,0.99034107,0.009658908
0,0,0.9959081,0.004091902
0,0,0.9961089,0.0038911356
0,0,0.9966589,0.0033410804
0,0,0.994956,0.0050440044
0,0,0.8388405,0.16115955
0,0,0.9959601,0.0040399
0,0,0.99669427,0.0033057213
0,0,0.99668384,0.0033161507
0,0,0.99371904,0.006280979
0,0,0.9964174,0.0035825965
0,0,0.99551433,0.0044856435
0,0,0.99668384,0.0033161507
0,0,0.9966928,0.0033072315
0,0,0.99635524,0.0036447814
0,0,0.9966748,0.0033251953
0,0,0.9956245,0.004375539
0,0,0.9944137,0.0055862973
0,0,0.99607706,0.0039229575
0,0,0.99668944,0.003310572
0,0,0.991485,0.00851501
0,0,0.99669665,0.0033033704
0,0,0.926726,0.07327401
0,0,0.9866074,0.013392635
0,0,0.9946416,0.005358404
0,0,0.99666417,0.0033358082
0,0,0.99669665,0.0033033704
0,0,0.9960971,0.0039029187
0,0,0.99669665,0.0033033704
0,0,0.98868513,0.011314842
0,0,0.99525917,0.004740817
0,0,0.99490106,0.0050989185
0,0,0.99644053,0.0035594855
0,0,0.9966182,0.0033818106
0,0,0.9965388,0.0034611744
0,0,0.9966359,0.0033640808
0,0,0.9966101,0.0033898943
0,0,0.9955064,0.0044935653
0,0,0.9852835,0.014716509
0,0,0.99668026,0.003319748
0,0,0.99693304,0.003066946
0,0,0.9949479,0.0050521186
0,0,0.9964751,0.003524902
0,0,0.99317604,0.006823974
0,0,0.9967633,0.0032367385
0,0,0.9963978,0.0036022197
0,0,0.99668413,0.0033158641
0,0,0.99669147,0.003308552
0,0,0.9965069,0.0034930974
0,0,0.9960723,0.00392771
0,0,0.9923161,0.00768388
0,0,0.9951827,0.0048172977
0,0,0.9947805,0.0052195066
0,0,0.9954165,0.004583461
0,0,0.9937171,0.0062828963
0,0,0.996577,0.0034229984
0,0,0.99261165,0.0073883296
0,0,0.99668574,0.0033142823
0,0,0.99599564,0.0040043877
0,0,0.9966483,0.0033516895
0,0,0.9961854,0.0038146006
0,0,0.996585,0.0034150127
0,0,0.9966683,0.0033317015
0,0,0.9966863,0.0033137028
0,0,0.9966461,0.0033539203
0,0,0.99665576,0.003344256
0,0,0.99559605,0.0044039306
0,0,0.95020366,0.049796365
0,0,0.97716,0.022840025
0,0,0.9964638,0.0035362153
0,0,0.9964263,0.0035737236
0,0,0.9964545,0.0035454957
0,0,0.9958316,0.004168407
0,0,0.9876892,0.012310802
0,0,0.9964558,0.0035441918
0,0,0.9966963,0.0033037127
0,0,0.9956464,0.0043535624
0,0,0.9922397,0.00776029
0,0,0.99669385,0.0033061693
0,0,0.9961154,0.0038846352
0,0,0.99647653,0.0035234485
0,0,0.9966509,0.0033491005
0,0,0.9963584,0.0036416277
0,0,0.996386,0.0036140054
0,0,0.99679947,0.0032005522
0,0,0.99669665,0.0033033704
0,0,0.9954844,0.0045155934
0,0,0.9947089,0.0052911025
0,0,0.99469745,0.005302529
0,0,0.9966129,0.0033871215
0,0,0.8842731,0.1157269
0,0,0.99668944,0.003310572
0,0,0.9935735,0.0064265043
0,0,0.98777026,0.012229767
0,0,0.9966741,0.0033258956
0,0,0.996604,0.0033959844
0,0,0.9966767,0.0033233261
0,0,0.99669284,0.0033071497
0,0,0.9964601,0.0035398938
0,0,0.9950317,0.004968309
0,0,0.99678487,0.003215144
0,0,0.9945195,0.0054805246
0,0,0.99663687,0.0033631087
0,0,0.99677587,0.0032241452
0,0,0.99669665,0.0033033704
0,0,0.99571884,0.0042811693
0,0,0.99616295,0.0038370427
0,0,0.9965256,0.003474433
0,0,0.9965412,0.0034587919
0,0,0.99669665,0.0033033704
0,0,0.99506754,0.004932459
0,0,0.9966928,0.0033072315
0,0,0.9928936,0.0071064206
0,0,0.9968744,0.003125584
0,0,0.99613416,0.0038658474
0,0,0.99666667,0.0033333136
0,0,0.99668413,0.0033158641
0,0,0.995951,0.0040490213
0,0,0.9923887,0.007611299
0,0,0.996688,0.0033119929
0,0,0.9961963,0.0038036956
0,0,0.9965928,0.0034071784
0,0,0.99668944,0.003310572
0,0,0.99656767,0.0034323267
0,0,0.99589866,0.004101327
0,0,0.9851388,0.014861206
0,0,0.99424005,0.0057599843
0,0,0.9763322,0.023667816
0,0,0.9966358,0.0033641816
0,0,0.99652326,0.0034767499
0,0,0.9955213,0.0044787177
0,0,0.9966748,0.0033251953
0,0,0.9945979,0.005402102
0,0,0.9965571,0.0034429054
0,0,0.98645383,0.013546197
0,0,0.99669284,0.0033071765
0,0,0.9955214,0.0044785733
0,0,0.9966875,0.0033125123
0,0,0.9967707,0.003229344
0,0,0.99668413,0.0033158641
0,0,0.9966663,0.0033336782
0,0,0.9522094,0.04779057
0,0,0.99530727,0.0046927407
0,0,0.99590033,0.004099651
0,0,0.9665907,0.033409275
0,0,0.9929807,0.0070192562
0,0,0.989602,0.010397976
0,0,0.9954478,0.0045521776
0,0,0.99613297,0.0038670504
0,0,0.9966566,0.0033434092
0,0,0.9966674,0.003332623
0,0,0.99671376,0.003286219
0,0,0.9961641,0.003835893
0,0,0.9968011,0.0031989282
0,0,0.9967882,0.0032117974
0,0,0.99637985,0.0036201698
0,0,0.98626995,0.013730021
0,0,0.9647407,0.03525933
0,0,0.971223,0.028776981
0,0,0.99606216,0.0039378568
0,0,0.9964809,0.0035191183
0,0,0.99592006,0.0040799263
0,0,0.9957742,0.0042257686
0,0,0.9964533,0.0035467206
0,0,0.99667543,0.0033245457
0,0,0.9960447,0.003955317
0,0,0.9966917,0.00330831
0,0,0.996673,0.0033269897
0,0,0.99668753,0.0033124872
0,0,0.9964827,0.0035173313
0,0,0.99578935,0.004210629
0,0,0.9733771,0.026622863
0,0,0.9933307,0.0066692918
0,0,0.99643725,0.003562724
0,0,0.9961079,0.0038921395
0,0,0.9966422,0.0033578405
0,0,0.9967305,0.0032695094
0,0,0.99658704,0.0034129703
0,0,0.9957795,0.004220481
0,0,0.9870643,0.012935679
0,0,0.99548554,0.0045144577
0,0,0.99620044,0.003799544
0,0,0.9967346,0.0032653566
0,0,0.9966744,0.0033255557
0,0,0.98600477,0.013995221
0,0,0.99193895,0.008061042
0,0,0.99666333,0.0033366883
0,0,0.9959601,0.004039854
0,0,0.9963501,0.0036498916
0,0,0.99198556,0.008014465
0,0,0.99552566,0.004474355
0,0,0.9960957,0.0039043021
0,0,0.9912156,0.008784418
0,0,0.99669665,0.0033033704
0,0,0.99669665,0.0033033704
0,0,0.99657583,0.0034241632
0,0,0.99674916,0.003250824
0,0,0.97992265,0.02007737
0,0,0.9962404,0.0037596244
0,0,0.9937498,0.0062502213
0,0,0.9903412,0.009658825
0,0,0.9932073,0.0067927046
0,0,0.99654883,0.003451179
0,0,0.9966963,0.0033037127
0,0,0.9927241,0.0072758957
0,0,0.9965708,0.0034291768
0,0,0.99675256,0.0032474543
0,0,0.9966954,0.0033045937
0,0,0.9965418,0.0034581805
0,0,0.9966726,0.0033274416
0,0,0.9962142,0.0037858083
0,0,0.99635345,0.0036465393
0,0,0.9962093,0.003790703
0,0,0.9965744,0.003425615
0,0,0.99390227,0.0060977386
0,0,0.99727386,0.0027261504
0,0,0.9966138,0.003386188
0,0,0.99667287,0.003327149
0,0,0.9961254,0.0038746179
0,0,0.9881889,0.011811066
0,0,0.9883499,0.011650057
0,0,0.9945479,0.005452087
0,0,0.9965565,0.0034434735
0,0,0.99481153,0.0051884353
0,0,0.9966664,0.0033336307
0,0,0.99500144,0.004998574
0,0,0.99572146,0.004278552
0,0,0.99670124,0.0032987688
0,0,0.9962541,0.0037459366
0,0,0.99656194,0.0034380287
0,0,0.99598086,0.0040191268
0,0,0.99666953,0.0033304857
0,0,0.99667996,0.0033200237
0,0,0.99653673,0.003463244
0,0,0.9964845,0.0035155101
0,0,0.9899632,0.010036817
0,0,0.9957956,0.0042043934
0,0,0.9936439,0.006356131
0,0,0.9967173,0.0032827256
0,0,0.9922519,0.007748106
0,0,0.99615204,0.0038479373
0,0,0.9961787,0.0038213201
0,0,0.9964017,0.0035982465
0,0,0.99553186,0.004468168
0,0,0.996669,0.0033310049
0,0,0.9965104,0.0034895856
0,0,0.9888072,0.0111928135
0,0,0.8474335,0.1525665
0,0,0.9967678,0.003232199
0,0,0.9966689,0.0033311395
0,0,0.9964106,0.003589415
0,0,0.996646,0.0033540397
0,0,0.99603367,0.0039663124
0,0,0.9876491,0.012350907
0,0,0.9964891,0.0035108693
0,0,0.9960532,0.003946805
0,0,0.99572396,0.0042760577
0,0,0.9967455,0.0032545018
0,0,0.99670804,0.003291942
0,0,0.9962186,0.003781362
0,0,0.99639726,0.0036027299
0,0,0.99050725,0.009492736
0,0,0.9964852,0.0035148435
0,0,0.99614304,0.0038569532
0,0,0.9937236,0.0062764455
0,0,0.9960935,0.0039065117
0,0,0.9952791,0.0047209496
0,0,0.9876746,0.01232538
0,0,0.9930827,0.0069172843
0,0,0.9966626,0.003337405
0,0,0.9960002,0.0039998526
0,0,0.99612355,0.0038764514
0,0,0.99253756,0.00746243
0,0,0.9841906,0.015809419
0,0,0.9966882,0.0033118136
0,0,0.9966749,0.0033251133
0,0,0.9712975,0.028702505
0,0,0.9966731,0.0033268677
0,0,0.98714644,0.012853586
0,0,0.99669725,0.003302733
0,0,0.99329984,0.0067001297
0,0,0.9965796,0.0034204097
0,0,0.9670524,0.03294759
0,0,0.99667996,0.0033200237
0,0,0.9922437,0.0077562924
0,0,0.9109622,0.08903776
0,0,0.9953633,0.0046366914
0,0,0.9966741,0.0033258526
0,0,0.9969944,0.003005599
0,0,0.99667853,0.0033214476
0,0,0.99668765,0.0033123642
0,0,0.9963146,0.0036854132
0,0,0.99038637,0.00961361
0,0,0.96870947,0.031290527
0,0,0.99669343,0.003306573
0,0,0.9966765,0.0033235003
0,0,0.996706,0.0032939937
0,0,0.99660367,0.003396351
0,0,0.99652225,0.003477758
0,0,0.58264625,0.41735378
0,0,0.9961304,0.0038696062
0,0,0.99669665,0.0033033704
0,0,0.99654776,0.0034522517
0,0,0.99667925,0.0033207468
0,0,0.99339217,0.0066078105
0,0,0.98331976,0.016680222
0,0,0.9968483,0.00315173
0,0,0.99669427,0.0033057213
0,0,0.9950333,0.00496665
0,0,0.9967816,0.0032184129
0,0,0.99263686,0.007363152
0,0,0.996688,0.0033119929
0,0,0.99669665,0.0033033704
0,0,0.98413515,0.01586484
0,0,0.99136883,0.008631198
0,0,0.99666065,0.0033393374
0,0,0.9964457,0.0035542818
0,0,0.98649186,0.0135081215
0,0,0.996366,0.0036340025
0,0,0.9965744,0.003425615
0,0,0.9941702,0.005829801
0,0,0.99602705,0.0039729225
0,0,0.99459064,0.0054093827
0,0,0.9966748,0.0033251953
0,0,0.99658155,0.0034184207
0,0,0.99016917,0.009830854
0,0,0.99667645,0.0033235743
0,0,0.9964173,0.003582743
0,0,0.99668944,0.003310572
0,0,0.99672043,0.0032795488
0,0,0.9379163,0.062083725
0,0,0.99669665,0.0033033704
0,0,0.9967515,0.0032484962
0,0,0.9966836,0.0033163733
0,0,0.9962316,0.0037683682
0,0,0.99687266,0.0031273228
0,0,0.9886451,0.011354904
0,0,0.9945869,0.005413104
0,0,0.99581236,0.004187617
0,0,0.9959769,0.0040230495
0,0,0.99650204,0.0034979875
0,0,0.99546015,0.004539871
0,0,0.98794967,0.012050316
0,0,0.9929733,0.007026685
0,0,0.996654,0.0033460474
0,0,0.9943383,0.0056617386
0,0,0.9965513,0.0034487247
0,0,0.9957714,0.0042286087
0,0,0.99656963,0.0034303928
0,0,0.9966604,0.0033395896
0,0,0.9965943,0.0034056795
0,0,0.9944651,0.0055348943
0,0,0.9966942,0.0033057984
0,0,0.9966587,0.0033413297
0,0,0.9956617,0.004338349
0,0,0.9966546,0.0033453607
0,0,0.9951603,0.00483972
0,0,0.9966712,0.00332881
0,0,0.9966872,0.003312802
0,0,0.9954709,0.004529094
0,0,0.9928968,0.0071031977
0,0,0.9966908,0.0033091938
0,0,0.99628794,0.0037120762
0,0,0.99657243,0.003427559
0,0,0.9968523,0.0031477069
0,0,0.996676,0.0033239725
0,0,0.99669665,0.0033033704
0,0,0.9962837,0.0037162849
0,0,0.99454147,0.0054585347
0,0,0.9954861,0.004513907
0,0,0.9872822,0.0127178095
0,0,0.9967132,0.0032867875
0,0,0.9966539,0.0033460588
0,0,0.9966752,0.0033248065
0,0,0.9966856,0.00331435
0,0,0.99667954,0.0033204453
0,0,0.9937309,0.006269127
0,0,0.9966544,0.003345588
0,0,0.9966746,0.0033254072
0,0,0.99681216,0.0031878338
0,0,0.995331,0.004669039
0,0,0.9963649,0.00363509
0,0,0.996395,0.0036049816
0,0,0.996604,0.0033959844
0,0,0.99667054,0.0033294393
0,0,0.9944899,0.0055100974
0,0,0.99221665,0.007783356
0,0,0.99668723,0.0033127924
0,0,0.9947843,0.0052156956
0,0,0.9968841,0.003115888
0,0,0.9966928,0.0033072315
0,0,0.9956593,0.0043406854
0,0,0.99656343,0.003436544
0,0,0.99632573,0.0036742452
0,0,0.9961159,0.0038840706
0,0,0.9967283,0.0032716899
0,0,0.996688,0.0033119929
0,0,0.9946017,0.005398273
0,0,0.9966572,0.0033427954
0,0,0.9966844,0.0033156136
0,0,0.9966928,0.0033072315
0,0,0.97304016,0.026959853
0,0,0.9966687,0.0033313136
0,0,0.9966787,0.0033213133
0,0,0.99669343,0.003306573
0,0,0.9966722,0.003327774
0,0,0.9940972,0.0059028002
0,0,0.9964253,0.0035747562
0,0,0.9966984,0.0033015967
0,0,0.9966538,0.003346232
0,0,0.9961046,0.0038953773
0,0,0.996065,0.003934983
0,0,0.99274033,0.0072596944
0,0,0.9601932,0.0398068
0,0,0.99667794,0.0033220914
0,0,0.9968582,0.003141819
0,0,0.9955287,0.004471319
0,0,0.99669665,0.0033033704
0,0,0.9950596,0.0049404013
0,0,0.9953124,0.00468759
0,0,0.99656945,0.0034305623
0,0,0.9957726,0.004227428
0,0,0.9846054,0.015394615
0,0,0.9951469,0.0048531345
0,0,0.9962418,0.0037581818
0,0,0.99643856,0.0035614395
0,0,0.9958963,0.004103749
0,0,0.9965025,0.0034974723
0,0,0.9966166,0.0033833813
0,0,0.995179,0.004821002
0,0,0.99612284,0.0038771697
0,0,0.9949344,0.005065638
0,0,0.996684,0.0033159696
0,0,0.99575496,0.0042450647
0,0,0.9966834,0.0033165922
0,0,0.9966872,0.003312802
0,0,0.9967024,0.0032976135
0,0,0.99665767,0.0033423079
0,0,0.99667144,0.0033285536
0,0,0.9956256,0.004374367
0,0,0.98465765,0.015342367
0,0,0.993911,0.0060889595
0,0,0.9963063,0.003693704
0,0,0.99667925,0.0033207468
0,0,0.99585164,0.0041483687
0,0,0.95212054,0.04787943
0,0,0.98885703,0.011142974
0,0,0.9966283,0.0033717107
0,0,0.9966705,0.0033295266
0,0,0.99625397,0.0037460201
0,0,0.9962712,0.003728812
0,0,0.9960913,0.0039087036
0,0,0.996666,0.0033339714
0,0,0.99635214,0.0036478515
0,0,0.99669427,0.0033057213
0,0,0.9967528,0.0032472042
0,0,0.99541265,0.0045873313
0,0,0.99642813,0.003571848
0,0,0.996688,0.0033119929
0,0,0.99669003,0.0033099395
0,0,0.99228305,0.0077169384
0,0,0.99641466,0.0035853619
0,0,0.9903913,0.009608667
0,0,0.99661255,0.0033874533
0,0,0.99669355,0.0033064315
0,0,0.9964792,0.0035207707
0,0,0.9964921,0.0035079343
0,0,0.9967039,0.003296059
0,0,0.99678934,0.0032106664
0,0,0.9958435,0.004156455
0,0,0.9966619,0.0033381125
0,0,0.996675,0.0033249613
0,0,0.99562675,0.0043732272
0,0,0.9960562,0.0039438047
0,0,0.996694,0.0033059572
0,0,0.9969016,0.0030984522
0,0,0.99291825,0.0070817713
0,0,0.9965472,0.0034527802
0,0,0.9962812,0.0037187678
0,0,0.9288165,0.071183495
0,0,0.9906609,0.009339102
0,0,0.99674827,0.003251748
0,0,0.9966928,0.0033072315
0,0,0.9966872,0.003312802
0,0,0.9963819,0.00361812
0,0,0.99636453,0.0036354493
0,0,0.99571735,0.0042826794
0,0,0.9962203,0.0037797363
0,0,0.9904536,0.009546392
0,0,0.99670225,0.003297742
0,0,0.99005806,0.009941933
0,0,0.9966548,0.0033451903
0,0,0.9964339,0.003566099
0,0,0.9966785,0.0033215247
0,0,0.99653906,0.0034609162
0,0,0.99270767,0.0072923596
0,0,0.9967508,0.0032492003
0,0,0.9967044,0.0032956128
0,0,0.99656343,0.003436544
0,0,0.99121094,0.008789073
0,0,0.9965422,0.003457755
0,0,0.99641925,0.0035807604
0,0,0.9965751,0.0034248547
0,0,0.99682915,0.003170833
0,0,0.99657935,0.0034206617
0,0,0.99306226,0.0069377543
0,0,0.9966461,0.0033539203
0,0,0.9674086,0.0325914
0,0,0.99040514,0.009594869
0,0,0.9966834,0.0033165922
0,0,0.99667317,0.003326841
0,0,0.9966672,0.0033328051
0,0,0.9798128,0.020187173
0,0,0.9969028,0.003097155
0,0,0.9964228,0.0035771993
0,0,0.9965708,0.0034291768
0,0,0.9966366,0.0033633502
0,0,0.9968302,0.0031697978
0,0,0.9964765,0.0035235155
0,0,0.9966752,0.0033248065
0,0,0.9616512,0.03834881
0,0,0.99686223,0.0031377533
0,0,0.99670225,0.003297742
0,0,0.9965123,0.0034876938
0,0,0.9971249,0.002875094
0,0,0.99460864,0.0053913365
0,0,0.99671316,0.0032868376
0,0,0.99226344,0.0077365595
0,0,0.9966682,0.0033317837
0,0,0.99638706,0.0036129567
0,0,0.99597275,0.0040272283
0,0,0.99124277,0.008757251
0,0,0.99669886,0.0033011544
0,0,0.9949976,0.00500237
0,0,0.9864945,0.01350551
0,0,0.9962579,0.0037420862
0,0,0.995559,0.0044410033
0,0,0.99558437,0.004415606
0,0,0.9968894,0.0031105697
0,0,0.99652624,0.0034737727
0,0,0.9968574,0.0031425746
0,0,0.99602646,0.003973542
0,0,0.99667,0.0033299825
0,0,0.9929717,0.0070282985
0,0,0.9930155,0.006984465
0,0,0.99668384,0.0033161507
0,0,0.9954999,0.004500103
0,0,0.9966748,0.0033251953
0,0,0.9879525,0.0120475115
0,0,0.9955394,0.0044605765
0,0,0.99536705,0.0046329736
0,0,0.99541366,0.0045863404
0,0,0.99270797,0.007292025
0,0,0.9838512,0.016148789
0,0,0.99669665,0.0033033704
0,0,0.9968544,0.003145565
0,0,0.99671394,0.0032860832
0,0,0.99668944,0.003310572
0,0,0.9960169,0.0039830813
0,0,0.9966943,0.0033056478
0,0,0.9966827,0.0033172828
0,0,0.9736937,0.026306294
0,0,0.9966777,0.0033222747
0,0,0.9761175,0.02388251
0,0,0.9958317,0.004168261
0,0,0.99277276,0.007227267
0,0,0.99669147,0.003308552
0,0,0.9965836,0.0034164025
0,0,0.99653435,0.0034656425
0,0,0.99667406,0.0033259557
0,0,0.9967227,0.0032773083
0,0,0.99685705,0.00314293
0,0,0.99572146,0.0042785155
0,0,0.989062,0.010937963
0,0,0.9953335,0.0046665175
0,0,0.9954712,0.0045288145
0,0,0.9914001,0.008599869
0,0,0.993332,0.0066679963
0,0,0.99607897,0.003921041
0,0,0.98218703,0.017812964
0,0,0.9966849,0.0033150902
0,0,0.99652547,0.003474527
0,0,0.99666744,0.0033325502
0,0,0.9966752,0.0033248065
0,0,0.9948412,0.0051587736
0,0,0.99237007,0.0076299175
0,0,0.9958757,0.0041242624
0,0,0.995076,0.004924027
0,0,0.99699867,0.003001324
0,0,0.9832783,0.016721755
0,0,0.8048711,0.19512892
0,0,0.98833495,0.011665027
0,0,0.9966771,0.0033229126
0,0,0.9965395,0.0034605036
0,0,0.9956606,0.0043393914
0,0,0.9967821,0.0032178469
0,0,0.96960634,0.030393684
0,0,0.9923807,0.0076193274
0,0,0.99686325,0.0031367333
0,0,0.9343431,0.065656915
0,0,0.99665314,0.0033468683
0,0,0.99667317,0.003326841
0,0,0.9947254,0.00527462
0,0,0.9941676,0.005832391
0,0,0.9951626,0.004837417
0,0,0.9966872,0.003312802
0,0,0.99669284,0.0033071497
0,0,0.9966928,0.0033072315
0,0,0.99666387,0.0033361206
0,0,0.9968578,0.0031421757
0,0,0.99669385,0.0033061267
0,0,0.9948,0.0052000233
0,0,0.9933359,0.0066641252
0,0,0.9916405,0.0083594695
0,0,0.99666446,0.0033355386
0,0,0.99704033,0.00295964
0,0,0.99679273,0.0032072635
0,0,0.9966548,0.0033451903
0,0,0.9966928,0.0033072315
0,0,0.99637324,0.003626777
0,0,0.9957321,0.0042678835
0,0,0.99667203,0.0033279858
0,0,0.9968424,0.0031575884
0,0,0.9964987,0.0035012998
0,0,0.9955458,0.004454178
0,0,0.99669284,0.0033071497
0,0,0.9719542,0.028045747
0,0,0.9968681,0.003131906
0,0,0.9956097,0.0043902746
0,0,0.99518645,0.0048135268
0,0,0.9966272,0.003372776
0,0,0.99669665,0.0033033704
0,0,0.9961915,0.0038084958
0,0,0.99669343,0.003306573
0,0,0.99669147,0.003308552
0,0,0.99664295,0.003357073
0,0,0.9958373,0.0041627577
0,0,0.99667317,0.0033268188
0,0,0.99669665,0.0033033704
0,0,0.9952797,0.0047202976
0,0,0.9947924,0.0052076136
0,0,0.99684817,0.0031518107
0,0,0.9966795,0.0033205005
0,0,0.9966876,0.0033124194
0,0,0.99633664,0.003663371
0,0,0.9935103,0.0064897146
0,0,0.9966628,0.0033371795
0,0,0.9959506,0.004049429
0,0,0.99612445,0.0038755455
0,0,0.98617965,0.013820357
0,0,0.994786,0.0052140057
0,0,0.9929646,0.0070354003
0,0,0.9966752,0.0033248065
0,0,0.9965265,0.0034735233
0,0,0.99668896,0.0033110154
0,0,0.99646294,0.0035370523
0,0,0.9966631,0.0033369036
0,0,0.9968606,0.0031393943
0,0,0.87021023,0.12978978
0,0,0.9966595,0.0033404548
0,0,0.99669665,0.0033033704
0,0,0.99592704,0.00407298
0,0,0.9966175,0.0033824937
0,0,0.9966748,0.0033251953
0,0,0.9964737,0.0035262955
0,0,0.9966628,0.0033372273
0,0,0.9949182,0.005081751
0,0,0.9929352,0.007064815
0,0,0.9870301,0.01296994
0,0,0.9821368,0.01786324
0,0,0.9966752,0.0033248065
0,0,0.9966125,0.0033874887
0,0,0.9966872,0.003312802
0,0,0.9961823,0.0038176936
0,0,0.9940508,0.0059491848
0,0,0.9963348,0.0036651867
0,0,0.995317,0.0046830405
0,0,0.9936838,0.0063161626
0,0,0.9963179,0.0036820844
0,0,0.98329914,0.01670085
0,0,0.99637216,0.003627811
0,0,0.9966817,0.0033182949
0,0,0.9966696,0.0033304114
0,0,0.9964378,0.0035622383
0,0,0.96931666,0.030683342
0,0,0.9966876,0.0033124194
0,0,0.99544185,0.0045581623
0,0,0.99579024,0.004209743
0,0,0.9962859,0.003714073
0,0,0.9966811,0.0033189259
0,0,0.98768526,0.0123147275
0,0,0.996604,0.0033959844
0,0,0.99668413,0.0033158641
0,0,0.9968011,0.0031989282
0,0,0.9559982,0.04400183
0,0,0.9770959,0.022904107
0,0,0.9732048,0.026795188
0,0,0.9906021,0.009397898
0,0,0.9968544,0.003145565
0,0,0.9965601,0.0034398965
0,0,0.9966567,0.003343304
0,0,0.98699003,0.013009973
0,0,0.9936903,0.0063096993
0,0,0.9952323,0.0047677117
0,0,0.9955262,0.00447378
0,0,0.98317397,0.016826019
0,0,0.99669147,0.003308552
0,0,0.9930954,0.0069045965
0,0,0.9966722,0.003327788
0,0,0.99129456,0.00870542
0,0,0.9966928,0.0033072315
0,0,0.996688,0.0033119929
0,0,0.9962289,0.0037711295
0,0,0.99615306,0.0038469562
0,0,0.98594433,0.014055689
0,0,0.9964037,0.0035963166
0,0,0.99669355,0.0033064315
0,0,0.9958122,0.004187828
0,0,0.99593866,0.0040613217
0,0,0.9875321,0.012467894
0,0,0.99668854,0.0033114578
0,0,0.99668944,0.003310572
0,0,0.99667925,0.0033207468
0,0,0.99666744,0.003332544
0,0,0.99669665,0.0033033704
0,0,0.99463856,0.0053614546
0,0,0.96195143,0.03804858
0,0,0.99366003,0.006339964
0,0,0.9950109,0.0049890704
0,0,0.9965593,0.0034406744
0,0,0.99583113,0.00416888
0,0,0.99669665,0.0033033704
0,0,0.9959659,0.0040341215
0,0,0.99647075,0.0035292224
0,0,0.99668854,0.0033114578
0,0,0.9943793,0.0056207348
0,0,0.9858352,0.014164793
0,0,0.9966834,0.0033165922
0,0,0.9885708,0.011429211
0,0,0.9966928,0.0033072315
0,0,0.9964368,0.003563244
0,0,0.989042,0.010958007
0,0,0.99664766,0.003352357
0,0,0.9966732,0.0033267697
0,0,0.99668425,0.003315724
0,0,0.9966661,0.003333922
0,0,0.99394614,0.006053877
0,0,0.99624103,0.0037589422
0,0,0.996604,0.0033959844
0,0,0.9944892,0.005510792
0,0,0.99669147,0.003308552
0,0,0.9964499,0.0035501332
0,0,0.99666333,0.0033366596
0,0,0.9966518,0.0033481647
0,0,0.996722,0.0032780264
0,0,0.9966983,0.0033017003
0,0,0.99665755,0.0033424238
0,0,0.99654275,0.003457277
0,0,0.9908505,0.009149495
0,0,0.9949838,0.005016228
0,0,0.9839319,0.016068077
0,0,0.9966695,0.003330511
0,0,0.99634635,0.00365366
0,0,0.9952841,0.004715891
0,0,0.99669343,0.003306573
0,0,0.992943,0.007057006
0,0,0.98202693,0.01797305
0,0,0.9943166,0.0056834407
0,0,0.99669665,0.0033033704
0,0,0.9967011,0.0032988943
0,0,0.99560654,0.0043934523
0,0,0.99669516,0.0033048387
0,0,0.9934975,0.0065024826
0,0,0.9963009,0.0036991234
0,0,0.9967707,0.003229344
0,0,0.9966791,0.0033208982
0,0,0.99667037,0.0033296563
0,0,0.9889721,0.011027858
0,0,0.9968369,0.0031630925
0,0,0.9944723,0.0055276942
0,0,0.995877,0.00412296
0,0,0.996585,0.0034149785
0,0,0.9969568,0.0030431587
0,0,0.9958765,0.004123483
0,0,0.98112184,0.01887816
0,0,0.9966969,0.0033030927
0,0,0.996636,0.003364004
0,0,0.99668384,0.0033161507
0,0,0.9964477,0.0035523202
0,0,0.99483013,0.0051698666
0,0,0.99630725,0.0036927548
0,0,0.9930388,0.0069612274
0,0,0.99658495,0.0034150665
0,0,0.9936767,0.00632329
0,0,0.9966871,0.0033129107
0,0,0.996298,0.003701985
0,0,0.99666536,0.0033346668
0,0,0.93128216,0.06871782
0,0,0.9853374,0.014662601
0,0,0.980571,0.019429056
0,0,0.99582005,0.004179965
0,0,0.9759835,0.024016501
0,0,0.99632466,0.003675361
0,0,0.9967024,0.0032976135
0,0,0.99517727,0.0048227482
0,0,0.99659145,0.0034085712
0,0,0.99623406,0.0037659542
0,0,0.99396,0.00604
0,0,0.99102867,0.008971309
0,0,0.99657696,0.0034230212
0,0,0.99391645,0.006083568
0,0,0.9967776,0.0032224185
0,0,0.995448,0.004552013
0,0,0.996684,0.0033159696
0,0,0.9966507,0.0033492865
0,0,0.9962951,0.0037049006
0,0,0.9966963,0.0033037127
0,0,0.99546385,0.004536129
0,0,0.9966738,0.0033262055
0,0,0.9968485,0.00315146
0,0,0.99690413,0.0030958918
0,0,0.9967572,0.0032428103
0,0,0.99428195,0.0057180426
0,0,0.9971532,0.0028467812
0,0,0.99141055,0.008589472
0,0,0.9966658,0.0033342075
0,0,0.99292755,0.007072446
0,0,0.9939407,0.006059268
0,0,0.9961222,0.0038778472
0,0,0.99509126,0.0049087587
0,0,0.9966746,0.0033254072
0,0,0.99491864,0.005081358
0,0,0.9966844,0.0033156418
0,0,0.9966867,0.0033132886
0,0,0.9966908,0.0033091938
0,0,0.99338907,0.00661091
0,0,0.9916173,0.008382708
0,0,0.9775304,0.022469597
0,0,0.9963702,0.00362983
0,0,0.99668324,0.0033167435
0,0,0.9956266,0.0043733437
0,0,0.9953367,0.0046633165
0,0,0.9966928,0.0033072315
0,0,0.99673104,0.0032689685
0,0,0.9966315,0.0033685202
0,0,0.9966228,0.003377222
0,0,0.99669284,0.0033071497
0,0,0.996576,0.0034239842
0,0,0.996682,0.0033179985
0,0,0.97823083,0.021769186
0,0,0.99636954,0.003630451
0,0,0.9965894,0.0034105708
0,0,0.99673784,0.003262172
0,0,0.9966488,0.0033512148
0,0,0.9966928,0.0033072315
0,0,0.9924937,0.0075062886
0,0,0.9966729,0.0033270766
0,0,0.9956068,0.004393237
0,0,0.99416554,0.0058344817
0,0,0.99649817,0.003501834
0,0,0.9966748,0.0033251953
0,0,0.9963763,0.003623737
0,0,0.99550754,0.004492458
0,0,0.99590456,0.004095438
0,0,0.99658704,0.0034129703
0,0,0.99584335,0.0041566524
0,1,0.27722216,0.72277784
0,0,0.9957997,0.004200285
0,0,0.99616987,0.0038301358
0,0,0.9967024,0.0032976135
0,0,0.99649894,0.003501072
0,0,0.9951479,0.004852096
0,0,0.9966845,0.0033155254
0,0,0.9964443,0.0035557225
0,0,0.996688,0.0033119896
0,0,0.97566885,0.024331141
0,0,0.99667007,0.0033299318
0,0,0.9962269,0.0037731149
0,0,0.9950949,0.0049051074
0,0,0.99635345,0.0036465675
0,0,0.99573207,0.004267922
0,0,0.97088504,0.029114977
0,0,0.99618036,0.0038196417
0,0,0.9966752,0.0033248065
0,0,0.9966928,0.0033072315
0,0,0.9967841,0.0032158957
0,0,0.9966816,0.0033184355
0,0,0.9750501,0.024949921
0,0,0.9967102,0.0032898195
0,0,0.99666035,0.0033396499
0,0,0.99667853,0.0033214476
0,0,0.9966887,0.003311286
0,0,0.99669164,0.0033083681
0,0,0.99552834,0.004471635
0,0,0.9934139,0.006586102
0,0,0.9963747,0.0036253026
0,0,0.99667686,0.0033231098
0,0,0.9966211,0.003378906
0,0,0.99464923,0.0053507523
0,0,0.9955423,0.0044576894
0,0,0.9964877,0.0035123392
0,0,0.99543566,0.0045643453
0,0,0.9965056,0.0034944105
0,0,0.9966834,0.0033165922
0,0,0.9967998,0.0032001568
0,0,0.9968395,0.0031604639
0,0,0.99124247,0.008757554
0,0,0.99613255,0.0038674634
0,0,0.9962693,0.0037307083
0,0,0.9966987,0.0033013332
0,0,0.9962094,0.0037906165
0,0,0.9966917,0.0033082739
0,0,0.96790665,0.032093335
0,0,0.996246,0.0037540295
0,0,0.99128103,0.008718985
0,0,0.9957233,0.004276722
0,0,0.996612,0.0033880118
0,0,0.9844781,0.0155218905
0,0,0.9966845,0.0033155254
0,0,0.9935408,0.0064591765
0,0,0.9962842,0.0037158327
0,0,0.9943439,0.0056561283
0,0,0.996542,0.0034580377
0,0,0.9969355,0.0030645428
0,0,0.9966681,0.003331901
0,0,0.9966811,0.0033189005
0,0,0.99577236,0.004227633
0,0,0.9967408,0.0032591624
0,0,0.99452555,0.005474436
0,0,0.9901211,0.009878876
0,0,0.9966954,0.0033046203
0,0,0.9957846,0.00421544
0,0,0.98568237,0.01431765
0,0,0.991432,0.008567981
0,0,0.9963978,0.0036022146
0,0,0.9955124,0.0044875857
0,0,0.9964495,0.003550501
0,0,0.99561346,0.0043865726
0,0,0.99649036,0.0035096284
0,0,0.9967207,0.0032793493
0,0,0.99541473,0.0045852805
0,0,0.979772,0.020228023
0,0,0.99509597,0.0049040187
0,0,0.9966852,0.0033147943
0,0,0.9959313,0.0040686573
0,0,0.99576384,0.004236153
0,0,0.987053,0.012946997
0,0,0.9965755,0.0034245376
0,0,0.9966801,0.003319945
0,0,0.9919385,0.0080615105
0,0,0.9933816,0.006618364
0,0,0.9957334,0.004266599
0,0,0.9958032,0.004196802
0,0,0.9964484,0.0035516112
0,0,0.9964932,0.0035068027
0,0,0.9964422,0.003557776
0,0,0.98681355,0.013186468
0,0,0.9968609,0.0031390588
0,0,0.9966832,0.0033168083
0,0,0.9952757,0.0047243317
0,0,0.99687093,0.003129037
0,0,0.9966904,0.0033095854
0,0,0.99662256,0.003377421
0,0,0.9963074,0.003692648
0,0,0.98956853,0.010431497
0,0,0.99641395,0.0035860483
0,0,0.99633384,0.0036661585
0,0,0.99307936,0.00692062
0,0,0.99473405,0.0052659777
0,0,0.99555576,0.0044442574
0,0,0.99665797,0.0033420348
0,0,0.9966696,0.0033304114
0,0,0.99669147,0.003308552
0,0,0.9966614,0.003338587
0,0,0.99450696,0.0054930425
0,0,0.9954846,0.004515407
0,0,0.9955541,0.0044459077
0,0,0.99668944,0.003310572
0,0,0.9966715,0.0033285078
0,0,0.9966738,0.0033262055
0,0,0.996719,0.003281002
0,0,0.9965851,0.0034149543
0,0,0.99599063,0.004009343
0,0,0.9964289,0.0035710912
0,0,0.99667114,0.0033288714
0,0,0.99669147,0.003308552
0,0,0.9964786,0.003521405
0,0,0.99643874,0.003561243
0,0,0.9920167,0.007983352
0,0,0.99666077,0.0033392487
0,0,0.9947699,0.0052301115
0,0,0.9965133,0.0034867178
0,0,0.99646735,0.0035326667
0,0,0.99306804,0.0069319354
0,0,0.9944859,0.0055140625
0,0,0.9956793,0.004320694
0,0,0.99533963,0.0046603736
0,0,0.99312186,0.006878166
0,0,0.9966784,0.0033216085
0,0,0.9966801,0.003319945
0,0,0.9964968,0.003503232
0,0,0.99484754,0.0051524886
0,0,0.9953198,0.0046801986
0,0,0.99657816,0.0034218712
0,0,0.9937423,0.006257724
0,0,0.9963533,0.0036466592
0,0,0.99669284,0.0033071497
0,0,0.9963729,0.0036271408
0,0,0.9961833,0.0038167469
0,0,0.9966422,0.0033578405
0,0,0.996626,0.003373982
0,0,0.9966749,0.0033251005
0,0,0.99599475,0.0040052435
0,0,0.99669665,0.0033033704
0,0,0.9965805,0.0034195224
0,0,0.99192226,0.008077763
0,0,0.9966566,0.0033434327
0,0,0.9963176,0.0036823852
0,0,0.99671304,0.0032869405
0,0,0.9965707,0.0034292974
0,0,0.99658704,0.0034129703
0,0,0.9949522,0.005047784
0,0,0.99157584,0.008424179
0,0,0.99544626,0.0045537204
0,0,0.99658704,0.0034129703
0,0,0.99643207,0.0035679617
0,0,0.9928204,0.0071796277
0,0,0.9964808,0.0035191902
0,0,0.99611735,0.00388263
0,0,0.9958315,0.00416853
0,0,0.99642104,0.003578988
0,0,0.98026603,0.01973396
0,0,0.9966109,0.0033891038
0,0,0.9940164,0.005983619
0,0,0.9967079,0.0032920968
0,0,0.9949384,0.005061607
0,0,0.9924558,0.0075442456
0,0,0.99480784,0.0051921457
0,0,0.9965335,0.003466471
0,0,0.9728995,0.027100483
0,0,0.99592906,0.0040709344
0,0,0.9966849,0.003315106
0,0,0.99541193,0.00458808
0,0,0.9966748,0.0033251953
0,0,0.996772,0.003228017
0,0,0.9921468,0.007853214
0,0,0.9962368,0.0037632217
0,0,0.9965346,0.0034654073
0,0,0.99657047,0.0034295372
0,0,0.99306095,0.006939062
0,0,0.9928025,0.007197494
0,0,0.99657637,0.0034236442
0,0,0.9946816,0.0053184247
0,0,0.9957652,0.0042348015
0,0,0.9954305,0.004569481
0,0,0.9967836,0.0032163742
0,0,0.9972117,0.002788299
0,0,0.99662375,0.003376248
0,0,0.995902,0.0040980238
0,0,0.9966689,0.0033311395
0,0,0.9967225,0.0032774843
0,0,0.9936438,0.0063561643
0,0,0.987902,0.012097998
0,0,0.9826664,0.017333657
0,0,0.99669665,0.0033033704
0,0,0.9878231,0.012176862
0,0,0.9966748,0.0033251953
0,0,0.9966463,0.0033537147
0,0,0.99562705,0.004372941
0,0,0.99552596,0.0044740387
0,0,0.9966697,0.0033302943
0,0,0.9966817,0.003318322
0,0,0.9967062,0.0032938295
0,0,0.99010164,0.009898386
0,0,0.99565977,0.0043402035
0,0,0.9972346,0.002765395
0,0,0.99175525,0.008244753
0,0,0.9967439,0.003256106
0,0,0.99668396,0.003316061
0,0,0.9704574,0.029542612
0,0,0.99668413,0.0033158641
0,0,0.9845886,0.015411378
0,0,0.99669665,0.0033033704
0,0,0.9955656,0.0044344096
0,0,0.99669665,0.0033033704
0,0,0.99666154,0.003338428
0,0,0.99663424,0.003365776
0,0,0.99451315,0.0054868646
0,0,0.99396986,0.006030169
0,0,0.9918883,0.008111734
0,0,0.9966461,0.0033539203
0,0,0.8958473,0.104152694
0,0,0.9940533,0.005946682
0,0,0.99643654,0.0035634418
0,0,0.9832561,0.016743917
0,0,0.9966949,0.0033051039
0,0,0.99669653,0.0033034883
0,0,0.9966872,0.003312802
0,0,0.99669963,0.0033003918
0,0,0.9966823,0.0033177305
0,0,0.99669147,0.003308552
0,0,0.9812472,0.018752843
0,0,0.9625422,0.037457854
0,0,0.9964407,0.0035593095
0,0,0.9965091,0.0034909502
0,0,0.99665403,0.0033459538
0,0,0.9962044,0.0037956059
0,0,0.9970382,0.0029617895
0,0,0.9912449,0.008755058
0,0,0.9966458,0.003354172
0,0,0.99476874,0.005231278
0,0,0.9966691,0.0033308957
0,0,0.99600106,0.0039989618
0,0,0.99669665,0.0033033704
0,0,0.99623936,0.0037606535
0,0,0.9960198,0.003980226
0,0,0.99579895,0.0042010546
0,0,0.99670357,0.0032964605
0,0,0.99672085,0.0032791486
0,0,0.9963002,0.003699807
0,0,0.9947203,0.0052797412
0,0,0.99549615,0.0045038713
0,0,0.9928512,0.0071488046
0,0,0.99581593,0.0041840575
0,0,0.99669147,0.003308552
0,0,0.9964753,0.0035247328
0,0,0.9962653,0.0037347034
0,0,0.9965799,0.0034201154
0,0,0.9952451,0.0047548795
0,0,0.9966676,0.0033323492
0,0,0.9968487,0.003151288
0,0,0.9965708,0.0034291768
0,0,0.9966748,0.0033251953
0,0,0.99678975,0.0032102207
0,0,0.9966748,0.0033251953
0,0,0.9966928,0.0033072315
0,0,0.99669665,0.0033033704
0,0,0.9965573,0.003442727
0,0,0.9966752,0.0033248065
0,0,0.99431854,0.005681431
0,0,0.99670225,0.003297742
0,0,0.9819327,0.018067285
0,0,0.9966982,0.003301804
0,0,0.99667853,0.0033214476
0,0,0.9960672,0.003932769
0,0,0.99608743,0.0039125932
0,0,0.9953009,0.0046991236
0,0,0.99669665,0.0033033704
0,0,0.9961271,0.003872892
0,0,0.99672925,0.0032707541
0,0,0.99668413,0.0033158641
0,0,0.996649,0.0033509536
0,0,0.99665797,0.0033420348
0,0,0.9966817,0.0033182949
0,0,0.99626744,0.0037325856
0,0,0.9968574,0.003142612
0,0,0.99667317,0.003326841
0,0,0.99672395,0.003276022
0,0,0.9955313,0.0044686687
0,0,0.99424833,0.0057516918
0,0,0.9966538,0.0033462145
0,0,0.9957235,0.0042765005
0,0,0.9966739,0.00332609
0,0,0.99486387,0.005136128
0,0,0.9966799,0.0033201012
0,0,0.996783,0.003217007
0,0,0.9963712,0.0036287818
0,0,0.9966255,0.003374506
0,0,0.99668944,0.003310572
0,0,0.9964076,0.003592389
0,0,0.996655,0.0033450238
0,0,0.9957378,0.004262236
0,0,0.99652725,0.003472733
0,0,0.9966783,0.003321733
0,0,0.9966737,0.0033262875
0,0,0.9966748,0.0033251953
0,0,0.9966604,0.0033395882
0,0,0.99236715,0.007632842
0,0,0.9956884,0.004311645
0,0,0.9819027,0.018097289
0,0,0.9854679,0.01453211
0,0,0.9921856,0.007814398
0,0,0.9966748,0.0033251953
0,0,0.99660945,0.003390534
0,0,0.99669665,0.0033033704
0,0,0.9967151,0.003284854
0,0,0.9958462,0.0041537657
0,0,0.9963813,0.0036187219
0,0,0.99631715,0.0036828471
0,0,0.9947054,0.0052946373
0,0,0.99628425,0.0037157251
0,0,0.99652517,0.003474859
0,0,0.9966872,0.003312802
0,0,0.99652934,0.0034706707
0,0,0.9966738,0.0033262055
0,0,0.99656343,0.003436544
0,0,0.9957615,0.004238479
0,0,0.9966615,0.0033385346
0,0,0.9966983,0.0033016752
0,0,0.99671805,0.0032819612
0,0,0.99669725,0.003302733
0,0,0.9964086,0.003591404
0,0,0.9959606,0.0040393914
0,0,0.99542195,0.0045780367
0,0,0.9966555,0.0033444515
0,0,0.9965918,0.003408186
0,0,0.9967025,0.0032975369
0,0,0.99612,0.0038800435
0,0,0.99668944,0.003310572
0,0,0.9950032,0.004996779
0,0,0.99668413,0.0033158641
0,0,0.99529666,0.0047033275
0,0,0.99598366,0.004016314
0,0,0.9953927,0.004607339
0,0,0.99667853,0.0033214476
0,0,0.99668133,0.0033186704
0,0,0.99389917,0.006100814
0,0,0.99502254,0.004977476
0,0,0.99232996,0.0076700547
0,0,0.9963149,0.0036851433
1,1,0.0034728646,0.99652714
0,0,0.99633574,0.0036642395
0,0,0.9967025,0.0032975369
0,0,0.9962071,0.0037929113
0,0,0.99669385,0.0033061267
0,0,0.99431044,0.0056895446
0,0,0.9926108,0.0073892004
0,0,0.9966052,0.0033947872
0,0,0.99446255,0.005537428
0,0,0.99682295,0.0031770288
0,0,0.9963599,0.003640123
0,0,0.9962445,0.0037555331
0,0,0.99631035,0.0036896525
0,0,0.99618566,0.0038143524
0,0,0.99662143,0.0033785768
0,0,0.9966818,0.0033181608
0,0,0.996751,0.0032489859
0,0,0.9958104,0.004189636
0,0,0.9966681,0.003331901
0,0,0.99434227,0.0056577427
0,0,0.99615145,0.0038485462
0,0,0.9964015,0.0035985266
0,0,0.99613184,0.0038681875
0,0,0.99668896,0.0033110154
0,0,0.99669284,0.0033071497
0,0,0.99669665,0.0033033704
0,0,0.9881972,0.011802794
0,0,0.99669665,0.0033033704
0,0,0.9966716,0.0033283653
0,0,0.9966784,0.0033216085
0,0,0.9882431,0.011756872
0,0,0.99667317,0.0033268281
0,0,0.99588054,0.0041194493
0,0,0.9966785,0.0033215247
0,0,0.99661267,0.0033873355
0,0,0.995575,0.0044250176
0,0,0.99240303,0.007596977
0,0,0.9966436,0.0033564013
0,0,0.99669886,0.0033011544
0,0,0.99667525,0.0033247275
0,0,0.9957216,0.0042784465
0,0,0.9966084,0.003391601
0,0,0.995327,0.0046730163
0,0,0.9966881,0.0033118671
0,0,0.9966863,0.0033137028
0,0,0.9962216,0.0037783773
0,0,0.99587053,0.004129475
0,0,0.9966844,0.0033156055
0,0,0.99367344,0.006326542
0,0,0.9964353,0.0035647424
0,0,0.9967011,0.0032988943
0,0,0.99564666,0.0043533347
0,0,0.9847976,0.015202406
0,0,0.9953898,0.0046101958
0,0,0.98793536,0.012064613
0,0,0.9956834,0.004316655
0,0,0.9949264,0.005073621
0,0,0.9966834,0.0033165922
0,0,0.99608684,0.0039131693
0,0,0.99500847,0.004991519
0,0,0.9966604,0.0033395896
0,0,0.9967649,0.0032350945
0,0,0.9964916,0.0035083678
0,0,0.98339987,0.016600104
0,0,0.99432343,0.0056765387
0,0,0.9964867,0.0035133024
0,0,0.99615574,0.0038442637
0,0,0.97151047,0.028489534
0,0,0.9967952,0.0032048072
0,0,0.9965018,0.0034982068
0,0,0.99591655,0.00408345
0,0,0.9961876,0.0038123927
0,0,0.9966687,0.0033312757
0,0,0.9966876,0.0033124194
0,0,0.996263,0.003736996
0,0,0.9963897,0.0036103071
0,0,0.9966752,0.0033248065
0,0,0.996548,0.0034519779
0,0,0.9876257,0.012374253
0,0,0.99669665,0.0033033704
0,0,0.99131083,0.008689148
0,0,0.9962453,0.0037546859
0,0,0.9953601,0.0046399515
0,0,0.99558353,0.0044164723
0,0,0.995497,0.004503005
0,0,0.99669343,0.003306573
0,0,0.9939496,0.006050395
0,0,0.9817882,0.018211788
0,0,0.995457,0.004542988
0,0,0.9966137,0.0033863424
0,0,0.9966984,0.0033015967
0,0,0.99667317,0.003326841
0,0,0.9966805,0.0033195128
0,0,0.9936325,0.0063674916
0,0,0.9947467,0.0052533066
0,0,0.9964565,0.003543475
0,0,0.9967669,0.003233061
0,0,0.99635553,0.0036444904
0,0,0.9966895,0.0033104946
0,0,0.9962125,0.0037875045
0,0,0.99669665,0.0033033704
0,0,0.99669015,0.0033098417
0,0,0.9959885,0.0040115183
0,0,0.9967016,0.0032983862
0,0,0.99387676,0.0061232224
0,0,0.99668896,0.0033110154
0,0,0.9966928,0.0033072315
0,0,0.97201866,0.027981332
0,0,0.95123005,0.048769962
0,0,0.97245187,0.027548155
0,0,0.99667025,0.0033297685
0,0,0.99450946,0.0054905396
0,0,0.9967746,0.0032253666
0,0,0.9966872,0.003312802
0,0,0.99667054,0.0033294442
0,0,0.9963451,0.00365487
0,0,0.9914552,0.008544832
0,0,0.99290603,0.007093966
0,0,0.9784666,0.02153342
0,0,0.9966688,0.0033311935
0,0,0.9740667,0.025933316
0,0,0.9866306,0.0133693805
0,0,0.99470645,0.005293575
0,0,0.9965637,0.0034363284
0,0,0.995678,0.0043220115
0,0,0.9967776,0.0032224185
0,0,0.99279225,0.007207751
0,0,0.98664886,0.0133511145
0,0,0.99669665,0.0033033704
0,0,0.99680907,0.0031909116
0,0,0.9964519,0.003548081
0,0,0.99572605,0.0042739348
0,0,0.99202234,0.007977667
0,0,0.99668384,0.0033161507
0,0,0.9965139,0.0034861185
0,0,0.99664086,0.0033591427
0,0,0.94762707,0.052372903
0,0,0.9913564,0.008643606
0,0,0.99631125,0.00368878
0,0,0.9925738,0.007426225
0,0,0.9958829,0.0041170944
0,0,0.996542,0.0034580377
0,0,0.99629337,0.0037066066
0,0,0.9964499,0.0035501332
0,0,0.99660504,0.003394947
0,0,0.97519207,0.024807906
0,0,0.99631435,0.003685651
0,0,0.99349624,0.006503743
0,0,0.99464124,0.0053587575
0,0,0.9814343,0.018565686
0,0,0.9967027,0.0032973331
0,0,0.9968117,0.0031882946
0,0,0.9960607,0.0039392747
0,0,0.99669665,0.0033033704
0,0,0.9956275,0.0043724673
0,0,0.9903829,0.009617066
0,0,0.9928051,0.007194868
0,0,0.9837662,0.016233776
0,0,0.99667704,0.0033229347
0,0,0.9948597,0.005140296
0,0,0.9966963,0.0033037127
0,0,0.9966462,0.00335378
0,0,0.9638717,0.03612828
0,0,0.99671316,0.0032868376
0,0,0.993038,0.0069619785
0,0,0.99671257,0.003287422
0,0,0.9964753,0.0035247176
0,0,0.9958958,0.004104209
0,0,0.99195266,0.008047335
0,0,0.99670357,0.0032964323
0,0,0.995999,0.0040010265
0,0,0.9966898,0.003310224
0,0,0.9953986,0.0046014013
0,0,0.9887284,0.011271604
0,0,0.9966675,0.0033325234
0,0,0.9967166,0.0032833526
0,0,0.99668586,0.0033141626
0,0,0.9774073,0.022592695
0,0,0.9968689,0.0031310949
0,0,0.99669665,0.0033033704
0,0,0.99659926,0.0034007535
0,0,0.9966544,0.003345588
0,0,0.9967357,0.0032643124
0,0,0.99668425,0.0033157584
0,0,0.995626,0.004374039
0,0,0.99669665,0.0033033704
0,0,0.9963522,0.0036478287
0,0,0.99669665,0.0033033704
0,0,0.99601394,0.0039860564
0,0,0.9968854,0.0031145953
0,0,0.99666035,0.0033396438
0,0,0.99668485,0.0033151251
0,0,0.99667865,0.0033213526
0,0,0.9951109,0.0048890864
0,0,0.99409467,0.0059053553
0,0,0.9915482,0.008451834
0,0,0.99575293,0.0042470647
0,0,0.99516785,0.0048321197
0,0,0.99113303,0.00886698
0,0,0.98842114,0.011578886
0,0,0.98550427,0.014495717
0,0,0.99665314,0.0033468683
0,0,0.9960059,0.003994099
0,0,0.99673456,0.003265456
0,0,0.9898665,0.0101334825
0,0,0.9963976,0.0036023671
0,0,0.9966748,0.0033251953
0,0,0.9966752,0.0033248065
0,0,0.9965625,0.0034375335
0,0,0.9965495,0.0034505068
0,0,0.9937901,0.0062098876
0,0,0.9324828,0.067517236
0,0,0.99553186,0.004468168
0,1,0.48284918,0.5171508
0,0,0.99462456,0.0053754277
0,0,0.9967662,0.0032337648
0,0,0.9959057,0.0040943003
0,0,0.9960943,0.003905734
0,0,0.99669516,0.003304848
0,0,0.99669147,0.003308552
0,0,0.9956212,0.0043787784
0,0,0.99558634,0.0044136443
0,0,0.99670804,0.003291942
0,0,0.98889,0.011109984
0,0,0.996668,0.003332026
0,0,0.9966454,0.003354604
0,0,0.9965503,0.0034496672
0,0,0.9926894,0.0073106256
0,0,0.99096847,0.009031539
0,0,0.996743,0.0032570052
0,0,0.9920177,0.007982288
0,0,0.9949244,0.005075566
0,0,0.99575436,0.0042456454
0,0,0.8206943,0.17930564
0,0,0.9960156,0.0039843926
0,0,0.99674124,0.003258746
0,0,0.99636275,0.0036372638
0,0,0.9947829,0.005217071
0,0,0.99087065,0.009129346
0,0,0.9966987,0.0033013332
0,0,0.9964688,0.00353119
0,0,0.99726295,0.0027370632
0,0,0.99604124,0.003958777
0,0,0.9826989,0.017301053
0,0,0.9966721,0.003327932
0,0,0.99515516,0.0048448164
0,0,0.9330765,0.066923514
0,0,0.9966876,0.0033124194
0,0,0.99700004,0.002999933
0,0,0.9966461,0.0033539203
0,0,0.99666023,0.0033397486
0,0,0.99669147,0.003308552
0,0,0.99668324,0.0033167435
0,0,0.9952053,0.004794746
0,0,0.996396,0.003603995
0,0,0.99062765,0.009372336
0,0,0.9936846,0.006315433
0,0,0.99630874,0.0036912498
0,0,0.9961572,0.0038427885
0,0,0.99637896,0.003621071
0,0,0.99669665,0.0033033704
0,0,0.9947415,0.005258495
0,0,0.9958853,0.004114706
0,0,0.996682,0.0033179892
0,0,0.9960991,0.0039008916
0,0,0.9963232,0.0036767705
0,0,0.9966847,0.0033153456
0,0,0.9966955,0.0033045057
0,0,0.94586724,0.054132737
0,0,0.96131974,0.038680237
0,0,0.9766509,0.023349095
0,0,0.99629444,0.0037055768
0,0,0.97733927,0.022660723
0,0,0.9920826,0.007917379
0,0,0.9955862,0.004413783
0,0,0.9963109,0.0036891375
0,0,0.9967599,0.003240134
0,0,0.99668133,0.0033186767
0,0,0.9962184,0.003781604
0,0,0.9942199,0.0057801288
0,0,0.9967588,0.0032411644
0,0,0.994204,0.0057960027
0,0,0.9963906,0.0036094189
0,0,0.9964433,0.003556728
0,0,0.9968482,0.0031517793
0,0,0.996212,0.0037880228
0,0,0.99668586,0.0033141673
0,0,0.9916678,0.008332192
0,0,0.99667,0.0033299825
0,0,0.9967192,0.003280793
0,0,0.9960537,0.0039463136
0,0,0.99669665,0.0033033704
0,0,0.99142706,0.008572949
0,0,0.99666506,0.0033349665
0,0,0.9958296,0.0041704187
0,0,0.9965829,0.0034170484
0,0,0.8837003,0.116299674
0,0,0.99669665,0.0033033704
0,0,0.9967707,0.003229344
0,0,0.9841545,0.015845502
0,0,0.99136883,0.008631169
0,0,0.9968557,0.0031443438
0,0,0.9966699,0.003330093
0,0,0.9965468,0.0034531904
0,0,0.99356925,0.006430719
0,0,0.99663955,0.0033604745
0,0,0.98446935,0.015530673
0,0,0.9966928,0.0033072315
0,0,0.9968534,0.003146561
0,0,0.9917222,0.008277757
0,0,0.99569863,0.004301346
0,0,0.9958556,0.00414436
0,0,0.996604,0.0033959844
0,0,0.9966754,0.0033246344
0,0,0.9966963,0.0033037127
0,0,0.99542356,0.0045764744
0,0,0.9966678,0.0033322095
0,0,0.99668616,0.0033138397
0,0,0.9962784,0.003721606
0,0,0.9825626,0.01743737
0,0,0.9966823,0.0033177305
0,0,0.99667114,0.0033288354
0,0,0.9966711,0.0033289017
0,0,0.99668384,0.0033161507
0,0,0.996427,0.0035729764
0,0,0.9952993,0.0047007096
0,0,0.9966955,0.0033045057
0,0,0.99620944,0.0037905336
0,0,0.9965326,0.0034674003
0,0,0.9966705,0.0033295266
0,0,0.99638766,0.0036123577
0,0,0.99666035,0.0033396499
0,0,0.9966872,0.003312802
0,0,0.99582416,0.004175864
0,0,0.99569386,0.0043061236
0,0,0.9966752,0.0033248065
0,0,0.9966705,0.0033295266
0,0,0.9967578,0.0032421907
0,0,0.9943272,0.0056727827
0,0,0.9742575,0.025742494
0,0,0.99540186,0.0045981216
0,0,0.99524635,0.0047536655
0,0,0.9959769,0.004023086
0,0,0.99606234,0.003937647
0,0,0.99669755,0.0033024366
0,0,0.9960904,0.0039095986
0,0,0.99658996,0.003410036
0,0,0.99672455,0.0032754336
0,0,0.99665713,0.0033428385
0,0,0.9967707,0.003229344
0,0,0.9966579,0.0033420809
0,0,0.996342,0.0036580109
0,0,0.99435645,0.00564353
0,0,0.9943751,0.0056248647
0,0,0.99669665,0.0033033704
0,0,0.9966877,0.0033122792
0,0,0.9960792,0.003920806
0,0,0.995692,0.004307982
0,0,0.9863954,0.013604605
0,0,0.99668944,0.003310572
0,0,0.99665266,0.003347317
0,0,0.9960492,0.0039507793
0,0,0.9966817,0.0033182949
0,0,0.99573916,0.004260858
0,0,0.9911673,0.008832707
0,0,0.9954447,0.0045552724
0,0,0.99667853,0.0033214476
0,0,0.99667794,0.0033220914
0,0,0.9840102,0.015989808
0,0,0.99668384,0.0033161507
0,0,0.962022,0.03797798
0,0,0.9964703,0.0035297007
0,0,0.9967187,0.0032813046
0,0,0.9939626,0.0060374215
0,0,0.9965656,0.0034344038
0,0,0.9953621,0.004637882
0,0,0.99464864,0.0053513716
0,0,0.9972505,0.0027495213
0,0,0.9870936,0.012906396
0,0,0.996688,0.0033119929
0,0,0.9966953,0.003304749
0,0,0.9917367,0.00826329
0,0,0.9940617,0.0059383186
0,0,0.9828102,0.017189827
0,0,0.9967792,0.0032207984
0,0,0.9961598,0.0038402374
0,0,0.9967238,0.0032762089
0,0,0.99389744,0.00610259
0,0,0.9696037,0.030396305
0,0,0.99686825,0.0031317766
0,0,0.9966876,0.0033124194
0,0,0.9967563,0.0032437025
0,0,0.99666137,0.0033386108
0,0,0.9943993,0.0056006913
0,0,0.9895059,0.010494095
0,0,0.99665815,0.0033418408
0,0,0.9953268,0.004673193
0,0,0.99657214,0.0034278801
0,0,0.99670225,0.003297742
0,0,0.99624896,0.003751033
0,0,0.9907167,0.009283324
0,0,0.9966752,0.0033248065
0,0,0.9966765,0.0033235003
0,0,0.99667466,0.0033253154
0,0,0.9965192,0.0034807886
0,0,0.9966784,0.0033215927
0,0,0.99471796,0.0052820453
0,0,0.99300194,0.0069980435
0,0,0.9966801,0.003319945
0,0,0.9968287,0.0031713003
0,0,0.9899587,0.010041305
0,0,0.9966852,0.0033147943
0,0,0.996644,0.0033560027
0,0,0.99669147,0.003308552
0,0,0.9880654,0.011934579
0,0,0.99663925,0.0033607553
0,0,0.99660116,0.003398818
0,0,0.99144787,0.008552158
0,0,0.99514306,0.004856945
0,0,0.9966696,0.0033304049
0,0,0.99484605,0.005153928
0,0,0.9967525,0.003247488
0,0,0.99676454,0.0032354863
0,0,0.9768016,0.023198452
0,0,0.99689794,0.003102079
0,0,0.99670357,0.0032964605
0,0,0.99669665,0.0033033704
0,0,0.9966666,0.0033334072
0,0,0.9966462,0.00335378
0,0,0.996688,0.0033119929
0,0,0.996573,0.0034270412
0,0,0.9240355,0.07596453
0,0,0.9966661,0.0033338983
0,0,0.98721546,0.012784524
0,0,0.9958069,0.0041931327
0,0,0.99656814,0.003431865
0,0,0.99654025,0.0034597488
0,0,0.99605024,0.0039497847
0,0,0.98664004,0.013359975
0,0,0.996602,0.0033980184
0,0,0.99643713,0.0035628625
0,0,0.99665797,0.003342014
0,0,0.99668944,0.003310572
0,0,0.9966695,0.0033305504
0,0,0.99669284,0.0033071497
0,0,0.9941931,0.0058069434
0,0,0.9871387,0.0128612835
0,0,0.9934877,0.006512286
0,0,0.9923351,0.0076648956
0,0,0.9965971,0.0034028664
0,0,0.9966928,0.0033072315
0,0,0.9966471,0.0033528875
0,0,0.9966776,0.0033224039
0,0,0.9960916,0.0039084028
0,0,0.99669284,0.0033071497
0,0,0.9962846,0.0037154127
0,0,0.9967708,0.0032292015
0,0,0.9965001,0.0034999407
0,0,0.99508727,0.0049127503
0,0,0.97739834,0.022601679
0,0,0.9963507,0.0036492655
0,0,0.9960886,0.0039113886
0,0,0.9940196,0.005980389
0,0,0.98854214,0.011457833
0,0,0.9966908,0.0033091607
0,0,0.9966872,0.003312802
0,0,0.9967246,0.0032753698
0,0,0.9919771,0.008022901
0,0,0.9964448,0.0035551635
0,0,0.9949802,0.0050197802
0,0,0.9966763,0.0033236549
0,0,0.9966817,0.0033182949
0,0,0.99662733,0.0033726608
0,0,0.9949437,0.0050563077
0,0,0.99666214,0.0033378887
0,0,0.99647415,0.0035258452
0,0,0.99675953,0.0032404698
0,0,0.98625773,0.013742256
0,0,0.9880848,0.011915179
0,0,0.99668384,0.0033161507
0,0,0.99642944,0.0035705836
0,0,0.9659818,0.034018207
0,0,0.9931619,0.006838095
0,0,0.99669665,0.0033033704
0,0,0.99603164,0.003968382
0,0,0.99562263,0.0043773465
0,0,0.9956622,0.004337793
0,0,0.98762625,0.012373734
0,0,0.99669665,0.0033033704
0,0,0.99586916,0.004130852
0,0,0.99666464,0.0033353786
0,0,0.99669147,0.003308552
0,0,0.99631786,0.0036821268
0,0,0.99669147,0.003308552
0,0,0.990456,0.0095440075
0,0,0.9965625,0.0034375289
0,0,0.9966697,0.0033302766
0,0,0.9966928,0.0033072315
0,0,0.9966872,0.003312802
0,0,0.9965746,0.0034253967
0,0,0.9966787,0.0033213133
0,0,0.9938182,0.0061817546
0,0,0.996479,0.0035210284
0,0,0.9964672,0.0035328516
0,0,0.9946419,0.0053580995
0,0,0.98693615,0.013063836
0,0,0.9942992,0.0057008397
0,0,0.99672055,0.0032794413
0,0,0.996882,0.003117967
0,0,0.9966928,0.0033072315
0,0,0.9899834,0.010016591
0,0,0.9962846,0.003715416
0,0,0.9432882,0.05671182
0,0,0.9954744,0.004525602
0,0,0.9968696,0.0031303596
0,0,0.9967707,0.003229344
0,0,0.99650246,0.0034975156
0,0,0.99581856,0.0041814735
0,0,0.99672186,0.0032781542
0,0,0.9959941,0.004005917
0,0,0.996695,0.0033050128
0,0,0.9964193,0.0035806613
0,0,0.9965158,0.0034841904
0,0,0.99635226,0.0036477386
0,0,0.995668,0.004332012
0,0,0.996604,0.0033959844
0,0,0.9930409,0.006959088
0,0,0.99464923,0.0053507597
0,0,0.9966476,0.0033523983
0,0,0.9966548,0.0033451903
0,0,0.9950292,0.004970771
0,0,0.9963962,0.0036038153
0,0,0.8525254,0.14747457
0,0,0.99547535,0.004524633
0,0,0.99230564,0.007694384
0,0,0.9963061,0.0036938884
0,0,0.99665093,0.0033490767
0,0,0.9962584,0.0037416434
0,0,0.9965288,0.0034711966
0,0,0.9961565,0.0038434768
0,0,0.99669665,0.0033033704
0,0,0.996633,0.0033669951
0,0,0.992121,0.007878992
0,0,0.9967602,0.003239812
0,0,0.99665976,0.0033402692
0,0,0.996542,0.0034580377
0,0,0.98518664,0.014813337
0,0,0.9915066,0.008493407
0,0,0.9967825,0.003217492
1,1,0.0033762455,0.99662375
0,0,0.9834443,0.016555754
0,0,0.9860526,0.013947406
0,0,0.9966748,0.0033251953
0,0,0.99665314,0.0033468683
0,0,0.99563086,0.004369166
0,0,0.9945974,0.0054026092
0,0,0.99659055,0.0034094558
0,0,0.99584997,0.004150057
0,0,0.99667996,0.0033200237
0,0,0.9966422,0.003357823
0,0,0.99675727,0.0032427115
0,0,0.9966697,0.0033302766
0,0,0.99668765,0.003312336
0,0,0.9966591,0.0033409025
0,0,0.99645364,0.0035463802
0,0,0.9966784,0.0033216085
0,0,0.99498385,0.0050161257
0,0,0.9953682,0.004631841
0,0,0.9936491,0.006350872
0,0,0.99489003,0.0051099947
0,0,0.9965771,0.0034228878
0,0,0.9966928,0.0033072315
0,0,0.9945624,0.0054376298
0,0,0.99668384,0.0033161507
0,0,0.99669665,0.0033033704
0,0,0.99667406,0.0033259557
0,0,0.99667513,0.003324873
0,0,0.99669147,0.003308552
0,0,0.9963885,0.003611517
0,0,0.99600595,0.00399404
0,0,0.99678975,0.0032102207
0,0,0.99567455,0.0043254355
0,0,0.9939445,0.006055493
0,0,0.99658895,0.0034110523
0,0,0.99656874,0.003431275
0,0,0.9966928,0.0033072315
0,0,0.9960562,0.0039437767
0,0,0.98966724,0.0103327595
0,0,0.9962961,0.003703903
0,0,0.99555266,0.0044473493
0,0,0.9969115,0.0030884761
0,0,0.9966086,0.0033914074
0,0,0.9965346,0.0034653908
0,0,0.9967026,0.0032974097
0,0,0.9959775,0.004022497
0,0,0.99686176,0.003138238
0,0,0.99668926,0.003310759
0,0,0.9965202,0.0034797993
0,0,0.9964881,0.0035119322
0,0,0.9967119,0.0032880954
0,0,0.9966999,0.0033000878
0,0,0.9826709,0.017329067
0,0,0.9965036,0.0034964087
0,0,0.973351,0.026648987
0,0,0.9962564,0.0037435794
0,0,0.9962532,0.0037467997
0,0,0.9966635,0.0033364932
0,0,0.99669784,0.0033021807
0,0,0.9905173,0.0094826715
0,0,0.9966877,0.0033122872
0,0,0.9967145,0.003285504
0,0,0.9962649,0.003735099
0,0,0.99648637,0.0035136363
0,0,0.9962512,0.0037487508
0,0,0.99383587,0.0061641554
0,0,0.9971769,0.0028231402
0,0,0.9952235,0.004776503
0,0,0.996682,0.0033179985
0,0,0.9951879,0.0048121293
0,0,0.9917043,0.00829574
0,0,0.99667925,0.0033207468
0,0,0.9966574,0.0033426227
0,0,0.99594134,0.0040586437
0,0,0.99717766,0.0028223202
0,0,0.9941673,0.0058326893
0,0,0.9966738,0.0033262055
0,0,0.99657524,0.0034247702
0,0,0.9962442,0.003755817
0,0,0.9966748,0.0033251953
0,0,0.943256,0.056744006
0,0,0.994862,0.0051379753
0,0,0.99666536,0.0033346177
0,0,0.9867218,0.013278203
0,0,0.9953289,0.0046711224
0,0,0.9904798,0.009520152
0,0,0.99570006,0.0042999573
0,0,0.99669665,0.0033033704
0,0,0.9960281,0.0039719
0,0,0.9966675,0.0033325234
0,0,0.99667555,0.0033244668
0,0,0.9938431,0.006156933
0,0,0.98923886,0.010761161
0,0,0.9966877,0.0033123
0,0,0.9966785,0.0033215247
0,0,0.9967011,0.0032988943
0,0,0.99672514,0.0032748512
0,0,0.992356,0.007643982
0,0,0.995997,0.00400299
0,0,0.9966825,0.003317494
0,0,0.99638945,0.003610573
0,0,0.99634403,0.0036559678
0,0,0.9966849,0.0033150902
0,0,0.9960513,0.0039486783
0,0,0.99666315,0.003336831
0,0,0.9967179,0.0032821153
0,0,0.9951128,0.0048872354
0,0,0.99344915,0.0065508266
0,0,0.99449563,0.005504375
0,0,0.99594295,0.004057075
0,0,0.99669003,0.0033099472
0,0,0.99332035,0.0066796667
0,0,0.99667656,0.0033234449
0,0,0.99624836,0.0037516209
0,0,0.9966555,0.0033444515
0,0,0.9966696,0.0033304114
0,0,0.9938567,0.0061432896
0,0,0.9947568,0.005243162
0,0,0.9843872,0.015612772
0,0,0.9943513,0.0056486805
0,0,0.986953,0.0130469585
0,0,0.99639976,0.0036002453
0,0,0.99669665,0.0033033704
0,0,0.9964348,0.0035651776
0,0,0.9966868,0.0033131547
0,0,0.9966668,0.0033332312
0,0,0.99669284,0.0033071497
0,0,0.995265,0.004734971
0,0,0.9966713,0.0033286517
0,0,0.99304515,0.0069548357
0,0,0.99492276,0.005077257
1,1,0.0033762455,0.99662375
0,0,0.996152,0.0038480286
0,0,0.99664,0.0033599793
0,0,0.99433243,0.0056675696
0,0,0.9923274,0.007672581
0,0,0.9966696,0.0033304114
0,0,0.9966806,0.0033193752
0,0,0.9966928,0.0033072315
0,0,0.98734903,0.012650993
0,0,0.9966587,0.003341301
0,0,0.9934969,0.00650312
0,0,0.9580762,0.04192384
0,0,0.99009836,0.009901662
0,0,0.9966944,0.0033056333
0,0,0.9946326,0.005367408
0,0,0.98747295,0.01252706
0,0,0.9781876,0.021812389
0,0,0.99672514,0.0032748512
0,0,0.9966273,0.0033727025
0,0,0.99661124,0.0033887892
0,0,0.99246526,0.007534726
0,0,0.99496984,0.005030144
0,0,0.9964784,0.0035216191
0,0,0.995441,0.0045589996
0,0,0.9966759,0.0033240844
0,0,0.9966805,0.0033195096
0,0,0.99432,0.0056800437
0,0,0.9948459,0.005154092
0,0,0.99667996,0.0033200237
0,0,0.9962636,0.0037363821
0,0,0.9966748,0.0033251953
0,0,0.9966784,0.0033216085
0,0,0.9544803,0.045519736
0,0,0.9967824,0.0032175728
0,0,0.994946,0.005053998
0,0,0.9966864,0.0033136113
0,0,0.9946761,0.0053238915
0,0,0.99008435,0.009915664
0,0,0.9967601,0.0032399078
0,0,0.9960357,0.003964284
0,0,0.99669665,0.0033033704
0,0,0.9957873,0.0042126523
0,0,0.99684083,0.0031591768
0,0,0.99669284,0.0033071497
0,0,0.99393934,0.006060675
0,0,0.9902888,0.009711195
0,0,0.9970232,0.0029767614
0,0,0.9951081,0.004891896
0,0,0.9824085,0.01759148
0,0,0.9962812,0.003718787
0,0,0.99668103,0.003318981
0,0,0.9909964,0.009003604
0,0,0.9929954,0.007004624
0,0,0.99668896,0.0033110154
0,0,0.99662995,0.0033700364
0,0,0.99687725,0.0031227549
0,0,0.99609154,0.003908471
0,0,0.9965823,0.0034176963
0,0,0.9907927,0.009207312
0,0,0.9962332,0.0037667754
0,0,0.9966819,0.0033180772
0,0,0.9825997,0.017400341
0,0,0.9966489,0.0033510858
0,0,0.99666053,0.0033394517
0,0,0.96285576,0.037144262
0,0,0.9966752,0.0033248065
0,0,0.9966871,0.0033129107
0,0,0.99665797,0.0033420348
0,0,0.9945258,0.005474215
0,0,0.995835,0.004164996
0,0,0.9961468,0.0038532107
0,0,0.996604,0.0033959844
0,0,0.9959452,0.004054794
0,0,0.9966604,0.0033395896
0,0,0.9967543,0.0032457276
0,0,0.99359095,0.0064090635
0,0,0.9966878,0.003312191
0,0,0.99636394,0.0036360351
0,0,0.9965031,0.0034968806
0,0,0.99659663,0.0034033675
0,0,0.98739064,0.012609379
0,0,0.9966995,0.0033004938
0,0,0.9937539,0.0062461174
0,0,0.9966469,0.0033531217
0,0,0.996612,0.0033880118
0,0,0.9964478,0.0035522054
0,0,0.9957591,0.004240842
0,0,0.9953435,0.004656467
0,0,0.9756595,0.024340522
0,0,0.9927666,0.0072333594
0,0,0.99685127,0.0031487304
0,0,0.9966494,0.0033506304
0,0,0.99538434,0.0046156626
0,0,0.9920849,0.007915083
0,0,0.9968,0.00320002
0,0,0.99656737,0.0034326154
0,0,0.9966779,0.0033221247
0,0,0.9966426,0.0033573904
0,0,0.99668056,0.003319434
0,0,0.99584836,0.0041516596
0,0,0.85346705,0.14653297
0,0,0.9911407,0.008859296
0,0,0.99656737,0.003432632
0,0,0.9967526,0.0032473772
0,0,0.99669284,0.0033071765
0,0,0.99645776,0.0035422677
0,0,0.9966682,0.0033317837
0,0,0.99194527,0.008054704
0,0,0.98335767,0.016642308
0,0,0.9967113,0.0032886986
0,0,0.9966984,0.0033015967
0,0,0.9966731,0.0033269073
0,0,0.99677587,0.0032241452
0,0,0.996543,0.003457039
0,0,0.9945704,0.0054296255
0,0,0.9966824,0.003317606
0,0,0.99460876,0.005391222
0,0,0.99644935,0.0035506664
0,0,0.99668413,0.0033158641
0,0,0.9967193,0.0032807149
0,0,0.99639654,0.0036034419
0,0,0.9966809,0.0033191086
0,0,0.9965132,0.003486789
0,0,0.99595475,0.0040452485
0,0,0.9726355,0.027364485
0,0,0.9966872,0.003312802
0,0,0.9966077,0.0033922568
0,0,0.9958946,0.0041053747
0,0,0.9951822,0.0048178025
0,0,0.99668944,0.0033105654
0,0,0.9957289,0.0042710807
0,0,0.99669665,0.0033033704
0,0,0.99669284,0.0033071497
0,0,0.99667865,0.0033213526
0,0,0.996714,0.0032860017
0,0,0.9966607,0.0033392643
0,0,0.9965798,0.0034201741
0,0,0.9960529,0.0039470806
0,0,0.9965888,0.0034111445
0,0,0.996611,0.0033890118
0,0,0.9913916,0.008608395
0,0,0.99665266,0.003347317
0,0,0.99666744,0.003332544
0,0,0.99624574,0.0037542363
0,0,0.99071395,0.009286026
0,0,0.89791125,0.10208875
0,0,0.9899766,0.010023412
0,0,0.99350184,0.0064981654
0,0,0.9961275,0.0038725317
0,0,0.99665886,0.0033411281
0,0,0.99539936,0.0046006674
0,0,0.9966872,0.003312802
0,0,0.9927595,0.007240472
0,0,0.99673325,0.0032667364
0,0,0.99575716,0.004242858
0,0,0.99669147,0.003308552
0,0,0.99491096,0.005089032
0,0,0.99668145,0.0033185363
0,0,0.7949912,0.20500882
0,0,0.9966876,0.0033124194
0,0,0.99668556,0.0033144415
0,0,0.99648976,0.003510227
0,0,0.97621286,0.023787148
0,0,0.9962209,0.0037791387
0,0,0.99529094,0.0047090566
0,0,0.9936402,0.006359824
0,0,0.9950509,0.0049490873
0,0,0.9966817,0.0033182949
0,0,0.98389286,0.016107159
0,0,0.9966696,0.0033304114
0,0,0.99661255,0.0033874533
0,0,0.9966736,0.0033263888
0,0,0.9966928,0.0033072315
0,0,0.80033976,0.19966023
0,0,0.99257755,0.007422423
0,0,0.9945805,0.0054195155
0,0,0.99297637,0.0070236176
0,0,0.9912421,0.008757876
0,0,0.99665505,0.0033449586
0,0,0.9966884,0.003311566
0,0,0.99680305,0.0031969566
0,0,0.995697,0.00430296
0,0,0.996154,0.003845984
0,0,0.9942486,0.0057513835
0,0,0.9966546,0.0033453607
0,0,0.99669427,0.0033057325
0,0,0.9959839,0.00401611
0,0,0.9960562,0.0039437767
0,0,0.99132794,0.008672042
0,0,0.99665976,0.003340234
0,0,0.97496855,0.025031433
0,0,0.99668944,0.003310572
0,0,0.9966729,0.0033270433
0,0,0.9966175,0.0033824937
0,0,0.99670845,0.003291554
0,0,0.9928041,0.0071958625
0,0,0.9960371,0.0039628595
0,0,0.99664164,0.0033583464
0,0,0.99669665,0.0033033704
0,0,0.99669665,0.0033033704
0,0,0.99697936,0.0030206407
0,0,0.99631804,0.0036819864
0,0,0.9627835,0.037216492
0,0,0.99639195,0.0036080505
0,0,0.99688405,0.0031159355
0,0,0.99542505,0.004574939
0,0,0.9915035,0.008496503
0,0,0.99669665,0.0033033704
0,0,0.9966897,0.0033103041
0,0,0.9962986,0.0037013697
0,0,0.9946317,0.005368264
0,0,0.99664617,0.0033538071
0,0,0.99583405,0.0041659614
0,0,0.9922051,0.0077949096
0,0,0.9966819,0.0033180742
0,0,0.99491256,0.005087424
0,0,0.995261,0.0047389725
0,0,0.9787045,0.021295484
0,0,0.9956523,0.0043476587
0,0,0.9944882,0.0055118036
0,0,0.99530226,0.0046977457
0,0,0.9840869,0.015913142
0,0,0.99681205,0.0031879689
0,0,0.99669284,0.0033071497
0,0,0.9822072,0.017792836
0,0,0.99485797,0.0051420378
0,0,0.9966823,0.0033177305
0,0,0.9905982,0.009401787
0,0,0.9862464,0.01375359
0,0,0.9967173,0.0032827428
0,0,0.9965475,0.003452462
0,0,0.9966911,0.003308895
0,0,0.996675,0.0033249883
0,0,0.99204016,0.007959845
0,0,0.9962536,0.003746394
0,0,0.99666506,0.0033349204
0,0,0.99624616,0.0037538281
0,0,0.99663776,0.0033622158
0,0,0.9964457,0.0035542971
0,0,0.9420119,0.057988103
0,0,0.9956203,0.0043797162
0,0,0.9957057,0.0042942734
0,0,0.9966752,0.0033248065
0,0,0.9968398,0.0031601607
0,0,0.9966093,0.0033907355
0,0,0.9966746,0.0033254072
0,0,0.99536043,0.0046395618
0,0,0.9924104,0.0075895684
0,0,0.98987,0.010130015
0,0,0.99669665,0.0033033704
0,0,0.99668473,0.0033152841
0,0,0.99445933,0.0055406718
0,0,0.9940346,0.0059653902
0,0,0.9966891,0.0033109146
0,0,0.99446934,0.0055306703
0,0,0.99669284,0.0033071497
0,0,0.9957659,0.0042340755
0,0,0.9947074,0.005292611
0,0,0.99668384,0.0033161507
0,0,0.9966775,0.0033224956
0,0,0.99593186,0.0040681125
0,0,0.99583215,0.0041678394
0,0,0.9929142,0.007085799
0,0,0.9922475,0.007752459
0,0,0.79168975,0.20831023
0,0,0.99668944,0.003310572
0,0,0.99430656,0.005693463
0,0,0.99384874,0.006151246
0,0,0.99645513,0.0035448691
0,0,0.99669665,0.0033033704
0,0,0.99665326,0.003346749
0,0,0.9966671,0.0033328957
0,0,0.99496454,0.005035476
0,0,0.9743041,0.025695931
0,0,0.99665564,0.0033443798
0,0,0.99656343,0.003436544
0,0,0.9888631,0.01113688
0,0,0.99656856,0.003431428
0,0,0.9964561,0.0035439392
0,0,0.6010022,0.3989978
0,0,0.9964786,0.003521405
0,0,0.99440926,0.0055907653
0,0,0.99643725,0.003562746
0,0,0.9966231,0.0033768932
0,0,0.99664956,0.0033504297
0,0,0.9963635,0.0036364913
0,0,0.99568844,0.004311545
0,0,0.9966969,0.0033030927
0,0,0.99667996,0.0033200237
0,0,0.99523747,0.004762549
0,0,0.9966941,0.0033058848
0,0,0.9967885,0.0032115043
0,0,0.9944984,0.005501606
0,0,0.99669665,0.0033033704
0,0,0.9965394,0.0034605658
0,0,0.99199057,0.00800944
0,0,0.9893171,0.010682877
0,0,0.9966801,0.003319945
0,0,0.9916922,0.008307796
0,0,0.9951636,0.0048363935
0,0,0.996688,0.0033119929
0,0,0.9966949,0.0033050915
0,0,0.98809403,0.011905942
0,0,0.99669665,0.0033033704
0,0,0.8907215,0.109278485
0,0,0.9961345,0.003865504
0,0,0.9965711,0.003428885
0,0,0.99524754,0.0047524297
0,0,0.99664897,0.0033510413
0,0,0.99667317,0.0033268188
0,0,0.9966832,0.0033168083
0,0,0.9962013,0.003798694
0,0,0.99493045,0.005069559
0,0,0.99669665,0.0033033704
0,0,0.9953637,0.0046363086
0,0,0.9966689,0.0033311395
0,0,0.9960277,0.0039722663
0,0,0.9949395,0.0050604977
0,0,0.99543613,0.004563845
0,0,0.9947451,0.0052549536
0,0,0.9966604,0.0033395896
0,0,0.9964532,0.0035467932
0,0,0.9931705,0.006829519
0,0,0.9950183,0.0049816784
0,0,0.99423957,0.0057604457
0,0,0.9966739,0.0033261043
0,0,0.99649334,0.0035066744
0,0,0.9962943,0.0037056822
0,0,0.9958332,0.0041667824
0,0,0.9957604,0.0042395997
0,0,0.976774,0.023226025
0,0,0.9966925,0.0033074925
0,0,0.9958246,0.00417541
0,0,0.99312985,0.0068701417
0,0,0.99640906,0.0035909417
0,0,0.99667704,0.0033229347
0,0,0.9886981,0.011301898
0,0,0.9967333,0.0032666887
0,0,0.99667346,0.0033265231
0,0,0.99670047,0.003299559
0,0,0.9966509,0.0033491005
0,0,0.99580795,0.004192042
0,0,0.9963097,0.0036902733
0,0,0.9936412,0.0063588265
0,0,0.9891462,0.010853812
0,0,0.996688,0.0033119929
0,0,0.9962081,0.0037919348
0,0,0.99675727,0.0032427053
0,0,0.99220645,0.0077935453
0,0,0.97853506,0.021464922
0,0,0.9945446,0.0054553617
0,0,0.99669147,0.003308552
0,0,0.9955305,0.004469534
0,0,0.9966967,0.0033032794
0,0,0.9964661,0.0035339023
0,0,0.996633,0.0033669951
0,0,0.9950287,0.004971301
0,0,0.9962562,0.0037438516
0,0,0.99562395,0.004376031
0,0,0.9879112,0.012088757
0,0,0.99666494,0.0033350377
0,0,0.99678934,0.0032106664
0,0,0.9961025,0.003897493
0,0,0.9040313,0.095968716
0,0,0.98547065,0.014529372
0,0,0.99190617,0.008093841
0,0,0.9965313,0.0034686942
0,0,0.99603957,0.0039604283
0,0,0.9948633,0.005136725
0,0,0.9893801,0.01061987
0,0,0.99678355,0.0032164324
0,0,0.9968062,0.0031937778
0,0,0.9965201,0.0034798987
0,0,0.99669427,0.0033057213
0,0,0.99678653,0.0032134647
0,0,0.9958475,0.0041525057
0,0,0.99656224,0.0034377377
0,0,0.99672794,0.0032720773
0,0,0.9917612,0.008238782
0,0,0.9966665,0.003333488
0,0,0.9967283,0.0032716931
0,0,0.99656314,0.003436877
0,0,0.9963574,0.00364259
0,0,0.99585027,0.004149754
0,0,0.99666554,0.0033344864
0,0,0.9953169,0.004683096
0,0,0.9942725,0.0057275193
0,0,0.99672544,0.0032745306
0,0,0.98463273,0.015367245
0,0,0.9955672,0.0044328137
0,0,0.9530844,0.04691559
0,0,0.9967076,0.003292394
0,0,0.9966752,0.0033248065
0,0,0.99668723,0.0033127924
0,0,0.98960054,0.010399463
0,0,0.99609435,0.0039056428
0,0,0.9957448,0.004255177
0,0,0.9936527,0.00634728
0,0,0.9960672,0.0039327727
0,0,0.9954848,0.0045151496
0,0,0.9963221,0.0036778972
0,0,0.9966402,0.0033597846
0,0,0.99670225,0.003297742
0,0,0.99633604,0.0036639592
0,0,0.99599916,0.0040008235
0,0,0.99496436,0.0050356477
0,0,0.99671596,0.0032840613
0,0,0.99652183,0.0034781974
0,0,0.996682,0.0033179985
0,0,0.98414695,0.015853021
0,0,0.99670357,0.0032964605
0,0,0.99668777,0.003312226
0,0,0.9937273,0.006272669
0,0,0.9948034,0.005196571
0,0,0.9956665,0.0043335035
0,0,0.9964519,0.003548081
0,0,0.99576414,0.004235843
0,0,0.99667907,0.0033209266
0,0,0.9966991,0.0033009
0,0,0.99669755,0.0033024366
0,0,0.9966963,0.0033037127
0,0,0.9958672,0.0041328315
0,0,0.9500927,0.049907323
0,0,0.99502313,0.0049768477
0,0,0.9961465,0.0038534962
0,0,0.9964693,0.0035306632
0,0,0.9958504,0.004149645
0,0,0.9935863,0.0064137136
0,0,0.99633074,0.0036692407
0,0,0.9965872,0.0034127838
0,0,0.99668145,0.0033185363
0,0,0.99436986,0.005630129
0,0,0.9968572,0.0031427718
0,0,0.9963768,0.0036231743
0,0,0.99475175,0.005248221
0,0,0.99679744,0.0032025867
0,0,0.98816824,0.01183176
0,0,0.9966676,0.0033323618
0,0,0.99681044,0.0031895468
0,0,0.99671584,0.0032841298
0,0,0.99667686,0.0033231352
0,0,0.9966514,0.003348564
0,0,0.9966721,0.003327932
0,0,0.9964004,0.003599609
0,0,0.996382,0.0036179794
0,0,0.9966198,0.0033801605
0,0,0.9962577,0.0037422904
0,0,0.98881966,0.011180351
0,0,0.99667203,0.0033279762
0,0,0.9960673,0.0039326847
0,0,0.9965774,0.003422634
0,0,0.9968683,0.0031316828
0,0,0.9963544,0.0036455833
0,0,0.9904808,0.009519235
0,0,0.9966748,0.0033251953
0,0,0.9966823,0.0033177305
0,0,0.99671,0.0032900244
0,0,0.9941901,0.00580992
0,0,0.9965516,0.003448412
0,0,0.9967548,0.0032451937
0,0,0.9967785,0.0032215288
0,0,0.99667406,0.0033259557
0,0,0.99669397,0.003306061
0,0,0.9941458,0.0058541605
0,0,0.99661326,0.0033867338
0,0,0.99664414,0.0033558432
0,0,0.99666053,0.0033394517
1,1,0.0033762455,0.99662375
0,0,0.9945866,0.0054134172
0,0,0.9944189,0.005581103
0,0,0.99364287,0.006357109
0,0,0.9968436,0.0031563954
0,0,0.9964055,0.0035944975
0,0,0.98927313,0.010726862
0,0,0.9963701,0.0036299233
0,0,0.99640137,0.0035986018
0,0,0.9961248,0.0038751718
0,0,0.99569654,0.0043034498
0,0,0.99578995,0.004210047
0,0,0.99652445,0.003475556
0,0,0.9891238,0.01087617
0,0,0.99661,0.0033900042
0,0,0.9952809,0.0047190837
0,0,0.9970489,0.0029511044
0,0,0.9838272,0.016172808
0,0,0.99378234,0.006217685
0,0,0.99598926,0.004010716
0,0,0.9965419,0.0034580755
0,0,0.9966436,0.0033564013
0,0,0.91067797,0.08932205
0,0,0.9959013,0.0040987283
0,0,0.996552,0.0034479827
0,0,0.9966864,0.0033136113
0,0,0.99645513,0.0035448438
0,0,0.99667996,0.0033200237
0,0,0.9966623,0.0033376666
0,0,0.9966546,0.0033453607
0,0,0.9961722,0.0038278115
0,0,0.9966888,0.0033111917
0,0,0.991788,0.008211989
0,0,0.9949123,0.0050876993
0,0,0.99666023,0.0033397486
0,0,0.98130023,0.018699758
0,0,0.99663955,0.0033604424
0,0,0.9966928,0.0033072315
0,0,0.9963694,0.003630589
0,0,0.9937389,0.0062611327
0,0,0.995085,0.0049150167
0,0,0.9964327,0.0035672805
0,0,0.9962234,0.0037766225
0,0,0.9875953,0.0124046635
0,0,0.9966386,0.0033613783
0,0,0.99667275,0.0033272582
0,0,0.99669665,0.0033033704
0,0,0.9966849,0.0033150902
0,0,0.9964579,0.0035421131
0,0,0.99648285,0.003517126
0,0,0.9966844,0.00331561
0,0,0.9964129,0.0035870979
0,0,0.99651176,0.0034882626
0,0,0.9966928,0.0033072315
0,0,0.9841636,0.015836434
0,0,0.9967061,0.0032938514
0,0,0.9962635,0.003736469
0,0,0.9871156,0.012884388
0,0,0.9966656,0.0033343753
0,0,0.99669665,0.0033033704
0,0,0.9966787,0.0033213133
0,0,0.9886832,0.011316805
0,0,0.9966776,0.0033224039
0,0,0.99571,0.004290012
0,0,0.9966951,0.0033048762
0,0,0.99633723,0.00366275
0,0,0.99646175,0.0035382558
0,0,0.9962824,0.003717572
0,0,0.99605304,0.0039469325
0,0,0.99581456,0.0041854386
0,0,0.9966784,0.0033216085
0,0,0.99666256,0.0033374224
0,0,0.996673,0.0033270163
0,0,0.99607396,0.003926011
0,0,0.99683267,0.003167358
0,0,0.9964523,0.0035477455
0,0,0.9962357,0.003764253
0,0,0.99488,0.0051199533
0,0,0.99640197,0.0035980616
0,0,0.99668294,0.003317043
0,0,0.9890447,0.0109552825
0,0,0.9966368,0.0033632016
0,0,0.9966853,0.003314684
0,0,0.99585223,0.0041477755
0,0,0.9965468,0.0034531904
0,0,0.99275726,0.0072427136
0,0,0.99409497,0.005905051
0,0,0.99665314,0.0033468683
0,0,0.9910414,0.008958574
0,0,0.99653316,0.0034668646
0,0,0.9966648,0.003335185
0,0,0.99666876,0.0033312407
0,0,0.9966845,0.0033155254
0,0,0.9962831,0.0037168814
0,0,0.99078697,0.009213004
0,0,0.99561226,0.004387714
0,0,0.98463887,0.015361158
0,0,0.99673426,0.0032657152
0,0,0.9958565,0.0041434644
0,0,0.9962086,0.003791371
0,0,0.94835156,0.051648453
0,0,0.9962884,0.0037115791
0,0,0.9966834,0.0033165922
0,0,0.9958672,0.0041327965
0,0,0.9968523,0.0031477069
0,0,0.99657565,0.0034243455
0,0,0.9309162,0.069083825
0,0,0.996273,0.0037270149
0,0,0.9958129,0.004187114
0,0,0.9916385,0.008361505
0,0,0.99182224,0.008177755
0,0,0.9930419,0.0069581163
0,0,0.99669665,0.0033033704
0,0,0.9966746,0.0033254072
0,0,0.9967781,0.00322191
0,0,0.990549,0.009450987
0,0,0.996688,0.0033119929
0,0,0.9966267,0.00337335
0,0,0.9966619,0.0033380918
0,0,0.9930423,0.0069577172
0,0,0.9044473,0.09555266
0,0,0.99561274,0.004387239
0,0,0.9959096,0.004090414
0,0,0.99634624,0.0036537675
0,0,0.99672973,0.0032702507
0,0,0.9959013,0.0040987143
0,0,0.99541366,0.0045863404
0,0,0.99639714,0.0036028891
0,0,0.9959995,0.004000502
0,0,0.9965708,0.0034291768
0,0,0.99610937,0.003890644
0,0,0.9845516,0.015448409
0,0,0.99672705,0.0032729264
0,0,0.99672,0.0032799884
0,0,0.99667037,0.0033296563
0,0,0.9967688,0.003231211
0,0,0.9965421,0.0034579225
0,0,0.996678,0.0033219985
0,0,0.99665016,0.0033498202
0,0,0.995494,0.004505971
0,0,0.99658316,0.0034168179
0,0,0.9966974,0.0033025714
0,0,0.9948811,0.0051189233
0,0,0.99633753,0.00366244
0,0,0.99683136,0.0031686348
0,0,0.9965728,0.0034271977
0,0,0.9300338,0.06996618
0,0,0.98668367,0.0133163305
0,0,0.9814825,0.018517489
0,0,0.99458545,0.0054145344
0,0,0.9945463,0.0054537267
0,0,0.99666035,0.0033396499
0,0,0.98870564,0.011294371
0,0,0.9964456,0.003554432
0,0,0.98421985,0.015780125
0,0,0.92277503,0.07722498
0,0,0.96149796,0.03850202
0,0,0.9966548,0.0033451903
0,0,0.9918091,0.0081908535
0,0,0.99574816,0.004251826
0,0,0.99658006,0.0034199546
0,0,0.9938255,0.0061745313
0,0,0.9966811,0.0033188958
0,0,0.9951627,0.004837261
0,0,0.99657583,0.0034241795
0,0,0.9966098,0.0033902067
0,0,0.99454755,0.005452475
0,0,0.99661267,0.0033873355
0,0,0.9965488,0.0034512104
0,0,0.99666816,0.003331866
0,0,0.9955267,0.004473308
0,0,0.994611,0.005388952
0,0,0.9954627,0.004537303
0,0,0.9920323,0.007967725
0,0,0.9966748,0.0033251953
0,0,0.99663734,0.0033626375
0,0,0.9966432,0.0033568114
0,0,0.97113276,0.028867252
0,0,0.99611574,0.0038842496
0,0,0.99592716,0.004072868
0,0,0.9966844,0.0033156136
0,0,0.99672925,0.0032707541
0,0,0.986927,0.013073024
0,0,0.9965946,0.0034053754
0,0,0.99603444,0.0039655366
0,0,0.9957441,0.004255876
0,0,0.9966629,0.0033370575
0,0,0.99663293,0.0033670366
0,0,0.9962985,0.00370153
0,0,0.9966907,0.0033093211
0,0,0.995661,0.0043390044
0,0,0.9958597,0.004140347
0,0,0.9489234,0.05107657
0,0,0.9966749,0.0033251273
0,0,0.9966872,0.003312802
0,0,0.9961447,0.0038552685
0,0,0.9842654,0.01573463
0,0,0.98543245,0.014567579
0,0,0.9949545,0.0050454666
0,0,0.99425435,0.005745625
0,0,0.9936943,0.0063057207
0,0,0.99647707,0.0035229363
0,0,0.9964457,0.0035542818
0,0,0.99613863,0.00386136
0,0,0.99649334,0.0035066744
0,0,0.996665,0.0033350235
0,0,0.9965164,0.003483583
0,0,0.9963372,0.0036628125
0,0,0.9569351,0.043064874
0,0,0.99603516,0.003964853
0,0,0.99669814,0.0033018496
0,0,0.9951985,0.004801525
0,0,0.99108565,0.008914362
0,0,0.9966756,0.0033244004
0,0,0.9966587,0.003341301
0,0,0.99669284,0.0033071497
0,0,0.9966456,0.00335437
0,0,0.99212795,0.007872035
0,0,0.9961449,0.0038550852
0,0,0.9966738,0.0033262055
0,0,0.9854231,0.014576928
0,0,0.99668944,0.003310572
0,0,0.8912588,0.10874122
0,0,0.992706,0.0072939717
0,0,0.99597025,0.0040297494
0,0,0.996682,0.0033179985
0,0,0.9840738,0.015926184
0,0,0.99669665,0.0033033704
0,0,0.996604,0.0033959844
0,0,0.9966907,0.0033093211
0,0,0.99665314,0.0033468683
0,0,0.9967381,0.0032619317
0,0,0.9966928,0.0033072315
0,0,0.9918281,0.008171917
0,0,0.996688,0.0033119929
0,0,0.99686515,0.0031348655
0,0,0.99643815,0.0035618572
0,0,0.9967291,0.0032709127
0,0,0.9955799,0.004420126
0,0,0.99668413,0.0033158641
0,0,0.99691087,0.0030891106
0,0,0.99650884,0.0034911893
0,0,0.99276745,0.007232517
0,0,0.9935866,0.006413395
0,0,0.995185,0.0048149684
0,0,0.9968172,0.0031828224
0,0,0.9873214,0.012678653
0,0,0.99644,0.0035600183
0,0,0.9894936,0.010506412
0,0,0.99635506,0.0036449372
0,0,0.99590296,0.004097037
0,0,0.9961866,0.0038133652
0,0,0.9967881,0.0032119378
0,0,0.99504006,0.0049599595
0,0,0.99718535,0.002814641
0,0,0.99666536,0.0033346128
0,0,0.9859156,0.01408439
0,0,0.99657303,0.003426963
0,0,0.99559426,0.0044057253
0,0,0.86879295,0.13120703
0,0,0.9966849,0.003315106
0,0,0.9967828,0.0032172303
0,0,0.9808178,0.019182175
0,0,0.9965497,0.003450287
0,0,0.9677265,0.032273475
0,0,0.9928802,0.007119787
0,0,0.99666154,0.003338428
0,0,0.9849865,0.015013514
0,0,0.99458545,0.0054145576
0,0,0.99620944,0.003790541
0,0,0.9964805,0.0035194461
0,0,0.9945619,0.00543806
0,0,0.99577427,0.004225759
0,0,0.9968215,0.003178461
0,0,0.99185306,0.008146946
0,0,0.99691856,0.0030814353
0,0,0.996542,0.0034580377
0,0,0.99669665,0.0033033704
0,0,0.99659723,0.0034027565
0,0,0.9927228,0.0072771697
0,0,0.9965708,0.0034291768
0,0,0.9952142,0.0047857645
0,0,0.9966161,0.0033838553
0,0,0.9920611,0.007938925
0,0,0.9949399,0.005060068
0,0,0.9804921,0.01950789
0,0,0.9858881,0.014111895
0,0,0.9962894,0.0037106515
0,0,0.9961499,0.0038501243
0,0,0.97034365,0.029656325
0,0,0.9966907,0.0033093211
0,0,0.9966616,0.0033383996
0,0,0.9966868,0.0033131673
0,0,0.99507636,0.0049236366
0,0,0.9967646,0.0032353958
0,0,0.9966748,0.0033251953
0,0,0.99649817,0.003501834
0,0,0.9966752,0.0033248065
0,0,0.98938257,0.010617415
0,0,0.99669665,0.0033033704
0,0,0.99447995,0.0055200504
0,0,0.9965392,0.0034608124
0,0,0.9934728,0.0065271603
0,0,0.9961414,0.0038586282
0,0,0.9942316,0.0057684174
0,0,0.9563028,0.043697197
0,0,0.99668664,0.003313372
0,0,0.99668413,0.0033158641
0,0,0.99478126,0.005218739
0,0,0.99667996,0.0033200237
0,0,0.99669665,0.0033033704
0,0,0.99663055,0.0033694648
0,0,0.99499065,0.0050093643
0,0,0.9966759,0.0033241003
0,0,0.99669176,0.0033082298
0,0,0.99340105,0.0065989206
0,0,0.9964227,0.0035773097
0,0,0.9966845,0.0033155254
0,0,0.99653304,0.003466939
0,0,0.99652624,0.0034737727
0,0,0.9960318,0.0039681816
0,0,0.997166,0.0028340223
0,0,0.9968633,0.0031366975
0,0,0.98689175,0.013108267
0,0,0.9966872,0.003312802
0,0,0.99592483,0.00407518
0,0,0.99106187,0.00893812
0,0,0.99344873,0.0065512545
0,0,0.9932221,0.006777871
0,0,0.9903013,0.009698666
0,0,0.9956817,0.004318291
0,0,0.9963594,0.0036406196
0,0,0.9950308,0.0049691885
0,0,0.99670225,0.003297742
0,0,0.99537736,0.0046226415
0,0,0.99663687,0.0033631087
0,0,0.99564654,0.004353471
0,0,0.9948832,0.0051168255
0,0,0.98778564,0.012214367
0,0,0.99665624,0.00334379
0,0,0.99403584,0.0059641777
0,0,0.9954048,0.004595244
0,0,0.99658954,0.003410441
0,0,0.996178,0.0038220284
0,0,0.9965385,0.0034614918
0,0,0.99679816,0.0032018244
0,0,0.9966776,0.0033224039
0,0,0.99591565,0.0040843324
0,0,0.9963496,0.003650438
0,0,0.99628997,0.0037100068
0,0,0.9966562,0.0033438331
0,0,0.995372,0.0046280134
0,0,0.9948659,0.0051341015
0,0,0.99522203,0.004777961
0,0,0.99629235,0.0037076653
0,0,0.99628615,0.0037138227
0,0,0.9821017,0.017898291
0,0,0.99675834,0.003241685
0,0,0.9966026,0.0033974291
0,0,0.99416804,0.0058319736
0,0,0.9965707,0.003429273
0,0,0.9958646,0.0041353446
0,0,0.9956196,0.0043804166
0,0,0.9958028,0.0041971966
0,0,0.9956025,0.004397517
0,0,0.9966566,0.0033434092
0,0,0.9932215,0.0067784647
0,0,0.9966928,0.0033072315
0,0,0.99669665,0.0033033704
0,0,0.9940509,0.005949078
0,0,0.9958435,0.0041564847
0,0,0.99663794,0.0033620542
0,0,0.99669665,0.0033033704
0,0,0.99669147,0.003308552
0,0,0.9963197,0.0036803058
0,0,0.9953561,0.004643944
0,0,0.9970927,0.002907274
0,0,0.9965704,0.0034295777
0,0,0.9941324,0.0058675827
0,0,0.9877894,0.012210589
0,0,0.99339294,0.006607047
0,0,0.9958879,0.004112116
0,0,0.99651736,0.0034826612
0,0,0.9957216,0.0042783953
0,0,0.99595785,0.0040421374
0,0,0.98533857,0.014661437
0,0,0.9769429,0.023057131
0,0,0.9966422,0.0033578405
0,0,0.99641705,0.0035829828
0,0,0.99466646,0.0053335354
0,0,0.9937878,0.006212151
0,0,0.99672514,0.0032748512
0,0,0.9945947,0.005405315
0,0,0.9935846,0.006415437
0,0,0.99419737,0.00580262
0,0,0.9966137,0.003386325
0,0,0.99465126,0.0053487173
0,0,0.99665165,0.0033483605
0,0,0.9936008,0.0063992324
0,0,0.9959179,0.0040820753
0,0,0.55298716,0.44701284
0,0,0.99581957,0.0041804058
0,0,0.9443558,0.055644207
0,0,0.9961885,0.003811475
0,0,0.9964052,0.0035947997
0,0,0.9901171,0.009882902
0,0,0.9965689,0.0034311053
0,0,0.99659455,0.003405453
0,0,0.99442077,0.005579243
0,0,0.99631697,0.003683038
0,0,0.9955574,0.004442572
0,0,0.9967793,0.003220665
0,0,0.99509275,0.004907226
0,0,0.9958768,0.004123199
0,0,0.9964873,0.0035126712
0,0,0.99665487,0.0033451351
0,0,0.996688,0.0033119929
0,0,0.9948939,0.0051061176
0,0,0.97937113,0.020628858
0,0,0.9966784,0.0033216085
0,0,0.9967076,0.0032923706
0,0,0.99657494,0.0034250892
0,0,0.99618155,0.0038184663
0,0,0.99668854,0.0033114578
0,0,0.99669665,0.0033033704
0,0,0.99668866,0.0033113523
0,0,0.9898568,0.010143239
0,0,0.99669665,0.0033033704
0,0,0.9927103,0.0072897193
0,0,0.996166,0.0038340257
0,0,0.99638444,0.0036155803
0,0,0.9966624,0.003337616
0,0,0.99627733,0.0037226423
0,0,0.9969108,0.0030892116
0,0,0.99578273,0.0042172917
0,0,0.99668944,0.003310572
0,0,0.9898521,0.010147923
0,0,0.994194,0.0058060237
0,0,0.9966746,0.0033254072
0,0,0.9966604,0.0033395896
0,0,0.9966976,0.0033023972
0,0,0.996429,0.0035709876
0,0,0.98699236,0.013007628
0,0,0.9965224,0.0034775648
0,0,0.99654937,0.0034506528
0,0,0.99667853,0.0033214476
0,0,0.93338525,0.06661477
0,0,0.9966566,0.0033434092
0,0,0.99542326,0.0045767333
0,0,0.9966664,0.0033336307
0,0,0.9929593,0.007040652
0,0,0.9964691,0.0035309014
0,0,0.9931739,0.0068261204
0,0,0.9957066,0.0042933887
0,0,0.99609095,0.0039090486
0,0,0.9955639,0.004436098
0,0,0.99669665,0.0033033704
0,0,0.9963594,0.0036406196
0,0,0.980012,0.019987991
0,0,0.99655455,0.0034454735
0,0,0.9963441,0.003655938
0,0,0.99633574,0.0036642812
0,0,0.9927241,0.007275854
0,0,0.9783126,0.021687405
0,0,0.9960078,0.0039922157
0,0,0.996596,0.0034039968
0,0,0.9966872,0.003312802
0,0,0.9943406,0.0056594093
0,0,0.99667037,0.0033296563
0,0,0.99665314,0.0033468683
0,0,0.99657375,0.0034262564
0,0,0.9966692,0.0033308465
0,0,0.99672157,0.0032784534
0,0,0.9967031,0.0032968912
0,0,0.99667996,0.0033200237
0,0,0.9966631,0.0033369274
0,0,0.99670374,0.003296227
0,0,0.9960115,0.003988486
0,0,0.99668944,0.003310572
0,0,0.97319424,0.026805779
0,0,0.9962989,0.0037010761
0,0,0.9825464,0.017453635
0,0,0.98448265,0.01551733
0,0,0.99665964,0.0033403484
0,0,0.99632883,0.0036711674
0,0,0.9958912,0.00410879
0,0,0.9966876,0.0033124194
0,0,0.99666923,0.0033307704
0,0,0.9963866,0.0036134408
0,0,0.96703273,0.032967284
0,0,0.996003,0.003997057
0,0,0.99669665,0.0033033704
0,0,0.9953275,0.0046725012
0,0,0.99635667,0.0036433602
0,0,0.9967707,0.003229344
0,0,0.9709993,0.029000722
0,0,0.9968545,0.003145517
0,0,0.9585103,0.041489743
0,0,0.99671316,0.0032868376
0,0,0.98770106,0.012298921
0,0,0.994723,0.0052769743
0,0,0.99644357,0.0035564238
0,0,0.99485844,0.0051415474
0,0,0.9938516,0.0061484156
0,0,0.996699,0.0033010445
0,0,0.99676406,0.0032359464
0,0,0.9962826,0.0037173955
0,0,0.9966925,0.0033074925
0,0,0.9966365,0.0033634878
0,0,0.9960065,0.003993494
0,0,0.99676704,0.0032329548
0,0,0.7278693,0.27213076
0,0,0.9959723,0.0040277066
0,0,0.99058396,0.009416058
0,0,0.9967194,0.0032805717
0,0,0.9545839,0.045416128
0,0,0.99674386,0.003256134
0,0,0.9962955,0.0037044783
0,0,0.99669665,0.0033033704
0,0,0.9966677,0.0033323031
0,0,0.99670875,0.003291238
0,0,0.9966984,0.0033015967
0,0,0.9966705,0.0033295155
0,0,0.9966858,0.003314169
0,0,0.9965472,0.0034527949
0,0,0.9951003,0.004899667
0,0,0.9966885,0.0033114955
0,0,0.996666,0.0033339714
0,0,0.98348343,0.01651657
0,0,0.99666333,0.003336653
0,0,0.99665093,0.0033490655
0,0,0.99124736,0.008752634
0,0,0.97465897,0.025341049
0,0,0.9967833,0.0032166832
0,0,0.99670196,0.0032980384
0,0,0.9966531,0.0033469188
0,0,0.9951645,0.0048354617
0,0,0.99666977,0.003330234
0,0,0.9884802,0.011519806
0,0,0.9959746,0.004025404
0,0,0.9944754,0.0055245785
0,0,0.9966787,0.0033213133
0,0,0.9867333,0.013266688
0,0,0.99669665,0.0033033704
0,0,0.99661267,0.0033873355
0,0,0.9967833,0.0032166832
0,0,0.99254894,0.0074510803
0,0,0.9966962,0.0033038494
0,0,0.99687004,0.003129986
0,0,0.9021845,0.097815484
0,0,0.99615145,0.0038485425
0,0,0.9938555,0.006144527
0,0,0.9960902,0.0039098435
0,0,0.99628943,0.0037105815
0,0,0.99668944,0.003310572
0,0,0.9956311,0.0043688775
0,0,0.99641544,0.003584539
0,0,0.9966696,0.0033304114
0,0,0.9965963,0.0034036976
0,0,0.92976594,0.07023405
0,0,0.99542874,0.004571251
0,0,0.9966809,0.0033191086
0,0,0.99632883,0.003671192
0,0,0.9966872,0.003312802
0,0,0.99407136,0.0059286547
0,0,0.99669284,0.0033071497
0,0,0.99678904,0.0032109378
0,0,0.99678904,0.0032109425
0,0,0.99668324,0.0033167435
0,0,0.9967499,0.003250104
0,0,0.99667054,0.0033294393
0,0,0.9945484,0.005451606
0,0,0.99573386,0.004266119
0,0,0.9966907,0.0033093211
0,0,0.9966776,0.0033224039
0,0,0.99427867,0.005721321
0,0,0.99429387,0.005706137
0,0,0.9903728,0.009627227
0,0,0.9929621,0.0070378655
0,0,0.994408,0.005591966
0,0,0.9960407,0.0039593186
0,0,0.9963837,0.0036162522
0,0,0.996532,0.0034680031
0,0,0.9966379,0.0033621022
0,0,0.9965627,0.0034372546
0,0,0.99667656,0.0033234102
0,0,0.9966604,0.003339585
0,0,0.9940398,0.005960207
0,0,0.9881672,0.011832791
0,0,0.9938461,0.0061538755
0,0,0.9967346,0.0032653536
0,0,0.98723215,0.012767859
0,0,0.9956175,0.0043824655
0,0,0.9944269,0.0055731083
0,0,0.99649686,0.0035031673
0,0,0.99668807,0.0033119582
0,0,0.99626416,0.0037358317
0,0,0.99625224,0.0037477664
0,0,0.9966928,0.0033072315
0,0,0.99560463,0.004395359
0,0,0.99649817,0.003501834
0,0,0.99669284,0.0033071497
0,0,0.99474585,0.0052541313
0,0,0.99658555,0.0034144302
0,0,0.99568015,0.0043198615
0,0,0.996542,0.0034580377
0,0,0.9937411,0.0062589226
0,0,0.9920056,0.007994432
0,0,0.99637854,0.0036214446
0,0,0.99646425,0.0035357533
0,0,0.994349,0.005650968
0,0,0.9966544,0.003345604
0,0,0.99631333,0.0036866877
0,0,0.99595195,0.0040480564
0,0,0.9964041,0.003595893
0,0,0.99631333,0.0036866877
0,0,0.99668413,0.0033158641
0,0,0.94931436,0.050685674
0,0,0.9966984,0.0033015967
0,0,0.996688,0.0033119929
0,0,0.9964251,0.003574892
0,0,0.9966928,0.0033072315
0,0,0.9869387,0.013061278
0,0,0.9965884,0.0034115934
0,0,0.996521,0.0034790025
0,0,0.9966548,0.0033451903
0,0,0.9967236,0.0032763786
0,0,0.99652666,0.0034733585
0,0,0.99668854,0.003311442
0,0,0.9965761,0.0034239208
0,0,0.9968121,0.0031879158
0,0,0.98763394,0.012366033
0,0,0.9958504,0.0041496414
0,0,0.996699,0.0033010445
0,0,0.99669284,0.0033071497
0,0,0.975459,0.024541026
0,0,0.9951162,0.0048838225
0,0,0.99537426,0.00462576
0,0,0.9967857,0.0032142866
0,0,0.9950361,0.0049638627
0,0,0.9960995,0.0039005172
0,0,0.99665797,0.0033420348
0,0,0.9963516,0.0036483884
0,0,0.99667203,0.0033279874
0,0,0.99626076,0.003739232
0,0,0.99261874,0.0073812758
0,0,0.96481746,0.03518255
0,0,0.9942872,0.005712799
0,0,0.9573145,0.04268549
0,0,0.996382,0.0036180257
0,0,0.9959146,0.004085436
0,0,0.9963573,0.0036426678
0,0,0.9966928,0.0033072315
0,0,0.99667615,0.003323873
0,0,0.98382044,0.016179547
0,0,0.99495625,0.005043746
0,0,0.9964757,0.0035242974
0,0,0.9967881,0.0032119378
0,0,0.9927283,0.0072716945
0,0,0.99661034,0.0033896675
0,0,0.99355006,0.006449908
0,0,0.9952143,0.00478574
0,0,0.9965865,0.0034134714
0,0,0.99655205,0.0034479664
0,0,0.9968917,0.0031083124
0,0,0.9964579,0.0035421131
0,0,0.9720518,0.027948221
0,0,0.99654335,0.0034566312
0,0,0.99669665,0.0033033704
0,0,0.9968544,0.003145565
0,0,0.9966872,0.003312802
0,0,0.99628764,0.0037123496
0,0,0.9964786,0.003521405
0,0,0.9966658,0.0033342075
0,0,0.99341375,0.0065862387
0,0,0.99640566,0.0035943352
0,0,0.99409235,0.0059076375
0,0,0.9966787,0.0033213133
0,0,0.9745094,0.025490554
0,0,0.99565953,0.004340443
0,0,0.99656314,0.003436877
0,0,0.9966928,0.0033072315
0,0,0.9964817,0.0035182538
0,0,0.9966844,0.00331561
0,0,0.9967373,0.0032627117
0,0,0.9924589,0.007541147
0,0,0.9920192,0.007980811
0,0,0.99668413,0.0033158641
0,0,0.9923363,0.007663749
0,0,0.99667794,0.0033220914
0,0,0.9966758,0.0033242144
0,0,0.98878556,0.011214446
0,0,0.99659824,0.0034017395
0,0,0.9952852,0.00471479
0,0,0.9966334,0.0033666044
0,0,0.9962854,0.0037146027
0,0,0.9968595,0.0031405005
0,0,0.9966724,0.0033275904
0,0,0.9967128,0.0032872127
0,0,0.99490416,0.005095864
0,0,0.99665624,0.00334379
0,0,0.99667317,0.0033268188
0,0,0.9966604,0.0033395896
0,0,0.9968818,0.0031182412
0,0,0.9966566,0.0033434092
0,0,0.9966711,0.0033289017
0,0,0.99669147,0.003308552
0,0,0.9958326,0.0041673975
0,0,0.9251927,0.07480729
0,0,0.9965252,0.0034747845
0,0,0.9939086,0.00609141
0,0,0.99677765,0.003222365
0,0,0.9966752,0.0033248065
0,0,0.99668103,0.003318981
0,0,0.86212766,0.13787235
0,0,0.99422574,0.005774281
0,0,0.9936301,0.0063698934
0,0,0.9964426,0.0035574092
0,0,0.9966686,0.0033314468
0,0,0.9963452,0.0036548038
0,0,0.9966961,0.003303862
0,0,0.9941886,0.0058113686
0,0,0.9962282,0.0037717603
0,0,0.996604,0.0033959844
0,0,0.99669665,0.0033033704
0,0,0.9966927,0.0033073006
0,0,0.98807985,0.011920136
0,0,0.99626696,0.0037330287
0,0,0.9946487,0.0053513055
0,0,0.9963683,0.0036317257
0,0,0.9963808,0.0036191707
0,0,0.99387217,0.006127832
0,0,0.9826168,0.017383222
0,0,0.9966618,0.0033382233
0,0,0.99669147,0.003308552
0,0,0.985831,0.014168954
0,0,0.99378324,0.0062167835
0,0,0.99584365,0.0041563604
0,0,0.99568856,0.004311438
0,0,0.99670565,0.0032943552
0,0,0.990256,0.009744006
0,0,0.9966705,0.0033295155
0,0,0.99439716,0.0056028212
0,0,0.99667335,0.003326678
0,0,0.9965046,0.0034953675
0,0,0.94578314,0.054216843
0,0,0.99669075,0.0033092755
0,0,0.99668425,0.003315724
0,0,0.99646735,0.0035326667
0,0,0.9964065,0.0035935135
0,0,0.996468,0.003532014
0,0,0.9966872,0.003312802
0,0,0.99608403,0.0039159935
0,0,0.96374595,0.03625407
0,0,0.99665624,0.00334379
0,0,0.9800806,0.01991939
0,0,0.9940851,0.005914909
0,0,0.9967906,0.0032094168
0,0,0.99178666,0.008213359
0,0,0.98990405,0.010095956
0,0,0.9959327,0.0040672724
0,0,0.99670976,0.003290209
0,0,0.99437845,0.0056215473
0,0,0.9961501,0.0038499122
0,0,0.99668115,0.003318836
0,0,0.99581444,0.0041855476
0,0,0.99633735,0.003662621
0,0,0.9935181,0.006481876
0,0,0.99655116,0.003448815
0,0,0.9925971,0.007402885
0,0,0.9907191,0.009280947
0,0,0.9962603,0.003739726
0,0,0.9964148,0.0035852066
0,0,0.97565675,0.024343234
0,0,0.996675,0.0033249613
0,0,0.99497926,0.005020764
0,0,0.57951856,0.42048144
0,0,0.99668854,0.0033114578
0,0,0.99668944,0.003310572
0,0,0.9966758,0.0033242283
0,0,0.99356866,0.006431329
0,0,0.8924298,0.1075702
0,0,0.99388874,0.00611129
0,0,0.9966787,0.0033213133
0,0,0.99672526,0.0032747393
0,0,0.99629956,0.0037004347
0,0,0.9966451,0.0033549196
0,0,0.9965713,0.0034286752
0,0,0.9967233,0.003276701
0,0,0.9966107,0.003389303
0,0,0.99666196,0.00333806
0,0,0.99660635,0.0033936596
0,0,0.9968587,0.0031412886
0,0,0.9967536,0.0032463989
0,0,0.9966149,0.0033851005
0,0,0.9958078,0.004192191
0,0,0.99592406,0.004075925
0,0,0.996954,0.0030459606
0,0,0.99656236,0.0034376464
0,0,0.99667066,0.0033293164
0,0,0.9963001,0.0036998861
0,0,0.9811662,0.018833796
0,0,0.9866191,0.013380877
0,0,0.99550873,0.004491296
0,0,0.9962766,0.0037234027
0,0,0.9963923,0.0036076817
0,0,0.9964159,0.003584069
0,0,0.99672,0.0032799884
0,0,0.9966834,0.0033165922
0,0,0.9957031,0.0042968756
0,0,0.9967034,0.0032965997
0,0,0.9954709,0.004529094
0,0,0.99146086,0.008539125
0,0,0.8241732,0.17582679
0,0,0.9172784,0.0827216
0,0,0.99655056,0.0034494363
0,0,0.9908549,0.00914507
0,0,0.9911966,0.0088034
0,0,0.9963725,0.0036274854
0,0,0.9964203,0.0035796799
0,0,0.99669665,0.0033033704
0,0,0.9951342,0.0048658005
0,0,0.9964231,0.003576902
0,0,0.9811127,0.018887307
0,0,0.9954922,0.004507768
0,0,0.99632585,0.0036741337
0,0,0.9955715,0.0044285064
0,0,0.99657744,0.0034225478
0,0,0.9966808,0.0033192288
0,0,0.996671,0.0033289997
0,0,0.99269736,0.0073026503
0,0,0.99199224,0.008007773
0,0,0.9950766,0.004923391
0,0,0.99583566,0.0041643097
0,0,0.85175514,0.14824489
0,0,0.9963851,0.0036149018
0,0,0.9964529,0.0035470442
0,0,0.99627477,0.0037252463
0,0,0.99000925,0.00999076
0,0,0.9952646,0.004735432
0,0,0.99545944,0.0045405477
0,0,0.99643725,0.003562746
0,0,0.99448615,0.0055138613
0,0,0.9950456,0.0049543735
0,0,0.99668413,0.0033158641
0,0,0.9963006,0.0036994165
0,0,0.996622,0.003377972
0,0,0.99251664,0.0074833604
0,0,0.99506503,0.004934973
0,0,0.9956844,0.00431563
0,0,0.99450994,0.005490045
0,0,0.9956909,0.004309099
0,0,0.9964048,0.0035951976
0,0,0.99676937,0.0032306323
0,0,0.9962669,0.0037330997
0,0,0.99669665,0.0033033704
0,0,0.9967019,0.0032981103
0,0,0.9965858,0.003414237
0,0,0.9945947,0.005405315
0,0,0.99191034,0.008089638
0,0,0.9966928,0.0033072315
0,0,0.9963496,0.0036504343
0,0,0.9960282,0.0039718226
0,0,0.99463123,0.0053687575
0,0,0.9967409,0.003259105
0,0,0.9966984,0.0033015967
0,0,0.9966914,0.0033086056
0,0,0.9966667,0.0033332584
0,0,0.996651,0.0033490162
0,0,0.9899879,0.010012082
0,0,0.9968289,0.0031710877
0,0,0.9964065,0.0035935135
0,0,0.9966907,0.0033093211
0,0,0.99675274,0.0032472597
0,0,0.99669665,0.0033033704
0,0,0.99660033,0.0033996904
0,0,0.99669665,0.0033033704
0,0,0.99669665,0.0033033704
0,0,0.9959291,0.004070905
0,0,0.99648887,0.0035111145
0,0,0.9966907,0.0033093211
0,0,0.995205,0.0047949944
0,0,0.99659306,0.0034069552
0,0,0.9966741,0.003325875
0,0,0.99650794,0.0034920734
0,0,0.9966928,0.0033072315
0,0,0.99669355,0.0033064315
0,0,0.99227333,0.0077266707
0,0,0.9951057,0.004894339
0,0,0.9913597,0.008640309
0,0,0.99687266,0.0031273228
0,0,0.9954148,0.004585226
0,0,0.99667925,0.0033207468
0,0,0.9966683,0.003331738
0,0,0.99636406,0.0036359348
0,0,0.98223126,0.017768728
0,0,0.9964685,0.0035315224
0,0,0.9966618,0.0033382184
0,0,0.99603885,0.0039611678
0,0,0.9967063,0.0032937103
0,0,0.9966844,0.0033156136
0,0,0.99637246,0.0036275093
0,0,0.99486583,0.005134138
0,0,0.9976924,0.002307572
0,0,0.9907466,0.009253366
0,0,0.996852,0.0031480242
0,0,0.99518025,0.0048197233
0,0,0.99454707,0.005452938
0,0,0.99648136,0.0035186552
0,0,0.9923903,0.007609736
0,0,0.99456245,0.0054375445
0,0,0.99669665,0.0033033704
0,0,0.9964694,0.0035306045
0,0,0.99668944,0.003310572
0,0,0.996409,0.0035909791
0,0,0.9966891,0.0033109146
0,0,0.9966515,0.003348507
0,0,0.9966935,0.0033065104
0,0,0.9962293,0.0037707353
0,0,0.9966749,0.0033251273
0,0,0.9954489,0.00455114
0,0,0.9966805,0.0033195077
0,0,0.99663407,0.003365918
0,0,0.9954111,0.0045889234
0,0,0.93923205,0.060767934
0,0,0.9966928,0.0033072315
0,0,0.99667454,0.003325475
0,0,0.9913084,0.008691588
0,0,0.9966877,0.0033122778
0,0,0.9960453,0.0039546993
0,0,0.99597573,0.004024261
0,0,0.9940811,0.0059189196
0,0,0.98919684,0.010803151
0,0,0.99674666,0.0032533496
0,0,0.9954628,0.004537206
0,0,0.9965846,0.0034153943
0,0,0.99666005,0.0033399563
0,0,0.99245024,0.007549774
0,0,0.9909308,0.009069228
0,0,0.9967193,0.0032807149
0,0,0.9952358,0.0047641764
0,0,0.99580127,0.0041987337
0,0,0.9966433,0.0033567012
0,0,0.9966518,0.0033481647
0,0,0.9971731,0.002826915
0,0,0.9965392,0.003460819
0,0,0.99671394,0.0032860832
0,0,0.99311775,0.0068822294
0,0,0.9955152,0.0044847983
0,0,0.99322474,0.006775242
0,0,0.99604434,0.003955642
0,0,0.9967961,0.003203942
0,0,0.9857569,0.014243145
0,0,0.99590445,0.0040955837
0,0,0.99311495,0.0068850582
0,0,0.99495596,0.0050440333
0,0,0.99587804,0.0041219634
0,0,0.9938105,0.0061895545
0,0,0.99669665,0.0033033704
0,0,0.9954884,0.004511617
0,0,0.87256813,0.12743185
0,0,0.9964639,0.003536128
0,0,0.9967611,0.0032388961
0,0,0.9968582,0.003141819
0,0,0.9960027,0.0039973194
0,0,0.99667615,0.0033238414
0,0,0.9962357,0.0037642622
0,0,0.9858959,0.014104129
0,0,0.9966698,0.003330161
0,0,0.9966592,0.0033407642
0,0,0.99669665,0.0033033704
0,0,0.99669665,0.0033033704
0,0,0.9946638,0.0053362306
0,0,0.9966716,0.003328389
0,0,0.9966805,0.0033195
0,0,0.9966748,0.0033251953
0,0,0.995993,0.0040069786
0,0,0.996399,0.0036010288
0,0,0.99656737,0.003432617
0,0,0.96335125,0.036648747
0,0,0.9934177,0.0065823337
0,0,0.99582255,0.0041774707
0,0,0.9852712,0.01472878
0,0,0.99549395,0.00450608
0,0,0.9895802,0.010419759
0,0,0.99668854,0.0033114578
0,0,0.9966872,0.003312802
0,0,0.9936211,0.0063789086
0,0,0.9672238,0.032776177
0,0,0.99675393,0.0032460717
0,0,0.96540797,0.034592062
0,0,0.99140406,0.008595927
0,0,0.9968717,0.003128313
0,0,0.99643594,0.0035640867
0,0,0.9966872,0.003312802
0,0,0.99583757,0.00416243
0,0,0.9959018,0.004098173
0,0,0.98646283,0.013537166
0,0,0.996682,0.0033179985
0,0,0.9962609,0.0037390916
0,0,0.9965521,0.0034479091
0,0,0.9966701,0.0033298542
0,0,0.99669665,0.0033033704
0,0,0.99669665,0.0033033704
0,0,0.99396235,0.0060376357
0,0,0.99291295,0.007087064
0,0,0.9939218,0.0060781674
0,0,0.99670804,0.003291942
0,0,0.9852951,0.014704897
0,0,0.99633217,0.0036678398
0,0,0.8987183,0.10128169
0,0,0.96782434,0.032175653
0,0,0.9966907,0.0033093086
0,0,0.99355596,0.0064440467
0,0,0.9956377,0.0043622847
0,0,0.9966823,0.0033177305
0,0,0.99672043,0.0032795847
0,0,0.99668896,0.0033110154
0,0,0.9966984,0.0033015967
0,0,0.99123013,0.008769869
0,0,0.9966737,0.0033263033
0,0,0.9926531,0.0073469393
0,0,0.9954386,0.004561404
0,0,0.9964498,0.0035501856
0,0,0.99680007,0.003199941
0,0,0.99215204,0.007847984
0,0,0.9837567,0.01624329
0,0,0.9902465,0.009753507
0,0,0.9962288,0.0037711868
0,0,0.996769,0.003230984
0,0,0.9810692,0.018930763
0,0,0.99655384,0.003446145
0,0,0.9946975,0.005302511
0,0,0.9965674,0.0034325682
0,0,0.97935075,0.020649258
0,0,0.99669087,0.003309131
0,0,0.9943364,0.0056635886
0,0,0.99619675,0.0038032508
0,0,0.9971507,0.0028492932
0,0,0.9966928,0.0033072315
0,0,0.9952434,0.004756631
0,0,0.99134684,0.008653152
0,0,0.9958755,0.0041245148
0,0,0.91184855,0.08815148
0,0,0.99633795,0.0036620465
0,0,0.99008733,0.009912672
0,0,0.99678934,0.0032106664
0,0,0.9967877,0.0032122964
0,0,0.9966305,0.0033695032
0,0,0.9902592,0.009740809
0,0,0.99502605,0.004973932
0,0,0.99656695,0.0034330625
0,0,0.99658895,0.0034110523
0,0,0.9966922,0.0033078399
0,0,0.99693304,0.0030669433
0,0,0.9967364,0.003263616
0,0,0.9931853,0.006814728
0,0,0.8504892,0.14951082
0,0,0.99118596,0.008814045
0,0,0.99671376,0.0032862423
0,0,0.9924929,0.0075071016
0,0,0.9854601,0.014539917
0,0,0.9966963,0.0033037127
0,0,0.9953404,0.0046596085
0,0,0.9954855,0.0045145308
0,0,0.9966864,0.0033136113
0,0,0.9609105,0.03908952
0,0,0.9782767,0.02172329
0,0,0.9964164,0.0035836129
0,0,0.9728751,0.027124885
0,0,0.9968873,0.0031126966
0,0,0.99669147,0.003308552
0,0,0.99656445,0.0034355656
0,0,0.99587625,0.004123769
0,0,0.9959979,0.004002091
0,0,0.9965738,0.0034261732
0,0,0.99673116,0.0032688489
0,0,0.9961614,0.0038386232
0,0,0.9589458,0.041054185
0,0,0.99490696,0.0050930195
0,0,0.9949535,0.005046477
0,0,0.9968638,0.0031362264
0,0,0.99616414,0.003835851
0,0,0.9958506,0.004149397
0,0,0.9965113,0.0034887034
0,0,0.9966876,0.0033124194
0,0,0.9961816,0.0038184172
0,0,0.9393874,0.060612645
0,0,0.9963553,0.0036447037
0,0,0.99621946,0.0037805212
0,0,0.987005,0.012994998
0,0,0.9967197,0.0032802566
0,0,0.996688,0.0033119929
0,0,0.9954223,0.004577683
0,0,0.987024,0.012975973
0,0,0.9966531,0.0033468918
0,0,0.9966675,0.003332468
0,0,0.9966872,0.003312802
0,0,0.99455404,0.0054459604
0,0,0.99445444,0.005545558
0,0,0.99073696,0.009263063
0,0,0.99668944,0.003310572
0,0,0.99679625,0.0032037578
0,0,0.9965874,0.0034126118
0,0,0.9911923,0.008807723
0,0,0.96188235,0.03811762
0,0,0.9955856,0.00441438
0,0,0.9938771,0.006122906
0,0,0.98227316,0.017726831
0,0,0.99656945,0.0034305623
0,0,0.99640185,0.003598166
0,0,0.9948014,0.0051985905
0,0,0.95395213,0.04604788
0,0,0.996675,0.0033249613
0,0,0.9968075,0.003192503
0,0,0.9959569,0.0040431283
0,0,0.9966832,0.0033168083
0,0,0.9963021,0.0036978635
0,0,0.99665195,0.0033480802
0,0,0.9962441,0.0037559168
0,0,0.987663,0.012337019
0,0,0.99648994,0.0035100535
0,0,0.9962243,0.0037757417
0,0,0.9969122,0.0030878184
0,0,0.99628556,0.003714465
0,0,0.99585676,0.0041432325
0,0,0.9966928,0.0033072315
0,0,0.9967628,0.0032371725
0,0,0.9965911,0.0034088967
0,0,0.99651825,0.0034817592
0,0,0.99665743,0.0033425845
0,0,0.8703143,0.12968569
0,0,0.99670184,0.003298145
0,0,0.9964457,0.0035542818
0,0,0.996744,0.0032560444
0,0,0.99668795,0.0033120762
0,0,0.99140817,0.0085918475
0,0,0.9967022,0.003297811
0,0,0.9966619,0.0033380904
0,0,0.99417734,0.005822678
0,0,0.9952582,0.0047417823
0,0,0.9943413,0.0056586605
0,0,0.99445,0.0055500455
0,0,0.990716,0.009284012
0,0,0.99092466,0.009075319
0,0,0.9937599,0.0062401565
0,0,0.97646815,0.02353188
0,0,0.99669665,0.0033033704
0,0,0.996463,0.0035369867
0,0,0.9966823,0.0033177305
0,0,0.98966825,0.01033173
0,0,0.99659085,0.0034091384
0,0,0.9868692,0.013130803
0,0,0.9965831,0.003416904
0,0,0.9967025,0.0032974852
0,0,0.9937146,0.0062854183
0,0,0.9958808,0.004119232
0,0,0.9966876,0.0033124194
0,0,0.98775816,0.012241846
0,0,0.99668944,0.003310572
0,0,0.99676675,0.003233253
0,0,0.99669284,0.0033071765
0,0,0.9957476,0.0042523616
0,0,0.99109006,0.008909964
0,0,0.99669665,0.0033033704
0,0,0.99668694,0.003313046
0,0,0.996604,0.0033959844
0,0,0.9956478,0.0043522106
0,0,0.9966047,0.0033953036
0,0,0.84050715,0.15949285
0,0,0.9893681,0.010631926
0,0,0.9944793,0.0055206814
0,0,0.9966872,0.003312802
0,0,0.99669665,0.0033033704
0,0,0.99633354,0.0036664456
0,0,0.99345815,0.006541827
0,0,0.9965631,0.0034369144
0,0,0.995363,0.0046369797
0,0,0.9966928,0.0033072315
0,0,0.99613553,0.003864496
0,0,0.95979404,0.04020596
0,0,0.9965643,0.003435667
0,0,0.99641967,0.0035803062
0,0,0.99662566,0.0033743423
0,0,0.99667925,0.0033207468
0,0,0.9967767,0.0032232762
0,0,0.97813296,0.02186706
0,0,0.989968,0.010032019
0,0,0.9966863,0.0033137028
0,0,0.99349624,0.0065037464
0,0,0.9966814,0.0033186153
0,0,0.9966756,0.0033243832
0,0,0.99654275,0.0034572622
0,0,0.9969852,0.0030147918
0,0,0.99355197,0.0064480114
0,0,0.99667317,0.0033268188
0,0,0.9966928,0.0033072315
0,0,0.9918388,0.008161165
0,0,0.99236274,0.0076372502
0,0,0.9966565,0.003343493
0,0,0.9966844,0.003315645
0,0,0.9602787,0.039721284
0,0,0.9882749,0.011725107
0,0,0.9939909,0.0060090846
0,0,0.9966817,0.0033182949
0,0,0.99609566,0.0039043413
0,0,0.99502057,0.004979408
0,0,0.9966692,0.0033308088
0,0,0.9966566,0.0033434092
0,0,0.99669665,0.0033033704
0,0,0.9959177,0.0040823426
0,0,0.98406065,0.015939342
0,0,0.996646,0.0033540048
0,0,0.9966566,0.0033434092
0,0,0.99540716,0.004592839
0,0,0.9966632,0.0033367625
0,0,0.9960041,0.0039958977
0,0,0.9963089,0.0036910607
0,0,0.9966422,0.0033578405
0,0,0.99393076,0.006069255
0,0,0.9963558,0.0036442243
0,0,0.9966839,0.0033160958
0,0,0.9856125,0.01438748
0,0,0.9921941,0.0078058634
0,0,0.996256,0.0037440136
0,0,0.9890111,0.010988886
0,0,0.9967707,0.003229344
0,0,0.9966928,0.0033072315
0,0,0.9960824,0.0039175763
0,0,0.97900575,0.020994253
0,0,0.99637073,0.0036292938
0,0,0.99668187,0.0033181438
0,0,0.99642897,0.0035710281
0,0,0.9952322,0.004767795
0,0,0.9958189,0.0041810665
0,0,0.9966699,0.003330093
0,0,0.99667853,0.0033214476
0,0,0.9946027,0.005397293
0,0,0.9967005,0.0032995043
0,0,0.9854784,0.014521576
0,0,0.99629617,0.0037038256
0,0,0.9965193,0.0034806447
0,0,0.9941897,0.005810336
0,0,0.9931001,0.00689987
0,0,0.9967245,0.003275502
0,0,0.99632984,0.003670184
0,0,0.99664366,0.003356355
0,0,0.9953937,0.0046063177
0,0,0.9939625,0.0060374443
0,0,0.99626046,0.0037395128
0,0,0.99676955,0.0032304234
0,0,0.98049855,0.01950142
0,0,0.99539226,0.0046077236
0,0,0.99616975,0.0038302576
0,0,0.9944619,0.0055381237
0,0,0.982236,0.017763983
0,0,0.99505556,0.00494443
0,0,0.99668723,0.0033127454
0,0,0.9966356,0.0033643558
0,0,0.9966784,0.0033216085
0,0,0.9966635,0.0033364885
0,0,0.7825535,0.21744649
0,0,0.9966744,0.0033255557
0,0,0.9966534,0.0033466471
0,0,0.99173075,0.0082692355
0,0,0.996615,0.0033849943
0,0,0.9918981,0.008101877
0,0,0.9850912,0.0149088
0,0,0.9943475,0.0056524635
0,0,0.9967984,0.0032016067
0,0,0.99639267,0.0036073204
0,0,0.99669147,0.003308552
0,0,0.9910137,0.008986282
0,0,0.9957615,0.004238479
0,0,0.9943215,0.0056784768
0,0,0.99681324,0.0031867917
0,0,0.9968601,0.0031399124
0,0,0.9959968,0.0040032296
0,0,0.9967733,0.003226719
0,0,0.99667406,0.0033259492
0,0,0.9965945,0.0034055014
0,0,0.9963986,0.0036013727
0,0,0.9730575,0.026942492
0,0,0.9953842,0.0046157897
0,0,0.9957202,0.0042798016
0,0,0.995597,0.004402988
0,0,0.99664617,0.003353844
0,0,0.99668944,0.003310572
0,0,0.9953996,0.004600392
0,0,0.9966846,0.0033153929
0,0,0.996609,0.0033909979
0,0,0.99633145,0.003668556
0,0,0.9968369,0.0031630925
0,0,0.9968717,0.0031283116
0,0,0.9913264,0.008673611
0,0,0.9968545,0.003145517
0,0,0.9966814,0.0033186153
0,0,0.99582094,0.004179046
0,0,0.99657583,0.0034241665
0,0,0.99434656,0.005653469
0,0,0.9950478,0.0049521807
0,0,0.99506533,0.0049346783
0,0,0.99238056,0.0076194433
0,0,0.99285126,0.0071487427
0,0,0.9966872,0.003312802
0,0,0.995943,0.004057017
0,0,0.9945267,0.0054733194
0,0,0.9943944,0.005605582
0,0,0.9967512,0.0032487956
0,0,0.98504233,0.014957648
0,0,0.99670196,0.0032980384
0,0,0.9966132,0.0033867965
0,0,0.9870876,0.012912411
0,0,0.9967024,0.0032976135
0,0,0.9966721,0.003327932
0,0,0.9967618,0.0032382265
0,0,0.99640894,0.0035910732
0,0,0.996286,0.003714015
1,1,0.39068443,0.6093156
0,0,0.9966776,0.0033224039
0,0,0.99574566,0.0042543444
0,0,0.9891333,0.010866716
0,0,0.99628127,0.00371875
0,0,0.99685967,0.003140326
0,0,0.99669427,0.0033057213
0,0,0.9952864,0.0047135707
0,0,0.9953311,0.004668895
0,0,0.99668896,0.0033110154
0,0,0.99668413,0.0033158641
0,0,0.99664956,0.0033504297
0,0,0.9966509,0.0033491005
0,0,0.99646646,0.0035335652
0,0,0.99461657,0.005383411
0,0,0.9967026,0.0032973816
0,0,0.9957611,0.0042389277
0,0,0.9651723,0.034827705
0,0,0.9962844,0.0037155945
0,0,0.9966839,0.0033160958
0,0,0.9820638,0.017936233
0,0,0.9963394,0.003660603
0,0,0.9966752,0.0033248065
0,0,0.9959109,0.0040891026
0,0,0.9960664,0.0039335927
0,0,0.9866705,0.013329481
0,0,0.9959347,0.0040652505
0,0,0.9966967,0.0033032794
0,0,0.9966092,0.003390766
0,0,0.9844137,0.01558631
0,0,0.9966684,0.0033316095
0,0,0.97791725,0.022082726
0,0,0.99665093,0.0033490655
0,0,0.99632657,0.0036734182
0,0,0.99584466,0.00415532
0,0,0.99461436,0.005385651
0,0,0.99519306,0.004806946
0,0,0.99638,0.0036200443
0,0,0.99669665,0.0033033704
0,0,0.99669206,0.0033079279
0,0,0.99669665,0.0033033704
0,0,0.9853203,0.014679662
0,0,0.9966696,0.0033304114
0,0,0.99211943,0.007880561
0,0,0.99502563,0.004974383
0,0,0.99669284,0.0033071497
0,0,0.99622506,0.003774933
0,0,0.99636793,0.0036320884
0,0,0.99622333,0.0037766655
0,0,0.9957034,0.004296621
0,0,0.9968708,0.0031291845
0,0,0.99241775,0.0075822454
0,0,0.996567,0.0034329973
0,0,0.9957203,0.0042796833
0,0,0.94337213,0.0566279
0,0,0.99668676,0.0033132695
0,0,0.9882564,0.011743627
0,0,0.99666435,0.003335634
0,0,0.9956477,0.0043522436
0,0,0.99526083,0.0047391932
0,0,0.99628776,0.003712223
0,0,0.9953363,0.0046636793
0,0,0.99666214,0.0033378697
0,0,0.9854521,0.014547907
0,0,0.9960699,0.0039300933
0,0,0.99506533,0.0049346783
0,0,0.9938123,0.00618766
0,0,0.9966787,0.0033213133
0,0,0.99635315,0.0036468615
0,0,0.99634194,0.0036580423
0,0,0.99630356,0.0036964566
0,0,0.9938381,0.006161924
0,0,0.9961255,0.0038745094
0,0,0.9966776,0.0033224039
0,0,0.9958735,0.004126468
0,0,0.99668765,0.0033123328
0,0,0.9966746,0.0033254072
0,0,0.99508625,0.0049137273
0,0,0.99347883,0.0065211924
0,0,0.98815334,0.011846633
0,0,0.99029815,0.009701844
0,0,0.9963269,0.0036730657
0,0,0.9967549,0.0032450997
0,0,0.99473923,0.0052607474
0,0,0.9943032,0.0056967977
0,0,0.9967129,0.0032870956
0,0,0.9890291,0.010970902
0,0,0.9962418,0.003758189
0,0,0.99536973,0.004630272
0,0,0.9962951,0.0037049006
0,0,0.9967024,0.0032976498
0,0,0.9965531,0.003446895
0,0,0.9966748,0.0033251953
0,0,0.9957536,0.0042464216
0,0,0.9966748,0.0033251953
0,0,0.9962135,0.0037864847
0,0,0.99489266,0.0051073264
0,0,0.975514,0.024485985
0,0,0.9967218,0.0032782103
0,0,0.99668854,0.0033114578
0,0,0.99654454,0.003455457
0,0,0.9964264,0.0035735692
0,0,0.99669284,0.0033071497
0,0,0.9962731,0.0037268766
0,0,0.9964593,0.0035407061
0,0,0.99614906,0.0038509546
0,0,0.9967059,0.0032941096
0,0,0.9963009,0.0036991234
0,0,0.99668485,0.0033151598
0,0,0.9909979,0.009002105
0,0,0.99657553,0.003424495
0,0,0.99654067,0.003459328
0,0,0.9924006,0.007599397
0,0,0.99669284,0.0033071497
0,0,0.99568486,0.0043151285
0,0,0.99629056,0.0037094532
0,0,0.9853997,0.014600288
0,0,0.99654025,0.0034597488
0,0,0.99385804,0.006141977
0,0,0.99670225,0.003297742
0,0,0.960283,0.039717004
0,0,0.99306536,0.0069346405
0,0,0.98905694,0.010943039
0,0,0.9966752,0.0033248065
0,0,0.99693364,0.0030663728
0,0,0.9965678,0.003432216
0,0,0.99593204,0.0040679597
0,0,0.9955267,0.0044733314
0,0,0.99543864,0.0045613414
0,0,0.99677366,0.003226348
0,0,0.9246086,0.07539144
0,0,0.99544096,0.0045590387
0,0,0.9966913,0.0033086876
0,0,0.9952693,0.004730724
0,0,0.99669427,0.0033057213
0,0,0.9966748,0.0033251953
0,0,0.9945543,0.00544572
0,0,0.99653304,0.0034669423
0,0,0.9966703,0.0033297024
1,1,0.0033762455,0.99662375
0,0,0.99518806,0.0048119146
0,0,0.98372674,0.016273262
0,0,0.9965612,0.0034387494
0,0,0.9958594,0.0041406066
0,0,0.9951727,0.0048273043
0,0,0.994982,0.00501799
0,0,0.99290645,0.0070935697
0,0,0.991085,0.008914989
0,0,0.99072105,0.009278961
0,0,0.99482936,0.005170649
0,0,0.9900846,0.009915416
0,0,0.99167633,0.008323674
0,0,0.99655634,0.0034436863
0,0,0.9900602,0.009939787
0,0,0.99667376,0.0033262258
0,0,0.996688,0.0033119929
0,0,0.996044,0.0039560366
0,0,0.996714,0.0032860017
0,0,0.9952974,0.0047026263
0,0,0.99669886,0.0033011544
0,0,0.99661666,0.0033833121
0,0,0.99668103,0.0033189796
0,0,0.9970508,0.0029491826
0,0,0.9966746,0.0033254072
0,0,0.9966834,0.0033165922
0,0,0.995963,0.0040370403
0,0,0.99639606,0.0036039148
0,0,0.99599904,0.004000943
0,0,0.9966872,0.003312802
0,0,0.9942655,0.005734478
0,0,0.9966701,0.0033298905
0,0,0.9966716,0.003328389
0,0,0.9895943,0.010405721
0,0,0.9958025,0.0041974974
0,0,0.99669284,0.0033071497
0,0,0.9966818,0.0033181608
0,0,0.9900572,0.009942852
0,0,0.99647117,0.0035288252
0,0,0.9959628,0.004037182
0,0,0.99664044,0.0033595834
0,0,0.9926228,0.007377207
0,0,0.996688,0.0033119929
0,0,0.99602973,0.003970261
0,0,0.992603,0.0073970077
0,0,0.9966548,0.0033451903
0,0,0.99355006,0.0064499634
0,0,0.9948218,0.005178214
0,0,0.9963252,0.0036747868
0,0,0.9963462,0.0036538108
0,0,0.99669677,0.00330324
0,0,0.99691755,0.0030824568
0,0,0.99662024,0.003379733
0,0,0.995825,0.0041750115
0,0,0.9966814,0.0033186183
0,0,0.99571174,0.004288253
0,0,0.9966758,0.0033242283
0,0,0.9930897,0.006910337
0,0,0.9966058,0.0033941837
0,0,0.9967011,0.0032988943
0,0,0.9966801,0.003319945
0,0,0.9965004,0.0034996516
0,0,0.99650687,0.003493129
0,0,0.99203485,0.007965171
0,0,0.99424195,0.0057580513
0,0,0.9903616,0.0096384445
0,0,0.99582636,0.004173614
0,0,0.9958504,0.004149602
0,0,0.99162185,0.008378143
0,0,0.9968011,0.0031989282
0,0,0.9925801,0.0074198623
0,0,0.99671686,0.0032831465
0,0,0.9966046,0.0033953954
0,0,0.9965569,0.003443123
0,0,0.9963414,0.003658565
0,0,0.9966876,0.0033124194
0,0,0.99633294,0.0036670677
0,0,0.9962213,0.0037787042
0,0,0.9966024,0.0033975742
0,0,0.99669045,0.0033095302
0,0,0.9967678,0.0032321848
0,0,0.9960497,0.0039502857
0,0,0.9933346,0.006665435
0,0,0.99647,0.003530034
0,0,0.99669665,0.0033033704
0,0,0.9920447,0.007955316
0,0,0.99668944,0.003310572
0,0,0.99563915,0.0043608663
0,0,0.9964051,0.003594863
0,0,0.9934,0.0066000028
0,0,0.99658895,0.0034110523
0,0,0.9966664,0.0033336226
0,0,0.99672455,0.0032754336
0,0,0.99476457,0.005235453
0,0,0.99667996,0.0033200237
0,0,0.996393,0.0036069828
0,0,0.99665016,0.0033498202
0,0,0.99633807,0.0036619368
0,0,0.99668056,0.0033194355
0,0,0.9966863,0.0033137028
0,0,0.99704325,0.002956743
0,0,0.99667984,0.0033201345
0,0,0.99668133,0.0033186767
0,0,0.99667144,0.0033285536
0,0,0.99669665,0.0033033704
0,0,0.9965665,0.003433501
0,0,0.9965072,0.0034927623
0,0,0.98440534,0.015594653
0,0,0.99137026,0.008629762
0,0,0.9966566,0.0033434092
0,0,0.9921871,0.007812916
0,0,0.9967271,0.003272866
0,0,0.98574924,0.014250745
0,0,0.99658704,0.0034129703
0,0,0.99640447,0.0035955308
0,0,0.99650294,0.0034970685
0,0,0.9966084,0.0033916056
0,0,0.99669933,0.003300649
0,0,0.99388224,0.006117778
0,0,0.95506465,0.044935375
0,0,0.99659,0.0034099664
0,0,0.95837975,0.04162028
0,0,0.99196327,0.008036734
0,0,0.9966834,0.0033165922
0,0,0.9964313,0.0035687063
0,0,0.9962245,0.0037754998
0,0,0.9966928,0.0033072315
0,0,0.995097,0.004903039
0,0,0.9964341,0.0035659298
0,0,0.99666256,0.0033374191
0,0,0.9966738,0.0033262055
0,0,0.99686146,0.0031385617
0,0,0.99668896,0.0033110154
0,0,0.99666065,0.0033393612
0,0,0.99669665,0.0033033704
0,0,0.99668556,0.0033144415
0,0,0.9960605,0.003939516
0,0,0.9961845,0.0038154745
0,0,0.99669164,0.0033083558
0,0,0.9932978,0.0067022
0,0,0.9957425,0.0042574927
0,0,0.9843034,0.01569659
0,0,0.9967299,0.003270087
0,0,0.9966928,0.0033072315
0,0,0.99682295,0.0031770288
0,0,0.99668413,0.0033158641
0,0,0.9966144,0.0033855864
0,0,0.99438393,0.005616097
0,0,0.99668735,0.00331264
0,0,0.9870463,0.012953695
0,0,0.9967002,0.0032997897
0,0,0.99662066,0.003379356
0,0,0.9962024,0.0037976147
0,0,0.9945348,0.0054651857
0,0,0.99442714,0.005572873
0,0,0.99656564,0.0034343742
0,0,0.9969009,0.0030990825
0,0,0.996604,0.0033959844
0,0,0.99667996,0.0033200237
0,0,0.99667275,0.003327244
0,0,0.9963396,0.003660389
0,0,0.9958753,0.0041247047
0,0,0.9966872,0.003312802
0,0,0.9961813,0.003818691
0,0,0.9952286,0.0047714394
0,0,0.9966817,0.0033182949
0,0,0.9862302,0.013769833
0,0,0.9930046,0.0069953566
0,0,0.98992956,0.010070468
0,0,0.99405885,0.005941145
0,0,0.99656343,0.003436544
0,0,0.99669933,0.0033006538
0,0,0.99669665,0.0033033704
0,0,0.9865347,0.013465272
0,0,0.996604,0.0033959844
0,0,0.99668944,0.003310572
0,0,0.99672925,0.003270734
0,0,0.9941909,0.00580911
0,0,0.99669355,0.0033064315
0,0,0.99637604,0.0036239782
0,0,0.9954924,0.004507603
0,0,0.99667853,0.0033214476
0,0,0.9916119,0.008388117
0,0,0.9870498,0.01295016
0,0,0.99668723,0.0033127454
0,0,0.9966928,0.0033072315
0,0,0.97969353,0.020306496
0,0,0.9882616,0.011738436
0,0,0.9940539,0.005946075
0,0,0.996519,0.0034809685
0,0,0.99600685,0.0039931787
0,0,0.99623305,0.0037669651
0,0,0.99665153,0.0033484672
0,0,0.9927129,0.0072870594
0,0,0.9964402,0.0035598509
0,0,0.9966604,0.0033395896
0,0,0.99668944,0.003310572
0,0,0.9960086,0.0039914097
0,0,0.9963368,0.003663211
0,0,0.9966775,0.0033224956
0,0,0.99499464,0.005005352
0,0,0.9932616,0.0067384117
0,0,0.9949488,0.005051174
0,0,0.996106,0.0038939738
0,0,0.996699,0.0033010053
0,0,0.99669665,0.0033033704
0,0,0.994119,0.005880999
0,0,0.99668723,0.0033127924
0,0,0.99580526,0.004194716
0,0,0.9956774,0.004322594
0,0,0.9959488,0.004051216
0,0,0.99669355,0.0033064315
0,0,0.99588853,0.0041114576
0,0,0.9961552,0.0038447764
0,0,0.99609387,0.0039061164
0,0,0.99593705,0.0040629767
0,0,0.9962024,0.0037976147
0,0,0.9964023,0.0035976907
0,0,0.99669665,0.0033033704
0,0,0.9746955,0.0253045
0,0,0.9964948,0.0035051436
0,0,0.9965863,0.0034136483
0,0,0.9954827,0.0045173066
0,0,0.99479705,0.005202925
0,0,0.9888812,0.011118814
0,0,0.9958901,0.0041099177
0,0,0.9937707,0.0062292516
0,0,0.99669665,0.0033033704
0,0,0.9964621,0.003537923
0,0,0.99663645,0.0033635627
0,0,0.99669665,0.0033033704
0,0,0.99667996,0.0033200237
0,0,0.996672,0.0033280442
0,0,0.9964296,0.003570399
0,0,0.99668944,0.003310572
0,0,0.9939678,0.00603225
0,0,0.9960237,0.003976281
0,0,0.9943845,0.005615484
0,0,0.9525782,0.0474218
0,0,0.99657583,0.0034241665
0,0,0.99567705,0.0043229368
0,0,0.9966917,0.0033082862
0,0,0.996687,0.0033129815
0,0,0.99671394,0.0032860832
0,0,0.9968472,0.0031527667
0,0,0.99525857,0.004741436
0,0,0.9966548,0.0033451903
0,0,0.99668384,0.0033161507
0,0,0.9966928,0.0033072315
0,0,0.9928973,0.0071027074
0,0,0.99664676,0.0033532237
0,0,0.99232036,0.0076796347
0,0,0.99450934,0.00549067
0,0,0.9582899,0.0417101
0,0,0.9966834,0.0033165922
0,0,0.9966918,0.003308173
0,0,0.9968198,0.0031802198
0,0,0.9965186,0.0034813758
0,0,0.99398625,0.0060137776
0,0,0.99349356,0.006506458
0,0,0.9966736,0.0033263888
0,0,0.9966872,0.003312802
0,0,0.9856791,0.014320889
0,0,0.9966776,0.003322415
0,0,0.99608195,0.0039180736
0,0,0.99669665,0.0033033704
0,0,0.99665153,0.003348478
1,1,0.0033762455,0.99662375
0,0,0.99638444,0.0036155682
0,0,0.9960684,0.003931557
0,0,0.99637175,0.00362823
0,0,0.9955191,0.0044809
0,0,0.9966461,0.0033539203
0,0,0.9948165,0.005183491
0,0,0.99669176,0.0033082298
0,0,0.99583775,0.0041622696
0,0,0.99657583,0.0034241665
0,0,0.9699532,0.030046808
0,0,0.9966599,0.0033401167
0,0,0.9963901,0.0036099006
0,0,0.9966721,0.003327932
0,0,0.99687266,0.0031273228
0,0,0.9966738,0.0033262055
0,0,0.9966872,0.003312802
0,0,0.99667144,0.0033285536
0,0,0.9930938,0.0069062156
0,0,0.9944767,0.005523303
0,0,0.99666977,0.003330234
0,0,0.99554116,0.004458817
0,0,0.99663365,0.0033663535
0,0,0.9960934,0.003906612
0,0,0.99664116,0.003358841
0,0,0.99643534,0.0035646358
0,0,0.9516969,0.048303124
0,0,0.99667853,0.0033214476
0,0,0.9907696,0.009230391
0,0,0.99381083,0.0061891438
0,0,0.99672043,0.0032795488
0,0,0.9966554,0.0033446182
0,0,0.99645394,0.0035460836
0,0,0.99669665,0.0033033704
0,0,0.99636906,0.0036309634
0,0,0.99668556,0.0033144415
0,0,0.99677044,0.003229536
0,0,0.9961824,0.0038176046
0,0,0.99647224,0.003527742
0,0,0.9962345,0.003765541
0,0,0.99478275,0.005217252
0,0,0.99588364,0.0041163713
0,0,0.99667865,0.0033213526
0,0,0.99665236,0.0033476301
0,0,0.9928951,0.0071048937
0,0,0.9944744,0.005525595
0,0,0.99669665,0.0033033704
0,0,0.9966663,0.0033336766
0,0,0.99672514,0.0032748512
0,0,0.98891217,0.0110878395
0,0,0.8959899,0.104010075
0,0,0.99714595,0.0028540674
0,0,0.99107194,0.008928063
0,0,0.9952264,0.0047736224
0,0,0.99669665,0.0033033704
0,0,0.99508095,0.004919034
0,0,0.9951706,0.0048293984
0,0,0.99669343,0.00330654
0,0,0.9956344,0.004365637
0,0,0.9964562,0.0035437795
0,0,0.92512476,0.07487524
0,0,0.9875647,0.012435346
0,0,0.9966784,0.0033215594
0,0,0.9966752,0.0033248065
0,0,0.99655235,0.003447622
0,0,0.9963435,0.0036564902
0,0,0.9966956,0.003304399
0,0,0.9957511,0.00424891
0,0,0.9964264,0.0035735844
0,0,0.99680495,0.0031950274
0,0,0.9964277,0.0035722824
0,0,0.99350274,0.00649727
0,0,0.9957256,0.0042744405
0,0,0.99668837,0.0033116452
0,0,0.92106247,0.07893754
0,0,0.9966422,0.0033578405
0,0,0.99077725,0.009222728
0,0,0.996612,0.0033880118
0,0,0.9844126,0.015587392
0,0,0.9963005,0.0036994696
0,0,0.9246466,0.07535336
0,0,0.99648124,0.0035187355
0,0,0.99704325,0.002956743
0,0,0.9966794,0.0033205699
0,0,0.99659157,0.003408435
0,0,0.9935096,0.0064904126
0,0,0.9960047,0.0039953035
0,0,0.9966644,0.0033355956
0,0,0.9961546,0.0038453848
0,0,0.9933802,0.006619794
0,0,0.9807038,0.019296253
0,0,0.96873116,0.03126881
0,0,0.99690527,0.0030947074
0,0,0.9967123,0.0032876516
0,0,0.9962257,0.003774264
0,0,0.996342,0.0036580141
0,0,0.9956308,0.004369197
0,0,0.99670357,0.0032964605
0,0,0.9946358,0.005364171
0,0,0.9965344,0.0034655752
0,0,0.9966752,0.0033248065
0,0,0.9965721,0.0034279209
0,0,0.9910525,0.008947497
0,0,0.9950003,0.0049997102
0,0,0.9949022,0.0050977934
0,0,0.9966967,0.0033033027
0,0,0.99599767,0.004002357
0,0,0.9958028,0.0041971966
0,0,0.9959586,0.004041372
0,0,0.9966732,0.0033267697
0,0,0.99367774,0.0063222446
0,0,0.9962725,0.0037274663
0,0,0.99667996,0.0033200237
0,0,0.9966748,0.0033251953
0,0,0.996688,0.0033119929
0,0,0.99669665,0.0033033704
0,0,0.9966785,0.0033215247
0,0,0.9954757,0.0045243194
0,0,0.99668896,0.0033110154
0,0,0.9955842,0.0044158367
0,0,0.9951038,0.0048962506
0,0,0.99668026,0.0033197128
0,0,0.99523956,0.004760427
0,0,0.9966752,0.0033248065
0,0,0.9961996,0.0038003868
0,0,0.9958048,0.004195202
0,0,0.996446,0.003553983
0,0,0.9966274,0.0033726173
0,0,0.9966928,0.0033072315
0,0,0.9964789,0.0035210685
0,0,0.9952721,0.0047279224
0,0,0.9963033,0.0036967024
0,0,0.99668574,0.0033142285
0,0,0.9964539,0.003546099
0,0,0.99070656,0.009293421
0,0,0.9966818,0.0033181766
0,0,0.9965836,0.0034164025
0,0,0.99669355,0.0033064315
0,0,0.9967654,0.0032346072
0,0,0.9966868,0.0033131738
0,0,0.99283916,0.007160846
0,0,0.99669665,0.0033033704
0,0,0.99614125,0.00385874
0,0,0.9967978,0.0032021897
0,0,0.9855732,0.0144267995
0,0,0.9938744,0.0061256345
0,0,0.99669665,0.0033033704
0,0,0.9958434,0.0041565816
0,0,0.9967438,0.0032562006
0,0,0.99557346,0.0044265683
0,0,0.9962223,0.0037776704
0,0,0.99707884,0.0029211836
0,0,0.96818614,0.03181389
0,0,0.996682,0.0033179985
0,0,0.9962336,0.003766439
0,0,0.9940811,0.0059189196
0,0,0.996565,0.0034350436
0,0,0.99669284,0.0033071497
0,0,0.9966719,0.0033281075
0,0,0.9943175,0.0056825574
0,0,0.9968578,0.0031421757
0,0,0.9966872,0.003312802
0,0,0.9966961,0.0033038997
0,0,0.9965388,0.0034611796
0,0,0.9921144,0.007885576
0,0,0.9963044,0.0036956244
0,0,0.9951964,0.004803594
0,0,0.9924946,0.0075054183
0,0,0.96567154,0.03432846
0,0,0.9887741,0.011225882
0,0,0.99669147,0.003308552
0,0,0.9912019,0.008798134
0,0,0.99506414,0.004935875
0,0,0.9966748,0.0033251953
0,0,0.9964246,0.0035753811
0,0,0.9967637,0.0032362954
0,0,0.99314,0.0068599954
0,0,0.99669665,0.0033033704
0,0,0.96909773,0.030902289
0,0,0.9966814,0.0033186183
0,0,0.99678403,0.0032159523
0,0,0.97405165,0.025948346
0,0,0.99614584,0.003854157
0,0,0.9954703,0.004529715
0,0,0.9959636,0.0040364284
0,0,0.9966389,0.0033611164
0,0,0.99664855,0.0033514523
0,0,0.996604,0.0033959844
0,0,0.996672,0.0033280316
0,0,0.99669886,0.0033011544
0,0,0.9967105,0.003289532
0,0,0.9966793,0.0033206753
0,0,0.99669427,0.0033057213
0,0,0.99667317,0.003326841
0,0,0.9966604,0.0033395896
0,0,0.99669665,0.0033033704
0,0,0.99666893,0.0033310698
0,0,0.99679506,0.003204923
0,0,0.9944511,0.0055488776
0,0,0.99250764,0.0074923444
0,0,0.9966241,0.0033758776
0,0,0.99668384,0.0033161507
0,0,0.99258566,0.0074143545
0,0,0.99669665,0.0033033704
0,0,0.9966421,0.0033579168
0,0,0.9963195,0.0036805072
0,0,0.98985523,0.010144791
0,0,0.99625707,0.003742932
0,0,0.99685663,0.0031433501
0,0,0.99638355,0.0036164685
0,0,0.9966936,0.0033063956
0,0,0.992612,0.0073880116
0,0,0.9967707,0.003229344
0,0,0.9965685,0.003431487
0,0,0.9966872,0.003312802
0,0,0.9957615,0.004238479
0,0,0.99610156,0.0038984667
0,0,0.9954686,0.004531384
0,0,0.9950446,0.0049553867
0,0,0.9961553,0.0038446633
0,0,0.9968,0.0031999834
0,0,0.99383324,0.006166768
0,0,0.99668384,0.0033161507
0,0,0.9834006,0.016599389
0,0,0.9966532,0.0033467792
0,0,0.9962528,0.0037472055
0,0,0.9869364,0.013063597
0,0,0.9952426,0.0047574053
0,0,0.9948362,0.005163759
0,0,0.99675155,0.0032484625
0,0,0.9966699,0.003330093
0,0,0.9964558,0.0035441918
0,0,0.9969278,0.003072215
0,0,0.99669147,0.003308552
0,0,0.9966587,0.003341301
0,0,0.9965627,0.0034372546
0,0,0.99651164,0.0034883637
0,0,0.98870003,0.01129998
0,0,0.9890195,0.010980463
0,0,0.99647427,0.0035257163
0,0,0.9963132,0.0036867757
0,0,0.99669665,0.0033033704
0,0,0.8928936,0.10710639
0,0,0.9951064,0.004893584
0,0,0.99527735,0.0047226683
0,0,0.9966834,0.0033165922
0,0,0.9966872,0.003312802
0,0,0.99440944,0.005590561
0,0,0.99583846,0.0041615563
0,0,0.9967024,0.0032976135
0,0,0.9913503,0.008649737
0,0,0.99718535,0.0028146585
0,0,0.99598926,0.0040107295
0,0,0.99531704,0.0046829446
0,0,0.99687773,0.0031222873
0,0,0.9965252,0.0034747499
0,0,0.99669117,0.003308857
0,0,0.9967382,0.003261786
0,0,0.93088716,0.06911284
0,0,0.9965379,0.0034620909
0,0,0.9967033,0.003296664
0,0,0.99527097,0.0047290316
0,0,0.9967776,0.0032224185
0,0,0.99668556,0.0033144415
0,0,0.9940127,0.0059872814
0,0,0.9971661,0.0028339038
0,0,0.9887307,0.011269244
0,0,0.9965871,0.0034129152
0,0,0.9908405,0.009159508
0,0,0.99675006,0.0032499635
0,0,0.99658704,0.0034129703
0,0,0.99625766,0.003742333
0,0,0.99666905,0.0033309336
0,0,0.99670875,0.003291238
0,0,0.98612624,0.013873749
0,0,0.9962789,0.0037210882
0,0,0.99675566,0.0032443255
0,0,0.99551785,0.004482148
0,0,0.9930956,0.006904446
0,0,0.98651004,0.013489948
0,0,0.99331015,0.006689872
0,0,0.9865393,0.013460719
0,0,0.9964039,0.003596098
0,0,0.99669665,0.0033033704
0,0,0.9956456,0.0043544197
0,0,0.99658734,0.0034126833
0,0,0.9878004,0.0121995965
0,0,0.9966509,0.0033491005
0,0,0.99713796,0.0028620646
0,0,0.99653405,0.0034659589
0,0,0.9966587,0.003341301
0,0,0.99674785,0.0032521298
0,0,0.99507827,0.0049217516
0,0,0.99484,0.0051599853
0,0,0.9778709,0.022129128
0,0,0.99622804,0.0037719733
0,0,0.9966555,0.00334448
0,0,0.9965871,0.0034129152
0,0,0.9966928,0.0033072315
0,0,0.996039,0.003961015
0,0,0.9967086,0.0032914444
0,0,0.99668896,0.0033110154
0,0,0.9949538,0.005046218
0,0,0.99604416,0.003955862
0,0,0.99668896,0.0033110154
0,0,0.995088,0.0049119927
0,0,0.99657834,0.003421689
0,0,0.98531866,0.014681316
0,0,0.9966877,0.0033122872
0,0,0.995786,0.004214005
0,0,0.99667794,0.0033220914
0,0,0.90603673,0.093963295
0,0,0.9959946,0.0040053786
0,0,0.990345,0.009654994
0,0,0.9962113,0.0037887136
0,0,0.99668866,0.0033113523
0,0,0.9963331,0.0036669057
0,0,0.9842256,0.015774423
0,0,0.98974645,0.010253556
0,0,0.99668133,0.0033186767
0,0,0.99417216,0.0058278446
0,0,0.9966834,0.0033165922
0,0,0.97994554,0.020054473
0,0,0.99669665,0.0033033704
0,0,0.9966737,0.0033262703
0,0,0.99669665,0.0033033704
0,0,0.99667853,0.0033214788
0,0,0.99635065,0.0036493281
0,0,0.99672294,0.0032770373
0,0,0.9947946,0.005205408
0,0,0.99100506,0.008994932
0,0,0.99663556,0.0033644694
0,0,0.994228,0.0057720067
0,0,0.9966628,0.0033371986
0,0,0.9782884,0.021711564
0,0,0.9920787,0.007921268
0,0,0.99322915,0.0067708474
0,0,0.99665016,0.0033498122
0,0,0.98831236,0.011687638
0,0,0.99660605,0.0033939194
0,0,0.9958246,0.004175402
0,0,0.99668586,0.0033141673
0,0,0.99658006,0.0034199546
0,0,0.9961426,0.003857371
0,0,0.99637854,0.0036214446
0,0,0.9963189,0.0036811049
0,0,0.9966928,0.0033072315
0,0,0.9966752,0.0033248065
0,0,0.9925641,0.0074359286
0,0,0.9865766,0.013423397
0,0,0.996695,0.0033050128
0,0,0.9880906,0.011909449
0,0,0.9963469,0.0036531114
0,0,0.9939984,0.0060015675
0,0,0.9958536,0.004146403
0,0,0.99669147,0.003308552
0,0,0.99664664,0.0033533368
0,0,0.99721575,0.0027842368
0,0,0.9828601,0.017139904
0,0,0.99666935,0.0033306691
0,0,0.981169,0.018831002
0,0,0.996152,0.0038480286
0,0,0.99590755,0.0040924614
0,0,0.99426454,0.005735462
0,0,0.99670225,0.003297742
0,0,0.99663657,0.003363432
0,0,0.99423045,0.0057695364
0,0,0.9961218,0.003878203
0,0,0.9953888,0.0046111937
0,0,0.9957621,0.004237871
0,0,0.9966928,0.0033072315
0,0,0.97585744,0.024142569
0,0,0.99647844,0.0035215858
0,0,0.99545467,0.0045453566
0,0,0.9966713,0.0033287008
0,0,0.99669665,0.0033033704
0,0,0.9903103,0.009689708
0,0,0.99667054,0.0033294393
0,0,0.9952714,0.004728609
0,0,0.99668384,0.0033161507
0,0,0.9955775,0.004422485
0,0,0.9928853,0.0071147294
0,0,0.9966528,0.0033472006
0,0,0.99635077,0.003649219
0,0,0.9967164,0.003283626
0,0,0.99527645,0.004723574
0,0,0.9634802,0.036519814
0,0,0.99486196,0.0051380387
0,0,0.9913264,0.008673611
0,0,0.9965744,0.003425615
0,0,0.99668384,0.0033161507
0,0,0.99504143,0.00495855
0,0,0.9708616,0.029138384
0,0,0.9964117,0.0035883342
0,0,0.9966515,0.003348507
0,0,0.9959519,0.0040480928
0,0,0.9953854,0.004614592
0,0,0.9966627,0.0033373479
0,0,0.9963229,0.0036771318
0,0,0.99588966,0.004110355
0,0,0.9929002,0.0070998026
0,0,0.99489194,0.005108082
0,0,0.9944976,0.0055023734
0,0,0.9966688,0.003331187
0,0,0.9962979,0.0037021174
0,0,0.99655366,0.003446325
0,0,0.9962171,0.0037829536
0,0,0.996749,0.0032509891
0,0,0.99658895,0.0034110523
0,0,0.99656194,0.0034380613
0,0,0.9960339,0.0039660977
0,0,0.99668413,0.0033158641
0,0,0.97708803,0.022911953
0,0,0.9942929,0.0057071056
0,0,0.99669665,0.0033033704
0,0,0.99669147,0.003308552
0,0,0.99676496,0.003235053
0,0,0.9959146,0.004085399
0,0,0.99669147,0.003308552
0,0,0.9774639,0.022536075
0,0,0.9955226,0.0044773743
0,0,0.99353176,0.0064682593
0,0,0.99667287,0.00332713
0,0,0.9966625,0.0033375223
0,0,0.9883674,0.011632593
0,0,0.99668384,0.0033161507
0,0,0.9969229,0.0030770618
0,0,0.9940388,0.0059611704
0,0,0.9600757,0.039924335
0,0,0.9737539,0.026246097
0,0,0.9965627,0.0034372546
0,0,0.9966787,0.0033213133
0,0,0.99523306,0.0047669536
0,0,0.9928938,0.007106165
0,0,0.99669665,0.0033033704
0,0,0.9889029,0.011097103
0,0,0.9966509,0.0033491005
0,0,0.99648565,0.0035143292
0,0,0.9964991,0.0035008925
0,0,0.99598646,0.0040135286
0,0,0.9318736,0.06812636
0,0,0.96759874,0.03240125
0,0,0.9911903,0.008809673
0,0,0.93208647,0.06791351
0,0,0.91879904,0.08120095
0,0,0.99669147,0.003308552
0,0,0.99342185,0.0065781763
0,0,0.99597365,0.0040263333
0,0,0.97974896,0.020251034
0,0,0.9966872,0.003312802
0,0,0.9907965,0.009203507
0,0,0.9949527,0.0050473483
0,0,0.9966896,0.003310386
0,0,0.99662644,0.0033735633
0,0,0.9960794,0.003920607
0,0,0.86749804,0.13250197
0,0,0.99669284,0.0033071497
0,0,0.9944956,0.0055044037
0,0,0.9966739,0.0033261043
0,0,0.9965977,0.0034022713
0,0,0.9960267,0.0039732964
0,0,0.9966872,0.003312802
0,0,0.9959712,0.0040288027
0,0,0.9966875,0.0033125123
0,0,0.99455386,0.005446123
0,0,0.99474347,0.0052565094
0,0,0.9957536,0.00424644
0,0,0.9948781,0.005121877
0,0,0.9965246,0.0034754237
0,0,0.99612725,0.0038727303
0,0,0.99654186,0.0034581232
0,0,0.98328406,0.016715946
0,0,0.9966611,0.003338852
0,0,0.9968466,0.0031533872
0,0,0.9963536,0.0036463921
0,0,0.99665713,0.003342848
0,0,0.9963458,0.0036542031
0,0,0.9966686,0.0033314468
0,0,0.99669665,0.0033033704
0,0,0.9940692,0.0059307627
0,0,0.9965763,0.0034236717
0,0,0.99103326,0.008966762
0,0,0.9962766,0.0037233655
0,0,0.9966907,0.0033093211
0,0,0.9781162,0.021883773
0,0,0.99660665,0.0033933406
0,0,0.99673045,0.003269579
0,0,0.99621046,0.003789533
0,0,0.9965942,0.0034058138
0,0,0.9914273,0.00857271
0,0,0.9876181,0.01238193
0,0,0.9967688,0.0032312388
0,0,0.9956612,0.0043387963
0,0,0.9948784,0.0051215882
0,0,0.99145293,0.008547066
0,0,0.9894734,0.010526618
0,0,0.99514514,0.004854841
0,0,0.9967098,0.003290173
0,0,0.99665475,0.0033452304
0,0,0.99669296,0.003307029
0,0,0.97871035,0.021289652
0,0,0.99670047,0.0032995418
0,0,0.9966834,0.0033165922
0,0,0.9965114,0.003488629
0,0,0.9967119,0.0032880718
0,0,0.96955395,0.030446058
0,0,0.9932385,0.006761487
0,0,0.9932257,0.006774286
0,0,0.9962257,0.0037742585
0,0,0.9960629,0.003937125
0,0,0.9967085,0.003291474
0,0,0.99664915,0.0033508677
0,0,0.99652535,0.003474626
0,0,0.99659276,0.00340725
0,0,0.9966928,0.0033072315
0,0,0.9948337,0.00516628
0,0,0.9967048,0.0032951897
0,0,0.9966485,0.0033515112
0,0,0.99615896,0.0038410584
0,0,0.9961185,0.0038814885
0,0,0.99540085,0.004599178
0,0,0.99669003,0.0033099472
0,0,0.9913824,0.008617576
0,0,0.9954712,0.0045288466
0,0,0.9966785,0.0033215247
0,0,0.9957849,0.0042150994
0,0,0.99645674,0.0035432288
0,0,0.9966872,0.003312802
0,0,0.99665856,0.0033414408
0,0,0.99548286,0.0045171157
0,0,0.99675465,0.0032453465
0,0,0.996832,0.0031679797
0,0,0.99687725,0.0031227742
0,0,0.996651,0.0033490162
0,0,0.9966451,0.0033549196
0,0,0.9958261,0.0041738995
0,0,0.99651057,0.0034894429
0,0,0.9966813,0.003318754
0,0,0.9945506,0.0054494375
0,0,0.99518067,0.0048193596
0,0,0.99657744,0.0034225478
0,0,0.9966283,0.0033717186
0,0,0.99472415,0.005275873
0,0,0.99071884,0.009281188
0,0,0.9946392,0.0053608064
0,0,0.996688,0.0033119929
0,0,0.98863065,0.011369354
0,0,0.996387,0.0036130236
0,0,0.99350864,0.006491347
0,0,0.99380696,0.0061930516
0,0,0.99669284,0.0033071497
0,0,0.996398,0.003602057
0,0,0.9956509,0.0043491223
0,0,0.98309803,0.016901994
0,0,0.9967024,0.0032976135
0,0,0.99669665,0.0033033704
0,0,0.97227484,0.02772518
0,0,0.99650633,0.003493662
0,0,0.992553,0.007446991
0,0,0.96311677,0.036883242
0,0,0.99191976,0.008080262
0,0,0.99635184,0.003648184
0,0,0.99646467,0.00353531
0,0,0.9964534,0.0035465874
0,0,0.9966705,0.0033295155
0,0,0.99669474,0.0033052706
0,0,0.9962553,0.0037446981
0,0,0.9965503,0.0034496672
0,0,0.9966032,0.0033968175
0,0,0.9791482,0.020851806
0,0,0.99668413,0.0033158641
0,0,0.99668854,0.0033114671
0,0,0.99667424,0.0033257594
0,0,0.99442816,0.0055718403
0,0,0.99575824,0.00424175
0,0,0.99645853,0.0035414887
0,0,0.9926881,0.0073118783
0,0,0.99656385,0.0034361407
0,0,0.9964215,0.0035785134
0,0,0.9964427,0.0035573365
0,0,0.9967497,0.0032503016
0,0,0.99377453,0.0062254886
0,0,0.98677105,0.01322897
0,0,0.95122313,0.048776884
0,0,0.9965291,0.0034708967
0,0,0.99517745,0.004822538
0,0,0.9967482,0.0032517617
0,0,0.98850787,0.01149212
0,0,0.9907903,0.0092097055
0,0,0.9934825,0.0065175113
0,0,0.99376106,0.006238938
0,0,0.9966777,0.0033223063
0,0,0.996674,0.0033259715
0,0,0.9966787,0.0033213133
0,0,0.9966559,0.0033441368
0,0,0.99615085,0.0038491534
0,0,0.9966656,0.003334383
0,0,0.9952096,0.0047904225
0,0,0.9966765,0.0033235003
0,0,0.8994183,0.10058169
0,0,0.9931134,0.006886631
0,0,0.9967223,0.003277718
0,0,0.9960106,0.0039893934
0,0,0.9968845,0.0031154617
0,0,0.9966928,0.0033072315
0,0,0.99652475,0.0034752584
0,0,0.9962023,0.0037977032
0,0,0.9958109,0.004189087
0,0,0.99413574,0.0058642374
0,0,0.996688,0.0033119929
0,0,0.9954007,0.0045992895
0,0,0.9966925,0.0033074925
0,0,0.996646,0.0033540048
0,0,0.9957518,0.0042482223
0,0,0.9950506,0.0049493946
0,0,0.9960655,0.0039345175
0,0,0.8978248,0.102175154
0,0,0.99669385,0.0033061644
0,0,0.98621017,0.013789831
0,0,0.9966461,0.0033539203
0,0,0.9966823,0.0033177305
0,0,0.9918527,0.008147293
0,0,0.99669284,0.0033071497
0,0,0.9871189,0.0128810825
0,0,0.9966911,0.003308895
0,0,0.99641484,0.0035851642
0,0,0.99650353,0.0034964704
0,0,0.99669665,0.0033033704
0,0,0.9968723,0.0031276778
0,0,0.99669284,0.0033071497
0,0,0.99670166,0.0032983143
0,0,0.9957636,0.0042363782
0,0,0.9951016,0.0048984024
0,0,0.99668896,0.0033110154
0,0,0.9966911,0.003308895
0,0,0.9965708,0.0034291768
0,0,0.9966872,0.003312802
0,0,0.9965704,0.0034295777
0,0,0.99669003,0.0033099628
0,0,0.9958588,0.004141183
0,0,0.99614745,0.0038525537
0,0,0.992351,0.0076489896
0,0,0.99589396,0.00410603
0,0,0.99165624,0.008343776
0,0,0.99665344,0.0033465694
0,0,0.9961112,0.003888796
0,0,0.9966967,0.0033033027
0,0,0.99669665,0.0033033704
0,0,0.99668896,0.0033110154
0,0,0.98374355,0.016256468
0,0,0.9966512,0.0033488427
0,0,0.993197,0.0068029645
0,0,0.99588424,0.0041157515
0,0,0.9942166,0.005783355
0,0,0.99446595,0.0055340547
0,0,0.996688,0.0033119929
0,0,0.99675894,0.0032410396
0,0,0.9956637,0.0043363064
0,0,0.9966633,0.0033367246
0,0,0.9961659,0.0038341354
0,0,0.9930176,0.006982371
0,0,0.99669665,0.0033033704
0,0,0.9964499,0.0035501332
0,0,0.97606856,0.023931425
0,0,0.99669665,0.0033033704
0,0,0.98488194,0.01511805
0,0,0.9967193,0.0032807149
0,0,0.995352,0.0046479725
0,0,0.9944631,0.0055369367
0,0,0.99639463,0.0036053942
0,0,0.9966783,0.0033217361
0,0,0.9964947,0.0035053068
0,0,0.99561715,0.004382865
0,0,0.9966748,0.0033251953
0,0,0.9958248,0.0041752057
0,0,0.9966658,0.0033342217
0,0,0.9935269,0.0064731
0,0,0.9965824,0.0034176314
0,0,0.9921866,0.007813382
0,0,0.9967239,0.0032761295
0,0,0.99576944,0.004230549
0,0,0.9925723,0.007427715
0,0,0.9966646,0.003335434
0,0,0.99667794,0.003322049
0,0,0.99663055,0.0033694648
1,1,0.006573081,0.9934269
0,0,0.9963932,0.003606801
0,0,0.99427885,0.005721131
0,0,0.99642086,0.0035791104
0,0,0.99672455,0.0032754336
0,0,0.9919246,0.008075395
0,0,0.9966748,0.0033251953
0,0,0.9946576,0.0053424095
0,0,0.9966676,0.0033323618
0,0,0.9962334,0.0037666196
0,0,0.9909686,0.009031441
0,0,0.9964112,0.0035887943
0,0,0.9961279,0.0038721066
0,0,0.9963992,0.0036007995
0,0,0.9813963,0.018603684
0,0,0.99495935,0.0050406675
0,0,0.99492955,0.005070418
0,0,0.9952978,0.0047022183
0,0,0.9967193,0.0032807149
1,1,0.008968234,0.99103177
0,0,0.99482644,0.0051735905
0,0,0.99669665,0.0033033704
0,0,0.9962914,0.0037085759
0,0,0.9958527,0.0041472637
0,0,0.99667543,0.0033245457
0,0,0.99313194,0.0068680826
0,0,0.99637234,0.0036276698
0,0,0.9943296,0.0056704297
0,0,0.9966604,0.0033395896
0,0,0.9966877,0.0033122792
0,0,0.9960329,0.003967085
0,0,0.9914168,0.008583213
0,0,0.9964969,0.0035030837
0,0,0.9926348,0.0073652538
0,0,0.9910943,0.008905709
0,0,0.99649817,0.0035018323
0,0,0.9961178,0.0038822077
0,0,0.9966704,0.0033295676
0,0,0.9928839,0.0071160765
0,0,0.99651796,0.003482031
0,0,0.9965728,0.0034271977
0,0,0.9915034,0.0084965555
0,0,0.9954704,0.004529595
0,0,0.9964267,0.0035733057
0,0,0.99620795,0.0037920212
0,0,0.9957738,0.004226216
0,0,0.9964198,0.003580204
0,0,0.990128,0.009871999
0,0,0.9915039,0.008496086
0,0,0.95964366,0.040356323
0,0,0.98978573,0.01021424
0,0,0.9967429,0.0032570814
0,0,0.9889884,0.011011607
0,0,0.99640244,0.0035975282
0,0,0.9930898,0.006910226
0,0,0.99669665,0.0033033704
0,0,0.99655086,0.0034491266
0,0,0.9966525,0.0033475282
0,0,0.9950338,0.0049662283
0,0,0.99638355,0.0036164685
0,0,0.9966676,0.0033323683
0,0,0.99669665,0.0033033704
0,0,0.99667424,0.0033257531
0,0,0.98964417,0.010355839
0,0,0.9965871,0.0034129152
0,0,0.99575037,0.0042496203
0,0,0.9954435,0.00455646
0,0,0.9966698,0.003330161
0,0,0.9938159,0.0061841276
0,0,0.9965867,0.0034133238
0,0,0.9793917,0.02060828
0,0,0.9900965,0.009903495
0,0,0.99595374,0.0040462343
0,0,0.9822168,0.01778323
0,0,0.9945095,0.005490488
0,0,0.99667865,0.0033213715
0,0,0.99669427,0.0033057213
0,0,0.9966746,0.0033254072
0,0,0.9966928,0.0033072315
0,0,0.9937498,0.0062502003
0,0,0.99687207,0.0031279188
0,0,0.99669594,0.0033040692
0,0,0.9922287,0.007771306
0,0,0.99656343,0.003436544
0,0,0.99669147,0.003308552
0,0,0.99666667,0.0033333374
0,0,0.99669665,0.0033033704
0,0,0.996671,0.003328984
0,0,0.9944484,0.005551604
0,0,0.996665,0.0033350044
0,0,0.99019754,0.009802478
0,0,0.99661505,0.0033849268
0,0,0.9236357,0.076364264
0,0,0.9312509,0.06874915
0,0,0.99526966,0.0047303555
0,0,0.9961693,0.0038306527
0,0,0.99512863,0.0048713847
0,0,0.99615985,0.0038401315
0,0,0.9966928,0.0033072315
0,0,0.99668556,0.0033144415
0,0,0.9933384,0.00666161
0,0,0.9957479,0.0042520566
0,0,0.9966891,0.0033109146
0,0,0.9912593,0.008740727
0,0,0.9966928,0.0033072315
0,0,0.99468493,0.0053150556
0,0,0.9966851,0.0033148918
0,0,0.99640954,0.003590437
0,0,0.99528235,0.004717639
0,0,0.9958035,0.004196505
0,0,0.99361205,0.006387964
0,0,0.9964717,0.0035283186
0,0,0.99577004,0.004229952
0,0,0.9967393,0.0032606854
0,0,0.93101734,0.06898266
0,0,0.9964786,0.003521405
0,0,0.99578255,0.0042174743
0,0,0.99580514,0.004194855
0,0,0.996614,0.0033860288
0,0,0.99378014,0.006219836
0,0,0.9966161,0.003383865
0,0,0.99682975,0.0031702318
0,0,0.99664223,0.0033577704
0,0,0.9967304,0.0032696275
0,0,0.99616736,0.0038326604
0,0,0.9966717,0.003328294
0,0,0.99664956,0.0033504297
0,0,0.99669665,0.0033033704
0,0,0.99485654,0.0051434697
0,0,0.9958758,0.004124221
0,0,0.99667203,0.0033279874
0,0,0.99666995,0.0033300582
0,0,0.9956999,0.0043001026
0,0,0.99533737,0.00466265
0,0,0.9967707,0.003229344
0,0,0.9966824,0.003317606
0,0,0.9967578,0.0032421907
0,0,0.99667144,0.0033285727
0,0,0.99669665,0.0033033704
0,0,0.99669886,0.0033011544
0,0,0.9958387,0.0041612913
0,0,0.9953829,0.0046171155
0,0,0.99588937,0.0041106143
0,0,0.99675304,0.0032469356
0,0,0.99618876,0.0038112248
0,0,0.9969099,0.003090102
0,0,0.9966863,0.0033137028
0,0,0.9959211,0.0040789475
0,0,0.99605346,0.003946516
0,0,0.9618595,0.038140487
0,0,0.99623746,0.0037625618
0,0,0.996671,0.0033289997
0,0,0.9952506,0.004749438
0,0,0.99101675,0.008983225
0,0,0.990408,0.009592
0,0,0.9907712,0.009228804
0,0,0.9965837,0.0034162789
0,0,0.9966737,0.0033262875
0,0,0.99084705,0.009152928
0,0,0.9966749,0.0033251133
0,0,0.9922881,0.0077118604
0,0,0.98952734,0.010472643
0,0,0.91102374,0.08897625
0,0,0.9804292,0.019570826
0,0,0.99667716,0.0033228304
0,0,0.9964549,0.003545105
0,0,0.9966928,0.0033072315
0,0,0.9960478,0.0039522094
0,0,0.9786985,0.021301508
0,0,0.9966283,0.0033717186
0,0,0.99689215,0.003107835
0,0,0.9949166,0.0050833835
0,0,0.99669284,0.0033071497
0,0,0.99658704,0.0034129703
0,0,0.99652874,0.0034712644
0,0,0.9966962,0.0033038494
0,0,0.9950264,0.0049736043
0,0,0.99682933,0.0031706763
0,0,0.9942773,0.0057226857
0,0,0.9966507,0.003349317
0,0,0.996943,0.0030570205
0,0,0.99474084,0.0052591283
0,0,0.9937501,0.006249892
0,0,0.9958889,0.004111087
0,0,0.9966928,0.0033072315
0,0,0.9948518,0.0051481468
0,0,0.9967011,0.0032988943
0,0,0.9937386,0.0062613813
0,0,0.9966229,0.0033771032
0,0,0.99669725,0.0033027348
0,0,0.99526834,0.004731642
0,0,0.9968857,0.0031142726
0,0,0.9967643,0.0032356803
0,0,0.99673086,0.0032691502
0,0,0.99665946,0.0033405595
0,0,0.9943933,0.0056067067
0,0,0.9966928,0.0033072315
0,0,0.99667925,0.0033207468
0,0,0.99633867,0.0036613124
0,0,0.9966799,0.0033201012
0,0,0.9945639,0.005436116
0,0,0.99669725,0.003302733
0,0,0.9878609,0.012139053
0,0,0.9966854,0.0033145894
0,0,0.99614304,0.0038569532
0,0,0.9964324,0.0035675874
0,0,0.995939,0.0040609553
0,0,0.991762,0.008238042
0,0,0.9851644,0.014835592
0,0,0.9963404,0.0036596064
0,0,0.9918121,0.008187898
0,0,0.99669665,0.0033033704
0,0,0.9961702,0.0038297772
0,0,0.99147844,0.008521562
0,0,0.990701,0.009298959
0,0,0.99442524,0.005574763
0,0,0.9943546,0.005645403
0,0,0.9966749,0.0033251164
0,0,0.9952026,0.004797411
0,0,0.5855522,0.41444775
0,0,0.9879149,0.012085085
0,0,0.9953285,0.0046715327
0,0,0.9964184,0.0035816128
0,0,0.9922655,0.0077344878
0,0,0.99667835,0.0033216574
0,0,0.9967577,0.003242337
0,0,0.99453974,0.0054602507
0,0,0.99656105,0.00343896
0,0,0.99474216,0.0052578584
0,0,0.996015,0.0039849584
0,0,0.99675274,0.0032472382
0,0,0.99653417,0.0034658585
0,0,0.9934363,0.0065637296
0,0,0.97303486,0.026965164
0,0,0.9786178,0.021382239
0,0,0.9953868,0.0046132384
0,0,0.99274194,0.0072580655
0,0,0.99669665,0.0033033704
0,0,0.996083,0.003916957
0,0,0.99667996,0.0033200237
0,0,0.99662983,0.0033701502
0,0,0.9965564,0.0034436285
0,0,0.99581134,0.0041886456
0,0,0.99582696,0.0041730334
0,0,0.9968928,0.0031071866
0,0,0.99464226,0.0053577307
0,0,0.9954898,0.004510246
0,0,0.99625087,0.0037491198
0,0,0.99623084,0.003769165
0,0,0.9898571,0.010142923
0,0,0.99665314,0.0033468683
0,0,0.986308,0.013692007
0,0,0.9926074,0.007392562
0,0,0.9968747,0.0031253195
0,0,0.9966851,0.0033149344
0,0,0.99658465,0.0034153324
0,0,0.996095,0.0039049978
0,0,0.9966834,0.0033165922
0,0,0.99665815,0.0033418331
0,0,0.9958871,0.0041129165
0,0,0.9954971,0.0045028944
0,0,0.9966503,0.0033497468
0,0,0.9962368,0.0037632051
0,0,0.99173015,0.00826985
0,0,0.94290584,0.057094153
0,0,0.9961535,0.0038465376
0,0,0.99639016,0.0036098612
0,0,0.9893626,0.01063738
0,0,0.9960675,0.0039324495
0,0,0.9968391,0.003160895
0,0,0.99689496,0.0031050264
0,0,0.9898121,0.010187952
0,0,0.9967063,0.0032937166
0,0,0.9966928,0.0033072315
0,0,0.9877225,0.012277514
0,0,0.9956225,0.004377506
0,0,0.9964085,0.0035914741
0,0,0.9947738,0.0052261907
0,0,0.996566,0.0034339956
0,0,0.98493415,0.01506584
0,0,0.996055,0.0039450093
0,0,0.9961573,0.003842708
0,0,0.99667925,0.0033207468
0,0,0.9966801,0.003319931
0,0,0.99664617,0.003353844
0,0,0.9962304,0.0037695998
0,0,0.994725,0.005274995
0,0,0.99673957,0.003260413
0,0,0.9931104,0.0068895533
0,0,0.9966604,0.0033395896
0,0,0.9861322,0.0138677815
0,0,0.996347,0.0036530194
0,0,0.99669665,0.0033033704
0,0,0.99599,0.004010023
0,0,0.9966907,0.0033093211
0,0,0.9965595,0.0034405047
0,0,0.99561805,0.0043819663
0,0,0.99668896,0.0033110154
0,0,0.9966867,0.0033133326
0,0,0.99478203,0.0052179894
0,0,0.9966548,0.0033451903
0,0,0.996693,0.0033069833
0,0,0.9966752,0.0033248065
0,0,0.9966877,0.0033122778
0,0,0.99660003,0.0033999633
0,0,0.9966836,0.003316378
0,0,0.996221,0.0037790234
0,0,0.99583405,0.0041659595
0,0,0.99667686,0.0033231352
0,0,0.9940809,0.0059191217
0,0,0.99668384,0.0033161507
0,0,0.99535567,0.0046443385
0,0,0.99602914,0.003970889
0,0,0.9913622,0.008637769
0,0,0.9966478,0.003352204
0,0,0.99696183,0.0030381975
0,0,0.99669665,0.0033033704
0,0,0.9959336,0.004066405
0,0,0.9965464,0.0034536235
0,0,0.9960015,0.003998523
0,0,0.9960389,0.0039610905
0,0,0.9923887,0.0076112812
0,0,0.99455684,0.0054431795
0,0,0.99496937,0.005030662
0,0,0.9959417,0.004058279
0,0,0.9966699,0.003330093
0,0,0.9960716,0.003928428
0,0,0.99661463,0.0033853834
0,0,0.9966548,0.0033451903
0,0,0.99615157,0.0038484512
0,0,0.9949212,0.0050787865
0,0,0.99514836,0.0048516174
0,0,0.9926591,0.007340936
0,0,0.9953927,0.004607339
0,0,0.9965638,0.0034361929
0,0,0.99668854,0.0033114578
0,0,0.9966845,0.0033155032
0,0,0.8970045,0.102995545
0,0,0.99669665,0.0033033704
0,0,0.9942647,0.005735272
0,0,0.9961291,0.0038709224
0,0,0.98251694,0.017483065
0,0,0.995585,0.0044149607
0,0,0.99670225,0.0032977639
0,0,0.99668473,0.0033152841
0,0,0.99666715,0.0033328482
0,0,0.9966877,0.003312303
0,0,0.99664277,0.0033572533
0,0,0.99594414,0.0040558786
0,0,0.99661463,0.0033853834
0,0,0.9946312,0.0053688264
0,0,0.9966604,0.0033395896
0,0,0.9966451,0.0033549087
0,0,0.99648476,0.0035152677
0,0,0.9932467,0.00675331
0,0,0.99666756,0.003332463
0,0,0.9911304,0.0088695735
0,0,0.99614954,0.0038504808
0,0,0.99652827,0.0034717396
0,0,0.97407067,0.025929341
0,0,0.99614877,0.003851227
0,0,0.9850828,0.0149171995
0,0,0.9507555,0.049244504
0,0,0.99668413,0.0033158641
0,0,0.9967024,0.0032976135
0,0,0.995688,0.004311989
0,0,0.9966479,0.0033521068
0,0,0.99615574,0.0038442728
0,0,0.99668556,0.0033144415
0,0,0.9964925,0.003507471
0,0,0.99668384,0.0033161507
0,0,0.9966877,0.0033122792
0,0,0.9966928,0.0033072315
0,0,0.99587685,0.0041231774
0,0,0.99666876,0.003331236
0,0,0.99528956,0.0047104172
0,0,0.99715656,0.0028434168
0,0,0.99607944,0.003920562
0,0,0.9956714,0.0043286216
0,0,0.98974717,0.010252859
0,0,0.99547535,0.004524635
0,0,0.9967785,0.003221541
0,0,0.9405647,0.05943532
0,0,0.99519926,0.004800743
0,0,0.99669665,0.0033033704
0,0,0.99603844,0.003961568
0,0,0.99553007,0.004469931
0,0,0.9968857,0.003114292
0,0,0.9966578,0.0033421998
0,0,0.982877,0.017122978
0,0,0.99178755,0.008212431
0,0,0.969768,0.030232
0,0,0.996604,0.0033959844
0,0,0.9928424,0.007157596
0,0,0.99669665,0.0033033704
0,0,0.9926467,0.0073533305
0,0,0.9965023,0.0034977463
0,0,0.9966001,0.0033998857
0,0,0.9966675,0.0033325234
0,0,0.99650794,0.0034920734
0,0,0.9955021,0.004497876
0,0,0.9928248,0.00717518
0,0,0.9796334,0.020366602
0,0,0.99668413,0.0033158641
0,0,0.99673027,0.003269736
0,0,0.99603194,0.003968035
0,0,0.9958736,0.004126415
0,0,0.99540776,0.00459222
0,0,0.9910689,0.008931127
0,0,0.996653,0.003346989
0,0,0.9966842,0.00331579
0,0,0.949493,0.050507013
0,0,0.9916681,0.008331908
0,0,0.9966606,0.003339412
0,0,0.94943297,0.05056704
0,0,0.99669003,0.0033099395
0,0,0.9967941,0.0032058873
0,0,0.9967019,0.0032981322
0,0,0.9958034,0.004196569
0,0,0.9963052,0.0036947518
0,0,0.99371505,0.0062849685
0,0,0.9966633,0.0033367246
0,0,0.995611,0.0043889764
0,0,0.9958853,0.0041146902
0,0,0.99645364,0.0035463448
0,0,0.9935087,0.006491292
0,0,0.99669284,0.0033071497
0,0,0.99663883,0.0033611914
0,0,0.9966675,0.0033325234
0,0,0.99436903,0.005630999
0,0,0.9966644,0.0033355956
0,0,0.99299276,0.0070072184
0,0,0.9950026,0.004997381
0,0,0.995437,0.004562957
0,0,0.99669665,0.0033033704
0,0,0.9966962,0.0033038494
0,0,0.96659815,0.03340184
0,0,0.9954145,0.0045854785
0,0,0.9945051,0.005494866
0,0,0.9966656,0.0033343975
0,0,0.99639547,0.0036045348
0,0,0.99669665,0.0033033704
0,0,0.99644536,0.00355465
0,0,0.99435633,0.00564365
0,0,0.9779714,0.022028623
0,0,0.99615043,0.0038495427
0,0,0.995339,0.0046610306
0,0,0.993033,0.0069669816
0,0,0.99668896,0.0033110154
0,0,0.996688,0.0033119929
0,0,0.99448484,0.0055151554
0,0,0.99672514,0.0032748512
0,0,0.99658704,0.003412949
0,0,0.9965077,0.0034923141
0,0,0.99640346,0.0035965578
0,0,0.99325836,0.006741617
0,0,0.9827107,0.017289275
0,0,0.99670875,0.003291238
0,0,0.9966823,0.0033177305
0,0,0.9966925,0.0033074925
0,0,0.99598956,0.004010457
0,0,0.9965708,0.0034291768
0,0,0.99670804,0.003291942
0,0,0.9966911,0.003308895
0,0,0.9911757,0.008824299
0,0,0.99055964,0.009440337
0,0,0.9966928,0.0033072315
0,0,0.9961718,0.003828235
0,0,0.9967837,0.003216342
0,0,0.9951522,0.0048478018
0,0,0.99504775,0.00495223
0,0,0.99657965,0.003420353
0,0,0.9966758,0.0033242283
0,0,0.9943279,0.005672118
0,0,0.9962015,0.0037984592
0,0,0.99672693,0.0032730806
0,0,0.99675274,0.0032472382
0,0,0.99658424,0.0034157725
0,0,0.99641955,0.0035804708
0,0,0.99648374,0.003516252
0,0,0.9970853,0.002914727
0,0,0.9702493,0.029750692
0,0,0.9956667,0.0043333326
0,0,0.9966784,0.0033216085
0,0,0.99656403,0.0034359428
0,0,0.99668956,0.003310438
0,0,0.9958081,0.0041918866
0,0,0.99664986,0.0033501496
0,0,0.9963617,0.0036383404
0,0,0.9324016,0.06759841
0,0,0.9967649,0.0032350945
0,0,0.9942153,0.0057846927
0,0,0.9940684,0.0059316093
0,0,0.99501127,0.0049887034
0,0,0.9957428,0.0042571938
0,0,0.99106264,0.008937334
0,0,0.99510604,0.004893935
0,0,0.9965435,0.0034564706
0,0,0.996506,0.0034940469
0,0,0.99273485,0.007265171
0,0,0.99486846,0.005131562
0,0,0.9965363,0.0034637
0,0,0.9951829,0.0048171375
0,0,0.99622715,0.0037728641
0,0,0.9966778,0.0033221736
0,0,0.99667853,0.0033214476
0,0,0.99337125,0.006628771
0,0,0.9084977,0.09150234
0,0,0.9966544,0.003345604
0,0,0.99664736,0.0033526565
0,0,0.9965339,0.0034661517
0,0,0.99664456,0.0033554651
0,0,0.995932,0.004067991
0,0,0.99667656,0.0033234179
0,0,0.9928346,0.0071653966
0,0,0.9759058,0.024094198
0,0,0.9949105,0.0050895484
0,0,0.99084944,0.009150545
0,0,0.9931515,0.0068484917
0,0,0.99678934,0.0032106664
0,0,0.9966548,0.0033451903
0,0,0.9948807,0.005119297
0,0,0.99520415,0.004795823
0,0,0.99658704,0.0034129703
0,0,0.982974,0.017025994
0,0,0.99324036,0.006759649
0,0,0.99669665,0.0033033704
0,0,0.99666446,0.0033355386
0,0,0.9960249,0.0039750896
0,0,0.99625087,0.003749118
0,0,0.9966383,0.003361706
0,0,0.99588233,0.004117646
0,0,0.99580586,0.0041941246
0,0,0.9966653,0.0033346876
0,0,0.99628896,0.0037110571
0,0,0.99639434,0.003605677
0,0,0.996682,0.0033179985
0,0,0.9963843,0.0036156971
0,0,0.99648565,0.0035143292
0,0,0.9922425,0.007757504
0,0,0.9949784,0.0050215884
0,0,0.9904213,0.009578696
0,0,0.9898776,0.01012242
0,0,0.99669665,0.0033033704
0,0,0.99626845,0.0037315714
0,0,0.9810669,0.018933123
0,0,0.9966922,0.0033078399
0,0,0.9952297,0.00477026
0,0,0.9966907,0.0033093211
0,0,0.9941302,0.005869786
0,0,0.99666816,0.003331866
0,0,0.9966849,0.0033150902
0,0,0.99667144,0.0033285536
0,0,0.99631816,0.0036818152
0,0,0.99635494,0.0036450394
0,0,0.9969022,0.0030977863
0,0,0.9954559,0.004544073
0,0,0.99674237,0.0032576432
0,0,0.99665576,0.003344256
0,0,0.99552846,0.0044715162
0,0,0.996337,0.003663023
0,0,0.99667925,0.0033207468
0,0,0.9958656,0.004134398
0,0,0.9966962,0.0033038494
0,0,0.99669665,0.0033033704
0,0,0.92049736,0.07950262
0,0,0.99669284,0.0033071497
0,0,0.9965201,0.003479902
0,0,0.99431103,0.005688973
0,0,0.9901872,0.009812763
0,0,0.99559236,0.004407669
0,0,0.9963124,0.003687606
0,0,0.99624693,0.0037530668
0,0,0.99264,0.0073599983
0,0,0.9965286,0.0034713652
0,0,0.99661297,0.0033870281
0,0,0.9965491,0.0034508544
0,0,0.99668354,0.003316463
0,0,0.99668384,0.0033161507
0,0,0.99565077,0.0043492317
0,0,0.99667054,0.0033294393
0,0,0.9966932,0.003306812
0,0,0.9966834,0.0033165922
0,0,0.99669665,0.0033033704
0,0,0.99676454,0.0032354512
0,0,0.978806,0.02119396
0,0,0.99668384,0.0033161507
0,0,0.98653597,0.013464057
0,0,0.9960945,0.003905493
0,0,0.99593323,0.0040667565
0,0,0.99665064,0.003349344
0,0,0.9966439,0.0033561222
0,0,0.9966877,0.0033122792
0,0,0.9922365,0.007763503
0,0,0.9966834,0.0033165922
0,0,0.9967588,0.0032411644
0,0,0.96901715,0.030982839
0,0,0.9952718,0.0047281785
0,0,0.99492633,0.005073674
0,0,0.99667925,0.0033207468
0,0,0.99669755,0.0033024366
0,0,0.99647427,0.0035257163
0,0,0.9954207,0.0045793275
0,0,0.99669665,0.0033033704
0,0,0.99584275,0.0041572507
0,0,0.972906,0.027094029
0,0,0.99669665,0.0033033704
0,0,0.996675,0.0033249613
0,0,0.99666816,0.003331866
0,0,0.99590987,0.0040901126
0,0,0.99610376,0.003896212
0,0,0.99735135,0.0026486763
0,0,0.99505,0.0049500144
0,0,0.99537534,0.004624682
0,0,0.9962049,0.0037950738
0,0,0.9955459,0.004454085
0,0,0.99667317,0.003326841
0,0,0.9966663,0.0033336985
0,0,0.99636716,0.0036328183
0,0,0.99619275,0.0038072187
0,0,0.9966365,0.0033634892
0,0,0.9966748,0.0033251953
0,0,0.99648356,0.0035164107
0,0,0.9966849,0.003315106
0,0,0.99663377,0.0033662189
0,0,0.99669284,0.0033071497
0,0,0.98340815,0.016591871
0,0,0.9956215,0.0043785
0,0,0.99691916,0.003080819
0,0,0.9966869,0.0033131265
0,0,0.9965152,0.0034847981
0,0,0.98767316,0.012326814
0,0,0.9776436,0.022356415
0,0,0.99557114,0.0044288365
0,0,0.9957914,0.004208608
0,0,0.9964084,0.0035915899
0,0,0.995468,0.0045319735
0,0,0.9966811,0.0033189005
0,0,0.9968843,0.0031157297
0,0,0.9907525,0.009247467
0,0,0.9959696,0.004030416
0,0,0.99657077,0.0034292403
0,0,0.9961872,0.0038127787
0,0,0.99609774,0.0039022276
0,0,0.9966752,0.0033248065
0,0,0.99653584,0.003464136
0,0,0.9966661,0.0033338983
0,0,0.9965236,0.00347638
0,0,0.99544805,0.004551948
0,0,0.9921593,0.007840699
0,0,0.9939126,0.006087433
0,0,0.9926836,0.0073164
0,0,0.9966925,0.0033074925
0,0,0.9966928,0.0033072315
0,0,0.99540025,0.004599744
0,0,0.99672514,0.0032748512
0,0,0.9964467,0.0035532755
0,0,0.99457544,0.005424573
0,0,0.99624115,0.003758837
0,0,0.9966928,0.0033072315
0,0,0.996688,0.0033119929
0,0,0.99669665,0.0033033704
0,0,0.9898527,0.010147257
0,0,0.9963439,0.003656103
0,0,0.9966849,0.003315081
0,0,0.99670225,0.003297742
0,0,0.98954767,0.01045231
0,0,0.9917498,0.008250155
0,0,0.99294806,0.0070519457
0,0,0.9969653,0.003034713
0,0,0.9972651,0.0027348853
0,0,0.9966784,0.0033216085
0,0,0.9966532,0.003346814
0,0,0.9966422,0.0033578405
0,0,0.99592406,0.004075925
0,0,0.9965836,0.0034164025
0,0,0.9940004,0.005999653
0,0,0.99529046,0.004709537
0,0,0.9967833,0.0032166832
0,0,0.9959959,0.004004123
0,0,0.99669665,0.0033033704
0,0,0.9945422,0.005457815
0,0,0.9966461,0.0033539203
0,0,0.9966826,0.003317423
0,0,0.9869715,0.013028476
0,0,0.99677616,0.0032238264
0,0,0.9966636,0.0033364184
0,0,0.9965593,0.0034406744
0,0,0.97209543,0.027904572
0,0,0.99656236,0.0034376464
0,0,0.9962743,0.0037257366
0,0,0.996244,0.00375596
0,0,0.99498904,0.0050109383
0,0,0.996577,0.0034229709
0,0,0.99653774,0.0034622338
0,0,0.9945201,0.005479854
0,0,0.99552715,0.004472828
0,0,0.9960357,0.003964284
0,0,0.9960781,0.0039219535
0,0,0.9928899,0.007110116
0,0,0.993056,0.006944006
0,0,0.99669665,0.0033033704
0,0,0.99686646,0.0031335456
0,0,0.99666154,0.003338428
0,0,0.99654454,0.0034554768
0,0,0.9901462,0.009853801
0,0,0.83436877,0.16563123
0,0,0.99655604,0.0034439608
0,0,0.99668384,0.0033161507
0,0,0.99578446,0.004215516
0,0,0.99533033,0.004669657
0,0,0.99665624,0.00334379
0,0,0.99653894,0.0034610624
0,0,0.9820286,0.01797141
0,0,0.99668026,0.003319748
0,0,0.9950211,0.0049789115
0,0,0.99669665,0.0033033704
0,0,0.99643826,0.0035617272
0,0,0.9430711,0.056928903
0,0,0.99678063,0.0032193675
0,0,0.9966995,0.003300516
0,0,0.9966675,0.0033325234
0,0,0.99601704,0.003982981
0,0,0.99670225,0.003297742
0,0,0.99678934,0.0032106664
0,0,0.99365604,0.0063439906
0,0,0.99668944,0.003310572
0,0,0.98846596,0.011534052
0,0,0.9966872,0.003312802
0,0,0.99669284,0.0033071497
0,0,0.99425066,0.0057493607
0,0,0.9966928,0.0033072315
0,0,0.9953737,0.004626274
0,0,0.9958116,0.004188399
0,0,0.9965252,0.0034747845
0,0,0.99304026,0.0069597634
0,0,0.99582654,0.004173434
0,0,0.99668384,0.0033161507
0,0,0.99669147,0.003308552
0,0,0.9960357,0.003964284
0,0,0.9961421,0.00385793
0,0,0.9933732,0.0066267997
0,0,0.9964447,0.003555275
0,0,0.994119,0.005881013
0,0,0.99669296,0.003307029
0,0,0.9947705,0.0052294987
0,0,0.95112276,0.048877217
0,0,0.9962796,0.0037204148
0,0,0.99551415,0.0044858735
0,0,0.99667406,0.0033259557
0,0,0.99650097,0.0034990513
0,0,0.980098,0.019901965
0,0,0.995808,0.00419201
0,0,0.9966807,0.0033193328
0,0,0.996409,0.0035909724
0,0,0.9965617,0.0034383228
0,0,0.99642897,0.0035710249
0,0,0.996688,0.0033119929
0,0,0.79059505,0.20940495
0,0,0.994599,0.005401039
0,0,0.9965532,0.0034467916
0,0,0.9696495,0.030350495
0,0,0.9964417,0.0035582643
0,0,0.9966877,0.0033122792
0,0,0.9923362,0.0076637743
0,0,0.99649453,0.0035054751
0,0,0.9966429,0.0033571222
0,0,0.99644893,0.0035510748
0,0,0.9908466,0.009153421
0,0,0.99669117,0.003308813
0,0,0.9963868,0.0036131456
0,0,0.9966928,0.0033072315
0,0,0.99638873,0.003611273
0,0,0.99620813,0.0037918864
0,0,0.9911555,0.008844516
0,0,0.99669665,0.0033033704
0,0,0.9906548,0.009345157
0,0,0.99581426,0.004185741
0,0,0.99652696,0.003473015
0,0,0.9965683,0.0034316631
0,0,0.99666464,0.0033353863
0,0,0.99687403,0.0031259675
0,0,0.9968544,0.003145565
0,0,0.9919798,0.008020199
0,0,0.9953799,0.004620051
0,0,0.9964213,0.0035787362
0,0,0.9957293,0.004270681
0,0,0.9952885,0.0047115223
0,0,0.9844482,0.0155518
0,0,0.99674135,0.003258659
0,0,0.9911768,0.008823195
0,0,0.9961988,0.003801221
0,0,0.97883266,0.021167362
0,0,0.9950162,0.0049837665
0,0,0.9966691,0.0033308957
0,0,0.99536663,0.0046333647
0,0,0.99073905,0.009260932
0,0,0.9966928,0.0033072315
0,0,0.994434,0.0055659856
0,0,0.9966113,0.0033887217
0,0,0.9946238,0.0053762486
0,0,0.99673104,0.0032689841
0,0,0.9941761,0.005823884
0,0,0.9957417,0.0042582513
0,0,0.9966876,0.0033124194
0,0,0.99252766,0.0074723433
0,0,0.99605405,0.0039459183
0,0,0.99656767,0.0034323593
0,0,0.9966461,0.0033539203
0,0,0.9966736,0.0033264344
0,0,0.9966746,0.0033254072
0,0,0.9964364,0.0035635892
0,0,0.9959642,0.004035754
0,0,0.9966956,0.003304421
0,0,0.99668944,0.003310572
0,0,0.98693246,0.0130675305
0,0,0.99562967,0.0043703197
0,0,0.99639726,0.003602764
0,0,0.99630505,0.0036949518
0,0,0.99669665,0.0033033704
0,0,0.9922841,0.007715857
0,0,0.99169695,0.0083030285
0,0,0.9964916,0.003508393
0,0,0.9963105,0.0036895475
0,0,0.9949185,0.0050814496
0,0,0.99629855,0.003701442
0,0,0.99507105,0.004928954
0,0,0.9945292,0.0054708025
0,0,0.9965314,0.0034685736
0,0,0.98136544,0.01863455
0,0,0.99668944,0.003310572
0,0,0.9967367,0.0032632747
0,0,0.9946935,0.0053064562
0,0,0.9957289,0.0042710807
0,0,0.9841486,0.015851364
0,0,0.9966068,0.0033931888
0,0,0.99677044,0.003229536
0,0,0.9964738,0.0035261852
0,0,0.9967766,0.0032234385
0,0,0.9959315,0.0040685064
0,0,0.9966819,0.0033180742
0,0,0.99621487,0.003785141
0,0,0.99640316,0.003596819
0,0,0.99637705,0.0036229384
0,0,0.99652606,0.003473921
0,0,0.9965513,0.0034487084
0,0,0.9919973,0.008002691
0,0,0.9966745,0.0033255368
0,0,0.99667686,0.0033231352
0,0,0.996546,0.003454001
0,0,0.99612284,0.0038771697
0,0,0.9965664,0.0034335945
0,0,0.996682,0.0033180285
0,0,0.9956432,0.004356823
0,0,0.9947288,0.0052711903
0,0,0.99669147,0.003308552
0,0,0.9935246,0.0064753634
0,0,0.9966928,0.0033072315
0,0,0.9945534,0.005446593
0,0,0.99669665,0.0033033704
0,0,0.99669665,0.0033033704
0,0,0.99694973,0.0030502789
0,0,0.9962295,0.0037704704
0,0,0.9915398,0.00846023
0,0,0.99567634,0.004323641
0,0,0.946323,0.05367701
0,0,0.9966752,0.0033248065
0,0,0.99668187,0.0033181452
0,0,0.99672925,0.0032707541
0,0,0.9967106,0.0032893803
0,0,0.9966883,0.0033116715
0,0,0.99668896,0.0033110154
0,0,0.9955163,0.0044837124
0,0,0.985701,0.014298981
0,0,0.9916702,0.008329785
0,0,0.9953505,0.00464951
0,0,0.9964695,0.003530512
0,0,0.99668604,0.0033139403
0,0,0.9965974,0.003402619
0,0,0.9966823,0.0033177305
0,0,0.9966849,0.003315106
0,0,0.99665415,0.0033458264
0,0,0.9966422,0.0033578405
0,0,0.7961377,0.20386231
0,0,0.9964406,0.0035594364
0,0,0.9931676,0.0068324236
0,0,0.99656343,0.003436544
0,0,0.9581005,0.04189951
0,0,0.9960485,0.003951473
0,0,0.9966692,0.0033308337
0,0,0.99667907,0.0033209405
0,0,0.99636346,0.003636538
0,0,0.9953466,0.0046533714
0,0,0.996646,0.0033540397
0,0,0.9951759,0.0048240917
0,0,0.99685717,0.0031428137
0,0,0.9963206,0.0036793705
0,0,0.9966863,0.0033137028
0,0,0.99667865,0.0033213526
0,0,0.9666403,0.03335971
0,0,0.99629104,0.0037089372
0,0,0.9956812,0.0043187994
0,0,0.97054625,0.02945373
0,0,0.9364174,0.06358261
0,0,0.9945776,0.0054223896
0,0,0.9959869,0.004013115
0,0,0.9966811,0.003318883
0,0,0.99672014,0.0032798715
0,0,0.99669665,0.0033033704
0,0,0.996674,0.0033260172
0,0,0.9942479,0.005752095
0,0,0.9943655,0.0056345006
0,0,0.9958032,0.004196834
0,0,0.9966566,0.0033434092
0,0,0.99103963,0.008960344
0,0,0.99679905,0.0032009403
0,0,0.9966979,0.0033020973
0,0,0.99626106,0.0037389123
0,0,0.9961395,0.003860449
0,0,0.9955705,0.004429492
0,0,0.9966928,0.0033072315
0,0,0.9962657,0.0037342738
0,0,0.9599467,0.04005332
0,0,0.99636745,0.003632554
0,0,0.99671257,0.003287422
0,0,0.98866475,0.011335253
0,0,0.99649256,0.0035074626
0,0,0.99669665,0.0033033704
0,0,0.996011,0.0039889994
0,0,0.9966823,0.0033177193
0,0,0.9966745,0.003325529
0,0,0.9968833,0.0031167488
0,0,0.9965815,0.0034184875
0,0,0.9961872,0.003812804
0,0,0.99513155,0.004868434
0,0,0.99608946,0.00391054
0,0,0.99138576,0.00861424
0,0,0.99637246,0.0036275093
0,0,0.99647963,0.003520386
0,0,0.9966905,0.0033095034
0,0,0.9837261,0.016273918
0,0,0.9966715,0.0033284905
0,0,0.9948313,0.0051686577
0,0,0.9948824,0.0051176194
0,0,0.9966928,0.0033072315
0,0,0.99182725,0.00817276
0,0,0.9966111,0.0033888684
0,0,0.9953321,0.0046678823
0,0,0.99668944,0.003310572
0,0,0.9966984,0.0033015967
0,0,0.996697,0.0033030156
0,0,0.99648285,0.003517126
0,0,0.9958957,0.004104301
0,0,0.99652255,0.0034774274
0,0,0.99492,0.0050799865
0,0,0.9957902,0.004209845
0,0,0.99668944,0.003310572
0,0,0.9966785,0.0033215247
0,0,0.9955818,0.0044182166
0,0,0.9956741,0.004325906
0,0,0.99021393,0.009786057
0,0,0.99658525,0.0034147534
0,0,0.99669284,0.0033071497
0,0,0.99568814,0.0043118354
0,0,0.99647695,0.0035230787
0,0,0.99535614,0.0046438733
0,0,0.9900794,0.009920585
0,0,0.996543,0.003457001
0,0,0.9966706,0.0033294128
0,0,0.99635905,0.003640929
0,0,0.9966783,0.0033217361
0,0,0.98835856,0.011641422
0,0,0.99669623,0.0033037488
0,0,0.9966247,0.0033753063
0,0,0.9956317,0.004368301
0,0,0.99717516,0.0028248697
0,0,0.996282,0.0037180115
0,0,0.9966875,0.0033125232
0,0,0.9968544,0.003145565
0,0,0.9903312,0.009668842
0,0,0.99668384,0.0033161507
0,0,0.99669284,0.0033071497
0,0,0.9964457,0.0035542818
0,0,0.9972078,0.0027921756
0,0,0.996682,0.0033179985
0,0,0.9967572,0.0032428103
0,0,0.99646604,0.003533968
0,0,0.9878566,0.012143384
0,0,0.986448,0.013552029
0,0,0.99666584,0.003334163
0,0,0.99668556,0.0033144415
0,0,0.99517226,0.004827765
0,0,0.9942254,0.0057746456
0,0,0.9966604,0.0033395896
0,0,0.99656665,0.0034333577
0,0,0.9966731,0.0033268677
0,0,0.9966702,0.0033298288
1,1,0.0033762455,0.99662375
0,0,0.99622643,0.003773545
0,0,0.9881445,0.011855511
0,0,0.99525446,0.0047455626
0,0,0.98288023,0.017119784
0,0,0.9946836,0.0053163543
0,0,0.9920617,0.007938336
0,0,0.99624866,0.0037513147
0,0,0.9959057,0.0040943003
0,0,0.99671453,0.003285454
0,0,0.99669284,0.0033071497
0,0,0.99669796,0.003302036
0,0,0.99669665,0.0033033704
0,0,0.99647045,0.0035295512
0,0,0.9927407,0.007259303
0,0,0.996707,0.0032929934
0,0,0.99664366,0.003356355
0,0,0.99664617,0.003353844
0,0,0.9967016,0.0032983862
0,0,0.9967135,0.0032864516
0,0,0.9964651,0.0035349152
0,0,0.9932044,0.006795568
0,0,0.9956974,0.004302596
0,0,0.9947959,0.00520406
0,0,0.99667853,0.0033214476
0,0,0.9781903,0.021809679
0,0,0.99620473,0.0037952866
0,0,0.9893184,0.010681657
0,0,0.99607915,0.0039208434
0,0,0.9966604,0.0033395896
0,0,0.9968183,0.0031817092
0,0,0.9927645,0.0072355545
0,0,0.99669665,0.0033033704
0,0,0.9967853,0.003214713
0,0,0.9967003,0.0032997378
0,0,0.98863345,0.011366552
0,0,0.99669665,0.0033033704
0,0,0.9915334,0.008466601
0,0,0.9965505,0.0034495264
0,0,0.99599737,0.004002606
0,0,0.99669665,0.0033033704
0,0,0.99589795,0.0041020266
0,0,0.9966984,0.0033015967
0,0,0.9966963,0.0033037127
0,0,0.996589,0.0034109922
0,0,0.9966702,0.0033298212
0,0,0.9966667,0.0033332584
0,0,0.99669665,0.0033033704
0,0,0.9911832,0.0088168
0,0,0.9966548,0.0033451903
0,0,0.9951256,0.0048744
0,0,0.9952655,0.0047345217
0,0,0.99666816,0.003331814
0,0,0.99669665,0.0033033704
0,0,0.9967173,0.0032827256
0,0,0.9966776,0.0033224039
0,0,0.9966878,0.003312163
0,0,0.99659294,0.0034070765
0,0,0.99655277,0.0034472158
0,0,0.99658704,0.0034129703
0,0,0.996521,0.0034790176
0,0,0.9959894,0.0040106075
0,0,0.99675274,0.0032472382
0,0,0.996682,0.0033179985
0,0,0.99668974,0.0033102809
0,0,0.99352366,0.006476369
0,0,0.9967187,0.0032813046
0,0,0.9960432,0.0039567975
0,0,0.9966825,0.003317494
0,0,0.996722,0.0032780264
0,0,0.9966577,0.0033423
0,0,0.9944115,0.0055884994
0,0,0.9967009,0.0032991013
0,0,0.83382523,0.16617478
0,0,0.99667317,0.003326841
0,0,0.9912604,0.00873957
0,0,0.9968487,0.0031512687
0,0,0.94304764,0.05695235
0,0,0.99667853,0.0033214476
0,0,0.99662197,0.0033780183
0,0,0.9966651,0.0033349062
0,0,0.9965522,0.0034477483
0,0,0.99669284,0.0033071497
0,0,0.99667925,0.0033207468
0,0,0.98770386,0.012296164
0,0,0.9959835,0.0040165125
0,0,0.99662864,0.0033713789
0,0,0.9952731,0.004726915
0,0,0.99598205,0.004017932
0,0,0.995257,0.0047429684
0,0,0.99640524,0.0035947452
0,0,0.99657834,0.003421689
0,0,0.9965417,0.0034583302
0,0,0.99532485,0.0046751658
0,0,0.99669886,0.0033011544
0,0,0.99290776,0.007092223
0,0,0.8321762,0.16782382
0,0,0.9961567,0.003843296
0,0,0.9960369,0.0039631077
0,0,0.99666035,0.0033396499
0,0,0.9792406,0.020759383
0,0,0.9952664,0.00473365
0,0,0.9964393,0.003560693
0,0,0.9966664,0.0033336307
0,0,0.99620557,0.0037944196
0,0,0.99612236,0.0038776651
0,0,0.9966476,0.0033524144
0,0,0.99644566,0.0035543495
0,0,0.99669284,0.0033071497
0,0,0.99621326,0.003786749
0,0,0.9967161,0.003283913
0,0,0.9970549,0.0029451333
0,0,0.9966825,0.003317494
0,0,0.9909168,0.009083192
0,0,0.99613875,0.0038612282
0,0,0.98956084,0.010439169
0,0,0.9955048,0.0044951993
0,0,0.9966518,0.0033481647
0,0,0.9916108,0.00838918
0,0,0.99633735,0.003662668
0,0,0.9966928,0.0033072315
0,0,0.99524194,0.0047580893
0,0,0.9966928,0.0033072315
0,0,0.99581176,0.0041882675
0,0,0.99435604,0.005643977
0,0,0.9966084,0.0033916284
0,0,0.99663633,0.0033636508
0,0,0.9967247,0.0032752901
0,0,0.9935566,0.00644336
0,0,0.9935734,0.006426556
0,0,0.9967445,0.0032554686
0,0,0.9531497,0.046850342
0,0,0.99665266,0.003347317
