actual,predicted,probability
0,0,0.0036406487
0,0,0.003745561
0,0,0.0041251904
0,0,0.0040142317
0,0,0.005918378
0,0,0.0037591709
0,0,0.014228103
0,0,0.0038953589
0,0,0.003919637
0,0,0.0042480873
0,0,0.006305374
0,0,0.0058321506
0,0,0.0043230397
0,0,0.054675557
0,0,0.0042601074
0,0,0.0039373217
0,0,0.09594864
0,0,0.02774652
0,0,0.00416377
0,0,0.005021231
0,0,0.0039978125
0,0,0.003975197
0,0,0.0041501597
0,0,0.013011527
0,0,0.0042410456
0,0,0.0038822778
0,0,0.0038630352
0,0,0.008337403
0,0,0.004121087
0,0,0.003926298
0,0,0.0036052316
0,0,0.003737014
0,0,0.0041524107
0,0,0.0040903613
0,0,0.007108083
0,0,0.011438099
0,0,0.0036624083
0,0,0.0060802507
0,0,0.00538046
0,0,0.004890666
0,0,0.004138906
0,0,0.0056839017
0,0,0.003670278
0,0,0.00821023
0,0,0.006086028
0,0,0.0038292354
0,0,0.005423961
0,0,0.0044997446
0,0,0.003644546
0,0,0.0068812747
0,0,0.0035717867
0,0,0.0040731886
0,0,0.0044700094
0,0,0.019841963
0,0,0.0045772307
0,0,0.0050101844
0,0,0.006824249
0,0,0.0036643804
0,0,0.010690999
0,0,0.003715104
0,0,0.0036615212
0,0,0.018172864
0,0,0.0071256002
0,0,0.0035843314
0,0,0.014328536
0,0,0.007031664
0,0,0.0039552436
0,0,0.003913134
0,0,0.023566196
0,0,0.00501908
0,0,0.019412503
0,0,0.003643774
0,0,0.006324542
0,0,0.0041346294
0,0,0.0036070202
0,0,0.048050467
0,0,0.0041368883
0,0,0.005071346
0,0,0.01130856
0,0,0.0037784637
0,0,0.009993209
0,0,0.004103566
0,0,0.004296674
0,0,0.0071256044
0,0,0.016292999
0,0,0.004023747
0,0,0.008541399
0,0,0.007396353
0,0,0.0038284408
0,0,0.0145670045
0,0,0.003909738
0,0,0.0048359917
0,0,0.00460177
0,0,0.0048097894
0,0,0.00924603
0,0,0.02154373
0,0,0.0037558668
0,0,0.0062302523
0,0,0.0052643595
0,0,0.0039382363
0,0,0.0036947692
0,0,0.004628378
0,0,0.004243906
0,0,0.0036546201
0,0,0.0062736054
0,0,0.0061566993
0,0,0.004126223
0,0,0.0065126317
0,0,0.0037002587
0,0,0.0036178415
0,0,0.0037255436
0,0,0.0038312604
0,0,0.0044790045
0,0,0.004012915
0,0,0.0105869835
0,0,0.004410105
0,0,0.0050276937
0,0,0.073189385
0,0,0.004244587
0,0,0.0038790891
0,0,0.0036619212
0,0,0.0036187733
0,0,0.0040610554
0,0,0.0047999457
0,0,0.0043534217
0,0,0.0038745368
0,0,0.0035999017
0,0,0.0051336824
0,0,0.011749904
0,0,0.0074063293
0,0,0.0048591075
0,0,0.0036754818
0,0,0.0037327574
0,0,0.0040297727
0,0,0.003715734
0,0,0.004433622
0,0,0.005612482
0,0,0.023241589
0,0,0.003615998
0,0,0.0047634505
0,0,0.005077242
0,0,0.042267554
0,0,0.011229075
0,0,0.004716522
0,0,0.0048782225
0,0,0.0046324725
0,0,0.00775466
0,0,0.005510374
0,0,0.0046582464
0,0,0.003735933
0,0,0.0047943867
0,0,0.009539541
0,0,0.004295536
0,0,0.0038608834
0,0,0.0037251047
0,0,0.0077226292
0,0,0.013820974
0,0,0.0059176176
0,0,0.003636517
0,0,0.0036205915
0,0,0.003688878
0,0,0.0037418122
0,0,0.0036448196
0,0,0.0037726187
0,0,0.011576566
0,0,0.0037190628
0,0,0.00968473
0,0,0.03416023
0,0,0.008083469
0,0,0.014246949
0,0,0.0048036217
0,0,0.0049529984
0,0,0.0036112578
0,0,0.033318866
0,0,0.003961299
0,0,0.0071260794
0,0,0.003640194
0,0,0.010260643
0,0,0.007094994
0,0,0.01739748
0,0,0.0048868684
0,0,0.009294088
0,0,0.00657213
0,0,0.0036584924
0,0,0.04714778
0,0,0.004895953
0,0,0.00651207
0,0,0.0042060167
0,0,0.0039955615
0,0,0.004060614
0,0,0.010129924
0,0,0.004447347
0,0,0.0037105158
0,0,0.005241056
0,0,0.0038476707
0,0,0.003891814
0,0,0.0039069606
0,0,0.005415466
0,0,0.041580983
0,0,0.00842339
0,0,0.0046524084
0,0,0.0037219347
0,0,0.0063814116
0,0,0.004912284
0,0,0.0045137997
0,0,0.0034601926
0,0,0.004032974
0,0,0.0043526734
0,0,0.007272331
0,0,0.0038670357
0,0,0.0046480587
0,0,0.003672415
0,0,0.007112257
0,0,0.005455861
0,1,0.52316517
0,0,0.1052294
0,0,0.008824454
0,0,0.003797265
0,0,0.0056769312
0,0,0.0038180854
0,0,0.003643774
0,0,0.009053951
0,0,0.0039034549
0,0,0.0049302317
0,0,0.0046915
0,0,0.003989979
0,0,0.0036004593
0,0,0.005017873
0,0,0.010424387
0,0,0.0059481557
0,0,0.004457478
0,0,0.004065486
0,0,0.0037414213
0,0,0.0037025816
0,0,0.0045479247
0,0,0.0039719604
0,0,0.0037550908
0,0,0.0044426965
0,0,0.0058882236
0,0,0.004456862
0,0,0.007181113
0,0,0.0036947639
0,0,0.00551086
0,0,0.0033785386
0,0,0.0035773711
0,0,0.0043655643
0,0,0.0070659295
0,0,0.0038163026
0,0,0.0038139126
0,0,0.0073322365
0,0,0.0054643825
0,0,0.009421655
0,0,0.003802411
0,0,0.0036589163
0,0,0.0046290765
0,0,0.0046908036
0,0,0.0038304215
0,0,0.005228472
0,0,0.003643774
0,0,0.0046686023
0,0,0.04161595
0,0,0.02357222
0,0,0.0036544257
0,0,0.0042023216
0,0,0.005103468
0,0,0.0037993488
0,0,0.0063075973
0,0,0.008894958
0,0,0.0036739158
0,0,0.0040508253
1,1,0.9935622
0,0,0.003763538
0,0,0.0039482224
0,0,0.004084445
0,0,0.0043702284
0,0,0.003985899
0,0,0.005142821
0,0,0.006305473
0,0,0.0046971953
0,0,0.0037743808
0,0,0.003659419
0,0,0.015708072
0,0,0.0036461393
0,0,0.0036342149
0,0,0.004025727
0,0,0.005544522
0,0,0.003700962
0,0,0.0036629115
0,0,0.027178993
0,0,0.0069727865
0,0,0.003622582
0,0,0.0036118238
0,0,0.00669391
0,0,0.0042489264
0,0,0.0040515144
0,0,0.013825596
0,0,0.012557568
0,0,0.0037853767
0,0,0.009542038
0,0,0.00653306
0,0,0.007055175
0,0,0.0038436847
0,0,0.0047616176
0,0,0.0040142317
0,0,0.025031123
0,0,0.0060172784
0,0,0.0077644587
0,0,0.0140665835
0,0,0.0037462784
0,0,0.0039448445
0,0,0.004677214
0,0,0.0040593916
0,0,0.0036355047
0,0,0.0043288767
0,0,0.013470551
0,0,0.0036584924
0,0,0.0038120197
0,0,0.0059367623
0,0,0.003867789
0,0,0.006071416
0,1,0.79757756
0,0,0.0036836574
0,0,0.0040901555
0,0,0.022286678
0,0,0.009726777
0,0,0.0037359684
0,0,0.0043563843
1,1,0.9961075
0,0,0.0051836674
0,0,0.005364683
0,0,0.0060867
0,0,0.006288141
0,0,0.011269617
0,0,0.00418521
0,0,0.009538789
0,0,0.0127705755
0,0,0.008496572
0,0,0.003653245
0,0,0.00367152
0,0,0.0074489615
0,0,0.0057736593
0,0,0.00381915
0,0,0.004137456
0,0,0.0061154095
0,0,0.0036094752
0,0,0.0036584924
0,0,0.003833585
0,0,0.0038484728
0,0,0.0036019923
0,0,0.0053538694
0,0,0.013989215
0,0,0.0058033075
0,0,0.004543536
0,0,0.004324569
0,0,0.0036258348
0,0,0.0038809227
0,0,0.0050258236
0,0,0.01626099
0,0,0.013071941
0,0,0.011924001
0,0,0.0043817502
0,0,0.004749798
0,0,0.005713842
0,0,0.0036048924
0,0,0.0040901555
0,0,0.06786221
0,0,0.0036620712
0,0,0.007707724
0,0,0.003932838
0,0,0.0044986918
0,0,0.006858007
0,0,0.0039023703
0,0,0.0043751895
0,0,0.0038782177
0,0,0.003643774
0,0,0.33962885
0,0,0.0045973365
0,0,0.0048364047
0,0,0.003643774
0,0,0.0037183508
0,0,0.0042184573
0,0,0.0036402352
0,0,0.036485393
0,0,0.0038250778
0,0,0.0071162623
0,0,0.0065107746
0,0,0.0035542042
0,0,0.0041048834
0,0,0.0054928316
0,0,0.0046962276
0,0,0.0040104836
0,0,0.005882789
0,0,0.009149871
0,0,0.003656084
0,0,0.0038733056
0,0,0.012267167
0,0,0.0058377213
0,0,0.005589713
0,0,0.0036716175
0,0,0.003793677
0,0,0.005099523
0,0,0.014810315
0,0,0.0060822223
0,0,0.0034030748
0,0,0.007645364
0,0,0.0043806974
0,0,0.0046019647
0,0,0.0054423376
0,0,0.0037435456
0,0,0.009302222
0,0,0.006607266
0,0,0.0070968987
0,0,0.011742172
0,0,0.004536129
0,0,0.0147794
0,0,0.0039926823
0,0,0.01614416
0,0,0.004975868
0,0,0.005090104
0,0,0.017589444
0,0,0.0045488486
0,0,0.0040106303
0,0,0.0045511294
0,0,0.0038760977
0,0,0.003729675
0,0,0.0036348607
0,0,0.07403238
0,0,0.0041048834
0,0,0.0044638473
0,0,0.0080258725
0,0,0.014853173
0,0,0.0056194556
0,0,0.008244371
0,0,0.0060518947
0,0,0.011119811
0,0,0.0037447037
0,0,0.0036584924
0,0,0.0036376074
0,0,0.003746661
0,0,0.0034772705
0,0,0.004351514
0,0,0.008425143
0,0,0.003873641
0,0,0.029123422
0,0,0.0067947055
0,0,0.0036398135
0,0,0.003967873
0,0,0.005002299
0,0,0.015091549
0,0,0.0037077374
0,0,0.0040420606
0,0,0.0219753
0,0,0.015072174
0,0,0.005092411
0,0,0.0037183508
0,0,0.004342982
0,0,0.0038058462
0,0,0.004880927
0,0,0.011150611
0,0,0.003643774
0,0,0.046181366
0,0,0.003643774
0,0,0.004153965
0,0,0.007372844
0,0,0.0037918377
0,0,0.0047190455
0,0,0.0036428792
0,0,0.003762519
0,0,0.013041845
0,0,0.0062791226
0,0,0.005465515
0,0,0.03192019
0,0,0.003644191
0,0,0.005595327
0,0,0.012619279
0,0,0.0037682967
0,0,0.011170529
0,0,0.003993585
0,0,0.005928933
0,0,0.014576611
0,0,0.0056220777
0,0,0.004232369
0,0,0.003897952
0,0,0.0036325406
0,0,0.005128977
0,0,0.0035847812
0,0,0.003662337
0,0,0.0044246083
0,0,0.006559807
0,0,0.004937702
0,0,0.0036641837
0,0,0.005817921
0,0,0.0057712267
0,0,0.0036187733
0,0,0.0044501983
0,0,0.005197076
0,0,0.0035987266
0,0,0.010121726
0,0,0.005564471
0,0,0.0036431937
0,0,0.0037184411
0,0,0.004655046
0,0,0.0041362243
0,0,0.0050566746
0,0,0.00516454
0,0,0.0061293365
0,0,0.0036504692
0,0,0.0036614344
0,0,0.0036704298
0,0,0.025270395
0,0,0.0065402747
0,0,0.00361238
0,0,0.019200116
0,0,0.008825809
0,0,0.008375137
0,0,0.003673774
0,0,0.003916501
0,0,0.005093464
0,0,0.011800669
0,0,0.010787773
0,0,0.01470237
0,0,0.0055596787
0,0,0.0038964048
0,0,0.003723939
0,0,0.0041341074
0,0,0.016960058
0,0,0.1795362
0,0,0.0044008982
0,0,0.0037332682
0,0,0.0037703232
0,0,0.004227549
0,0,0.004195995
0,0,0.004387826
0,0,0.0044307355
0,0,0.005165028
0,0,0.008678881
0,0,0.0040679523
0,0,0.004062699
0,0,0.005904706
0,0,0.0041321684
0,0,0.0048422124
0,0,0.006511379
0,0,0.0071598324
0,0,0.0042497194
0,0,0.0049809013
0,0,0.0037818577
0,0,0.0042639524
0,0,0.006950252
0,0,0.0036946798
0,0,0.015426348
0,0,0.0048579015
0,0,0.011598658
0,0,0.003643774
0,0,0.003566401
0,0,0.0046370015
0,0,0.022095153
0,0,0.004332956
0,0,0.0048982208
0,0,0.0036852993
0,0,0.0038479464
0,0,0.0039306865
0,0,0.0038926827
0,0,0.004333166
0,0,0.0142885
0,0,0.0047019836
0,0,0.0065157237
0,0,0.006568884
0,0,0.0066126855
0,0,0.0050009247
0,0,0.0040691444
0,0,0.0055162176
0,0,0.00451946
0,0,0.0050636344
0,0,0.0036432873
0,0,0.00362983
0,0,0.0037171517
0,0,0.0037074906
0,0,0.015877994
0,0,0.0034540913
0,0,0.010635082
0,0,0.0036753544
0,0,0.004374629
0,0,0.0042420523
0,0,0.008991383
0,0,0.0063027935
0,0,0.0040055118
0,0,0.003936278
0,0,0.0039192927
0,0,0.02549107
0,0,0.007463334
0,0,0.0044174325
0,0,0.0061879563
0,0,0.0036871138
0,0,0.0036986382
0,0,0.0040329085
0,0,0.0047850357
0,0,0.0055148704
0,0,0.0041023423
0,0,0.0035442812
0,0,0.004650422
0,0,0.0051561217
0,0,0.0042090015
0,0,0.004857689
0,0,0.0069767004
0,0,0.006147041
0,0,0.0065686475
0,0,0.008044599
0,0,0.0040326444
0,0,0.0037821142
0,0,0.007886249
0,0,0.006055737
0,0,0.013255663
0,0,0.0040567145
0,0,0.0035921277
0,0,0.004009718
0,0,0.0036314325
0,0,0.004466179
0,0,0.0047086184
0,0,0.004875103
0,0,0.004057605
0,0,0.014058464
0,0,0.0038920674
0,0,0.006793773
0,0,0.0036581757
0,0,0.0038726933
0,0,0.0036170238
0,0,0.004207483
0,0,0.03140033
0,0,0.0037388557
0,0,0.0046308674
0,0,0.003751935
0,0,0.0036892388
0,0,0.003643774
0,0,0.0062492047
0,0,0.0044976007
0,0,0.003643774
0,0,0.0067179156
0,0,0.0037239762
0,0,0.0052905604
0,0,0.0041052145
0,0,0.006643422
0,0,0.008432025
0,0,0.0054889414
0,0,0.009885216
0,0,0.0037574086
0,0,0.004145962
0,0,0.0088279
0,0,0.0073146964
0,0,0.03222196
0,0,0.0036932426
0,0,0.007462162
0,0,0.0058019217
0,0,0.003766004
0,0,0.0040901243
0,0,0.0064940355
0,0,0.005433106
0,0,0.004805165
0,0,0.005150922
0,0,0.0049869902
0,0,0.004567031
0,0,0.06648625
0,0,0.0039424063
0,0,0.00721783
0,0,0.004017413
0,0,0.015540357
0,0,0.0036518932
0,0,0.009551281
0,0,0.0040171
0,0,0.0044609345
0,0,0.0062111947
0,0,0.0041507035
0,0,0.0052450155
0,0,0.0038933705
0,0,0.0036535782
0,0,0.0036288782
0,0,0.003750944
0,0,0.008062243
0,0,0.0039927713
0,0,0.0072712814
0,0,0.0035541703
0,0,0.006637301
0,0,0.0035956572
0,0,0.0041729244
0,0,0.0044133347
0,0,0.004117298
0,0,0.007824853
0,0,0.0039686775
0,0,0.0040216395
0,0,0.0038429657
0,0,0.018082624
0,0,0.0075374153
0,0,0.0040949634
0,0,0.004954014
0,0,0.0039423797
0,0,0.0038225313
0,0,0.0036878001
0,0,0.09576235
0,0,0.004713488
0,0,0.00546417
0,0,0.0062546474
0,0,0.0037637793
0,0,0.0070732934
0,0,0.0042989263
0,0,0.0050585507
0,0,0.007876912
0,0,0.003685667
0,0,0.0035712149
0,0,0.0038942862
0,0,0.0078572715
0,0,0.0043602223
0,0,0.007011288
0,0,0.014451778
0,0,0.0041579
0,0,0.0052571604
0,0,0.018028455
0,0,0.0036562732
0,0,0.004820064
0,0,0.0059810868
0,0,0.006354225
0,0,0.01009639
0,0,0.0036233137
0,0,0.003996317
0,0,0.006625346
0,0,0.015129861
0,0,0.0036603403
0,0,0.0125497235
0,0,0.008498199
0,0,0.015439926
0,0,0.0037730488
0,0,0.0076136696
0,0,0.0037841343
0,0,0.0036860297
0,0,0.0038946338
0,0,0.0041761794
0,0,0.031805377
0,0,0.0038758658
0,0,0.004057616
0,0,0.0036199067
0,0,0.004683125
0,0,0.0061512287
0,0,0.027066365
0,0,0.003970842
0,0,0.008014503
0,0,0.0053246263
0,0,0.004703421
0,0,0.0037949134
0,0,0.0045415456
0,0,0.005203066
0,0,0.0037596137
0,0,0.006384654
0,0,0.007074954
0,0,0.0042097713
0,0,0.0062005166
0,0,0.004804474
0,0,0.004178816
0,0,0.003806007
0,0,0.03433362
0,0,0.021663062
0,0,0.005240355
0,0,0.0037966573
0,0,0.0057250895
0,0,0.011399559
0,0,0.0039570946
0,0,0.0079228375
0,0,0.0036406212
0,0,0.0045611793
0,0,0.045506388
0,0,0.0036563985
0,0,0.0038565889
0,0,0.0037876554
0,0,0.0062236246
0,0,0.00642567
0,0,0.01775965
0,0,0.0039012895
0,0,0.0038443296
0,0,0.0057393005
0,0,0.004475481
0,0,0.004674116
0,0,0.014152227
0,0,0.0045901216
0,0,0.004194465
0,0,0.009808636
0,0,0.004725834
0,0,0.0058020367
0,0,0.02569262
0,0,0.0082577
0,0,0.004316905
0,0,0.00624885
0,0,0.0044856477
0,0,0.006078951
0,0,0.031840976
0,0,0.043777987
0,0,0.004200195
0,0,0.012214206
0,0,0.0042232894
0,0,0.0072971904
0,0,0.0038406663
0,0,0.0037926247
0,0,0.0042024613
0,0,0.005210339
0,0,0.009368861
0,0,0.034749866
0,0,0.006851252
0,0,0.01549069
0,0,0.079353265
0,0,0.004117845
0,0,0.0038371233
0,0,0.0052039837
0,0,0.0038019994
0,0,0.047772396
0,0,0.004153953
0,0,0.004056963
0,0,0.004790764
0,0,0.030516991
0,0,0.0041763973
0,0,0.0046598073
0,0,0.006899024
0,0,0.0037887911
0,0,0.004376777
0,0,0.009769658
0,0,0.0037772036
0,0,0.0044277646
0,0,0.0040250695
0,0,0.008804631
0,0,0.005531313
0,0,0.0037773887
0,0,0.007055676
0,0,0.008649938
0,0,0.0037642566
0,0,0.0063410364
0,0,0.0037447445
0,0,0.0053143324
0,0,0.004357549
0,0,0.004179147
0,0,0.005460924
0,0,0.005458972
0,0,0.0043950332
0,0,0.0035282066
0,0,0.0066589285
0,0,0.0050153076
0,0,0.007481006
0,0,0.040576786
0,0,0.0058160597
0,0,0.025248088
0,0,0.014128761
0,0,0.0036347362
0,0,0.006152779
0,0,0.009480441
0,0,0.0044648945
0,0,0.013416383
0,0,0.0037444565
0,0,0.0053695417
0,0,0.004281746
0,0,0.004641584
0,0,0.0036199067
0,0,0.0037555208
0,0,0.0037418122
0,0,0.0038457538
0,0,0.005303799
0,0,0.0073016514
0,0,0.0036711954
0,0,0.003960353
0,0,0.004464913
0,0,0.003767133
0,0,0.0036428792
0,0,0.008437114
0,0,0.004909972
0,0,0.0037710578
0,0,0.013531863
0,0,0.0064080125
0,0,0.0053337053
0,0,0.004232329
0,0,0.003898563
0,0,0.0046321996
0,0,0.0043064565
0,0,0.004046959
0,0,0.0041269423
0,0,0.0052087205
0,0,0.0034862375
0,0,0.009571714
0,0,0.004973547
0,0,0.0036226371
0,0,0.104817234
0,0,0.0036445856
0,0,0.007120869
0,0,0.0076800236
0,0,0.0036414529
0,0,0.0038286005
0,0,0.0045047114
0,0,0.008775371
0,0,0.0052735815
0,0,0.0039974484
0,0,0.0036852993
0,0,0.006469032
0,0,0.005105507
0,0,0.0046783886
0,0,0.0064570135
0,0,0.010044955
0,0,0.0057134596
0,0,0.007347179
0,0,0.005366026
0,0,0.0037447037
0,0,0.0036460874
0,0,0.014342206
0,0,0.003643774
0,0,0.004824767
0,0,0.008925904
0,0,0.0049534636
0,0,0.0036199067
0,0,0.025351582
0,0,0.0036469416
0,0,0.0059669176
0,0,0.0048084427
0,0,0.006412301
0,0,0.0069397325
0,0,0.0038203984
0,0,0.0040252646
0,0,0.004082744
0,0,0.0047332617
0,0,0.0036508525
0,0,0.013866321
0,0,0.005310422
0,0,0.006917078
0,0,0.12571293
0,0,0.0037388962
0,0,0.003741823
0,0,0.0038413047
0,0,0.0044065453
0,0,0.032655384
0,0,0.0055045267
0,0,0.003951511
0,0,0.007001985
0,0,0.0055404822
0,0,0.0039083934
0,0,0.0036172043
0,0,0.37940493
0,0,0.003918267
0,0,0.0045689167
0,0,0.005107234
0,0,0.0041915923
0,0,0.017112149
0,0,0.029430946
0,0,0.004982426
0,0,0.003643774
0,0,0.00763768
0,0,0.0059541953
0,0,0.0051622163
0,0,0.008613976
0,0,0.0040294454
0,0,0.003908746
0,0,0.004684267
0,0,0.0036540194
0,0,0.010810104
0,0,0.0037505748
0,0,0.0039937384
0,0,0.10939317
0,0,0.0053439937
0,0,0.007358414
0,0,0.0037866968
0,0,0.0037337365
0,0,0.0037082569
0,0,0.0077838534
0,0,0.0048618196
0,0,0.0040024556
0,0,0.007042116
0,0,0.0042095934
0,0,0.0038997908
0,0,0.003623164
0,0,0.0043572425
0,0,0.003940863
0,0,0.008056194
0,0,0.005479428
0,0,0.0036191654
0,0,0.0035836943
0,0,0.005652547
0,0,0.004657278
0,0,0.0038567558
0,0,0.004116627
0,0,0.003643774
0,0,0.012178767
0,0,0.009154718
0,0,0.0051636095
0,0,0.0048182667
0,0,0.004088705
0,0,0.0054514045
0,0,0.0040238537
0,0,0.003919935
0,0,0.006119663
0,0,0.005804342
0,0,0.0038289719
0,0,0.04922264
0,0,0.016581083
0,0,0.004636491
0,0,0.018797966
0,0,0.016426483
0,0,0.0037183508
0,0,0.0038501755
0,0,0.013971539
0,0,0.10383586
0,0,0.0036815107
0,0,0.0039103655
0,0,0.003706068
0,0,0.0061447746
0,0,0.003624219
0,0,0.003923632
0,0,0.0036437323
0,0,0.0044030007
0,0,0.003615998
0,0,0.010491016
0,0,0.010831515
0,0,0.0035197136
0,0,0.0037063002
0,0,0.019559484
0,0,0.0058597857
0,0,0.007510286
0,0,0.004106985
0,0,0.004529612
0,0,0.2573834
0,0,0.0036450864
0,0,0.0036356726
0,0,0.006547448
0,0,0.0054933736
0,0,0.0039083096
0,0,0.0042430256
0,0,0.003802373
0,0,0.008824895
0,0,0.0076402035
0,0,0.0037402818
0,0,0.0035847812
0,0,0.0045177694
0,0,0.0039074523
0,0,0.0044635995
0,0,0.004298216
0,0,0.0061880145
0,0,0.015071403
0,0,0.0037100383
0,0,0.005367411
0,0,0.0040595015
0,0,0.0052592806
0,0,0.0038112537
0,0,0.008025262
0,0,0.0048387833
0,0,0.007753578
0,0,0.0037488097
0,0,0.21264175
0,0,0.003774255
0,0,0.006986003
0,0,0.0058399993
0,0,0.0052227336
0,0,0.01535559
0,0,0.016883187
0,0,0.010554726
0,0,0.013219917
0,0,0.0038326746
0,0,0.004298378
0,1,0.73038447
0,0,0.019863082
0,0,0.004363948
0,0,0.0037596477
0,0,0.08685824
0,0,0.0060724868
0,0,0.005985165
0,0,0.0034781646
0,0,0.004707957
0,0,0.0071227704
0,0,0.0044223443
0,0,0.0068367873
0,0,0.0036117532
0,0,0.00662673
0,0,0.0054669823
0,0,0.004667063
0,0,0.008119781
0,0,0.0041812076
0,0,0.008381737
0,0,0.01484868
0,0,0.0043125027
0,0,0.009090422
0,0,0.003957698
0,0,0.0037761775
0,0,0.01386979
0,0,0.0037205524
0,0,0.005157959
0,0,0.0036445856
0,0,0.0041648457
0,0,0.0053967475
0,0,0.0049562003
0,0,0.004802869
0,0,0.003624219
0,0,0.0035724891
0,0,0.0049603195
0,0,0.0049245735
0,0,0.003954414
0,0,0.003611918
0,0,0.006796769
0,0,0.0034356508
0,0,0.0037154867
0,0,0.00382158
0,0,0.0036450515
0,0,0.006428316
0,0,0.007997915
0,0,0.036903217
0,0,0.005964393
0,0,0.0647677
0,0,0.013066719
0,0,0.003914638
0,0,0.0037700494
0,0,0.0037506926
0,0,0.007561584
0,0,0.0040599257
0,0,0.003765251
0,0,0.01246828
0,0,0.003622059
0,0,0.0071345763
0,0,0.0036655331
0,0,0.004093377
0,0,0.0039154035
0,0,0.017710067
0,0,0.003643774
0,0,0.004877072
0,0,0.008860465
0,0,0.0131138945
0,0,0.0039313347
0,0,0.026068922
0,0,0.0060599083
0,0,0.0048063146
0,0,0.0047493135
0,0,0.0046058325
0,0,0.0042963047
0,0,0.0039015182
0,0,0.0035396097
0,0,0.0050635235
0,0,0.0054038083
0,0,0.0039773025
0,0,0.005355914
0,0,0.026590029
0,0,0.016748441
0,0,0.005421958
0,0,0.0055150115
0,0,0.0068722013
0,0,0.003951154
0,0,0.011545071
0,0,0.0040756306
0,0,0.0036934353
0,0,0.003418736
0,0,0.10766951
0,0,0.003632252
0,0,0.0071746837
0,0,0.0037691449
0,0,0.0036584924
0,0,0.0039135427
0,0,0.05046174
0,0,0.0044353
0,0,0.0076610884
0,0,0.011373032
0,0,0.0050052805
0,0,0.00551594
0,0,0.06163546
0,0,0.00375145
0,0,0.0038354995
0,0,0.005504991
0,0,0.02899691
0,0,0.0035713932
0,0,0.020282311
0,0,0.0037138811
0,0,0.0085360985
0,0,0.003944217
0,0,0.0070762276
0,0,0.007450728
0,0,0.0038319593
0,0,0.022770545
0,0,0.006627041
0,0,0.0053311433
0,0,0.004093758
0,0,0.023860304
0,0,0.022295788
0,0,0.0045819953
0,0,0.003894645
0,0,0.0061580064
0,0,0.0038701885
0,0,0.006399472
0,0,0.003995108
0,0,0.003875078
0,0,0.003965802
0,0,0.0072633345
0,0,0.0037608445
1,1,0.9746368
0,0,0.003651749
0,0,0.027942706
0,0,0.0040060007
0,0,0.0046321643
0,0,0.011597159
0,0,0.0045122937
0,0,0.010032932
0,0,0.0050550723
0,0,0.00419291
0,0,0.0037331707
0,0,0.0044404655
0,0,0.0036934353
0,0,0.009378368
0,0,0.013149834
0,0,0.005228829
0,0,0.003644728
0,0,0.00717377
0,0,0.0041107065
0,0,0.0054947906
0,0,0.0044925986
0,0,0.003700677
0,0,0.0036620048
0,0,0.07196111
0,0,0.005103792
0,0,0.0053538163
0,0,0.004538048
0,0,0.03245231
0,0,0.0036004388
0,0,0.0036569734
0,0,0.0036201302
0,0,0.0060450663
0,0,0.01171362
0,0,0.0039159856
0,0,0.0040877806
0,0,0.004704502
0,0,0.005584674
0,0,0.03883098
0,0,0.0046351687
0,0,0.0103562055
0,0,0.0067312187
0,0,0.003615998
0,0,0.004325916
0,0,0.008433986
0,0,0.0036546201
0,0,0.0036572914
0,0,0.008707251
0,0,0.0049432316
0,0,0.0035565745
0,0,0.007917959
0,0,0.003577298
0,0,0.0047662975
0,0,0.0036187733
0,0,0.007589536
0,0,0.010586654
0,0,0.003643774
0,0,0.011632588
0,0,0.01579131
0,0,0.004541171
0,0,0.014848806
0,0,0.005434812
0,0,0.0058215796
0,0,0.0036283368
0,0,0.00793111
0,0,0.015447758
0,0,0.0044759717
0,0,0.003888152
0,0,0.0065167425
0,0,0.004418127
0,0,0.0043055243
0,0,0.0047443393
0,0,0.00386165
0,0,0.0067912475
0,0,0.0036820336
0,0,0.0045378073
0,0,0.003746182
0,0,0.005797841
0,0,0.0037450131
0,0,0.016483821
0,0,0.0040668338
0,0,0.005552749
0,0,0.0053897183
0,0,0.011222983
0,0,0.007278027
0,0,0.003643774
0,0,0.008075735
0,0,0.0034998197
0,0,0.003735738
0,0,0.0048211394
0,0,0.006559733
0,0,0.0047960775
0,0,0.0037428825
0,0,0.0049586208
0,0,0.4294696
0,0,0.0056165066
0,0,0.0049788738
0,0,0.008223477
0,0,0.0065584183
0,0,0.0036320328
0,0,0.0042001074
0,0,0.0036258348
0,0,0.0052380613
0,0,0.0036258348
0,0,0.0041648615
0,0,0.0042250967
0,0,0.0040979907
0,0,0.0043857414
0,0,0.0048370427
0,0,0.004391532
0,0,0.004133132
0,0,0.0045944066
0,0,0.0036582681
0,0,0.0041953777
0,0,0.004417481
0,0,0.040423207
0,0,0.016460663
0,0,0.008203694
0,0,0.0050960258
0,0,0.009340461
0,0,0.004383198
0,0,0.0059126103
0,0,0.0065034498
0,0,0.0056191627
0,0,0.0041287867
0,0,0.003643774
0,0,0.0038369407
0,0,0.003011566
0,0,0.2399402
0,0,0.01241534
0,0,0.009709402
0,0,0.0036001564
0,0,0.0037639868
0,0,0.00837482
0,0,0.009272253
0,0,0.0041266447
0,0,0.009747996
0,0,0.0034079363
0,0,0.003593734
0,0,0.0050270637
0,0,0.0036022286
0,0,0.008284845
0,0,0.0036258348
0,0,0.004972179
0,0,0.004417661
0,0,0.0036290437
0,0,0.010046804
0,0,0.004970082
0,0,0.004375019
0,0,0.009939262
0,0,0.00497894
0,0,0.005661497
0,0,0.005222382
0,0,0.020954303
0,0,0.006404592
0,0,0.031709414
0,0,0.0039814473
0,0,0.004300041
0,0,0.004021953
0,0,0.0038179965
0,0,0.003906441
0,0,0.14567718
0,0,0.003873641
0,0,0.0047043925
0,0,0.011589188
0,0,0.01047087
0,0,0.02832034
0,0,0.02910662
0,0,0.003899854
0,0,0.003643774
0,0,0.0036841738
0,0,0.004093377
0,0,0.0041471417
0,0,0.018323548
0,0,0.0045349044
0,0,0.003611872
0,0,0.032256044
0,0,0.0070258365
0,0,0.042550236
0,0,0.0064306674
0,0,0.0037599157
0,0,0.0054725925
0,0,0.003951605
0,0,0.0037552656
0,0,0.003671949
0,0,0.0041336464
0,0,0.012514106
0,0,0.013912417
0,0,0.008172632
0,0,0.021974664
0,0,0.007268408
0,0,0.0114018265
0,0,0.004105047
0,0,0.005045974
0,0,0.0040250695
0,0,0.007157422
0,0,0.0044164867
0,0,0.0045180037
0,0,0.0039843395
0,0,0.0043454817
0,0,0.0068756
0,0,0.005082276
0,0,0.0038177553
0,0,0.00479088
0,0,0.00395496
0,0,0.0037688194
0,0,0.004127648
0,0,0.0040542167
0,0,0.0078045195
0,0,0.0074942876
0,0,0.003854589
0,0,0.007456746
0,0,0.0039396468
0,0,0.0036984766
0,0,0.005917775
0,0,0.0038851188
0,0,0.0050217835
0,0,0.0038438584
0,0,0.0058103856
0,0,0.0037835087
0,0,0.004235811
0,0,0.0035981813
0,0,0.032922003
0,0,0.0035355904
0,0,0.0077466546
0,0,0.004972226
0,0,0.005101176
0,0,0.0038180996
0,0,0.0077972226
0,0,0.008086888
0,0,0.005331371
0,0,0.027401531
0,0,0.008445439
0,0,0.003817737
0,0,0.038185928
0,0,0.0054844893
0,0,0.003818468
0,0,0.0078050806
0,0,0.005718121
0,0,0.0038390225
0,0,0.0037587995
0,0,0.0036391388
0,0,0.004088596
0,0,0.006273962
0,0,0.004415227
0,0,0.004567412
0,0,0.003824925
0,0,0.0043763635
0,0,0.004862837
0,0,0.0051771924
0,0,0.0050302153
0,0,0.0057864287
0,0,0.0035782298
0,0,0.0037900712
0,0,0.0057461807
0,0,0.006506473
0,0,0.010489997
0,0,0.007049582
0,0,0.014810504
0,0,0.006117334
0,0,0.0039001207
0,0,0.0038936667
0,0,0.0045719845
0,0,0.012649457
0,0,0.004465827
0,0,0.0040877806
0,0,0.003721251
0,0,0.0042377803
0,0,0.004155113
0,0,0.009711438
0,0,0.06492635
0,0,0.0036324558
0,0,0.0049053314
0,0,0.0047464566
0,0,0.01526626
0,0,0.00572102
0,0,0.0037183508
0,0,0.007943831
0,0,0.0040468643
0,0,0.0036486918
0,0,0.005136226
0,0,0.0043355203
0,0,0.00423807
0,0,0.006673779
0,0,0.0043287883
0,0,0.0038229907
0,0,0.003643774
0,0,0.0040129474
0,0,0.003990373
0,0,0.03297772
0,0,0.008102294
0,0,0.015535019
0,0,0.004507687
0,0,0.004119999
0,0,0.004419343
0,0,0.0036076563
0,0,0.021284511
0,0,0.0069785705
0,0,0.003906367
0,0,0.0063810097
0,0,0.0059462925
0,0,0.0058080032
0,0,0.004525943
0,0,0.0065598693
0,0,0.0060499995
0,0,0.004817517
0,0,0.003643774
0,0,0.0045629092
0,0,0.0040063416
0,0,0.0036467821
0,0,0.02888489
0,0,0.0034587444
0,0,0.0067303483
0,0,0.0057802545
0,0,0.0044729663
0,0,0.0037641905
0,0,0.006527083
0,0,0.016202059
0,0,0.024800777
0,0,0.016808799
0,0,0.0042405683
0,0,0.0039750915
0,0,0.0037351274
0,0,0.01564956
0,0,0.00444442
0,0,0.0039541544
0,0,0.0037258358
0,0,0.00537134
0,0,0.0073762643
0,0,0.0038826338
0,0,0.0035542042
0,0,0.003651749
0,0,0.0045199962
0,0,0.099817425
0,0,0.007673089
0,0,0.005137673
0,0,0.06944901
0,0,0.0051905625
0,0,0.0036463453
0,0,0.013069597
0,0,0.0046703843
0,0,0.009422478
0,0,0.00613489
0,0,0.0038794721
0,0,0.0037310608
0,0,0.0036622693
0,0,0.004877512
0,0,0.0039438517
0,0,0.0036273215
0,0,0.017568108
0,0,0.03852864
0,0,0.006529409
0,0,0.003356433
0,0,0.021257285
0,0,0.007994326
0,0,0.0040433644
0,0,0.004337919
0,0,0.0036033324
0,0,0.15088162
0,0,0.034701314
0,0,0.004735324
0,0,0.005347779
0,0,0.009080922
0,0,0.003643774
0,0,0.17985468
0,0,0.0067867134
0,0,0.0042454074
0,0,0.0055207233
0,0,0.03067118
0,0,0.004958357
0,0,0.009719958
0,0,0.0040612947
0,0,0.0038735617
0,0,0.0036798967
0,0,0.004299451
0,0,0.0038463313
0,0,0.003763195
0,0,0.0046908283
0,0,0.04256884
0,0,0.0036881051
0,0,0.0063106585
0,0,0.005202172
0,0,0.007952784
0,0,0.0074254232
0,0,0.0041905274
0,0,0.009858417
0,0,0.0046981894
0,0,0.0043323496
0,0,0.0036062456
0,0,0.02524852
0,0,0.005482516
0,0,0.0036931934
0,0,0.0044490383
0,0,0.007268635
0,0,0.0036272528
0,0,0.0038047617
0,0,0.0062424005
0,0,0.01771785
0,0,0.0039470205
0,0,0.003787512
0,0,0.0107327625
0,0,0.005440503
0,0,0.0066297976
0,0,0.0069271415
0,0,0.005444398
0,0,0.0048377155
0,0,0.0036730447
0,0,0.0033806874
0,0,0.0050155595
0,0,0.0064586196
0,0,0.0045207087
0,0,0.004711828
0,0,0.0037465023
0,0,0.0057457443
0,0,0.006392814
0,0,0.0041733566
0,0,0.0046600397
0,0,0.0036780268
0,0,0.0045032618
0,0,0.0037552656
0,0,0.004988765
0,0,0.0037617916
0,0,0.0052653635
0,0,0.0036546201
0,0,0.003825143
0,0,0.01071254
0,0,0.006559807
0,0,0.0037455256
0,0,0.006375588
0,0,0.003935712
0,0,0.0040666275
0,0,0.005737616
0,0,0.0084184455
0,0,0.00490714
0,0,0.004985727
0,0,0.02465873
0,0,0.0042115124
0,0,0.00463256
0,0,0.0037646198
0,0,0.0046037408
0,0,0.0038597905
0,0,0.0043016155
0,0,0.0065635247
0,0,0.007207587
0,0,0.007856926
0,0,0.0041763973
0,0,0.0037564235
0,0,0.003832551
0,0,0.025874505
0,0,0.004403235
0,0,0.0044449726
0,0,0.0037447037
0,0,0.0076567857
0,0,0.004696065
0,0,0.0045806975
0,0,0.0038153585
0,0,0.0131365685
0,0,0.003591445
0,0,0.0037435794
0,0,0.0055171642
0,0,0.0039042246
0,0,0.0039413874
0,0,0.034510456
0,0,0.024902277
0,0,0.005363474
0,0,0.007258883
0,0,0.04913628
0,0,0.0037856067
0,0,0.0046553775
0,0,0.003912422
0,0,0.0055547454
0,0,0.004422149
0,0,0.010414554
0,0,0.004367322
0,0,0.0039185425
0,0,0.0058421646
0,0,0.006689156
0,0,0.0048878123
0,0,0.0037345807
0,0,0.0038869
0,0,0.005329106
0,0,0.006148171
0,0,0.059164982
0,0,0.029087262
0,0,0.0058623226
0,0,0.0068543353
0,0,0.004967953
0,0,0.006780227
0,0,0.014319831
0,0,0.010472703
0,0,0.005158605
0,0,0.00853513
0,0,0.013096077
0,0,0.009850168
0,0,0.07271539
0,0,0.0040680952
0,0,0.033619363
0,0,0.0059109065
0,0,0.0048349984
0,0,0.004449573
0,0,0.0042843292
0,0,0.012884715
0,0,0.008959548
0,0,0.0036339231
0,0,0.009079952
0,0,0.0051164785
0,0,0.0038694537
0,0,0.012943091
0,0,0.003997845
0,0,0.003726652
0,0,0.0036888006
0,0,0.003635973
0,0,0.004810506
0,0,0.0050782226
0,0,0.0040143556
0,0,0.0036320915
0,0,0.003643774
0,0,0.0064748693
0,0,0.004794366
0,0,0.0037666035
0,0,0.0043756384
0,0,0.0037867473
0,0,0.007623338
0,0,0.004847334
0,0,0.014280168
0,0,0.0042308965
0,0,0.008401005
0,0,0.0048113004
0,0,0.0041886177
0,0,0.0035992688
0,0,0.007206014
0,0,0.0036657003
0,0,0.015932836
0,0,0.0060591614
0,0,0.0036837328
0,0,0.0038580894
0,0,0.0057048495
0,0,0.00560003
0,0,0.0040235254
0,0,0.0055704187
0,0,0.0037544132
0,0,0.0038703855
0,0,0.0037327574
0,0,0.0061495057
0,0,0.07656159
0,0,0.005117151
0,0,0.00386499
0,0,0.00829034
0,0,0.0037687335
0,0,0.004103338
0,0,0.0062073315
0,0,0.0041180504
0,0,0.0035781171
0,0,0.005376843
0,0,0.004048929
0,0,0.0037879148
0,0,0.003562746
0,0,0.0035842427
0,0,0.003649023
0,0,0.0043259817
0,0,0.0055209487
0,0,0.0038226093
0,0,0.006237859
0,0,0.041250862
0,0,0.00841774
0,0,0.008101531
0,0,0.0043243105
0,0,0.018668437
0,0,0.0039429152
0,0,0.0038500107
0,0,0.0036027986
0,0,0.0064556827
0,0,0.011256936
0,0,0.003888152
0,0,0.009140296
0,0,0.003643343
0,0,0.0065132985
0,0,0.0051956074
0,0,0.0047286944
0,0,0.0036320328
0,0,0.0036466452
0,0,0.0042599235
0,0,0.004154113
0,0,0.05013618
0,0,0.0036748198
0,0,0.0077674054
0,0,0.0036568118
0,0,0.0053368052
0,0,0.0052344203
0,0,0.0037327574
0,0,0.004164438
0,0,0.009254385
0,0,0.008843826
0,0,0.004136682
0,0,0.0072873738
0,0,0.004078324
0,0,0.0036199412
0,0,0.0055791154
0,0,0.01405773
0,0,0.0037861338
0,0,0.0036486504
0,0,0.0059661823
0,0,0.00361472
0,0,0.14951259
0,0,0.010033515
0,0,0.006462278
0,0,0.0077524916
0,0,0.011141823
0,0,0.0036480955
0,0,0.0047805803
0,0,0.0035690062
0,0,0.01023989
0,0,0.003851024
0,0,0.004366047
0,0,0.0045321025
0,0,0.0039099287
0,0,0.0037801063
0,0,0.03166401
0,0,0.0047508464
0,0,0.0060416632
0,0,0.004481929
0,0,0.0036723276
0,0,0.0047311797
0,0,0.003670866
0,0,0.0037580193
0,0,0.0077029695
0,0,0.006253658
0,0,0.0036729784
0,0,0.013841722
0,0,0.004426493
0,0,0.0059039504
0,0,0.0046591153
0,0,0.007688226
0,0,0.0036427095
0,0,0.0063403635
0,0,0.003738035
0,0,0.0053589684
0,0,0.005056696
0,0,0.0043358863
0,0,0.011395442
0,0,0.025860362
0,0,0.006031918
0,0,0.0039480254
0,0,0.004281196
0,0,0.003918935
0,0,0.0052641598
0,0,0.004738993
0,0,0.008245299
0,0,0.0037556386
0,0,0.008231651
0,0,0.010402682
0,0,0.0038111885
0,0,0.0048390906
0,0,0.0037811678
0,0,0.0069889077
0,0,0.00406328
0,0,0.0047413013
0,0,0.0037252763
0,0,0.0037859143
0,0,0.004715833
0,0,0.005215604
0,0,0.0038091019
0,0,0.0043818937
0,0,0.011334435
0,0,0.010249739
0,0,0.053918343
0,0,0.005778572
0,0,0.0039267847
0,0,0.007899627
0,0,0.00418339
0,0,0.0080151325
0,0,0.08044282
0,0,0.39731368
0,0,0.00507312
0,0,0.027079294
0,0,0.003652747
0,0,0.0069431076
0,0,0.0072590383
0,0,0.01157517
0,0,0.0064986763
0,0,0.0038485918
0,0,0.0036348416
0,0,0.0046771895
0,0,0.003734448
0,0,0.019184021
0,0,0.008117242
0,0,0.004762492
0,0,0.005058472
0,0,0.013033666
0,0,0.0144924335
0,0,0.0054576825
0,0,0.0058816597
0,0,0.012349173
0,0,0.004343083
0,0,0.005785897
0,0,0.0037367994
0,0,0.008021493
0,0,0.019146286
0,0,0.0038561767
0,0,0.0041228286
0,0,0.006089436
0,0,0.007240821
0,0,0.005887671
0,0,0.0040306933
0,0,0.008087944
0,0,0.004751471
0,0,0.0043497463
0,0,0.005610023
0,0,0.0071239513
0,0,0.0057623824
0,0,0.07736047
0,0,0.0050203186
0,0,0.0036794809
0,0,0.0056241495
0,0,0.0036687683
0,0,0.0068571568
0,0,0.0039027114
0,0,0.0038118747
0,0,0.0067058317
0,0,0.0038785106
0,0,0.0068652765
0,0,0.00518029
0,0,0.010306817
0,0,0.004732976
0,0,0.0038420619
0,0,0.006328952
0,0,0.0063302927
0,0,0.026892174
0,0,0.0045120153
0,0,0.0063194497
0,0,0.0068254354
0,0,0.0040687677
0,0,0.004150481
0,0,0.0037350154
0,0,0.003643774
0,0,0.0038978374
0,0,0.00535754
0,0,0.0060083326
0,0,0.0041269423
0,0,0.0037088948
0,0,0.122424714
0,0,0.0036428792
0,0,0.0040062387
0,0,0.0068100593
0,0,0.0037194039
0,0,0.0036237766
0,0,0.003873766
0,0,0.010032984
0,0,0.004168134
0,0,0.0077995947
0,0,0.0038165783
0,0,0.0038424034
0,0,0.008619178
0,0,0.005090133
0,0,0.004512722
0,0,0.007579024
0,0,0.020618327
0,0,0.0073937103
0,0,0.00350951
0,0,0.0039851703
0,0,0.017112205
0,0,0.0042796186
0,0,0.0039851214
0,0,0.012607937
0,0,0.01274514
0,0,0.0058214357
0,0,0.0042704013
0,0,0.0058996286
0,0,0.0036584924
0,0,0.008174731
0,0,0.00620494
0,0,0.004526992
0,0,0.005264981
0,0,0.0040003923
0,0,0.006867006
0,0,0.0041012475
0,0,0.003671745
0,0,0.0059403037
0,0,0.024583068
0,0,0.0037444795
0,0,0.011598675
0,0,0.006563068
0,0,0.039146256
0,0,0.003645412
0,0,0.0044490723
0,0,0.0050995303
0,0,0.0036562888
0,0,0.0066026985
0,0,0.0037327574
0,0,0.0041375444
0,0,0.0048667085
0,0,0.003862125
0,0,0.0044103875
0,0,0.0084554795
0,0,0.006553878
0,0,0.004100704
0,0,0.009024926
0,0,0.005689356
0,0,0.0045444095
0,0,0.0037270996
0,0,0.1549576
0,0,0.0038045899
0,0,0.0050478275
0,0,0.0035690062
0,0,0.0037977067
0,0,0.012979559
0,0,0.003611002
0,0,0.016795747
0,0,0.14104101
0,0,0.0052330946
0,0,0.0038375934
0,0,0.013019712
0,0,0.10904354
0,0,0.003741089
0,0,0.0059731035
0,0,0.0051140958
0,0,0.0035987266
0,0,0.0044135065
0,0,0.06982606
0,0,0.0341572
0,0,0.004563143
0,0,0.003663498
0,0,0.006696006
0,0,0.017529173
0,0,0.019453729
0,0,0.010344918
0,0,0.0037433964
0,0,0.009813621
0,0,0.0086384835
0,0,0.004275648
0,0,0.003683449
0,0,0.012941721
0,0,0.0036582681
0,0,0.0040175547
0,0,0.0048123808
0,0,0.005234944
0,0,0.0056689996
0,0,0.012967542
0,0,0.008683326
0,0,0.0038048504
0,0,0.021025296
0,0,0.0052189054
0,0,0.0035790184
0,0,0.004294661
0,0,0.0036035636
0,0,0.1672616
0,0,0.014540546
0,0,0.00518459
0,0,0.006326413
0,0,0.004497936
0,0,0.0059535294
0,0,0.004847247
0,0,0.0036000607
0,0,0.005638571
0,0,0.0035435522
0,0,0.009296358
0,0,0.01885255
0,0,0.0043339087
0,0,0.009632319
0,0,0.0052828672
0,0,0.021681815
0,0,0.00511395
0,0,0.0037255436
0,0,0.006581598
0,0,0.030650254
0,0,0.0044884677
0,0,0.004837883
0,0,0.004576112
0,0,0.003636251
0,0,0.003681224
0,0,0.0057419213
0,0,0.004002338
0,0,0.008695151
0,0,0.0036156492
0,0,0.0046331496
0,0,0.003567206
0,0,0.0049227816
0,0,0.0047147227
0,0,0.003661222
0,0,0.0034564573
0,0,0.004225648
0,0,0.0041151866
0,0,0.004342149
0,0,0.00395496
0,0,0.0036396626
0,0,0.0035956572
0,0,0.0039384756
0,0,0.07162377
0,0,0.0064728083
0,0,0.003794162
0,0,0.0036419912
0,0,0.0036655471
0,0,0.004710749
0,0,0.0045175618
0,0,0.0044279997
0,0,0.011015113
0,0,0.00696585
0,0,0.0056054657
0,0,0.02250531
0,0,0.004434839
0,0,0.0033659532
0,0,0.0036033324
0,0,0.003832451
0,0,0.011544843
0,0,0.004721151
0,0,0.0036411902
0,0,0.004123107
0,0,0.020923933
0,0,0.0035867128
0,0,0.010029627
0,0,0.0048779724
0,0,0.0066864407
0,0,0.0036428792
0,0,0.0143077
0,0,0.0045990627
0,0,0.004492426
0,0,0.009556357
0,0,0.0046760575
0,0,0.009732762
0,0,0.007947793
0,0,0.0047339913
0,0,0.0057306327
0,0,0.004357555
0,0,0.0042229686
0,0,0.0042997575
0,0,0.003784343
0,0,0.006661739
0,0,0.0072792363
0,0,0.0070037455
0,0,0.0036467905
0,0,0.14006056
0,0,0.003573272
0,0,0.004490064
0,0,0.0083728405
0,0,0.0040966147
0,0,0.012749257
0,0,0.008521917
0,0,0.0036901296
0,0,0.04696049
0,0,0.003643343
0,0,0.0061615272
0,0,0.0062740333
0,0,0.0063207857
0,0,0.0043893284
0,0,0.0039973725
0,0,0.0069463407
0,0,0.025815655
0,0,0.0042152796
0,0,0.0044134706
0,0,0.006663434
0,0,0.022686759
0,0,0.0037068143
0,0,0.0035951154
0,0,0.0041054115
0,0,0.003692823
0,0,0.0073797773
0,0,0.0037564235
0,0,0.0039994195
0,0,0.006933416
0,0,0.004626428
0,0,0.004221076
0,0,0.0116715925
0,0,0.005805198
0,0,0.0126437815
0,0,0.003782224
0,0,0.004487931
0,0,0.006422602
0,0,0.004085607
0,0,0.0134086795
0,0,0.056941524
0,0,0.00450401
0,0,0.004130375
0,0,0.0045977924
0,0,0.004615247
0,0,0.003774196
0,0,0.004343817
0,0,0.007289999
0,0,0.0068289265
0,0,0.0039189034
0,0,0.0063164355
0,0,0.004314483
0,0,0.013468479
0,0,0.005676388
0,0,0.006303098
0,0,0.0038960013
0,0,0.003619415
0,0,0.003599467
0,0,0.0035498952
0,0,0.0036242795
0,0,0.009079562
0,0,0.003683659
0,0,0.05265078
0,0,0.042775895
0,0,0.033875506
0,0,0.005670279
0,0,0.0036584924
0,0,0.013629005
0,0,0.0034592622
0,0,0.003641562
0,0,0.007234356
0,0,0.010348125
0,0,0.0035070628
0,0,0.06293502
0,0,0.005567865
0,0,0.004189459
0,0,0.0053723846
0,0,0.004893354
0,0,0.0040495563
0,0,0.03512144
0,0,0.006228685
0,0,0.0041684904
0,0,0.0041251243
0,0,0.0038670134
0,0,0.00360791
0,0,0.01540209
0,0,0.003842137
0,0,0.0058882795
0,0,0.004432395
0,0,0.0052197394
0,0,0.0040233913
0,0,0.0047343285
0,0,0.01417258
0,0,0.0073308595
0,0,0.02318157
0,0,0.008832377
0,0,0.0043769865
0,0,0.0035153464
0,0,0.0036262637
0,0,0.00467112
0,0,0.005169256
0,0,0.0038101985
0,0,0.0045058127
0,0,0.0051428573
0,0,0.0038368895
0,0,0.0034847485
0,0,0.006478444
0,0,0.004001274
0,0,0.045758385
0,0,0.026273739
0,0,0.004846212
0,0,0.004791182
0,0,0.008712497
0,0,0.0052472353
0,0,0.047437765
0,0,0.003580568
0,0,0.0038743787
0,0,0.0349186
0,0,0.016374262
0,0,0.005218828
0,0,0.0037180365
0,0,0.0038154202
0,0,0.003627937
0,0,0.0045838854
0,0,0.0037396369
0,0,0.0037416418
0,0,0.003679549
0,0,0.0036272528
0,0,0.003488067
0,0,0.007193417
0,0,0.0036702505
0,0,0.03224222
0,0,0.0036331185
0,0,0.0065810652
0,0,0.0042720316
0,0,0.008359098
0,0,0.0047676614
0,0,0.0035812382
0,0,0.0034987356
0,0,0.0061107855
0,0,0.0038576517
0,0,0.14598028
0,0,0.01250311
0,0,0.0072349003
0,0,0.003754907
0,0,0.0073271473
0,0,0.0038575798
0,0,0.0057889256
0,1,0.5430809
0,0,0.003949359
0,0,0.0055725323
0,0,0.02824561
0,0,0.004816559
0,0,0.0056188563
0,0,0.004135802
0,0,0.00381983
0,0,0.005217234
0,0,0.01786037
0,0,0.0067902696
0,0,0.003643774
0,0,0.0073241307
0,0,0.0069053387
0,0,0.0041771256
0,0,0.0037597765
0,0,0.0038043314
0,0,0.007024942
0,0,0.003643774
0,0,0.0037395307
0,0,0.0035888776
0,0,0.004415797
0,0,0.005478586
0,0,0.0036039937
0,0,0.005426858
0,0,0.0036764108
0,0,0.0063611413
0,0,0.0072835973
0,0,0.015741002
0,0,0.016902287
0,0,0.023559147
0,0,0.032697354
0,0,0.003627944
0,0,0.0038012373
0,0,0.0047575766
0,0,0.0048504756
0,0,0.0067539597
0,0,0.0037767913
0,0,0.0075220633
0,0,0.003658023
0,0,0.0036933392
0,0,0.004354426
0,0,0.012394614
0,0,0.0044430615
0,0,0.005243473
0,0,0.004350587
0,0,0.0037440402
0,0,0.05913169
0,0,0.0037178048
0,0,0.007931069
0,0,0.007185895
0,0,0.0036450864
0,0,0.003648061
0,0,0.003797265
0,0,0.003741823
0,0,0.005904734
0,0,0.004311862
0,0,0.003677134
0,0,0.0071827923
0,0,0.17775914
0,0,0.06728007
0,0,0.004693605
0,0,0.008898977
0,0,0.003675178
0,0,0.004952585
0,0,0.0036854062
0,0,0.02484933
0,0,0.004352297
0,0,0.0050792536
0,0,0.0040560267
0,0,0.0037644766
0,0,0.0042843698
0,0,0.004800256
0,0,0.003933019
0,0,0.003643774
0,0,0.0045594736
0,0,0.0036344205
0,0,0.0036239212
0,0,0.0045423284
0,0,0.011545697
0,0,0.005081958
0,0,0.0036780268
0,0,0.0055221245
0,0,0.026379414
0,0,0.0037600317
0,0,0.0054704626
0,0,0.003723065
0,0,0.004080893
0,0,0.0047204522
0,0,0.0036934353
0,0,0.0052539995
0,0,0.003817162
0,0,0.026414432
0,0,0.014503286
0,0,0.006875587
0,0,0.44529727
0,0,0.0068385
0,0,0.00454789
0,0,0.004105745
0,0,0.003897478
0,0,0.006179373
0,0,0.016019493
0,0,0.004715611
0,0,0.0036401905
0,0,0.009567304
0,0,0.0037034927
0,0,0.008425473
0,0,0.0054103755
0,0,0.004852515
0,0,0.0052534114
0,0,0.004488572
0,0,0.007854506
0,0,0.005837157
0,0,0.003684016
0,0,0.004180505
0,0,0.010317854
0,0,0.0057817893
0,0,0.004837171
0,0,0.009868862
0,0,0.007203258
0,0,0.0042621815
0,0,0.005710673
0,0,0.0044402024
0,0,0.010360762
0,0,0.0057452107
0,0,0.0070204358
0,0,0.018652545
0,0,0.0036237615
0,0,0.0037447037
0,0,0.004229422
0,0,0.0048482134
0,0,0.012746605
0,0,0.003643774
0,0,0.004119981
0,0,0.0038944506
0,0,0.00431588
0,0,0.008350352
0,0,0.0055269944
0,0,0.0037028473
0,0,0.025257265
0,0,0.009740045
0,0,0.004363683
0,0,0.0040335525
0,0,0.0036240749
0,0,0.00515803
0,0,0.0058729867
0,0,0.009330217
0,0,0.0052465433
0,0,0.0057290136
0,0,0.0146343615
0,0,0.0036401905
0,0,0.0045649805
0,0,0.006141823
0,0,0.0071166563
0,0,0.0042435634
0,0,0.0035201148
0,0,0.019992376
0,0,0.02791745
0,0,0.0034772458
0,0,0.003760825
0,0,0.0071209334
0,0,0.008654465
0,0,0.0039428086
0,0,0.0056320783
0,0,0.005866142
0,0,0.0059718294
0,0,0.0036584924
0,0,0.0039733513
0,0,0.004823345
0,0,0.004559586
0,0,0.004072046
0,0,0.0036749702
0,0,0.0036217663
0,0,0.007099735
0,0,0.0039824196
0,0,0.0070618894
0,0,0.0036306009
0,0,0.0038233667
0,0,0.008275436
0,0,0.0048310305
0,0,0.0036462452
0,0,0.0037692918
0,0,0.004345469
0,0,0.018987516
0,0,0.0047696847
0,0,0.0042832494
0,0,0.004601484
0,0,0.029734839
0,0,0.004468467
0,0,0.007391289
0,0,0.0036392964
0,0,0.010374573
0,0,0.0069369525
0,0,0.009754253
0,0,0.0037761598
0,0,0.0036546201
0,0,0.0040035737
0,0,0.0037396369
0,0,0.008506624
0,0,0.003693525
0,0,0.012590224
0,0,0.0040913345
0,0,0.017673513
0,0,0.004921021
0,0,0.004172647
0,0,0.003859677
0,0,0.014806002
0,0,0.004287636
0,0,0.003909552
0,0,0.00477838
0,0,0.0045757405
0,0,0.004689715
0,0,0.003674736
0,0,0.005118423
0,0,0.009881176
0,0,0.0045223827
0,0,0.003898693
0,0,0.0055027357
0,0,0.012077209
0,0,0.004102048
0,0,0.0053573092
0,0,0.003737229
0,0,0.0046185423
0,0,0.008218609
0,0,0.0038389133
0,0,0.0036581533
0,0,0.0039085085
0,0,0.003757946
0,0,0.005099547
0,0,0.014470935
0,0,0.04789472
0,0,0.0036726294
0,0,0.00363306
0,0,0.00403947
0,0,0.004634185
0,0,0.0085282
0,0,0.008410293
0,0,0.003647283
0,0,0.014903752
0,0,0.017237704
0,0,0.004228968
0,0,0.01696821
0,0,0.016242612
0,0,0.011616191
0,0,0.010618403
0,0,0.0040768194
0,0,0.0053279684
0,0,0.013006961
0,0,0.009341939
0,0,0.003681768
0,0,0.0036419532
0,0,0.004194469
0,0,0.0040376866
0,0,0.0035724891
0,0,0.03266371
0,0,0.08280268
0,0,0.09654295
0,0,0.0080485
0,0,0.0036164462
0,0,0.0049598725
0,0,0.0037555208
0,0,0.003647177
0,0,0.0038406663
0,0,0.006563279
0,0,0.0039990093
0,0,0.004302353
0,0,0.004181392
0,0,0.003643774
0,0,0.036425628
0,0,0.0037760197
0,0,0.01590287
0,0,0.005905249
0,0,0.0038900787
0,0,0.0036616046
0,0,0.0036379688
0,0,0.0040024235
0,0,0.003824914
0,0,0.0050344653
0,0,0.0042282194
0,0,0.003744195
1,1,0.99656564
0,0,0.008099777
0,0,0.0045996476
0,0,0.005327253
0,0,0.0036378407
0,0,0.0042839427
0,0,0.005402384
0,0,0.0036478064
0,0,0.0037011097
0,0,0.0053275614
0,0,0.006180246
0,0,0.0058828443
0,0,0.007338514
0,0,0.0053317323
0,0,0.0037353458
0,0,0.0037950797
0,0,0.013068337
0,0,0.0048230137
0,0,0.0038057524
0,0,0.003799589
0,0,0.010994655
0,0,0.0038554498
0,0,0.035439547
0,0,0.0059792474
0,0,0.0049586864
0,0,0.003826439
0,0,0.004902034
0,0,0.0037068143
0,0,0.0035572045
0,0,0.031803537
0,0,0.009544427
0,0,0.0041971467
0,0,0.004887557
0,0,0.0036244742
0,0,0.0036704298
0,0,0.0059954114
0,0,0.0048112595
0,0,0.009252915
0,0,0.0033529005
0,0,0.003987321
0,0,0.003692883
0,0,0.027191276
0,0,0.0037183508
0,0,0.0048305355
0,0,0.0037777745
0,0,0.003604995
0,0,0.004203998
0,0,0.006328268
0,1,0.5927744
0,0,0.0036084636
0,0,0.005657212
0,0,0.2260174
0,0,0.0053085806
0,0,0.0037797973
0,0,0.020960487
0,0,0.017014362
0,0,0.003694132
0,0,0.005135592
0,0,0.0044223927
0,0,0.011431518
0,0,0.017652746
0,0,0.02076788
0,0,0.004023747
0,0,0.0052300943
0,0,0.00413625
0,0,0.0048009846
0,0,0.011361623
0,0,0.0044481284
0,0,0.013431414
0,0,0.0043487055
0,0,0.0077042305
0,0,0.0049801427
0,0,0.0052207126
0,0,0.0037468746
0,0,0.0036655331
0,0,0.004522001
0,0,0.0036450515
0,0,0.0057514138
0,0,0.005804939
0,0,0.008348744
0,0,0.0049831728
0,0,0.01419178
0,0,0.0038173199
0,0,0.005691816
0,0,0.0044218698
0,0,0.0038876405
0,0,0.005900901
0,0,0.0036579953
0,0,0.0050928574
0,0,0.0038906718
0,0,0.009040382
0,0,0.004400967
0,0,0.0037192996
0,0,0.24708638
0,0,0.0036934353
0,0,0.0058608274
0,0,0.0038380292
0,0,0.0048303637
0,0,0.0042365734
0,0,0.004964044
0,0,0.016414307
0,0,0.00609016
0,0,0.0050568017
0,0,0.0047113854
0,0,0.004778158
0,0,0.005140272
0,0,0.0036751586
0,0,0.055178076
0,0,0.03602746
0,0,0.017608464
0,0,0.0036584924
0,0,0.008376614
0,0,0.004232757
0,0,0.0038011598
0,0,0.003601802
0,0,0.004046436
0,0,0.0043118764
0,0,0.0086482
0,0,0.005379769
0,0,0.006604613
0,0,0.0061627943
0,0,0.003586217
0,0,0.0048770676
0,0,0.010692164
0,0,0.01006822
0,0,0.01298562
0,0,0.004484709
0,0,0.004742582
0,0,0.0036235943
0,0,0.016141169
0,0,0.0040613334
0,0,0.0063322964
0,0,0.023534656
0,0,0.009916764
0,0,0.057874966
0,0,0.0049804477
0,0,0.006987018
0,0,0.0037593942
0,0,0.0038400951
0,0,0.0041667465
0,0,0.0063828933
0,0,0.0037011288
0,0,0.0070202863
0,0,0.0054181917
0,0,0.0040956596
0,0,0.005541536
0,0,0.0052795303
0,0,0.023327738
0,0,0.0046229265
0,0,0.016016953
0,0,0.012314536
0,0,0.003743562
0,0,0.0043405597
0,0,0.004281368
0,0,0.0068591866
0,0,0.004333594
0,0,0.0052421726
0,0,0.003628537
0,0,0.0051669073
0,0,0.004454121
0,0,0.011665395
0,0,0.0041202493
0,0,0.004489527
0,0,0.0048966664
0,0,0.019337954
0,0,0.057946846
0,0,0.010649772
0,0,0.0071461983
0,0,0.0068142796
0,0,0.0070524267
0,0,0.012448898
0,0,0.0036174739
0,0,0.0040875105
0,0,0.0048116865
0,0,0.0065272194
0,0,0.003995791
0,0,0.005802606
0,0,0.014126278
0,0,0.0035732465
0,0,0.0052629337
0,0,0.02165067
0,0,0.0036539987
0,0,0.003768198
0,0,0.005027529
0,0,0.0062556164
0,0,0.005848943
0,0,0.0036391357
0,0,0.004210195
0,0,0.0036535142
0,0,0.0038035945
0,1,0.9966889
0,0,0.0040927394
0,0,0.0037323055
0,0,0.0036246788
0,0,0.0036595424
0,0,0.0037759822
0,0,0.008326241
0,0,0.0037134876
0,0,0.003673724
0,0,0.0047069695
0,0,0.0043410463
0,0,0.007639686
0,0,0.0045935255
0,0,0.005996762
0,0,0.0036614344
0,0,0.01225837
0,0,0.0040570498
0,0,0.01245747
0,0,0.010345108
0,0,0.0041656885
0,0,0.004101386
0,0,0.03599041
0,0,0.00430504
0,0,0.00684254
0,0,0.004574746
0,0,0.008634123
0,0,0.0059577324
0,0,0.063866094
0,0,0.0039040481
0,0,0.014054287
0,0,0.0037445577
0,0,0.057002462
0,0,0.0040805885
0,0,0.0036406384
0,0,0.0037999013
0,0,0.0036334274
0,0,0.018309234
0,0,0.0051647825
0,0,0.0041294456
0,0,0.0037402818
0,0,0.004538572
0,0,0.00382158
0,0,0.011073455
0,0,0.005325313
0,0,0.004583294
0,0,0.005563793
0,0,0.021013713
0,0,0.02441395
0,0,0.0040284735
0,0,0.019614441
0,0,0.0036644083
0,0,0.00544735
0,0,0.0050739287
0,0,0.0040186765
0,0,0.004014211
0,0,0.004324136
0,1,0.6578254
0,0,0.0034316792
0,0,0.0037637097
0,0,0.0056293225
0,0,0.0057451287
0,0,0.0041488376
0,0,0.0091991555
0,0,0.0043489677
0,0,0.0042728675
0,0,0.030708471
0,0,0.004796519
0,0,0.0055704396
0,0,0.024974432
0,0,0.003624219
0,0,0.005423313
0,0,0.006618715
0,0,0.0036467905
0,0,0.004992182
0,0,0.0048882044
0,0,0.0047814627
0,0,0.0037594084
0,0,0.010091134
0,0,0.006422048
0,0,0.0037962745
0,0,0.003643774
0,0,0.012937773
0,0,0.0043740617
0,0,0.007007086
0,0,0.008687801
0,0,0.0058862003
0,0,0.0035956572
0,0,0.0069559747
0,0,0.0043826886
0,0,0.00831415
0,0,0.0037124397
0,0,0.004620645
0,0,0.0039924243
0,0,0.010600538
0,0,0.0048830025
0,0,0.005598392
0,0,0.004345711
0,0,0.007937044
0,0,0.004801951
0,0,0.006487603
0,0,0.0038876645
0,0,0.007367932
0,0,0.033344217
0,0,0.0045575
0,0,0.005985463
0,0,0.0036650002
0,0,0.01644475
0,0,0.009058149
0,0,0.005987375
0,0,0.0039969566
0,0,0.0060815793
0,0,0.0049118386
0,0,0.0036102263
0,0,0.003897334
0,0,0.0044146944
0,0,0.0044220444
0,0,0.0042689154
0,0,0.005033448
0,0,0.005087468
0,0,0.004493145
0,0,0.0036603403
0,0,0.004756581
0,0,0.003643774
0,0,0.005934255
0,0,0.007907771
0,0,0.0043761972
0,0,0.01087833
0,0,0.008241739
0,0,0.012342347
0,0,0.10738225
0,0,0.00548617
0,0,0.020451836
0,0,0.0043440587
0,0,0.0084167775
0,0,0.0037977702
0,0,0.006033265
0,0,0.0059505673
0,0,0.0041945786
0,0,0.011745275
0,0,0.0041808183
0,0,0.005835469
0,0,0.0039210725
0,0,0.00580954
0,0,0.0047098543
0,0,0.01695037
0,0,0.003782878
0,0,0.016256835
0,0,0.009111101
0,0,0.005113118
0,0,0.004782777
0,0,0.005082708
0,0,0.003661222
0,0,0.003643774
0,0,0.004346138
0,0,0.010646999
0,0,0.0038903428
0,0,0.007014953
0,0,0.0041079177
0,0,0.055888698
0,0,0.0036024253
0,0,0.0037656035
0,0,0.004555188
0,0,0.0104880715
0,0,0.005217588
0,0,0.0036672733
0,0,0.0028571044
0,0,0.0036739751
0,0,0.0039021147
0,0,0.004148034
0,0,0.013129467
0,0,0.00549415
0,0,0.0044061644
0,0,0.003916527
0,0,0.011802321
0,0,0.015308001
0,0,0.009116515
0,0,0.0036774394
0,0,0.003677487
0,0,0.003719084
0,0,0.0074277823
0,0,0.003933376
0,0,0.0036841738
0,0,0.0038153585
0,0,0.0065719252
0,0,0.003816676
0,0,0.00420651
0,0,0.004279653
0,0,0.024258906
0,0,0.043828547
0,0,0.0049809297
0,0,0.0036150343
0,0,0.00382158
0,0,0.0038441815
0,0,0.004476061
0,0,0.0038632
0,0,0.0035542042
0,0,0.003669748
0,0,0.008571364
0,0,0.003823316
0,0,0.0037396369
0,0,0.013692589
0,0,0.004332199
0,0,0.010436307
0,0,0.008339267
0,0,0.007821208
0,0,0.026597464
0,0,0.0037527888
0,0,0.0038079186
0,0,0.0645644
0,0,0.004042274
0,0,0.0067213555
0,0,0.0037183508
0,0,0.004393427
0,0,0.0046709273
0,0,0.0045064013
0,0,0.003769172
0,0,0.0041116704
0,0,0.0067439
0,0,0.0034742993
0,0,0.0045868084
0,0,0.006405475
0,0,0.013616819
0,0,0.008615446
0,0,0.003919637
0,0,0.004406129
0,0,0.007904715
0,0,0.004806303
0,0,0.006652422
0,0,0.008157984
0,0,0.05008547
0,0,0.0040664477
0,0,0.008397872
0,0,0.0043843593
0,0,0.019188346
0,0,0.005029113
0,0,0.0053033666
0,0,0.009127991
0,0,0.003601236
0,0,0.008732699
0,0,0.0052294666
0,0,0.0036830364
0,0,0.0038688725
0,0,0.0043559414
0,0,0.0037369428
0,0,0.0061999494
0,0,0.0063112625
0,0,0.027044253
0,0,0.031330958
0,0,0.006135963
0,0,0.006873718
0,0,0.00368507
0,0,0.010173172
0,0,0.0046393615
0,0,0.0040039504
0,0,0.0034476793
0,0,0.004864021
0,0,0.003948646
0,0,0.0035722805
0,0,0.004692899
0,0,0.0036514094
0,0,0.012441501
0,0,0.0055759843
0,0,0.010854632
0,0,0.005718962
1,1,0.9969234
0,0,0.0041528153
0,0,0.0051627792
0,0,0.004467606
0,0,0.0034829243
0,0,0.01295903
0,0,0.0038896515
0,0,0.015004384
0,0,0.0061481944
0,0,0.0045730807
0,0,0.008941119
0,0,0.0043364814
0,0,0.0041549928
0,0,0.004610032
0,0,0.00533283
0,0,0.005083441
0,0,0.003992528
0,0,0.0044400482
0,0,0.0044677393
0,0,0.0059899553
0,0,0.0071342625
0,0,0.0036495433
0,0,0.004213181
0,0,0.029155117
0,0,0.004600807
0,0,0.0052894866
0,0,0.011700038
0,0,0.0047206967
0,0,0.003873468
0,0,0.00397451
0,0,0.004352876
0,0,0.0036223168
0,0,0.0036693853
0,0,0.015157997
0,0,0.0062982226
0,0,0.0041680904
0,0,0.0060911733
0,0,0.0053299977
0,0,0.0059359884
0,0,0.0036866302
0,0,0.004507824
0,0,0.0038606613
0,0,0.013515265
0,0,0.004173275
0,0,0.0063807736
0,0,0.0047178073
0,0,0.0043549472
0,0,0.0039090747
0,0,0.009676584
0,0,0.004059858
0,0,0.004260116
0,0,0.009161629
0,0,0.0042990185
0,0,0.0037125156
0,0,0.0061962456
0,0,0.004660931
0,0,0.004983523
0,0,0.00370128
0,0,0.0055800737
0,0,0.007225919
0,0,0.004186003
0,0,0.0038923984
0,0,0.0060144584
0,0,0.004064098
0,0,0.005711651
0,0,0.0036266341
0,0,0.024892623
0,0,0.003719084
0,0,0.033101473
0,0,0.02300195
0,0,0.010901176
0,0,0.007067656
0,0,0.0041382103
0,0,0.0036025348
0,0,0.0071896645
0,0,0.028095061
0,0,0.0056414995
0,0,0.0057066837
0,0,0.0037950936
0,0,0.004442711
0,0,0.003773608
0,0,0.01717258
0,0,0.015049124
0,0,0.0036517337
0,0,0.0038338837
0,0,0.0110483505
0,0,0.004868769
0,0,0.011645561
0,0,0.0066638696
0,0,0.00613539
0,0,0.0048779054
0,0,0.0077209515
0,0,0.0039213984
0,0,0.005989524
0,0,0.003643774
0,0,0.004000039
0,0,0.0036920514
0,0,0.0056950287
0,0,0.005520391
0,0,0.007575556
0,0,0.0036629688
0,0,0.0038101766
0,0,0.024212679
0,0,0.0077174855
0,0,0.009725775
0,1,0.6778311
0,0,0.004200131
0,0,0.0043950332
0,0,0.004635149
0,0,0.009846151
0,0,0.0039507924
0,0,0.008776056
0,0,0.0038278187
0,0,0.0041630543
0,0,0.0049083903
0,0,0.003611635
0,0,0.0067131445
0,0,0.0043794997
0,0,0.0037447037
0,0,0.003884427
0,0,0.0037829338
0,0,0.007510784
0,0,0.003638698
0,0,0.0040471028
0,0,0.0037468409
0,0,0.005629723
0,0,0.005865933
0,0,0.008764912
0,0,0.005521315
0,0,0.009053108
0,0,0.005780693
0,0,0.067675196
0,0,0.0036258348
0,0,0.003430776
0,0,0.0059354394
0,0,0.0056241495
0,0,0.0043948167
0,0,0.0042347354
0,0,0.0042254957
0,0,0.0062611327
0,0,0.0050089033
0,0,0.021231357
0,0,0.004003245
0,0,0.004993736
0,0,0.003513972
0,0,0.0067792446
0,0,0.014210826
0,0,0.006133248
0,0,0.00888959
0,0,0.0059012617
0,0,0.0045180293
0,0,0.0051492094
0,0,0.008853441
0,0,0.006463358
0,0,0.008290214
0,0,0.0037416418
0,0,0.0034854047
0,0,0.0042295484
0,0,0.008963766
0,0,0.004615996
0,0,0.013257678
0,0,0.0041774367
0,0,0.0059607043
0,0,0.005370558
0,0,0.0132895475
0,0,0.0036440887
0,0,0.04347547
0,0,0.021977928
0,0,0.0039783493
0,0,0.0040037124
0,0,0.021867452
0,0,0.0036799058
0,0,0.0039043413
0,0,0.010579614
0,0,0.0042507607
0,0,0.0062314537
0,0,0.0036330859
0,0,0.006154281
0,0,0.0048972657
0,0,0.041851558
0,0,0.0046260436
0,0,0.0036059085
0,0,0.003683969
0,0,0.0063811424
0,0,0.049271576
0,0,0.0048192753
0,0,0.013813711
0,0,0.0064346446
0,0,0.004126809
0,0,0.0045272796
0,0,0.004558608
0,0,0.0036662577
0,0,0.0036749002
0,0,0.0037036405
0,0,0.0058062417
0,0,0.016260503
0,0,0.049882207
0,0,0.003976424
0,0,0.0049450663
0,0,0.019400379
0,0,0.004479947
0,0,0.0036016707
0,0,0.008181147
0,0,0.023680743
0,0,0.004447512
0,0,0.016244784
0,0,0.02094756
0,0,0.0043457397
0,0,0.0059249355
0,0,0.0036428792
0,0,0.0045028683
0,0,0.17153776
0,0,0.0037079803
0,0,0.0094023645
0,0,0.0044524046
0,0,0.03259916
0,0,0.0036181752
0,0,0.019086769
0,0,0.0038635964
0,0,0.008596642
0,0,0.0034781646
0,0,0.004447936
0,0,0.0039151716
0,0,0.003994351
0,0,0.004782416
0,0,0.0035938262
0,0,0.0036884926
0,0,0.004166559
0,0,0.0056531737
0,0,0.0121214595
0,0,0.0036702817
0,0,0.004052771
0,0,0.0043158107
0,0,0.0046984325
0,0,0.0045985407
0,0,0.010547309
0,0,0.004084301
0,0,0.0043589952
0,0,0.004269161
0,0,0.0035823258
0,0,0.007073202
0,0,0.008625397
0,0,0.004181992
0,0,0.0109360535
0,0,0.0046199653
0,0,0.026874905
0,1,0.6285604
0,0,0.003818649
0,0,0.004581543
0,0,0.004249691
0,0,0.0061614863
0,0,0.003683449
0,0,0.006309819
0,0,0.10088046
0,0,0.0043947413
0,0,0.011701598
0,0,0.01017345
0,0,0.0044080075
0,0,0.006847593
0,0,0.0077298307
0,0,0.003946803
0,0,0.004119852
0,0,0.0054038237
0,0,0.015591214
0,0,0.0037281818
0,0,0.010493957
0,0,0.004142772
0,0,0.019774089
0,0,0.04210107
0,0,0.0037571054
0,0,0.019306311
0,0,0.0050193756
0,0,0.0038878564
0,0,0.00363912
0,0,0.004158226
0,0,0.0037866554
0,0,0.0065020206
0,0,0.0039139683
0,0,0.00717305
0,0,0.005353408
0,0,0.0042094975
0,0,0.0042284764
0,0,0.0039004765
0,1,0.99603516
0,0,0.0036612744
0,0,0.00580108
0,0,0.004758742
0,0,0.015400262
0,0,0.0036678624
0,0,0.0039852746
0,0,0.0054667154
0,0,0.0091733355
0,0,0.009038981
0,0,0.010020881
0,0,0.0040531405
0,0,0.0043444647
0,0,0.0038983761
0,0,0.004537247
0,0,0.0074615683
0,0,0.0036486017
0,0,0.0038612192
0,0,0.003708389
0,0,0.0053181318
0,0,0.004148676
0,0,0.004106104
0,0,0.005489022
0,0,0.0036920463
0,0,0.0088979425
0,0,0.02777831
0,0,0.03293996
0,0,0.004731292
0,0,0.004085952
0,0,0.0051734536
0,0,0.008670615
0,0,0.003918481
0,0,0.004075828
0,0,0.0061614513
0,0,0.0037536928
0,0,0.004292779
0,0,0.004820604
0,0,0.0060252864
0,0,0.0043026186
0,0,0.013226693
0,0,0.0041802125
0,0,0.0064667305
0,0,0.004058206
0,0,0.03748015
0,0,0.003974257
0,0,0.0036510606
0,0,0.0037068143
0,0,0.0037904617
0,0,0.0040459824
0,0,0.0082530975
0,0,0.0042330883
0,0,0.0042685606
0,0,0.0038285898
0,0,0.0040400205
0,0,0.0051196422
0,0,0.023928473
0,0,0.0039648362
0,0,0.0051645893
0,0,0.005918297
0,0,0.003643774
0,0,0.010282165
0,0,0.042992968
0,0,0.0036186136
0,0,0.009989147
0,0,0.016817013
0,0,0.003628537
0,0,0.0054700784
0,0,0.006148809
0,0,0.003742902
0,0,0.0038819034
0,0,0.0043712948
0,0,0.0048990324
0,0,0.003961158
0,0,0.004226361
0,0,0.0047673765
0,0,0.0037447037
0,0,0.0038973673
0,0,0.004096321
0,0,0.0052772523
0,0,0.0050239186
0,0,0.004100348
0,0,0.0036428792
0,0,0.004627664
0,0,0.005559154
0,0,0.0039458117
0,0,0.0050151814
0,0,0.004611327
0,0,0.0042001074
0,0,0.0075990376
0,0,0.004419687
0,0,0.0043412894
0,0,0.0044134497
0,0,0.024333049
0,0,0.0036569857
0,0,0.005144692
0,0,0.0038615568
0,0,0.006144242
0,0,0.006703222
0,0,0.0036678587
0,0,0.0058984593
0,0,0.0039853784
0,0,0.006171802
0,0,0.004883804
0,0,0.063872464
0,0,0.0052459086
0,0,0.0041606156
0,0,0.02200979
0,0,0.007648056
0,0,0.0046008113
0,0,0.00376658
0,0,0.021076571
0,0,0.005245369
0,0,0.004620757
0,0,0.005110276
0,0,0.004138366
0,0,0.0053395573
0,0,0.0037001513
0,0,0.004270898
0,0,0.0064121913
0,0,0.047861043
0,0,0.0039801407
0,0,0.004580458
0,0,0.005889058
0,0,0.0036168827
0,0,0.003643774
0,0,0.0041769845
0,0,0.0056085177
0,0,0.004222772
0,0,0.0038913186
0,0,0.0052825413
0,0,0.0037156246
0,0,0.004856076
0,0,0.005397287
0,0,0.004616708
0,0,0.01896087
0,0,0.026009304
0,0,0.004062946
0,0,0.0040420685
0,0,0.009288202
0,0,0.0036612414
0,0,0.0039746533
0,0,0.003643774
0,0,0.00917065
0,0,0.004397058
0,0,0.004137688
0,0,0.013284134
0,0,0.008589358
0,0,0.0068667815
0,0,0.0038510624
0,0,0.004925202
0,0,0.0053132735
0,0,0.0036194802
0,0,0.0042318567
0,0,0.004161293
0,0,0.008736093
0,0,0.011317707
0,0,0.0050920215
0,0,0.0049888976
0,0,0.007875455
0,0,0.004033269
0,0,0.004777836
0,0,0.009140317
0,0,0.004582422
0,0,0.005333913
0,0,0.0039103655
0,0,0.004127236
0,0,0.007051214
0,0,0.0070458474
0,0,0.008374868
0,0,0.008114678
0,0,0.0049364367
0,0,0.00406371
0,0,0.004752788
0,0,0.0055831703
0,0,0.0043649054
0,0,0.007945654
0,0,0.004947831
0,0,0.003658023
0,0,0.0456232
0,0,0.0049830284
0,0,0.0058178687
0,0,0.0036428792
0,0,0.00364642
0,0,0.07417049
0,0,0.0056213103
0,0,0.003733529
0,0,0.02115973
0,0,0.0039711944
0,0,0.0042721983
0,0,0.0035246692
0,0,0.034878936
0,0,0.003869244
0,0,0.0033437393
0,0,0.003641562
0,0,0.004390771
0,0,0.23395954
0,0,0.0041277595
0,0,0.0036165423
0,0,0.0037462784
0,0,0.019090468
0,0,0.010388839
0,0,0.0042414484
0,0,0.017302308
0,0,0.055540435
0,0,0.044087306
0,0,0.0053564655
0,0,0.00444656
0,0,0.004102471
0,0,0.0036444508
0,0,0.003839105
0,0,0.012266659
0,0,0.003935994
0,0,0.0044282204
0,0,0.0040275054
0,0,0.0060692183
0,0,0.00866326
0,0,0.0036339231
0,0,0.0040311757
0,0,0.004307477
0,0,0.0058296295
0,0,0.003938861
0,0,0.0058498248
0,0,0.0038386034
0,0,0.0070706345
0,0,0.0076665753
0,0,0.00442834
0,0,0.0037024408
0,0,0.0044555315
0,0,0.0058820387
0,0,0.004623021
0,0,0.003550192
0,0,0.0036371064
0,0,0.0036781926
0,0,0.007977384
0,0,0.0036569734
0,0,0.0042012525
0,0,0.009466087
0,0,0.004618803
0,0,0.0037987714
0,0,0.0063775945
0,0,0.010727428
0,0,0.045024037
0,0,0.004754433
0,0,0.006867214
0,0,0.0045454795
0,0,0.044436593
0,0,0.0039947154
0,0,0.0046682167
0,0,0.005392457
0,0,0.0036178415
0,0,0.024230491
0,0,0.0036964372
0,0,0.0042556236
0,0,0.0035690062
0,0,0.019321466
0,0,0.0049475892
0,0,0.0038794556
0,0,0.0037418122
0,0,0.004915807
0,0,0.00488089
0,0,0.06506402
0,0,0.003671745
0,0,0.004493772
0,0,0.0038131226
0,0,0.0036395714
0,0,0.0041392227
0,0,0.0036107206
0,0,0.017888647
0,0,0.00473761
0,0,0.0052372664
0,0,0.004298037
0,0,0.0041289222
0,1,0.75181377
0,0,0.0036577813
0,0,0.009619005
0,0,0.0037730774
0,0,0.0036867666
0,0,0.0049126195
0,0,0.0036000607
0,0,0.004047645
0,0,0.0040707523
0,0,0.0043395604
0,0,0.011241756
0,0,0.003761877
0,0,0.0078321835
0,0,0.004030052
0,0,0.003698394
0,0,0.003678301
0,0,0.005768182
0,0,0.005229784
0,0,0.0043057064
0,0,0.003880873
0,0,0.0039037347
0,0,0.004782046
0,0,0.0036412785
0,0,0.0040758825
0,0,0.0045054276
0,0,0.005993832
0,0,0.003911363
0,0,0.003680166
0,0,0.011514487
0,0,0.0075145597
0,0,0.004044359
0,0,0.0035714675
0,0,0.0041342606
0,0,0.0044377493
0,0,0.004786219
0,0,0.0060230764
0,0,0.0036614344
0,0,0.004025429
0,0,0.0058727
0,0,0.0046928567
0,0,0.025551919
0,0,0.0040370687
0,0,0.0042378367
0,0,0.005564716
0,0,0.0044287588
0,0,0.023637567
0,0,0.008775914
0,0,0.0055148704
0,0,0.0059570833
0,0,0.00365424
0,0,0.0045904936
0,0,0.0038935055
0,0,0.0051940545
0,0,0.01943887
0,0,0.003610705
0,0,0.005333106
0,0,0.004385817
0,0,0.0037693062
0,0,0.008247807
0,0,0.0056179794
0,0,0.0045505115
0,0,0.004064239
0,0,0.004111452
0,0,0.016758928
0,0,0.0036230225
0,0,0.003643774
0,0,0.004174258
0,0,0.00417407
0,0,0.006112069
0,0,0.0037634182
0,0,0.0056969165
0,0,0.0054757134
0,0,0.007322376
0,0,0.004030544
0,0,0.003921091
0,0,0.0037809503
0,0,0.0058071907
0,0,0.009347925
0,0,0.005033641
0,0,0.004812161
0,0,0.004663117
0,0,0.0040303604
0,0,0.0038871916
0,0,0.003761877
0,0,0.030415053
0,0,0.0046662274
0,0,0.019850474
0,0,0.014445144
0,0,0.0061480864
0,0,0.0041416157
0,0,0.0037351649
0,0,0.0068162386
0,0,0.006249886
0,0,0.0036649185
0,0,0.0045486544
0,0,0.0050163115
0,0,0.0055857124
0,0,0.033347074
0,0,0.0044617564
0,0,0.027828513
0,0,0.0048975446
0,0,0.0042060907
0,0,0.011627715
0,0,0.006960881
0,0,0.0043550115
0,0,0.0038528794
0,0,0.0043558343
0,0,0.0053875027
0,0,0.0041337837
0,0,0.007238525
0,0,0.008382753
0,0,0.36241558
0,0,0.011482943
0,0,0.023639519
0,0,0.003478581
0,0,0.04064793
0,0,0.0046549686
0,0,0.0053727874
0,0,0.004422588
0,0,0.0052190265
0,0,0.0036317501
0,0,0.0052798237
0,0,0.021844853
0,0,0.00845201
0,0,0.005385753
0,0,0.0037441573
0,0,0.0036655331
0,0,0.046517488
0,0,0.0037504486
0,0,0.0043402053
0,0,0.00624874
0,0,0.028524272
0,0,0.004418431
0,0,0.007683349
0,0,0.008542109
0,0,0.00363716
0,0,0.0036493542
0,0,0.0041355034
0,0,0.005482063
0,0,0.004223875
0,0,0.0036272528
0,0,0.0041532842
0,0,0.01678649
0,0,0.0037234027
0,0,0.006564585
0,0,0.020177044
0,0,0.0036726035
0,0,0.0038575798
0,0,0.016382067
0,0,0.004807507
0,0,0.0059278845
0,0,0.003748103
0,0,0.00823688
0,0,0.0048928782
0,0,0.017992718
0,0,0.0043303915
0,0,0.0041358843
0,0,0.027312316
0,0,0.011558188
0,0,0.0038851998
0,0,0.0041433466
0,0,0.0053934236
0,0,0.010305236
0,0,0.01815823
0,0,0.0076896306
0,0,0.0040482236
0,0,0.004346664
0,0,0.010689935
0,0,0.006742402
0,0,0.019693645
0,0,0.0035892685
0,0,0.0042149555
0,0,0.003920577
0,0,0.00646825
0,0,0.0041353796
0,0,0.007525165
0,0,0.0037510793
0,0,0.003784343
0,0,0.0037698452
0,0,0.036556482
0,0,0.0036644083
0,0,0.003943996
0,0,0.0039118775
0,0,0.003735333
0,0,0.004990669
0,0,0.0039348765
0,0,0.004756906
0,0,0.006764517
0,0,0.0038341295
0,0,0.0065643517
0,0,0.06771435
0,0,0.0054461462
0,0,0.0037709358
0,0,0.004175731
0,0,0.004213471
0,0,0.0036339248
0,0,0.0036325557
0,0,0.01651591
0,0,0.005167385
0,0,0.0045274603
0,0,0.005152503
0,0,0.005968476
0,0,0.0069055706
0,0,0.024547253
0,0,0.005103993
0,0,0.0065061315
0,0,0.003979313
0,0,0.010814183
0,0,0.003919019
0,0,0.005798187
0,0,0.00434529
0,0,0.0041795163
0,0,0.006002062
0,0,0.0036934353
0,0,0.0045571127
0,0,0.007045191
0,0,0.008001976
0,0,0.010873924
0,0,0.013160036
0,0,0.21741973
0,0,0.0035826967
0,0,0.003700102
0,0,0.004037372
0,0,0.02699366
0,0,0.003953394
0,0,0.0036837398
0,0,0.004538759
0,0,0.0037188986
0,0,0.0042116023
0,0,0.00382158
0,0,0.0047382484
0,0,0.003824925
0,0,0.005750617
0,0,0.0043663564
0,0,0.0041339346
0,0,0.019465879
0,0,0.0035586345
0,0,0.0067940685
0,0,0.004455113
0,0,0.0034138348
0,0,0.020286784
0,0,0.00381284
0,0,0.0058749523
0,0,0.013062386
0,0,0.0036589927
0,0,0.0053713326
0,0,0.0036810455
0,1,0.7392676
0,0,0.0039600898
0,0,0.012346074
0,0,0.0079456465
0,0,0.003651749
0,0,0.00382466
0,0,0.0038860617
0,0,0.00424597
0,0,0.004050562
0,0,0.004135158
0,0,0.004308377
0,0,0.010545219
0,0,0.0046891873
0,0,0.0037579176
0,0,0.005176266
0,0,0.00511257
0,0,0.010178388
0,0,0.0042335186
0,0,0.004280084
0,0,0.0033543934
0,0,0.005185559
0,0,0.003954402
0,0,0.008040369
0,0,0.0035784678
0,0,0.0038615786
0,0,0.005052497
0,0,0.004764764
0,0,0.016133424
0,0,0.0050496766
0,0,0.0038900787
0,0,0.003691839
0,0,0.009200867
0,0,0.018113468
0,0,0.0041379137
0,0,0.004119496
0,0,0.03136702
0,0,0.0036446184
0,0,0.0036187733
0,0,0.003790467
0,0,0.0044395193
0,0,0.0046518524
0,0,0.0036588903
0,0,0.004195943
0,0,0.003660907
0,0,0.010631285
0,0,0.0039642747
0,0,0.0036655331
0,0,0.0048896335
0,0,0.0067776944
0,0,0.0037711386
0,0,0.006038512
0,0,0.0044231885
0,0,0.011565539
0,0,0.003632416
0,0,0.015349255
0,0,0.0038585055
0,0,0.0035821418
0,0,0.0038377356
0,0,0.033129636
0,0,0.00415475
0,0,0.004340846
0,0,0.011317765
0,0,0.0038327584
0,0,0.008905616
0,0,0.011372699
0,0,0.00413962
0,0,0.004912265
0,0,0.0038100828
0,0,0.00823655
0,0,0.003857001
0,0,0.0044798083
0,0,0.0039043413
0,0,0.0037800397
0,0,0.004514642
0,0,0.0036460632
0,0,0.00362943
0,0,0.003651749
0,0,0.004413215
0,0,0.035664286
0,0,0.006186728
0,0,0.0037987265
0,0,0.026822392
0,0,0.0037740956
0,0,0.00594678
0,0,0.003620567
0,0,0.004091601
0,0,0.0040298724
0,0,0.0038005835
0,0,0.0037196197
0,0,0.0071062925
0,0,0.0038276515
0,0,0.0037988254
0,0,0.006938648
0,0,0.0054494636
0,0,0.0037369428
0,0,0.004372756
0,0,0.0042481176
0,0,0.00495254
0,0,0.006107329
0,0,0.0036355357
0,0,0.0043203067
0,0,0.004291194
0,0,0.04728665
0,0,0.0049999594
0,0,0.0068166293
0,0,0.0044540595
0,0,0.0041859215
0,0,0.003968012
0,0,0.012573814
0,0,0.0089076115
0,0,0.03972295
0,0,0.00391485
0,0,0.00365623
0,0,0.008789618
0,0,0.0058679916
0,0,0.0054785623
0,0,0.017296935
0,0,0.0040332745
0,0,0.005133193
0,0,0.005291223
0,0,0.0070506767
0,0,0.18836322
0,0,0.0038051265
0,0,0.0045059132
0,0,0.0043352135
0,0,0.0038833308
0,0,0.0036572914
0,0,0.004674094
0,0,0.0057822224
0,0,0.0059513487
0,0,0.009492244
0,0,0.005027956
0,0,0.0046435893
0,0,0.0043856814
0,0,0.006079838
0,0,0.006561551
0,0,0.0037387703
0,0,0.014470887
0,0,0.008296799
0,0,0.006576372
0,0,0.006834844
0,0,0.007287787
0,0,0.0042754146
0,0,0.006695568
0,0,0.0036371064
0,0,0.021345552
0,0,0.006034649
0,0,0.007012609
0,0,0.0065500755
0,0,0.005888162
0,0,0.00382158
0,0,0.003895211
0,0,0.0038235898
0,0,0.0033449968
0,0,0.0070111183
0,0,0.004824442
0,0,0.0046859416
0,0,0.00556
0,0,0.004028728
0,0,0.0039851004
0,0,0.13274004
0,0,0.0038125773
0,0,0.0053320765
0,0,0.003680664
0,0,0.005991977
0,0,0.006718915
0,0,0.003555248
0,0,0.0059085926
0,0,0.011224338
0,0,0.00409622
0,0,0.0047035464
0,0,0.00373917
0,0,0.0062051876
0,0,0.006248142
0,0,0.0067613465
0,0,0.0060921544
0,0,0.004052711
0,0,0.003925334
0,0,0.02738294
0,0,0.003943925
0,0,0.004646301
0,0,0.0037164576
0,0,0.0040763123
0,0,0.0077673797
0,0,0.0035037098
0,0,0.0040545017
0,0,0.0042930935
0,0,0.004015462
0,0,0.37903592
0,0,0.0036991218
0,0,0.004292714
0,0,0.004334353
0,0,0.0036891075
0,0,0.005085752
0,0,0.06399996
0,0,0.00401289
0,0,0.0037239762
0,0,0.0051715397
0,0,0.010105654
0,0,0.2343813
0,0,0.0075412504
0,0,0.018542351
0,0,0.0038451876
0,0,0.0036592155
0,0,0.009121542
0,0,0.005645358
0,0,0.012360409
0,0,0.005007245
0,0,0.0039394055
0,0,0.003659318
0,0,0.003611872
0,0,0.003643774
0,0,0.033292852
0,0,0.02416625
0,0,0.004231055
0,0,0.0046947524
0,0,0.0036327406
0,0,0.015391862
0,0,0.004750414
0,0,0.005290641
0,0,0.0038655074
0,0,0.0036955436
0,0,0.0036187733
0,0,0.0043630656
0,0,0.0035764703
0,0,0.004185683
0,0,0.004950771
0,0,0.0036613124
0,0,0.006652422
0,0,0.006385171
0,0,0.0063870377
0,0,0.0037985567
0,0,0.004218023
0,0,0.0060507334
0,0,0.03138936
0,0,0.0040082196
0,0,0.004170163
0,0,0.005546434
0,0,0.0045815515
0,0,0.006419256
0,0,0.0036495205
0,0,0.0036728303
0,0,0.004136676
0,0,0.0051722876
0,0,0.043905675
0,0,0.0037224637
0,0,0.039277233
0,0,0.02061847
0,0,0.07205765
0,0,0.004692665
0,0,0.003512316
0,0,0.0052051144
0,0,0.0059157247
0,0,0.0044207387
0,0,0.00438916
0,0,0.0049944846
0,0,0.0036705502
0,0,0.0036448196
0,0,0.0036603229
0,0,0.0036428946
0,0,0.0043325447
0,0,0.0038558105
0,0,0.0038487748
0,0,0.0043900786
0,0,0.0068595763
0,0,0.017477136
0,0,0.0036826583
0,0,0.0038282932
0,0,0.0037643192
0,0,0.0044019115
0,0,0.0043887156
0,0,0.0100229485
0,0,0.010153984
0,0,0.004611894
0,0,0.0039501693
0,0,0.030057121
0,0,0.004531554
0,0,0.004292918
0,0,0.004903637
0,0,0.058203734
0,0,0.0037651078
0,0,0.00445635
0,0,0.0065719346
0,0,0.013606344
0,0,0.0035054553
0,0,0.00374194
0,0,0.003745561
0,0,0.037470765
0,0,0.0037783254
0,0,0.016125705
0,0,0.0037133533
0,0,0.010429484
0,0,0.011411441
0,0,0.004950771
0,0,0.004900369
0,0,0.0044102347
0,0,0.0056998287
0,0,0.005362917
0,0,0.027983835
0,0,0.07554404
0,0,0.003657524
0,0,0.030408885
0,0,0.004042007
0,0,0.0064584916
0,0,0.008667726
0,0,0.004276188
0,0,0.0044984715
0,0,0.0058839377
0,0,0.0040308884
0,0,0.0053821905
0,0,0.0040108515
0,0,0.003643774
0,0,0.0073363613
0,1,0.8625552
0,0,0.005855415
0,0,0.0036918162
0,0,0.015346978
0,0,0.003709418
0,0,0.0038597155
0,0,0.0040120785
0,0,0.010699742
0,0,0.0038025104
0,0,0.005134345
0,0,0.005104945
0,0,0.0038727506
0,0,0.013093552
0,0,0.07451068
0,0,0.103669465
0,0,0.003944157
0,0,0.004966129
0,0,0.0048491014
0,0,0.0061196396
0,0,0.005932371
0,0,0.034160938
0,0,0.01803786
0,0,0.0037948722
0,0,0.0035764703
0,0,0.007190414
0,0,0.005239209
0,0,0.015269493
0,0,0.011450172
0,0,0.01311374
0,0,0.03446603
0,0,0.0066597923
0,0,0.005108768
0,0,0.007149356
0,0,0.0046599046
0,0,0.0041807387
0,0,0.0055194227
0,0,0.0059319125
0,0,0.003729535
0,0,0.008260097
0,0,0.0039660884
0,0,0.0051018945
0,0,0.0076832217
0,0,0.0041226507
0,0,0.007110671
0,0,0.0037228635
0,0,0.007141065
0,0,0.005853972
0,0,0.008899873
0,0,0.0039596907
0,0,0.0045474283
0,0,0.0046456875
0,0,0.0038006792
0,0,0.0038326585
0,0,0.0046794345
0,0,0.003919402
0,0,0.012452316
0,0,0.0043473886
0,0,0.003816676
0,0,0.0058867587
0,0,0.0036320863
0,0,0.0036837729
0,0,0.0041166446
0,0,0.003917489
0,0,0.008459531
0,0,0.006894181
0,0,0.0036524937
0,0,0.0065378463
0,0,0.003767806
0,0,0.0056155217
0,0,0.013053745
0,0,0.004306696
0,0,0.0059912815
0,0,0.0043039364
0,0,0.006512147
0,0,0.0045268415
0,0,0.0037845946
0,0,0.0041436614
0,0,0.0049434006
0,0,0.003966143
0,0,0.01214701
0,0,0.0037204253
0,0,0.00934857
0,0,0.0042681573
0,0,0.0044840956
0,0,0.003553527
0,0,0.007976969
0,0,0.004715231
0,0,0.0037003781
0,0,0.025821615
0,0,0.0037318391
0,0,0.26870805
0,0,0.0038924706
0,0,0.0038775308
0,0,0.00562158
0,0,0.0035978581
0,0,0.0059411144
0,0,0.0036528825
0,0,0.004177748
0,0,0.013250618
0,0,0.0037331742
0,0,0.022912951
0,0,0.0037015195
0,0,0.0036662577
0,0,0.02861919
0,0,0.009266743
0,0,0.0046715415
0,0,0.0054901415
0,0,0.0037183508
0,0,0.003643774
0,0,0.008217711
0,0,0.005246043
0,0,0.005339661
0,0,0.004420042
0,0,0.0517815
0,0,0.0049896482
0,0,0.0041216346
0,0,0.004699704
0,0,0.0037614254
0,0,0.003842593
0,0,0.026307529
0,0,0.0041941726
0,0,0.0049493033
0,0,0.0036187733
0,0,0.017128494
0,0,0.012389659
0,0,0.005961196
0,0,0.0062473547
0,0,0.006466338
0,0,0.0050087557
0,0,0.0036677748
0,0,0.0036172178
0,0,0.0056035602
0,0,0.0041171885
0,0,0.0060950425
0,0,0.0037399712
0,0,0.0035855302
0,0,0.0055864113
0,0,0.0036985872
0,0,0.048426148
0,0,0.0063029937
0,0,0.015800029
0,0,0.005062676
0,0,0.0049611125
0,0,0.0040589366
0,0,0.009874241
0,0,0.0062364163
0,0,0.011466758
0,0,0.0041884924
0,0,0.004601364
0,0,0.0042539304
0,0,0.0036703027
0,0,0.0036265394
0,0,0.0035502547
0,0,0.0096441265
0,0,0.003755362
0,0,0.006818773
0,0,0.0072757783
0,0,0.0036212348
0,0,0.0150722815
0,0,0.003837577
0,0,0.0063101477
0,0,0.003816676
0,0,0.00444466
0,0,0.04194703
0,0,0.0037513198
0,0,0.0049795494
0,0,0.005748006
0,0,0.0035387534
0,0,0.0103092445
0,0,0.0040084235
0,0,0.009236913
0,0,0.0067874463
0,0,0.003607747
0,0,0.00396613
0,0,0.09324711
0,0,0.00416867
0,0,0.0036428792
0,0,0.0038577742
0,0,0.005573819
0,0,0.0036983222
0,0,0.0074727717
0,0,0.008283196
0,0,0.005545858
0,0,0.0057245633
0,0,0.004236662
0,0,0.0042623393
0,0,0.0036555089
0,0,0.00364946
0,0,0.0039099287
0,0,0.0053102304
0,0,0.006740135
0,0,0.021957785
0,0,0.0042690956
0,0,0.004086651
0,0,0.0042604976
0,0,0.009495373
0,0,0.008598667
0,0,0.003912238
0,0,0.0077983434
0,0,0.008570866
0,0,0.0052226717
0,0,0.004737219
0,0,0.009013824
0,0,0.010707493
0,0,0.0060963742
0,0,0.020764502
0,0,0.0060308552
0,0,0.0038090078
0,0,0.013488425
0,0,0.0036484492
0,0,0.005605774
0,0,0.004838636
0,0,0.0051541314
0,0,0.004380554
0,0,0.0041086045
0,0,0.0039298204
0,0,0.0044412077
0,1,0.7071431
0,0,0.004130915
0,0,0.003982332
0,0,0.010251418
0,0,0.007358752
0,0,0.0041759275
0,0,0.051351003
0,0,0.03610722
0,0,0.003917908
0,0,0.004477763
0,0,0.004125018
0,0,0.0037770835
0,0,0.0036655331
0,0,0.0055830427
0,0,0.0038065894
0,0,0.007879692
0,0,0.003776947
0,0,0.003621959
0,0,0.022156255
0,0,0.003724666
0,0,0.0069281217
0,0,0.005454063
0,0,0.003873593
0,0,0.014764868
0,0,0.0036691972
0,0,0.0037394436
0,0,0.032874495
0,0,0.011845287
0,0,0.0048940135
0,0,0.006653701
0,0,0.0037528651
0,0,0.0042185257
0,0,0.0037369428
0,0,0.005464919
0,0,0.003941144
0,0,0.0036291594
0,0,0.011949569
0,0,0.0095594805
0,0,0.01140923
0,0,0.0036295557
0,0,0.0055109905
0,0,0.024739746
0,0,0.0056492616
0,0,0.006366535
1,0,0.022939127
0,0,0.027353168
0,0,0.0038413065
0,0,0.011826933
0,0,0.005553179
0,0,0.0037592263
0,0,0.0040741293
0,0,0.00684721
0,0,0.006144731
0,0,0.0036093707
0,0,0.0041590827
0,0,0.0036797202
0,0,0.007198909
0,0,0.004900325
0,0,0.005074988
0,0,0.0036484492
0,0,0.0049591074
0,0,0.033940427
0,0,0.019936627
0,0,0.0045880387
0,0,0.0041067125
0,0,0.003676739
0,0,0.005756946
0,0,0.0075042145
0,0,0.0043572136
0,0,0.0055127526
0,0,0.0038590536
0,0,0.0037447037
0,0,0.0037389246
0,0,0.003873641
0,0,0.008108797
0,0,0.007913986
0,0,0.009610882
0,0,0.0036322298
0,0,0.0044842935
0,0,0.004066662
0,0,0.0062329634
0,0,0.0044380063
0,0,0.004249796
0,0,0.0061293365
0,0,0.005803712
0,0,0.0043177395
0,0,0.02855899
0,0,0.00521406
0,0,0.0037151796
0,0,0.0046968004
0,0,0.009401384
0,0,0.0038567334
0,0,0.00473616
0,0,0.004202657
0,0,0.003550523
0,0,0.016756333
0,0,0.009142343
0,0,0.0036428792
0,0,0.003643774
0,0,0.0041003907
0,0,0.0038843234
0,0,0.0056090704
0,0,0.00431907
0,0,0.006130444
0,0,0.005313531
0,0,0.004989132
0,0,0.0063783797
0,0,0.003754493
0,0,0.005943545
0,0,0.29840046
0,0,0.0042712693
0,0,0.003420761
0,0,0.005580597
0,0,0.0059944317
0,0,0.0037082145
0,0,0.09596327
0,0,0.015263888
0,0,0.0038126337
0,0,0.019128205
0,0,0.004754904
0,0,0.006134687
0,0,0.007076174
0,0,0.00352223
0,0,0.03297492
0,0,0.0042908983
0,0,0.007911396
0,0,0.004014114
0,0,0.0036294558
0,0,0.0036714694
0,0,0.0036440887
0,0,0.005930338
0,0,0.0037331937
0,0,0.038443405
0,0,0.0037026026
0,0,0.0038085608
0,0,0.0068785115
0,0,0.003945345
0,0,0.0036448196
0,0,0.0036496818
0,0,0.0041393503
0,0,0.0044022943
0,0,0.00594206
0,0,0.0055575934
0,0,0.0064339708
0,0,0.004747842
0,0,0.00561171
0,0,0.010641491
0,0,0.0042743976
0,0,0.035056006
0,0,0.0052491045
0,0,0.047161203
0,0,0.0038109731
0,0,0.04326593
0,0,0.00469771
0,0,0.004282001
0,0,0.0062874677
0,0,0.0038917845
0,0,0.0037633607
0,0,0.008586484
0,0,0.004109955
0,0,0.0065336013
0,0,0.004737322
0,0,0.0040254137
0,0,0.016465032
0,0,0.0046383357
0,0,0.004190806
0,0,0.004914634
0,0,0.0051164543
0,0,0.0057165897
0,0,0.008192918
0,0,0.010104381
0,0,0.020314885
0,0,0.0093762735
0,0,0.021895733
0,0,0.003725356
0,0,0.012771627
0,0,0.0043625413
0,0,0.0051669637
0,0,0.005726262
0,0,0.0049293237
0,0,0.011856549
0,0,0.0042903298
0,0,0.0058128345
0,0,0.004526515
0,0,0.0039111716
0,0,0.004053947
0,0,0.10402134
0,0,0.004636669
0,0,0.0036125667
0,0,0.0038198212
0,0,0.0058161505
0,0,0.003814532
0,0,0.0041306303
0,0,0.01644381
0,0,0.006562729
0,0,0.053192195
0,0,0.0058575664
0,0,0.0037419293
0,0,0.0047764145
0,0,0.0058685117
0,0,0.004788959
0,0,0.014577961
0,0,0.006543833
0,0,0.0039868914
0,0,0.015213226
0,0,0.013418536
0,0,0.0039138384
0,0,0.004070101
0,0,0.0069709644
0,0,0.009350138
0,0,0.011254144
0,0,0.0046262345
0,0,0.004459285
0,0,0.033296335
0,0,0.0041235434
0,0,0.003948393
0,0,0.0054197675
0,0,0.0064005693
0,0,0.02695118
0,0,0.026765045
0,0,0.016840596
0,0,0.0036660018
0,0,0.004728562
0,0,0.0037418122
0,0,0.009992921
0,0,0.0644009
0,0,0.0042924145
0,0,0.0074383575
0,0,0.0036869927
0,0,0.005645197
0,0,0.055224355
0,0,0.0034995652
0,0,0.0036650002
0,0,0.005323303
0,0,0.0039799064
0,0,0.00413333
0,0,0.0037268414
0,0,0.0065353657
0,0,0.020051
0,0,0.0062992764
0,0,0.006423241
0,0,0.004832656
0,0,0.0036291883
0,0,0.0056963763
0,0,0.0034532838
0,0,0.003811853
0,0,0.0055373544
0,0,0.0046833563
0,0,0.0041318936
0,0,0.006729329
0,0,0.006041031
0,0,0.0110296
0,0,0.004326308
0,0,0.0040892037
0,0,0.0042656576
0,0,0.007569296
0,0,0.0036187733
0,0,0.020099875
0,0,0.004309854
0,0,0.0040426003
0,0,0.005044811
0,0,0.010190708
0,0,0.0049243234
0,0,0.007932986
0,0,0.0037797973
0,0,0.0037327574
0,0,0.0037652976
0,0,0.019591758
0,0,0.0050075967
0,0,0.0036694186
0,0,0.006932904
0,0,0.004313015
0,0,0.003658195
0,0,0.0055222055
0,0,0.003756495
0,0,0.0039394954
0,0,0.004694799
0,0,0.00520506
0,0,0.014471568
0,0,0.004486495
0,0,0.0060755005
0,0,0.0042117746
0,0,0.0064086323
0,0,0.028378746
0,0,0.0066317953
0,0,0.0042933784
0,0,0.0038731166
0,0,0.0036241694
0,0,0.0041447477
0,0,0.0036582681
0,0,0.011774956
0,0,0.0039982116
0,0,0.004544567
0,0,0.0042871474
0,0,0.005352435
0,0,0.01021117
0,0,0.0037936482
0,0,0.0045542046
0,0,0.004698368
0,0,0.003923245
0,0,0.020503862
0,0,0.0035243174
0,0,0.0045407093
0,0,0.0046010977
0,0,0.004538742
0,0,0.0036933813
0,0,0.0052004475
0,0,0.0039061904
0,0,0.015969818
0,0,0.003922945
0,0,0.003753477
0,0,0.0050674314
0,0,0.012414031
0,0,0.0060877474
0,0,0.0050714356
0,0,0.0037941819
0,0,0.0041233045
0,0,0.0036782436
0,0,0.01285223
0,0,0.003951961
0,0,0.0037418122
0,0,0.017919257
0,0,0.004418796
0,0,0.003983957
0,0,0.003643774
0,0,0.00947596
0,0,0.00382087
0,0,0.005609177
0,0,0.004218868
0,0,0.0042980574
0,0,0.003673774
0,0,0.0085399365
0,0,0.0065609226
0,0,0.013134188
0,0,0.027478425
0,0,0.0038318357
0,0,0.0038892305
0,0,0.0038003058
0,0,0.0038394076
0,0,0.0138162365
0,0,0.0054066693
0,0,0.0037230614
0,0,0.0046808585
0,0,0.0059632924
0,0,0.004794198
0,0,0.003878905
0,0,0.0039754068
0,0,0.004259705
0,0,0.004000662
0,0,0.0040311757
0,0,0.0040784148
0,0,0.0035811549
0,0,0.012691415
0,0,0.009198008
0,0,0.025890669
0,0,0.0054997285
0,0,0.0036000607
0,0,0.0045979866
0,0,0.003623701
0,0,0.0038807567
0,0,0.003825532
0,0,0.0041729603
0,0,0.0039803544
0,0,0.0037550444
0,0,0.047863696
0,0,0.0050829803
0,0,0.0038705305
0,0,0.0044801426
0,0,0.004187138
0,0,0.0036569734
0,0,0.003764686
0,0,0.0050352416
0,0,0.0039098137
0,0,0.012611617
0,0,0.003671506
0,0,0.0037709484
0,0,0.0041833404
0,0,0.0041726273
0,0,0.005438011
0,0,0.006447455
0,0,0.0040277275
0,0,0.012627107
0,0,0.004867824
0,0,0.118676744
0,0,0.005019699
0,0,0.0037036212
0,0,0.0038668318
0,0,0.004021582
0,0,0.0037917153
0,0,0.003623701
0,0,0.010819602
0,0,0.0156159755
0,0,0.0036428792
0,0,0.0036693853
0,0,0.0071561555
0,0,0.0058183097
0,0,0.009419159
0,0,0.0038017393
0,0,0.004105529
0,0,0.0059088194
0,0,0.0044293283
0,0,0.0036785614
0,0,0.004368896
0,0,0.0037507568
0,0,0.013098026
0,0,0.0043351087
0,0,0.003744332
0,0,0.014786103
0,0,0.003804167
0,0,0.020874895
0,0,0.006591545
0,0,0.012010156
0,0,0.005096657
0,0,0.0037327115
0,0,0.010779969
0,0,0.003643774
0,0,0.011429114
0,0,0.003941101
0,0,0.0036571159
0,0,0.0072316546
0,0,0.0055148704
0,0,0.004962601
0,0,0.0036320328
0,0,0.004350139
0,0,0.004751735
0,0,0.004814429
0,0,0.0068743015
0,0,0.006688918
0,0,0.003816308
0,0,0.0048895986
0,0,0.0041102883
0,0,0.0038380818
0,0,0.0038265663
0,0,0.004282051
0,0,0.012192876
0,0,0.0051565375
0,0,0.004304194
0,0,0.0039166985
0,0,0.0041134283
0,0,0.013088728
0,0,0.0043408526
0,0,0.0073840404
0,0,0.004525344
0,0,0.0041453303
0,0,0.0057614837
0,0,0.0036235943
0,0,0.0039034293
0,0,0.0050373464
0,0,0.00593715
0,0,0.0036276456
0,0,0.004751187
0,0,0.011958202
0,0,0.0055054245
0,0,0.0036428792
0,0,0.0037207396
0,0,0.0041539175
0,0,0.0038888871
0,0,0.0035314083
0,0,0.05536377
0,0,0.010161971
0,0,0.004610106
0,0,0.0037556386
0,0,0.004529868
0,0,0.0048986184
0,0,0.0046332683
0,0,0.0036985872
0,0,0.003627937
0,0,0.0035832382
0,0,0.0038420311
0,0,0.0039290404
0,0,0.0044214986
0,0,0.0058316914
0,0,0.0055078086
0,0,0.0051387167
0,0,0.0056526917
0,0,0.0038514028
0,0,0.004886479
0,0,0.011827601
0,0,0.0036575939
0,0,0.0039806343
0,0,0.003627944
0,0,0.008506556
0,0,0.0036428792
0,0,0.009140766
0,0,0.003563139
0,0,0.003961982
0,0,0.005459518
0,0,0.0064817285
0,0,0.0037629567
0,0,0.007805486
0,0,0.004106065
0,0,0.008607918
0,0,0.0067902147
0,0,0.005800986
0,0,0.013367318
0,0,0.0037247264
0,0,0.0051761586
0,0,0.004293921
0,0,0.00632837
0,0,0.0038169592
0,0,0.005176092
1,1,0.99691606
0,0,0.005832928
0,0,0.0037357784
0,0,0.0039041669
0,0,0.0060088965
0,0,0.012539895
0,0,0.0038227802
0,0,0.0037555208
0,0,0.0071742055
0,0,0.004125649
0,0,0.07183878
0,0,0.004083927
0,0,0.0045100497
0,0,0.0073560462
0,0,0.004466291
0,0,0.0035470508
0,0,0.0041334988
0,0,0.0036363478
0,0,0.0061747245
0,0,0.00530107
0,0,0.009029764
0,0,0.012198545
0,0,0.0042431564
0,0,0.0946352
0,0,0.0048278426
0,0,0.0042395475
0,0,0.003647087
0,0,0.0036306682
0,0,0.0043885284
0,0,0.0038418595
0,0,0.008062029
0,0,0.0038455531
0,0,0.006329984
0,0,0.003674186
0,0,0.0049612164
0,0,0.0042078043
0,0,0.006108834
0,0,0.004085473
0,0,0.00609398
0,0,0.00931608
0,0,0.0036429707
0,0,0.00382158
0,0,0.101583414
0,0,0.0039146133
0,0,0.0038819034
0,0,0.003495178
0,0,0.0037103978
0,0,0.017324774
0,0,0.003821026
0,0,0.0078009604
0,0,0.004459516
0,0,0.0038870492
0,0,0.0053406716
0,0,0.003643774
0,0,0.0113171525
0,0,0.00619671
0,0,0.004500616
0,0,0.004367874
0,0,0.003667836
0,0,0.0036194853
0,0,0.0037534465
0,0,0.39636675
0,0,0.0036412785
0,0,0.0037935656
0,0,0.0049172956
0,0,0.004127566
0,0,0.00368287
0,0,0.0165834
0,0,0.0043595852
0,0,0.00378325
0,0,0.0068789576
0,0,0.0074251248
0,0,0.0037083537
0,0,0.0045550885
0,0,0.0036428792
0,0,0.0036622188
0,0,0.004674527
0,0,0.005653278
0,0,0.0036731563
0,0,0.00837357
0,0,0.0058577443
0,0,0.00364394
0,0,0.004540337
0,0,0.0041380357
0,0,0.0050317217
0,0,0.0048476243
0,0,0.007818826
0,0,0.003986346
0,0,0.0036546201
0,0,0.0038244908
0,0,0.003615998
0,0,0.003828941
0,0,0.0043243803
0,0,0.0045825522
0,0,0.00554121
0,0,0.0046421457
0,0,0.0037393246
0,0,0.0036186136
0,0,0.0037666035
0,0,0.0043532457
0,0,0.02789295
0,0,0.003754493
0,0,0.007727008
0,0,0.0077477912
0,0,0.008109349
0,0,0.00377659
0,0,0.0038406663
0,0,0.009336738
0,0,0.023613764
0,0,0.073515534
0,0,0.005192993
0,0,0.003942803
0,0,0.0049245735
0,0,0.006736481
0,0,0.05110848
0,0,0.0035400165
0,0,0.00382454
0,0,0.016842853
0,0,0.0036005618
0,0,0.014581202
0,0,0.0036293645
0,0,0.008732203
0,0,0.019045897
0,0,0.015318923
0,0,0.003665495
0,0,0.006938234
0,0,0.0040599024
0,0,0.0069306223
0,0,0.03201248
0,0,0.0036370389
0,0,0.0053680013
0,0,0.40095916
0,0,0.003643774
0,0,0.0051700287
0,0,0.011427449
0,0,0.0041137077
0,0,0.00590757
0,0,0.003643774
0,0,0.003911508
0,0,0.0038400532
0,0,0.005986186
0,0,0.005386961
0,0,0.010858594
0,0,0.003986412
0,0,0.005866765
0,0,0.048504047
0,0,0.0047851354
0,0,0.003630651
0,0,0.0035587107
0,0,0.0036080095
0,0,0.004132653
0,0,0.0038801227
0,0,0.0041113934
0,0,0.003643774
0,0,0.006135111
0,0,0.007618845
0,0,0.03937774
0,0,0.004900848
0,0,0.009029427
0,0,0.003650171
0,0,0.0037180453
0,0,0.0069708023
0,0,0.0036284404
0,0,0.07418619
0,0,0.0036412368
0,0,0.008190513
0,0,0.02433152
0,0,0.0047089066
0,0,0.023680568
0,0,0.0037219347
0,0,0.011887893
0,0,0.0049112304
0,0,0.0038575798
0,0,0.0052132662
0,0,0.027003305
0,0,0.0036751116
0,0,0.0047006565
0,0,0.0059618033
0,0,0.03562057
0,0,0.0040127127
0,0,0.003980927
0,0,0.3436372
0,0,0.0037987265
0,0,0.0060142702
0,0,0.004165305
0,0,0.008430921
0,0,0.003643774
0,0,0.003974074
0,0,0.005307007
0,0,0.00618513
0,0,0.0041895523
0,0,0.016753774
0,0,0.0060870266
0,0,0.004451692
0,0,0.004024995
0,0,0.004653588
0,0,0.0039949184
0,0,0.004751169
0,0,0.028662583
0,0,0.00795666
0,0,0.0037382606
0,0,0.0054490757
0,0,0.0038853053
0,0,0.0046723397
0,0,0.0035413406
0,0,0.003681962
0,0,0.0059365314
0,0,0.0040666927
0,0,0.00367152
0,0,0.0070315204
0,0,0.004367229
0,0,0.0048971847
0,0,0.0041713156
0,0,0.004361539
0,0,0.0076359813
0,0,0.0040598754
0,0,0.0044096652
0,0,0.011397431
0,0,0.0038901693
0,0,0.011534426
0,0,0.0039021147
0,0,0.029692257
0,0,0.005729456
0,0,0.0039664106
0,0,0.0043296576
0,0,0.004218938
0,0,0.007197204
0,0,0.005147966
0,0,0.0036632319
0,0,0.0039578914
0,0,0.0049873143
0,0,0.01665316
0,0,0.003643774
0,0,0.004090701
0,0,0.0050992863
0,0,0.003930726
0,0,0.004852775
0,0,0.0054057795
0,0,0.006744619
0,0,0.0776204
0,0,0.005412344
0,0,0.04429404
0,0,0.007307488
0,0,0.0036421593
0,0,0.0038647659
0,0,0.004422412
0,0,0.0046464065
0,0,0.003627944
0,0,0.0040465686
0,0,0.0038449976
0,0,0.022605268
0,0,0.03517253
0,0,0.003998582
0,0,0.0062489146
0,0,0.0048913667
0,0,0.015701689
0,0,0.004166011
0,0,0.010521816
0,0,0.0052239527
0,0,0.0039008507
0,0,0.0037702105
0,0,0.0046924558
0,0,0.0053340364
0,0,0.0038458852
0,0,0.00914513
0,0,0.02942761
0,0,0.0041499725
0,0,0.019543875
0,0,0.005566234
0,0,0.015033349
0,0,0.0037002587
0,0,0.004584434
0,0,0.020682884
0,0,0.003982387
0,0,0.005012943
0,0,0.0063004703
0,0,0.006116157
0,0,0.0057673017
0,0,0.007042483
0,0,0.0038966897
0,0,0.004886781
0,0,0.039057348
0,0,0.005674324
0,0,0.008246609
0,0,0.0063670357
0,0,0.0035674009
0,0,0.0040201633
0,0,0.0072045103
0,0,0.00481067
0,0,0.029427031
0,0,0.0037400227
0,0,0.0046721646
0,0,0.003890476
0,0,0.003999484
0,0,0.0036431937
0,0,0.0034867495
0,0,0.003706962
0,0,0.0037571893
0,0,0.006450116
0,0,0.01365699
0,0,0.017230112
0,0,0.011480312
0,0,0.0047059217
0,0,0.003793971
0,0,0.0082598915
0,0,0.0040385243
0,0,0.0037476756
0,0,0.00375173
0,0,0.0034850899
0,0,0.013878148
0,0,0.00655299
0,0,0.0041972403
0,0,0.007180617
0,0,0.004244587
0,0,0.0041155796
0,0,0.004749582
0,0,0.0042643044
0,0,0.03797296
0,0,0.011068668
0,0,0.0036412785
0,0,0.0059878887
0,0,0.005981637
0,0,0.016634857
0,0,0.01082514
0,0,0.004107916
0,0,0.010049726
0,0,0.013851566
0,0,0.0072726514
0,0,0.0044275247
0,0,0.003803466
0,0,0.0041399873
0,0,0.0046385075
0,0,0.004284392
0,0,0.0093632955
0,0,0.0041384897
0,0,0.0039286036
0,0,0.003754493
0,0,0.0035982104
0,0,0.051269308
0,0,0.004193836
0,0,0.0039141504
0,0,0.0037416418
0,0,0.0037941819
0,0,0.003968176
0,0,0.0059495033
0,0,0.0053911195
0,0,0.0043462617
0,0,0.0044077546
0,0,0.034881826
0,0,0.0072051035
0,0,0.0055160606
0,0,0.003646893
0,0,0.003745561
0,0,0.0045661917
0,0,0.0064986087
0,0,0.006114143
0,0,0.003899219
0,0,0.0049741655
0,0,0.0047759837
0,0,0.009129653
0,0,0.014144393
0,0,0.003565569
0,0,0.0038237441
0,0,0.0044299634
0,0,0.0128455525
0,0,0.003816676
0,0,0.0037310377
0,0,0.014783351
0,0,0.004053691
0,0,0.0047589587
0,0,0.0050176564
0,0,0.0041966685
0,0,0.003967059
0,0,0.006926731
0,0,0.0043369303
0,0,0.036837205
0,0,0.00480657
0,0,0.0062355893
0,0,0.0040811254
0,0,0.0054662977
0,0,0.005434649
0,0,0.0040877806
0,0,0.0046771676
0,0,0.009999475
0,0,0.005611148
0,0,0.00429679
0,0,0.003998618
0,0,0.0034956497
0,0,0.004567553
0,0,0.01879841
0,0,0.009793753
0,0,0.004930306
0,0,0.009086385
0,0,0.0065007056
0,0,0.0068076216
0,0,0.0048771435
0,0,0.019098364
0,0,0.00540162
0,0,0.0056046415
0,0,0.0038494712
0,0,0.0065872343
0,0,0.005772995
0,0,0.005487916
0,0,0.00361563
0,0,0.004059908
0,0,0.0040140073
0,0,0.0039429283
0,0,0.005274522
0,0,0.0048099263
0,0,0.0037818518
0,0,0.008153942
0,0,0.0041318643
0,0,0.0044333567
0,0,0.0129466485
0,0,0.0043362286
0,0,0.003947568
0,0,0.010379284
0,0,0.016140632
0,0,0.0048755566
0,0,0.004014888
0,0,0.0312657
0,0,0.0038210426
0,0,0.0047000516
0,0,0.014567813
0,0,0.00401852
0,0,0.0041244463
0,0,0.00901811
0,0,0.009056544
0,0,0.004514451
0,0,0.004684492
0,0,0.0045148004
0,0,0.003659523
0,0,0.006018146
0,0,0.044819437
0,0,0.0037652133
0,0,0.0052871313
0,0,0.0045676245
0,0,0.0042539183
0,0,0.00783811
0,0,0.0053823823
0,0,0.0044227936
0,0,0.050271735
0,0,0.0035519823
0,0,0.004391098
0,0,0.0036674074
0,0,0.01019909
0,0,0.005498114
0,0,0.003913496
0,0,0.010274249
0,0,0.079643525
0,0,0.005440761
0,0,0.0050771195
0,0,0.0052114637
0,0,0.003682562
0,0,0.0074289604
0,0,0.0067074425
0,0,0.0037819187
0,0,0.0038281004
0,0,0.0056170104
0,0,0.0044187456
0,0,0.057151783
0,0,0.0037447945
0,0,0.004763801
0,0,0.043728136
0,0,0.004873891
0,0,0.0040875105
0,0,0.008907704
0,0,0.008775487
0,0,0.0041986476
0,0,0.005427216
0,0,0.0036611124
0,0,0.0037327574
0,0,0.00423966
0,1,0.64345026
0,0,0.004629039
0,0,0.0076267403
0,0,0.0062025413
0,0,0.003763529
0,0,0.00477838
0,0,0.069637604
0,0,0.0036747674
0,0,0.0056865783
0,0,0.004472847
0,0,0.004100953
0,0,0.004314268
0,0,0.032063615
0,0,0.003774612
0,0,0.0040509235
0,0,0.0040806932
0,0,0.0044489815
0,0,0.007626022
0,0,0.00804189
0,0,0.01031213
0,0,0.00457667
0,0,0.0955257
0,0,0.0075793928
0,0,0.00423527
0,0,0.0036900032
0,0,0.006488706
0,0,0.004304995
0,0,0.005395803
0,0,0.0033676622
0,0,0.0037963327
0,0,0.003671682
0,0,0.0039813095
0,0,0.015057791
0,0,0.003577614
0,0,0.0036428792
0,0,0.010890723
0,0,0.20626147
0,0,0.004681234
0,0,0.17053944
0,0,0.020706387
0,0,0.008930329
0,0,0.009088412
0,0,0.003999106
0,0,0.003509755
0,0,0.0035588646
0,0,0.0040760566
0,0,0.009161689
0,0,0.004446188
0,0,0.003913407
0,0,0.0042322506
0,0,0.004029279
0,0,0.0041307476
0,0,0.10776692
0,0,0.004549773
0,0,0.0035994654
0,0,0.0035361063
0,0,0.005861803
0,0,0.0038070993
0,0,0.0072324285
0,0,0.017943382
0,0,0.05046114
0,0,0.012213827
0,0,0.005907377
0,0,0.004152819
0,0,0.004409104
0,0,0.110198155
0,0,0.006733521
0,0,0.0035783572
0,0,0.006023873
0,0,0.013943774
0,0,0.003827415
0,0,0.0036576928
0,0,0.033424802
0,0,0.003640543
0,0,0.0036763654
0,0,0.0052109915
0,0,0.005044859
0,0,0.0058425055
0,0,0.006573902
0,0,0.055182256
0,0,0.006128657
0,0,0.004214379
0,0,0.0036572914
0,1,0.5303932
0,0,0.0037419293
0,0,0.0038366748
0,0,0.0039187134
0,0,0.0043167206
0,0,0.0035974158
0,0,0.005361536
0,0,0.0035890501
0,0,0.003886758
0,0,0.008315586
0,0,0.00401689
0,0,0.0039015126
0,0,0.0038060632
0,0,0.003809681
0,0,0.0037050731
0,0,0.00675323
0,0,0.008224296
0,0,0.0046668565
0,0,0.005162162
0,0,0.0036346568
0,0,0.0046132295
0,0,0.0037480635
0,0,0.023869012
0,0,0.0052992147
0,0,0.005129581
0,0,0.0047406554
0,0,0.016105458
0,0,0.005147363
0,0,0.0070435503
0,0,0.005367449
0,0,0.004679621
0,0,0.003651749
0,0,0.0036059085
0,0,0.0057719736
0,0,0.004155113
0,0,0.004284392
0,0,0.0038228724
0,0,0.005194974
0,0,0.019569412
0,0,0.0040792827
0,0,0.0044706566
0,0,0.008359173
0,0,0.0066104964
0,0,0.0042046946
0,0,0.0037327574
0,0,0.0037185326
0,0,0.004432837
0,0,0.007785098
0,0,0.006632779
0,0,0.0038942047
0,0,0.0039397553
0,0,0.0034602354
0,0,0.007265556
0,0,0.006006092
0,0,0.0047207773
0,0,0.0053089936
0,0,0.0038398507
0,0,0.0038624278
0,0,0.0037325516
0,0,0.0068501104
0,0,0.00388346
0,0,0.003987535
0,0,0.0060126088
0,0,0.0037130234
0,0,0.0046106903
0,0,0.0041098865
0,0,0.0045355093
0,0,0.005622752
0,0,0.013735329
0,0,0.0036713665
0,0,0.0038066437
0,0,0.007006064
0,0,0.0038043314
0,0,0.009179463
0,0,0.0036187733
0,0,0.003913407
0,0,0.0065596737
0,0,0.016395671
0,0,0.004393736
0,0,0.010415134
0,0,0.007883513
0,0,0.0036881051
0,0,0.0036554274
0,0,0.0035915081
0,0,0.016540289
0,0,0.0045913374
0,0,0.0046027377
0,0,0.0073962687
0,0,0.0054392363
0,0,0.004718154
0,0,0.010327953
0,0,0.0070426795
0,0,0.004492458
0,0,0.010409203
0,0,0.0037043816
0,0,0.0038163846
0,0,0.004284484
0,0,0.006039244
0,0,0.0051135835
0,0,0.04142205
0,0,0.0037183508
0,0,0.0068026744
0,0,0.0038779115
0,0,0.007244284
0,0,0.003666019
0,0,0.12627715
0,0,0.008946745
0,0,0.051674634
0,0,0.0044964054
0,0,0.006147708
0,0,0.0043073767
0,0,0.005770587
0,0,0.0037598175
0,0,0.0046364097
0,0,0.004246389
0,0,0.0069585117
0,0,0.003969194
0,0,0.0037591355
0,0,0.0036880753
0,0,0.0039323578
0,0,0.0037496595
0,0,0.0037209329
0,0,0.0041122194
0,0,0.007501647
0,0,0.0057870243
0,0,0.0037626957
0,0,0.0090416595
0,0,0.003674406
0,0,0.003900932
0,0,0.005498972
0,0,0.0036187733
0,0,0.0043489677
0,0,0.0036472082
0,0,0.003924182
0,0,0.04031829
0,0,0.014392972
0,0,0.0037183508
0,0,0.0039251996
0,0,0.020408625
0,0,0.00876287
0,0,0.004730167
0,0,0.003615998
0,0,0.0037419293
0,0,0.003919123
0,0,0.0045453287
0,0,0.0036996943
0,0,0.0037604978
0,0,0.005609063
0,0,0.014127347
0,0,0.0038079151
0,0,0.0036496664
0,0,0.013757076
0,0,0.014088541
0,0,0.0046657273
0,0,0.011399934
0,0,0.0066865045
0,0,0.009336045
0,0,0.0036137414
0,0,0.0048499736
0,0,0.008468923
0,0,0.0036891636
0,0,0.0074806763
0,0,0.006555561
0,0,0.0040645497
0,0,0.0040585278
0,0,0.003863549
0,0,0.029935492
0,0,0.009464773
0,0,0.0046564094
0,0,0.005143094
0,0,0.011088723
0,0,0.0065546725
0,0,0.0036496664
0,0,0.005057766
0,0,0.008182456
0,0,0.0058928174
0,0,0.004615179
0,0,0.004181833
0,0,0.014662174
0,0,0.005421644
0,0,0.0041304203
0,0,0.005497178
0,0,0.0069980337
0,0,0.0041145147
0,0,0.003835813
0,0,0.0037537585
0,0,0.0050234515
0,0,0.0038329023
0,0,0.0038567334
0,0,0.005432866
0,0,0.0036498792
0,0,0.031737052
0,0,0.0074633877
0,0,0.0054590856
0,0,0.0039888006
0,0,0.12004502
0,0,0.018214513
0,0,0.0045005456
0,0,0.029194105
0,0,0.005669951
0,0,0.010831903
0,0,0.003923338
0,0,0.0053348714
0,0,0.0096836975
0,0,0.0037286475
0,0,0.004799588
0,0,0.0047310963
0,0,0.0034458486
0,0,0.0061847256
0,0,0.010003029
0,0,0.003649727
0,0,0.003728621
0,0,0.0037369428
0,0,0.0057193004
0,0,0.007647043
0,0,0.0055100974
0,0,0.0037109694
0,0,0.0036965706
0,0,0.018423334
0,0,0.009325388
0,0,0.005141625
0,0,0.0063792593
0,0,0.0037467855
0,0,0.0035346346
0,0,0.0037384487
0,0,0.36947307
0,0,0.007714062
0,0,0.009081501
0,0,0.0054960884
0,0,0.004693155
0,0,0.0038960734
0,0,0.0040394086
0,0,0.0063892044
0,0,0.004371085
0,0,0.004671743
0,0,0.0040023155
0,0,0.011497939
0,0,0.0070339083
0,0,0.0038384537
0,0,0.0038180777
0,0,0.004876848
0,0,0.018884068
0,0,0.0044014896
0,0,0.003684016
0,0,0.008035137
0,0,0.0047763735
0,0,0.0045015966
0,0,0.0037739344
0,0,0.0035664856
0,0,0.0045869523
0,0,0.0036305166
0,0,0.0036158036
0,0,0.0037039344
0,0,0.0046306015
0,0,0.0071514747
0,0,0.008561038
0,0,0.004439844
0,0,0.0052042087
0,0,0.021009013
0,0,0.0047916616
0,0,0.006041821
0,0,0.0036243277
0,0,0.005495247
0,0,0.027771292
0,0,0.070991576
0,0,0.003774705
0,0,0.005562041
0,0,0.0036575939
0,0,0.0057767536
0,0,0.00370564
0,0,0.00413168
0,0,0.00792722
0,0,0.004222072
0,0,0.006899217
0,0,0.08459688
0,0,0.0036265636
0,0,0.004159867
0,0,0.009132828
0,0,0.0060755727
0,0,0.0036584924
0,0,0.02567506
0,0,0.009626344
0,0,0.018513124
0,0,0.0036435835
0,0,0.0074399384
0,0,0.0040266314
0,0,0.008369314
0,0,0.0052456674
0,0,0.0036584924
0,0,0.004176788
0,0,0.004458087
0,0,0.0038121808
0,0,0.006562461
0,0,0.0043822555
0,0,0.0036454655
0,0,0.0067574373
0,0,0.0042827446
0,0,0.004664899
0,0,0.0043080025
0,0,0.0035949533
0,0,0.003718969
0,0,0.005248283
0,0,0.004243037
0,0,0.010008557
0,0,0.004561164
0,0,0.0055837897
0,0,0.0041161994
0,0,0.01126534
0,0,0.0078885835
0,0,0.004164446
0,0,0.0047262646
0,0,0.003617637
0,0,0.0035108377
0,0,0.00435861
0,0,0.0042079445
0,0,0.0076773786
0,0,0.0044813612
0,0,0.073270224
0,0,0.006410284
0,0,0.024562644
0,0,0.004023999
0,0,0.004269033
0,0,0.26884478
0,0,0.0036651813
0,0,0.0063685174
0,0,0.0043381597
0,0,0.003847872
0,0,0.003669722
0,0,0.0036793079
0,0,0.0048987856
0,0,0.005288079
0,0,0.004405993
0,0,0.011234894
0,0,0.004355377
0,0,0.007462031
0,0,0.02556307
0,0,0.013216509
0,0,0.0036469104
0,0,0.006142961
0,0,0.004391751
0,0,0.0037345632
0,0,0.0072114468
0,0,0.005807937
0,0,0.0036265275
0,0,0.0041197347
0,0,0.008966312
0,0,0.0036428792
0,0,0.0067874463
0,0,0.006890643
0,0,0.015111591
0,0,0.004925466
0,0,0.0040742722
0,0,0.00621423
0,0,0.018789032
0,0,0.0039588897
0,0,0.0035171758
0,0,0.055799462
0,0,0.027935367
0,0,0.041619956
0,0,0.0035878532
0,0,0.005114821
1,0,0.069885366
0,0,0.0036691972
0,0,0.0048918566
0,0,0.0062612747
0,0,0.005106682
0,0,0.0054014437
0,0,0.0045994073
0,0,0.0067086243
0,0,0.0048525636
0,0,0.0036144021
0,0,0.0037150541
0,0,0.012026372
0,0,0.004048333
0,0,0.0065003666
0,0,0.0074297967
0,0,0.0049950606
0,0,0.004071725
0,0,0.003952677
0,0,0.0043111863
0,0,0.004873685
0,0,0.004613363
0,0,0.003643774
0,0,0.0039350297
0,0,0.006653811
0,0,0.00462887
0,0,0.003719084
0,0,0.0044584386
0,0,0.00411608
0,0,0.005399927
0,1,0.9224428
0,0,0.0036847286
0,0,0.0036390144
0,0,0.0050341785
0,0,0.00723823
0,0,0.018047627
0,0,0.0038144689
0,0,0.0042640395
0,0,0.0049414025
0,0,0.004168599
0,0,0.009125904
0,0,0.005393723
0,0,0.020573474
0,0,0.004934615
0,0,0.10426284
0,0,0.009140805
0,0,0.0037613127
0,0,0.006618041
0,0,0.004173501
0,0,0.0042131986
0,0,0.004822945
0,0,0.0037487848
0,0,0.003647326
0,0,0.0130810365
0,0,0.004882743
0,0,0.0036609787
0,0,0.009203229
0,0,0.0037957663
0,0,0.005249117
0,0,0.009482076
0,0,0.0036385409
0,0,0.005726176
0,0,0.0039684004
0,0,0.0037162567
0,0,0.0036699784
0,0,0.0037196584
0,0,0.0045241304
0,0,0.008841361
0,0,0.0044224327
0,0,0.005194725
0,0,0.0036481544
0,0,0.0048671286
0,0,0.004559136
0,0,0.0035879572
0,0,0.0054578898
0,0,0.005081317
0,0,0.0036059085
0,0,0.00862855
0,0,0.003597089
0,0,0.007826353
0,0,0.0056875516
0,0,0.0050348975
0,0,0.0037556386
0,0,0.0036532956
0,0,0.00359209
0,0,0.0063649546
0,0,0.0038479061
0,0,0.017776176
0,0,0.004230579
0,0,0.085388616
0,0,0.0049358513
0,0,0.0036179207
0,0,0.007613122
0,0,0.00950898
0,0,0.004820874
0,0,0.003767133
0,0,0.0037447037
0,0,0.0035291603
0,0,0.008236114
0,0,0.0036625406
0,0,0.004816152
0,0,0.004662732
0,0,0.01059179
0,0,0.17402619
0,0,0.0048529985
0,0,0.004622573
0,0,0.0051022116
0,0,0.0036496664
0,0,0.0059658233
0,0,0.0035542042
0,0,0.004181614
0,0,0.004074102
0,0,0.005843661
0,0,0.006188138
0,0,0.003964584
0,0,0.0044763354
0,0,0.12597649
0,0,0.013343423
0,0,0.0037564235
0,0,0.006956759
0,0,0.004950313
0,0,0.0045599043
0,0,0.006118671
0,0,0.0055583026
0,0,0.0066009937
0,0,0.015526948
0,0,0.0040594144
0,0,0.017318523
0,0,0.009225783
0,0,0.005908066
0,0,0.031356473
0,0,0.007774417
0,0,0.005014701
0,0,0.004521449
0,0,0.005519938
0,0,0.0036591578
0,0,0.003833667
0,0,0.010546378
0,0,0.111736655
0,0,0.0047587394
0,0,0.0038503143
0,0,0.004027236
0,0,0.0043852273
0,0,0.08409402
0,0,0.0075491485
0,0,0.023738205
0,0,0.0037610428
0,0,0.008671009
0,0,0.004493463
0,0,0.025048852
0,0,0.004516674
0,0,0.004938311
0,0,0.0040383176
0,0,0.0038113568
0,0,0.007679696
0,0,0.0042788098
0,0,0.003803869
0,0,0.008857292
0,0,0.0042390805
0,0,0.0037327574
0,0,0.003981056
0,0,0.004376507
0,0,0.013428572
0,0,0.003488067
0,0,0.0040584467
0,0,0.008608761
0,0,0.0044129617
0,0,0.005784062
0,0,0.004690289
0,0,0.0088441195
0,0,0.004719789
0,0,0.0049847714
0,0,0.0034792954
0,0,0.004150753
0,0,0.0062006456
0,0,0.004411598
0,0,0.039122183
0,0,0.0037654655
0,0,0.009218098
0,0,0.005650406
0,0,0.0040556127
0,0,0.0040166695
0,0,0.040162012
0,0,0.0036341492
0,0,0.0052369907
0,0,0.011043147
0,0,0.0047148885
0,0,0.005779734
0,0,0.010308383
0,0,0.019698663
0,0,0.0036801763
0,0,0.004259978
0,0,0.0050874823
0,0,0.005125628
0,0,0.005891231
0,0,0.00466167
0,0,0.0050668158
0,0,0.019385712
0,0,0.004126999
0,0,0.0052128807
0,0,0.0065852096
0,0,0.0067975577
0,0,0.0036496664
0,0,0.00460184
0,0,0.006074188
0,0,0.01510336
0,0,0.0036163724
0,0,0.06423601
0,0,0.003573272
0,0,0.0049614706
0,0,0.00413096
0,0,0.0063776365
0,0,0.069400124
0,0,0.004762135
0,0,0.00439735
0,0,0.01577731
0,0,0.0065103984
0,0,0.0043256823
0,0,0.0046692225
0,0,0.004739067
0,0,0.003737014
0,0,0.0049655875
0,0,0.003643774
0,0,0.02844287
0,0,0.0037948466
0,0,0.009482094
0,0,0.02082016
0,0,0.003708449
0,0,0.016158223
0,0,0.0059171324
0,0,0.004133293
0,0,0.003922613
0,0,0.0036496664
0,0,0.0058743707
0,0,0.003671745
0,0,0.0050743306
0,0,0.004740925
0,0,0.0072411094
0,0,0.0040853685
0,0,0.0048016817
0,0,0.005538092
0,0,0.0043887245
0,0,0.003659822
0,0,0.0047745854
0,0,0.003643819
0,0,0.0036059085
0,0,0.003935635
0,1,0.89869153
0,0,0.0037327574
0,0,0.0040508546
0,0,0.010805087
0,0,0.0035777858
0,0,0.0049113263
0,0,0.0078502605
0,0,0.006599309
0,0,0.004824394
0,0,0.0053022695
0,0,0.0047846497
0,0,0.004257612
0,0,0.0036575939
0,0,0.004012463
0,0,0.0056162565
0,0,0.0041020303
0,0,0.003643774
0,0,0.0035585775
0,0,0.0035925219
0,0,0.0037226973
0,0,0.01940083
0,0,0.0063494216
0,0,0.0043929517
0,0,0.0039954195
0,0,0.0040411893
0,0,0.003768334
0,0,0.007912735
0,0,0.0035684975
0,0,0.022698767
0,0,0.004170666
0,0,0.003671745
0,0,0.0060612643
0,0,0.007311013
0,0,0.0036944356
0,0,0.0036643439
0,0,0.005735892
0,0,0.0063482965
0,0,0.011851133
0,0,0.0051454026
0,0,0.0036538197
0,0,0.037366495
0,0,0.005370082
0,0,0.026906386
0,0,0.0039325035
0,0,0.0064339647
0,0,0.11307808
0,0,0.019177657
0,0,0.003645114
0,0,0.0036452336
0,0,0.007891548
0,0,0.0038862
0,0,0.0046425466
0,0,0.004269037
0,0,0.006817817
1,1,0.99684215
0,0,0.013353578
0,0,0.004464451
0,0,0.0047812155
0,0,0.0049725026
0,0,0.004391692
0,0,0.0044867145
0,0,0.0054845517
0,0,0.0037427384
0,0,0.03113565
0,0,0.04609754
0,0,0.004772624
0,0,0.004303828
0,0,0.014463578
0,0,0.015320382
0,0,0.003776947
0,0,0.003836223
0,0,0.0046012066
0,0,0.0036802625
0,0,0.004600914
0,0,0.004102543
0,0,0.0043955073
0,0,0.0038428814
0,0,0.06308068
0,0,0.003643774
0,0,0.0038149543
0,0,0.007277535
0,0,0.0071282424
0,0,0.0037703002
0,0,0.010282957
0,0,0.006243439
0,0,0.0036584924
0,0,0.019149264
0,0,0.006951928
0,0,0.0037404026
0,0,0.0074663977
0,0,0.015095963
0,0,0.00410855
0,0,0.008741537
0,0,0.003557673
0,0,0.009127017
0,0,0.0041652313
0,0,0.010103913
0,0,0.0038865085
0,0,0.003742255
0,0,0.0035556245
0,0,0.005410358
0,0,0.0044118324
0,0,0.0076096356
0,0,0.005620745
0,0,0.0044451794
0,0,0.008571312
0,0,0.0041850074
0,0,0.0036603403
0,0,0.0052641695
0,0,0.011094273
0,0,0.004830258
0,0,0.0037698452
0,0,0.004011177
0,0,0.00463989
0,0,0.020009687
0,0,0.004786662
0,0,0.00780628
0,0,0.004302051
0,0,0.056898985
0,0,0.007217277
0,0,0.007950651
0,0,0.0039337496
0,0,0.005388415
0,0,0.042387284
0,0,0.005213808
0,0,0.0047098943
0,0,0.0038555283
0,0,0.011217894
0,0,0.0049271956
0,0,0.00416682
0,0,0.0042023435
0,0,0.0036579361
0,0,0.0071606226
0,0,0.0061378567
0,0,0.019146286
0,0,0.015872257
0,0,0.0036335674
0,0,0.004022759
0,0,0.00484287
0,0,0.012927571
0,0,0.0038545763
0,0,0.0060111866
0,0,0.003970474
0,0,0.0070487107
0,0,0.0038123222
0,0,0.0038955682
0,0,0.0039041669
0,0,0.005765536
0,0,0.003947028
0,0,0.0047676614
0,0,0.003728198
0,0,0.0037457498
0,0,0.004909308
0,0,0.013543789
0,0,0.005564716
0,0,0.0042350893
0,0,0.036891874
0,0,0.0045273765
0,0,0.0071615577
0,0,0.0037209801
0,0,0.0036712287
0,0,0.00376658
0,0,0.0041097184
0,0,0.00368507
0,0,0.012605272
0,0,0.0036936356
0,0,0.011851674
0,0,0.004347886
0,0,0.005954847
0,0,0.0036648333
0,0,0.0039437544
0,0,0.006511518
0,0,0.0040840027
0,0,0.057186555
0,0,0.0039623473
0,0,0.060857262
0,0,0.030219568
0,0,0.04205091
0,0,0.03133618
0,0,0.0050423485
0,0,0.0039447267
0,0,0.0041115847
0,0,0.0043887016
0,0,0.003799589
0,0,0.004261892
0,0,0.0039012418
0,0,0.0067001902
0,0,0.006559161
0,0,0.008257673
0,0,0.004835868
0,0,0.004337114
0,0,0.0068261335
0,0,0.00890844
0,0,0.18768536
0,0,0.012648349
0,0,0.0044773677
0,0,0.004128706
0,0,0.031704534
0,0,0.008833438
0,0,0.0037227802
0,0,0.004420197
0,0,0.004054627
0,0,0.007022737
0,0,0.0048778174
0,0,0.0039105234
0,0,0.00488987
0,0,0.003933064
0,0,0.011563396
0,0,0.019942082
0,0,0.0048051216
0,0,0.003567206
0,0,0.005002249
0,0,0.099175245
0,0,0.00468499
0,0,0.0065506403
0,0,0.0068863435
0,0,0.0039337254
0,0,0.011949315
0,0,0.004363513
0,0,0.004088648
0,0,0.0036595424
0,0,0.004973977
0,0,0.003753575
0,0,0.0081736725
0,0,0.0053711543
0,0,0.0036975138
0,0,0.0037115086
0,0,0.003878247
0,0,0.003715411
0,0,0.0057168524
0,0,0.004687799
0,0,0.0036096107
0,0,0.004416134
0,0,0.0036493978
0,0,0.004527637
0,0,0.003710054
0,0,0.0052741016
0,0,0.004450507
0,0,0.032673668
0,0,0.0063767205
0,0,0.004006134
0,0,0.0052315257
0,0,0.013530647
0,0,0.0036256313
0,0,0.11840289
0,0,0.0045094695
0,0,0.005705431
0,0,0.0043517416
0,0,0.0040213796
0,0,0.004316899
0,0,0.005555628
0,0,0.031437077
0,0,0.004426314
0,0,0.0059961933
0,0,0.0036440073
0,0,0.004492023
0,0,0.0074854577
0,0,0.0039055583
0,0,0.0318488
0,0,0.0047262534
0,0,0.00530068
0,0,0.006293155
0,0,0.0049255476
0,0,0.004784627
0,0,0.0051416475
0,0,0.014543382
0,0,0.005579552
0,0,0.0049063577
0,0,0.003630325
0,0,0.004002049
0,0,0.005528428
0,0,0.003834102
0,0,0.0037239762
0,0,0.0036472809
0,0,0.016566727
0,0,0.015875148
0,0,0.00909104
0,0,0.016745128
0,0,0.0039941557
0,0,0.0038862836
0,0,0.0093001705
0,0,0.0047924165
0,0,0.0034964404
0,0,0.0063927327
0,0,0.0036428792
0,0,0.0047247265
0,0,0.0056856344
0,0,0.005688876
0,0,0.0043378756
0,0,0.023325235
0,0,0.004460153
0,0,0.003632416
0,0,0.023400305
0,0,0.0076918425
0,0,0.004523074
0,0,0.0042791064
0,0,0.004214137
0,0,0.0055239443
0,0,0.008165863
0,0,0.012125241
0,0,0.005052833
0,0,0.0041905893
0,0,0.03709435
0,0,0.017913686
0,0,0.0037479426
0,0,0.005384187
0,0,0.004119334
0,0,0.0055901236
0,0,0.0059217648
0,0,0.004701261
0,0,0.0047432138
0,0,0.0038978374
0,0,0.0036404808
0,0,0.004259361
0,0,0.010828134
0,0,0.010094722
0,0,0.11900369
0,0,0.0035972309
0,0,0.007402005
0,0,0.0035596748
0,0,0.007227582
0,0,0.02037187
0,0,0.0036571005
0,0,0.012084293
0,0,0.02013628
0,0,0.0038163261
0,0,0.0078024697
0,0,0.0069041876
0,0,0.022684438
0,0,0.008793066
0,0,0.004507167
0,0,0.0048256507
0,0,0.022907358
0,0,0.003827115
0,0,0.0043184343
0,0,0.0036478064
0,0,0.013173481
0,0,0.0045481687
0,0,0.0049384986
0,0,0.003643774
0,0,0.0037528046
0,0,0.0036841158
0,0,0.0035937596
0,0,0.010076993
0,0,0.009799785
0,0,0.0047653522
0,0,0.0086104665
0,0,0.003974119
0,0,0.0051007615
0,0,0.004101501
0,0,0.0037782877
0,0,0.0036300283
0,0,0.004143496
0,0,0.00516165
0,0,0.0081596095
0,0,0.005874571
0,0,0.06256499
0,0,0.0036615003
0,0,0.0038385014
0,0,0.0036080556
0,0,0.0054176752
0,0,0.0063178125
0,0,0.0036495777
0,0,0.0044820677
0,0,0.0039798347
0,0,0.0060317866
0,0,0.0055148704
0,0,0.004089767
0,0,0.0052740667
0,0,0.006533933
0,0,0.0036685436
0,0,0.004269955
0,0,0.0046756114
0,0,0.0060826167
0,0,0.011052994
0,0,0.0036486886
0,0,0.0037206002
0,0,0.012458203
0,0,0.004049308
0,0,0.004002319
0,0,0.0037489915
0,0,0.0036416727
0,0,0.0065492066
0,0,0.007934375
0,0,0.027360661
0,0,0.0038530878
0,0,0.004767114
0,0,0.0049300394
0,0,0.0039255912
0,0,0.0056005823
0,0,0.0038481422
0,0,0.004109508
0,0,0.0034716374
0,0,0.0038013167
0,0,0.004069353
0,0,0.0035173595
0,0,0.07028549
0,0,0.004025037
0,0,0.0047533815
0,0,0.27592978
0,0,0.004939321
0,0,0.00705061
0,0,0.02106373
0,0,0.015456099
0,0,0.0040117335
0,0,0.0044200085
0,0,0.0036422317
0,0,0.025922634
0,0,0.003756798
0,0,0.09987664
0,0,0.036161095
0,0,0.0051113404
0,0,0.008591929
0,0,0.0043408033
0,0,0.003742431
0,0,0.0037882712
0,0,0.004650965
0,0,0.0041048834
0,0,0.022465747
0,0,0.010386422
0,0,0.0051549426
0,0,0.0046475492
0,0,0.008875553
0,0,0.0037772881
0,0,0.006379849
0,0,0.0051352563
0,0,0.004200145
0,0,0.004187494
0,0,0.00664049
0,0,0.0065481053
0,0,0.003518371
0,0,0.0037942447
0,0,0.003745561
0,0,0.005058846
0,0,0.005183255
0,0,0.004711021
0,0,0.019041497
0,0,0.0061250073
0,0,0.012580991
0,0,0.0060060723
0,0,0.0075564333
0,0,0.0063501257
0,0,0.0039138845
0,0,0.007531239
0,0,0.003863048
0,0,0.007941389
0,0,0.004933767
0,0,0.005118887
0,0,0.006121357
0,0,0.003875253
0,0,0.004049606
0,0,0.0036466452
0,0,0.041087385
0,0,0.0056335335
0,0,0.0041860784
0,0,0.0036306682
0,0,0.0041280086
0,0,0.012082558
0,0,0.005665122
0,0,0.004335372
0,0,0.0045663416
0,0,0.003797265
0,0,0.05697846
0,0,0.0035758535
0,0,0.0037447037
0,0,0.0037399996
0,0,0.019768728
0,0,0.0067675835
0,0,0.009128984
0,0,0.0068373727
0,0,0.008551245
0,0,0.0039655496
0,0,0.012201407
0,0,0.012670013
0,0,0.06309012
0,0,0.0038575798
0,0,0.0035589442
0,0,0.0041169478
0,0,0.008071251
0,0,0.0124756
0,0,0.0040074964
0,0,0.0041046925
0,0,0.017025946
0,0,0.00557769
0,0,0.0036147698
0,0,0.003899182
0,0,0.0037174164
0,0,0.0038728938
0,0,0.013989688
0,0,0.003726627
0,0,0.0038368895
0,0,0.0064939433
0,0,0.009174181
0,0,0.0045312615
0,0,0.0038767457
0,0,0.010196057
0,0,0.003752455
0,0,0.0037402802
0,0,0.009683176
0,0,0.00563535
0,0,0.014392648
0,0,0.0044388617
0,0,0.004132855
0,0,0.014304318
0,0,0.0038575798
0,0,0.0068933717
0,0,0.01406362
0,0,0.006547163
0,0,0.003851677
0,0,0.011638866
0,0,0.0074347216
0,0,0.003642263
0,0,0.0038604012
0,0,0.004205967
0,0,0.003917117
0,0,0.0065863547
0,0,0.004765178
0,0,0.008627534
0,0,0.013713308
0,0,0.021656286
0,0,0.0037155028
0,0,0.005407877
0,0,0.007797362
0,0,0.004075931
0,0,0.0075324867
0,0,0.0051942593
0,0,0.00375533
0,0,0.004846042
0,0,0.0057853097
0,0,0.011549893
0,0,0.006845411
0,0,0.03400143
0,0,0.004333061
0,0,0.006884514
0,0,0.005536853
0,0,0.0037006473
0,0,0.003752833
0,0,0.0059470055
0,0,0.0037463885
0,0,0.003679771
0,0,0.0055043125
0,0,0.009256768
0,0,0.0040306933
0,0,0.0037267173
0,0,0.008049814
0,0,0.07092236
0,0,0.0044356347
0,0,0.003632625
0,0,0.0069357078
0,0,0.39006376
0,0,0.0044533643
0,0,0.003654837
0,0,0.003784343
0,0,0.0036306682
0,0,0.004601292
0,0,0.008110519
0,0,0.008135618
0,0,0.0060627493
0,0,0.004269757
0,0,0.0046483874
0,0,0.0040023816
0,0,0.011495729
0,0,0.005368396
0,0,0.0037398043
0,0,0.0036276456
0,0,0.003643774
0,0,0.013944717
0,0,0.014466373
0,0,0.0036336535
0,0,0.005555628
0,0,0.019755404
0,0,0.004377756
0,0,0.003893498
0,0,0.004860809
0,0,0.004880408
0,0,0.0049960986
0,0,0.0064917807
0,0,0.0039663655
0,0,0.003643774
0,0,0.0036360784
0,0,0.0038326473
0,0,0.006303462
0,0,0.0043667564
0,0,0.0044010365
0,0,0.005201849
0,0,0.003671682
0,0,0.0039956677
0,0,0.0036412785
0,0,0.004324286
0,0,0.0036320328
0,0,0.008285362
0,0,0.0037212933
0,0,0.0042968453
0,0,0.0037829822
0,0,0.0057565006
0,0,0.053185433
0,0,0.0045605837
0,0,0.0057490007
0,0,0.0042940453
0,0,0.0037369428
0,0,0.010555707
0,0,0.0038610504
0,0,0.0052416828
0,0,0.0061609955
0,0,0.19875516
0,0,0.0036902134
0,0,0.003661751
0,0,0.005552455
0,0,0.011154002
0,0,0.0037637113
0,0,0.0037369428
0,0,0.015986104
0,0,0.0037791547
0,0,0.00441682
0,0,0.028556228
0,0,0.004669653
0,0,0.00466188
0,0,0.003636697
0,0,0.0041114674
0,0,0.0066109635
0,0,0.005180526
0,0,0.0033149377
0,0,0.006829422
0,0,0.0035504452
0,0,0.003790813
0,0,0.003601828
0,0,0.018104086
0,0,0.004117073
0,0,0.0037534232
0,0,0.003747574
0,0,0.007923449
0,0,0.0067049908
0,0,0.0037325947
0,0,0.008928468
0,0,0.0037476027
0,0,0.0038803148
0,0,0.017414453
0,0,0.0039071
0,0,0.004029279
0,0,0.003921963
0,0,0.005698011
0,0,0.003630387
0,0,0.0045324704
0,0,0.0077502807
0,0,0.00511136
0,0,0.0058216513
0,0,0.0041258545
0,0,0.003968619
0,0,0.004150873
0,0,0.009575603
0,0,0.0037836668
0,0,0.0037877925
0,0,0.0070251445
0,0,0.008180003
0,0,0.0046551432
0,0,0.1578288
0,0,0.0066754287
0,0,0.0054128626
0,0,0.0036934353
0,0,0.005507357
0,0,0.004482036
0,0,0.0047535324
0,0,0.008686499
0,0,0.00599884
0,0,0.003981563
0,0,0.0046468456
0,0,0.0041188113
0,0,0.0038010366
0,0,0.0038995577
0,0,0.008647718
0,0,0.0046153255
0,0,0.015644185
0,0,0.003889295
0,0,0.0043308423
0,0,0.0057245195
0,0,0.0036702312
0,0,0.019973053
0,0,0.011656921
0,0,0.0056876647
0,0,0.06502947
0,0,0.0060610143
0,0,0.003855611
0,0,0.007871443
0,0,0.006017501
0,0,0.007080239
0,0,0.003723693
0,0,0.00936461
0,0,0.0045804475
0,0,0.004597476
0,0,0.008140994
0,0,0.031546045
0,0,0.004710194
0,0,0.04019401
0,0,0.005391764
0,0,0.0090178335
0,0,0.0051161535
0,0,0.011867588
0,0,0.0043400656
0,0,0.010369165
0,0,0.0061939
0,0,0.004866697
0,0,0.004963248
0,0,0.0036658205
0,0,0.0056793704
0,0,0.004327303
0,0,0.006674047
0,0,0.0042097573
0,0,0.00536325
0,0,0.019705582
0,0,0.0038876405
0,0,0.003761877
0,0,0.013539814
0,0,0.017424548
0,0,0.005635374
0,0,0.009697865
0,0,0.0036272528
0,0,0.0040617613
0,0,0.0036428792
0,0,0.0044858456
0,0,0.003877816
0,0,0.030099837
0,0,0.003643774
0,0,0.0041932585
0,0,0.003643774
0,0,0.019767277
0,0,0.003785517
0,0,0.004895298
0,0,0.003615998
0,0,0.004912496
0,0,0.003845659
0,0,0.0050975685
0,0,0.016131897
0,0,0.003909914
0,0,0.0061069876
0,0,0.003978816
0,0,0.0038656767
0,0,0.0038242913
0,0,0.0055926396
0,0,0.01779617
0,0,0.12587522
0,0,0.005986419
0,0,0.003614842
0,0,0.0038973303
0,0,0.00739026
0,0,0.0037698648
0,0,0.004156356
0,0,0.0037495776
0,0,0.0063582542
0,0,0.0040811314
0,0,0.004058387
0,0,0.0043370333
0,0,0.0053565037
0,0,0.004945763
0,0,0.0045131934
0,0,0.004863137
0,0,0.005240927
0,0,0.0036357709
0,0,0.0042108987
0,0,0.005403988
0,0,0.022373248
0,0,0.0063063754
0,0,0.0036582681
0,0,0.0040702247
0,0,0.0056251953
0,0,0.004296062
0,0,0.0038813818
0,0,0.009421272
1,1,0.9944636
0,0,0.0037414585
0,0,0.0034816863
0,0,0.023155957
0,0,0.0042250967
0,0,0.014028483
0,0,0.007354475
0,0,0.0036837973
0,0,0.0037836402
0,0,0.00482208
0,0,0.0039293277
0,0,0.0046218866
0,0,0.008552058
0,0,0.004358397
0,0,0.0042620394
0,0,0.004823217
0,0,0.0068174107
0,0,0.004821741
0,0,0.026667181
0,0,0.005303711
1,1,0.9944536
0,0,0.0036431937
0,0,0.004232496
0,0,0.0042321016
0,0,0.0043733353
0,0,0.004174635
0,0,0.009302552
0,0,0.012417486
0,0,0.0052260915
0,0,0.00927776
0,0,0.00839506
0,0,0.017600637
0,0,0.0040512085
0,0,0.003811987
0,0,0.004099026
0,0,0.004643179
0,0,0.062399697
0,0,0.029533835
0,0,0.011600209
0,0,0.0037589064
0,0,0.0037392392
0,0,0.24998567
0,0,0.0036220297
0,0,0.006598612
0,0,0.003767337
0,0,0.003683449
0,0,0.004950771
0,0,0.008382205
0,0,0.0043132007
0,0,0.003755421
0,0,0.0036912728
0,0,0.0036428792
0,0,0.003819188
0,0,0.010027425
0,0,0.0064104176
0,0,0.007779653
0,0,0.005503456
0,0,0.0041599814
0,0,0.0035362826
0,0,0.0051441286
0,0,0.0039748005
0,0,0.022367956
0,0,0.0079246145
0,0,0.0040462324
0,0,0.0036663206
0,0,0.0037527422
0,0,0.03709339
0,0,0.0054707634
0,0,0.005663543
0,0,0.012663286
0,0,0.003998018
0,0,0.010593374
0,0,0.0045778323
0,0,0.008393484
0,0,0.0062483107
0,0,0.0036790855
0,0,0.005366609
0,0,0.004036816
0,0,0.0067322967
0,0,0.0040179417
0,0,0.006836761
0,0,0.0048023197
0,0,0.22206904
0,0,0.0035828229
0,0,0.005003381
0,0,0.003643774
0,0,0.010262953
0,0,0.0040924596
0,0,0.004312818
0,0,0.0036428792
0,0,0.0079582445
0,0,0.00626245
0,0,0.0049857344
0,0,0.004199238
0,0,0.0036056838
0,0,0.003643774
0,0,0.0036614344
0,0,0.00376182
0,0,0.0040247273
0,0,0.004333989
0,0,0.0045216014
0,0,0.0046116314
0,0,0.0036780268
0,0,0.0036409844
0,0,0.003814873
0,0,0.0067422236
0,0,0.0053833653
0,0,0.0037161752
0,0,0.0056274496
0,0,0.00854941
0,0,0.007727439
0,0,0.0047320887
0,0,0.009586213
0,0,0.0037488684
0,0,0.0061953883
0,0,0.0059537464
0,0,0.0044300286
0,0,0.008134729
0,0,0.006043396
0,0,0.0047395104
0,0,0.004459779
0,0,0.0035970942
0,0,0.003813956
0,0,0.003620997
0,0,0.0054087876
0,0,0.0046952316
0,0,0.0055148704
0,0,0.0036482392
0,0,0.004697623
0,0,0.0065925973
0,0,0.0040519875
0,0,0.004370174
0,0,0.0047539026
0,0,0.004460149
0,0,0.005673514
0,0,0.03606223
0,0,0.003941161
0,0,0.004020085
0,0,0.0036320328
0,0,0.0037204553
0,0,0.0050823777
0,0,0.0036955506
0,0,0.003919637
0,0,0.004763609
0,0,0.0036033324
0,0,0.005990586
0,0,0.0073412666
0,0,0.0039890637
0,0,0.005417555
0,0,0.0036019818
0,0,0.003555464
0,0,0.007260746
0,0,0.00401508
0,0,0.013408295
0,0,0.003851357
0,0,0.007260358
0,0,0.0036780268
0,0,0.003804256
0,0,0.0051212213
0,0,0.0036215426
0,0,0.004370672
0,0,0.0038406663
0,0,0.0035553952
0,0,0.00549723
0,0,0.0041839085
0,0,0.005443071
0,0,0.0046378006
0,0,0.0050672726
0,0,0.3558511
0,0,0.0036664284
0,0,0.0043082316
0,0,0.004646047
0,0,0.0052300943
0,0,0.0036575573
0,0,0.004817517
0,0,0.003997399
0,0,0.041461553
0,0,0.008048287
0,0,0.0036492017
0,0,0.0035987266
0,0,0.10125854
0,0,0.0037503487
0,0,0.0044491338
0,0,0.005341153
0,0,0.033394165
0,0,0.03789592
0,0,0.019614672
0,0,0.0059861406
0,0,0.003694483
0,0,0.0041242503
0,0,0.0046265135
0,0,0.017991222
0,0,0.005640873
0,0,0.0063584107
0,0,0.003643774
0,0,0.008810755
0,0,0.0044112923
0,0,0.006718631
0,0,0.0040856437
0,0,0.044941794
0,0,0.010576834
0,0,0.0053894273
0,0,0.0039849244
0,0,0.024371369
0,0,0.0039640227
0,0,0.008606316
0,0,0.0039253137
0,0,0.0036962458
0,0,0.004412415
0,0,0.003728892
0,0,0.0037719626
0,0,0.004420963
0,0,0.005383763
0,0,0.003769684
0,0,0.0037537834
0,0,0.024789006
0,0,0.0036464445
0,0,0.007831983
0,0,0.0040878253
0,0,0.013481561
0,0,0.0039835754
0,0,0.020501548
0,0,0.0053725145
0,0,0.004423361
0,0,0.004557998
0,0,0.003905378
0,0,0.009160252
0,0,0.0042708027
0,0,0.003622892
0,0,0.0054388163
0,0,0.0043506734
0,0,0.004118172
0,0,0.01400987
0,0,0.004655004
0,0,0.004994703
0,0,0.004331722
0,0,0.003850583
0,0,0.0050208406
0,0,0.0052954988
0,0,0.0050808396
1,1,0.9967417
0,0,0.0039346893
0,0,0.01167292
0,0,0.027059853
0,0,0.0036428792
0,0,0.0118041225
0,0,0.0037414213
0,0,0.0045639644
0,0,0.005078707
0,0,0.0036944672
0,0,0.0037408844
0,0,0.015728848
0,0,0.0050791716
0,0,0.004587791
0,0,0.0041433247
0,0,0.0036644796
0,0,0.0050395145
0,0,0.0036373206
1,1,0.9969277
0,0,0.006863183
0,0,0.005080396
0,0,0.004014947
0,0,0.0041234205
0,0,0.06948674
0,0,0.0039585605
0,0,0.005738218
0,0,0.0037418122
0,0,0.009058953
0,0,0.00445199
0,0,0.0036307427
0,0,0.0048035756
0,0,0.0036483835
0,0,0.0059828307
0,0,0.005166861
0,0,0.0064682197
0,0,0.0040168255
0,0,0.0038606322
0,0,0.005409165
0,0,0.026450507
0,0,0.016830817
0,0,0.21043214
0,0,0.017626232
0,0,0.0036309047
0,0,0.007892675
0,0,0.003711921
0,0,0.005543016
0,0,0.008990721
0,0,0.02610789
0,0,0.010001642
0,0,0.0036683555
0,0,0.0037288228
0,0,0.017492315
0,0,0.0043946807
0,0,0.0035753422
0,0,0.016842363
0,0,0.004508894
0,0,0.0042486866
0,1,0.8252079
0,0,0.005150856
0,0,0.0052058375
0,0,0.007642141
0,0,0.003862004
0,0,0.003664168
0,0,0.0044605895
0,0,0.004346567
0,0,0.004220074
0,0,0.0045961277
0,0,0.0057419813
0,0,0.0042734398
0,0,0.004702535
0,0,0.0035465304
0,0,0.019911844
0,0,0.0036118787
0,0,0.005851264
0,0,0.0069669224
0,0,0.0038406663
0,0,0.004511544
0,0,0.003643774
0,0,0.0047743297
0,0,0.0115436455
0,0,0.004458604
0,0,0.0040948954
0,0,0.007098263
0,0,0.0046732645
0,0,0.017662117
0,0,0.0041072094
0,0,0.0042175357
0,0,0.004315792
0,0,0.006802223
0,0,0.0041974597
0,0,0.00373102
0,0,0.004835414
0,0,0.003880436
0,0,0.0049264175
0,0,0.003794124
0,0,0.035590023
0,0,0.003643774
0,0,0.0039128643
0,0,0.0038375389
0,0,0.0036482238
0,0,0.0039890446
0,0,0.0036554274
0,0,0.0052190535
0,0,0.0037065218
0,0,0.0049278317
0,0,0.007868945
0,0,0.008245514
0,0,0.005429036
0,0,0.015989276
0,0,0.005859969
0,0,0.0037444565
0,0,0.012242146
0,0,0.007394637
0,0,0.0036180394
0,0,0.1966655
0,0,0.004110306
0,0,0.006165669
0,0,0.0035953682
0,0,0.004151843
0,0,0.0039093364
0,0,0.004904428
0,0,0.0037944845
0,0,0.004225209
0,0,0.003830269
0,0,0.004359521
0,0,0.005058865
0,0,0.0052484325
0,0,0.0054656314
0,0,0.006942418
0,0,0.003627108
0,0,0.004150142
0,0,0.0036582681
0,0,0.0036114445
0,0,0.0041258545
0,0,0.0055654473
0,0,0.0039251475
0,0,0.007181858
0,0,0.003990794
0,0,0.006420764
0,0,0.025930086
0,0,0.004777641
0,0,0.0037337046
0,0,0.006544592
0,0,0.0038422083
0,0,0.0056104697
0,0,0.005112895
0,0,0.0043813316
0,0,0.005688126
0,0,0.003668842
0,0,0.0039791693
0,0,0.020344244
0,0,0.011682737
0,0,0.006234892
0,0,0.0033419095
0,0,0.003802651
0,0,0.034632746
0,0,0.0041568913
0,0,0.05445101
0,0,0.0040507754
0,0,0.006489096
0,0,0.0035847179
0,0,0.031578556
0,0,0.0040956596
0,0,0.006841227
0,0,0.0057043787
0,0,0.003643774
0,0,0.003745561
0,0,0.00431351
0,0,0.0062863207
0,0,0.006081752
0,0,0.012868266
0,0,0.0087607205
0,0,0.22518675
0,0,0.0043444606
0,0,0.0044456436
0,0,0.0039286413
0,0,0.02834882
0,0,0.004140312
0,0,0.0041763084
0,0,0.0083414605
0,0,0.0041901455
0,0,0.0055763517
0,0,0.005918286
0,0,0.10434127
0,0,0.032931164
0,0,0.019424506
0,0,0.010551276
0,0,0.0038787369
0,0,0.008579959
0,0,0.0050501106
0,0,0.004978888
0,0,0.0038575798
0,0,0.003874305
0,0,0.11762899
0,0,0.0038319938
0,0,0.0037171517
0,0,0.012466719
0,0,0.008507859
0,0,0.00418552
0,0,0.0057842843
0,0,0.0037919995
0,0,0.0036536288
0,0,0.0037679565
0,0,0.0052763466
0,0,0.004266577
0,0,0.0042286147
0,0,0.0041633076
0,0,0.0043411865
0,0,0.0038243546
0,0,0.0048198127
0,0,0.0039801393
0,0,0.003634835
0,0,0.009618283
0,0,0.0038882075
0,0,0.008061916
0,0,0.016476255
0,0,0.010291356
0,0,0.0038118602
0,0,0.0038496195
0,0,0.010323114
0,0,0.0049732546
0,0,0.003691839
0,0,0.0070231925
0,0,0.0035505346
0,0,0.004352254
0,0,0.00868159
0,0,0.004047174
0,0,0.33232206
0,0,0.0046201805
0,0,0.0036401905
0,0,0.020288771
0,0,0.0074839313
0,0,0.003669748
0,0,0.0037744183
0,0,0.0059607043
0,0,0.0041309716
0,0,0.04298376
0,0,0.012181217
0,0,0.013401943
0,0,0.023979086
0,0,0.018095085
0,0,0.0037686958
0,0,0.006550671
0,0,0.0037480155
0,0,0.012707504
0,0,0.003857144
0,0,0.0042640576
0,0,0.007249808
0,0,0.012416189
0,0,0.008625593
0,0,0.0051405937
0,0,0.0036554274
0,0,0.007354134
0,0,0.0044112294
0,0,0.004582276
0,0,0.0036435418
0,0,0.0050033145
0,0,0.005722007
0,0,0.003643774
0,0,0.004765795
0,0,0.0041322624
0,0,0.0036517337
0,0,0.0040161503
0,0,0.0036712338
0,0,0.0038022033
0,0,0.018406121
0,0,0.0040867985
0,0,0.0056819455
0,0,0.0058610775
0,0,0.012207989
0,0,0.023384199
0,0,0.0037376764
0,0,0.006096941
0,0,0.0039004765
0,0,0.050016165
0,0,0.0074338983
0,0,0.003906363
0,0,0.0058975564
0,0,0.0036187733
0,0,0.012424418
0,0,0.0037711742
0,0,0.0052698557
0,0,0.0049422537
0,0,0.0042263484
0,0,0.004493181
0,0,0.0058248034
0,0,0.0060006315
0,0,0.006321942
0,0,0.010020701
0,0,0.00979551
0,0,0.003963567
0,0,0.005267259
0,0,0.0048834886
0,0,0.003703222
0,0,0.006764966
0,0,0.003993494
0,0,0.003820536
0,0,0.009124418
0,0,0.0045534633
0,0,0.0037402145
0,0,0.022179265
0,0,0.0040916144
0,0,0.10621969
0,0,0.005144451
0,0,0.005408254
0,0,0.00368259
0,0,0.003981247
0,0,0.089535095
0,0,0.0045335293
0,0,0.0036569734
0,0,0.0037024638
0,0,0.024388263
0,0,0.005571885
0,0,0.011769615
0,0,0.0036293645
0,0,0.011702276
0,0,0.008156812
0,0,0.0046284767
0,0,0.0075699803
0,0,0.008417334
0,0,0.006781281
0,0,0.0039064595
0,0,0.0035894217
0,0,0.0049899016
0,0,0.006344616
0,0,0.0037711742
0,0,0.0051444434
0,0,0.0037447037
0,0,0.006259958
0,0,0.0036294954
0,0,0.003686077
0,0,0.01964226
0,0,0.004181771
0,0,0.013055127
0,0,0.00571666
0,0,0.0038198011
0,0,0.0037409272
0,0,0.005021724
0,0,0.003660843
0,0,0.003643774
0,0,0.0045702597
0,0,0.00375258
0,0,0.0042730826
0,0,0.004210155
0,0,0.0041751545
0,0,0.012050701
0,0,0.016773438
0,0,0.026702324
0,0,0.011866531
0,0,0.004339713
0,0,0.006176545
0,0,0.02755575
0,0,0.0036445856
0,0,0.009297456
0,0,0.0058013797
0,0,0.00887541
0,0,0.0039036274
0,0,0.0074687796
0,0,0.00645272
0,0,0.0043846634
0,0,0.0065978114
0,0,0.012372878
0,0,0.01274697
0,0,0.0047983583
0,0,0.004110749
0,0,0.06279012
0,0,0.0063032475
0,0,0.0036584924
0,0,0.004685695
0,0,0.0064509776
0,0,0.010491031
0,0,0.077258125
0,0,0.0036098028
0,0,0.024894787
0,0,0.0068163383
0,0,0.0042644585
0,0,0.0039139404
0,0,0.007361455
0,0,0.012308013
0,0,0.0047748396
0,0,0.0036409895
0,0,0.0051205605
0,0,0.017928792
0,0,0.0066053974
0,0,0.004002899
0,0,0.005564471
0,0,0.0063365013
0,0,0.0036493978
0,0,0.0041280203
0,0,0.0038940422
0,0,0.0040299334
0,0,0.028160883
0,0,0.0068469387
0,0,0.012055267
0,0,0.0072004967
0,0,0.003673373
0,0,0.0037996268
0,0,0.0050063897
0,0,0.0052952045
0,0,0.0077501046
0,0,0.0037942755
0,0,0.0058916463
0,0,0.0043899245
0,0,0.00424651
0,0,0.0054555503
0,0,0.0037607697
0,0,0.0038481457
0,0,0.022543108
0,0,0.009932165
0,0,0.0039437898
0,0,0.0056804507
0,0,0.0061998465
0,0,0.0037743824
0,0,0.0038576806
0,0,0.0052486113
0,0,0.0036039148
0,0,0.031283546
0,0,0.0041520186
0,0,0.003672811
0,0,0.0039762827
0,0,0.0035751127
0,0,0.008741966
0,0,0.013133571
0,0,0.0077313087
0,0,0.004043253
0,0,0.0047044526
0,0,0.003654698
0,0,0.006877977
0,0,0.0036726035
0,0,0.0043642856
0,0,0.004783365
0,1,0.64484966
0,0,0.0041703116
0,0,0.0049717026
0,0,0.003557656
0,0,0.004560586
0,0,0.016378056
0,0,0.006072176
0,0,0.00995913
0,0,0.0036877461
0,0,0.0076773856
0,0,0.005410943
0,0,0.003938012
0,0,0.00567122
0,0,0.003873227
0,0,0.016449342
0,0,0.003950798
0,0,0.0036496627
0,0,0.0037598817
0,0,0.003587937
0,0,0.006383208
0,0,0.01380356
0,0,0.005440529
0,0,0.0055321865
0,0,0.021105362
0,0,0.0046524084
0,0,0.0036294558
0,0,0.003573345
0,0,0.0048503256
0,0,0.0037706317
0,0,0.0037519757
0,0,0.004164917
0,0,0.007527933
0,0,0.006919371
0,0,0.0036582681
0,0,0.004086478
0,0,0.004497936
0,0,0.008269959
0,0,0.007888237
0,0,0.009721697
0,0,0.0038033864
0,0,0.0065807686
0,0,0.0038876645
0,0,0.010897305
0,0,0.0037262375
0,0,0.004315096
0,0,0.014778186
0,0,0.0036781803
0,0,0.0041537103
0,0,0.004358604
0,0,0.004276996
0,0,0.0063751163
0,0,0.003943018
0,0,0.0039810278
0,0,0.0051444042
0,0,0.0042280345
0,0,0.01549152
0,0,0.0039853165
0,0,0.0046801697
0,0,0.0035327275
0,0,0.0041222377
0,0,0.01621764
0,0,0.003720079
0,0,0.0038886522
0,0,0.0036385735
0,0,0.004097654
0,0,0.0035757888
0,0,0.0049311905
0,0,0.0036939217
0,0,0.003931467
0,0,0.0061623766
0,0,0.004378537
0,0,0.0048380783
0,0,0.01507672
0,0,0.0035800491
0,0,0.030215455
0,0,0.077952124
0,0,0.004414288
0,0,0.007568433
0,0,0.0041432995
0,0,0.003863428
0,0,0.016677694
0,0,0.0037949476
0,0,0.004030092
0,0,0.0036582681
0,0,0.0037644373
0,0,0.013063811
0,0,0.011032486
0,0,0.005907302
0,0,0.007966836
0,0,0.0037966515
0,0,0.007989506
0,0,0.0055653257
0,0,0.0047267647
0,0,0.0037789482
0,0,0.0041538524
0,0,0.05185792
0,0,0.005324717
0,0,0.0039587016
0,0,0.0064551756
0,0,0.0064889058
0,0,0.0038008727
0,0,0.009624649
0,0,0.0061852233
0,0,0.003883722
0,0,0.003583766
0,0,0.004100973
0,0,0.0055951197
0,0,0.00410092
0,0,0.003749435
0,0,0.0038972194
0,0,0.0077905445
0,0,0.0043591317
0,0,0.004900069
0,0,0.0036696643
0,0,0.0047436464
0,0,0.022595113
0,0,0.008182707
0,0,0.0038741874
0,0,0.0052869683
0,0,0.02519279
0,0,0.00382158
0,0,0.028185366
0,0,0.003750226
0,0,0.005034286
0,0,0.0037569287
0,0,0.0046264916
0,0,0.005957137
0,0,0.024937244
0,0,0.0057625244
0,0,0.007876446
0,0,0.0041195117
0,0,0.0038147913
0,0,0.004208658
0,0,0.0043338165
0,0,0.018388297
0,0,0.0036727113
0,0,0.0071509667
0,0,0.0037631642
0,0,0.008145632
0,0,0.0050097494
0,0,0.019370023
0,0,0.0052820356
0,0,0.004885867
0,0,0.010924455
0,0,0.004147073
0,0,0.0036445856
0,0,0.004223027
0,0,0.0050581503
0,0,0.0076060207
0,0,0.0036233102
0,0,0.004049758
0,0,0.0043777744
0,0,0.010036579
0,0,0.004184914
0,0,0.016542763
0,0,0.009783909
0,0,0.004886034
0,0,0.0042578224
0,0,0.0055804304
0,0,0.010211738
0,0,0.0049969754
0,0,0.0048208283
0,0,0.014549493
0,0,0.0059607946
0,0,0.003765013
0,0,0.004087889
0,0,0.017204244
0,0,0.018887108
0,0,0.0039808047
0,0,0.0049423827
0,0,0.004665787
0,0,0.0039273296
0,0,0.003800437
0,0,0.0048330803
0,0,0.003704596
0,0,0.004746862
0,0,0.0036360163
0,0,0.0039959527
0,0,0.0036339231
0,0,0.008884887
0,0,0.0048214025
0,0,0.003790946
0,0,0.0038647659
0,0,0.0040832036
0,0,0.0037538833
0,0,0.0049047517
0,0,0.013632853
0,0,0.008697593
0,0,0.0036886504
0,0,0.012647099
0,0,0.004491245
0,0,0.0049341563
0,0,0.0039782054
0,0,0.0044146045
0,0,0.0046083033
0,0,0.0135784205
0,0,0.0067623802
0,0,0.005969407
0,0,0.0078502195
0,0,0.0037597406
0,0,0.0040656403
0,0,0.004961993
0,0,0.0068022883
0,0,0.009648116
0,0,0.007917648
0,0,0.0037779072
0,0,0.0037208302
0,0,0.015972884
0,0,0.0039950265
0,0,0.0036489465
0,0,0.0056305537
0,0,0.005832164
0,0,0.003851048
0,0,0.00407796
0,0,0.10374095
0,0,0.004144608
0,0,0.0035751127
0,0,0.0047298796
0,0,0.03282681
0,0,0.006964557
0,0,0.003661262
0,0,0.01625245
0,0,0.0040861676
0,0,0.0036636791
0,0,0.004241315
0,0,0.012838469
0,0,0.0081336675
0,0,0.005215683
0,0,0.00419203
0,0,0.0036354584
0,0,0.0048097344
0,0,0.043617085
0,0,0.004780371
0,0,0.003643774
0,0,0.0064908955
0,0,0.0038791276
0,0,0.005305316
0,0,0.0037453745
0,0,0.0034716306
0,0,0.0036648333
0,0,0.006812027
0,0,0.0059561236
0,0,0.00382054
0,0,0.0042224973
0,0,0.0039962255
0,0,0.008364748
0,0,0.0048811003
0,0,0.006525766
0,0,0.0092782425
0,0,0.054056562
0,0,0.017824873
0,0,0.005696517
0,0,0.027463788
0,0,0.0044344007
0,0,0.004966751
0,0,0.012866667
0,0,0.010328971
0,0,0.008088143
0,0,0.0037318391
0,0,0.0037992497
0,0,0.021305624
0,0,0.0036441358
0,0,0.0037700708
0,0,0.003717745
0,0,0.0048265965
0,0,0.00423527
0,0,0.0085676415
0,0,0.003799672
0,0,0.0050484263
0,0,0.006169776
0,0,0.0046890387
0,0,0.0036866742
0,0,0.0077671893
0,0,0.0056635914
0,0,0.0041069714
0,0,0.058735374
0,0,0.0041646934
0,0,0.00432116
0,0,0.0052192444
0,0,0.0044127754
0,0,0.003653976
0,0,0.0087241465
0,0,0.004073808
0,0,0.005803544
0,0,0.0040010284
0,0,0.003767504
0,0,0.0074048955
0,0,0.0039236024
0,0,0.0064363703
0,0,0.00423527
0,0,0.007085799
0,0,0.008269404
0,0,0.0037070839
0,0,0.00570161
0,0,0.0060755005
0,0,0.0051839775
0,0,0.006539463
0,0,0.008154663
0,0,0.0043477723
0,0,0.010695609
0,0,0.003668842
0,0,0.008294348
0,0,0.004293921
0,0,0.0061685476
0,0,0.003720079
0,0,0.004490064
0,0,0.0037309774
0,0,0.008168238
0,0,0.0068622115
0,0,0.016011536
0,0,0.0041185454
0,0,0.0037533375
0,0,0.0047966307
0,0,0.0038204598
0,0,0.0040388047
0,0,0.00437363
0,0,0.0039180084
0,0,0.003643774
0,0,0.0070972107
0,0,0.0054230196
0,0,0.0035504028
0,0,0.0036393588
0,0,0.005817604
0,0,0.0038956571
0,0,0.0036538683
0,0,0.007820557
0,0,0.0049061715
0,0,0.0037275655
0,0,0.0047101784
0,0,0.0036548786
0,0,0.0054190247
0,0,0.0043338984
0,0,0.003954748
0,0,0.006377748
0,0,0.007411993
0,0,0.0043112356
0,0,0.0043053916
0,0,0.004335837
0,0,0.003644714
0,0,0.0036258348
0,0,0.0036241694
0,0,0.003829528
0,0,0.003573073
0,0,0.0038272259
0,0,0.0036949152
0,0,0.0045606466
0,0,0.004135158
0,0,0.007906558
0,0,0.0044239406
0,0,0.01264224
0,0,0.00563774
0,0,0.0037580745
0,0,0.003670151
0,0,0.01477568
0,0,0.003764176
0,0,0.0063875946
0,0,0.028235113
0,0,0.0064990856
0,0,0.0134335365
0,0,0.0043164315
0,0,0.054039154
0,0,0.0061368444
0,0,0.006771855
0,0,0.01183345
0,0,0.0064300364
0,0,0.006697738
0,0,0.0044015795
0,0,0.010240572
0,0,0.0059682894
0,0,0.04784412
0,0,0.0046886937
0,0,0.006228242
0,0,0.012479189
0,0,0.005296071
0,0,0.004794858
0,0,0.018320164
0,0,0.0036897718
0,0,0.0038460735
0,0,0.0045460234
0,0,0.0067634154
0,0,0.004478654
0,0,0.0055557783
0,0,0.0039956034
0,0,0.022576554
0,0,0.0044894395
0,0,0.004279488
0,0,0.005187082
0,0,0.005780534
0,0,0.0038192824
0,0,0.005155508
0,0,0.0048528602
0,0,0.0066422797
0,0,0.030480407
0,0,0.0036115733
0,0,0.008780968
0,0,0.004989196
0,0,0.0035894269
0,0,0.0077184644
0,0,0.0102807
0,0,0.0054907533
0,0,0.004293297
0,0,0.02256851
0,0,0.003824925
0,0,0.0055762776
0,0,0.0063531655
0,0,0.0036538267
0,0,0.0042250967
0,0,0.022428123
0,0,0.033393882
0,0,0.005090623
0,0,0.0036799372
0,0,0.0039307633
0,0,0.019698422
0,0,0.004677199
0,0,0.0036714694
0,0,0.0036889235
0,0,0.027783345
0,0,0.0051851287
0,0,0.0035054882
0,0,0.0046022967
0,0,0.008253734
0,0,0.0037944915
0,0,0.0037958187
0,0,0.0041568005
0,0,0.0066331965
0,0,0.0072964826
0,0,0.0036187733
0,0,0.0052289385
0,0,0.004075538
0,0,0.0037690378
0,0,0.0036250923
0,0,0.0034892373
1,1,0.99669856
0,0,0.0037627174
0,0,0.003923502
0,0,0.007263758
0,0,0.004487594
0,0,0.011133619
0,0,0.006853202
0,0,0.0044794534
0,0,0.0053469115
0,0,0.0043575717
0,0,0.0050764135
0,0,0.03397926
0,0,0.0036682314
0,0,0.005714473
0,0,0.0036187733
0,0,0.0062264716
0,0,0.0056559057
0,0,0.0044957264
0,0,0.009925987
0,0,0.0037742907
0,0,0.0037840535
0,0,0.0067207036
0,0,0.0054106093
0,0,0.005466928
0,0,0.0038196796
0,0,0.0048758965
0,0,0.0054989196
0,0,0.007065096
0,0,0.0036719313
0,0,0.004303726
0,0,0.005136538
0,0,0.007977384
0,0,0.003643774
0,0,0.05601975
0,0,0.004071228
0,0,0.0036305166
0,0,0.0037012433
0,0,0.003919637
0,0,0.0036147423
0,0,0.005035657
0,0,0.034713432
0,0,0.005621132
0,0,0.003884624
0,0,0.00444846
0,0,0.0037327574
0,0,0.0048905546
0,0,0.0043288725
0,0,0.0035542042
0,0,0.011696454
0,0,0.060429115
0,0,0.0038911966
0,0,0.006184781
0,0,0.0045190826
0,0,0.006354183
0,0,0.01747567
0,0,0.004168698
0,0,0.024131624
0,0,0.009788483
0,0,0.014894319
0,0,0.004622077
0,0,0.010291224
0,0,0.0055895355
0,0,0.003494758
0,0,0.0056358795
0,0,0.0075130058
0,0,0.0038924557
0,0,0.0037279057
0,0,0.0052618426
0,0,0.004286095
0,0,0.030772634
0,0,0.08434839
0,0,0.020397864
0,0,0.007788153
0,0,0.010776741
0,0,0.118770495
0,0,0.0039426084
0,0,0.0061474983
0,0,0.003844386
0,0,0.003716712
0,0,0.0070023895
0,0,0.004325074
0,0,0.0045205606
0,0,0.0036496504
0,0,0.0036080095
0,0,0.0047621806
0,0,0.0049705277
0,0,0.0115003195
0,0,0.0055770474
0,0,0.0041358843
0,0,0.004244946
0,0,0.00607392
0,0,0.006051287
0,0,0.0042867465
0,0,0.0059660748
0,0,0.011515556
0,0,0.0038018746
0,0,0.005081206
0,0,0.004362925
0,0,0.004593393
0,0,0.0076179537
0,0,0.0039118943
0,0,0.003993012
0,0,0.0058057676
0,0,0.003842854
0,0,0.005167361
0,0,0.0038575912
0,0,0.004786346
0,0,0.011644973
0,0,0.004068155
0,0,0.0048661404
0,0,0.007082422
0,0,0.003644191
0,0,0.0053503006
0,0,0.0042451755
0,0,0.0040719938
0,0,0.0048684934
0,0,0.015873717
0,0,0.006160114
0,0,0.0037447037
0,0,0.0039566644
0,0,0.0046573887
0,0,0.003643774
0,0,0.00510775
0,0,0.0036187733
0,0,0.005274514
0,0,0.005320577
0,0,0.0038074013
0,0,0.0040431228
0,0,0.0036306682
0,0,0.003799589
0,0,0.0036262637
0,0,0.0037703232
0,0,0.011610225
0,0,0.0041438877
0,0,0.01571651
0,0,0.0050010835
0,0,0.0050530606
0,0,0.00375258
0,0,0.0036569734
0,0,0.004351004
0,0,0.0036257743
0,0,0.003620113
0,0,0.009649647
0,0,0.0054191123
0,0,0.004138633
0,0,0.0045830654
0,0,0.010280147
0,0,0.017218627
0,0,0.0037033048
0,0,0.0042326166
0,0,0.0051421546
0,0,0.0052002007
0,0,0.004423239
0,0,0.0036881051
0,0,0.0036765782
0,0,0.0045195716
0,0,0.006394198
0,0,0.0040511894
0,0,0.0069057476
0,0,0.004399219
0,0,0.004711607
0,0,0.0038601079
0,0,0.004283692
0,0,0.0038442253
0,0,0.0037656089
0,0,0.0042241034
0,0,0.004098255
0,0,0.08595964
0,0,0.0048906985
0,0,0.007484579
0,0,0.018793264
0,0,0.0037714466
0,0,0.0040913518
0,0,0.005030244
0,0,0.0037037057
0,0,0.0038752677
0,0,0.0059423
0,0,0.003892694
0,0,0.20966433
0,0,0.0040383176
0,0,0.0037700708
0,0,0.0036308323
0,0,0.003709092
0,0,0.0036494236
0,0,0.0060935407
0,0,0.0045218184
0,0,0.0051489016
0,0,0.009777572
0,0,0.0066021224
0,0,0.01247712
0,0,0.013391501
0,0,0.003629411
0,0,0.015793594
0,0,0.005633229
0,0,0.0060617956
0,0,0.0043793065
0,0,0.0043847067
0,0,0.012906863
0,0,0.0038894317
0,0,0.009612616
0,0,0.030390235
0,0,0.0044142753
0,0,0.007986551
0,0,0.0040377206
0,0,0.0036360163
0,0,0.0044342554
0,0,0.004012698
0,0,0.05635123
0,0,0.0048677363
0,0,0.0046747527
0,0,0.004594544
0,0,0.008568071
0,0,0.0041192556
0,0,0.0039048567
0,0,0.00376658
0,0,0.0060390183
0,0,0.011184606
0,0,0.0038247725
0,0,0.006872716
0,0,0.005669341
0,0,0.0036476054
0,0,0.0036258348
0,0,0.004689635
0,0,0.0088353455
0,0,0.0037064129
0,0,0.0062396745
0,0,0.01956081
0,0,0.004061156
0,0,0.0038407608
0,0,0.0053889183
0,0,0.007082422
0,0,0.005494666
0,0,0.0041794865
0,0,0.0068347217
0,0,0.0043014647
0,0,0.0066347867
0,0,0.0047828765
0,0,0.0042993203
0,0,0.004142725
0,0,0.01065993
0,0,0.0075919097
0,0,0.0040655998
0,0,0.036152977
0,0,0.004608026
0,0,0.0038002296
0,0,0.0054975715
0,0,0.008129686
0,0,0.0068533327
0,0,0.009830742
0,0,0.0037416418
0,0,0.0044400482
0,0,0.0044226088
0,0,0.0038459823
0,0,0.003783018
0,0,0.0038134886
0,0,0.00811416
0,0,0.0052267686
0,0,0.0051626004
0,0,0.0037419293
0,0,0.003877262
0,0,0.0050515863
0,0,0.004230579
0,0,0.0040638065
0,0,0.034681264
0,0,0.004338294
0,0,0.0037281287
0,0,0.0043864995
0,0,0.009453863
0,0,0.0037419293
0,0,0.0038701429
0,0,0.004620051
0,0,0.0036386948
0,0,0.007994364
0,0,0.004203854
0,0,0.0038320157
0,0,0.003731155
0,0,0.005285131
0,0,0.066596866
0,0,0.0035449907
0,0,0.0041002254
0,0,0.0037987789
0,0,0.004730396
0,0,0.015553027
0,0,0.013910808
0,0,0.011458816
0,0,0.004441296
0,0,0.01005551
0,0,0.0036374487
0,0,0.005466907
0,0,0.018531369
0,0,0.0035624905
0,0,0.0036187733
0,0,0.008070434
0,0,0.009066387
0,0,0.004357431
0,0,0.0036606567
0,0,0.005301148
0,0,0.004568444
0,0,0.0035691622
0,0,0.0079736
0,0,0.008549333
0,0,0.0038257174
0,0,0.015720677
0,0,0.0037592498
0,0,0.0065454817
0,0,0.01750512
0,0,0.0054080053
0,0,0.0037874002
0,0,0.0048124283
0,0,0.004345746
0,0,0.004295823
0,0,0.005652635
0,0,0.0038810812
0,0,0.00382158
0,0,0.0047326796
0,0,0.006471346
0,0,0.003812226
0,0,0.005332448
0,0,0.00546831
0,0,0.0042250967
0,0,0.012476538
0,0,0.007820738
0,0,0.004505571
0,0,0.0036408165
0,0,0.0052477955
0,0,0.0036990654
0,0,0.005899824
0,0,0.0038666297
0,0,0.006064629
0,0,0.006136914
0,0,0.02448409
0,0,0.0047483626
0,0,0.0048291627
0,0,0.004501253
0,0,0.0045695417
0,0,0.010059955
0,0,0.0044223443
0,0,0.004223917
0,0,0.0037464956
0,0,0.0042121643
1,1,0.9962585
0,0,0.0036584924
0,0,0.003972687
0,0,0.0042122086
0,0,0.0049952287
0,0,0.005700594
0,0,0.009639409
0,0,0.003608683
0,0,0.004516241
0,0,0.005632783
0,0,0.009972821
0,0,0.004962648
0,0,0.0045418604
0,0,0.0036398927
0,0,0.007546606
0,0,0.0036445856
0,0,0.009210466
0,0,0.005773758
0,0,0.0036918162
0,0,0.010018043
0,0,0.0077294796
0,0,0.0044907248
0,0,0.006230294
0,0,0.008497665
0,0,0.0042789686
0,0,0.0057801474
0,0,0.003995791
0,0,0.0036272753
0,0,0.00446722
0,0,0.004113061
0,0,0.009862998
0,0,0.019115962
0,0,0.0036181752
0,0,0.004622968
0,0,0.008050031
0,0,0.006245975
0,0,0.003776947
0,0,0.0042211544
0,0,0.003728412
0,0,0.006039376
0,0,0.0048305355
0,0,0.0038066308
0,0,0.0050446484
0,0,0.009887681
0,0,0.0044004326
0,0,0.005343872
0,0,0.0064570317
0,0,0.0040697474
0,0,0.029585395
0,0,0.006271938
0,0,0.0041867425
0,0,0.0065314816
0,0,0.009159079
0,0,0.005345796
0,0,0.0067434115
0,0,0.024708122
0,0,0.005964774
0,0,0.03150495
0,0,0.003709173
0,0,0.0047252243
0,0,0.01285767
0,0,0.008847197
0,0,0.004873685
0,0,0.0039353813
0,0,0.006211295
0,0,0.0063639684
0,0,0.010162187
0,0,0.005288195
0,0,0.04305048
0,0,0.0037419293
0,0,0.007377015
0,0,0.010616208
0,0,0.004745736
0,0,0.003769018
0,0,0.05651023
0,0,0.0068632965
0,0,0.0038752677
0,0,0.0038806666
0,0,0.0066094478
0,0,0.013620457
0,0,0.0046455264
0,0,0.005472336
0,0,0.0057839276
0,0,0.007834403
0,0,0.05994408
0,0,0.010245835
0,0,0.0036569734
0,0,0.0040410394
0,0,0.010410191
0,0,0.0054442324
0,0,0.003919909
0,0,0.0037945495
0,0,0.0038406663
0,0,0.005324977
0,0,0.0036582681
0,0,0.0049976893
0,0,0.010171568
0,0,0.011657213
0,0,0.0037551175
0,0,0.010842361
0,0,0.003739566
0,0,0.039174184
0,0,0.0292468
0,0,0.021001032
0,0,0.004798957
0,0,0.0037696913
0,0,0.00594003
0,0,0.003636429
0,0,0.0051740375
0,0,0.005761858
0,0,0.0068595116
0,0,0.0054243677
0,0,0.0035840964
0,0,0.0039799064
0,0,0.00814752
0,0,0.005107588
0,0,0.003573272
0,0,0.01571884
0,0,0.004151638
0,0,0.0043195128
0,0,0.011634402
0,0,0.0037544132
0,0,0.00506645
0,0,0.0038149848
0,0,0.0040820637
0,0,0.004385642
0,0,0.0039043413
0,0,0.0037194127
0,0,0.006159294
0,0,0.0059767454
0,0,0.003835423
0,0,0.007440973
0,0,0.0044394014
0,0,0.0062920484
0,0,0.0037322077
0,0,0.036970593
0,0,0.0043124743
0,0,0.0037053744
0,0,0.0056071933
0,0,0.006178764
0,0,0.009162798
0,0,0.005059122
0,0,0.0038003507
0,0,0.0037637097
0,0,0.0041134693
0,0,0.004996509
0,0,0.108005494
0,0,0.022682456
0,0,0.0035697862
0,0,0.015373055
0,0,0.009785003
0,0,0.0046544895
0,0,0.037826173
0,0,0.0042984
0,0,0.0036498103
0,0,0.013339066
0,0,0.0051605534
0,0,0.0037637416
0,0,0.017394407
0,0,0.009159793
0,0,0.003744033
0,0,0.005130252
0,0,0.007892048
0,0,0.0040914686
0,0,0.0038806386
0,0,0.005690878
0,0,0.00483129
0,0,0.004956158
0,0,0.0042365612
0,0,0.047714148
0,0,0.004021223
0,0,0.0035909996
0,0,0.12433144
0,0,0.0036290986
0,0,0.0036487698
0,0,0.005382436
0,0,0.0034700474
0,0,0.009720404
0,0,0.0040643313
0,0,0.006845353
0,0,0.006173066
0,0,0.0041166446
0,0,0.0035555335
0,0,0.003748448
0,0,0.005168003
0,0,0.008764528
0,0,0.0043244623
0,0,0.0051773596
0,0,0.003643774
0,0,0.00577677
0,0,0.0036749002
0,0,0.0049223495
0,0,0.0038535201
0,0,0.0037556563
0,0,0.0042708856
0,0,0.0047716475
0,0,0.013357863
0,0,0.0104388185
0,0,0.0036478064
0,0,0.0049283393
0,0,0.0044215214
0,0,0.0036033324
0,0,0.00382446
0,0,0.0053311256
0,0,0.029151466
0,0,0.015089024
0,0,0.020422285
0,0,0.0042511704
0,0,0.0038799604
0,0,0.0052671717
0,0,0.003638859
0,0,0.005087791
0,0,0.004474529
0,0,0.029179238
0,0,0.0073993634
0,0,0.0043252036
0,0,0.004094635
0,0,0.0035542042
0,0,0.004553744
0,0,0.0037520311
0,0,0.01798632
0,0,0.007157853
0,0,0.004303411
0,0,0.031720214
0,0,0.008836703
0,0,0.007917667
0,0,0.004317809
0,0,0.003911489
0,0,0.0036292057
0,0,0.003893722
0,0,0.0036419167
0,0,0.0046906834
0,0,0.0053512524
0,0,0.0059656505
0,0,0.0054150936
0,0,0.017177707
0,0,0.015623681
0,0,0.061814606
0,0,0.011798473
0,0,0.011619783
0,0,0.0040622763
0,0,0.005555349
0,0,0.0049392246
0,0,0.0038270752
0,0,0.0052577043
0,0,0.0048983954
0,0,0.0055630356
0,0,0.00402662
0,0,0.003757282
0,0,0.006612548
0,0,0.026113674
0,0,0.005075152
0,0,0.0072964234
0,0,0.0045381365
0,0,0.004722473
0,0,0.0046718162
0,0,0.003977994
0,0,0.006047562
0,0,0.008127822
0,0,0.006748584
0,0,0.004007249
0,0,0.0058035003
0,0,0.0038429108
0,0,0.005585357
0,0,0.025276607
0,0,0.004427556
0,0,0.004305459
0,0,0.0036869226
0,0,0.016097475
0,0,0.0075449916
0,0,0.008208157
0,0,0.007431267
0,0,0.0037659165
0,0,0.004407989
0,0,0.0038238536
0,0,0.004622729
0,0,0.03486191
0,0,0.005480501
0,0,0.042944692
0,0,0.012093445
0,0,0.0051441896
0,0,0.00405209
0,0,0.0042848517
0,0,0.016231125
0,0,0.0041345805
0,0,0.007034364
0,0,0.004506433
0,0,0.007146425
0,0,0.0066873026
0,0,0.007003812
0,0,0.005549617
0,0,0.003984298
0,0,0.004045047
0,0,0.017657759
0,0,0.006426757
0,0,0.0037427705
0,0,0.004423577
0,0,0.004616798
0,0,0.009079639
0,0,0.016841954
0,0,0.0045629223
0,0,0.0041921795
0,0,0.007345921
0,0,0.0044957437
0,0,0.004723305
0,0,0.004455999
0,0,0.0038389282
0,0,0.0042240536
0,0,0.007523331
0,0,0.005366609
0,0,0.0053317426
0,0,0.0042250967
0,0,0.0074696564
0,0,0.0037146944
0,0,0.007555185
0,0,0.007003961
0,0,0.022251317
0,0,0.0037942755
0,0,0.003831941
0,0,0.0037749761
0,0,0.004721994
0,0,0.004683549
0,0,0.004012698
0,0,0.007017089
0,0,0.0036404808
0,0,0.008368103
0,0,0.24356334
0,0,0.0038347032
0,0,0.004113061
0,0,0.004518962
0,0,0.0038994688
0,0,0.0094666155
0,0,0.006613839
0,0,0.004789984
0,0,0.003602119
0,0,0.007001773
0,0,0.0048259897
0,0,0.0038045014
0,0,0.01002583
0,0,0.005968733
0,0,0.019607672
0,0,0.0037387917
0,0,0.006273733
0,0,0.01747053
0,0,0.006724104
0,0,0.0043160548
0,0,0.007999717
0,0,0.006114378
0,0,0.0047095143
0,0,0.003664424
0,0,0.0125636235
0,0,0.0072384635
0,0,0.015825868
0,0,0.0037082832
0,0,0.0036450515
0,0,0.046755936
0,0,0.0037218237
0,0,0.010801633
0,0,0.0036387723
0,0,0.014703198
0,0,0.0035820312
0,0,0.058702555
0,0,0.012757398
0,0,0.00811167
0,0,0.0131334225
0,0,0.012204948
0,0,0.0036339231
0,0,0.0075745704
0,0,0.003996188
0,0,0.0060556447
0,0,0.006698762
0,0,0.008928246
0,0,0.020748219
0,0,0.0038361426
0,0,0.0053005046
0,0,0.0040614316
0,0,0.004445249
0,0,0.0053779474
0,1,0.5188324
0,0,0.009210027
0,0,0.003643774
0,0,0.005221485
0,0,0.0036585531
0,0,0.007456241
0,0,0.08352684
0,0,0.0040345504
0,0,0.0039553847
0,0,0.006911116
0,0,0.004795042
0,0,0.027640248
0,0,0.0036449372
0,0,0.0040636696
0,0,0.031154372
0,0,0.007466984
0,0,0.004918231
0,0,0.0037692415
0,0,0.010205191
0,0,0.005962934
0,0,0.0047860327
0,0,0.004250892
0,0,0.005868192
0,0,0.004036145
0,0,0.0038133888
0,0,0.0036197333
0,0,0.049281474
0,0,0.0037847725
0,0,0.0072674067
0,0,0.0038524203
0,0,0.0047883363
0,0,0.034511995
0,0,0.004019627
0,0,0.004748365
0,0,0.003749066
0,0,0.0047039078
0,0,0.0038275442
0,0,0.021147966
0,0,0.008880802
0,0,0.01403574
0,0,0.0049249004
0,0,0.00398663
0,0,0.007692269
0,0,0.018838003
0,0,0.0055933744
0,0,0.0039575533
0,0,0.006962269
0,0,0.004427457
0,0,0.0069409846
0,0,0.0039178724
0,0,0.0037183508
0,0,0.004365336
0,0,0.006733665
0,0,0.0068597677
0,0,0.0036663276
0,0,0.0040251995
0,0,0.004346305
0,0,0.004743383
0,0,0.0067470376
0,0,0.004526562
0,0,0.004952061
0,0,0.027067475
0,0,0.0037916626
0,0,0.0036718058
0,0,0.0038400658
0,0,0.0041348026
0,0,0.0037495934
0,0,0.004001502
0,0,0.0051486916
0,0,0.008994724
0,0,0.0037627658
0,0,0.016659992
0,0,0.004347989
0,0,0.010825957
0,0,0.0060755005
0,0,0.0038819755
0,0,0.0039105345
0,0,0.00483364
0,0,0.0050111613
0,0,0.0044378187
0,0,0.0037052492
0,0,0.0059697945
0,0,0.0052584973
0,0,0.0041215057
0,0,0.0036051702
0,0,0.004839853
0,0,0.008227775
0,0,0.004264392
0,0,0.0048104855
0,0,0.0041941903
0,0,0.0036438464
0,0,0.0036569734
0,0,0.0038968634
0,0,0.00382158
0,0,0.009558578
0,0,0.0035475988
0,0,0.0045330813
0,0,0.0038795313
0,0,0.008952378
0,0,0.004343081
0,0,0.0037315274
0,0,0.0036573038
0,0,0.076590955
0,0,0.0050426573
0,0,0.003816676
0,0,0.004719984
0,0,0.0036418042
0,0,0.01557855
0,0,0.0039031655
0,0,0.00659549
0,0,0.00688831
0,0,0.0049245358
0,0,0.009850317
0,0,0.0109166205
0,0,0.089389816
0,0,0.0058830925
0,0,0.004180469
0,0,0.003667566
0,0,0.0044427575
0,0,0.011512137
0,0,0.00981344
0,0,0.003705376
0,0,0.0046637235
0,0,0.017790994
0,0,0.0052064257
0,0,0.0040643355
0,0,0.0037158558
0,0,0.004874488
0,0,0.0040995125
0,0,0.0036584924
0,0,0.0038441194
0,0,0.0043812506
0,0,0.0063155107
0,0,0.006045791
0,0,0.004879815
0,0,0.0037419293
0,0,0.0037320198
0,0,0.003959168
0,0,0.0050524445
0,0,0.0036151065
0,0,0.0052707554
0,0,0.0059871594
0,0,0.008363443
0,0,0.004022098
0,0,0.006413185
0,0,0.004806754
0,0,0.21311277
0,0,0.02031516
0,0,0.0036020812
0,0,0.006230503
0,0,0.004017667
0,0,0.009561581
0,0,0.0061794724
0,0,0.0037007334
0,0,0.0063658264
0,0,0.0039531966
0,0,0.0035914774
0,0,0.0036924935
0,0,0.0065378277
0,0,0.0056343693
0,0,0.0036427095
0,0,0.004180959
0,0,0.005112863
0,0,0.018805638
0,0,0.0036629604
0,0,0.008102299
0,0,0.0061834683
0,0,0.0040232292
0,0,0.003743928
0,0,0.0035634062
0,0,0.005229973
0,0,0.004366686
0,0,0.0035987266
0,0,0.010515954
0,0,0.0038138656
0,0,0.0036452007
0,0,0.004136613
0,0,0.0061763455
0,0,0.0041503687
0,0,0.0124554355
0,0,0.22212076
0,0,0.0124669075
0,0,0.0036481544
0,0,0.004447533
0,0,0.0036320328
0,0,0.0038703156
0,0,0.0042211222
0,0,0.004036862
0,0,0.004150187
0,0,0.03152877
0,0,0.00576194
0,0,0.010751567
0,0,0.0037039537
0,0,0.0063054194
0,0,0.0036147423
0,0,0.0041077463
0,0,0.023433547
0,0,0.0043281615
0,0,0.0037486712
0,0,0.00382158
0,0,0.007452178
0,0,0.0064151846
0,0,0.0037661528
0,0,0.0045643263
0,0,0.0071980325
0,0,0.004739117
0,0,0.011061175
0,0,0.004778026
0,0,0.010419897
0,0,0.006326242
0,0,0.0037419293
0,0,0.004467784
0,0,0.003908425
0,0,0.026987435
0,0,0.0047630505
0,0,0.0035724675
0,0,0.0039831456
0,0,0.0035182189
0,0,0.0039645233
0,0,0.003611558
0,0,0.003773097
0,0,0.02048999
0,0,0.0048817582
0,0,0.004241283
0,0,0.003907944
0,0,0.0037515727
0,0,0.007192266
0,0,0.0043428233
0,0,0.008752707
0,0,0.0036936672
0,0,0.0041120024
0,0,0.0065067564
0,0,0.0037749526
0,0,0.0043285275
0,0,0.0064339284
0,0,0.0043786434
0,0,0.0036612793
0,0,0.012429824
0,0,0.0060786344
0,0,0.00439591
0,0,0.0048879213
0,0,0.0038179327
0,0,0.0036283783
0,0,0.0036790648
0,0,0.008898653
0,0,0.17258324
0,0,0.0053911684
0,0,0.005362711
0,0,0.0037843948
0,0,0.0063503515
0,0,0.0041462122
0,0,0.008211172
0,0,0.005304828
0,0,0.009172456
0,0,0.0062152073
0,0,0.003643774
0,0,0.0036771162
0,0,0.003767817
0,0,0.0046051373
0,0,0.0041156695
0,0,0.0039815553
0,0,0.003643774
0,0,0.046680152
0,0,0.0043021385
0,0,0.06192883
0,0,0.0041141626
0,0,0.0050749495
0,0,0.004398275
0,0,0.0036615597
0,0,0.0045330925
0,0,0.009138936
0,0,0.004042602
0,0,0.0041325963
0,0,0.0051034004
0,0,0.006096733
0,0,0.004745454
0,0,0.0033953697
0,0,0.008365278
0,0,0.012152939
0,0,0.007860793
0,0,0.0065767863
0,0,0.0053824126
0,0,0.0037739377
0,0,0.01866409
0,0,0.0072738915
0,0,0.003927253
0,0,0.006003112
0,0,0.0059899753
0,0,0.0037662797
0,0,0.004005696
0,0,0.007767515
0,0,0.08310306
0,0,0.02992632
0,0,0.0056141266
0,0,0.011632796
0,0,0.011510102
0,0,0.009547411
0,0,0.010166773
0,0,0.008388922
0,0,0.0041056843
0,0,0.022910262
0,0,0.0043990393
0,0,0.004633123
0,0,0.004921621
0,0,0.005269198
0,0,0.0046181194
0,0,0.0036462452
0,0,0.0034700474
0,0,0.003643774
0,0,0.0048276917
0,0,0.004097138
0,0,0.0037035844
0,0,0.007849971
0,0,0.0049428474
0,0,0.008648825
0,0,0.0042575393
0,0,0.00472559
0,0,0.0041249264
0,0,0.004332337
0,0,0.0038406663
0,0,0.005611502
0,0,0.0053925076
0,0,0.004091045
0,0,0.003390426
0,0,0.0038946227
0,0,0.008683708
0,0,0.004199992
0,0,0.08067798
0,0,0.0039104265
0,0,0.006687926
0,0,0.0070768273
0,0,0.007299208
0,0,0.003614842
0,0,0.0053808074
0,0,0.0037447037
0,0,0.0038545341
0,0,0.0038945135
0,0,0.0039353697
0,0,0.005111995
0,0,0.003643774
0,0,0.0047701825
0,0,0.0048335553
0,0,0.00449499
0,0,0.0037561313
0,0,0.0064798803
0,0,0.0041376757
0,0,0.00624541
0,0,0.0055833873
0,0,0.004552607
0,0,0.004682796
0,0,0.01811929
0,0,0.007103652
0,0,0.01209789
0,0,0.0060755005
0,0,0.003707929
0,0,0.007496228
0,0,0.008020279
0,0,0.0036934353
0,0,0.014282304
0,0,0.28180224
0,0,0.009542511
0,0,0.003614842
0,0,0.014484821
0,0,0.003959268
0,0,0.0038597155
0,0,0.006497639
0,0,0.0050480813
0,0,0.00443006
0,0,0.007516761
0,0,0.025445133
0,0,0.030369183
0,0,0.00788125
0,0,0.00421731
0,0,0.0069824047
0,0,0.003864656
0,0,0.020895626
0,0,0.0038836221
0,0,0.053834427
0,0,0.02894302
0,0,0.005338904
0,0,0.007874918
0,0,0.0052348026
0,0,0.0045878035
0,0,0.0048701344
0,0,0.0037561862
0,0,0.17151007
0,0,0.0040084636
0,0,0.0039824857
0,0,0.0056464365
0,0,0.006813595
0,0,0.007953175
0,0,0.012680659
0,0,0.0036334274
0,0,0.004386652
0,0,0.0035329438
0,0,0.029454412
0,0,0.058070987
0,0,0.0044367886
0,0,0.010832797
0,0,0.0035842375
0,0,0.0053594364
0,0,0.0047043543
0,0,0.029770423
0,0,0.010436218
0,0,0.0062690293
0,0,0.005019361
0,0,0.018114982
0,0,0.0036698477
0,0,0.0050441073
0,0,0.0035549977
0,0,0.003822909
0,0,0.0038632
0,0,0.003627875
0,0,0.0037353458
0,0,0.024707252
0,0,0.016764153
0,0,0.0042719324
0,0,0.0037952813
0,0,0.005838134
0,0,0.0040697474
0,0,0.00881707
0,0,0.0041290536
0,0,0.0048131202
0,0,0.0041570924
0,0,0.005041368
0,0,0.004251233
0,0,0.006774206
0,0,0.096277654
0,0,0.004479764
0,0,0.007943595
0,0,0.0037545753
0,0,0.007224404
0,0,0.004042556
0,0,0.0062675085
0,0,0.0049477112
0,0,0.003643774
0,0,0.008532047
0,0,0.012035061
0,0,0.0056274943
0,0,0.009685499
0,0,0.0037980496
0,0,0.004349581
0,0,0.01850342
0,0,0.0040760622
0,0,0.009597302
0,0,0.003816678
0,0,0.0042149434
0,0,0.005819736
0,0,0.004344743
0,0,0.0040310705
0,0,0.005569278
0,0,0.0036424028
0,0,0.0038773115
0,0,0.0036728303
0,0,0.0038752677
0,0,0.0036729856
0,0,0.0040269587
0,0,0.0035253207
0,0,0.0043756864
0,0,0.00418192
0,0,0.009754069
0,0,0.005377251
0,0,0.004532634
0,0,0.005942289
0,0,0.011243188
0,0,0.0037327574
0,0,0.0046908283
0,0,0.02922334
0,0,0.0074525513
0,0,0.0036780268
0,0,0.003660514
0,0,0.0049565085
0,0,0.01373697
0,0,0.012323586
0,0,0.0036499314
0,0,0.0036614344
0,0,0.0037337544
0,0,0.0036572914
0,0,0.00523914
0,0,0.003783376
0,0,0.012642841
0,0,0.004873662
0,0,0.0038847148
0,0,0.004902704
0,0,0.0042559407
0,0,0.008463463
0,0,0.0037789373
0,0,0.004316026
0,0,0.0038025465
0,0,0.004696357
0,0,0.0100215105
0,0,0.011947367
0,0,0.0047871796
0,0,0.0054722712
0,0,0.013539236
0,0,0.0036692913
0,0,0.0036790455
0,0,0.0036662836
0,0,0.39045846
0,0,0.015003378
0,0,0.0070266146
0,0,0.0040116417
0,0,0.07769965
0,0,0.006562113
0,0,0.004050562
0,0,0.015955446
0,0,0.0046366164
0,0,0.003762728
0,0,0.007035507
0,0,0.00436737
0,0,0.0046200883
0,0,0.015079504
0,0,0.0035542042
0,0,0.006142987
0,0,0.0056992318
0,0,0.0035522932
0,0,0.004635206
0,0,0.004226495
0,0,0.0040857177
0,0,0.0036490473
0,0,0.003529236
0,0,0.0076755076
0,0,0.0036785842
0,0,0.0044959164
0,0,0.0037029034
0,0,0.007953683
0,0,0.0037656089
0,0,0.046665143
0,0,0.10164027
0,0,0.0040081185
0,0,0.0057633827
0,0,0.010472129
0,0,0.005792558
0,0,0.0036169724
0,0,0.0038184298
0,0,0.0037919672
0,0,0.0047548884
0,0,0.008430908
0,0,0.0196352
0,0,0.0043464927
0,0,0.003938861
0,0,0.010417778
0,0,0.03979392
0,0,0.004427609
0,0,0.005370851
0,0,0.0057068053
0,0,0.0036185156
0,0,0.0036597962
0,0,0.004332218
0,0,0.0037418122
0,0,0.022561971
0,0,0.005158326
0,0,0.0034030133
0,0,0.0061255354
0,0,0.0041456567
0,0,0.004625841
0,0,0.009497162
0,0,0.0037532395
0,0,0.004244819
0,0,0.0067459675
0,0,0.0038559407
0,0,0.003640398
0,0,0.0046596434
0,0,0.0042732554
0,0,0.004362933
0,0,0.0036582681
0,0,0.0051566917
0,1,0.705281
0,0,0.0038537448
0,0,0.00494398
0,0,0.0038595963
0,0,0.0048624105
0,0,0.006563643
0,0,0.0037441521
0,0,0.003850212
0,0,0.0042748135
0,0,0.035935204
0,0,0.010400111
0,0,0.004950771
0,0,0.0070322296
0,0,0.0055695893
0,0,0.0037661507
0,0,0.015281816
0,0,0.0049061854
0,0,0.00509954
0,0,0.003801084
0,0,0.0038130556
0,0,0.008652767
0,0,0.03694421
0,0,0.0048325234
0,0,0.0036335862
0,0,0.003754493
0,0,0.0037620382
0,0,0.0039260015
0,0,0.005789285
0,0,0.006516248
0,0,0.0052968
0,0,0.0036358484
0,0,0.0059172283
0,0,0.010630934
0,0,0.0050415713
0,0,0.0074230162
0,0,0.005889
0,0,0.0048452257
0,0,0.0076964526
0,0,0.0040343916
0,0,0.0035492696
0,0,0.0045931027
0,0,0.004169591
0,0,0.03792716
0,0,0.003907731
0,0,0.003779704
0,0,0.0042488235
0,0,0.014198438
0,0,0.0052183284
0,0,0.0044327383
0,0,0.0055588274
0,0,0.0039554974
0,0,0.067308374
0,0,0.004823222
0,0,0.008958997
0,0,0.0043019913
0,0,0.006242688
0,0,0.005095661
0,0,0.003447932
0,0,0.0047279904
0,0,0.00411667
0,0,0.0064850952
0,0,0.0037790542
0,0,0.0043409183
0,0,0.0054126983
0,0,0.003696727
0,0,0.006034412
0,0,0.010237551
0,0,0.0056030233
0,0,0.0074204905
0,0,0.004665442
0,0,0.0036706217
0,0,0.0038219646
0,0,0.005762896
0,0,0.0036386135
0,0,0.006218516
0,0,0.0070917797
0,0,0.034731925
0,0,0.003792717
0,0,0.005323278
0,0,0.004891277
0,0,0.010839345
0,0,0.0058812276
0,0,0.0039747683
0,0,0.036691952
0,0,0.0038204219
0,0,0.0052854912
0,0,0.0042287493
0,0,0.009651138
0,0,0.0046916855
0,0,0.0076715318
0,0,0.015882822
0,0,0.0038664367
0,0,0.004826123
0,0,0.0041393368
0,0,0.003941884
0,0,0.004214137
0,0,0.012770846
0,0,0.0059665614
0,0,0.006205808
0,0,0.003710518
0,0,0.0045990557
0,0,0.009585557
0,0,0.006394105
0,0,0.004980237
0,0,0.0053816778
0,0,0.0036582681
0,0,0.0037621811
0,0,0.0039309333
0,0,0.0073161433
0,0,0.008750403
0,0,0.004369938
0,0,0.0037904617
0,0,0.004439627
0,0,0.0038364143
0,0,0.0037371542
0,0,0.005532115
0,0,0.0043028677
0,0,0.0076725734
0,0,0.003882966
0,0,0.0041822284
0,0,0.0038683217
0,0,0.003742255
0,0,0.04277369
0,0,0.005097951
0,0,0.008068939
0,0,0.0035519823
0,0,0.0043243514
0,0,0.0063039283
0,0,0.004050279
0,0,0.007008446
0,0,0.0045169657
0,0,0.013666756
0,0,0.0037345807
0,0,0.00409874
0,0,0.0036584924
0,0,0.0095292255
0,0,0.00744704
0,0,0.005133383
0,0,0.006613904
0,0,0.0047628223
0,0,0.009409469
0,0,0.004426886
0,0,0.005754386
0,0,0.0046811206
0,0,0.006551196
0,0,0.0040301746
0,0,0.005113443
0,0,0.0037783934
0,0,0.0039467844
0,0,0.0058140336
0,0,0.0037447037
0,0,0.003702622
0,0,0.00660602
0,0,0.0036582681
0,0,0.004544983
0,0,0.004036674
0,0,0.033947587
0,0,0.0072144964
0,0,0.0035440286
0,0,0.007808301
0,0,0.011598658
0,0,0.0037862454
0,0,0.008080939
0,0,0.005028373
0,0,0.0049886634
0,0,0.024249636
0,0,0.005078974
0,0,0.027441718
0,0,0.005011209
0,0,0.02161488
0,0,0.010008254
0,0,0.0099729905
0,0,0.0036955436
0,0,0.009645679
0,0,0.008868341
0,0,0.0036248064
0,0,0.007327969
0,0,0.0036582681
0,0,0.004049606
0,0,0.010536321
0,0,0.003909706
0,0,0.0052300943
0,0,0.0040015606
0,0,0.004291587
0,0,0.005317597
0,0,0.0045245127
0,0,0.008856153
0,0,0.0033951371
0,0,0.0059691914
0,0,0.003748126
0,0,0.0043763304
0,0,0.0061153923
0,0,0.006211875
0,0,0.0050533125
0,0,0.0036313361
0,0,0.0035840964
0,0,0.09741312
0,0,0.008160906
0,0,0.003853855
0,0,0.013073197
0,0,0.0036283904
0,0,0.0039243517
0,0,0.003749353
0,0,0.010168443
0,0,0.00407801
0,0,0.0038319938
0,0,0.0035608776
0,0,0.00887453
0,0,0.0037248589
0,0,0.01722446
0,0,0.0034486908
0,0,0.005286983
0,0,0.003627887
0,0,0.013676472
0,0,0.0036588085
0,0,0.014409764
0,0,0.003643774
0,0,0.00974511
0,0,0.0039531966
0,0,0.0046670316
0,0,0.004288811
0,0,0.061755586
0,0,0.0071760397
0,0,0.051780645
0,0,0.003872524
0,0,0.47641155
0,0,0.00615494
0,0,0.0044027665
0,0,0.015331068
0,0,0.004354579
0,0,0.0036852993
0,0,0.0037174835
0,0,0.004008629
0,0,0.0036428792
0,0,0.005246815
0,0,0.013891107
0,0,0.16651051
0,0,0.0038698192
0,0,0.004147807
0,0,0.0036339231
0,0,0.011000309
0,0,0.007161771
0,0,0.022721129
0,0,0.005461188
0,0,0.009473652
0,0,0.005659621
0,0,0.00500677
0,0,0.0036428792
0,0,0.004885552
0,0,0.0052472427
0,0,0.007236212
0,0,0.003569052
0,0,0.0038131971
0,0,0.003702708
0,0,0.004400869
0,0,0.0043519232
0,0,0.0047249845
0,0,0.004557608
0,0,0.003642441
0,0,0.0038899845
0,0,0.0049609807
0,0,0.00385636
0,0,0.0035475043
0,0,0.0039204285
0,0,0.004106324
0,0,0.0058395457
0,0,0.0036206858
0,0,0.0036614344
0,0,0.003950922
0,0,0.003643774
0,0,0.00431546
0,0,0.0043215128
0,0,0.004395021
0,0,0.0073498506
0,0,0.0036482706
0,0,0.011121719
0,0,0.0042614206
0,0,0.004250779
0,0,0.003908215
0,0,0.0051998384
0,0,0.004936905
0,0,0.0035874918
0,0,0.0042661373
0,0,0.0037942755
0,0,0.0037163447
0,0,0.006393544
0,0,0.0057839276
0,0,0.003944622
0,0,0.0036275957
0,0,0.003991188
0,0,0.0041647865
0,0,0.0044168015
0,0,0.0059819403
0,0,0.016889717
0,0,0.0051416475
0,0,0.00474638
0,0,0.0038100483
0,0,0.009242063
0,0,0.004049747
0,0,0.0036045192
0,0,0.011070327
0,0,0.006455099
0,0,0.0036496664
0,0,0.004158255
0,0,0.003675691
0,0,0.007091407
0,0,0.0037656517
0,0,0.0036222755
0,0,0.0036238695
0,0,0.003968619
0,0,0.0044735037
0,0,0.006243617
0,0,0.0051242975
0,0,0.016657775
0,0,0.027414681
0,0,0.0114156045
0,0,0.0036582681
0,0,0.0036866632
0,0,0.004044989
0,0,0.0038829898
0,0,0.0040664477
0,0,0.004249485
0,0,0.005387694
0,0,0.004493134
0,0,0.004791641
0,0,0.003924657
0,0,0.0041186335
0,0,0.0040592295
0,0,0.0036471875
0,0,0.00382158
0,0,0.0066727228
0,0,0.0035187185
0,0,0.0038475865
0,0,0.003628537
0,0,0.0043192483
0,0,0.005727745
0,0,0.0048908005
0,0,0.0036826427
0,0,0.0038012695
0,0,0.0046599247
0,0,0.0043948246
0,0,0.01403888
0,0,0.0037483166
0,0,0.0043380917
0,0,0.0046948283
0,0,0.003760446
0,0,0.005355185
0,0,0.007167571
0,0,0.004102751
0,0,0.004420594
0,0,0.007088886
0,0,0.027823985
0,0,0.0066346517
0,0,0.00491934
1,1,0.99691856
0,0,0.0042899265
0,0,0.0036398063
0,0,0.005537294
0,0,0.003658023
0,0,0.0051426208
0,0,0.009710228
0,0,0.0047347103
0,0,0.0052998606
0,0,0.005353113
0,0,0.0073611657
0,0,0.0042178887
0,0,0.004183912
0,0,0.004079827
0,0,0.0038890662
0,0,0.003798582
0,0,0.0036481544
0,0,0.0038639177
0,0,0.0042498
0,0,0.009014152
0,0,0.0105353175
0,0,0.0052326974
0,0,0.0041056476
0,0,0.0044131293
0,0,0.0036645492
0,0,0.003643774
0,0,0.020360224
0,0,0.0036569734
0,0,0.008225312
0,0,0.00404945
0,0,0.009146871
0,0,0.0037446874
0,0,0.0059617804
0,0,0.005714576
0,0,0.0036582681
0,0,0.019017657
0,0,0.005806203
0,0,0.0041529117
0,0,0.00442726
0,0,0.0035964039
0,0,0.009345947
0,0,0.0038058641
0,0,0.005387173
0,0,0.0036561047
0,0,0.005227272
0,0,0.00639595
0,0,0.004563767
0,0,0.004798791
0,0,0.0041369097
0,0,0.005167182
0,0,0.0038444554
0,0,0.011695285
0,0,0.019514447
0,0,0.005269391
0,0,0.012058255
0,0,0.0043632253
0,0,0.004526674
0,0,0.0043915836
0,0,0.00909517
0,0,0.0040462995
0,0,0.0044578607
0,0,0.0036906886
0,0,0.004347729
0,0,0.009505572
0,0,0.022200003
0,0,0.0038052986
0,0,0.003972857
0,0,0.005913291
0,0,0.0037941819
0,0,0.008118628
0,0,0.0055027385
0,0,0.006857504
0,0,0.0042324835
0,0,0.005744353
0,0,0.007850376
0,0,0.005028049
0,0,0.0036993728
0,0,0.004399731
0,0,0.0071875113
0,0,0.0036258348
0,0,0.060899846
0,0,0.007597657
0,0,0.008276759
0,0,0.0077735526
0,0,0.008731655
0,0,0.0037318391
0,0,0.004811161
0,0,0.08353212
0,0,0.0061372607
0,0,0.0043744897
0,0,0.004404995
0,0,0.003995188
0,0,0.0038801946
0,0,0.015048918
0,0,0.011719727
0,0,0.0037096543
0,0,0.0035764703
0,0,0.0050232993
0,0,0.003830269
0,0,0.0039916905
0,0,0.0036428792
0,0,0.003630651
0,0,0.004233521
0,0,0.0036392964
0,0,0.022758849
0,0,0.0038903686
0,0,0.0036080556
0,0,0.046223406
0,0,0.013128838
0,0,0.017181812
0,0,0.003997959
0,0,0.0036780527
0,0,0.003832112
0,0,0.0047999276
0,0,0.0041453913
0,0,0.0045986413
0,0,0.005286018
0,0,0.0058659
0,0,0.014277881
0,0,0.005651413
0,0,0.03856857
0,0,0.0040798
0,0,0.00393454
0,0,0.0045064013
0,0,0.004395716
0,0,0.0036620589
0,0,0.010649772
0,0,0.0064918147
0,0,0.003643774
0,0,0.0054488303
0,0,0.0039693993
0,0,0.004275254
0,0,0.014553342
0,0,0.005332448
0,0,0.0037646804
0,0,0.009891407
0,0,0.12663363
0,0,0.04439797
0,0,0.004663741
0,0,0.014325815
0,0,0.019051185
0,0,0.0037476027
0,0,0.012496624
0,0,0.0042326003
0,0,0.003679771
0,0,0.0074563543
0,0,0.0040630386
0,0,0.0061704777
0,0,0.0057232985
0,0,0.0053201076
0,0,0.005976853
0,0,0.004661015
0,0,0.004955302
0,0,0.0038429657
0,0,0.003716712
0,0,0.016759673
0,0,0.036468115
0,0,0.020947194
0,0,0.0048323693
0,0,0.013445329
0,0,0.0046564867
0,0,0.004152383
0,0,0.032370806
0,0,0.0037977067
0,0,0.008908019
0,0,0.0038760204
0,0,0.0040870584
0,0,0.006600662
0,0,0.01050847
0,0,0.0052010594
0,0,0.009305761
0,0,0.007558776
0,0,0.0037918123
0,0,0.016296132
0,0,0.0036742124
0,0,0.0037050114
0,0,0.00370853
0,0,0.035109494
0,0,0.0038848086
0,0,0.0039377557
0,0,0.005837904
0,0,0.011233475
0,0,0.0054944023
0,0,0.0040174266
0,0,0.004645174
0,0,0.0036395714
0,0,0.0052831005
0,0,0.0036655331
0,0,0.0054986877
0,0,0.0038602452
0,0,0.005564619
0,0,0.0038533132
0,0,0.003835583
0,0,0.0052617732
0,0,0.0069666323
0,0,0.004833665
0,0,0.004103414
0,0,0.0038485664
0,0,0.067825995
0,0,0.012893044
0,0,0.035526812
0,0,0.0037772881
0,0,0.0043656947
0,0,0.0038149848
0,0,0.009558881
0,0,0.0042715594
0,0,0.0041455603
0,0,0.0057007154
0,0,0.0046138754
0,0,0.006586314
0,0,0.019146286
0,0,0.038481936
0,0,0.004012698
0,1,0.93767035
0,0,0.013557035
0,0,0.0037800397
0,0,0.0052555874
0,0,0.006714757
0,0,0.0036299075
0,0,0.0036450864
0,0,0.007328424
0,0,0.011763748
0,0,0.0037878607
0,0,0.0034682143
0,0,0.0036059085
0,0,0.0037368862
0,0,0.0037261455
0,0,0.0061104726
0,0,0.016226824
0,0,0.003650497
0,0,0.005548738
0,0,0.025986785
0,0,0.003910672
0,0,0.18063965
0,0,0.0037815054
0,0,0.004635842
0,0,0.0038342462
0,0,0.007041829
0,0,0.005642548
0,0,0.004792769
0,0,0.003973964
0,0,0.0052173333
0,0,0.005100544
0,0,0.032344572
0,0,0.003897334
0,0,0.01202141
0,0,0.116131686
0,0,0.0036584924
0,0,0.0038911449
0,0,0.0037637097
0,0,0.005315724
0,0,0.0037749077
0,0,0.0039359997
0,0,0.00456728
0,0,0.004079132
0,0,0.006643186
0,0,0.015511241
0,0,0.0043948814
0,0,0.0053753005
0,0,0.0062067723
0,0,0.0036943324
0,0,0.009263071
0,0,0.004355737
0,0,0.0050103795
0,0,0.004693017
0,0,0.004411602
0,0,0.0036911273
0,0,0.010069418
0,0,0.019988421
0,0,0.028167428
0,0,0.018385466
0,0,0.0036707697
0,0,0.018237805
0,0,0.0038339985
0,0,0.004060236
0,0,0.005192518
0,0,0.003691173
0,0,0.0037650953
0,0,0.003947407
0,0,0.004477428
0,0,0.0039019883
0,0,0.0048291236
0,0,0.0041737705
0,0,0.004038162
0,0,0.003873639
0,0,0.029505845
0,0,0.004412534
0,0,0.0036337676
0,0,0.005223576
0,0,0.0039438517
0,0,0.004875494
0,0,0.0045131594
0,0,0.006679828
0,0,0.0047361646
0,0,0.0063595437
0,0,0.005788358
0,0,0.20610659
0,0,0.003640543
0,0,0.0035764703
0,0,0.0053544287
0,0,0.010473453
0,0,0.0037361854
0,0,0.0064986795
0,0,0.0037920391
0,0,0.009442112
0,0,0.0035008607
0,0,0.041879658
0,0,0.003769172
0,0,0.0042609265
0,0,0.0054011103
0,0,0.004278672
0,0,0.0038670152
0,0,0.0050067035
0,0,0.00368199
0,0,0.006897426
0,0,0.0052038752
0,0,0.0036187733
0,0,0.0044277958
0,0,0.006708742
0,0,0.012429181
0,0,0.003998174
0,0,0.003550796
0,0,0.0037418122
0,0,0.0040930565
0,0,0.0038936723
0,0,0.015008185
0,0,0.0037252163
0,0,0.0045228465
0,0,0.0041254377
0,0,0.0041428506
0,0,0.004014888
0,0,0.0037180453
0,0,0.0040457076
0,0,0.003909437
0,0,0.008390691
0,0,0.007844105
0,0,0.0044339187
0,0,0.0038812398
0,0,0.0050928867
0,0,0.007899556
0,0,0.006783311
0,0,0.0041742604
0,0,0.0037134804
0,0,0.006711243
0,0,0.003980871
0,0,0.0039854087
0,0,0.006267672
0,0,0.0045138896
0,0,0.0037454546
0,0,0.0035542042
0,0,0.0045832526
0,0,0.0038373417
0,0,0.009024356
0,0,0.0038551418
0,0,0.0036569734
0,0,0.003776947
0,0,0.0049189897
0,0,0.007039616
0,0,0.016554419
0,0,0.0036608707
0,0,0.0041909334
0,0,0.0043797637
0,0,0.003828368
0,0,0.007967578
0,0,0.00816934
0,0,0.009736316
0,0,0.0036236856
0,0,0.004299882
0,0,0.005781266
0,0,0.0037309686
0,0,0.039554935
0,0,0.0050266488
0,0,0.00425487
0,0,0.058317184
0,0,0.004216609
0,0,0.007936012
0,0,0.0052163536
0,0,0.008282906
0,0,0.0070975535
0,0,0.00393196
0,0,0.0036277163
0,0,0.023793736
0,0,0.0073598875
0,0,0.0077984696
0,0,0.0041507487
0,0,0.024854751
0,0,0.0050649554
0,0,0.010506616
0,0,0.07587394
0,0,0.0042160302
0,0,0.003651749
0,0,0.004902034
0,0,0.0042090355
0,0,0.007813157
0,0,0.009805311
0,0,0.0051656724
0,0,0.004295291
0,0,0.0040041995
0,0,0.0036710505
0,0,0.0062841824
0,0,0.007527362
0,0,0.0037852093
0,0,0.0037612843
0,0,0.0056370473
0,0,0.0036512825
0,0,0.004821624
0,0,0.0043729176
0,0,0.0050300793
0,0,0.005623
0,0,0.0041008345
0,0,0.048010144
0,0,0.003700468
0,0,0.004107662
0,0,0.0036317501
0,0,0.016270064
0,0,0.009282653
0,0,0.0038255155
0,0,0.009900849
0,0,0.007025464
0,0,0.003906304
0,0,0.050943505
0,0,0.0036853622
0,0,0.0038223588
0,0,0.024401242
0,0,0.0036599962
0,0,0.0035429916
0,0,0.0037447037
0,0,0.00383258
0,0,0.0046487334
0,0,0.0036440887
0,0,0.0070280954
0,0,0.07446021
0,0,0.0037437913
0,0,0.023710692
0,0,0.0036092869
0,0,0.0036495172
0,0,0.004066658
0,0,0.0037143168
0,0,0.009605152
0,0,0.0037696662
0,0,0.0064569586
0,0,0.0062434985
0,0,0.0037373567
0,0,0.0067399344
0,0,0.0036496664
0,0,0.004204683
0,0,0.009937456
0,0,0.006866385
0,0,0.010258513
0,0,0.0036403963
0,0,0.0035874918
0,0,0.0037416418
0,0,0.0036662577
0,0,0.011559288
0,0,0.0037506963
0,0,0.0042508896
0,0,0.0035180717
0,0,0.004084018
0,0,0.018367829
0,0,0.018596038
0,0,0.0048076124
0,0,0.032187928
0,0,0.018278519
0,0,0.007854325
0,0,0.0066302908
0,0,0.0036589806
0,0,0.0039417506
0,0,0.013923667
0,0,0.0038468519
0,0,0.004397459
0,0,0.0044998406
0,0,0.0036376074
0,0,0.005919896
0,0,0.018109774
0,0,0.0041402527
0,0,0.004333263
0,0,0.0035407804
0,0,0.021741046
0,0,0.008560131
0,0,0.005312931
0,0,0.0038982097
0,0,0.048728347
0,0,0.00724851
0,0,0.003643774
0,0,0.005059446
0,0,0.012373927
0,0,0.0046319775
0,0,0.034113575
0,0,0.0036294558
0,0,0.0037336089
0,0,0.0052355174
0,0,0.0076035047
0,0,0.018505892
0,0,0.0036308013
0,0,0.020554967
0,0,0.0048081665
0,0,0.0053183716
0,0,0.0045915707
0,0,0.004341856
0,0,0.0046074046
0,0,0.004423703
0,0,0.0167517
0,0,0.007956965
0,0,0.0039568767
0,0,0.0057571614
0,0,0.005807106
0,0,0.0037370068
0,0,0.0036691972
0,0,0.0041987593
0,0,0.0041819876
0,0,0.03922291
0,0,0.005615985
0,0,0.37632605
0,0,0.0076308413
0,0,0.0040869806
0,0,0.0040586917
0,0,0.004822004
0,0,0.014288346
0,0,0.003959407
0,0,0.0036526378
0,0,0.005901214
0,0,0.0040132846
0,0,0.0047195023
0,0,0.004076341
0,0,0.0036108682
0,0,0.0053103007
0,0,0.007871376
0,0,0.005403511
0,0,0.0070482506
0,0,0.0039962255
0,0,0.0077791894
0,0,0.0055418536
0,0,0.09536179
0,0,0.0037667109
0,0,0.008377205
0,0,0.00807938
0,0,0.005581164
0,0,0.0069946684
0,0,0.0061287154
0,0,0.0040455004
0,0,0.003643774
0,0,0.0037639868
0,0,0.005835923
0,0,0.0044236965
0,0,0.01552541
0,0,0.0037295264
0,0,0.0058606886
0,0,0.013180773
0,0,0.0035521241
1,1,0.9969277
0,0,0.0066094724
0,0,0.009226014
0,0,0.006434986
0,0,0.004523845
0,0,0.015183494
0,0,0.009060293
0,0,0.003923979
0,0,0.0039367625
0,0,0.0056650927
0,0,0.0043971245
0,0,0.0037325767
0,0,0.004269266
0,0,0.003630325
0,0,0.003655023
0,0,0.0063516
0,0,0.004664162
0,0,0.011509776
0,0,0.0039080665
0,0,0.005140167
0,0,0.014574509
0,0,0.0045122122
0,0,0.0051513375
0,0,0.0036065509
0,0,0.0038596569
0,0,0.0037036212
0,0,0.0036187733
0,0,0.0043292795
0,0,0.003907441
0,0,0.0040050764
0,0,0.00659172
0,0,0.0038131226
0,0,0.010838383
0,0,0.0063034
0,0,0.003643774
0,0,0.0047859326
0,0,0.003784343
0,0,0.004341914
0,0,0.0099595105
0,0,0.0042983163
0,0,0.00400287
0,0,0.0041004005
0,0,0.011982734
0,0,0.010501591
0,0,0.0050157835
0,0,0.0039338414
0,0,0.0040082596
0,0,0.005680599
0,0,0.004497496
0,0,0.0037494814
0,0,0.007855171
0,0,0.005884772
0,0,0.020439966
0,0,0.004344543
0,0,0.045104437
0,0,0.004147299
0,0,0.010723188
0,0,0.0060750945
0,0,0.003643774
0,0,0.0063267513
0,0,0.006206037
0,0,0.0038556603
0,0,0.008388144
0,0,0.0047174604
0,0,0.0052643716
0,0,0.00394382
0,0,0.0055028326
0,0,0.0040296274
0,0,0.0043624258
0,0,0.009667838
0,0,0.0037739647
0,0,0.0037326566
0,0,0.004265457
0,0,0.0078096753
0,0,0.0039396356
0,0,0.0038616003
0,0,0.0036241694
0,0,0.0037893185
0,0,0.00906243
0,0,0.0042788973
0,0,0.09508052
0,0,0.015777458
0,0,0.0110026635
0,0,0.04483077
0,0,0.0123963
0,0,0.021093763
0,0,0.0060181315
0,0,0.0035437646
0,0,0.004571544
0,0,0.0037048373
0,0,0.0064638723
0,0,0.0054303315
0,0,0.01233326
0,0,0.004228791
0,0,0.0036147423
0,0,0.0037894014
0,0,0.0037752592
0,0,0.020695861
0,0,0.0046474277
0,0,0.0040021725
0,0,0.0045274906
0,0,0.00882186
0,0,0.0036116522
0,0,0.005603371
0,0,0.003922296
0,0,0.003674867
0,0,0.00779844
0,0,0.013449535
0,0,0.021126637
0,0,0.01034379
0,0,0.0036013932
0,0,0.0070790555
0,0,0.0076143215
0,0,0.0036556027
0,0,0.0037055186
0,0,0.0036407213
0,0,0.0048312005
0,0,0.0049329926
0,0,0.016697835
0,0,0.004220182
0,0,0.049887292
0,0,0.003767101
0,0,0.003643774
0,0,0.0050643743
0,0,0.0067641516
0,0,0.012060993
0,0,0.0036587892
0,0,0.008698773
0,0,0.037847966
0,0,0.038488798
0,0,0.0150476955
1,1,0.9966665
0,0,0.0056936652
0,0,0.0041867425
0,0,0.0037405326
0,0,0.006674208
0,0,0.004910636
0,0,0.003704195
0,0,0.003643774
0,0,0.009216635
0,0,0.003690682
0,0,0.0050776037
0,0,0.068251856
0,0,0.020357544
0,0,0.00448964
0,0,0.007469313
0,0,0.011809097
0,0,0.01184123
0,0,0.0037730774
0,0,0.0050758524
0,0,0.003653205
0,0,0.0060504065
0,0,0.0068179886
0,0,0.003573272
0,0,0.006686739
0,0,0.003671745
0,0,0.0038169592
0,0,0.0047913454
0,0,0.0074543613
0,0,0.0059001734
0,0,0.0056807683
0,0,0.0041592293
0,0,0.004590191
0,0,0.0372191
0,0,0.0042619747
0,0,0.007001424
0,0,0.00863801
0,0,0.004463657
0,0,0.006882415
0,0,0.004102964
0,0,0.0040720208
0,0,0.0036498103
0,0,0.010303583
0,0,0.0044356813
0,0,0.0038665507
0,0,0.008277667
0,0,0.01070473
0,0,0.0037341374
0,0,0.0054123597
0,0,0.039622877
0,0,0.009993632
0,0,0.0049926722
0,0,0.0077586225
0,0,0.019930983
0,0,0.0042095473
0,0,0.00829944
0,0,0.0037549427
0,0,0.0043177046
0,0,0.004793647
0,0,0.0067581804
0,0,0.0036346568
0,0,0.004798081
0,0,0.06495981
0,0,0.0034692937
0,0,0.003570187
0,0,0.10295973
0,0,0.004544698
0,0,0.0036500634
0,0,0.0053816778
0,0,0.004845329
0,0,0.012518467
0,0,0.006021044
0,0,0.0036557924
0,0,0.006200916
0,0,0.0038730851
0,0,0.003823748
0,0,0.006960908
0,0,0.004295393
0,0,0.004248985
0,0,0.00444978
0,0,0.0042318166
0,0,0.01232274
0,0,0.007188178
0,0,0.009566775
0,0,0.0052993353
0,0,0.004071725
0,0,0.004581434
0,0,0.007128459
0,0,0.010488186
0,0,0.024115095
0,0,0.009150325
0,0,0.0038855209
0,0,0.006628049
0,0,0.0044235834
0,0,0.027561853
0,0,0.0069901687
0,0,0.004162017
0,0,0.0067200027
0,0,0.005717939
0,0,0.0068023587
0,0,0.06302953
0,0,0.018587852
0,0,0.006878
0,0,0.0041384622
0,0,0.003927854
0,0,0.0040362696
0,0,0.0037581334
0,0,0.003673724
0,0,0.010787773
0,0,0.007985089
0,0,0.005615913
0,0,0.0044012386
0,0,0.004440978
0,0,0.003566401
0,0,0.003628537
0,0,0.00559638
0,0,0.0037924338
0,0,0.007268401
0,0,0.009880163
0,0,0.004166727
0,0,0.0036540194
0,0,0.0035856597
0,0,0.0036318637
0,0,0.004433824
0,0,0.0056639835
0,0,0.05957426
0,0,0.0038330625
0,0,0.0039348225
0,0,0.0090253875
0,0,0.0047251633
0,0,0.0064596175
0,0,0.003737014
0,0,0.0038400951
0,0,0.0036383315
0,0,0.0041470826
0,0,0.0037496628
0,0,0.004924153
0,0,0.004505603
0,0,0.004519803
0,0,0.0037223275
0,0,0.0035503895
0,0,0.004104813
0,0,0.0043198983
0,0,0.004741704
0,0,0.0037666035
0,0,0.038585436
0,0,0.102736585
0,0,0.013278229
0,0,0.008053896
0,0,0.0044740513
0,0,0.0059380624
0,0,0.006352094
0,0,0.0045511685
0,0,0.008965096
0,0,0.005526751
0,0,0.003788919
0,0,0.0041850056
0,0,0.009180139
0,0,0.004595654
0,1,0.6503324
0,0,0.0064638113
0,0,0.0065794257
0,0,0.003671745
0,0,0.00857798
0,0,0.0039497153
0,0,0.0055238293
0,0,0.005607305
0,0,0.0076454184
0,0,0.0036369404
0,0,0.037796058
0,0,0.005633317
0,0,0.0036571836
0,0,0.003629354
0,0,0.0043479707
0,0,0.05759373
0,0,0.00955097
0,0,0.007177402
0,0,0.0059924824
0,0,0.0074608168
0,0,0.0038235844
0,0,0.006703984
0,0,0.0037276414
0,0,0.0057991277
0,0,0.0062355096
0,0,0.0061509865
0,0,0.005050324
0,0,0.0050999126
0,0,0.0037806232
0,0,0.003727647
0,0,0.008004619
0,0,0.0052590356
0,0,0.004961473
0,0,0.0036161852
0,0,0.0050212787
0,0,0.004434007
0,0,0.0036571005
0,0,0.004404025
0,0,0.0037436988
0,0,0.006308279
0,0,0.003643774
0,0,0.0036783745
0,0,0.00366975
0,0,0.003660514
0,0,0.07929348
0,0,0.0042677135
0,0,0.008262845
0,0,0.0039140447
0,0,0.0153467115
0,0,0.004109531
0,0,0.0048468537
0,0,0.0057412623
0,0,0.008268935
0,0,0.0047763735
0,0,0.005309671
0,0,0.0039759446
0,0,0.003641415
0,0,0.003959326
0,0,0.004424846
0,0,0.00785939
0,0,0.005221768
0,0,0.023073819
0,0,0.017092446
0,0,0.059093315
0,0,0.0047491896
0,0,0.0036427178
0,0,0.01795884
0,0,0.0045916187
0,0,0.004683512
0,0,0.006691038
0,0,0.021351743
0,0,0.003684086
0,0,0.006255145
0,0,0.003698682
0,0,0.0041668043
0,0,0.017763592
0,0,0.0046094935
0,0,0.0042654932
0,0,0.0062590707
0,0,0.0042669275
0,0,0.004024135
0,0,0.10433155
0,0,0.0048546474
0,0,0.004934966
0,0,0.0036561724
0,0,0.0035086344
0,0,0.0036363823
0,0,0.0037137645
0,0,0.0092946105
0,0,0.0049784794
0,0,0.022731518
0,0,0.0039531966
0,0,0.0039597945
0,0,0.004661201
0,0,0.00391208
0,0,0.0042349906
0,0,0.005342478
0,0,0.0040067104
0,0,0.0045836135
0,0,0.009636778
0,0,0.0043283505
0,0,0.004639791
0,0,0.00543724
0,0,0.003613178
0,0,0.01646392
0,0,0.0036380051
0,0,0.22342591
0,0,0.0036051702
0,0,0.003989689
0,0,0.034985717
0,0,0.0052886815
0,0,0.0040625064
0,0,0.0039651524
0,0,0.0039099534
0,0,0.0051947446
0,0,0.08116817
0,0,0.010983611
0,0,0.0038752677
0,0,0.032104462
0,0,0.0069929063
0,0,0.0039604376
0,0,0.31710222
0,0,0.0037396369
0,0,0.005138358
0,0,0.0036584924
0,0,0.004986853
0,0,0.004950623
0,0,0.005818266
0,0,0.0043694023
0,0,0.0037843948
0,0,0.0041501475
0,0,0.0051944638
0,0,0.0041059866
0,0,0.0035985745
0,0,0.0070838435
0,0,0.003643774
0,0,0.0038770572
0,0,0.00420419
0,0,0.029211031
0,0,0.0037336156
0,0,0.009660088
0,0,0.004011827
0,0,0.0038724544
0,0,0.004528763
0,0,0.020503111
0,0,0.0036258348
0,0,0.02656363
0,0,0.0044268123
0,0,0.003754374
0,0,0.0042753373
0,0,0.004532154
0,0,0.004276411
0,0,0.005232385
0,0,0.0038896496
0,0,0.004148851
0,0,0.0039955503
0,0,0.006704625
0,0,0.0036888234
0,0,0.008279013
0,0,0.003635463
0,0,0.0062255096
0,0,0.007233754
0,0,0.0037183508
0,0,0.0040402836
0,0,0.025733862
0,0,0.008330616
0,0,0.014701305
0,0,0.004089685
0,0,0.0038847148
0,0,0.005029848
0,0,0.005798644
0,0,0.004679479
0,0,0.03321509
0,0,0.0048325737
0,0,0.0067763138
0,0,0.008057044
0,0,0.006372012
0,0,0.004691135
0,0,0.025015017
0,0,0.004057239
0,0,0.0037950831
0,0,0.0052382303
0,0,0.0037416418
0,0,0.00816611
0,0,0.004835544
0,0,0.006943884
0,0,0.009602824
0,0,0.004786839
0,0,0.0042675836
0,0,0.0068196254
0,0,0.0047851126
0,0,0.015298436
0,0,0.006085293
0,0,0.003640543
0,0,0.0051219743
0,0,0.0036401905
0,0,0.009545062
0,0,0.0041600703
0,0,0.012172699
0,0,0.0034218698
0,0,0.004939783
0,0,0.006565807
0,0,0.0036666023
0,0,0.0042733382
0,0,0.004314922
0,0,0.122638844
0,0,0.006489708
0,0,0.014575571
0,0,0.004622128
0,0,0.003702972
0,0,0.00671538
0,0,0.055201236
0,0,0.004215822
0,0,0.0035819698
0,0,0.00439872
0,0,0.0037318391
0,0,0.0033790476
0,0,0.0059945993
0,0,0.0073949415
0,0,0.003674427
0,0,0.011617056
0,0,0.0038743105
0,0,0.0038718453
0,0,0.0038281004
0,0,0.0048367837
0,0,0.005072148
0,0,0.0048931497
0,0,0.011042877
0,0,0.005755117
0,0,0.0036246171
0,0,0.012623285
0,0,0.003903312
0,0,0.024741597
0,0,0.0049063438
0,0,0.008642972
0,0,0.0051237657
0,0,0.013102144
0,0,0.004638758
0,0,0.0063978224
0,0,0.009316388
0,0,0.005205934
0,0,0.008994261
0,0,0.00691585
0,0,0.00384294
0,0,0.0038045014
0,0,0.0040204097
0,0,0.0039375084
0,0,0.0060577802
0,0,0.004768965
0,0,0.0037249506
0,0,0.0042170417
0,0,0.01739749
0,0,0.0038987226
0,0,0.0035429916
0,0,0.004043015
0,0,0.008136275
0,0,0.0069033084
0,0,0.0039678426
0,0,0.00566704
0,0,0.003762408
0,0,0.0040479964
0,0,0.0039609326
0,0,0.0036323883
0,0,0.011312271
0,0,0.01567671
0,0,0.009834456
0,0,0.0066231275
0,0,0.004275504
0,0,0.0036747782
0,0,0.009085107
0,0,0.003867789
0,0,0.0051873107
0,0,0.004679201
0,0,0.0038335468
0,0,0.005561854
0,0,0.0051523023
0,0,0.0072851833
0,0,0.004320684
0,0,0.027057143
0,0,0.005077767
0,0,0.0053289845
0,0,0.004559768
0,0,0.0038062294
0,0,0.0042160163
0,0,0.004268899
0,0,0.003751042
0,0,0.0057302546
0,0,0.0044681467
0,0,0.0036308323
0,0,0.008269575
0,0,0.0038882592
0,0,0.006310907
0,0,0.0037384292
0,0,0.0041696047
0,0,0.0039322292
0,0,0.0036322144
0,0,0.005364609
0,0,0.0045335633
0,0,0.0037972794
0,0,0.011608371
0,0,0.006035619
0,0,0.004950771
0,0,0.003671007
0,0,0.0037649148
0,0,0.0040459824
0,0,0.00612943
0,0,0.004694387
0,0,0.006066006
0,0,0.003666275
1,1,0.99691606
0,0,0.008755969
0,0,0.0036009555
0,0,0.01218392
0,0,0.005100977
0,0,0.0049204794
0,0,0.005835746
0,0,0.006834262
0,0,0.0045774956
0,0,0.0056695235
0,0,0.005145395
0,0,0.0051077455
0,0,0.00446641
0,0,0.009766286
0,0,0.0037065218
0,0,0.005535834
0,0,0.0050731394
0,0,0.009172998
0,0,0.005640919
0,0,0.0056551415
0,0,0.004543372
0,0,0.0044835913
0,0,0.07037221
0,0,0.004071905
0,0,0.004057071
0,0,0.009290142
0,0,0.004884569
0,0,0.0040758825
0,0,0.005404713
0,0,0.0042533386
0,0,0.005221094
0,0,0.003899502
0,0,0.006275006
0,0,0.010252424
0,0,0.0036085444
0,0,0.10848273
0,0,0.0037417267
0,0,0.0050870455
0,0,0.0038396972
0,0,0.0074330713
0,0,0.0070073744
0,0,0.005002401
0,0,0.011616601
0,0,0.049553413
0,0,0.0037463885
0,0,0.005381292
0,0,0.0037327574
0,0,0.004797327
0,0,0.00462425
0,0,0.0038571826
0,0,0.0038754002
0,0,0.005021236
0,0,0.004411638
0,0,0.0039054968
0,0,0.010052739
0,0,0.003489189
0,0,0.012996687
0,0,0.008808998
0,0,0.0050618374
0,0,0.003643774
0,0,0.0043116184
0,0,0.05572933
0,0,0.0036974226
0,0,0.0060577746
0,0,0.004371882
0,0,0.0046881083
0,0,0.00357723
0,0,0.004077191
0,0,0.0046435716
0,0,0.006889599
0,0,0.005165687
0,0,0.007354517
0,0,0.0056076483
0,0,0.0038963787
0,0,0.0041235355
0,0,0.0039851894
0,0,0.003944543
0,0,0.004648025
0,0,0.007241243
0,0,0.0040192376
0,0,0.00858907
0,0,0.004627952
0,0,0.0035565
0,0,0.008148568
0,0,0.003801808
0,0,0.008151609
0,0,0.006436389
0,0,0.0036445856
0,0,0.20693272
0,0,0.0036863904
0,0,0.0038663284
0,0,0.0036320328
0,0,0.005790927
0,0,0.0043908875
0,0,0.008171067
0,0,0.009819614
0,0,0.013045392
0,0,0.004745083
0,0,0.0050623007
0,0,0.014040049
0,0,0.0106127085
0,0,0.0037671565
0,0,0.0039456524
0,0,0.0038501022
0,0,0.0041348026
0,0,0.0073003033
0,0,0.019222654
0,0,0.0040344987
0,0,0.0114392685
0,0,0.012212434
0,0,0.009211533
0,0,0.0049985903
0,0,0.0040380605
0,0,0.003719084
0,0,0.0037709484
0,0,0.034517627
0,0,0.003630325
0,0,0.0039656498
0,0,0.004796587
0,0,0.009631469
0,0,0.0378177
0,0,0.00558523
0,0,0.004119044
0,0,0.012492817
0,0,0.004951856
0,0,0.01165144
0,0,0.0077901063
0,0,0.0062675946
0,0,0.007881533
0,0,0.0041345805
0,0,0.0045172274
0,0,0.016239183
0,0,0.0047436776
0,0,0.0037962785
0,0,0.0036118669
0,0,0.0036481544
0,0,0.0053920373
0,0,0.0037283269
0,0,0.0038972634
0,0,0.010476097
0,0,0.0036125465
0,0,0.0048148544
0,0,0.0067622205
0,0,0.0035532909
0,0,0.0048730355
0,0,0.01086628
0,0,0.04565861
0,0,0.012372947
0,0,0.016548745
0,0,0.017595131
0,0,0.006011235
0,0,0.0037685311
0,0,0.032720942
0,0,0.0042979633
0,0,0.0078010783
0,0,0.186522
0,0,0.22172737
0,0,0.0041438346
0,0,0.05809695
0,0,0.008880622
0,0,0.005092817
0,0,0.0045768265
0,0,0.0041328236
0,0,0.010658794
0,0,0.003714329
0,0,0.010163496
0,0,0.015335409
0,0,0.003671745
0,0,0.0037416418
0,0,0.0059878835
0,0,0.0043888222
0,0,0.005716245
0,0,0.00517295
0,0,0.0042742314
0,0,0.0041977847
0,0,0.0036685243
0,0,0.0036450864
0,0,0.011177061
0,0,0.0039887074
0,0,0.007577166
0,0,0.0047756485
0,0,0.0036714904
0,0,0.0137010515
0,0,0.0037437945
0,0,0.003885912
0,0,0.023922905
0,0,0.0044607017
0,0,0.006252333
0,0,0.005420405
0,0,0.0036600062
0,0,0.0055196346
0,0,0.0050426
0,0,0.12682192
0,0,0.0035571689
0,0,0.0037060415
0,0,0.008081359
0,0,0.020281548
0,0,0.03656342
0,0,0.004956339
0,0,0.0042975964
0,0,0.027366776
0,0,0.0036584924
0,0,0.0037401842
0,0,0.0039957114
0,0,0.0063086106
0,0,0.0040873126
0,0,0.003967873
0,0,0.00707467
0,0,0.011333949
0,0,0.004006815
0,0,0.0036818953
0,0,0.0064404244
0,0,0.0058186413
0,0,0.003569873
0,0,0.0038597027
0,0,0.0036452007
0,0,0.0037134876
0,0,0.010739113
0,0,0.007120579
0,0,0.0036260174
0,0,0.022098878
0,0,0.0036539305
0,0,0.054728873
0,0,0.012044561
0,0,0.022479465
0,0,0.004065544
0,0,0.013672169
0,0,0.0036258348
0,0,0.003634835
0,0,0.0041175596
0,0,0.0037288228
0,0,0.003686679
0,0,0.003837876
0,0,0.012543426
0,0,0.0036949485
0,0,0.0042241095
0,0,0.004399052
0,0,0.003888381
0,0,0.004249009
0,0,0.00589175
0,0,0.0039798687
0,0,0.005526439
0,0,0.009583117
0,0,0.018046584
0,0,0.0068105436
0,0,0.004047026
0,0,0.010080513
0,0,0.0043675047
0,0,0.01893653
0,0,0.004529754
0,0,0.004043397
0,0,0.004084672
0,0,0.0038023696
0,0,0.0043001617
0,0,0.0035595447
0,0,0.00447227
0,0,0.014144273
0,0,0.0062798187
0,0,0.0066948486
0,1,0.798175
0,0,0.0037671975
0,0,0.0035670805
0,0,0.0199558
0,0,0.012212866
0,0,0.06976846
0,0,0.014857185
0,0,0.004394249
0,0,0.010030791
0,0,0.014479016
0,0,0.0059995963
0,0,0.0041070846
0,0,0.0054742307
0,0,0.005379001
0,0,0.010693002
0,0,0.005774032
0,0,0.0036984065
0,0,0.003819393
0,0,0.0037761775
0,0,0.0046675922
0,0,0.004162574
0,0,0.003756361
0,0,0.0048111426
0,0,0.0056484905
0,0,0.026388679
0,0,0.0053264527
0,0,0.016987309
0,0,0.013180934
0,0,0.005550709
0,0,0.004146159
0,0,0.01123276
0,0,0.0037758565
0,0,0.003689921
0,0,0.008502093
0,0,0.010200847
0,0,0.0036493663
0,0,0.004872057
0,0,0.0036479258
0,0,0.0041233613
0,0,0.01746787
0,0,0.00363912
0,0,0.0075499886
0,0,0.0038634057
0,0,0.0067824367
0,0,0.0049870447
0,0,0.015173963
0,0,0.04187099
0,0,0.0036493978
0,0,0.0037457375
0,0,0.0051910207
0,0,0.004910606
0,0,0.003643774
0,0,0.0060989787
0,0,0.005072102
0,0,0.003787785
0,0,0.0038823977
0,0,0.010080633
0,0,0.008469259
0,0,0.00358505
0,0,0.0039069382
0,0,0.0050123697
0,0,0.00397287
0,0,0.004257394
0,0,0.0038537395
0,0,0.0042787367
0,0,0.0036782853
0,0,0.0039612595
0,0,0.047556963
0,0,0.010123069
0,0,0.013717319
0,0,0.0050922534
0,0,0.008308995
0,0,0.00508009
0,0,0.005136043
0,0,0.0051396308
0,0,0.005017823
0,0,0.004683512
0,0,0.00674705
0,0,0.004325382
0,0,0.0038912059
0,0,0.003757032
0,0,0.017445918
0,0,0.013009152
0,0,0.0035977487
0,0,0.00401508
0,0,0.0043966947
0,0,0.0036504902
0,0,0.0038400532
0,0,0.004776546
0,0,0.0051687853
0,0,0.014772092
0,0,0.010327373
0,0,0.005608026
0,0,0.021516392
0,0,0.0062868153
0,0,0.0050583496
0,0,0.004882993
0,0,0.08646987
0,0,0.003929466
0,0,0.0038521127
0,0,0.011118463
0,0,0.0038752677
0,0,0.004626144
0,0,0.0036395956
0,0,0.004284392
0,0,0.0040655653
0,0,0.0037202328
0,0,0.018103395
0,0,0.0050348784
0,0,0.0038332099
0,0,0.0053058723
0,0,0.006548025
0,0,0.003778512
0,0,0.003643774
0,0,0.003651749
0,0,0.004136063
0,0,0.0050133425
0,0,0.0039179954
0,0,0.0041214037
0,0,0.017734788
0,0,0.010350426
0,0,0.005359202
0,0,0.0036576772
0,0,0.0036125414
0,0,0.0040582404
0,0,0.0042203185
0,0,0.021584108
0,0,0.007848738
0,0,0.006072651
0,0,0.010379146
0,0,0.0038401627
0,0,0.029399553
0,0,0.004837378
0,0,0.005855687
0,0,0.011334376
0,0,0.012591018
0,0,0.0044889813
0,0,0.0070355837
0,0,0.006786752
0,0,0.003663035
0,0,0.005719756
0,0,0.3891503
0,0,0.0037384292
0,0,0.10122066
0,0,0.0043373937
0,0,0.005885168
0,0,0.08365856
0,0,0.0042872326
0,0,0.0038492375
0,0,0.005140352
0,0,0.007680823
0,0,0.0039055874
0,0,0.0036467195
0,0,0.0041790735
0,0,0.0039025724
0,0,0.01042506
0,0,0.0045552338
0,0,0.0037592994
0,0,0.0069052926
0,0,0.014641033
0,0,0.00421998
0,0,0.0039267046
0,0,0.0045381086
0,0,0.0068694195
0,0,0.003643774
0,0,0.0049667466
0,0,0.0044104233
0,0,0.0077665127
0,0,0.003614842
0,0,0.012344813
0,0,0.0039383075
0,0,0.004304533
0,0,0.0060462984
0,0,0.0045059198
0,0,0.005338276
0,0,0.008762663
0,0,0.004339381
0,0,0.01512422
0,0,0.008620323
0,0,0.003691492
0,0,0.0037183508
0,0,0.0042531164
0,0,0.0041009984
0,0,0.0064925468
0,0,0.010697012
0,0,0.003755426
0,0,0.00409081
0,0,0.03427232
0,0,0.0037247897
0,0,0.004973984
0,0,0.0036088289
0,0,0.013643649
0,0,0.0036584924
0,0,0.0068816943
0,0,0.0042632218
0,0,0.0052104457
0,0,0.004425121
0,0,0.00414352
0,0,0.0039332826
0,0,0.023916425
0,0,0.004497325
0,0,0.0036810979
0,0,0.0036847899
0,0,0.0041044406
0,0,0.007865078
0,0,0.0062020477
0,0,0.0042826575
0,0,0.004143055
0,0,0.0038825804
0,0,0.0036137085
0,0,0.003717351
0,0,0.005426722
0,0,0.0049352986
0,0,0.010355981
0,0,0.003625952
0,0,0.0042250967
0,0,0.0041485894
0,0,0.003607747
0,0,0.011843797
0,0,0.0036882206
0,0,0.042316146
0,0,0.0047478555
0,0,0.023686953
0,0,0.07695579
0,0,0.0065033142
0,0,0.005309142
0,0,0.0051762294
0,0,0.008985046
0,0,0.005116505
0,0,0.003885977
0,0,0.16332112
0,0,0.004204625
0,0,0.003643774
0,0,0.0037750134
0,0,0.005603172
0,0,0.0038838398
0,0,0.025073122
0,0,0.0037270093
0,0,0.016700083
0,0,0.0039203074
0,0,0.010066405
0,0,0.030404704
0,0,0.007031621
0,0,0.0044160485
0,0,0.009364574
0,0,0.0036448196
0,0,0.00384702
0,0,0.0038408649
0,0,0.0037622063
0,0,0.00664679
0,0,0.004344339
0,0,0.0038089228
0,0,0.0795766
0,0,0.0039908867
0,0,0.026402766
0,0,0.0036898807
0,0,0.07833839
0,0,0.003650455
0,0,0.0035958588
0,0,0.0039004765
0,0,0.057868287
0,0,0.0036884926
0,0,0.009410798
0,0,0.004512821
0,0,0.004568483
0,0,0.0049349074
0,0,0.0043592765
0,0,0.010824594
0,0,0.0036858455
0,0,0.008371621
0,0,0.004853275
0,0,0.0036658377
0,0,0.010005396
0,0,0.014688581
0,0,0.004048641
0,0,0.004294618
0,0,0.0036957785
0,0,0.0065913512
0,0,0.0048609637
0,0,0.0049879416
0,0,0.003776712
0,0,0.02311052
0,0,0.004397158
0,0,0.023580963
0,0,0.0038406663
0,0,0.0036582681
0,0,0.0036568327
0,0,0.044633064
0,0,0.007525546
0,0,0.0037082215
0,0,0.05356621
0,0,0.0070129577
0,0,0.012626757
0,0,0.010637947
0,0,0.011032316
0,0,0.003683976
0,0,0.0048782243
0,0,0.003628537
0,0,0.0036513763
0,0,0.004843373
0,0,0.06979061
0,0,0.0043058638
0,0,0.0080586905
0,0,0.006170761
0,0,0.0038701002
0,0,0.011503177
0,0,0.0036246788
0,0,0.0039314562
0,0,0.003913318
0,0,0.0039359997
0,0,0.0036485947
0,0,0.004393913
0,0,0.0041764686
0,0,0.004503174
0,0,0.0045451946
0,0,0.0037767913
0,0,0.004462133
0,0,0.0039074486
0,0,0.015003392
0,0,0.016063426
0,0,0.019100076
0,0,0.017761214
0,0,0.0038894005
0,0,0.003745248
0,0,0.0037871625
0,0,0.0045624287
0,0,0.003891302
0,0,0.005088264
0,0,0.0051110955
0,0,0.019385282
0,0,0.003887546
0,0,0.0036785614
0,0,0.005600837
0,0,0.0037823138
0,0,0.00441324
0,0,0.004677503
0,0,0.003828197
0,0,0.006363993
0,0,0.0037373477
0,0,0.0037463957
0,0,0.0056641847
0,0,0.0051195375
0,0,0.003630325
0,0,0.0050791116
0,0,0.0036644083
0,0,0.0061026276
0,0,0.004240643
0,0,0.006765152
0,0,0.0072514997
0,0,0.0038117461
0,0,0.0038869772
0,0,0.0056949747
0,0,0.0038803513
0,0,0.0037029863
0,0,0.004443833
0,0,0.0049004317
0,0,0.003702622
0,0,0.0037947786
0,0,0.022001734
0,0,0.005888754
0,0,0.0037311763
0,0,0.0034560338
0,0,0.003728979
0,0,0.012512457
0,0,0.0038871178
0,0,0.021443173
0,0,0.0041204724
0,0,0.0037716313
0,0,0.0047048945
0,0,0.0036059527
0,0,0.0037123568
0,0,0.0034688916
0,0,0.0042568482
0,0,0.0080102505
0,0,0.003898909
0,0,0.003769095
0,0,0.06415424
0,0,0.014208261
0,0,0.0046235695
0,0,0.0047338456
0,0,0.009436673
0,0,0.0053077275
0,0,0.006660471
0,0,0.0038037896
0,0,0.0062729935
0,0,0.010381822
0,0,0.0043799365
0,0,0.041762926
0,0,0.01077939
0,0,0.075062536
0,0,0.0063190605
0,0,0.0043091215
0,0,0.0053500263
0,0,0.0036530315
0,0,0.0044698715
0,0,0.0067811776
0,0,0.006742115
0,0,0.0044536367
0,0,0.0034623228
0,0,0.0073365904
0,0,0.0052955993
0,0,0.012124755
0,0,0.0036285522
0,0,0.0039881505
0,0,0.007562855
0,0,0.005229653
0,0,0.007543535
0,0,0.05474135
0,0,0.0036422592
0,0,0.0041859713
0,0,0.0035807213
0,0,0.004257812
0,0,0.012756605
0,0,0.004303855
0,0,0.0037708231
0,0,0.017949408
0,0,0.013619457
0,0,0.007716796
0,0,0.0036584924
0,0,0.05885992
0,0,0.00459683
0,0,0.0038281004
0,0,0.0058863815
0,0,0.004894197
0,0,0.0065859486
0,0,0.0038394183
0,0,0.004835588
0,0,0.010273827
0,0,0.004008524
0,0,0.0069244816
0,0,0.0037712548
0,0,0.0045451666
0,0,0.01189632
0,0,0.003746182
0,0,0.005365912
0,0,0.003853604
0,0,0.006203955
0,0,0.0037130467
0,0,0.0045446125
0,0,0.003794598
0,0,0.009599351
0,0,0.0036178415
0,0,0.0045240317
0,0,0.0041692723
0,0,0.003928182
0,0,0.0036247652
0,0,0.004093377
0,0,0.0042629563
0,0,0.0075006923
0,0,0.22285292
0,0,0.0042137667
0,0,0.004450042
0,0,0.0038053873
0,0,0.004150083
0,0,0.0039040537
0,0,0.12949228
0,0,0.007514993
0,0,0.009416227
0,0,0.004904258
0,0,0.00509243
0,0,0.005474262
0,0,0.0036533768
0,0,0.0063951532
0,0,0.008864277
0,0,0.0036478064
0,0,0.0036486764
0,0,0.0036980885
0,0,0.0059663206
0,0,0.0036711954
0,0,0.0051357015
0,0,0.008636471
0,0,0.0044000084
0,0,0.007088557
0,0,0.06724253
0,0,0.0036323746
0,0,0.007945654
0,0,0.027352782
0,0,0.012474164
0,0,0.004126809
0,0,0.0066251736
0,0,0.0036993234
0,0,0.006546775
0,0,0.003674186
0,0,0.013198294
0,0,0.0041707475
0,0,0.0037012747
0,0,0.047737468
0,0,0.0036660207
0,0,0.003816678
0,0,0.003757725
0,0,0.008116098
0,0,0.0043419986
0,0,0.0038587952
0,0,0.0075729615
0,0,0.01436145
0,0,0.0036178415
0,0,0.039553005
0,0,0.010332677
0,0,0.0044296626
0,0,0.021717632
0,0,0.0048522134
0,0,0.004648804
0,0,0.0040459824
0,0,0.006054201
0,0,0.005185466
0,0,0.0037936557
0,0,0.008291238
0,0,0.004428002
0,0,0.0064398167
0,0,0.008737818
0,0,0.0074772257
0,0,0.02216679
0,0,0.0036399139
0,0,0.004672559
0,0,0.027401092
0,0,0.0042752787
0,0,0.023766888
0,0,0.1523706
0,0,0.003728979
0,0,0.0042752787
0,0,0.0036243848
0,0,0.007951464
0,0,0.23245296
0,0,0.0059590316
0,0,0.0036584924
0,0,0.0066214087
0,0,0.006577749
0,0,0.0039478005
0,0,0.0041622655
0,0,0.0050741937
0,0,0.005679147
0,0,0.003920633
0,0,0.004158532
0,0,0.0043351087
0,0,0.004176463
0,0,0.0040164995
0,0,0.010946503
0,0,0.004641412
0,0,0.003647243
0,0,0.0037718427
0,0,0.008329553
0,0,0.0049291505
0,0,0.035847977
0,0,0.008657088
0,0,0.0035985112
0,0,0.0040244884
0,0,0.0038123222
0,0,0.0038289025
0,0,0.0037900168
0,0,0.0037556386
0,0,0.0044666156
0,0,0.00410348
0,0,0.004976871
0,0,0.0067534065
0,1,0.56627244
0,0,0.067203835
0,0,0.0036481544
0,0,0.009468793
0,0,0.016489413
0,0,0.010012833
0,0,0.0075979047
0,0,0.0038123403
0,0,0.008601195
0,0,0.004970811
0,0,0.022717148
0,0,0.0033791873
0,0,0.0057793804
0,0,0.0050868695
0,0,0.0038528682
0,0,0.0038499886
0,0,0.0040080957
0,0,0.0041017304
0,0,0.019895097
0,0,0.008424338
0,0,0.004529283
0,0,0.12135681
0,0,0.0046087867
0,0,0.003648808
0,0,0.013603677
0,0,0.008533629
0,0,0.0077007026
0,0,0.0072965412
0,0,0.0035982104
0,0,0.019421805
0,0,0.0043777744
0,0,0.011105164
0,0,0.012969464
0,0,0.0034934694
0,0,0.005028223
0,0,0.006701063
0,0,0.009799401
0,0,0.004011537
0,0,0.0059256568
0,0,0.004204643
0,0,0.003772688
0,0,0.0055124783
0,0,0.003650259
0,0,0.0036934353
0,0,0.0035070628
0,0,0.005855687
0,0,0.026207397
0,0,0.00448181
0,0,0.0041669584
0,0,0.0071362997
0,0,0.007936778
0,0,0.004531051
0,0,0.0035479998
0,0,0.00497309
0,0,0.003532279
0,0,0.005086657
0,0,0.012044476
0,0,0.009277357
0,0,0.007927577
0,0,0.003824927
0,0,0.0038447566
0,0,0.0039048954
0,0,0.005793838
0,0,0.0036448196
0,0,0.0036780268
0,0,0.005900302
0,0,0.0038978634
0,0,0.004596134
0,0,0.004348885
0,0,0.0037507282
0,0,0.0043209177
0,0,0.0043974128
0,0,0.0036419912
0,0,0.0038754167
0,0,0.012089441
0,0,0.0042251525
0,0,0.0072400877
0,0,0.0050393525
0,0,0.004784997
0,0,0.0043637576
0,0,0.0061856573
0,0,0.0037631642
0,0,0.026231587
0,0,0.0055188965
0,0,0.004066096
0,0,0.006570786
0,0,0.010017367
0,0,0.004947026
0,0,0.004229906
0,0,0.0054505775
0,0,0.0051568486
0,0,0.004174387
0,0,0.003244503
0,0,0.0042354087
0,0,0.0042709024
0,0,0.0053228107
0,0,0.07490747
0,0,0.010125201
0,0,0.0041393605
0,0,0.0037690431
0,0,0.0037652133
0,0,0.004482612
0,0,0.0037382517
0,0,0.006250434
0,0,0.003766675
0,0,0.0039267847
0,0,0.0037341055
0,0,0.0037118841
0,0,0.003929574
0,0,0.008863774
0,0,0.0036886362
0,0,0.023429401
0,0,0.004307279
0,0,0.0036772022
0,0,0.014899587
0,0,0.0039192927
0,0,0.0062024794
0,0,0.008985408
0,0,0.010754037
0,0,0.033039786
0,0,0.003675466
0,0,0.0072286497
0,0,0.005132881
0,0,0.0064043375
0,0,0.010801178
0,0,0.008560014
0,0,0.0037332184
0,0,0.006647146
0,0,0.0054540266
0,0,0.0043152696
0,0,0.0038752677
0,0,0.004038133
0,0,0.0052703656
0,0,0.003774343
0,0,0.00875774
0,0,0.006472284
0,0,0.015721614
0,0,0.00431644
0,0,0.0047742254
0,0,0.0067105563
0,0,0.0042224373
0,0,0.011747268
0,0,0.0035933533
0,0,0.0057123303
0,0,0.016548062
0,0,0.0036483835
0,0,0.0051234323
0,0,0.19770719
0,0,0.006318414
0,0,0.0036733642
0,0,0.0042498605
0,0,0.003840582
0,0,0.0047011315
0,0,0.0041505126
0,0,0.0070203296
0,0,0.0038374567
0,0,0.005038193
0,0,0.0036584924
0,0,0.0037327574
0,0,0.005892879
0,0,0.003912353
0,0,0.008256598
0,0,0.005546999
0,0,0.0048292633
0,0,0.0041339993
0,0,0.0036355394
0,0,0.01765097
0,0,0.006097461
0,0,0.0039075897
0,0,0.004171607
0,0,0.009723314
0,0,0.005680984
0,0,0.003643774
0,0,0.003611918
0,0,0.0062882425
0,0,0.034782372
0,0,0.0037582084
0,0,0.10348131
0,0,0.0071129072
0,0,0.0033862025
0,0,0.0046474827
0,0,0.0038076455
0,0,0.0072732028
0,0,0.0065636523
0,0,0.007701989
0,0,0.0055915765
0,0,0.005434598
0,0,0.004682594
0,0,0.0042265975
0,0,0.003643774
0,0,0.004282456
0,0,0.009665746
0,0,0.009737295
0,0,0.0053040553
0,0,0.0038415785
0,0,0.04424822
0,0,0.0037210512
0,0,0.12491147
0,1,0.611582
0,0,0.005077755
0,0,0.005293068
0,0,0.005170455
0,0,0.0041219695
0,0,0.0052441917
0,0,0.0056182593
0,0,0.003678563
0,0,0.014691632
0,0,0.0043542236
0,0,0.017261988
0,0,0.01147217
0,0,0.004146435
0,0,0.0036257987
0,0,0.005552081
0,0,0.07198876
0,0,0.007962846
0,0,0.003915207
0,0,0.0035259791
0,0,0.0075783776
0,0,0.006579896
0,0,0.0038691703
0,0,0.0039339475
0,0,0.006869706
0,0,0.005235669
0,0,0.02735452
0,0,0.0037377775
0,0,0.0071853297
0,0,0.0056767757
0,0,0.012036405
0,0,0.009036124
0,0,0.0037874414
0,0,0.031212527
0,0,0.0047716117
0,0,0.018194998
0,0,0.0040912163
0,0,0.0035429916
0,0,0.0035504857
0,0,0.016240036
0,0,0.0039543347
0,0,0.009826306
0,0,0.0044583622
0,0,0.0038953645
0,0,0.0036074712
0,0,0.003519431
0,0,0.0051253866
0,1,0.65447044
0,0,0.0050832652
0,0,0.0039948956
0,0,0.009556217
0,0,0.006923612
0,0,0.003663183
0,0,0.010779574
0,0,0.004179951
0,0,0.0038160777
0,0,0.25701118
0,0,0.0064556925
0,0,0.0036276456
0,0,0.031977355
0,0,0.007366966
0,0,0.0061902115
0,0,0.0047215726
0,0,0.007652429
0,0,0.003702061
0,0,0.0047846246
0,0,0.0035947533
0,0,0.0044041923
0,0,0.023112636
0,0,0.015336728
0,0,0.003855228
0,0,0.0048027644
0,0,0.005537879
0,0,0.0052453936
0,0,0.0036051702
0,0,0.0048504295
0,0,0.004457888
0,0,0.06440716
0,0,0.004811088
0,0,0.00450654
0,0,0.0044782627
0,0,0.0041584647
0,0,0.00362928
0,0,0.017779099
0,0,0.0063227746
0,0,0.0049559064
0,0,0.006021358
0,0,0.003651923
0,0,0.0035538496
0,0,0.0053222883
0,0,0.0111984415
0,0,0.0045389747
0,0,0.0035216357
0,0,0.0050910823
0,0,0.006336222
0,0,0.009242836
0,0,0.0038265805
0,0,0.004945397
0,0,0.037308987
0,0,0.0036569734
0,0,0.0043260166
0,0,0.014677344
0,0,0.04624319
0,0,0.0036005618
0,0,0.0046450635
0,0,0.0062032235
0,0,0.0044804635
0,0,0.004128775
0,0,0.004028508
0,0,0.0039929496
0,0,0.0125335315
0,0,0.0043223007
0,0,0.0039258264
0,0,0.0041166
0,0,0.0057245004
0,0,0.004787634
0,0,0.003784343
0,0,0.0036678903
0,0,0.004286787
0,0,0.0049282503
0,0,0.0039003468
0,0,0.24588725
0,0,0.0037893185
0,0,0.0037133393
0,0,0.004905215
0,0,0.0041694683
0,0,0.0074902917
0,0,0.0041865376
0,0,0.0061318236
0,0,0.0051393453
0,0,0.00861019
0,0,0.0037753326
0,0,0.02013811
0,0,0.012153523
0,0,0.008081623
0,0,0.009809043
0,0,0.019304253
0,0,0.0036305166
0,0,0.003927227
0,0,0.0049189334
0,0,0.008536021
0,0,0.004080337
0,0,0.027199503
0,0,0.0037171517
0,0,0.0038696593
0,0,0.0050002914
0,0,0.00583719
0,0,0.0045927735
0,0,0.00660501
0,0,0.003767133
0,0,0.0034804477
0,0,0.0046969675
0,0,0.004024156
0,0,0.0066164862
0,0,0.0036448196
0,0,0.0044446182
0,0,0.003973621
0,0,0.00461696
0,0,0.0037455345
0,0,0.025678903
0,0,0.013957095
0,0,0.010283962
0,0,0.004454984
0,0,0.0035437646
0,0,0.0040297573
0,0,0.0053331614
0,0,0.0048105884
0,0,0.0041590966
0,0,0.0036569734
0,0,0.0049261115
0,0,0.028798454
0,0,0.004154519
0,0,0.0043167206
0,0,0.007891857
0,0,0.005247255
0,0,0.0034632275
0,0,0.009339733
0,0,0.0071527073
0,0,0.004872344
0,0,0.012124047
0,0,0.00367839
0,0,0.019287582
0,0,0.004149537
0,0,0.003934656
0,0,0.0041796193
0,0,0.004591409
0,0,0.0038406663
0,0,0.006074363
0,0,0.013581575
0,0,0.0037183508
0,0,0.0039312076
0,0,0.07213858
0,0,0.008193689
0,0,0.0129827475
0,0,0.0036369404
0,0,0.0045632105
0,0,0.0099766115
0,0,0.0036085271
0,0,0.0036247652
0,0,0.0036258348
0,0,0.0055252127
0,0,0.026207365
0,0,0.0063713724
0,0,0.006736874
0,0,0.0044023213
0,0,0.0049715396
0,0,0.0042545428
0,0,0.0037594584
0,0,0.004372968
0,0,0.0044754576
0,0,0.0048748464
0,0,0.0060058045
0,0,0.017929565
0,0,0.008439427
0,0,0.007533881
0,0,0.004487307
0,0,0.0036282248
0,0,0.003838992
0,0,0.006385658
0,0,0.021651808
0,0,0.004310607
0,0,0.0036391458
0,0,0.008771013
0,0,0.0036959387
0,0,0.010885321
0,0,0.0043527437
0,0,0.0057364767
0,0,0.0038162502
0,0,0.00384936
0,0,0.026041774
0,0,0.0043858606
0,0,0.0036974226
0,0,0.007008204
0,0,0.014804361
0,0,0.0039162836
0,0,0.023337305
0,0,0.0036745493
0,0,0.10588969
0,0,0.00411659
0,0,0.0040393514
0,0,0.004641126
0,0,0.015669642
0,0,0.0042165066
0,0,0.0066180443
0,0,0.0054821703
0,0,0.020681923
0,0,0.0042807157
0,0,0.0036437528
0,0,0.0045465366
0,0,0.0041747754
0,0,0.009120223
0,0,0.2901101
0,0,0.0049004457
0,0,0.0037582426
0,0,0.011253742
0,0,0.004692322
0,0,0.02075804
0,0,0.010313186
0,0,0.0034467771
0,0,0.0035002986
0,0,0.0036618432
0,0,0.0036293818
0,0,0.008009773
0,0,0.0047446233
0,0,0.006668236
0,0,0.0034448646
0,0,0.004658932
0,0,0.005757085
0,0,0.0037405556
0,0,0.003912504
0,0,0.0060534035
0,0,0.00432044
0,0,0.04829469
0,0,0.0044235834
0,0,0.0036186136
0,0,0.0037349449
0,0,0.0037416418
0,0,0.00429143
0,0,0.0057569025
0,0,0.0039345943
0,0,0.004764753
0,0,0.0039314353
0,0,0.0046840897
0,0,0.009375923
0,0,0.007732142
0,0,0.0036307427
0,0,0.0036016826
0,0,0.0043018116
0,0,0.0054499027
0,0,0.00622836
0,0,0.024565253
0,0,0.008076193
0,0,0.027143037
0,0,0.006141383
0,0,0.0041119047
0,0,0.0075561185
0,0,0.0061076996
0,0,0.0051948777
0,0,0.003720669
0,0,0.015399958
0,0,0.00368851
0,0,0.004057395
0,0,0.018937578
0,0,0.0036290972
0,0,0.004737709
0,0,0.003647094
0,0,0.008412524
0,0,0.0042530117
1,1,0.9408924
0,0,0.0036812993
0,0,0.0049006017
0,0,0.0057681333
0,0,0.0038223823
0,0,0.006836577
0,0,0.003643774
0,0,0.0060873725
0,0,0.007060816
0,0,0.0043243514
0,0,0.0044618878
0,0,0.0042085797
0,0,0.0050652125
0,0,0.006042199
0,0,0.0044931085
0,0,0.0036051702
0,0,0.034350842
0,0,0.062958665
0,0,0.0039394954
0,0,0.0061237914
0,0,0.0086062625
0,0,0.009683299
0,0,0.006132748
0,0,0.006738958
0,0,0.0038387985
0,0,0.007945681
0,0,0.0051630703
0,0,0.0036883382
0,0,0.0039139907
0,0,0.010835434
0,0,0.0039851307
0,0,0.020560808
0,0,0.003910579
0,0,0.013117925
0,0,0.007154665
0,0,0.022853298
0,0,0.0064337817
0,0,0.004721994
0,0,0.0036428792
0,0,0.004118381
0,0,0.003643774
0,0,0.013724236
0,0,0.0043574558
0,0,0.0072223796
0,0,0.015332429
0,0,0.003642145
0,0,0.009167396
0,0,0.00472729
0,0,0.004414665
0,0,0.0042730016
0,0,0.0049801827
0,0,0.013946468
0,0,0.0038338436
0,0,0.0035201148
0,0,0.03103209
0,0,0.0036421763
0,0,0.048492745
0,0,0.0045558563
0,0,0.006354866
0,0,0.0050154333
0,0,0.0049045654
0,0,0.0048624817
0,0,0.0057030916
0,0,0.0072166277
0,0,0.0040411204
0,0,0.008052518
0,0,0.008972738
0,0,0.005567144
0,0,0.003675471
0,0,0.005045634
0,0,0.005409139
0,0,0.003949631
0,0,0.0062355096
0,0,0.0043273666
0,0,0.008626592
0,0,0.0044216597
0,0,0.004280714
0,0,0.02045824
0,0,0.01709795
0,0,0.0042171334
0,0,0.015869308
0,0,0.0039238823
0,0,0.004173463
0,0,0.004423638
0,0,0.008786921
0,0,0.003811462
0,0,0.0076924874
0,0,0.0035863023
0,0,0.0049491646
0,0,0.004635206
0,0,0.0035784643
0,0,0.0036587825
0,0,0.0036582681
0,0,0.012829636
0,0,0.0036678882
0,0,0.011605487
0,0,0.0040238635
0,0,0.0199583
0,0,0.0043172534
0,0,0.003643774
0,0,0.009563816
0,0,0.0046024146
0,0,0.004008399
0,0,0.0036777225
0,0,0.004264651
0,0,0.0049506044
0,0,0.0036119472
0,0,0.0040134448
0,0,0.004106104
0,0,0.012301429
0,0,0.019748507
0,0,0.0040873727
0,0,0.005545382
0,0,0.0043641054
0,0,0.0043296637
0,0,0.0062562954
0,0,0.009336403
0,0,0.0049901213
0,0,0.004939354
0,0,0.0036688033
0,0,0.005245125
0,0,0.028026791
0,0,0.019183192
0,0,0.003935454
0,0,0.003312427
0,0,0.0044460613
0,0,0.004607958
0,0,0.006573955
0,0,0.011316992
0,0,0.0036035688
0,0,0.015651839
0,0,0.013186399
0,0,0.006079551
0,0,0.006080461
0,0,0.0036314947
0,0,0.006670625
0,0,0.0033839473
0,0,0.004696083
0,0,0.003656461
1,1,0.99684215
0,0,0.015040221
0,0,0.018330973
0,0,0.0074120318
0,0,0.0055478094
0,0,0.0038626664
0,0,0.008588035
0,0,0.018101446
0,0,0.01107662
0,0,0.0067206966
0,0,0.0052202395
0,0,0.012495112
0,0,0.029369172
0,0,0.003874408
0,0,0.007774354
0,0,0.003870198
0,0,0.0051845186
0,0,0.0038134886
0,0,0.004157118
0,0,0.0036597855
0,0,0.0036943622
0,0,0.005406651
0,0,0.013557869
0,0,0.0062940787
0,0,0.005044923
0,0,0.0037419293
0,0,0.0036949152
0,0,0.008106629
0,0,0.0050542285
0,0,0.003842657
0,0,0.004072601
0,0,0.0046139676
0,0,0.003912353
0,0,0.004685479
0,0,0.009244574
0,0,0.0038152244
0,0,0.003798582
0,0,0.012142679
0,0,0.00367047
0,0,0.0037941674
0,0,0.0035908378
0,0,0.010723866
0,0,0.003717909
0,0,0.0056854733
0,0,0.00652717
0,0,0.0039962255
0,0,0.11654589
0,0,0.0043442524
0,0,0.0051802457
0,0,0.0066169035
0,0,0.0041159526
0,0,0.006343813
0,0,0.0056182165
0,0,0.00516894
0,0,0.003598306
0,0,0.0044958736
0,0,0.003874984
0,0,0.0066806255
0,0,0.00589527
0,0,0.0036704368
0,0,0.0042448794
0,0,0.0071916427
0,0,0.0038701429
0,0,0.0061153923
0,0,0.006226731
0,0,0.0039202827
0,0,0.003686935
0,0,0.004007232
0,0,0.029728876
0,0,0.0036509167
0,0,0.004404529
0,0,0.004441916
0,0,0.0036994412
0,0,0.0038973673
0,0,0.004475024
0,0,0.005909685
0,0,0.006097516
0,0,0.0038107904
0,0,0.0038457832
0,0,0.0041178004
0,0,0.0038315225
0,0,0.017880797
0,0,0.0042041377
0,0,0.0066412985
0,0,0.004138413
0,0,0.007376453
0,0,0.0040301247
0,0,0.0038308962
0,0,0.011816968
0,0,0.0049278317
0,0,0.0037756036
0,0,0.004072444
0,0,0.0036852993
0,0,0.0051230583
0,0,0.00407796
0,0,0.0067614964
0,0,0.003903466
0,0,0.0036394189
0,0,0.0036535733
0,0,0.003646867
0,0,0.0040189363
0,0,0.0037156406
0,0,0.0041852063
0,0,0.006715704
0,0,0.003715893
0,0,0.0034680462
0,0,0.0042119524
0,0,0.024612978
0,0,0.018517492
0,0,0.0036247652
0,0,0.0055017998
0,0,0.004872686
0,0,0.018096922
0,0,0.004042387
0,0,0.0035783572
0,0,0.0045164833
0,0,0.004860295
0,0,0.003563364
0,0,0.009304024
0,0,0.02243882
0,0,0.0044146045
0,0,0.06810822
0,0,0.045097206
0,0,0.0038809704
0,0,0.0044745016
0,0,0.004628569
0,0,0.0042557046
0,0,0.00536956
0,0,0.0038100719
0,0,0.0036220106
0,0,0.0036241694
0,0,0.0038805136
0,0,0.00705016
0,0,0.005231677
0,0,0.006061221
0,0,0.0036467905
0,0,0.0044801678
0,0,0.0035930562
0,0,0.0040222793
0,0,0.0074422695
0,0,0.009407585
0,0,0.016794795
0,0,0.004408759
0,0,0.00434751
0,0,0.004301042
0,0,0.004406129
0,0,0.0052276663
0,0,0.007972894
0,0,0.0040531675
0,0,0.00748408
0,0,0.0038730502
0,0,0.004263479
0,0,0.0054724966
0,0,0.004026536
0,0,0.004638331
0,0,0.004043297
0,0,0.0037010657
0,0,0.0040278654
0,0,0.0037463885
0,0,0.0048033316
0,0,0.00379265
0,0,0.005205722
0,0,0.0036462452
0,0,0.007420758
0,0,0.003597653
0,0,0.0055011786
0,0,0.028318817
0,0,0.033641886
0,0,0.018895302
0,0,0.0122964885
0,0,0.0054812967
0,0,0.003604502
0,0,0.0057008155
0,0,0.0063665416
0,0,0.0039021147
0,0,0.003644191
0,0,0.0036601159
0,0,0.0045589996
0,0,0.0055742078
0,0,0.0035732465
0,0,0.007691475
0,0,0.003754493
0,0,0.004569988
0,0,0.028809
0,0,0.003651904
0,0,0.003671745
0,0,0.028846571
0,0,0.00441906
0,0,0.00461145
0,0,0.004935952
0,0,0.0044441856
0,0,0.0040640673
0,0,0.0054579233
0,0,0.009775232
0,0,0.007977433
0,0,0.0041180504
0,0,0.00376658
0,0,0.051417857
0,0,0.008716459
0,0,0.0046021612
0,0,0.003731442
0,0,0.009649179
0,0,0.01015954
0,0,0.004884541
0,0,0.0044412944
0,0,0.004627363
0,0,0.0052871513
0,0,0.011597159
0,0,0.0045206933
0,0,0.005606994
0,0,0.005643482
0,0,0.00514603
0,0,0.010456517
0,0,0.003986774
0,0,0.0036126217
0,0,0.004397532
0,0,0.0055869548
0,0,0.006068591
0,0,0.0036534115
0,0,0.06330904
0,0,0.0042672884
0,0,0.0071417745
0,0,0.014271036
0,0,0.0036634423
0,0,0.00727397
0,0,0.005392229
0,0,0.021223769
0,0,0.0036262842
0,0,0.006464966
0,0,0.0044066664
0,0,0.0037447037
0,0,0.00407796
0,0,0.0037516372
0,0,0.0041497615
0,0,0.005794794
0,0,0.006358146
0,0,0.0037234363
0,0,0.009416881
0,0,0.0478806
0,0,0.0044586565
0,0,0.005862892
0,0,0.0044853664
0,0,0.0038110581
0,0,0.0036738038
0,0,0.0035917284
0,0,0.0036688747
0,0,0.003824925
0,0,0.0037023863
0,0,0.005613514
0,0,0.006631302
0,0,0.007856718
0,0,0.0035896061
0,0,0.0051719397
0,0,0.02279144
0,0,0.0042579193
0,0,0.0040925294
0,0,0.0041586603
0,0,0.0130123785
0,0,0.021026375
0,0,0.009099636
0,0,0.0037442057
0,0,0.0036320328
0,0,0.010960073
0,0,0.0036033324
0,0,0.0059692427
0,0,0.003873641
0,0,0.0036747938
1,1,0.9966822
0,0,0.010539763
0,0,0.008507449
0,0,0.0064839646
0,0,0.013586034
0,0,0.004241813
0,0,0.007969761
0,0,0.0038406663
0,0,0.0047315857
0,0,0.0036410536
0,0,0.0055394233
0,0,0.0043430235
0,0,0.0045452444
0,0,0.004832312
0,0,0.0033565895
0,0,0.0036371064
0,0,0.003637146
0,0,0.0036324558
0,0,0.004905629
0,0,0.00882795
0,0,0.003890099
0,0,0.0051329248
0,0,0.005446823
0,0,0.013547262
0,0,0.0069433446
0,0,0.00489188
0,0,0.008845666
0,0,0.0037687707
0,0,0.016298052
0,0,0.0054442533
0,0,0.0037495776
0,0,0.0036930812
0,0,0.0036704368
0,0,0.0036655331
0,0,0.0053038388
0,0,0.0043116184
0,0,0.0039311214
0,0,0.007448803
0,0,0.004695481
0,0,0.004359254
0,0,0.0067531215
0,0,0.0047140853
0,0,0.0041258545
0,0,0.0043807975
0,0,0.019522995
0,0,0.016853612
0,0,0.003643774
0,0,0.004800447
0,0,0.0037897432
0,0,0.0142652085
0,0,0.12806119
0,0,0.005540884
0,0,0.008649304
0,0,0.0049833357
0,0,0.0036428792
0,0,0.12609747
0,0,0.017730866
0,0,0.004307289
0,0,0.0062182066
0,0,0.0046250005
0,0,0.055136986
0,0,0.014310338
0,0,0.004574707
0,0,0.0062610023
0,0,0.0039990735
0,0,0.0037332682
0,0,0.0033902763
0,0,0.004736297
0,0,0.0048897425
0,0,0.0044463887
0,0,0.0036609787
0,0,0.011626959
0,0,0.012468644
0,0,0.0053698807
0,0,0.016047388
0,0,0.005638309
0,0,0.008516214
0,0,0.0044570183
0,0,0.0069506112
0,0,0.0055941623
0,0,0.12216148
0,0,0.0036455817
0,0,0.004574481
0,0,0.0036934353
0,0,0.005639927
0,0,0.020811398
0,0,0.006096496
0,0,0.0072751963
0,0,0.008860645
0,0,0.02468755
0,0,0.009785563
0,0,0.010196082
0,0,0.007004114
0,0,0.006610722
0,0,0.0067398385
0,0,0.0037842798
0,0,0.005088436
0,0,0.0035429916
0,0,0.0055510327
0,0,0.004999255
0,0,0.004463048
0,0,0.004007152
0,0,0.0055478984
0,0,0.0060181315
0,0,0.006365531
0,0,0.003613542
0,0,0.003665185
0,0,0.004306097
0,0,0.00804555
0,0,0.0041738837
0,0,0.004746772
0,0,0.0056347093
0,0,0.0039003524
0,0,0.005252038
0,0,0.0036642186
0,0,0.003873641
0,0,0.0036165854
0,0,0.00464539
0,0,0.01796583
0,0,0.0059945253
0,0,0.009628831
0,0,0.0053240354
0,0,0.0056051547
0,0,0.0060420614
0,0,0.005338215
0,0,0.004516241
0,0,0.004691011
0,0,0.0036582681
0,0,0.004584865
0,0,0.007812599
0,0,0.004455671
0,0,0.004301511
0,0,0.0036934353
0,0,0.004044463
0,0,0.0044942796
0,0,0.004969634
0,0,0.0045178467
0,0,0.005340104
0,0,0.0039581885
0,0,0.004242649
0,0,0.017727986
0,0,0.003688985
0,0,0.0036887063
0,0,0.0058738245
0,0,0.005556392
0,0,0.008449581
0,0,0.0036428792
0,0,0.0052322135
0,0,0.003573272
0,0,0.006934493
0,0,0.0037221648
0,0,0.0039789616
0,0,0.02314354
0,0,0.0036754047
0,0,0.0071259886
0,0,0.010209343
0,0,0.003717118
0,0,0.0049446276
0,0,0.0037662778
0,0,0.014707212
0,0,0.0043736133
0,0,0.0039468724
0,0,0.004023747
0,0,0.005627457
0,0,0.014386087
0,0,0.004883542
0,0,0.0055607334
0,0,0.008629309
0,0,0.02952576
0,0,0.014382485
0,0,0.0040847124
0,0,0.014310451
0,0,0.005350108
0,0,0.0036582681
0,0,0.005983069
0,0,0.003878809
0,0,0.008000277
0,0,0.0037635826
0,0,0.028702756
0,0,0.0037400918
0,0,0.0041150423
0,0,0.0061756847
0,0,0.00801332
0,0,0.008871217
0,0,0.004112686
0,0,0.0052852784
0,0,0.0037432276
0,0,0.004214541
0,0,0.005060481
0,0,0.0071946466
0,0,0.003691839
0,0,0.0037912542
0,0,0.0037327574
0,0,0.00455657
0,0,0.0040787715
0,0,0.0057008155
0,0,0.003933507
0,0,0.003573272
0,0,0.013558284
0,0,0.013116813
0,0,0.003971653
0,0,0.0038706886
0,0,0.021911118
0,0,0.003873641
0,0,0.00528063
0,0,0.004842932
0,0,0.015624195
0,0,0.004943138
0,0,0.004443365
0,0,0.0038644776
0,0,0.0043546846
0,0,0.011125412
0,0,0.0039813775
0,0,0.004381665
0,0,0.0036187733
0,0,0.0045488486
0,0,0.008648175
0,0,0.01838315
0,0,0.0064051687
0,0,0.0059244297
0,0,0.0042701317
0,0,0.006331948
0,0,0.003776947
0,0,0.012500001
0,0,0.003748956
0,0,0.0108607365
0,0,0.06761488
0,0,0.010953242
0,0,0.003594839
0,0,0.0036719912
0,0,0.0038792898
0,0,0.0038488843
0,0,0.005287244
0,0,0.0037999444
0,0,0.0040964163
0,0,0.0047629895
0,0,0.0037566521
0,0,0.042498793
0,0,0.00753213
0,0,0.00574687
0,0,0.0038967985
0,0,0.0035624905
0,0,0.012269271
0,0,0.004092034
0,0,0.009079381
0,0,0.004652632
0,0,0.0038477345
0,0,0.003759587
0,0,0.020396579
0,0,0.0037365027
0,0,0.004469322
0,0,0.0049464293
0,0,0.011984281
0,0,0.0074090813
0,0,0.0075030425
0,0,0.0036851277
0,0,0.0038250778
0,0,0.0036566972
0,0,0.032347854
0,0,0.0037345632
0,0,0.0038717259
0,0,0.004844667
0,0,0.0035764703
0,0,0.0036635918
0,0,0.0040593087
0,0,0.004318529
0,0,0.02079387
0,0,0.0037171517
0,0,0.004524953
0,0,0.0035685909
0,0,0.0035963596
0,0,0.008824754
0,0,0.004295768
0,0,0.0037165352
0,0,0.054671958
0,0,0.003923759
0,0,0.0035589442
0,0,0.0041396865
0,0,0.004278292
0,0,0.009103484
0,0,0.01470197
0,0,0.008217637
0,0,0.0067723775
0,0,0.003643774
0,0,0.003803298
0,0,0.0038092104
0,0,0.07483974
0,0,0.0037479391
0,0,0.0039174035
0,0,0.004064899
0,0,0.004340731
0,0,0.0036481544
0,0,0.0054683825
0,0,0.0102034
0,0,0.022305535
0,0,0.008596862
0,0,0.0037086888
0,0,0.0036761193
0,0,0.0043059723
0,0,0.0038332664
0,0,0.0038913519
0,0,0.0037698452
0,0,0.0062084994
0,0,0.0045439005
0,0,0.015607199
0,0,0.009095104
0,0,0.006024855
0,0,0.009591902
0,0,0.007870316
0,0,0.0064060455
0,0,0.0039136596
0,0,0.11643357
0,0,0.037725963
0,0,0.009101511
0,0,0.0036312616
0,0,0.0036243466
0,0,0.004305479
0,0,0.07444547
0,0,0.005280164
0,0,0.0036051702
0,0,0.27056608
0,0,0.0037419293
0,0,0.08780342
0,0,0.003643774
0,0,0.0076403916
0,0,0.003643774
0,0,0.0036702484
0,0,0.0037928985
0,0,0.0043319855
0,0,0.0066674245
0,0,0.0048617274
0,0,0.0040299087
0,0,0.0068026492
0,0,0.0036369266
0,0,0.03045392
0,0,0.006751989
0,0,0.009058102
0,0,0.0036499265
0,0,0.006829791
0,0,0.0057085156
0,0,0.005075465
0,0,0.0039422335
0,0,0.0076340414
0,0,0.0048947986
0,0,0.0041134753
0,0,0.007175309
0,0,0.0038604543
0,0,0.004450329
0,0,0.043013457
0,0,0.01862867
0,0,0.005390232
0,0,0.005906526
0,0,0.0045552705
0,0,0.006248986
0,0,0.00455556
0,0,0.0039043413
0,0,0.004515645
0,0,0.003713429
0,0,0.006042396
0,0,0.0036245415
0,0,0.044523407
0,0,0.0047279363
0,0,0.0051126983
0,0,0.003613542
0,0,0.0036928602
0,0,0.0052355547
0,0,0.004498559
0,0,0.003654108
0,0,0.0055134557
0,0,0.023322685
0,0,0.0037063619
0,0,0.0063935835
0,0,0.0041252906
0,0,0.00907282
0,0,0.004227661
0,0,0.0038406663
0,0,0.010256513
0,0,0.0041364264
0,0,0.0035776703
0,0,0.010098663
0,0,0.018125536
0,0,0.0047083837
0,0,0.006336955
0,0,0.0051685697
0,0,0.003573272
0,0,0.0037435046
0,0,0.065234356
0,0,0.006250813
0,0,0.007732142
0,0,0.0037104597
0,0,0.004786321
0,0,0.008551257
0,0,0.015236691
0,0,0.009373262
0,0,0.0042539686
0,0,0.0039305747
0,0,0.013248293
0,0,0.0041595725
0,0,0.0043055713
0,0,0.0037099484
0,0,0.013437936
0,0,0.004075598
0,0,0.004369714
0,0,0.0070265983
0,0,0.004971641
0,0,0.008131513
0,0,0.0054720817
0,0,0.0036630577
0,0,0.003643774
0,0,0.0047261794
0,0,0.004042802
0,0,0.004137525
0,0,0.013527306
0,0,0.01068873
0,0,0.0037447037
0,0,0.0040277867
0,0,0.0036613697
0,0,0.0038447476
0,0,0.0036161367
0,0,0.0072807116
0,0,0.003941571
0,0,0.009932296
0,0,0.004882935
0,0,0.0040922905
0,0,0.02288784
0,0,0.0038331898
0,0,0.0047509614
0,0,0.013285072
0,0,0.04488346
0,0,0.011830372
0,0,0.004558768
0,0,0.004644594
0,0,0.0071306964
0,0,0.0073460806
0,0,0.003643774
0,0,0.005101488
0,0,0.0044004326
0,0,0.0035982104
0,0,0.0062175496
0,0,0.0052510123
0,0,0.0075169643
0,0,0.022169545
0,0,0.006442945
0,0,0.06800401
0,0,0.083453864
0,0,0.0037903232
0,0,0.0041426993
0,0,0.0075719682
0,0,0.049323253
0,0,0.0049908273
0,0,0.013538994
0,0,0.011849821
0,0,0.005521242
0,0,0.003931514
0,0,0.0068953494
0,0,0.19065583
0,0,0.008301642
0,0,0.015323843
0,0,0.004370778
0,0,0.0036584924
0,0,0.011661723
0,0,0.0040993704
0,0,0.0046685073
0,0,0.003997741
0,0,0.010542656
0,0,0.0060752267
0,0,0.0042314567
0,0,0.0041545704
0,0,0.0039158002
0,0,0.004223757
0,0,0.004895758
0,0,0.008076033
0,0,0.0046734465
0,0,0.005815357
0,0,0.006862013
0,0,0.0066524185
0,0,0.011576495
0,0,0.0150048155
0,0,0.003643774
0,0,0.005855687
0,0,0.005539647
0,0,0.06016116
0,0,0.003918665
0,0,0.0036600062
0,0,0.016133992
0,0,0.010981338
0,0,0.0043207887
0,0,0.006978785
0,0,0.0054082107
0,0,0.005698932
0,0,0.008441543
0,0,0.0038192554
0,0,0.0044666156
0,0,0.0063656936
0,0,0.018332023
0,0,0.0037191405
0,0,0.01359483
0,0,0.0039880653
0,0,0.0042105727
0,0,0.0036237615
0,0,0.069691785
0,0,0.006459376
0,0,0.0046589053
0,0,0.003922663
0,0,0.0038407738
0,0,0.18672264
0,0,0.021538071
0,0,0.021071838
0,0,0.00353089
0,0,0.010389079
0,0,0.0036601943
0,0,0.008286578
0,0,0.0036240749
0,0,0.0040817363
0,0,0.003643774
0,0,0.014397709
0,0,0.0046061934
0,0,0.0036379946
0,0,0.0072036604
0,0,0.0034810414
0,0,0.00866408
0,0,0.004003243
0,0,0.0135456305
0,0,0.004324343
0,0,0.0036554274
0,0,0.003588128
0,0,0.0043226415
0,0,0.0036364896
0,0,0.004453404
0,0,0.004024647
0,0,0.0062896847
0,0,0.0038350201
0,0,0.0044491147
0,0,0.0041509676
0,0,0.0037808393
0,0,0.004885765
0,0,0.0036606274
0,0,0.0037403707
0,0,0.012114216
0,0,0.018068498
0,0,0.003853463
0,0,0.0038647659
0,0,0.0050816354
0,0,0.01102895
0,0,0.009360354
0,0,0.010795154
0,0,0.032384053
0,0,0.0040909965
0,0,0.013423347
0,0,0.10843442
0,0,0.0036440887
0,0,0.0052247234
0,0,0.004148804
0,0,0.027722431
0,0,0.0036329855
0,0,0.0036655331
0,0,0.012197987
0,0,0.0039835847
0,0,0.032885853
0,0,0.06642832
0,0,0.005331682
0,0,0.0054337783
0,0,0.0039411103
0,0,0.005039113
0,0,0.0036554274
0,0,0.00423127
0,0,0.0071684876
0,0,0.003630651
0,0,0.0039805095
0,0,0.27598915
0,0,0.0043968363
0,0,0.0041987454
0,0,0.0037945495
0,0,0.004056029
0,0,0.0036798548
0,0,0.0049793585
0,0,0.026562033
0,0,0.004287848
0,0,0.004844989
0,0,0.0042883935
0,0,0.004898614
0,0,0.0037598605
0,0,0.01976717
0,0,0.036884733
0,0,0.005344176
0,0,0.005279846
0,0,0.0035540503
0,0,0.116798244
0,0,0.00830547
0,0,0.009143786
0,0,0.004059056
0,0,0.003980583
0,0,0.0038923004
0,0,0.0036584924
0,0,0.0048534106
0,0,0.0038675647
0,0,0.0039174445
0,0,0.013107448
0,0,0.0037605944
0,0,0.019972403
0,0,0.0056067067
0,0,0.0040912395
0,0,0.0036884714
0,0,0.007279134
0,0,0.0049690777
0,0,0.0046464065
0,0,0.0037201196
0,0,0.0044659204
0,0,0.006289917
0,0,0.0057331407
0,0,0.013835052
0,0,0.0037644373
0,0,0.0051110904
0,0,0.023852915
0,0,0.006769062
0,0,0.0042134584
0,0,0.058369283
0,0,0.003794362
0,0,0.07306771
0,0,0.0037633607
0,0,0.0037730308
0,0,0.0061899065
0,0,0.0036001564
0,0,0.0060295346
0,0,0.004571787
0,0,0.0034780472
0,0,0.004888012
0,0,0.0036428792
0,0,0.0046156626
0,0,0.004431038
0,0,0.004407629
0,0,0.003794218
0,0,0.0036185842
0,0,0.0042105606
0,0,0.0036848984
0,0,0.0049957694
0,0,0.0036320328
0,0,0.004882224
0,0,0.0037593693
0,0,0.003973151
0,0,0.0046097734
0,0,0.008199054
0,0,0.0050924155
0,0,0.021493135
0,0,0.005858491
0,0,0.006892353
0,0,0.003613542
0,0,0.0054059615
0,0,0.003630387
0,0,0.024625363
0,0,0.0053233914
0,0,0.0112147
0,0,0.004085828
0,0,0.010495978
0,0,0.012682993
0,0,0.0036145807
0,0,0.005883193
0,0,0.004002878
0,0,0.0037355677
0,0,0.0037700906
0,0,0.00884162
0,0,0.0037463957
0,0,0.0038666534
0,0,0.024554206
0,0,0.0036637208
0,0,0.082428634
0,0,0.0037336817
0,0,0.020338679
0,0,0.007294048
0,0,0.0051905722
0,0,0.004459986
0,0,0.004060041
0,0,0.012998466
0,0,0.0065445118
0,0,0.0047163027
0,0,0.0036584924
0,0,0.020084566
0,0,0.004112065
0,0,0.0047774776
0,0,0.0039880844
0,0,0.0036765453
0,0,0.00799064
0,0,0.0045754495
0,0,0.00580748
0,0,0.0048524644
1,1,0.995682
0,0,0.0051305466
0,0,0.004420772
0,0,0.004137672
0,0,0.0036317864
0,0,0.019848363
0,0,0.0060608853
0,0,0.003818254
0,0,0.0043262816
0,0,0.0053832834
0,0,0.0059311395
0,0,0.0038916161
0,0,0.003933432
0,0,0.003942286
0,0,0.023285171
0,0,0.0059725028
0,0,0.006061873
0,0,0.0060500707
0,0,0.0036471998
1,1,0.99050397
0,0,0.008725383
0,0,0.0035963596
0,0,0.0036290525
0,0,0.0036548579
0,0,0.007087943
0,0,0.0042873914
0,0,0.0038828035
0,0,0.004291455
0,0,0.0037369428
0,0,0.0037760178
0,0,0.0054344176
0,0,0.00989384
0,0,0.004324204
0,0,0.004921852
0,0,0.01006118
0,0,0.0036944672
0,0,0.0040402166
0,0,0.0036664999
0,0,0.014763932
0,0,0.0035629948
0,0,0.003772398
0,0,0.010776528
0,0,0.017331544
0,0,0.0044228463
0,0,0.005198028
0,0,0.004007171
0,0,0.0044839364
0,0,0.049260143
0,0,0.010742848
0,0,0.079062015
0,0,0.07996366
0,0,0.0035594127
0,0,0.010141454
0,0,0.0039718286
0,0,0.031986248
0,0,0.003636429
0,0,0.007039386
0,0,0.004225626
0,0,0.0057768794
0,0,0.004312988
0,0,0.0036630037
0,0,0.0036610027
0,0,0.0051080654
0,0,0.010528331
0,0,0.003798784
0,0,0.004603094
0,0,0.012838825
0,0,0.0036725544
0,0,0.012853707
0,0,0.0044369698
0,0,0.014586875
0,0,0.008223484
0,0,0.004355931
0,0,0.01782139
0,0,0.0050879843
0,0,0.0038875146
0,0,0.0040125716
0,0,0.003488831
0,0,0.003643774
0,0,0.00648606
0,0,0.0057884594
0,0,0.003659137
0,0,0.009595141
0,0,0.00382158
0,0,0.003686077
0,0,0.003672127
0,0,0.003691969
0,0,0.004936936
0,0,0.0041173683
0,0,0.0045354706
0,0,0.010533746
0,0,0.0036491253
0,0,0.030385746
0,1,0.8747835
0,0,0.003818254
0,0,0.006707805
0,0,0.010267051
0,0,0.004822025
0,0,0.0040430916
0,0,0.0045873923
0,0,0.006263723
0,0,0.005596221
0,0,0.004128265
0,0,0.0066308244
0,0,0.0037327574
0,0,0.0046735085
0,0,0.0036881051
0,0,0.0059225373
0,0,0.004059289
0,0,0.004542535
0,0,0.008318437
0,0,0.0063680527
0,0,0.0064519285
0,0,0.0044119456
0,0,0.041091397
0,0,0.0041104993
0,0,0.005241593
0,0,0.009175642
0,0,0.0040170047
0,0,0.0060918834
0,0,0.004684034
0,0,0.0046995655
0,0,0.006382316
0,0,0.0036599059
0,0,0.0053784777
0,0,0.0038037188
0,0,0.0049166703
0,0,0.0038500107
0,0,0.017624184
0,0,0.0052690534
0,0,0.006790186
0,0,0.0038601628
0,0,0.0037688767
0,0,0.00421203
0,0,0.003553527
0,0,0.0038496708
0,0,0.003562746
0,0,0.0055095926
0,0,0.004141454
0,0,0.0051570856
0,0,0.0037400492
0,0,0.010727812
0,0,0.0039168154
0,0,0.0036872781
0,0,0.035092786
0,0,0.005476586
0,0,0.0036520008
0,0,0.0040311757
0,0,0.0059750965
0,0,0.028757611
0,0,0.006778699
0,0,0.007046955
0,0,0.02532964
0,0,0.0047971862
0,0,0.006606778
0,0,0.0075084837
0,0,0.0036404808
0,0,0.003707501
0,0,0.0069329105
0,0,0.0044451077
0,0,0.007863757
0,0,0.007927801
0,0,0.014070174
0,0,0.04290015
0,0,0.003976704
0,0,0.0043177046
0,0,0.0046583344
0,0,0.004715593
0,0,0.03132579
0,0,0.0037504307
0,0,0.004865609
0,0,0.008206394
0,0,0.0036513207
0,0,0.0042729406
0,0,0.004336331
0,0,0.0036846744
0,0,0.0040136618
0,0,0.003877779
0,0,0.003716161
0,0,0.004085176
0,0,0.00705426
0,0,0.0054377327
0,0,0.0064155585
0,0,0.005487473
0,0,0.004722265
0,0,0.0044522034
0,0,0.0037807475
0,0,0.028432293
0,0,0.003978992
0,0,0.0036894353
0,0,0.0052057193
0,0,0.006394771
0,0,0.0053168004
0,0,0.0042708092
0,0,0.007575255
0,0,0.020129286
0,0,0.003643774
0,0,0.0035272192
0,0,0.0044351863
0,0,0.00362928
0,0,0.005451707
0,0,0.0037677058
0,0,0.018759662
0,0,0.008613129
0,0,0.00470468
0,0,0.004424108
0,0,0.0037737675
0,0,0.012770149
0,0,0.010780194
0,0,0.0055912025
0,0,0.009951544
0,0,0.004052182
0,0,0.0039096023
0,0,0.0065373788
0,0,0.029172396
0,0,0.004705111
0,0,0.0072408486
0,0,0.00857607
0,0,0.0066671874
0,1,0.67348087
0,0,0.0053871325
0,0,0.0037732404
0,0,0.0072681187
0,0,0.07361864
0,0,0.003640543
0,0,0.003537222
0,0,0.009050734
0,0,0.0037426725
0,0,0.004932316
0,0,0.0067207282
0,0,0.0035956572
0,0,0.0037529082
0,0,0.0079633435
0,0,0.004798527
0,0,0.044339325
0,0,0.0043231775
0,0,0.005104674
0,0,0.003643774
0,0,0.0043479786
0,0,0.005614241
0,0,0.0039651543
0,0,0.005570453
0,0,0.00556583
0,0,0.003770345
0,0,0.0038472118
0,0,0.006756087
0,0,0.0048230616
0,0,0.0038097315
0,0,0.003871807
0,0,0.020776406
0,0,0.0036624693
0,0,0.005156161
0,0,0.008662901
0,0,0.0042236
0,0,0.0038377938
0,0,0.0046693473
0,0,0.019680908
0,0,0.0054107606
0,0,0.00482127
0,0,0.00642644
0,0,0.004369614
0,0,0.0041498267
0,0,0.008578106
0,0,0.005662367
0,0,0.3625176
0,0,0.11365893
0,0,0.010382066
0,0,0.0080295745
0,0,0.0048706955
0,0,0.004104973
0,0,0.0043489677
0,0,0.016494803
0,0,0.005484362
0,0,0.003643774
0,0,0.005686856
0,0,0.0040272377
0,0,0.0037369428
0,0,0.0048593287
0,0,0.0038891418
0,0,0.07891618
0,0,0.0059247273
0,0,0.008597406
0,0,0.0036170238
0,0,0.003755624
0,0,0.0042161024
0,0,0.0039678896
0,0,0.004610318
0,0,0.0036169635
0,0,0.00536175
0,0,0.0037183508
0,0,0.052281465
0,0,0.003906695
0,0,0.003643774
0,0,0.0039088833
0,0,0.0040649436
0,0,0.007355806
0,0,0.008237738
0,0,0.0034912657
0,0,0.0036203314
0,0,0.0056172046
0,0,0.0039962255
0,0,0.004092073
0,0,0.00412038
0,0,0.0036616933
0,0,0.0047070878
0,0,0.004088559
0,0,0.005477035
0,0,0.0038447257
0,0,0.0038717093
0,0,0.0057112225
0,0,0.0054920656
0,0,0.0070244526
0,0,0.008183713
0,0,0.005075667
0,0,0.0050344435
0,0,0.004201278
0,0,0.0036584924
0,0,0.00529039
0,0,0.0037635094
0,0,0.00353064
0,0,0.005161797
0,0,0.009609756
0,0,0.0040725158
0,0,0.0076528704
0,0,0.0041408446
0,0,0.0117213335
0,0,0.005480714
0,0,0.0041313656
0,0,0.0037318605
0,0,0.0037865744
0,0,0.0044143926
0,0,0.0037589746
0,0,0.004392074
0,0,0.00626461
0,0,0.0056227096
0,0,0.0036569734
0,0,0.0049952287
0,0,0.24783644
0,0,0.0038919896
0,0,0.0063437833
0,0,0.0037603213
0,0,0.009763506
0,0,0.0042569833
0,0,0.0048881345
0,0,0.0061441837
0,0,0.0042912876
0,0,0.0035538122
0,0,0.0037183508
0,0,0.0040097656
0,0,0.009362031
0,0,0.008416655
0,0,0.0037183508
0,0,0.0038981894
0,0,0.0063504656
0,0,0.004540052
0,0,0.00454805
0,0,0.008388577
0,0,0.0043338286
0,0,0.0038305253
0,0,0.020236587
0,0,0.0074064415
0,0,0.032259185
0,0,0.029397935
0,0,0.006776532
0,0,0.00417151
0,0,0.0044366918
0,0,0.0052691884
0,0,0.008376693
0,0,0.003989659
0,0,0.0040257634
0,0,0.008297035
0,0,0.0037994967
0,0,0.0037673318
0,0,0.0058772755
0,0,0.0037164416
0,0,0.005125764
0,0,0.0036340319
0,0,0.0065283203
0,0,0.0057771285
0,0,0.01026167
0,0,0.004053071
0,0,0.0035481567
0,0,0.24572647
0,0,0.0059315613
0,0,0.0036655331
0,0,0.005056701
0,0,0.0053721503
0,0,0.0048086504
0,0,0.0041693016
0,0,0.0122908605
0,0,0.00490755
0,0,0.019885508
0,0,0.00476457
0,0,0.014699462
0,0,0.003588917
0,0,0.005516026
0,0,0.004070629
0,0,0.0037584908
0,0,0.0037233622
0,0,0.0036584924
0,0,0.017189005
0,0,0.0057011642
0,0,0.016340205
0,0,0.0052729715
0,0,0.0037878428
0,0,0.0085695125
0,0,0.012783549
0,0,0.0053672274
0,0,0.027637498
0,0,0.005732103
0,0,0.0040900214
0,0,0.01642582
0,0,0.0026994376
0,0,0.004749672
0,0,0.030090885
0,0,0.003651822
0,0,0.004574481
0,0,0.004850887
0,0,0.007796006
0,0,0.005921072
0,0,0.0042211264
0,0,0.0041857427
0,0,0.003540267
0,0,0.0036727795
0,0,0.007519476
0,0,0.011316832
0,0,0.0034700474
0,0,0.0045512826
0,0,0.00556993
0,0,0.0040349183
0,0,0.0077474276
0,0,0.010583428
0,0,0.0052915467
0,0,0.0047501656
0,0,0.0037447037
0,0,0.0042250464
0,0,0.17516293
0,0,0.011358415
0,0,0.020359498
0,0,0.008559941
0,0,0.006582188
0,0,0.003643774
0,0,0.0039567393
0,0,0.005924379
0,0,0.017880488
0,0,0.0046150256
0,0,0.004339787
0,0,0.007346515
0,0,0.0036246788
0,0,0.0038719007
0,0,0.023000542
0,0,0.0037977067
0,0,0.004193081
0,0,0.006531847
0,0,0.0066714995
0,0,0.0068391087
0,0,0.0060335197
0,0,0.0036920463
0,0,0.0039257742
0,0,0.008221411
0,0,0.0043499586
0,0,0.0041726036
0,0,0.0040244274
0,0,0.0037652208
0,0,0.011536559
0,0,0.006006169
0,0,0.0046886937
0,0,0.004082009
0,0,0.0036613697
0,0,0.009901961
0,0,0.0042840485
0,0,0.004108097
0,0,0.0038133888
0,0,0.026086846
0,0,0.008072901
0,0,0.0042272797
0,0,0.003793344
0,0,0.0041077402
0,0,0.007180634
0,0,0.004934231
0,0,0.0036447626
0,0,0.024792971
0,0,0.006170846
0,0,0.003625659
0,0,0.003843599
0,0,0.0038142495
0,0,0.006612739
0,0,0.0050442414
0,0,0.005394649
0,0,0.027054915
0,0,0.003702569
0,0,0.03240609
0,0,0.004789927
0,0,0.0043632975
0,0,0.008717518
0,0,0.0049901763
0,0,0.010683452
0,0,0.0064750384
0,0,0.0042092996
0,0,0.004711694
0,0,0.003634788
0,0,0.0036349243
0,0,0.0068443315
0,0,0.0036703742
0,0,0.0043086144
0,0,0.003754493
0,0,0.007630585
0,0,0.19389533
0,0,0.003918064
0,0,0.0043836185
0,0,0.004149537
0,0,0.0047295406
0,0,0.0038885155
0,0,0.004375306
0,0,0.006100519
0,0,0.0064502684
0,0,0.0052102376
0,0,0.0088731125
0,0,0.0094703855
0,0,0.0039806855
0,0,0.0052753603
0,0,0.0050297906
0,0,0.009552918
0,0,0.005024014
0,0,0.010842423
0,0,0.01564478
0,0,0.004148613
0,0,0.009457931
0,0,0.0048302533
0,0,0.003665223
0,0,0.0037678382
0,0,0.0043628355
0,0,0.0055993586
0,0,0.015347121
0,0,0.0042121303
0,0,0.004830682
0,0,0.0036754047
0,0,0.0039098137
0,0,0.0036584924
0,0,0.014933738
0,0,0.0046811407
0,0,0.01159863
0,0,0.02633538
0,0,0.0041061486
0,0,0.0038503637
0,0,0.018910864
0,0,0.0039309124
0,0,0.0042743124
0,0,0.0036828103
0,0,0.005526554
0,0,0.003971632
0,0,0.003709998
0,0,0.0058597773
0,0,0.012801597
0,0,0.0047216844
0,0,0.004116555
0,0,0.0058400244
0,0,0.004123965
0,0,0.004548972
0,0,0.0063731507
0,0,0.0041394387
0,0,0.004752766
0,0,0.0057854634
0,0,0.0039686905
0,0,0.0038489467
0,0,0.04636293
0,0,0.004227653
0,0,0.0035746323
0,0,0.011349006
0,0,0.0066942237
0,0,0.03528547
0,0,0.0064809616
0,0,0.003567206
0,0,0.004804387
0,0,0.003613029
0,0,0.0037639868
0,0,0.0067392355
0,0,0.003965437
0,0,0.0043283505
0,0,0.0048261867
0,0,0.0037419293
0,0,0.0038343754
0,0,0.004339915
0,0,0.003643774
0,0,0.0040031136
0,0,0.012422305
0,0,0.005332448
0,0,0.016932517
0,0,0.006367597
0,0,0.004727981
0,0,0.003715063
0,0,0.0044843275
0,0,0.00380587
0,0,0.005999056
0,0,0.0046589053
0,0,0.0036269582
0,0,0.20953926
0,0,0.007238789
0,0,0.0036401905
0,0,0.0037331937
0,0,0.00398582
0,0,0.0043008397
0,0,0.0054502105
0,0,0.005607305
0,0,0.010329166
0,0,0.014998791
0,0,0.0036428792
0,0,0.0036165854
0,0,0.004110663
0,0,0.0047281827
0,0,0.0066207284
0,0,0.007375807
0,0,0.0039717867
0,0,0.0046604155
0,0,0.0036695057
0,0,0.003814532
0,0,0.0038944357
0,0,0.0043405513
0,0,0.005462087
0,0,0.0037700708
0,0,0.011807116
0,0,0.003968619
0,0,0.0043962877
0,0,0.0038573896
0,0,0.005200105
0,0,0.0036001564
0,0,0.010565188
0,0,0.0036401905
0,0,0.009265487
0,0,0.003761877
0,0,0.0044008167
0,0,0.008267746
0,0,0.034107227
0,0,0.011097967
0,0,0.0055120885
0,0,0.006814789
0,0,0.006174874
0,0,0.0057330537
0,0,0.0048624356
0,0,0.009293802
0,0,0.0054809297
0,0,0.0037131736
0,0,0.006935852
0,0,0.007518572
0,0,0.0046347026
0,0,0.003922138
0,0,0.0037865744
0,0,0.006132239
0,0,0.0051875175
0,0,0.0038129326
0,0,0.0045081787
0,0,0.015154109
0,0,0.0037736509
0,0,0.003890439
0,0,0.005404462
0,0,0.003920439
0,0,0.0039926954
0,0,0.0059072115
0,0,0.0037072126
0,0,0.003643774
0,0,0.003634835
0,0,0.003643774
0,0,0.006745216
0,0,0.00371626
0,0,0.004448344
0,0,0.003684886
0,0,0.00805582
0,0,0.0102778915
0,0,0.004268887
0,0,0.0038884731
0,0,0.0038103685
0,0,0.0039030265
0,0,0.004067765
0,0,0.003793841
0,0,0.0036667364
0,0,0.004186299
0,0,0.010508123
0,0,0.027890075
0,0,0.003573272
0,0,0.0042545586
0,0,0.003677845
0,0,0.0037420148
0,0,0.0038575798
0,0,0.0042411806
0,0,0.0116197
0,0,0.0035652912
0,0,0.004184123
0,0,0.008004861
0,0,0.02753479
0,0,0.003957801
0,0,0.0038237572
0,0,0.0042544818
0,0,0.005268941
0,0,0.003600781
0,0,0.0035713082
0,0,0.0046125446
0,0,0.0043005417
0,0,0.0079694595
0,0,0.0056061517
0,0,0.0068948437
0,0,0.011619278
0,0,0.0037864808
0,0,0.0035224156
0,0,0.004394249
0,0,0.0036382314
0,0,0.014576796
0,0,0.15634362
0,0,0.0036154275
0,0,0.0050204517
0,0,0.0076795584
0,0,0.01066644
0,0,0.0036199067
0,0,0.004719816
0,0,0.013154929
0,0,0.003674378
0,0,0.0051383874
0,0,0.0039270106
0,0,0.0037308892
0,0,0.03772213
0,0,0.0045112423
0,0,0.0036848898
0,0,0.009942256
0,0,0.004664733
0,0,0.0037202928
0,0,0.0035542042
0,0,0.011020169
0,0,0.003615998
0,0,0.01083916
0,0,0.004446186
0,0,0.0036276456
0,0,0.0041431123
0,0,0.003643774
0,0,0.0046401145
0,0,0.0045569246
0,0,0.004754613
0,0,0.017842053
0,0,0.004839833
0,0,0.005332448
0,0,0.009685645
0,0,0.0062295967
0,0,0.004408244
0,0,0.005973681
0,0,0.0039398395
0,0,0.005846376
0,0,0.0036237615
0,0,0.0037619346
0,0,0.025998645
0,0,0.0038554498
0,0,0.006446688
0,0,0.0037555208
0,0,0.0037536623
0,0,0.014195061
0,0,0.00534941
0,0,0.0061245486
0,0,0.0040529035
0,0,0.0052468195
0,0,0.0038050113
0,0,0.0039963187
0,1,0.5115924
0,0,0.0038860212
0,0,0.0070829815
0,0,0.02831492
0,0,0.004654896
0,0,0.0037760178
0,0,0.0038525846
0,0,0.008088698
0,0,0.0050480193
0,0,0.006454322
0,0,0.010410692
0,0,0.004907219
0,0,0.0038994688
0,0,0.004380521
0,0,0.0035988993
0,0,0.00483495
0,0,0.004143787
0,0,0.0037318391
0,0,0.004353252
0,0,0.011735097
0,0,0.008447524
0,0,0.0037874002
0,0,0.003668828
0,0,0.004336331
0,0,0.0036536304
0,0,0.008605462
0,0,0.0059878263
0,0,0.0034959023
0,0,0.003935983
0,0,0.007053121
0,0,0.012909501
0,0,0.003752056
0,0,0.008571628
0,0,0.0036986293
0,0,0.026510851
0,0,0.0035791225
0,0,0.0049690614
0,0,0.004553965
0,0,0.028850112
0,0,0.004385979
0,0,0.0073581035
0,0,0.0047113965
0,0,0.02948915
0,0,0.0037799377
0,0,0.0077846525
0,0,0.005941016
0,0,0.004428088
0,0,0.007477158
0,0,0.003661107
0,0,0.0074781915
0,0,0.0036758413
0,0,0.004156538
0,0,0.012105432
0,0,0.0060181655
0,0,0.0039339866
0,0,0.0036934353
0,0,0.00376658
0,0,0.12231237
0,0,0.0054053357
0,0,0.0038504568
0,0,0.0072088735
0,0,0.0039076493
0,0,0.0053044306
0,0,0.0055102017
0,0,0.0035956572
0,0,0.008363902
0,0,0.006248465
0,0,0.004001515
0,0,0.02917247
0,0,0.010432122
0,0,0.00605888
0,0,0.06660256
0,0,0.0038504568
0,0,0.0036773696
0,0,0.0074598137
0,0,0.003915114
0,0,0.0041337362
0,0,0.0039343904
0,0,0.004943635
0,0,0.004390279
0,0,0.0037787417
0,0,0.00389621
0,0,0.0041623213
0,0,0.005189543
0,0,0.0044661127
0,0,0.005155953
0,0,0.0055557676
0,0,0.0036025692
0,0,0.0064999238
0,0,0.004535432
0,0,0.0038453739
0,0,0.0038834123
0,0,0.004816278
0,0,0.0056459066
0,0,0.018821485
0,0,0.008363831
0,0,0.0038365216
0,0,0.0040815715
0,0,0.0047619906
0,0,0.0037478341
0,0,0.012643818
0,0,0.0041966685
0,0,0.0036428792
0,0,0.0044857394
0,0,0.0062179826
0,0,0.006288647
0,0,0.0063809156
0,0,0.05689773
0,0,0.0066153677
0,0,0.003797182
0,0,0.0037807475
0,0,0.0045426474
0,0,0.003700104
0,0,0.0036366312
0,0,0.0076723597
0,0,0.019197777
0,0,0.005318662
0,0,0.005084546
0,0,0.004389639
0,0,0.0036571005
0,0,0.0045799776
0,0,0.0038794556
0,0,0.0038781713
0,0,0.009871122
0,0,0.004374629
0,1,0.50429016
0,0,0.0044244947
0,0,0.006619856
0,0,0.00382158
0,0,0.0902631
0,0,0.0038255355
0,0,0.0035810221
0,0,0.003676872
0,0,0.004499052
0,0,0.003715711
0,0,0.0038104684
0,0,0.0071180346
0,0,0.004309658
0,0,0.0073678307
0,0,0.0045518987
0,0,0.004112485
0,0,0.017224953
0,0,0.0037085405
0,0,0.004490256
0,0,0.007586365
0,0,0.08693108
0,0,0.0071655363
0,0,0.005567324
0,0,0.0054390095
0,0,0.0040583736
0,0,0.003873641
0,0,0.00419613
0,0,0.0063523585
0,0,0.012790411
0,0,0.0052084164
0,0,0.0036247652
0,0,0.0055246437
0,0,0.005515726
0,0,0.0036091134
0,0,0.005184605
0,0,0.0041127093
0,0,0.006536942
0,0,0.005450632
0,0,0.0058355746
0,0,0.03532775
0,0,0.0040465207
0,0,0.0036852993
0,0,0.0257018
0,0,0.0045451666
0,0,0.004070733
0,0,0.008458975
0,0,0.003641119
0,0,0.0071952455
0,0,0.0035518087
0,0,0.0036197333
0,0,0.006134998
0,0,0.0051530628
0,0,0.0036540194
0,0,0.058983833
0,0,0.0039963624
0,0,0.0038714171
0,0,0.0036493978
0,0,0.007148215
0,0,0.0047174846
0,0,0.0062647085
0,0,0.003745561
0,0,0.0037327574
0,0,0.01433517
0,0,0.0041656587
0,0,0.003994163
0,0,0.0049535884
0,0,0.0047977963
0,0,0.0038347908
0,0,0.0064273626
0,0,0.0065575796
0,0,0.0047159847
0,0,0.003793913
0,0,0.016738925
0,0,0.003615998
0,0,0.005780033
0,0,0.0053620855
0,0,0.010187342
0,0,0.020205444
0,0,0.0057008807
0,0,0.0044452935
0,0,0.0035201148
0,0,0.0040442115
0,0,0.008399972
0,0,0.021232413
0,0,0.004000052
0,0,0.004069753
0,0,0.0036641108
0,0,0.0039412845
0,0,0.010625909
0,0,0.0047453977
0,0,0.00515906
0,0,0.0038494822
0,0,0.0049459366
0,0,0.0041936566
0,0,0.004422338
0,0,0.003531264
0,0,0.007634269
0,0,0.0043283505
0,0,0.003627344
0,0,0.0038666534
0,0,0.005688665
0,0,0.0037555208
0,0,0.004899518
0,0,0.010995335
0,0,0.020179905
0,0,0.010378916
0,0,0.006038271
0,0,0.0041852063
0,0,0.0091142915
0,0,0.005855687
0,0,0.004354021
0,0,0.0037607374
0,0,0.009194805
0,0,0.009001535
1,1,0.9969277
0,0,0.003505843
0,0,0.020794492
0,0,0.00623801
0,0,0.0071451226
0,0,0.0039736927
0,0,0.015890127
0,0,0.0044647567
0,0,0.0052885637
0,0,0.0035142777
0,0,0.0037644373
0,0,0.0041514686
0,0,0.0036629604
0,0,0.019161751
0,0,0.0041820356
0,0,0.0040594223
0,0,0.003617027
0,0,0.0037736348
0,0,0.0036401905
0,0,0.0035812533
0,0,0.004863308
0,0,0.011753941
0,0,0.0038132183
0,0,0.005555628
0,0,0.003479912
0,0,0.0070062103
0,0,0.004702548
0,0,0.01605843
0,0,0.013457915
0,0,0.004138633
0,0,0.0037882081
0,0,0.058476757
0,0,0.0036317036
0,0,0.013157133
0,0,0.004101103
0,0,0.013826681
0,0,0.004062585
0,0,0.016926145
0,0,0.009213675
0,0,0.004502751
0,0,0.003643774
0,0,0.008230546
0,0,0.007269013
0,0,0.004742352
0,0,0.003620113
0,0,0.0037741887
0,0,0.00429397
0,0,0.005533094
0,0,0.0047493945
0,0,0.0037396369
0,0,0.009119465
0,0,0.0049159424
0,0,0.0046566613
0,0,0.0037149733
0,0,0.0036704368
0,0,0.0036626
0,0,0.0037451787
0,0,0.005692251
0,0,0.0036836697
0,0,0.0047822343
0,0,0.005049253
0,0,0.005379669
0,0,0.003573272
0,0,0.0037555208
0,0,0.0040885126
0,0,0.0070927436
0,0,0.0036691972
0,0,0.0040121716
0,0,0.0037654352
0,0,0.0036719313
0,0,0.004043278
0,0,0.027661342
0,0,0.0037068143
0,0,0.10989603
0,0,0.0039567095
0,0,0.17245218
0,0,0.003905966
0,0,0.088298656
0,0,0.003763538
0,0,0.0037327574
0,0,0.0071400916
0,0,0.009605487
0,0,0.0036246788
0,0,0.00364137
0,0,0.0034268475
0,0,0.003970842
0,0,0.004770545
0,0,0.00413472
0,0,0.0052251252
0,0,0.007678188
0,0,0.0042128665
0,0,0.0071616187
0,0,0.0045873616
0,0,0.008847869
0,0,0.0037219631
0,0,0.0066953683
0,0,0.09973045
0,0,0.005401743
0,0,0.006035539
0,0,0.00361812
0,0,0.009587172
0,0,0.003526311
0,0,0.0040476355
0,0,0.004231268
0,0,0.003726374
0,0,0.0049636746
0,0,0.007450728
0,0,0.0060544135
0,0,0.0036701125
0,0,0.004854065
0,0,0.0063606016
0,0,0.008495319
0,0,0.006933416
0,0,0.008343977
0,0,0.0055889655
0,0,0.2560526
0,0,0.043531097
0,0,0.005730901
0,0,0.05704314
0,0,0.0071237185
0,0,0.0035317992
0,0,0.0050153164
0,0,0.004543976
0,0,0.0042349645
0,0,0.010454627
0,0,0.0043256083
0,0,0.0036543058
0,0,0.0055322913
0,0,0.003969703
0,0,0.0050259717
0,0,0.003812458
0,0,0.16372412
0,0,0.0040547056
