actual,predicted,probability
0,0,4.1176216e-05
0,0,4.063791e-06
0,0,5.45491e-06
0,0,9.910452e-05
0,0,0.0004178916
0,0,5.0919636e-05
0,0,0.004209407
0,0,3.775972e-05
0,0,2.7652493e-06
0,0,8.927275e-06
0,0,1.8029677e-05
0,0,6.6730136e-05
0,0,3.1322983e-05
0,0,0.00036450214
0,0,3.2567106e-05
0,0,2.1575104e-05
0,0,0.0012712955
0,0,0.00014254233
0,0,5.033805e-06
0,0,1.915946e-05
0,0,5.4386783e-05
0,0,1.8753823e-05
0,0,1.9780366e-05
0,0,9.848613e-05
0,0,3.5509288e-06
0,0,9.784564e-06
0,0,7.109621e-06
0,0,0.0039169514
0,0,3.920158e-05
0,0,1.529915e-05
0,0,1.1061064e-05
0,0,1.03493885e-05
0,0,4.4910903e-05
0,0,4.178583e-06
0,0,0.00016348013
0,0,0.00074831175
0,0,0.001564794
0,0,3.801067e-05
0,0,1.7665403e-05
0,0,4.0282444e-05
0,0,2.2860677e-05
0,0,0.00071447453
0,0,4.5844627e-05
0,0,0.00016846761
0,0,0.00014691407
0,0,6.858679e-06
0,0,9.28376e-05
0,0,6.802436e-06
0,0,6.9032353e-06
0,0,0.0002668422
0,0,6.3272337e-06
0,0,1.3082379e-05
0,0,3.106258e-05
0,0,0.001657414
0,0,7.4230746e-05
0,0,1.9823174e-05
0,0,6.380703e-06
0,0,1.8522915e-05
0,0,0.00032200062
0,0,8.394044e-06
0,0,1.0349259e-05
0,0,0.0014143148
0,0,0.00014296647
0,0,3.6755064e-05
0,0,3.576492e-05
0,0,1.44684445e-05
0,0,2.2133774e-05
0,0,2.6561247e-05
0,0,0.0001731983
0,0,7.592524e-05
0,0,2.9120602e-05
0,0,4.2736947e-06
0,0,2.4048517e-05
0,0,3.2682095e-05
0,0,4.019777e-06
0,0,0.0003209928
0,0,5.8149024e-05
0,0,2.577917e-05
0,0,9.753118e-05
0,0,3.135559e-05
0,0,0.00015049722
0,0,2.9588453e-05
0,0,2.3600644e-05
0,0,2.0228857e-05
0,0,0.0005707505
0,0,2.8516022e-06
0,0,2.5697533e-05
0,0,0.0006405285
0,0,1.0389923e-05
0,0,0.00044185988
0,0,3.1548298e-05
0,0,4.336744e-05
0,0,4.609257e-05
0,0,2.197079e-05
0,0,0.0004095294
0,0,0.00066364073
0,0,2.0566407e-05
0,0,0.00010582037
0,0,2.6855734e-05
0,0,2.037449e-05
0,0,3.0209874e-06
0,0,0.00021336529
0,0,1.0356457e-05
0,0,5.246442e-06
0,0,1.9048728e-05
0,0,2.3728218e-05
0,0,2.2684806e-06
0,0,0.00013389629
0,0,1.3358939e-05
0,0,1.2218366e-05
0,0,1.9605073e-05
0,0,3.5667574e-05
0,0,2.2189652e-05
0,0,7.833955e-06
0,0,0.00029592466
0,0,4.3229993e-06
0,0,2.468919e-05
0,0,0.035398174
0,0,5.0252962e-05
0,0,1.0199009e-05
0,0,8.501501e-05
0,0,2.4728042e-06
0,0,1.3234608e-05
0,0,1.3430282e-05
0,0,0.00011772797
0,0,8.0795566e-05
0,0,2.1831333e-05
0,0,2.634594e-06
0,0,0.00068265083
0,0,1.0631463e-05
0,0,1.2001073e-05
0,0,4.387916e-06
0,0,1.9849735e-05
0,0,1.223246e-05
0,0,3.3759056e-06
0,0,1.178016e-05
0,0,0.00018545141
0,0,0.00022216518
0,0,2.0516805e-05
0,0,0.00019344912
0,0,1.5557674e-05
0,0,0.011064175
0,0,0.00013306134
0,0,2.3396005e-05
0,0,5.3493215e-05
0,0,0.0001227236
0,0,3.791506e-05
0,0,0.00011379855
0,0,7.335466e-05
0,0,5.055488e-06
0,0,2.4900699e-05
0,0,8.687117e-06
0,0,1.0592693e-05
0,0,1.5448224e-05
0,0,2.3914865e-05
0,0,4.1701118e-05
0,0,0.00029738518
0,0,2.8289138e-05
0,0,2.8322234e-05
0,0,1.4366397e-05
0,0,1.2024146e-05
0,0,7.6331535e-06
0,0,3.952712e-05
0,0,0.00012822589
0,0,1.2034023e-05
0,0,1.2207079e-05
0,0,2.0106632e-05
0,0,0.0003367479
0,0,0.00011900882
0,0,2.3120529e-05
0,0,1.583625e-05
0,0,3.3086499e-06
0,0,3.1510444e-05
0,0,0.0016135782
0,0,3.279624e-05
0,0,3.0897754e-05
0,0,1.2414218e-05
0,0,4.3276883e-05
0,0,4.4369455e-05
0,0,0.00032770578
0,0,3.855812e-05
0,0,0.0008491582
0,0,0.00018358929
0,0,7.1840896e-06
0,0,5.9517497e-06
0,0,2.2815375e-05
0,0,1.6967144e-05
0,0,1.9683548e-05
0,0,6.353324e-06
0,0,2.3337687e-05
0,0,1.0276167e-05
0,0,5.229823e-05
0,0,6.6622495e-05
0,0,0.00018961904
0,0,2.384709e-05
0,0,1.7699567e-05
0,0,7.2072357e-06
0,0,0.00046601926
0,0,6.3282525e-05
0,0,0.00021261573
0,0,5.4684e-06
0,0,8.755901e-06
0,0,0.00017157939
0,0,8.670671e-06
0,0,3.3181874e-05
0,0,3.0190637e-05
0,0,2.8853488e-05
0,0,8.751034e-05
0,0,0.00024959087
0,0,2.4501875e-05
0,0,3.0239536e-05
0,0,5.439728e-07
0,0,8.205779e-05
0,0,5.3859305e-05
0,0,0.0004646961
0,0,0.023371195
0,0,0.00035870395
0,0,4.3143e-05
0,0,0.00014546422
0,0,2.0581886e-06
0,0,1.4322021e-06
0,0,0.0003828368
0,0,2.0455773e-05
0,0,5.659175e-06
0,0,1.4474062e-05
0,0,1.1776196e-05
0,0,2.0425752e-05
0,0,2.7065173e-06
0,0,0.00010390721
0,0,8.591803e-05
0,0,2.1773138e-05
0,0,3.175791e-05
0,0,8.999334e-06
0,0,1.5333257e-05
0,0,1.7838214e-05
0,0,3.975784e-05
0,0,1.4375524e-05
0,0,3.983302e-06
0,0,9.9687e-06
0,0,5.63151e-05
0,0,2.8190114e-05
0,0,1.8928235e-05
0,0,7.2196667e-06
0,0,3.809702e-06
0,0,0.00011201973
0,0,2.7465092e-05
0,0,0.00044328754
0,0,4.870441e-05
0,0,2.7226373e-05
0,0,0.0001296626
0,0,3.8691644e-05
0,0,0.00052395597
0,0,2.893405e-06
0,0,2.8703437e-06
0,0,2.7434387e-05
0,0,7.781609e-06
0,0,1.5224312e-05
0,0,9.099751e-05
0,0,6.928919e-06
0,0,1.3057214e-05
0,0,0.022451757
0,0,3.335662e-05
0,0,9.0275025e-06
0,0,7.751652e-05
0,0,0.0002520747
0,0,9.252163e-06
0,0,9.041428e-05
0,0,7.0646624e-06
0,0,1.7814005e-05
0,0,0.00034337217
1,1,0.6301752
0,0,3.05387e-05
0,0,1.2866459e-05
0,0,8.612702e-06
0,0,1.6720003e-05
0,0,7.503627e-06
0,0,6.0712566e-05
0,0,3.8915743e-05
0,0,3.054537e-05
0,0,2.2280026e-05
0,0,1.0147104e-05
0,0,0.0004015151
0,0,2.5239544e-05
0,0,1.0125287e-05
0,0,1.8415807e-05
0,0,5.6979487e-05
0,0,1.89768e-05
0,0,7.917943e-06
0,0,0.00046490078
0,0,3.8407397e-05
0,0,1.140742e-05
0,0,3.097074e-05
0,0,0.00011019554
0,0,2.9900388e-05
0,0,3.4803816e-06
0,0,0.0001538485
0,0,7.538446e-05
0,0,1.1369538e-05
0,0,6.2078194e-05
0,0,6.265951e-05
0,0,0.00045384176
0,0,2.804382e-05
0,0,8.243922e-06
0,0,9.2728515e-06
0,0,0.00062149233
0,0,0.0004420564
0,0,4.5141307e-05
0,0,0.00025546196
0,0,5.147156e-06
0,0,1.2699729e-05
0,0,0.0006356818
0,0,1.6784146e-05
0,0,2.4271802e-05
0,0,3.4151337e-05
0,0,3.5970046e-05
0,0,6.712647e-06
0,0,7.964502e-06
0,0,4.22828e-05
0,0,4.489133e-05
0,0,1.6524473e-05
0,0,0.019937301
0,0,2.7196376e-05
0,0,7.5032553e-06
0,0,0.00026204038
0,0,5.0872022e-05
0,0,1.4239178e-05
0,0,1.2018757e-05
1,1,0.99611
0,0,8.750617e-05
0,0,0.00019406175
0,0,6.0184662e-05
0,0,0.00039209225
0,0,6.894028e-05
0,0,3.719082e-05
0,0,0.0013165196
0,0,9.365234e-05
0,0,0.00013624586
0,0,2.153048e-05
0,0,1.8380786e-05
0,0,1.5692034e-05
0,0,2.8430042e-05
0,0,4.7356066e-06
0,0,0.00011233518
0,0,1.5000481e-05
0,0,1.5806527e-05
0,0,6.299267e-06
0,0,1.2202133e-05
0,0,4.151966e-05
0,0,2.3291419e-05
0,0,4.3624903e-05
0,0,0.000749755
0,0,1.6335262e-05
0,0,2.344084e-06
0,0,8.534423e-06
0,0,3.0287417e-06
0,0,4.2879754e-05
0,0,2.1065724e-05
0,0,0.0004253334
0,0,3.084747e-05
0,0,3.962812e-05
0,0,1.9685953e-05
0,0,1.4688258e-05
0,0,9.300206e-05
0,0,1.3377935e-05
0,0,6.0507823e-06
0,0,0.0010604261
0,0,1.5054711e-05
0,0,3.1651882e-06
0,0,2.3943505e-05
0,0,9.237722e-06
0,0,0.000112631635
0,0,9.930358e-06
0,0,3.7624427e-06
0,0,7.070633e-05
0,0,2.3496345e-06
0,0,0.0038836503
0,0,0.00010559256
0,0,8.297852e-05
0,0,2.7603512e-06
0,0,8.436257e-06
0,0,1.18816815e-05
0,0,1.7065013e-05
0,0,5.1883693e-05
0,0,1.771571e-05
0,0,7.624442e-05
0,0,3.9097642e-05
0,0,1.11502395e-05
0,0,0.0002677921
0,0,2.5308476e-05
0,0,0.00010792259
0,0,1.1106314e-05
0,0,4.198583e-05
0,0,7.80744e-06
0,0,9.2523595e-05
0,0,1.5814509e-06
0,0,0.02133755
0,0,0.00012868154
0,0,9.145736e-05
0,0,3.8903727e-06
0,0,6.799712e-06
0,0,0.00012461723
0,0,0.00022145777
0,0,2.988904e-05
0,0,2.581531e-05
0,0,2.102849e-05
0,0,0.00018578308
0,0,1.35105565e-05
0,0,0.00013422161
0,0,2.4684052e-06
0,0,0.0004394655
0,0,0.00032612254
0,0,6.0455244e-05
0,0,1.6581254e-05
0,0,6.682961e-05
0,0,2.3375485e-05
0,0,1.4129057e-05
0,0,0.00031489666
0,0,0.00020308356
0,0,2.3054656e-06
0,0,0.0006978442
0,0,0.00013153956
0,0,3.6775052e-06
0,0,1.1274898e-05
0,0,5.345772e-06
0,0,6.040672e-05
0,0,2.6839527e-05
0,0,0.0008143616
0,0,0.00012259951
0,0,4.5776607e-05
0,0,3.2153275e-05
0,0,3.4904086e-05
0,0,5.3647494e-05
0,0,8.978364e-05
0,0,0.0001708956
0,0,0.0011925106
0,0,8.542916e-06
0,0,6.042191e-07
0,0,1.0368237e-05
0,0,8.0158225e-06
0,0,1.3705318e-05
0,0,5.2561577e-06
0,0,0.0007904695
0,0,1.5730391e-05
0,0,7.33376e-05
0,0,5.799961e-05
0,0,1.4395527e-05
0,0,1.7917544e-05
0,0,0.00011993937
0,0,4.51367e-05
0,0,8.33608e-06
0,0,1.587611e-05
0,0,0.00037245746
0,0,0.00048096178
0,0,0.00010075781
0,0,9.269447e-06
0,0,6.389162e-05
0,0,5.0275826e-06
0,0,1.1633052e-05
0,0,1.140382e-05
0,0,4.557061e-06
0,0,0.006060549
0,0,6.2206027e-06
0,0,5.0592775e-05
0,0,9.448514e-05
0,0,2.5143472e-05
0,0,3.312847e-05
0,0,3.374811e-06
0,0,2.5185711e-05
0,0,1.9480596e-05
0,0,3.2811666e-05
0,0,0.00013066073
0,0,0.006091081
0,0,8.465609e-06
0,0,8.090919e-06
0,0,9.574002e-05
0,0,7.124148e-05
0,0,6.11977e-05
0,0,2.1597994e-05
0,0,0.00020694015
0,0,1.978995e-05
0,0,1.9713889e-06
0,0,6.415452e-05
0,0,2.1298704e-06
0,0,5.089534e-06
0,0,3.5902704e-05
0,0,2.6880125e-05
0,0,9.215856e-06
0,0,2.6239391e-05
0,0,1.1650228e-05
0,0,1.6023929e-05
0,0,3.1326927e-05
0,0,3.9564984e-05
0,0,1.1626386e-05
0,0,1.573162e-05
0,0,1.1278016e-05
0,0,6.376599e-05
0,0,1.6388267e-05
0,0,9.451767e-05
0,0,7.980098e-05
0,0,5.675292e-06
0,0,3.1369767e-05
0,0,7.371756e-06
0,0,3.0909247e-05
0,0,6.9500693e-06
0,0,0.00012109985
0,0,3.4255685e-05
0,0,1.2895672e-05
0,0,1.1706637e-05
0,0,4.2147185e-06
0,0,0.0011491046
0,0,5.3073207e-05
0,0,6.973041e-06
0,0,0.00047327718
0,0,8.503747e-05
0,0,5.9908376e-05
0,0,4.480856e-06
0,0,8.899478e-06
0,0,8.459024e-06
0,0,0.0001532919
0,0,0.00010384788
0,0,0.00035109048
0,0,6.54141e-06
0,0,3.382785e-05
0,0,2.491348e-06
0,0,8.670704e-06
0,0,0.00014417818
0,0,0.0022966277
0,0,1.7868962e-05
0,0,1.666159e-06
0,0,1.6804566e-05
0,0,9.839352e-06
0,0,5.8588234e-06
0,0,6.4997776e-06
0,0,1.6064736e-05
0,0,4.21565e-05
0,0,8.1826496e-05
0,0,2.3071367e-05
0,0,4.0935392e-05
0,0,0.00011012337
0,0,3.5691293e-05
0,0,2.5322866e-05
0,0,0.00018724136
0,0,0.000423731
0,0,7.334305e-05
0,0,7.611489e-05
0,0,7.147024e-06
0,0,0.00013979088
0,0,0.0007906206
0,0,8.153918e-06
0,0,0.00021987075
0,0,0.00020170782
0,0,0.0018183811
0,0,3.9359197e-06
0,0,5.9788063e-06
0,0,0.0002945668
0,0,0.00029459345
0,0,1.2469678e-05
0,0,1.2943526e-05
0,0,1.435132e-06
0,0,2.0048636e-05
0,0,1.990634e-05
0,0,1.1181482e-05
0,0,2.0274709e-05
0,0,7.976796e-05
0,0,3.5422094e-05
0,0,0.00021925822
0,0,0.00049949175
0,0,0.000110622364
0,0,1.2733116e-05
0,0,8.178239e-06
0,0,5.3638643e-05
0,0,1.4865732e-05
0,0,1.5673877e-05
0,0,7.059826e-06
0,0,2.2830718e-05
0,0,6.3659636e-06
0,0,2.1004578e-05
0,0,2.6739814e-05
0,0,3.8675303e-06
0,0,9.6738215e-05
0,0,8.402558e-06
0,0,9.8921635e-05
0,0,6.3622433e-06
0,0,1.1110276e-05
0,0,8.045068e-05
0,0,2.2419697e-05
0,0,3.859292e-05
0,0,6.901149e-06
0,0,0.000110965615
0,0,7.6864135e-06
0,0,1.7354203e-05
0,0,1.096851e-05
0,0,3.8533044e-06
0,0,1.0749132e-05
0,0,4.2789757e-06
0,0,1.5963178e-05
0,0,0.00012768147
0,0,5.535442e-05
0,0,6.9573443e-06
0,0,0.00026158607
0,0,6.0943494e-05
0,0,6.0223647e-05
0,0,0.000119045486
0,0,1.9456904e-05
0,0,1.5972133e-05
0,0,3.279047e-06
0,0,2.3328521e-05
0,0,7.1159498e-06
0,0,2.0233121e-05
0,0,2.0878144e-05
0,0,7.1494846e-06
0,0,3.4915272e-05
0,0,4.5325423e-06
0,0,1.0917238e-05
0,0,7.326613e-06
0,0,4.2992315e-06
0,0,0.00041006363
0,0,1.1886566e-05
0,0,2.2447188e-05
0,0,2.946956e-05
0,0,7.889985e-05
0,0,1.2999353e-05
0,0,0.00013628796
0,0,9.713172e-06
0,0,2.5933332e-05
0,0,3.4144523e-06
0,0,0.00010727456
0,0,0.00030133143
0,0,2.7197852e-05
0,0,1.2089651e-05
0,0,2.9193092e-05
0,0,3.162228e-05
0,0,3.2938342e-06
0,0,0.0006134342
0,0,5.0517333e-06
0,0,1.0263309e-06
0,0,4.2029533e-05
0,0,6.984988e-06
0,0,0.0009904371
0,0,1.6780657e-05
0,0,0.00011216691
0,0,4.916438e-06
0,0,7.971329e-05
0,0,0.0004049406
0,0,3.3926935e-05
0,0,7.921885e-06
0,0,1.0798223e-05
0,0,3.5513553e-05
0,0,3.6453428e-05
0,0,3.860334e-05
0,0,3.7703696e-05
0,0,1.1606878e-05
0,0,8.904946e-06
0,0,5.6926365e-05
0,0,4.2239157e-05
0,0,4.0880153e-05
0,0,4.4984798e-05
0,0,3.235197e-06
0,0,1.1919713e-05
0,0,3.883111e-05
0,0,0.00030343476
0,0,0.00013783826
0,0,5.5211447e-05
0,0,1.655149e-05
0,0,6.2202635e-05
0,0,2.7454302e-05
0,0,0.00040650278
0,0,1.1258039e-05
0,0,4.9423586e-05
0,0,0.00026827457
0,0,1.936662e-05
0,0,0.00013176151
0,0,1.25188035e-05
0,0,5.679114e-06
0,0,8.403824e-06
0,0,3.587399e-05
0,0,5.119814e-06
0,0,1.7392178e-05
0,0,0.0016359331
0,0,1.5532236e-05
0,0,2.6058426e-05
0,0,2.5077957e-06
0,0,4.5653014e-05
0,0,1.8709805e-05
0,0,3.7035414e-05
0,0,0.0001276362
0,0,5.530813e-06
0,0,2.7175765e-05
0,0,5.925099e-06
0,0,0.0003849275
0,0,2.5265314e-05
0,0,1.2553917e-05
0,0,4.103177e-05
0,0,3.961429e-06
0,0,6.0927396e-06
0,0,2.5822204e-05
0,0,0.00014313139
0,0,3.106424e-05
0,0,1.1558849e-05
0,0,0.0004980842
0,0,1.6984159e-05
0,0,0.00018373394
0,0,3.0925672e-05
0,0,0.00034729217
0,0,0.00013138061
0,0,1.8441626e-05
0,0,1.822914e-05
0,0,5.70393e-06
0,0,5.4816457e-05
0,0,5.642954e-06
0,0,0.00049150514
0,0,0.00017180221
0,0,1.5099801e-05
0,0,0.00017336584
0,0,0.0008947755
0,0,2.5500974e-06
0,0,0.00010954535
0,0,0.00012687827
0,0,1.1850392e-05
0,0,8.2293045e-06
0,0,5.1186034e-06
0,0,1.3544989e-05
0,0,0.00010728304
0,0,0.00023813266
0,0,3.426698e-06
0,0,1.9034764e-05
0,0,0.00014077767
0,0,0.000105080886
0,0,1.1410848e-05
0,0,1.5914067e-05
0,0,1.7211078e-05
0,0,1.1788758e-05
0,0,6.989449e-05
0,0,5.6144316e-05
0,0,0.0015540171
0,0,0.00033642576
0,0,4.7003232e-05
0,0,1.31954885e-05
0,0,1.687571e-05
0,0,0.0029867098
0,0,0.0062804646
0,0,1.7499355e-05
0,0,4.1792606e-05
0,0,0.0002825123
0,0,1.366013e-05
0,0,1.3513057e-05
0,0,1.3797749e-05
0,0,1.0693409e-05
0,0,2.7672262e-05
0,0,2.9011335e-05
0,0,6.61542e-05
0,0,3.6711168e-05
0,0,1.0587118e-05
0,0,3.2011776e-05
0,0,6.534919e-06
0,0,2.1632812e-05
0,0,0.006732756
0,0,0.00015446144
0,0,1.6454023e-05
0,0,1.4157353e-05
0,0,3.814197e-05
0,0,9.263598e-05
0,0,3.7435777e-05
0,0,1.9758363e-05
0,0,9.4282495e-06
0,0,3.326634e-05
0,0,2.7590286e-05
0,0,2.552084e-05
0,0,1.2024902e-05
0,0,2.6030235e-05
0,0,6.123431e-05
0,0,1.055038e-05
0,0,0.0001157827
0,0,1.7588614e-05
0,0,2.3283335e-05
0,0,1.0804321e-05
0,0,1.212267e-05
0,0,0.00013478388
0,0,0.00015073922
0,0,3.667198e-05
0,0,0.00013342217
0,0,0.00014082681
0,0,0.00016851549
0,0,5.6637055e-05
0,0,0.0007171086
0,0,0.00036708213
0,0,1.1822421e-05
0,0,0.00061689806
0,0,2.5127629e-05
0,0,3.5609322e-05
0,0,0.00043903696
0,0,0.0001645875
0,0,5.9424678e-05
0,0,0.0010461166
0,0,0.000118453056
0,0,4.8963197e-05
0,0,8.085613e-06
0,0,3.3760052e-06
0,0,0.0001124119
0,0,7.4976524e-05
0,0,8.294648e-05
0,0,0.000254304
0,0,5.319765e-05
0,0,0.0008353322
0,0,0.00023191073
0,0,3.8027385e-05
0,0,3.0762687e-05
0,0,4.0809806e-05
0,0,7.955689e-06
0,0,0.0003875827
0,0,1.5612815e-05
0,0,5.7670613e-06
0,0,2.083552e-05
0,0,0.0007269404
0,0,0.00022028455
0,0,3.9007817e-05
0,0,0.00033052405
0,0,1.626331e-05
0,0,1.6672888e-05
0,0,2.5357689e-05
0,0,1.8768511e-05
0,0,4.110932e-05
0,0,2.2569451e-05
0,0,4.4536904e-05
0,0,6.084356e-05
0,0,1.5528429e-05
0,0,4.810893e-05
0,0,1.4481337e-05
0,0,5.6711315e-06
0,0,5.876523e-05
0,0,0.000100721496
0,0,8.4280955e-06
0,0,1.6207292e-05
0,0,0.00014154005
0,0,2.8106067e-06
0,0,6.6221164e-06
0,0,3.5058792e-06
0,0,4.1377676e-05
0,0,0.00027446775
0,0,4.2700526e-06
0,0,1.3112956e-05
0,0,0.00026368946
0,0,8.749357e-05
0,0,1.5057151e-05
0,0,6.362149e-05
0,0,7.546175e-06
0,0,7.5472544e-06
0,0,2.4842731e-05
0,0,3.368932e-05
0,0,7.2470946e-05
0,0,2.6853426e-05
0,0,3.0647698e-05
0,0,8.519315e-05
0,0,2.569731e-05
0,0,1.0223832e-05
0,0,1.6378033e-05
0,0,5.1589548e-05
0,0,1.3538856e-05
0,0,0.000102375096
0,0,3.282819e-05
0,0,1.047305e-05
0,0,3.2077904e-05
0,0,3.870157e-05
0,0,7.84496e-06
0,0,6.4159167e-06
0,0,0.0005569636
0,0,2.4902267e-06
0,0,3.6246034e-05
0,0,0.0014889395
0,0,2.5253628e-05
0,0,3.1331765e-05
0,0,6.74077e-05
0,0,2.053219e-05
0,0,6.887686e-05
0,0,1.9247163e-05
0,0,3.1664888e-05
0,0,5.4356183e-06
0,0,6.0650134e-05
0,0,6.6946764e-06
0,0,1.0928645e-05
0,0,7.868907e-06
0,0,8.217854e-06
0,0,0.00023176684
0,0,8.0741804e-05
0,0,1.5331676e-05
0,0,1.3565273e-05
0,0,2.5848714e-05
0,0,2.4485968e-05
0,0,3.1209558e-05
0,0,0.00021955151
0,0,8.527597e-05
0,0,5.6353885e-05
0,0,1.11458385e-05
0,0,4.875606e-06
0,0,0.0001417936
0,0,0.0002758779
0,0,1.799553e-05
0,0,8.4043466e-05
0,0,1.5676957e-05
0,0,4.3068434e-05
0,0,0.00014989414
0,0,6.1275096e-06
0,0,3.660947e-06
0,0,0.00031936096
0,0,4.8222932e-06
0,0,1.7286167e-05
0,0,0.00028707707
0,0,1.4959953e-05
0,0,6.3096986e-06
0,0,0.00017061523
0,0,3.0316889e-05
0,0,2.865236e-05
0,0,8.765167e-06
0,0,1.5792288e-05
0,0,0.00041319887
0,0,3.5726475e-06
0,0,4.2425178e-05
0,0,1.8336354e-05
0,0,4.8815913e-05
0,0,1.6530463e-06
0,0,3.6089787e-05
0,0,7.5672115e-06
0,0,0.00034667028
0,0,0.0010270703
0,0,2.4650348e-05
0,0,1.903578e-05
0,0,9.956814e-06
0,0,2.3232344e-05
0,0,8.7997025e-05
0,0,1.1564296e-05
0,0,1.1961196e-05
0,0,2.226624e-05
0,0,5.636437e-05
0,0,7.0943415e-06
0,0,1.9491448e-05
0,0,0.0012345032
0,0,6.130898e-05
0,0,4.0488208e-06
0,0,0.00018625843
0,0,0.00028344523
0,0,0.00020867646
0,0,0.002827138
0,0,6.578348e-05
0,0,4.571046e-06
0,0,5.1017043e-05
0,0,0.00020665543
0,0,6.291942e-06
0,0,2.5594445e-05
0,0,3.414958e-05
0,0,1.0914115e-05
0,0,3.0233048e-05
0,0,8.687059e-06
0,0,0.0007530037
0,0,2.413725e-05
0,0,1.5751826e-05
0,0,6.4856744e-05
0,0,0.00016324867
0,0,7.418886e-05
0,0,4.0855834e-06
0,0,1.33904705e-05
0,0,8.458981e-05
0,0,3.2284133e-05
0,0,2.1114838e-05
0,0,5.808874e-06
0,0,6.793655e-05
0,0,1.7999997e-06
0,0,0.000101268124
0,0,1.8206001e-05
0,0,1.1215047e-05
0,0,1.1174883e-05
0,0,1.1779879e-05
0,0,1.4942956e-05
0,0,2.0446332e-05
0,0,0.0001072942
0,0,1.490207e-05
0,0,3.3076285e-05
0,0,2.0161913e-05
0,0,1.8030434e-05
0,0,1.065108e-05
0,0,3.8116334e-05
0,0,0.0008820745
0,0,6.147808e-06
0,0,1.4636743e-05
0,0,1.9380996e-05
0,0,7.9427075e-05
0,0,1.559823e-05
0,0,0.00012028549
0,0,3.6912108e-05
0,0,0.00024925984
0,0,8.331335e-06
0,0,0.00024961136
0,0,0.00014821434
0,0,4.787246e-05
0,0,5.8331472e-05
0,0,9.017856e-06
0,0,5.17017e-06
0,0,1.7124044e-05
0,0,5.7754605e-05
0,0,0.008131463
0,0,2.2608509e-05
0,0,7.995149e-06
0,0,3.0540417e-05
0,0,8.014767e-05
0,0,9.052046e-06
0,0,5.7671725e-05
0,0,5.134081e-06
0,0,2.1650478e-05
0,0,1.2905059e-05
0,0,5.1119358e-05
0,0,0.0016865451
0,0,8.134485e-06
0,0,1.853311e-05
0,0,0.00013805319
0,0,3.375615e-05
0,0,0.000105435196
0,0,1.6570188e-05
0,0,6.322842e-06
0,0,0.00016384046
0,0,9.761898e-06
0,0,1.7536091e-06
0,0,5.2414212e-05
0,0,9.315357e-05
0,0,7.861424e-05
0,0,1.8291292e-05
0,0,1.6095008e-05
0,0,3.2271237e-05
0,0,2.1738408e-05
0,0,9.827264e-06
0,0,1.6826649e-05
0,0,6.550779e-05
0,0,5.5892542e-05
0,0,3.5997462e-05
0,0,7.020202e-06
0,0,0.0001246794
0,0,3.7682956e-05
0,0,4.621757e-05
0,0,7.706142e-06
0,0,5.2000792e-05
0,0,4.2423962e-05
0,0,0.0003743141
0,0,0.00033961894
0,0,1.7060782e-05
0,0,0.0008163102
0,0,1.6191332e-05
0,0,0.00285937
0,0,7.3938854e-06
0,0,0.0002695619
0,0,0.0002267552
0,0,0.00011532717
0,0,0.00014647597
0,0,0.0002095062
0,0,0.0004774309
0,0,5.3253232e-05
0,0,1.181656e-05
0,0,1.5558492e-06
0,0,0.007074676
0,0,7.927785e-05
0,0,3.788944e-06
0,0,2.5081854e-05
0,0,0.00068346004
0,0,4.3904947e-05
0,0,0.0006397674
0,0,1.1472322e-05
0,0,2.08841e-05
0,0,0.00024661628
0,0,4.2683965e-05
0,0,0.00011245199
0,0,2.1868009e-05
0,0,6.5982014e-05
0,0,7.485194e-05
0,0,9.457724e-06
0,0,0.00055480556
0,0,3.2518165e-05
0,0,3.001598e-05
0,0,0.00016110309
0,0,3.8752387e-05
0,0,0.0002646526
0,0,9.6668655e-06
0,0,9.347281e-06
0,0,0.00044054995
0,0,2.4146852e-05
0,0,7.735731e-05
0,0,4.0013827e-05
0,0,1.3543749e-05
0,0,2.6393183e-05
0,0,1.4781577e-05
0,0,1.5950776e-05
0,0,1.3469711e-05
0,0,2.886581e-06
0,0,5.365297e-05
0,0,7.880652e-06
0,0,1.8033203e-05
0,0,1.377646e-05
0,0,7.87098e-05
0,0,0.0013169209
0,0,5.1674247e-06
0,0,0.00010189047
0,0,4.7891945e-06
0,0,5.3182794e-05
0,0,1.0446675e-05
0,0,0.0002608986
0,0,1.9190109e-05
0,0,0.00019262015
0,0,0.00033485048
0,0,1.0929416e-05
0,0,3.8237995e-06
0,0,7.7878085e-06
0,0,1.3664521e-05
0,0,6.303456e-06
0,0,7.5845937e-06
0,0,7.300831e-05
0,0,1.3912975e-06
0,0,1.9352941e-05
0,0,7.930374e-06
0,0,1.5640237e-05
0,0,1.3548168e-05
0,0,3.3072e-05
0,0,2.8204045e-06
0,0,8.049107e-06
0,0,4.4793876e-05
0,0,0.00034072465
0,0,3.2674678e-05
0,0,0.00040870282
0,0,0.00024346348
0,0,1.4316764e-05
0,0,2.4729225e-05
0,0,1.4383451e-05
0,0,7.778708e-06
0,0,8.48051e-06
0,0,8.372937e-06
0,0,4.456314e-06
0,0,9.889033e-05
0,0,6.2132625e-05
0,0,4.6706837e-06
0,0,0.00055603293
0,0,0.0020468633
0,0,8.835682e-05
0,0,3.624064e-05
0,0,0.00013280896
0,0,1.637163e-05
0,0,9.04762e-05
0,0,1.3469711e-05
0,0,2.0929498e-05
0,0,3.6289057e-05
0,0,0.0006974968
0,0,1.2111068e-05
0,0,0.0002853794
0,0,1.7595006e-05
0,0,1.0149699e-05
0,0,4.8745787e-06
0,0,0.0005034752
0,0,0.00011495519
0,0,0.000112206486
0,0,2.2135251e-05
0,0,1.1775881e-05
0,0,1.0912523e-05
0,0,0.00012236592
0,0,7.4857504e-05
0,0,1.3702914e-05
0,0,0.00015727362
0,0,0.0006716464
0,0,5.522214e-05
0,0,0.00013345818
0,0,4.6168457e-06
0,0,3.1370724e-05
0,0,4.0821596e-06
0,0,4.1512412e-05
0,0,4.7540536e-05
0,0,1.6485217e-05
0,0,0.000117655036
0,0,4.606651e-05
0,0,3.8295304e-05
0,0,5.309067e-05
0,0,0.00046286054
0,0,4.752689e-05
0,0,1.757815e-05
0,0,6.971317e-05
0,0,7.973843e-06
0,0,1.2940292e-05
0,0,0.00024887492
0,0,1.7161743e-05
0,0,3.405933e-05
0,0,6.0522212e-05
0,0,4.5334233e-05
0,0,1.232519e-05
1,0,0.05205961
0,0,6.1759565e-06
0,0,0.00024997265
0,0,1.2736504e-05
0,0,6.375437e-05
0,0,0.00011084452
0,0,2.116312e-05
0,0,7.234797e-05
0,0,1.8466422e-05
0,0,8.881891e-05
0,0,1.2290156e-05
0,0,2.6467209e-05
0,0,1.4192055e-05
0,0,0.00034268296
0,0,4.1295934e-06
0,0,3.6129837e-05
0,0,8.206772e-06
0,0,0.000106643216
0,0,1.2196199e-05
0,0,1.2421384e-05
0,0,7.546103e-06
0,0,1.2082954e-05
0,0,1.2339928e-05
0,0,0.0017103334
0,0,7.364034e-05
0,0,5.761641e-06
0,0,1.797877e-05
0,0,0.0065353164
0,0,5.756024e-05
0,0,5.8181718e-06
0,0,1.0647139e-05
0,0,1.0531009e-05
0,0,3.0147856e-05
0,0,1.7668755e-05
0,0,1.6879381e-05
0,0,5.743039e-06
0,0,9.404416e-06
0,0,0.00031210927
0,0,0.0001952239
0,0,5.9520127e-05
0,0,4.8235077e-05
0,0,7.359653e-06
0,0,4.1637144e-05
0,0,0.00010716873
0,0,7.386251e-05
0,0,5.4365146e-06
0,0,0.00023015117
0,0,6.0009235e-05
0,0,1.743055e-05
0,0,0.00016022022
0,0,3.1943768e-05
0,0,2.4573574e-05
0,0,1.3492454e-05
0,0,6.841341e-05
0,0,2.8796174e-05
0,0,1.5641225e-06
0,0,2.4166595e-05
0,0,0.0001629973
0,0,0.00022778318
0,0,7.8312856e-05
0,0,2.7131431e-05
0,0,0.00014906829
0,0,1.1919634e-05
0,0,0.00016084184
0,0,3.8185935e-05
0,0,1.4025857e-05
0,0,8.674434e-06
0,0,0.0007741204
0,0,4.3730073e-05
0,0,3.108098e-05
0,0,1.9817826e-05
0,0,4.489133e-05
0,0,2.8963761e-05
0,0,5.0084513e-05
0,0,3.535534e-05
0,0,3.638442e-05
0,0,4.5608933e-05
0,0,1.5785092e-05
0,0,3.7504633e-05
0,0,3.088394e-05
0,0,1.341111e-05
0,0,8.075163e-06
0,0,0.00085202174
0,0,3.3367727e-05
0,0,4.0588957e-06
0,0,0.0007864753
0,0,5.3254994e-06
0,0,1.7121953e-05
0,0,1.3847681e-05
0,0,0.00025709465
0,0,2.475171e-05
0,0,6.442699e-06
0,0,5.8656395e-05
0,0,0.001001458
0,0,1.7031081e-05
0,0,2.375181e-05
0,0,0.00018988755
0,0,5.4510987e-05
0,0,1.3700731e-05
0,0,8.494659e-06
0,0,3.0032359e-05
0,0,0.00020737214
0,0,2.0932955e-06
0,0,3.9473933e-05
0,0,3.223891e-05
0,0,7.519692e-05
0,0,3.7371286e-05
0,0,2.3156652e-05
0,0,4.7213925e-05
0,0,5.5460932e-06
0,0,4.5111658e-05
0,0,9.876363e-06
0,0,5.8988476e-06
0,0,9.70992e-05
0,0,0.00056488544
0,0,0.0010882511
0,0,3.6590096e-05
0,0,5.6595265e-05
0,0,3.359362e-05
0,0,5.4190964e-06
0,0,0.00032444514
0,0,8.14647e-05
0,0,0.00017463873
0,0,1.5355177e-05
0,0,4.972736e-06
0,0,1.6115633e-05
0,0,0.00011580522
0,0,0.015992412
0,0,0.0003584662
0,0,0.00023677472
0,0,2.3291419e-05
0,0,5.8790733e-06
0,0,0.00024439098
0,0,9.290562e-05
0,0,1.2027067e-06
0,0,1.3143932e-05
0,0,2.5369784e-05
0,0,1.2173355e-05
0,0,4.190227e-05
0,0,1.5989682e-06
0,0,8.136495e-06
0,0,4.438047e-06
0,0,0.00017860172
0,0,0.00011829806
0,0,1.2405177e-05
0,0,0.00012753108
0,0,3.9719984e-05
0,0,5.8350415e-06
0,0,6.746448e-05
0,0,3.098081e-05
0,0,3.2106855e-05
0,0,2.33508e-05
0,0,0.0011263818
0,0,9.718313e-05
0,0,6.956568e-05
0,0,4.7575836e-06
0,0,1.3366254e-05
0,0,8.262813e-06
0,0,8.2157225e-05
0,0,2.274837e-05
0,0,9.6810836e-05
0,0,1.5730391e-05
0,0,0.00010579525
0,0,0.00012119135
0,0,4.6254652e-05
0,0,7.347298e-05
0,0,0.000113832204
0,0,5.2862993e-06
0,0,6.345353e-05
0,0,9.996566e-06
0,0,2.1704807e-05
0,0,0.00023391892
0,0,0.00075948925
0,0,0.000105932435
0,0,2.6461961e-05
0,0,1.3965834e-05
0,0,0.0016328037
0,0,0.0007884744
0,0,0.00020726126
0,0,2.3646782e-05
0,0,1.0025111e-05
0,0,1.29629325e-05
0,0,2.4259974e-05
0,0,2.5398156e-05
0,0,3.5979801e-06
0,0,0.00012146392
0,0,0.00012542539
0,0,1.331422e-05
0,0,0.0009480006
0,0,7.677329e-05
0,0,0.0008060933
0,0,1.6726526e-05
0,0,0.00010876419
0,0,1.5671201e-05
0,0,1.5746165e-05
0,0,1.3386449e-05
0,0,1.4106263e-05
0,0,9.341305e-05
0,0,5.5236513e-05
0,0,5.2157826e-05
0,0,4.224705e-05
0,0,1.1010189e-05
0,0,0.00023389753
0,0,1.0346565e-05
0,0,0.00011798916
0,0,7.1991955e-05
0,0,1.0157077e-05
0,0,0.0010121757
0,0,4.3624612e-05
0,0,5.7409543e-05
0,0,2.4735543e-06
0,0,1.331478e-05
0,0,6.7420497e-06
0,0,0.00020279158
0,0,2.2469183e-05
0,0,0.0005456302
0,0,1.744224e-05
0,0,4.3851764e-05
0,0,1.4210202e-05
0,0,4.9233775e-05
0,0,3.7262747e-05
0,0,0.0016334787
0,0,1.0165323e-05
0,0,1.6574171e-05
0,0,6.986324e-05
0,0,8.400213e-05
0,0,6.927485e-06
0,0,3.5090383e-05
0,0,3.7992693e-05
0,0,9.680964e-05
0,0,6.240839e-05
0,0,9.544358e-05
0,0,6.630724e-06
0,0,0.0032530124
0,0,6.7458626e-05
0,0,1.3908496e-05
0,0,7.93236e-05
0,0,4.2876934e-05
0,0,6.081403e-05
0,0,1.5676404e-05
0,0,1.4650807e-05
0,0,1.2614005e-05
0,0,6.9422334e-05
0,0,1.7233644e-05
0,0,1.52557195e-05
0,0,1.6522865e-05
0,0,7.646401e-05
0,0,3.4242448e-06
0,0,1.0445868e-05
0,0,4.6514924e-05
0,0,7.925412e-05
0,0,1.0539769e-05
0,0,6.802458e-05
0,0,3.701165e-05
0,0,1.2971057e-05
0,0,7.9630394e-05
0,0,9.246035e-05
0,0,7.8725796e-05
0,0,1.4852781e-05
0,0,8.358665e-06
0,0,4.7842095e-06
0,0,4.144149e-05
0,0,3.5782083e-05
0,0,3.1213192e-05
0,0,5.4777578e-05
0,0,1.05127065e-05
0,0,6.39466e-05
0,0,1.4982424e-05
0,0,6.6093606e-05
0,0,0.00020816791
0,0,4.021466e-05
0,0,9.1847e-06
0,0,1.866956e-05
0,0,2.4723025e-05
0,0,2.6096126e-05
0,0,2.6752336e-05
0,0,0.00010201725
0,0,1.1874262e-05
0,0,1.1488044e-05
0,0,5.162798e-05
0,0,1.4097522e-05
0,0,1.4733867e-05
0,0,0.00012147769
0,0,6.5350196e-06
0,0,9.585878e-05
0,0,2.5601394e-06
0,0,1.1668863e-05
0,0,8.06602e-06
0,0,0.024307732
0,0,3.5684996e-05
0,0,3.3981903e-06
0,0,6.6222046e-06
0,0,8.9661135e-06
0,0,9.8540804e-05
0,0,1.4994917e-05
0,0,0.001030753
0,0,1.8472674e-05
0,0,1.2395906e-05
0,0,1.4297211e-05
0,0,4.4429707e-05
0,0,0.00018726243
0,0,2.576838e-05
0,0,9.975618e-05
0,0,5.479273e-05
0,0,0.00015032526
0,0,2.8866332e-06
0,0,0.0001324508
0,0,1.5343905e-05
0,0,1.592143e-05
0,0,9.034507e-05
0,0,3.99827e-05
0,0,2.91708e-05
0,0,0.00015184093
0,0,1.1694386e-05
0,0,1.586311e-05
0,0,0.00016992538
0,0,0.0011715435
0,0,0.000112291054
0,0,0.00026517492
0,0,2.7890115e-05
0,0,6.8204363e-06
0,0,3.3216122e-06
0,0,0.00024841927
0,0,4.4275537e-05
0,0,1.5930056e-05
0,0,1.1319684e-05
0,0,7.908335e-05
0,0,3.4254244e-05
0,0,8.568827e-05
0,0,6.0261236e-06
0,0,1.1046736e-06
0,0,3.2724758e-05
0,0,0.0022901306
0,0,9.762009e-06
0,0,6.144509e-06
0,0,1.7448463e-05
0,0,0.00017156696
0,0,2.08705e-05
0,0,0.0002534503
0,0,3.2886644e-06
0,0,5.502648e-05
0,0,4.8295788e-05
0,0,3.213467e-05
0,0,2.2129194e-05
0,0,3.552375e-05
0,0,7.93975e-06
0,0,3.75604e-05
0,0,3.0423851e-05
0,0,0.00029609908
0,0,0.00013379648
0,0,0.0004932581
0,0,5.0959858e-05
0,0,0.002136387
0,0,0.00015643978
0,0,4.7411955e-05
0,0,7.4047355e-05
0,0,3.842981e-06
0,0,0.00039700398
0,0,4.5321434e-05
0,0,2.6000985e-06
0,0,3.7150552e-05
0,0,1.3690584e-05
0,0,9.300023e-06
0,0,0.00062739226
0,0,0.00030457383
0,0,1.9186926e-05
0,0,3.4988436e-05
0,0,0.00011628491
0,0,5.2000443e-05
0,0,0.00032169407
0,0,1.2383995e-05
0,0,2.4881092e-06
0,0,1.3824735e-05
0,0,1.8743523e-05
0,0,4.948575e-06
0,0,6.752622e-06
0,0,6.19299e-05
0,0,0.00023377848
0,0,5.0931803e-06
0,0,4.2414053e-05
0,0,1.0114372e-05
0,0,4.1380597e-05
0,0,5.666774e-05
0,0,1.0363363e-05
0,0,2.2952165e-06
0,0,2.8057355e-05
0,0,6.7026936e-06
0,0,2.1212805e-05
0,0,0.0028382689
0,0,6.419748e-06
0,0,5.7560846e-05
0,0,6.195719e-06
0,0,0.00015558663
0,0,5.306332e-06
0,0,6.143811e-06
0,0,2.871295e-05
0,0,0.0012861027
0,0,3.4323105e-06
0,0,1.4008159e-05
0,0,0.0002419863
0,0,0.0003580142
0,0,1.3004127e-05
0,0,6.476484e-05
0,0,6.67045e-05
0,0,1.8085888e-05
0,0,2.9300752e-05
0,0,2.2567294e-06
0,0,7.774696e-06
0,0,1.9635554e-05
0,0,2.0917703e-05
0,0,1.900007e-05
0,0,2.485003e-05
0,0,0.00010699147
0,0,0.00024291675
0,0,0.00013936659
0,0,1.4182488e-05
0,0,1.43890065e-05
0,0,2.99298e-05
0,0,0.00011759066
0,0,0.00027611945
0,0,7.51065e-06
0,0,2.2281194e-05
0,0,5.886322e-06
0,0,4.7910547e-05
0,0,0.00014932764
0,0,2.1861335e-05
0,0,1.0084447e-05
0,0,0.00031500385
0,0,1.7410697e-05
0,0,2.7236681e-05
0,0,5.381732e-06
0,0,4.4473963e-05
0,0,1.642607e-05
0,0,2.3381774e-05
0,0,0.00022053758
0,0,3.6513234e-06
0,0,3.479498e-05
0,0,3.095237e-05
0,0,5.5444643e-06
0,0,6.4249725e-06
0,0,2.3349576e-05
0,0,0.00015212307
0,0,6.5601685e-05
0,0,2.3708946e-05
0,0,0.00029065175
0,0,9.730194e-06
0,0,1.7685983e-05
0,0,0.00029601695
0,0,0.00015650693
0,0,2.4673915e-05
0,0,5.7735438e-06
0,0,2.0130692e-05
0,0,6.8270615e-06
0,0,0.00012541523
0,0,5.1048188e-05
0,0,5.176913e-05
0,0,1.8707147e-05
0,0,3.2647308e-06
0,0,0.00041651732
0,0,7.2459534e-06
0,0,8.279007e-06
0,0,0.00012896309
0,0,9.5587675e-05
0,0,7.187877e-05
0,0,0.00016254008
0,0,9.254407e-05
0,0,1.5056691e-05
0,0,4.6326695e-05
0,0,9.461712e-06
0,0,8.4816136e-05
0,0,5.8046142e-05
0,0,0.00016652141
0,0,4.7395544e-05
0,0,1.6444266e-05
0,0,1.760412e-05
0,0,0.0001357052
0,0,2.0974794e-05
0,0,1.7090844e-05
0,0,8.12984e-06
0,0,1.4980409e-05
0,0,0.00029428888
0,0,0.0005761094
0,0,5.4636203e-05
0,0,7.1287825e-05
0,0,0.00042042127
0,0,4.0419585e-05
0,0,0.00011543136
0,0,7.393185e-05
0,0,0.00011225872
0,0,0.00014901442
0,0,0.0003793303
0,0,3.053232e-05
0,0,0.0003215613
0,0,0.00065047917
0,0,0.00021569652
0,0,0.00018292005
0,0,0.00021999133
0,0,1.7519407e-05
0,0,2.1221911e-05
0,0,9.429715e-06
0,0,0.00033822923
0,0,8.505715e-06
0,0,2.7628846e-06
0,0,7.40014e-05
0,0,0.000100389625
0,0,1.1533557e-05
0,0,2.0984719e-05
0,0,4.2216925e-05
0,0,1.7967121e-06
0,0,4.2963133e-05
0,0,2.615086e-05
0,0,1.6125212e-05
0,0,1.9958443e-05
0,0,0.00013605943
0,0,1.18058815e-05
0,0,3.4908028e-06
0,0,1.9104635e-05
0,0,6.633108e-05
0,0,3.3643828e-05
0,0,0.00050894904
0,0,1.9465702e-05
0,0,7.296906e-05
0,0,7.5408657e-06
0,0,0.0001536702
0,0,1.24657545e-05
0,0,0.0001358923
0,0,4.968131e-05
0,0,0.00011676804
0,0,1.6206255e-05
0,0,0.0003117518
0,0,1.7173792e-05
0,0,0.00021157305
0,0,4.9236125e-05
0,0,9.435031e-06
0,0,1.3051188e-05
0,0,8.478617e-06
0,0,0.0009275784
0,0,4.6012283e-06
0,0,8.5619904e-05
0,0,4.3189437e-05
0,0,2.6831209e-05
0,0,1.5296335e-05
0,0,5.590427e-05
0,0,0.0004753989
0,0,1.9594549e-05
0,0,4.585363e-05
0,0,0.0002377384
0,0,8.871887e-06
0,0,4.1105635e-05
0,0,0.00018083074
0,0,9.748147e-06
0,0,5.6297755e-05
0,0,1.5644579e-05
0,0,1.7909088e-05
0,0,1.4514091e-05
0,0,1.9401597e-05
0,0,5.252389e-05
0,0,3.2583048e-06
0,0,0.00010073062
0,0,1.3309294e-05
0,0,1.1713394e-05
0,0,2.8148073e-05
0,0,6.215526e-05
0,0,4.663729e-05
0,0,3.39337e-05
0,0,1.8311066e-05
0,0,0.0014823045
0,0,4.3177583e-06
0,0,1.25788565e-05
0,0,2.1045382e-05
0,0,6.417661e-05
0,0,0.00010666854
0,0,7.110567e-05
0,0,5.6860015e-05
0,0,2.9505031e-06
0,0,9.355372e-05
0,0,7.9176325e-06
0,0,1.4732137e-05
0,0,4.4713597e-05
0,0,5.627127e-06
0,0,3.6793885e-05
0,0,3.5265097e-05
0,0,4.28232e-05
0,0,1.5716834e-05
0,0,7.279843e-05
0,0,8.862382e-06
0,0,9.260515e-05
0,0,1.88211e-05
0,0,5.381809e-06
0,0,0.00010428769
0,0,2.8594626e-05
0,0,3.1860836e-05
0,0,3.7595088e-05
0,0,7.241934e-05
0,0,1.4995876e-05
0,0,4.4329713e-06
0,0,4.111657e-05
0,0,1.6241656e-05
0,0,4.47133e-05
0,0,2.6508107e-05
0,0,9.871457e-06
0,0,2.2364367e-05
0,0,0.002130133
0,0,0.00026141878
0,0,0.0002340798
0,0,3.781666e-05
0,0,1.620791e-05
0,0,5.3484702e-05
0,0,6.0991053e-05
0,0,2.032351e-05
0,0,1.1839977e-05
0,0,0.000101912236
0,0,7.565437e-05
0,0,3.8974125e-05
0,0,1.8670451e-05
0,0,1.3343036e-05
0,0,8.9837e-05
0,0,0.00012364888
0,0,3.3298842e-05
0,0,1.1288701e-05
0,0,4.0165334e-05
0,0,1.192475e-05
0,0,6.263702e-06
0,0,5.077877e-05
0,0,0.0012830928
0,0,0.0006674013
0,0,3.0408333e-05
0,0,3.6044246e-05
0,0,3.4012264e-05
0,0,5.9969192e-05
0,0,2.862734e-05
0,0,0.00029711425
0,0,3.7032958e-06
0,0,1.4372193e-05
0,0,4.5467623e-05
0,0,3.909127e-05
0,0,1.2573388e-05
0,0,9.900203e-06
0,0,8.381641e-05
0,0,0.00013575346
0,0,6.914159e-06
0,0,0.00012455985
0,0,2.1859169e-06
0,0,2.8994182e-06
0,0,7.3349115e-06
0,0,0.00014534056
0,0,6.559012e-05
0,0,1.2604674e-05
0,0,2.5175528e-05
0,0,9.411358e-05
0,0,1.5373638e-05
0,0,1.0299557e-05
0,0,2.043951e-05
0,0,7.522736e-06
0,0,1.9735633e-05
0,0,9.948225e-06
0,0,7.184542e-06
0,0,3.6579422e-06
0,0,2.4125791e-05
0,0,4.2432257e-05
0,0,1.143838e-05
0,0,6.0412276e-06
0,0,8.180286e-05
0,0,0.00044576495
0,0,0.0011779318
0,0,1.39689255e-05
0,0,3.3157452e-05
0,0,8.142415e-05
0,0,8.335157e-05
0,0,2.3463752e-05
0,0,0.0017775799
0,0,0.0002247022
0,0,1.3435252e-05
0,0,9.261821e-06
0,0,6.6008997e-06
0,0,1.9683304e-05
0,0,0.00025906882
0,0,1.4723261e-05
0,0,0.0010253271
0,0,2.0834348e-05
0,0,1.5613306e-05
0,0,4.0236373e-05
0,0,3.6767058e-06
0,0,0.0003396986
0,0,2.9703038e-05
0,0,2.0788342e-05
0,0,0.00031746188
0,0,1.4281281e-05
0,0,0.00086164253
0,0,4.688679e-05
0,0,5.0772138e-05
0,0,0.0010807903
0,0,3.1533804e-05
0,0,9.447285e-06
0,0,4.137941e-05
0,0,2.3035576e-05
0,0,5.857478e-05
0,0,5.6549607e-07
0,0,1.0092702e-05
0,0,0.00013778872
0,0,4.8826343e-05
0,0,6.684074e-06
0,0,1.173146e-05
0,0,0.000392133
0,0,6.0950697e-05
0,0,1.3123053e-05
0,0,3.1708623e-06
0,0,0.0003772547
0,0,0.00042165446
0,0,0.0027049
0,0,8.774665e-05
0,0,2.6071177e-05
0,0,7.369605e-05
0,0,8.164657e-06
0,0,2.8932815e-05
0,0,9.087284e-06
0,0,1.41429555e-05
0,0,0.0002276247
0,0,6.90394e-06
0,0,2.7382317e-05
0,0,0.0005252788
0,0,0.00077478314
0,0,4.4046146e-06
0,0,8.358665e-06
0,0,3.8895745e-05
0,0,6.1875005e-05
0,0,9.333202e-05
0,0,2.733903e-05
0,0,0.00018052236
0,0,2.4008988e-05
0,0,1.1530729e-05
0,0,3.7168857e-06
0,0,3.824844e-05
0,0,7.1278228e-06
0,0,6.923207e-05
0,0,2.231875e-05
0,0,0.0002661691
0,0,6.25115e-05
0,0,7.6775705e-06
0,0,0.0001551243
0,0,1.3932466e-06
0,0,3.8752205e-06
0,0,5.683974e-05
0,0,2.6372802e-05
0,0,2.2316537e-05
0,0,2.8107248e-05
0,0,0.00011146096
0,0,1.2434788e-05
0,0,0.00037495967
0,0,1.3366179e-06
0,0,2.120512e-05
0,0,8.4774416e-05
0,0,2.525257e-05
0,0,1.7443654e-05
0,0,8.699743e-06
0,0,0.002144308
0,0,5.8343318e-05
0,0,2.525664e-05
0,0,4.004234e-05
0,0,7.3626645e-05
0,0,0.00051192427
0,0,2.308213e-05
0,0,7.760898e-05
0,0,0.00017461092
0,0,2.8288305e-06
0,0,1.7953977e-05
0,0,8.5711974e-05
0,0,1.9853484e-05
0,0,0.00017505435
0,0,0.00014084064
0,0,0.0002147972
0,0,5.4744996e-05
0,0,1.0209606e-05
0,0,4.3708143e-05
0,0,4.547721e-05
0,0,6.6564594e-06
0,0,6.1631945e-06
0,0,0.0003132038
0,0,4.0870564e-05
0,0,0.00011463107
0,0,4.7588164e-05
0,0,0.012260577
0,0,4.411656e-05
0,0,8.598955e-06
0,0,1.9115805e-05
0,0,3.6886397e-06
0,0,3.0108466e-05
0,0,4.1612125e-06
0,0,2.6127354e-06
0,0,3.2457163e-05
0,0,1.9553388e-05
0,0,4.634287e-05
0,0,0.0001430116
0,0,2.2197864e-05
0,0,1.307234e-05
0,0,0.00031426712
0,0,6.775894e-05
0,0,3.5484103e-05
0,0,1.9760719e-05
0,0,0.0025606675
0,0,5.883162e-05
0,0,0.00010497142
0,0,1.3838586e-05
0,0,9.462533e-06
0,0,5.0039926e-05
0,0,2.4789815e-05
0,0,9.1620415e-05
0,0,0.00033404666
0,0,6.4797154e-05
0,0,4.615353e-05
0,0,0.002645432
0,0,5.9433012e-05
0,0,1.4813315e-05
0,0,2.9359515e-05
0,0,5.727634e-05
0,0,1.3918953e-05
0,0,3.0391288e-05
0,0,0.00030602593
0,0,0.00022674374
0,0,2.1014937e-05
0,0,4.9067712e-05
0,0,5.0765793e-05
0,0,0.00059611653
0,0,0.00027411836
0,0,5.102721e-05
0,0,1.5275007e-05
0,0,2.5438976e-05
0,0,9.6030315e-05
0,0,1.9983201e-05
0,0,1.4072684e-05
0,0,8.6173124e-05
0,0,1.9495836e-05
0,0,3.376481e-05
0,0,3.9688894e-05
0,0,1.5321402e-05
0,0,4.8520043e-05
0,0,6.004834e-05
0,0,0.00017851267
0,0,3.4304914e-05
0,0,0.0009632899
0,0,5.6106583e-05
0,0,1.6724644e-05
0,0,2.87959e-05
0,0,8.2051365e-06
0,0,0.0001846236
0,0,6.6460507e-06
0,0,3.8324528e-05
0,0,0.0001175095
0,0,8.4718165e-05
0,0,9.438725e-05
0,0,1.219927e-05
0,0,7.2229104e-06
0,0,7.5008924e-05
0,0,1.2786328e-05
0,0,7.202746e-05
0,0,3.5174613e-05
0,0,3.1853924e-06
0,0,0.00031186655
0,0,2.4971281e-05
0,0,7.8175115e-05
0,0,1.7685865e-05
0,0,4.687718e-05
0,0,0.00012677403
0,0,6.1765466e-05
0,0,8.8357585e-05
0,0,1.7499355e-05
0,0,8.66005e-05
0,0,3.0331237e-06
0,0,4.134003e-06
0,0,0.000111405294
0,0,0.00013296331
0,0,0.00028538404
0,0,1.1175107e-05
0,0,3.129405e-05
0,0,9.772441e-06
0,0,2.607262e-05
0,0,2.934496e-05
0,0,5.2878627e-06
0,0,3.4127475e-05
0,0,2.189169e-05
0,0,1.6886278e-06
0,0,1.706568e-05
0,0,2.662985e-05
0,0,2.0377443e-05
0,0,5.4718275e-06
0,0,2.1983302e-05
0,0,0.0016045131
0,0,0.0001804981
0,0,3.468896e-05
0,0,2.0873365e-05
0,0,5.754552e-06
0,0,2.6030384e-05
0,0,1.9655432e-05
0,0,2.8116308e-05
0,0,4.5560377e-05
0,0,0.00018423548
0,0,5.006775e-05
0,0,5.733093e-05
0,0,9.705071e-06
0,0,1.1541973e-05
0,0,3.842981e-06
0,0,2.2250531e-05
0,0,7.102056e-05
0,0,4.6803652e-05
0,0,3.5334401e-06
0,0,1.1790759e-05
0,0,0.0013354758
0,0,2.0242309e-05
0,0,4.5796693e-05
0,0,0.00024140422
0,0,0.006010258
0,0,1.7980955e-06
0,0,0.0012420452
0,0,4.079724e-05
0,0,9.389405e-05
0,0,1.5248359e-05
0,0,5.351378e-05
0,0,0.00010089413
0,0,0.0017499126
0,0,2.3198869e-05
0,0,5.6456407e-05
0,0,7.3005417e-06
0,0,5.3592987e-05
0,0,1.0277019e-05
0,0,1.7321347e-06
0,0,0.000119172924
0,0,1.7494165e-05
0,0,1.3892416e-05
0,0,1.1732276e-05
0,0,0.036285773
0,0,2.2803388e-06
0,0,1.14010245e-05
0,0,0.0002994984
0,0,9.1436505e-06
0,0,7.1066686e-05
0,0,0.00012391953
0,0,0.0003185609
0,0,0.0046255034
0,0,6.642426e-06
0,0,8.944738e-05
0,0,1.9219651e-05
0,0,0.00029488205
0,0,5.5641904e-05
0,0,3.3631797e-05
0,0,6.4018104e-06
0,0,0.0007889017
0,0,3.658532e-05
0,0,2.0510526e-05
0,0,0.0001715223
0,0,0.0002884307
0,0,2.5716237e-05
0,0,8.33279e-06
0,0,1.4366767e-05
0,0,1.5464999e-05
0,0,2.9906207e-05
0,0,8.279251e-06
0,0,2.2375032e-05
0,0,6.0042735e-06
0,0,6.653672e-05
0,0,1.1409727e-05
0,0,2.6443066e-05
0,0,0.00033065892
0,0,0.00015446114
0,0,1.1761458e-05
0,0,1.2723429e-05
0,0,0.00034365678
0,0,1.7460714e-05
0,0,4.3392345e-05
0,0,0.00023854809
0,0,1.830553e-05
0,0,5.6656714e-05
0,0,6.730153e-06
0,0,8.376655e-05
0,0,1.9476993e-05
0,0,1.0845843e-05
0,0,0.00010928951
0,0,0.00018832766
0,0,0.00019744711
0,0,3.1760635e-05
0,0,2.5294628e-05
0,0,0.0030159529
0,0,6.2178085e-05
0,0,0.00013265962
0,0,1.0768535e-05
0,0,7.763641e-06
0,0,5.425095e-06
0,0,0.00011101748
0,0,3.484922e-06
0,0,0.0007931356
0,0,2.8457312e-06
0,0,0.0017302617
0,0,0.0009346918
0,0,8.08092e-05
0,0,4.619827e-06
0,0,2.867993e-06
0,0,0.00038157264
0,0,3.881245e-05
0,0,1.880106e-05
0,0,4.9800892e-05
0,0,0.0016684667
0,0,6.800218e-06
0,0,0.0005487454
0,0,0.0001602566
0,0,3.1191023e-05
0,0,1.3350649e-05
0,0,6.186992e-06
0,0,3.9847764e-05
0,0,7.1064926e-05
0,0,1.1165275e-05
0,0,3.6017205e-05
0,0,4.478187e-05
0,0,7.244296e-05
0,0,1.4549929e-05
0,0,0.00023430063
0,0,4.947523e-06
0,0,0.00016786806
0,0,1.0020619e-05
0,0,1.9498011e-05
0,0,5.563628e-06
0,0,2.3053773e-05
0,0,0.00021818547
0,0,7.803919e-06
0,0,0.0017321092
0,0,0.00015828566
0,0,9.52293e-05
0,0,0.00014513751
0,0,2.1842412e-05
0,0,5.5816803e-05
0,0,3.2332693e-05
0,0,2.0039995e-05
0,0,5.7795487e-06
0,0,3.522127e-05
0,0,3.684206e-05
0,0,5.4378746e-05
0,0,0.00011599276
0,0,2.9661993e-05
0,0,0.0003502387
0,0,0.00084199256
0,0,0.00025546222
0,0,1.760934e-05
0,0,0.002110253
0,0,8.365722e-06
0,0,0.00010309268
0,0,2.1898916e-06
0,0,2.1936161e-05
0,0,0.0002995978
0,0,8.498591e-05
0,0,5.378888e-05
0,0,2.0277646e-05
0,0,2.982162e-05
0,0,5.256719e-06
0,0,7.183868e-05
0,0,1.8934018e-06
0,0,2.6611967e-06
0,0,4.815836e-06
0,0,2.517949e-05
0,0,6.762592e-06
0,0,0.00024325629
0,0,1.0246408e-05
0,0,5.3616808e-05
0,0,6.385518e-06
0,0,0.0006834538
0,0,1.2409735e-06
0,0,3.7413043e-05
0,0,2.8923792e-05
0,0,6.513578e-06
0,0,1.4427082e-05
0,0,9.5853655e-05
0,0,3.440064e-05
0,0,0.0020127485
0,0,0.0003586007
0,0,1.3536803e-05
0,0,4.961977e-06
0,0,0.00019687448
0,0,5.9700615e-05
0,0,6.0530412e-05
0,0,0.0009590792
0,0,0.00017118947
0,0,0.00028917356
0,0,0.00081067
0,0,2.02861e-05
0,0,4.3219927e-05
0,0,3.8080925e-06
0,0,1.0191133e-05
0,0,2.15707e-05
0,0,0.00012310475
0,0,4.222188e-05
0,0,4.5660613e-06
0,0,0.00032138597
0,0,9.572185e-05
0,0,1.8552508e-05
0,0,9.405304e-06
0,0,2.5157455e-05
0,0,0.00011500068
0,0,4.7763638e-06
0,0,6.3138155e-05
0,0,4.930134e-06
0,0,1.3917487e-06
0,0,0.00022695679
0,0,9.308389e-06
0,0,3.1240408e-05
0,0,1.5023545e-05
0,0,0.00043909202
0,0,6.764196e-05
0,0,0.00013086248
0,0,4.3147735e-05
0,0,0.00028194077
0,0,4.1680243e-05
0,0,1.4503879e-05
0,0,2.4168117e-05
0,0,7.88248e-05
0,0,1.1620201e-05
0,0,6.625136e-05
0,0,1.5328913e-05
0,0,3.847478e-05
0,0,0.0008462197
0,0,8.293269e-06
0,0,7.802275e-06
0,0,0.00012862867
0,0,3.202634e-05
0,0,1.5418023e-05
0,0,5.3794843e-06
0,0,2.6425168e-05
0,0,0.0006080154
0,0,1.9628662e-06
0,0,0.00019251475
0,0,0.0016582949
0,0,3.849492e-06
0,0,1.8013163e-05
0,0,4.859126e-05
0,0,4.716006e-05
0,0,6.890886e-05
0,0,1.0864238e-05
0,0,4.6540363e-06
0,0,6.855061e-05
0,0,0.0014139303
0,0,9.461669e-05
0,0,8.2226354e-05
0,0,8.863666e-05
0,0,4.6105448e-05
0,0,0.00012214431
0,0,1.3286025e-05
0,0,0.00025704785
0,0,2.4719206e-05
0,0,2.2906393e-05
0,0,8.518753e-06
0,0,0.00012562396
0,0,4.4039385e-05
0,0,1.6877642e-05
0,0,7.218588e-05
0,0,3.4859027e-06
0,0,5.2535263e-05
0,0,5.3346503e-05
0,0,3.8059818e-05
0,0,4.1997962e-05
0,0,2.0626569e-05
0,0,9.462408e-05
0,0,9.381565e-06
0,0,7.1684706e-05
0,0,0.0007345729
0,0,3.7284037e-05
0,0,4.901117e-05
0,0,1.825952e-05
0,0,1.1318151e-05
0,0,4.1036896e-05
0,0,2.9178368e-06
0,0,2.9623277e-06
0,0,2.9466112e-06
0,0,0.00015887538
0,0,0.00025420848
0,0,2.9798422e-05
0,0,0.00129193
0,0,3.829384e-05
0,0,5.748233e-06
0,0,2.9550694e-05
0,0,3.4934623e-05
0,0,4.288544e-05
0,0,3.0322904e-05
0,0,8.4352265e-05
0,0,9.023491e-06
0,0,5.2903422e-05
0,0,8.16986e-06
0,0,8.336636e-05
0,0,3.8691644e-05
0,0,4.813458e-05
0,0,0.00017374498
0,0,3.8348867e-06
0,0,7.5671174e-05
0,0,4.7238386e-06
0,0,1.3404511e-05
0,0,8.058619e-05
0,0,4.3886113e-05
0,0,9.661947e-05
0,0,0.00019844457
0,0,2.3019875e-05
0,0,0.00012915088
0,0,1.5495232e-05
0,0,2.7576529e-05
0,0,2.1280866e-05
0,0,2.703494e-05
0,0,5.3931104e-05
0,0,3.850025e-05
0,0,0.0001795725
0,0,2.1456179e-05
0,0,3.7587952e-06
0,0,1.6143398e-05
0,0,3.949931e-05
0,0,7.4235344e-05
0,0,4.621537e-06
0,0,3.148182e-05
0,0,1.2550098e-05
0,0,4.695131e-05
0,0,2.1127427e-05
0,0,1.0949332e-05
0,0,1.2151154e-05
0,0,0.000121717014
0,0,1.2348827e-05
0,0,3.0886826e-05
0,0,1.4546323e-05
0,0,9.678887e-05
0,0,9.7832046e-05
0,0,4.3311604e-05
0,0,3.0313278e-05
0,0,0.000117752905
0,0,8.1513106e-05
0,0,0.0010931331
0,0,6.8345526e-06
0,0,2.6040265e-05
0,0,8.48595e-05
0,0,5.972658e-05
0,0,2.0283314e-05
0,0,3.5454912e-05
0,0,0.00078637677
0,0,3.419895e-05
0,0,4.3539767e-06
0,0,9.674197e-06
0,0,5.011528e-05
0,0,0.000121446545
0,0,1.4030059e-05
0,0,0.00017109467
0,0,2.7315082e-05
0,0,3.934416e-05
0,0,1.1486787e-06
0,0,8.469114e-06
0,0,0.00013066285
0,0,1.3011806e-05
0,0,5.4705437e-05
0,0,1.4803697e-05
0,0,1.6320437e-05
0,0,2.7580685e-05
0,0,1.5992815e-05
0,0,0.00032762554
0,0,2.3735165e-05
0,0,0.000103788174
0,0,3.931828e-05
0,0,5.989415e-05
0,0,7.1632508e-06
0,0,1.1931598e-05
0,0,8.623707e-06
0,0,5.126665e-05
0,0,9.1541995e-05
0,0,5.6701145e-05
0,0,1.4786145e-05
0,0,0.0003965338
0,0,8.6903274e-05
0,0,5.9191327e-05
0,0,1.0361715e-06
0,0,6.874937e-05
0,0,8.01291e-05
0,0,0.00010826161
0,0,5.153497e-06
0,0,8.532372e-06
0,0,6.715606e-05
0,0,9.85137e-06
0,0,0.00015712072
0,0,3.8444337e-05
0,0,6.392276e-05
0,0,2.0160278e-05
0,0,9.91882e-05
0,0,1.389451e-05
0,0,7.4852373e-06
0,0,8.605874e-05
0,0,5.2318635e-05
0,0,7.069163e-05
0,0,3.1212e-05
0,0,2.8217899e-05
0,0,2.411843e-05
0,0,4.3746673e-05
0,0,3.1607713e-05
0,0,2.5563246e-05
0,0,7.8345496e-05
0,0,9.418792e-05
0,0,6.469725e-05
0,0,9.836068e-06
0,0,0.00013339368
0,0,3.540085e-06
0,0,1.2826092e-05
0,0,5.6887357e-06
0,0,3.9313163e-06
0,0,1.1426016e-05
0,0,0.00010631506
0,0,1.6094178e-05
0,0,2.9120156e-06
0,0,1.5522344e-05
0,0,1.4790643e-05
0,0,0.00032853696
0,0,0.0014267912
0,0,2.6042824e-05
0,0,3.797152e-06
0,0,5.0443097e-05
0,0,1.8944054e-05
0,0,0.00018290471
0,0,4.1663548e-06
0,0,5.6814e-06
0,0,0.0003330012
0,0,0.0002076606
0,0,4.3688174e-06
0,0,0.00020707911
0,0,0.0006284084
0,0,0.00035792598
0,0,0.00089905615
0,0,3.179749e-05
0,0,1.7423354e-05
0,0,0.0012814373
0,0,5.694624e-05
0,0,1.3815365e-05
0,0,7.710391e-06
0,0,1.5266036e-05
0,0,2.389332e-05
0,0,3.6583294e-06
0,0,2.1052649e-05
0,0,0.0030089887
0,0,0.0004205303
0,0,3.826723e-05
0,0,1.2197968e-05
0,0,8.346032e-06
0,0,4.473778e-05
0,0,5.833684e-06
0,0,4.5137217e-06
0,0,0.00018358929
0,0,0.00014347682
0,0,8.590652e-06
0,0,3.37472e-05
0,0,3.288818e-06
0,0,0.00028653565
0,0,5.4759617e-05
0,0,0.0003007987
0,0,6.787088e-05
0,0,3.5328143e-05
0,0,3.3347147e-05
0,0,4.618532e-06
0,0,2.1106584e-05
0,0,1.4016404e-05
0,0,2.1106081e-05
0,0,1.9333369e-05
0,0,1.4317296e-05
1,1,0.9306736
0,0,3.509015e-05
0,0,6.407815e-05
0,0,3.0751307e-05
0,0,2.9293682e-05
0,0,3.7714665e-06
0,0,1.1712679e-05
0,0,5.916081e-06
0,0,3.055881e-06
0,0,5.968478e-06
0,0,1.1601632e-05
0,0,9.5886935e-05
0,0,9.682218e-06
0,0,6.521913e-05
0,0,1.5756379e-05
0,0,2.0662834e-05
0,0,0.0013386421
0,0,7.2405324e-05
0,0,1.4313474e-05
0,0,1.1387302e-05
0,0,0.00082462153
0,0,1.3698485e-05
0,0,0.0012068782
0,0,0.00012085783
0,0,5.9967704e-05
0,0,8.200725e-05
0,0,2.6043174e-06
0,0,1.7653714e-05
0,0,7.974591e-05
0,0,0.00015455633
0,0,4.8057067e-05
0,0,4.340004e-05
0,0,1.4244202e-05
0,0,1.5336458e-06
0,0,6.9854536e-06
0,0,9.0821355e-05
0,0,4.2238593e-05
0,0,5.270659e-06
0,0,2.8761428e-05
0,0,2.7362375e-05
0,0,3.1721225e-05
0,0,0.00018840238
0,0,3.3169147e-06
0,0,1.3834917e-05
0,0,4.7624635e-06
0,0,1.9408e-05
0,0,2.5599644e-05
0,0,0.00011545733
0,0,0.001472151
0,0,2.8595146e-05
0,0,0.00088016916
0,0,0.0046398523
0,0,0.000102094134
0,0,1.3027089e-05
0,0,0.0060045496
0,0,0.003025231
0,0,5.722379e-06
0,0,0.0003849732
0,0,7.293462e-05
0,0,4.1970095e-05
0,0,4.5467405e-05
0,0,1.3458168e-05
0,0,6.441886e-05
0,0,5.2876032e-05
0,0,2.2321987e-05
0,0,2.7660837e-05
0,0,6.836195e-05
0,0,2.8488885e-05
0,0,0.0034501427
0,0,1.2458006e-05
0,0,0.0002505637
0,0,9.583464e-05
0,0,2.9023815e-05
0,0,2.1987202e-05
0,0,5.828701e-07
0,0,4.9524977e-05
0,0,3.1472424e-05
0,0,1.854929e-05
0,0,8.4348976e-05
0,0,0.00032235935
0,0,1.2953577e-05
0,0,0.0005883362
0,0,3.1163815e-06
0,0,5.9068866e-06
0,0,7.788989e-06
0,0,2.8488475e-05
0,0,9.445649e-05
0,0,5.7530433e-06
0,0,5.2438263e-05
0,0,8.412838e-05
0,0,0.00021067323
0,0,7.179082e-05
0,0,1.0503958e-05
0,0,0.0014151636
0,0,1.2946502e-05
0,0,2.5574707e-05
0,0,2.2835771e-05
0,0,9.3194176e-05
0,0,0.0013212771
0,0,0.00010839227
0,0,0.00025769052
0,0,2.1821072e-05
0,0,5.5522532e-06
0,0,1.958745e-05
0,0,1.8589135e-05
0,0,7.188364e-05
0,0,2.0000856e-05
0,0,4.5142126e-05
0,0,0.000110746165
0,0,7.434962e-05
0,0,3.2969233e-06
0,0,2.1526643e-05
0,0,3.206503e-05
0,0,7.310693e-06
0,0,1.960025e-05
0,0,5.7075034e-05
0,0,2.0110792e-05
0,0,0.00010173854
0,0,4.710765e-06
0,0,0.00020298967
0,0,3.5325953e-05
0,0,1.0896467e-05
0,0,7.302944e-06
0,0,4.6356126e-05
0,0,0.00010772067
0,0,0.00026392261
0,0,1.2380677e-05
0,0,4.508392e-06
0,0,4.507519e-05
0,0,0.0009895571
0,0,4.983869e-06
0,0,1.7040506e-05
0,0,6.881043e-05
0,0,2.839276e-05
0,0,0.0015553553
0,0,5.4040043e-05
0,0,0.00013115379
0,0,3.237777e-05
0,0,1.0854731e-05
0,0,5.738944e-06
0,0,8.969628e-06
0,0,1.593577e-05
0,0,1.1222045e-05
0,0,4.797762e-05
0,0,9.843884e-06
0,0,9.4274896e-05
0,0,8.782856e-06
0,0,0.00158101
0,0,1.1828454e-05
0,0,3.764632e-05
0,0,4.356865e-05
0,0,1.8162526e-05
0,0,1.4524836e-05
0,0,6.0651117e-05
0,0,3.077269e-05
0,0,9.269351e-05
0,0,3.3926775e-05
0,0,2.147575e-05
0,0,3.9531154e-05
0,0,2.3822267e-05
0,0,8.4320505e-05
0,0,3.617759e-05
0,0,1.37315365e-05
0,0,0.00015097181
0,0,0.005894901
0,0,9.6786185e-05
0,0,0.00049057114
0,0,8.774858e-05
0,0,0.000120012926
0,0,5.1430536e-05
0,0,9.670612e-05
0,0,2.3715165e-05
0,0,5.5899272e-06
0,0,3.6854635e-05
0,0,2.6300495e-05
0,0,1.3806645e-05
0,0,1.0217311e-05
0,0,0.00012704606
0,0,3.943445e-06
0,0,0.0006801737
0,0,0.0001727408
0,0,7.895871e-06
0,0,2.2225571e-05
0,0,6.0707476e-05
0,0,0.0001364751
0,0,4.2108164e-05
0,0,1.7437716e-05
0,0,3.5709607e-05
0,0,1.8730354e-05
0,0,6.1918086e-06
0,0,0.38577622
0,0,2.7559861e-05
0,0,3.3847147e-05
0,0,2.2771814e-05
0,0,8.109761e-06
0,0,6.9968014e-06
0,0,6.410156e-05
0,0,4.067413e-05
0,0,1.7365759e-05
0,0,1.1300378e-05
0,0,3.4665016e-05
0,0,6.395977e-05
0,0,2.599228e-06
0,0,4.324994e-05
0,0,1.5163121e-05
0,0,0.00060630945
0,0,1.966578e-05
0,0,0.00023941483
0,0,8.735418e-05
0,0,1.895289e-05
0,0,2.1588172e-05
0,0,0.0011122439
0,0,3.2492684e-05
0,0,3.8520448e-05
0,0,5.0382474e-05
0,0,4.8567214e-05
0,0,4.0886818e-05
0,0,7.203508e-05
0,0,9.15585e-05
0,0,6.0506347e-05
0,0,1.1063479e-05
0,0,0.0002010126
0,0,1.3411007e-05
0,0,8.2059105e-06
0,0,1.4268934e-05
0,0,9.12607e-06
0,0,0.0002047793
0,0,7.617988e-05
0,0,9.406803e-06
0,0,4.5200068e-06
0,0,1.827025e-05
0,0,0.00012014117
0,0,2.1432335e-05
0,0,8.557044e-05
0,0,4.6149394e-06
0,0,1.5848866e-05
0,0,0.0001892845
0,0,0.000547335
0,0,4.20993e-06
0,0,4.246302e-05
0,0,1.2513529e-05
0,0,6.2872577e-06
0,0,8.021849e-06
0,0,9.457319e-06
0,0,2.99288e-05
0,0,0.00012569634
0,0,0.012331733
0,0,6.5819663e-06
0,0,0.00014011984
0,0,3.877416e-05
0,0,0.0001338215
0,0,8.364621e-06
0,0,0.00011625664
0,0,6.59427e-05
0,0,9.3816096e-05
0,0,0.00021443376
0,0,5.6636134e-05
0,0,0.00026612674
0,0,1.482035e-05
0,0,8.888834e-06
0,0,8.1819475e-05
0,0,3.577488e-05
0,0,1.3257471e-05
0,0,0.00019138367
0,0,1.8987499e-05
0,0,3.634787e-05
0,0,1.3872782e-05
0,0,0.0017158296
0,0,4.462261e-05
0,0,2.018188e-05
0,0,6.6261023e-06
0,0,0.0073932833
0,0,9.032213e-06
0,0,2.991134e-05
0,0,3.9249986e-05
0,0,4.6556237e-05
0,0,1.1447765e-05
0,0,7.933291e-05
0,0,6.634632e-05
0,0,9.675196e-05
0,0,2.7394317e-06
0,0,8.520459e-06
0,0,8.271328e-06
0,0,0.0009613622
0,0,6.307334e-05
0,0,8.827933e-06
0,0,6.194201e-05
0,0,9.015264e-05
0,0,8.515506e-05
0,0,0.00028266344
0,0,3.070887e-05
0,0,8.135593e-05
0,0,4.3357144e-05
0,0,5.8108944e-05
0,0,7.242874e-05
0,0,3.701638e-05
0,0,0.00015734052
0,0,5.1580988e-05
0,0,7.565927e-05
0,0,3.34594e-05
0,0,2.9668614e-05
0,0,5.5052147e-05
0,0,1.071127e-05
0,0,7.944476e-06
0,0,1.2133125e-05
0,0,6.51379e-05
0,0,9.076864e-06
0,0,3.584031e-05
0,0,2.6337942e-05
0,0,5.2883265e-06
0,0,5.3140493e-06
0,0,5.459865e-06
0,0,2.715341e-06
0,0,1.5929007e-05
0,0,4.9152528e-05
0,0,2.715996e-05
0,0,0.0007970033
0,0,6.6925844e-05
0,0,5.101597e-05
0,0,0.0005795192
0,0,0.000101740276
0,0,0.00011438408
0,0,2.485951e-05
0,0,3.267932e-05
0,0,4.2613146e-06
0,0,0.00012202183
0,0,2.4793691e-05
0,0,4.643352e-06
0,0,4.7631293e-05
0,0,0.000103080296
0,0,2.383006e-05
0,0,2.4877249e-05
0,0,0.00027182035
0,0,1.3872928e-05
0,0,0.00014082964
0,0,1.6640022e-05
0,0,0.0009507911
0,0,0.000316455
0,0,6.5435306e-05
0,0,5.508355e-05
0,0,3.3518165e-05
0,0,4.2380634e-06
0,0,2.1781154e-06
0,0,5.710035e-05
0,0,0.0005732843
0,0,2.8851662e-06
0,0,0.00018447032
0,0,8.595692e-06
0,0,0.001543631
0,0,1.9337203e-05
0,0,1.2033378e-06
0,0,1.4540012e-05
0,0,9.844248e-05
0,0,0.00010975405
0,0,4.2902207e-06
0,0,0.00023813541
0,0,0.00020660381
0,0,2.6318785e-05
0,0,2.6273145e-05
0,0,0.000636247
0,0,8.9345165e-05
0,0,1.9390036e-05
0,0,9.022046e-06
0,0,8.473942e-05
0,0,0.00022732432
0,0,6.172567e-05
0,0,1.6822478e-05
0,0,1.1027507e-05
0,0,1.2256515e-05
0,0,7.72709e-05
0,0,3.7792073e-05
0,0,5.3654767e-06
0,0,4.279417e-05
0,0,4.9766666e-05
0,0,7.4809345e-06
0,0,2.9850928e-05
0,0,4.222039e-05
0,0,5.0018072e-05
0,0,0.000290736
0,0,9.499857e-05
0,0,6.1644405e-06
0,0,3.91588e-05
0,0,2.5438976e-05
0,0,1.8906555e-06
0,0,1.1142968e-05
0,0,2.2191303e-05
0,0,2.0706528e-05
0,0,7.6406795e-05
0,0,1.3461954e-05
0,0,5.271433e-06
0,0,0.001186245
0,0,6.611692e-06
0,0,9.155256e-05
0,0,0.00010327225
0,0,6.0677146e-05
0,0,0.000109297325
0,0,7.581043e-06
0,0,2.2898335e-05
0,0,0.0010550492
0,0,2.2075044e-05
0,0,9.26055e-06
0,0,6.87235e-06
0,0,4.3601693e-05
0,0,0.000106387364
0,0,1.4455218e-05
0,0,4.6313276e-06
0,0,0.00026557368
0,0,1.2112362e-05
0,0,3.0190637e-05
0,0,7.8478595e-05
0,0,1.712543e-05
0,0,0.000695258
0,0,6.183283e-05
0,0,2.6153855e-06
0,0,1.0003203e-05
0,0,4.2086285e-05
0,0,4.174361e-05
0,0,0.00013092288
0,0,5.518076e-05
0,0,0.00022420636
0,0,0.00024231347
0,0,0.0008398364
0,0,5.0000093e-05
0,0,2.3593735e-05
0,0,5.2632196e-05
0,0,0.00010886598
0,0,0.00014259004
0,0,1.3138293e-05
0,0,0.00021408687
0,0,0.0001765819
0,0,3.8842522e-06
0,0,4.912853e-05
0,0,3.7886362e-05
0,0,6.2845243e-06
0,0,3.6126617e-06
0,0,0.00017881284
0,0,6.2677434e-05
0,0,0.00019952698
0,0,0.0001444786
0,0,0.00018001856
0,0,1.7225773e-05
0,0,0.0010912758
0,0,3.1738047e-05
0,0,1.8603747e-05
0,0,1.5690042e-05
0,0,9.288579e-06
0,0,6.794863e-06
0,0,9.572439e-06
0,0,9.727058e-06
0,0,3.5788973e-05
0,0,0.00030536146
0,0,1.8039533e-05
0,0,5.5477234e-05
0,0,3.1430343e-05
1,1,0.9748956
0,0,0.00010042276
0,0,7.793009e-05
0,0,3.617114e-05
0,0,1.8513556e-05
0,0,0.0010876429
0,0,1.6964217e-05
0,0,0.0002128157
0,0,1.9634992e-05
0,0,1.3653242e-05
0,0,0.00027421772
0,0,7.32632e-06
0,0,4.2968786e-05
0,0,2.7829808e-05
0,0,0.00012278155
0,0,6.355079e-05
0,0,1.26235245e-05
0,0,5.2701605e-05
0,0,3.2794116e-05
0,0,3.225681e-05
0,0,0.0003143265
0,0,1.8487071e-06
0,0,2.4826413e-05
0,0,0.0010133629
0,0,2.1820677e-05
0,0,5.5929493e-05
0,0,0.00043089295
0,0,2.7579157e-05
0,0,7.833275e-06
0,0,6.332097e-05
0,0,3.4169766e-06
0,0,1.6981876e-05
0,0,3.4772797e-06
0,0,3.581359e-05
0,0,5.5275297e-05
0,0,7.173121e-05
0,0,4.7572463e-05
0,0,2.9522726e-05
0,0,3.555191e-05
0,0,1.0987271e-05
0,0,2.3092542e-05
0,0,4.803677e-05
0,0,8.279041e-05
0,0,3.6724054e-05
0,0,5.397244e-06
0,0,3.817108e-05
0,0,1.5240392e-05
0,0,2.6486046e-05
0,0,0.0001222001
0,0,7.125287e-06
0,0,0.00015143014
0,0,5.4403594e-05
0,0,1.2911238e-05
0,0,7.0622436e-06
0,0,1.7187982e-05
0,0,9.791659e-06
0,0,2.052751e-05
0,0,2.042998e-05
0,0,1.2210654e-05
0,0,1.0896249e-05
0,0,0.00017128483
0,0,2.5022984e-05
0,0,0.00011277898
0,0,1.538364e-05
0,0,0.00012199438
0,0,2.956902e-05
0,0,6.086195e-05
0,0,4.687587e-06
0,0,0.0003908311
0,0,0.0004540107
0,0,4.123276e-05
0,0,6.609512e-05
0,0,2.9142744e-05
0,0,3.991626e-05
0,0,8.992845e-05
0,0,8.82164e-05
0,0,1.805151e-05
0,0,9.3168586e-05
0,0,3.219424e-05
0,0,3.1882748e-05
0,0,3.0062933e-05
0,0,4.660386e-05
0,0,0.00054291775
0,0,2.8119419e-05
0,0,2.5269223e-06
0,0,7.7676865e-05
0,0,4.069062e-05
0,0,4.078273e-05
0,0,3.1275944e-05
0,0,0.00020501121
0,0,4.2447475e-05
0,0,4.074444e-05
0,0,4.4637847e-05
0,0,1.4441205e-05
0,0,3.0168476e-06
0,0,1.690198e-05
0,0,3.212413e-05
0,0,2.7211423e-05
0,0,1.0878639e-05
0,0,2.331164e-05
0,0,3.7126258e-05
0,0,8.831747e-06
0,0,8.707299e-05
0,0,9.146573e-05
0,0,0.00013090055
0,0,0.02859001
0,0,2.5195804e-06
0,0,6.934115e-06
0,0,1.4160298e-05
0,0,1.668617e-05
0,0,1.5234346e-05
0,0,0.00020227578
0,0,1.6951157e-06
0,0,8.5369375e-06
0,0,2.5880681e-05
0,0,2.168929e-05
0,0,3.061959e-05
0,0,8.2050665e-06
0,0,8.1578855e-06
0,0,8.432018e-06
0,0,4.2934502e-05
0,0,3.9220165e-05
0,0,1.1241817e-05
0,0,0.00010059221
0,0,8.867463e-06
0,0,4.003669e-05
0,0,6.8549896e-05
0,0,1.2331904e-05
0,0,2.0511308e-05
0,0,9.1273876e-05
0,0,3.137443e-05
0,0,0.0018986345
0,0,1.0055618e-05
0,0,4.561581e-05
0,0,5.7778734e-06
0,0,9.043617e-05
0,0,2.0210675e-05
0,0,1.945004e-05
0,0,1.2234981e-05
0,0,7.421065e-05
0,0,1.5879881e-05
0,0,0.00042752974
0,0,1.5787064e-05
0,0,6.767547e-06
0,0,2.1176656e-06
0,0,0.00013752672
0,0,0.0012844653
0,0,0.00015333941
0,0,2.5531672e-05
0,0,3.0839146e-05
0,0,2.470092e-05
0,0,5.7375393e-05
0,0,0.00021049836
0,0,7.1406415e-05
0,0,6.432365e-05
0,0,7.4683453e-06
0,0,5.375422e-05
0,0,5.578951e-06
0,0,0.00015481179
0,0,1.7053331e-05
0,0,2.2708295e-05
0,0,2.2772312e-05
0,0,5.0575654e-05
0,0,2.289255e-05
0,0,7.595356e-05
0,0,1.9997307e-05
0,0,0.0020739015
0,0,0.0001609738
0,0,8.724727e-06
0,0,3.8916263e-05
0,0,0.00021112668
0,0,3.274883e-05
0,0,6.729986e-06
0,0,2.8740726e-05
0,0,6.3611024e-06
0,0,0.0001070961
0,0,1.0125471e-05
0,0,3.940821e-06
0,0,1.071782e-05
0,0,0.00010357511
0,0,3.302658e-05
0,0,8.638729e-06
0,0,1.41455175e-05
0,0,4.054084e-05
0,0,0.00059863995
0,0,0.00037743422
0,0,0.000115207695
0,0,2.4857543e-05
0,0,9.072424e-05
0,0,0.00012896137
0,0,3.4352644e-05
0,0,6.6968155e-06
0,0,6.6801035e-06
0,0,1.5433014e-06
0,0,7.882787e-06
0,0,0.0007054624
0,0,0.0012083374
0,0,0.00035883632
0,0,7.406352e-05
0,0,0.002180905
0,0,2.9089044e-05
0,0,1.4685036e-05
0,0,7.427493e-05
0,0,9.464166e-06
0,0,4.4113367e-06
0,0,0.0001694673
0,0,0.00017414155
0,0,2.37815e-05
0,0,0.00010022081
0,0,6.565334e-06
0,0,6.279925e-05
0,0,0.0020097233
0,0,6.931939e-06
0,0,0.0002160219
0,0,7.347703e-06
0,0,0.0005352158
0,0,1.0385614e-05
0,0,0.0001393024
0,0,1.9021445e-05
0,0,3.1545864e-05
0,0,3.3991477e-05
0,0,1.5994417e-05
0,0,3.26412e-05
0,0,3.2877502e-05
0,0,6.1824634e-05
0,0,2.7507502e-05
0,0,8.912103e-05
0,0,0.00037291684
0,0,4.6455876e-05
0,0,2.2934022e-05
0,0,0.00010509613
0,0,1.370975e-05
0,0,7.718481e-05
0,0,2.5510422e-05
0,0,5.924341e-06
0,0,0.0012164215
0,0,3.1344287e-05
0,0,1.4905183e-05
0,0,1.7465143e-05
0,0,0.00014989485
0,0,0.0005093131
0,0,3.211344e-05
0,0,1.6491364e-05
0,0,1.2051721e-05
0,0,6.7528206e-05
0,0,0.00041405394
0,0,0.010858246
0,0,3.3627628e-05
0,0,4.9883693e-05
0,0,4.6773835e-06
0,0,1.0943381e-05
0,0,6.6119123e-06
0,0,1.1868194e-05
0,0,0.00092087715
0,0,5.9043225e-05
0,0,5.1629853e-05
0,0,0.00010271558
0,0,2.5478017e-05
0,0,9.753727e-06
0,0,2.0680223e-05
0,0,9.175533e-06
0,0,3.220013e-06
0,0,0.0001289069
0,0,8.429003e-05
0,0,8.8724455e-06
0,0,3.2261145e-05
0,0,4.0295006e-05
0,0,5.178271e-05
0,0,0.0009927625
0,0,3.1838204e-05
0,0,0.00032742132
0,0,1.3205635e-05
0,0,6.6946063e-06
0,0,5.475325e-06
0,0,7.314417e-06
0,0,1.657776e-05
0,0,1.5462374e-05
0,0,6.6606866e-05
0,0,8.351427e-05
0,0,7.7776116e-05
0,0,2.095472e-05
0,0,1.5491038e-05
0,0,9.953549e-06
0,0,0.080995716
0,0,1.3579251e-05
0,0,1.4154787e-06
0,0,5.5743294e-06
0,0,0.0003339072
0,0,1.0010724e-05
0,0,1.1006295e-05
0,0,7.5819908e-06
0,0,0.000136604
0,0,9.0664566e-05
0,0,5.9118006e-06
0,0,1.5793914e-05
0,0,1.5963141e-06
0,0,9.018342e-05
0,0,1.6806218e-05
0,0,8.602977e-05
0,0,1.210272e-05
0,0,4.6941062e-05
0,0,0.00025828157
0,0,1.1685768e-05
0,0,4.437544e-06
0,0,7.732187e-06
0,0,9.8753866e-05
0,0,3.2218377e-05
0,0,3.4755547e-05
0,0,0.0005311521
0,0,0.0005052877
0,0,1.0162794e-05
0,0,2.1168973e-05
0,0,4.8732283e-05
0,0,9.8430086e-05
0,0,6.0223985e-05
0,0,1.0898532e-06
0,0,3.390646e-05
0,0,3.34639e-05
0,0,2.1998192e-05
0,0,7.676282e-06
0,0,0.00021894735
0,0,2.7114023e-05
0,0,0.001558988
0,0,7.119937e-05
0,0,9.7403565e-05
0,0,2.551821e-05
0,0,2.4521814e-05
0,0,2.4316352e-05
0,0,1.1655973e-05
0,0,3.8395706e-06
0,0,5.8292017e-06
0,0,3.6706097e-06
0,0,0.00048967975
0,0,2.0612431e-05
0,0,8.580561e-05
0,0,3.576677e-06
0,0,2.2959342e-05
0,0,5.7801444e-06
0,0,0.0004085096
0,0,4.6970113e-06
0,0,1.3777182e-05
0,0,1.6221285e-05
0,0,2.2800496e-06
0,0,0.0018189393
0,0,0.0034117394
0,0,1.664653e-05
0,0,1.1062245e-05
0,0,7.2721073e-06
0,0,7.747599e-06
0,0,0.0002889977
0,0,0.00025496582
0,0,2.5700376e-05
0,0,9.446664e-06
0,0,3.8527098e-05
0,0,7.397567e-06
0,0,8.87716e-06
0,0,2.5410074e-05
0,0,0.00015882147
0,0,1.103527e-05
0,0,7.674474e-06
0,0,2.1935242e-05
0,0,2.2825994e-05
0,0,2.3075196e-05
0,0,2.960968e-05
0,0,4.8719344e-06
0,0,5.7207177e-05
0,0,0.000100511854
0,0,5.5927416e-05
0,0,8.1991375e-06
0,0,5.0139613e-05
0,0,9.906975e-06
0,0,0.00015809396
0,0,3.1044634e-05
0,0,3.3674619e-06
0,0,1.79144e-05
0,0,0.0015049143
0,0,2.6740393e-06
0,0,5.113062e-05
0,0,2.5916372e-05
0,0,8.696562e-05
0,0,0.00033886926
0,0,1.2128613e-05
0,0,1.8694504e-05
0,0,9.497212e-06
0,0,5.569138e-05
0,0,1.7465509e-05
0,0,7.327098e-05
0,0,9.432751e-05
0,0,4.7048115e-06
0,0,0.00032576735
0,0,3.470716e-05
0,0,1.512397e-05
0,0,1.6256517e-05
0,0,0.0005597214
0,0,9.699297e-06
0,0,0.00010660611
0,0,3.3233267e-05
0,0,8.964292e-05
0,0,3.052875e-06
0,0,7.675447e-06
0,0,0.00012010968
0,0,5.4584692e-05
0,0,5.355518e-05
0,0,1.8569395e-05
0,0,7.933339e-06
0,0,4.545128e-05
0,0,1.0637345e-05
0,0,1.966822e-05
0,0,2.6310729e-05
0,0,6.595691e-05
0,0,6.0587217e-06
0,0,1.0746272e-05
0,0,8.432718e-05
0,0,1.1155675e-05
0,0,0.00018807447
0,0,1.7148132e-05
0,0,1.919366e-05
0,0,0.00023127503
0,0,0.00028091983
0,0,3.833659e-05
0,0,0.00038922302
0,0,7.639259e-05
0,0,3.5376248e-05
0,0,1.4407915e-05
0,0,4.7866006e-06
0,0,4.1634918e-05
0,0,0.0021546737
0,0,2.3542872e-05
0,0,0.000116601914
0,0,0.00010818844
0,0,2.1965301e-05
0,0,6.2016894e-05
0,0,5.117921e-05
0,0,8.489439e-05
0,0,9.497059e-06
0,0,1.7554129e-06
0,0,0.000289288
0,0,9.9522826e-05
0,0,0.00051270117
0,0,1.4600663e-05
0,0,1.8827383e-05
0,0,0.00033737885
0,0,5.8561254e-06
0,0,0.00014790714
0,0,0.00022585996
0,0,1.248223e-05
0,0,3.4067092e-05
0,0,1.0071194e-05
0,0,4.9771006e-06
0,0,1.2596839e-05
0,0,0.00015573997
0,0,0.00026121447
0,0,2.5505266e-05
0,0,1.2337433e-05
0,0,1.898605e-05
0,0,3.1350864e-05
0,0,5.333601e-06
0,0,7.8936055e-06
0,0,4.736492e-06
0,0,3.214883e-05
0,0,4.728914e-06
0,0,7.876259e-05
0,0,1.697812e-05
0,0,0.00019264493
0,0,1.7596013e-06
0,0,9.244596e-06
0,0,8.873832e-05
0,0,6.4218664e-05
0,0,8.6343396e-05
0,0,0.0022391384
0,0,9.335798e-06
0,0,5.584492e-06
0,0,1.1260413e-06
0,0,0.00024006584
0,0,2.2451255e-05
0,0,0.00038372265
0,0,1.880106e-05
0,0,8.588301e-06
0,0,0.0058239694
0,0,4.8397305e-05
0,0,2.2083299e-05
0,0,1.5679349e-05
0,0,0.0019808863
0,0,4.617026e-05
0,0,0.00014460196
0,0,0.00054871925
0,0,0.0002563931
0,0,0.0001254736
0,0,7.329991e-05
0,0,6.068704e-05
0,0,7.2914754e-06
0,0,1.4120798e-05
0,0,2.310856e-05
0,0,3.9884068e-05
0,0,5.680403e-05
0,0,0.00021067685
0,0,3.15732e-06
0,0,9.491816e-06
0,0,0.00040705048
0,0,1.2502328e-05
0,0,1.5597145e-05
0,0,4.734689e-05
0,0,7.642885e-06
0,0,1.577209e-05
0,0,0.0001122447
0,0,7.105646e-05
0,0,4.9232323e-05
0,0,2.6921043e-05
0,0,2.488178e-05
0,0,1.3990216e-05
0,0,8.641786e-05
0,0,0.000115405936
0,0,0.0001571384
0,0,9.395129e-06
0,0,1.880106e-05
0,0,6.5600957e-06
0,0,7.01669e-05
0,0,2.6201965e-06
0,0,5.4610728e-06
0,0,0.0003568711
0,0,8.740434e-06
0,0,5.6220182e-05
0,0,0.0001182118
0,0,3.0427882e-05
0,0,0.0005333935
0,0,1.5334293e-05
0,0,5.625756e-05
0,0,2.3464958e-05
0,0,0.00016015119
0,0,5.1292027e-05
0,0,2.0149899e-05
0,0,0.00013402608
0,0,8.6920145e-06
0,0,0.00041295023
0,0,2.0227257e-05
0,0,8.3738436e-05
0,0,1.6027214e-05
0,0,0.00016219204
0,0,2.4415478e-05
0,0,1.1264128e-05
0,0,1.8393728e-05
0,0,1.2343611e-05
0,0,1.7827482e-05
0,0,0.0001050852
0,0,0.00063107145
0,0,0.00011694086
0,0,5.9132704e-05
0,0,1.0421381e-05
0,0,4.122592e-05
0,0,1.5314463e-05
0,0,0.0005104077
0,0,0.00010135875
0,0,2.2959517e-05
0,0,9.049699e-05
0,0,8.082668e-06
0,0,0.0022462895
0,0,2.3398346e-05
0,0,0.00010757203
0,0,0.0004444223
0,0,2.6525428e-05
0,0,0.000103384176
0,0,1.8763089e-05
0,0,8.446303e-05
0,0,3.0736413e-05
0,0,6.245849e-06
0,0,0.00022121213
0,0,1.6599084e-05
0,0,6.134447e-05
0,0,1.0387139e-05
0,0,2.9990908e-06
0,0,1.0879779e-05
0,0,1.7869474e-05
0,0,0.00026870126
0,0,3.843719e-05
0,0,1.9978095e-05
0,0,3.5699493e-05
0,0,0.00010684314
0,0,2.4676197e-05
0,0,3.853647e-05
0,0,3.423759e-05
0,0,2.8360315e-05
0,0,3.064945e-05
0,0,4.3969434e-05
0,0,0.00014372877
0,0,2.345498e-05
0,0,0.000113086004
0,0,6.807507e-05
0,0,1.517096e-05
0,0,1.6262704e-05
0,0,9.011697e-05
0,0,6.231069e-05
0,0,1.6525622e-05
0,0,0.00024977277
0,0,6.769036e-05
0,0,2.6777427e-05
0,0,0.0016752987
0,0,2.1937061e-05
0,0,0.00029011935
0,0,2.8664193e-05
0,0,1.5561947e-05
0,0,0.0006560692
0,0,4.036027e-05
0,0,5.633444e-05
0,0,0.00026243416
0,0,4.641457e-06
0,0,0.00010670944
0,0,4.4930046e-05
0,0,4.0066825e-05
0,0,5.5899316e-05
0,0,2.3817405e-05
0,0,4.4615077e-05
0,0,7.0864103e-06
0,0,5.2894644e-05
0,0,0.00061774737
0,0,4.949448e-05
0,0,1.1413177e-05
0,0,1.8944957e-05
0,0,8.522808e-06
0,0,0.0007647149
0,0,9.483528e-06
0,0,8.558622e-06
0,0,1.1967106e-05
0,0,0.00010352614
0,0,0.00011059272
0,0,1.211993e-05
0,0,1.6318338e-05
0,0,0.00024253072
0,0,5.8038062e-05
0,0,8.256516e-05
0,0,1.70662e-05
0,0,9.508359e-06
0,0,3.7521553e-05
0,0,2.201708e-05
0,0,0.00011648323
0,0,2.4775705e-05
0,0,1.3441788e-05
0,0,3.36207e-05
0,0,4.579224e-05
0,0,1.1991131e-05
0,0,0.00030254043
0,0,8.9417525e-05
0,0,0.0008132135
0,0,0.00013094762
0,0,7.134217e-05
0,0,5.8013393e-06
0,0,0.00012072283
0,0,4.74882e-05
0,0,5.1069223e-05
0,0,9.961046e-05
0,0,9.134289e-06
0,0,7.612643e-05
0,0,6.893706e-05
0,0,0.00014859416
0,0,7.638931e-05
0,0,2.0049038e-05
0,0,1.2906363e-05
0,0,4.257327e-05
0,0,3.4362572e-05
0,0,0.00011861129
0,0,6.585867e-05
0,0,2.7327407e-05
0,0,3.0270752e-05
0,0,6.319171e-05
0,0,2.490457e-05
0,0,1.7188964e-05
0,0,0.0004194869
0,0,0.0033760283
0,0,6.168683e-05
0,0,0.00013992879
0,0,9.8717814e-05
0,0,0.0001804062
0,0,4.7367437e-05
0,0,9.763471e-06
0,0,1.3408333e-05
0,0,1.8006242e-05
0,0,1.72731e-05
0,0,2.3697374e-05
0,0,0.00011713852
0,0,4.0144463e-05
0,0,1.2380831e-05
0,0,3.2750486e-05
0,0,4.461736e-06
0,0,8.898422e-05
0,0,2.0355632e-05
0,0,0.00028270468
0,0,3.0198842e-05
0,0,0.0016573446
0,0,4.4909233e-05
0,0,2.3592813e-05
0,0,1.959812e-05
0,0,1.186309e-05
0,0,3.2771197e-05
0,0,7.925729e-05
0,0,0.00047010797
0,0,0.0001661891
0,0,1.7225411e-05
0,0,2.8601744e-05
0,0,0.00044821136
0,0,3.210407e-05
0,0,3.915859e-06
0,0,0.0001415696
0,0,2.5513125e-05
0,0,3.0040375e-05
0,0,4.673194e-05
0,0,0.0013382897
0,0,2.2303411e-05
0,0,5.3664744e-06
0,0,1.0990656e-05
0,0,5.212844e-05
0,0,0.00017447011
0,0,1.0617805e-05
0,0,8.70254e-06
0,0,0.013261183
0,0,5.2396623e-05
0,0,3.812619e-05
0,0,8.459336e-05
0,0,0.0003541891
0,0,0.00043333066
0,0,0.0005868132
0,0,1.1377434e-05
0,0,7.277282e-05
0,0,9.332864e-05
0,0,5.710345e-05
0,0,1.4520514e-05
0,0,8.7077615e-06
0,0,4.4175667e-05
0,0,2.3096749e-05
0,0,1.0065145e-05
0,0,9.775231e-05
0,0,0.0002196916
0,0,0.000107155036
0,0,2.3529272e-05
0,0,1.60511e-06
0,0,1.8200566e-05
0,0,0.00040199538
0,0,6.5955637e-06
0,0,3.471328e-05
0,0,2.4851783e-05
0,0,7.635548e-06
0,0,7.433814e-05
0,0,6.4176297e-06
0,0,1.344852e-05
0,0,3.733278e-05
0,0,9.822279e-06
0,0,0.00012202929
0,0,0.00021190777
0,0,2.4969064e-05
0,0,8.519476e-06
0,0,6.5774043e-06
0,0,0.00012665718
0,0,8.460726e-06
0,0,1.09944085e-05
0,0,0.00013976476
0,0,9.740477e-05
0,0,7.375427e-06
0,0,0.00031962717
0,0,4.2163414e-05
0,0,4.221697e-05
0,0,0.00047765506
0,0,6.9657294e-06
0,0,4.0668623e-05
0,0,0.00011126302
0,0,0.00010184394
0,0,6.4207525e-06
0,0,8.913029e-05
0,0,6.6665074e-05
0,0,1.1946206e-05
0,0,2.7298598e-05
0,0,1.2767563e-05
0,0,2.2475462e-05
0,0,3.257953e-05
0,0,1.4108214e-05
0,0,0.0019277968
0,0,0.000198441
0,0,0.002416536
0,0,8.032191e-06
0,0,3.5156103e-05
0,0,2.4451107e-05
0,0,8.910459e-06
0,0,0.00011069369
0,0,1.3057613e-05
0,0,1.969399e-06
0,0,1.080085e-05
0,0,3.880738e-05
0,0,5.6600828e-05
0,0,4.7409558e-05
0,0,1.6522865e-05
0,0,7.0307484e-05
0,0,2.0810201e-05
0,0,0.00038177858
0,0,0.00015607176
0,0,9.933341e-06
0,0,1.7523987e-05
0,0,6.581529e-05
0,0,7.1955333e-06
0,0,0.00029446092
0,0,1.7857736e-05
0,0,0.0003891293
0,0,9.099465e-05
0,0,7.97754e-06
0,0,2.775929e-06
0,0,3.4295463e-05
0,0,0.03015725
0,0,1.0795896e-05
0,0,0.00031731842
0,0,0.0041649705
0,0,5.243896e-06
0,0,9.479026e-06
0,0,1.9956824e-05
0,0,2.8889333e-05
0,0,5.4374223e-06
0,0,5.9186323e-06
0,0,0.00016350398
0,0,0.00035402062
0,0,7.077859e-06
0,0,1.1527607e-05
0,0,3.634558e-05
0,0,4.7649148e-05
0,0,0.00013892249
0,0,1.4949427e-05
0,0,8.1513135e-06
0,0,5.8048863e-06
0,0,4.630642e-05
0,0,4.9828497e-05
0,0,0.000514621
0,0,4.7561816e-06
0,0,9.2076425e-06
0,0,1.232552e-05
0,0,3.2853602e-06
0,0,9.066949e-05
0,0,9.209202e-05
0,0,1.731912e-05
0,0,4.591204e-06
0,0,0.000121297824
0,0,0.0008966044
0,0,0.00013949009
0,0,5.5293467e-06
0,0,0.0006765704
0,0,2.019271e-06
0,0,2.7269092e-05
0,0,4.0758972e-05
0,0,2.972908e-05
0,0,4.9136493e-06
0,0,4.0271516e-06
0,0,0.00023565764
0,0,1.30300605e-05
0,0,0.00012823359
0,0,1.9512148e-05
0,0,5.7941515e-06
0,0,2.6705358e-05
0,0,0.00015992885
0,0,0.00023418674
0,0,0.00018007487
0,0,6.8330795e-05
0,0,0.00031324502
0,0,3.6305777e-05
0,0,0.00019758572
0,0,2.7638795e-05
0,0,3.4209513e-06
0,0,1.3606019e-05
0,0,0.0022410548
0,0,8.337844e-05
0,0,1.01440855e-05
0,0,5.467096e-05
0,0,4.9591345e-06
0,0,0.0006758499
0,0,0.0001689175
0,0,1.7234186e-05
0,0,4.023223e-05
0,0,6.354288e-06
0,0,4.7066525e-05
0,0,1.1890591e-05
0,0,2.621588e-05
0,0,1.8248778e-05
0,0,2.6130443e-05
0,0,1.118258e-05
0,0,9.788913e-06
0,0,1.864163e-05
0,0,1.1693416e-05
0,0,0.00012203755
0,0,5.6837027e-05
0,0,2.6596883e-05
0,0,2.4269808e-05
0,0,0.000765996
0,0,3.6045727e-05
0,0,3.6697238e-05
0,0,2.085186e-05
0,0,9.080802e-05
0,0,2.3238415e-05
0,0,1.3175558e-05
0,0,4.7174594e-06
0,0,9.832858e-05
0,0,2.0557304e-06
0,0,6.865976e-06
0,0,1.04940555e-05
0,0,1.0663571e-05
0,0,4.4519047e-06
0,0,3.8101198e-06
0,0,3.7108133e-05
0,0,0.00011608758
0,0,4.9462767e-05
0,0,1.0810238e-05
0,0,2.680954e-06
0,0,1.5930953e-05
0,0,0.00058251707
0,0,3.2464468e-05
0,0,9.210848e-06
0,0,0.0001494594
0,0,9.501734e-06
0,0,2.2493816e-05
0,0,0.0013206324
0,0,0.00014043605
0,0,0.001293092
0,0,7.4481686e-05
0,0,8.060007e-06
0,0,0.0005294141
0,0,5.165758e-05
0,0,4.6638e-05
0,0,0.0011610095
0,0,6.605862e-06
0,0,2.4528223e-05
0,0,4.271422e-05
0,0,3.9695706e-06
0,0,0.017051725
0,0,1.4818091e-05
0,0,1.4366918e-05
0,0,5.399164e-06
0,0,1.1375785e-05
0,0,3.2992677e-05
0,0,0.000202779
0,0,0.00047076514
0,0,5.6039687e-05
0,0,0.00043279195
0,0,5.3164535e-05
0,0,3.1235493e-05
0,0,1.026734e-05
0,0,2.8104378e-05
0,0,2.9847966e-05
0,0,1.7034054e-05
0,0,8.5383945e-05
0,0,0.000106827545
0,0,0.00011425947
0,0,0.0005601782
0,0,0.00019805084
0,0,2.0114649e-05
0,0,3.627653e-05
0,0,2.5770716e-05
0,0,2.2970686e-05
0,0,3.4123666e-05
0,0,8.1338885e-06
0,0,3.5888977e-05
0,0,8.8970904e-05
0,0,0.00016831154
0,0,1.6248736e-05
0,0,5.1191987e-06
0,0,4.7089376e-05
0,0,9.199722e-05
0,0,0.00013173537
0,0,0.000103249506
0,0,8.8253844e-05
0,0,1.7534887e-05
0,0,6.099007e-06
0,0,0.0021973231
0,0,4.4401854e-06
0,0,4.4394386e-05
0,0,2.6236114e-05
0,0,0.00026654344
0,0,2.0750671e-05
0,0,9.374562e-06
0,0,6.415556e-05
0,0,7.674211e-05
0,0,4.7696973e-05
0,0,3.109827e-05
0,0,7.09424e-06
0,0,5.3816486e-05
0,0,0.00010145671
0,0,7.287652e-06
0,0,0.0009858744
0,0,1.4513067e-05
0,0,0.0002093289
0,0,0.00055568595
0,0,4.884246e-05
0,0,9.019262e-05
0,0,6.3966045e-06
0,0,6.315417e-05
0,0,0.00013507878
0,0,7.4397904e-06
0,0,4.0880856e-05
0,0,4.482725e-05
0,0,0.0004660353
0,0,0.01508826
0,0,6.5684094e-06
0,0,1.3752689e-05
0,0,6.5525914e-05
0,0,5.655684e-06
0,0,2.9780327e-05
0,0,0.0001105066
0,0,5.2221334e-05
0,0,2.4302058e-06
0,0,0.00016787206
0,0,5.8850528e-05
0,0,0.008738929
0,0,7.942223e-05
0,0,0.0005479126
0,0,2.3943092e-05
0,0,2.024785e-05
0,0,8.2057006e-05
0,0,0.00033711668
0,0,4.66943e-05
0,0,4.9038474e-05
0,0,3.298689e-05
0,0,3.17359e-05
0,0,2.2653894e-05
0,0,2.4458254e-06
0,0,0.00054058013
0,0,0.00056688755
0,0,3.038149e-05
0,0,4.980208e-05
0,0,3.150777e-05
0,0,3.082706e-05
0,0,2.382211e-05
0,0,6.125944e-06
0,0,1.1961961e-05
0,0,1.9727522e-05
0,0,7.8045e-06
0,0,1.9791138e-05
0,0,1.31232655e-05
0,0,2.0379795e-05
0,0,2.2834856e-06
0,0,9.998816e-06
0,0,0.00013092288
0,0,2.5274036e-05
0,0,9.239135e-05
0,0,2.076124e-05
0,0,4.1429935e-06
0,0,3.625899e-06
0,0,0.0012651134
0,0,9.950142e-06
0,0,2.2344499e-05
0,0,2.676142e-05
0,0,7.65438e-06
0,0,3.689448e-05
0,0,1.0598381e-05
0,0,2.1659958e-05
0,0,0.00028819978
0,0,4.6547734e-06
0,0,0.00013962408
0,0,3.5686116e-05
0,0,0.00022419011
0,0,0.0005983328
0,0,0.0022661886
0,0,8.273177e-05
0,0,1.0825351e-05
0,0,4.2215197e-05
0,0,6.813526e-06
0,0,1.0267801e-05
0,0,5.9494483e-05
0,0,2.8932758e-05
0,0,2.1298143e-05
0,0,2.2717172e-06
0,0,5.7210636e-06
0,0,7.3258866e-06
0,0,1.6360284e-05
0,0,2.5377876e-06
0,0,1.897767e-05
0,0,2.7240635e-06
0,0,2.212107e-05
0,0,0.00024083475
0,0,2.6649517e-05
0,0,1.2754882e-05
0,0,1.6308768e-05
0,0,4.6995883e-05
0,0,5.2110798e-05
0,0,0.0003314546
0,0,2.04078e-05
0,0,3.2064265e-05
0,0,6.1269834e-06
0,0,0.00022202289
0,0,5.410646e-05
0,0,2.0037702e-05
0,0,0.000118017626
0,0,0.0007704265
0,0,1.0820232e-05
0,0,1.3016174e-05
0,0,2.6711294e-05
0,0,0.00017542847
0,0,8.059423e-06
0,0,9.862114e-06
0,0,4.5812712e-06
0,0,0.010161036
0,0,5.8959115e-05
0,0,7.121791e-05
0,0,2.0741252e-06
0,0,0.000121700534
0,0,6.763241e-05
0,0,1.496561e-06
0,0,0.00019380488
0,0,2.6821896e-05
0,0,1.2291596e-05
0,0,4.9394188e-05
0,0,0.000111210626
0,0,0.00014241393
0,0,0.00017167922
0,0,0.00034986777
0,0,6.8815116e-06
0,0,4.3059892e-05
0,0,0.0006697719
0,0,2.6209806e-05
0,0,1.3730096e-05
0,0,5.3100084e-05
0,0,4.4817193e-06
0,0,0.00015811897
0,0,0.00028916475
0,0,5.2042888e-06
0,0,5.507325e-05
0,0,0.001664551
0,0,3.2009422e-05
0,0,4.380295e-05
0,0,0.00035379306
0,0,3.775295e-05
0,0,1.8577826e-05
0,0,5.189651e-05
0,0,6.502228e-05
0,0,2.8579348e-06
0,0,0.00010591314
0,0,4.2050782e-05
0,0,4.3296172e-06
0,0,1.2311176e-05
0,0,0.0071135373
0,0,0.0045831394
0,0,1.9566372e-05
0,0,1.6927886e-05
0,0,8.477218e-06
0,0,8.606448e-05
0,0,1.4552496e-05
0,0,0.00034547545
0,0,6.353279e-05
0,0,8.518371e-06
0,0,7.762273e-06
0,0,0.00014139678
0,0,0.00014806405
0,0,6.338967e-05
0,0,4.9204864e-05
0,0,0.0010992723
0,0,0.0029262642
0,0,4.5154527e-05
0,0,1.7062213e-05
0,0,0.0002872189
0,0,9.788943e-05
0,0,3.933771e-05
0,0,0.0002290911
0,0,9.474372e-05
0,0,2.6435502e-05
0,0,1.209882e-05
0,0,2.5101643e-05
0,0,0.0037231075
0,0,0.00012157144
0,0,2.6432679e-05
0,0,5.744295e-05
0,0,9.753718e-06
0,0,1.7765891e-05
0,0,8.5684514e-05
0,0,0.00027841824
0,0,8.458919e-06
0,0,2.1287078e-05
0,0,4.052936e-05
0,0,6.7603223e-06
0,0,0.000116977
0,0,2.6867594e-05
0,0,3.6184214e-05
0,0,0.0005327292
0,0,8.781817e-06
0,0,8.948201e-06
0,0,6.108645e-05
0,0,2.2664115e-05
0,0,3.9743777e-06
0,0,4.6409614e-06
0,0,1.7887683e-05
0,0,0.0007373713
0,0,3.7656195e-05
0,0,1.558745e-05
0,0,2.521301e-05
0,0,1.0900863e-05
0,0,6.876753e-05
0,0,8.852432e-05
0,0,4.4860604e-05
0,0,0.00023270791
0,0,5.05607e-05
0,0,0.00041795574
0,0,3.9131173e-05
0,0,3.4199216e-05
0,0,2.8052218e-05
0,0,1.1413569e-05
0,0,1.1783947e-05
0,0,0.0011928185
0,0,6.689586e-05
0,0,0.00010214214
0,0,7.749919e-06
0,0,1.2082988e-05
0,0,2.1389671e-06
0,0,0.0004592849
0,0,7.683335e-06
0,0,6.033254e-06
0,0,0.003516885
0,0,3.5116213e-06
0,0,0.0033296375
0,0,1.648995e-05
0,0,2.3171096e-05
0,0,5.468812e-06
0,0,0.00028478797
0,0,5.0333394e-05
0,0,7.3186275e-05
0,0,6.8300506e-05
0,0,0.00014442613
0,0,1.0181361e-05
0,0,2.368655e-05
0,0,2.7374153e-06
0,0,6.6968155e-06
0,0,8.818385e-05
0,0,0.0018139975
0,0,9.709346e-05
0,0,2.54497e-05
0,0,8.861318e-06
0,0,3.9553584e-06
0,0,0.00016333383
0,0,5.90085e-05
0,0,3.2533768e-05
0,0,0.0001354983
0,0,0.0007478822
0,0,0.00015838773
0,0,5.2168757e-06
0,0,0.00012251595
0,0,7.953239e-06
0,0,2.7475677e-05
0,0,0.00056065276
0,0,4.5562438e-06
0,0,4.3145632e-05
0,0,1.8890978e-05
0,0,0.0012392682
0,0,0.0002877761
0,0,8.0851285e-05
0,0,4.5390163e-05
0,0,9.5429705e-06
0,0,9.0002744e-05
0,0,9.67036e-06
0,0,2.7380656e-06
0,0,9.340223e-06
0,0,1.8922334e-05
0,0,3.70245e-05
0,0,1.1910589e-05
0,0,3.7241807e-06
0,0,5.186455e-05
0,0,1.2389074e-05
0,0,0.00017275942
0,0,8.1931204e-05
0,0,0.0005309071
0,0,3.0370888e-05
0,0,7.571276e-05
0,0,1.8149885e-05
0,0,1.7192211e-05
0,0,0.00041370318
0,0,0.00040313476
0,0,0.0002485491
0,0,1.3399245e-05
0,0,2.853984e-05
0,0,6.33028e-05
0,0,1.6201851e-05
0,0,1.485543e-05
0,0,0.00014941608
0,0,8.126817e-06
0,0,3.0281294e-06
0,0,4.2314186e-05
0,0,1.8091236e-05
0,0,0.00018875013
0,0,2.5017498e-05
0,0,0.00014163915
0,0,1.5116081e-05
0,0,9.260463e-05
0,0,8.574868e-05
0,0,2.4609832e-05
0,0,2.406359e-05
0,0,0.00019997322
0,0,4.5392944e-06
0,0,0.00030163897
0,0,4.871138e-05
0,0,5.2536518e-05
0,0,8.23271e-05
0,0,7.385492e-06
0,0,3.1956657e-05
0,0,0.0025796671
0,0,1.17335185e-05
0,0,1.6504063e-06
0,0,2.4195742e-05
0,0,2.8247487e-05
0,0,5.612983e-06
0,0,2.3456523e-05
0,0,7.332676e-05
0,0,1.13395e-05
0,0,3.4392866e-05
0,0,1.6334701e-05
0,0,6.487029e-05
0,0,1.1983998e-05
0,0,1.5866439e-05
0,0,1.2779489e-05
0,0,9.623934e-05
0,0,0.0009059065
0,0,0.0002658227
0,0,1.1474379e-05
0,0,0.00010678579
0,0,0.0003002254
0,0,3.51835e-05
0,0,3.1307784e-05
0,0,3.3732882e-05
0,0,0.00045734775
0,0,0.00014376236
0,0,1.0038734e-05
0,0,5.0410254e-05
0,0,1.4785962e-05
0,0,9.77498e-05
0,0,0.00037900914
0,0,0.0004839538
0,0,2.9198352e-05
0,0,4.686358e-06
0,0,0.0002696647
0,0,2.5820875e-05
0,0,5.750313e-05
0,0,8.208205e-05
0,0,0.00010743107
0,0,2.437572e-05
0,0,2.8061637e-05
0,0,3.644265e-06
0,0,2.2972088e-05
0,0,0.0014046845
0,0,3.293578e-05
0,0,8.105609e-06
0,0,2.2615732e-05
0,0,9.147384e-05
0,0,2.3115987e-05
0,0,0.00016613316
0,0,0.0009753295
0,0,8.242075e-06
0,0,1.0505841e-05
0,0,1.4158799e-05
0,0,4.7393238e-05
0,0,2.280089e-06
0,0,5.5541816e-05
0,0,1.3888548e-05
0,0,8.432541e-05
0,0,5.9924837e-06
0,0,2.6936602e-06
0,0,9.6458185e-05
0,0,0.00016787942
0,0,4.5404577e-05
0,0,7.318579e-05
0,0,6.2935687e-06
0,0,0.00012088307
0,0,2.6286827e-05
0,0,9.9685485e-06
0,0,0.00038316613
0,0,8.87665e-05
0,0,0.000106060594
0,0,9.424479e-05
0,0,4.3317057e-05
0,0,1.7459613e-05
0,0,7.4608133e-06
0,0,7.468951e-05
0,0,1.4278163e-05
0,0,1.9879533e-05
0,0,0.0010911132
0,0,8.491187e-05
0,0,0.0018515703
0,0,4.2164742e-05
0,0,0.000150479
0,0,0.000106533145
0,0,0.00014566188
0,0,7.879782e-05
1,0,0.0038960641
0,0,0.00029294827
0,0,0.0002443043
0,0,0.0006950138
0,0,7.256472e-05
0,0,2.6791655e-05
0,0,1.213279e-05
0,0,0.0014081172
0,0,0.00011690452
0,0,6.9901926e-06
0,0,4.021658e-05
0,0,2.4294146e-05
0,0,6.631666e-05
0,0,4.633032e-05
0,0,1.908819e-05
0,0,2.6508107e-05
0,0,5.4736333e-06
0,0,0.00036368854
0,0,3.734902e-05
0,0,5.0012157e-05
0,0,1.721134e-05
0,0,6.2065174e-06
0,0,1.9555271e-05
0,0,2.1101754e-05
0,0,2.6875307e-05
0,0,0.00011495431
0,0,9.880113e-06
0,0,1.1264193e-05
0,0,1.8238514e-05
0,0,1.8007493e-05
0,0,6.7126864e-05
0,0,0.00017222158
0,0,0.00029831377
0,0,3.0937204e-05
0,0,9.537944e-05
0,0,1.0830422e-05
0,0,0.00016918605
0,0,0.00010816439
0,0,5.149773e-05
0,0,5.580834e-05
0,0,2.8997008e-05
0,0,2.9884927e-06
0,0,0.015872406
0,0,6.88099e-05
0,0,8.793823e-05
0,0,5.612344e-05
0,0,2.5124513e-05
0,0,3.534125e-05
0,0,4.3975557e-05
0,0,1.7949627e-05
0,0,1.9176946e-06
0,0,0.00014754906
0,0,2.5678597e-05
0,0,2.680895e-06
0,0,1.001736e-06
0,0,9.608877e-06
0,0,8.199036e-06
0,0,0.00016556545
0,0,1.0940815e-05
0,0,3.1636213e-05
0,0,9.939661e-06
0,0,2.3482757e-05
0,0,5.6437515e-05
0,0,1.0498909e-05
0,0,2.8427441e-05
0,0,0.07898839
0,0,9.008775e-05
0,0,2.0298039e-05
0,0,2.2589971e-05
0,0,0.00013163165
0,0,3.0884028e-05
0,0,0.041153613
0,0,1.8983606e-05
0,0,1.4964033e-05
0,0,0.00014468291
0,0,3.5687684e-05
0,0,0.00015667565
0,0,0.00013146394
0,0,6.138614e-05
0,0,0.00030550733
0,0,1.9336852e-05
0,0,0.00061517424
0,0,1.415973e-05
0,0,4.318096e-06
0,0,1.8031913e-05
0,0,1.0198873e-05
0,0,4.6462566e-05
0,0,7.341856e-05
0,0,7.6006094e-05
0,0,1.9751977e-05
0,0,2.6672882e-05
0,0,1.7662807e-05
0,0,2.46861e-06
0,0,4.298957e-06
0,0,0.00013957843
0,0,1.9328207e-05
0,0,4.882336e-05
0,0,6.173901e-06
0,0,8.079495e-05
0,0,0.00016889865
0,0,5.7097104e-06
0,0,9.075859e-05
0,0,9.6680116e-05
0,0,1.8661834e-05
0,0,0.00052786246
0,0,3.4499528e-05
0,0,0.00017096127
0,0,4.915589e-06
0,0,0.00015615021
0,0,7.030775e-05
0,0,8.141313e-05
0,0,7.950081e-05
0,0,7.46883e-06
0,0,0.00010001802
0,0,0.0011384235
0,0,2.1499663e-05
0,0,5.040621e-05
0,0,2.1982385e-06
0,0,1.6816077e-05
0,0,0.0020574373
0,0,4.558945e-05
0,0,3.712091e-05
0,0,4.1148898e-05
0,0,1.24496555e-05
0,0,4.6719597e-05
0,0,1.5185609e-05
0,0,0.0001186941
0,0,0.0001985534
0,0,6.843983e-05
0,0,0.00035663185
0,0,1.0706705e-05
0,0,3.5207366e-05
0,0,3.8254897e-05
0,0,6.38138e-05
0,0,2.7163846e-06
0,0,1.6642023e-05
0,0,4.0169816e-05
0,0,9.2944e-06
0,0,5.2523388e-05
0,0,5.6011475e-05
0,0,2.3509847e-05
0,0,5.3412928e-06
0,0,9.373544e-05
0,0,7.825015e-05
0,0,3.3006888e-06
0,0,2.2314409e-05
0,0,1.1597362e-05
0,0,2.5818779e-06
0,0,1.5275737e-05
0,0,0.0006716137
0,0,3.5594658e-06
0,0,0.00019285188
0,0,6.1636965e-05
0,0,3.067132e-05
0,0,3.3487555e-05
0,0,2.2169686e-05
0,0,2.0434949e-05
0,0,0.00026422524
0,0,5.6417444e-05
0,0,3.222044e-05
0,0,0.00065793167
0,0,0.00025043878
0,0,8.5561405e-06
0,0,0.000104892475
0,0,2.4044413e-05
0,0,7.106778e-05
0,0,0.00012167257
0,0,7.256998e-05
0,0,7.788611e-06
0,0,0.0013130446
0,0,7.205593e-06
0,0,9.24412e-06
0,0,0.00035725697
0,0,1.6123735e-05
0,0,0.0005500889
0,0,0.00014289642
0,0,0.0018487745
0,0,8.036411e-05
0,0,4.5161887e-05
0,0,1.8665893e-05
0,0,0.00024408243
0,0,0.00019584493
0,0,8.9417525e-05
0,0,0.00016647362
0,0,4.4492543e-05
0,0,3.2862504e-06
0,0,0.000383749
0,0,3.4785757e-05
0,0,3.6900224e-06
0,0,1.8351764e-05
0,0,5.171324e-06
0,0,7.974338e-06
0,0,1.6487875e-05
0,0,2.627535e-05
0,0,1.4714672e-05
0,0,0.00021940711
0,0,1.4584799e-05
0,0,0.00024385702
0,0,4.7572506e-05
0,0,1.2965072e-05
0,0,2.4101899e-05
0,0,5.1343163e-06
0,0,0.00015123562
0,0,5.5617393e-06
0,0,4.4842127e-05
0,0,0.00043327428
0,0,0.00022006371
0,0,0.00015113356
0,0,7.414578e-05
0,0,1.739168e-05
0,0,6.0968312e-05
0,0,0.00016743834
0,0,4.090222e-05
0,0,0.00019283955
0,0,8.960591e-05
0,0,1.7700613e-05
0,0,1.2618493e-05
0,0,9.088798e-05
0,0,1.643834e-05
0,0,7.042518e-05
0,0,1.1895639e-05
0,0,1.0626471e-06
0,0,6.877647e-06
0,0,3.602394e-05
0,0,3.268973e-05
0,0,1.1301606e-05
0,0,3.6792448e-05
0,0,1.697961e-05
0,0,3.224955e-05
0,0,1.798616e-05
0,0,3.0997944e-06
0,0,0.00025598935
0,0,7.975403e-06
0,0,1.36224035e-05
0,0,0.00064408843
0,0,2.6925663e-05
0,0,2.7832724e-05
0,0,1.5493135e-05
0,0,0.00046428607
0,0,7.491956e-05
0,0,7.36018e-05
0,0,3.3738681e-06
0,0,2.1242422e-05
0,0,1.4696705e-05
0,0,3.8044739e-06
0,0,1.117678e-05
0,0,6.548937e-05
0,0,3.4524576e-06
0,0,6.671805e-05
0,0,2.4612766e-05
0,0,0.00013429395
0,0,0.00013076332
0,0,1.1354878e-05
0,0,3.0612704e-05
0,0,1.0180963e-05
0,0,2.5593834e-05
0,0,5.0351973e-05
0,0,3.3197568e-05
0,0,0.00016906478
0,0,9.106986e-06
0,0,3.0519397e-05
0,0,7.9835445e-06
0,0,0.00015801664
0,0,2.0859157e-05
0,0,9.548955e-05
0,0,3.1084684e-05
0,0,5.3444514e-06
0,0,2.3033446e-05
0,0,0.0004292723
0,0,5.5049204e-05
0,0,0.0001559654
0,0,1.910039e-05
0,0,1.3890839e-05
0,0,1.6640071e-05
0,0,1.29634645e-05
0,0,5.0704944e-06
0,0,5.1589548e-05
0,0,3.5762565e-05
0,0,2.8463872e-05
0,0,0.00010189126
0,0,9.568423e-06
0,0,9.652987e-05
0,0,3.6051897e-06
0,0,0.00033058264
0,0,3.146048e-05
0,0,5.251623e-05
0,0,6.9219773e-06
0,0,0.00036732963
0,0,7.1559174e-05
0,0,0.00027829723
0,0,0.0004207009
0,0,2.848546e-05
0,0,5.199717e-05
0,0,6.2158883e-06
0,0,1.0623689e-05
0,0,0.00011159103
0,0,0.00038227826
0,0,3.472699e-05
0,0,9.577361e-05
0,0,4.3972996e-05
0,0,6.2087194e-05
0,0,1.4106465e-05
0,0,1.8155182e-05
0,0,2.4059618e-05
0,0,2.6477586e-05
0,0,1.610253e-05
0,0,8.071722e-06
0,0,2.468363e-06
0,0,0.0001630113
0,0,0.00038671982
0,0,9.18384e-05
0,0,2.6922198e-05
0,0,7.2229104e-06
0,0,1.032111e-05
0,0,4.8737047e-06
0,0,8.069906e-06
0,0,2.1898477e-05
0,0,2.5204186e-05
0,0,1.1622939e-05
0,0,4.8853663e-06
0,0,0.028209848
0,0,1.686268e-05
0,0,6.1744504e-05
0,0,0.00031337078
0,0,1.9408994e-06
0,0,6.0520806e-06
0,0,3.2146196e-05
0,0,1.05170075e-05
0,0,2.1304217e-05
0,0,0.00023721943
0,0,1.2886831e-05
0,0,1.1598645e-05
0,0,4.6448167e-05
0,0,1.0699499e-05
0,0,0.00016387484
0,0,9.650778e-05
0,0,3.0967134e-05
0,0,4.4385157e-05
0,0,4.0929262e-05
0,0,0.0019359364
0,0,2.4098978e-05
0,0,2.7105518e-06
0,0,2.6674661e-05
0,0,3.063596e-06
0,0,1.30907665e-05
0,0,4.193397e-06
0,0,0.00018337778
0,0,8.956498e-06
0,0,5.8762985e-06
0,0,4.7647077e-06
0,0,0.00012401362
0,0,0.0009126163
0,0,0.00018496525
0,0,1.304396e-05
0,0,3.1747172e-06
0,0,4.1859057e-05
0,0,7.144932e-06
0,0,2.8569442e-05
0,0,7.169066e-05
0,0,5.365646e-06
0,0,4.5780667e-05
0,0,3.1511918e-05
0,0,2.9499704e-05
0,0,0.0014899557
0,0,1.4423478e-05
0,0,0.013333646
0,0,1.8166849e-06
0,0,0.00010028706
0,0,5.0103907e-05
0,0,8.614994e-06
0,0,0.000440121
0,0,4.0080813e-05
0,0,0.00078198325
0,0,4.9673214e-05
0,0,3.2218377e-05
0,0,4.143185e-05
0,0,8.808627e-05
0,0,2.590493e-05
0,0,1.804399e-05
0,0,4.904239e-06
0,0,2.458691e-05
0,0,6.9166934e-05
0,0,1.6839844e-05
0,0,2.1539065e-05
0,0,2.1460293e-05
0,0,2.5545482e-05
0,0,2.0269777e-05
0,0,3.307082e-06
0,0,2.312668e-05
0,0,8.122291e-05
0,0,1.6104634e-05
0,0,5.956635e-05
0,0,3.3163713e-05
0,0,2.4289537e-05
0,0,5.2256396e-06
0,0,0.00020450573
0,0,1.6030654e-05
0,0,0.00013649162
0,0,1.8487972e-05
0,0,1.924232e-05
0,0,5.77681e-05
0,0,2.4220653e-05
0,0,1.2576241e-05
0,0,0.00012230025
0,0,7.6184384e-05
0,0,1.2359065e-05
0,0,2.984196e-05
0,0,0.0006467587
0,0,2.226161e-05
0,0,1.6389438e-06
0,0,1.8064873e-05
0,0,1.5125744e-05
0,0,7.33608e-06
0,0,9.049111e-06
0,0,0.00066501304
0,0,0.00027346815
0,0,0.0003939106
0,0,1.4236245e-05
0,0,8.735159e-06
0,0,4.0985702e-05
0,0,7.95523e-05
0,0,1.8640703e-05
0,0,0.0007966909
0,0,7.944529e-06
0,0,8.765559e-06
0,0,2.1736045e-05
0,0,2.1246475e-05
0,0,2.5473983e-05
0,0,2.8427773e-06
0,0,1.779869e-05
0,0,0.00028703164
0,0,2.5020838e-05
0,0,3.1022223e-06
0,0,0.00015430467
0,0,6.439363e-06
0,0,0.00019832012
0,0,9.583638e-06
0,0,0.0001807168
0,0,5.5651985e-06
0,0,0.00040268846
0,0,8.742777e-05
0,0,7.763856e-06
0,0,0.00013625456
0,0,0.0002742096
0,0,1.0437006e-05
0,0,0.00067981373
0,0,5.0056293e-05
0,0,7.106384e-05
0,0,3.6800164e-05
0,0,1.5806932e-05
0,0,0.000554291
0,0,1.8157918e-05
0,0,3.1528267e-05
0,0,1.1084273e-05
0,0,0.00025734212
0,0,7.331485e-06
0,0,3.957936e-05
1,1,0.9873418
0,0,9.36094e-05
0,0,2.4339506e-05
0,0,6.456563e-06
0,0,9.3423914e-05
0,0,0.000106067164
0,0,1.9192983e-05
0,0,2.0510526e-05
0,0,1.9644674e-05
0,0,1.3475287e-05
0,0,8.306109e-05
0,0,3.7804223e-06
0,0,8.287727e-06
0,0,1.7200839e-05
0,0,2.2189759e-05
0,0,4.894723e-05
0,0,1.265554e-05
0,0,9.566197e-06
0,0,0.00017160541
0,0,9.812176e-05
0,0,0.0027058213
0,0,0.0002959151
0,0,2.578962e-05
0,0,0.00041268184
0,0,9.802693e-06
0,0,1.4785412e-05
0,0,1.814158e-05
0,0,6.7270466e-06
0,0,1.1099865e-05
0,0,2.0021427e-05
0,0,6.481828e-05
0,0,6.6008242e-06
0,0,0.00011309172
0,0,5.4706325e-06
0,0,8.410825e-05
0,0,2.3018909e-05
0,0,9.823525e-06
0,0,4.361288e-05
0,0,0.0003181242
0,0,8.726376e-05
0,0,1.5769549e-05
0,0,5.6600828e-05
0,0,0.00017833592
0,0,4.772498e-06
0,0,9.446664e-06
0,0,4.3039076e-05
0,0,2.1290509e-05
0,0,0.00012849088
0,0,7.4699483e-06
0,0,0.0001796905
0,0,2.5921265e-05
0,0,0.00020564454
0,0,1.7743965e-05
0,0,2.2922327e-06
0,0,8.90315e-05
0,0,6.299502e-05
0,0,7.939989e-05
0,0,0.00054001214
0,0,9.788783e-06
0,0,4.6382396e-05
0,0,5.5616015e-06
0,0,0.003398038
0,0,3.513569e-05
0,0,2.308777e-06
0,0,1.6033131e-05
0,0,1.8336528e-05
0,0,1.0409878e-05
0,0,0.00012027688
0,0,9.779004e-06
0,0,2.796994e-06
0,0,2.208235e-05
0,0,2.4138772e-05
0,0,1.1844709e-05
0,0,1.046155e-05
0,0,6.334104e-06
0,0,3.099937e-05
0,0,0.0006788543
0,0,6.917201e-05
0,0,1.2050824e-05
0,0,0.00020856068
0,0,2.2282746e-05
0,0,1.297587e-05
0,0,0.00049763
0,0,1.312374e-05
0,0,8.705262e-06
0,0,2.3984205e-05
0,0,0.0010948323
0,0,0.0003172743
0,0,4.0244624e-05
0,0,2.8596074e-05
0,0,3.3336462e-05
0,0,7.726481e-06
0,0,8.8123576e-05
0,0,1.916436e-05
0,0,1.1435827e-05
0,0,1.0087035e-05
0,0,2.997582e-05
0,0,9.753932e-06
0,0,3.3643828e-05
0,0,2.0370875e-05
0,0,6.5219196e-05
0,0,1.6595e-05
0,0,1.4792209e-05
0,0,0.00014173995
0,0,8.227804e-05
0,0,1.1659898e-05
0,0,3.571663e-06
0,0,8.331168e-05
0,0,0.0004811656
0,0,0.0017872645
0,0,0.00013038443
0,0,1.6478976e-05
0,0,3.6831483e-05
0,0,0.000119908145
0,0,0.0017744731
0,0,9.607219e-06
0,0,1.2253454e-06
0,0,3.3942822e-05
0,0,8.363241e-06
0,0,1.9703682e-05
0,0,5.216474e-05
0,0,0.00010757818
0,0,0.00020691352
0,0,6.6712644e-05
0,0,6.667931e-05
0,0,0.00013224586
0,0,8.749365e-05
0,0,6.7275473e-06
0,0,0.0017931825
0,0,2.5119076e-05
0,0,7.090324e-06
0,0,0.002049878
0,0,1.9231086e-06
0,0,0.00013711634
0,0,1.0480573e-05
0,0,1.7805665e-05
0,0,0.00019344802
0,0,5.1299407e-06
0,0,1.9464105e-05
0,0,3.423448e-06
0,0,2.9198716e-05
0,0,2.5257024e-05
0,0,8.421556e-05
0,0,1.2874966e-05
0,0,2.5766192e-05
0,0,0.0026845695
0,0,7.05315e-05
0,0,7.533951e-06
0,0,5.700135e-06
0,0,1.22799975e-05
0,0,4.5994213e-05
0,0,1.188999e-05
0,0,2.8299128e-06
0,0,3.4895845e-06
0,0,5.2604242e-05
0,0,3.232366e-05
0,0,0.0005794554
0,0,0.00012472898
0,0,5.8991223e-05
0,0,4.872411e-05
0,0,6.1539e-05
0,0,3.581212e-05
0,0,9.696781e-06
0,0,6.265736e-05
0,0,2.1532e-05
0,0,0.00011654644
0,0,0.00014333148
0,0,5.355319e-05
0,0,0.00052490894
0,0,1.540487e-05
0,0,9.9106415e-05
0,0,0.0001267826
0,0,6.381581e-05
0,0,0.00018058262
0,0,0.00031128345
0,0,2.7246813e-05
0,0,2.5180307e-05
0,0,7.495501e-05
0,0,9.414194e-05
0,0,4.592492e-05
0,0,1.8492821e-05
0,0,0.0027607672
0,0,3.0978033e-05
0,0,4.2212578e-05
0,0,0.00022934747
0,0,0.00014359686
0,0,1.4662468e-06
0,0,0.0003240958
0,0,2.6003934e-05
0,0,8.419773e-05
0,0,3.4966602e-06
0,0,1.45579925e-05
0,0,0.00019252521
0,0,1.8848887e-05
0,0,4.2079584e-05
0,0,0.00064528384
0,0,2.4724575e-06
0,0,0.00013303368
0,0,0.00022867516
0,0,0.0001595575
0,0,9.86391e-06
0,0,2.2539016e-05
0,0,1.0666266e-05
0,0,4.220505e-05
0,0,2.4824329e-05
0,0,1.1124462e-05
0,0,4.673179e-06
0,0,5.409534e-06
0,0,2.5228548e-05
0,0,7.5149205e-06
0,0,0.00028733307
0,0,9.390444e-05
0,0,1.1849555e-05
0,0,1.3615314e-05
0,0,0.00031054713
0,0,1.378365e-05
0,0,1.4803711e-05
0,0,0.0001980688
0,0,1.8100156e-05
0,0,0.0028535584
0,0,1.4320642e-05
0,0,0.0015636851
0,0,7.387653e-05
0,0,4.093586e-05
0,0,8.082853e-06
0,0,7.955773e-06
0,0,2.0238467e-05
0,0,1.578211e-05
0,0,5.1531377e-05
0,0,8.845555e-05
0,0,3.1138505e-05
0,0,0.00025879184
0,0,3.84587e-06
0,0,8.048931e-06
0,0,4.9144364e-06
0,0,3.5557678e-06
0,0,1.6336182e-05
0,0,5.957209e-05
0,0,2.3382532e-05
0,0,0.00013791017
0,0,0.00012543268
0,0,0.0007703659
0,0,0.00035347498
0,0,6.041775e-06
0,0,4.3363157e-06
0,0,3.8622045e-05
0,0,0.0001254681
0,0,4.76146e-06
0,0,0.000113249494
0,0,1.32814e-05
0,0,5.9337195e-05
0,0,0.00054548925
0,0,4.798229e-05
0,0,4.0906048e-06
0,0,3.6642163e-05
0,0,0.00018752884
0,0,1.4830885e-05
0,0,2.2394119e-05
0,0,4.550879e-05
0,0,2.6737926e-05
0,0,6.4081205e-06
0,0,1.0542996e-05
0,0,5.9552887e-05
0,0,1.3722686e-05
0,0,0.0016645247
0,0,0.003256906
0,0,2.4381623e-05
0,0,3.3154603e-05
0,0,7.6916775e-05
0,0,0.00029865952
0,0,1.4498568e-05
0,0,2.7010972e-05
0,0,0.00060355524
0,0,6.692317e-05
0,0,1.6425036e-05
0,0,6.527843e-05
0,0,0.0003994773
0,0,7.431985e-05
0,0,8.390645e-05
0,0,0.00021685688
0,0,8.455773e-06
0,0,5.556205e-05
0,0,2.059626e-05
0,0,9.804647e-05
0,0,2.3046363e-05
0,0,1.6368102e-05
0,0,3.7506559e-06
0,0,0.00018913006
0,0,0.0010708184
0,0,0.0015235976
0,0,1.6255308e-05
0,0,2.8146625e-05
0,0,4.3180758e-06
0,0,1.0414237e-05
0,0,4.8220218e-06
0,0,4.2460757e-05
0,0,1.160327e-05
0,0,0.00010294896
0,0,0.00024390122
0,0,0.0007616796
0,0,1.6315817e-05
0,0,0.005095806
0,0,1.5512991e-05
0,0,1.3152998e-05
0,0,0.00031382762
0,0,0.00034935764
0,0,0.0008819678
0,0,1.3964796e-05
0,0,2.1715097e-05
0,0,0.000627703
0,0,1.7019294e-05
0,0,7.035704e-06
0,0,2.5739695e-05
0,0,5.0252962e-05
0,0,1.1106897e-05
0,0,3.119989e-05
0,0,3.426434e-05
0,0,0.0012680944
0,0,0.0005636509
0,0,2.4791869e-05
0,0,8.089957e-05
0,0,0.00010432589
0,0,0.000104319115
0,0,7.754151e-05
0,0,1.92879e-05
0,0,9.452443e-05
0,0,0.0001489488
0,0,0.00057020533
0,0,2.9844607e-05
0,0,4.1786585e-05
0,0,2.534879e-05
0,0,2.0927482e-05
0,0,4.597606e-05
0,0,1.9326695e-05
0,0,9.813768e-06
0,0,1.4603129e-05
0,0,2.6851585e-05
0,0,1.4264336e-05
0,0,0.003968312
0,0,4.8884795e-06
0,0,0.00025154988
0,0,8.6068885e-06
0,0,3.3014444e-06
0,0,7.350753e-05
0,0,2.0705225e-05
0,0,5.2553655e-06
0,0,4.721438e-05
0,0,3.3894578e-06
0,0,0.00072060584
0,0,4.9448336e-05
0,0,0.00012257157
0,0,1.1693103e-05
0,0,1.06568405e-05
0,0,3.584109e-05
0,0,0.000120421144
0,0,7.203398e-05
0,0,3.7411937e-05
0,0,3.0841617e-05
0,0,2.9848024e-05
0,0,0.00018060052
0,0,5.7951507e-05
0,0,5.3284166e-05
0,0,1.5961732e-05
0,0,6.457576e-05
0,0,0.00029335968
0,0,6.8104073e-06
0,0,8.5211905e-06
0,0,0.00018291413
0,0,0.00032082913
0,0,0.00032257146
0,0,2.7813461e-05
0,0,1.0999987e-05
0,0,4.6788155e-06
0,0,0.00018270043
0,0,4.00252e-05
0,0,5.430547e-05
0,0,0.0001272745
0,0,5.0935882e-06
0,0,1.8785271e-05
0,0,1.5464764e-05
0,0,5.0537757e-05
0,0,5.2969248e-05
0,0,0.000116997086
0,0,9.2034774e-05
0,0,8.601817e-06
0,0,7.155945e-05
0,0,5.9183254e-05
0,0,1.3290333e-05
0,0,2.3315886e-05
0,0,0.0007692014
0,0,0.00014255346
0,0,3.988468e-05
0,0,6.0693525e-05
0,0,8.009496e-05
0,0,6.620052e-05
0,0,5.4362623e-05
0,0,9.35033e-06
0,0,0.00031670582
0,0,6.907885e-06
0,0,1.1247276e-05
0,0,0.00011001841
0,0,8.036119e-05
0,0,0.000100453406
0,0,8.829642e-06
0,0,9.453576e-06
0,0,1.1937232e-05
0,0,0.00016058623
0,0,0.00030165998
0,0,2.402782e-06
0,0,7.795663e-06
0,0,1.274761e-05
0,0,2.6647294e-06
0,0,3.517602e-05
0,0,0.0010991519
0,0,3.1930704e-05
0,0,2.1080816e-05
0,0,3.208999e-05
0,0,0.00017813673
0,0,0.0001158915
0,0,2.3482555e-05
0,0,8.097065e-05
0,0,6.9625353e-06
0,0,2.5213587e-05
0,0,4.5736986e-05
0,0,8.505959e-06
0,0,0.00027510175
0,0,0.0004988957
0,0,0.00012587337
0,0,0.00025666997
0,0,1.0526771e-05
0,0,0.00035128702
0,0,1.8064358e-05
0,0,0.0003402629
0,0,0.0012409632
0,0,7.727727e-06
0,0,9.895702e-05
0,0,0.00016720733
0,0,4.5473345e-05
0,0,2.0498675e-05
0,0,2.035567e-05
0,0,5.545359e-05
0,0,0.005787115
0,0,1.0898369e-05
0,0,6.5264494e-06
0,0,4.09288e-06
0,0,0.00031491587
0,0,1.8612903e-06
0,0,5.478756e-05
0,0,4.41448e-05
0,0,0.0010616907
0,0,0.0006378839
0,0,0.00020505498
0,0,0.00048584928
0,0,1.32965715e-05
0,0,9.2131495e-06
0,0,0.000150053
0,0,3.0704214e-05
0,0,9.91637e-06
0,0,0.00012757693
0,0,0.00018217039
0,0,0.000118620446
0,0,1.2699173e-05
0,0,4.019848e-05
0,0,0.0004252659
0,0,2.864408e-05
0,0,7.604185e-06
0,0,0.00016918442
0,0,5.280116e-05
0,0,6.516206e-06
0,0,1.4748022e-05
0,0,2.0183921e-05
0,0,5.4304087e-07
0,0,1.5120869e-05
0,0,0.08964704
0,0,5.2363008e-05
0,0,5.4151467e-05
0,0,1.7309707e-05
0,0,1.6615619e-05
0,0,2.8217899e-05
0,0,0.0027036553
0,0,4.989162e-06
0,0,0.0005941234
0,0,0.000105100225
0,0,0.00010913559
0,0,1.9040284e-05
0,0,0.0009780634
0,0,3.3650373e-05
0,0,2.6612335e-05
0,0,8.0142934e-05
0,0,1.6671109e-05
0,0,7.6911565e-05
0,0,3.2250442e-05
0,0,6.958148e-06
0,0,0.00013370466
0,0,0.0003966151
0,0,0.0006542323
0,0,3.167274e-05
0,0,1.2841281e-05
0,0,0.00082393
0,0,1.4673388e-05
0,0,0.00031327907
0,0,5.8360067e-05
0,0,1.8914088e-05
0,0,5.2943615e-06
0,0,6.5306954e-06
0,0,0.00016038027
0,0,5.2795116e-05
0,0,2.123664e-06
0,0,0.00028999656
0,0,0.0011560246
0,0,9.577398e-05
0,0,0.002289234
0,0,0.000522673
0,0,0.00010286369
0,0,3.392412e-05
0,0,7.0349593e-06
0,0,2.3066175e-05
0,0,5.295738e-05
0,0,2.7283631e-05
0,0,2.7887616e-05
0,0,3.3337637e-05
0,0,3.556653e-06
0,0,3.882285e-05
0,0,1.8004026e-05
0,0,6.1851344e-05
0,0,0.00027590105
0,0,1.9779667e-05
0,0,3.5475507e-05
0,0,3.0710657e-05
0,0,0.00016366558
0,0,1.6672173e-05
0,0,5.2208587e-05
0,0,7.12156e-05
0,0,0.005973092
0,0,0.00015608486
0,0,0.00016404712
0,0,1.6548758e-05
0,0,3.1873205e-05
0,0,0.003281311
0,0,6.137672e-05
0,0,0.0001676617
0,0,0.0002712976
0,0,0.00029175868
0,0,1.8064788e-05
0,0,1.6664224e-05
0,0,0.000101863276
0,0,1.6994383e-05
0,0,2.5337698e-05
0,0,2.2995342e-05
0,0,6.326116e-05
0,0,1.5929145e-05
0,0,7.102001e-05
0,0,8.815644e-05
0,0,0.00050519116
0,0,8.102935e-05
0,0,8.1451435e-06
0,0,0.001336854
0,0,8.969619e-05
0,0,3.3282743e-06
0,0,2.1077418e-05
0,0,0.0006627931
0,0,2.0744852e-05
0,0,1.3428591e-05
0,0,9.280796e-06
0,0,7.0024157e-06
0,0,0.00023527868
0,0,1.7922918e-06
0,0,8.371828e-06
0,0,1.9526686e-05
0,0,3.3193424e-05
0,0,2.8188233e-05
0,0,7.2831704e-06
0,0,4.857884e-05
0,0,0.00013551653
0,0,5.0272665e-05
0,0,7.3619203e-06
0,0,3.5579927e-05
0,0,5.565793e-06
0,0,0.00019948343
0,0,8.626924e-05
0,0,0.00013013738
0,0,6.5569557e-06
0,0,0.00015472545
0,0,4.045418e-05
0,0,0.00025181478
0,0,3.3280525e-05
0,0,0.00027180894
0,0,3.1974753e-06
0,0,3.5726678e-06
0,0,0.0022828085
0,0,1.4422006e-05
0,0,4.597606e-05
0,0,2.8837036e-05
0,0,0.00017379684
0,0,0.003608942
0,0,1.4829031e-05
0,0,6.6654225e-06
0,0,0.00043679675
0,0,5.7780166e-05
0,0,3.9365727e-06
0,0,8.643863e-06
0,0,5.413794e-05
0,0,2.7890703e-05
0,0,0.00012457007
0,0,1.0608038e-05
0,0,8.699097e-06
0,0,4.4943463e-05
0,0,4.7631293e-05
0,0,4.395987e-05
0,0,4.7352723e-06
0,0,5.9455968e-05
0,0,0.00012280497
0,0,1.371629e-05
0,0,9.748408e-06
0,0,6.105845e-06
0,0,8.441906e-05
0,0,6.5505433e-06
0,0,9.13564e-06
0,0,0.00018429592
0,0,7.4622726e-06
0,0,8.270302e-06
0,0,2.1863294e-05
0,0,2.2030985e-05
0,0,0.00010783588
0,0,7.1428e-05
0,0,1.1273886e-05
0,0,4.3422646e-05
0,0,0.0006504885
0,0,2.6618376e-05
0,0,9.421217e-05
0,0,1.944967e-05
0,0,2.7413002e-06
0,0,1.1842123e-05
0,0,0.00012869602
0,0,9.614167e-06
0,0,5.5045897e-05
0,0,5.532001e-05
0,0,7.014319e-06
0,0,4.6917285e-06
0,0,3.8892044e-06
0,0,5.8987003e-05
0,0,5.8446447e-05
0,0,4.5487443e-05
0,0,2.646356e-06
0,0,0.00023831165
0,0,0.00032179774
0,0,0.0001836376
0,0,0.0009587237
0,0,9.3431845e-05
0,0,0.0004474579
0,0,4.5625225e-06
0,0,4.80926e-05
0,0,4.9873513e-05
0,0,1.7114868e-05
0,0,9.478131e-05
0,0,0.000150119
0,0,8.956832e-06
0,0,3.6195015e-05
0,0,8.868301e-06
0,0,7.590556e-05
0,0,7.8503894e-05
0,0,0.0006604185
0,0,0.0002824124
0,0,5.6883062e-05
0,0,1.6198606e-05
0,0,8.469636e-05
0,0,2.4895262e-05
0,0,3.78225e-05
0,0,2.090554e-05
0,0,3.226539e-05
0,0,6.4335995e-06
0,0,1.8615443e-05
0,0,0.00013825184
0,0,6.668443e-06
0,0,4.907669e-06
0,0,4.668535e-05
0,0,9.811148e-06
0,0,0.0001242076
0,0,1.6030011e-05
0,0,4.6902176e-05
0,0,0.00013198295
0,0,1.770058e-05
0,0,0.00016301176
0,0,7.826241e-06
0,0,1.169772e-05
0,0,0.00016798814
0,0,2.578819e-06
0,0,5.8683192e-05
0,0,4.0319323e-06
0,0,4.1355956e-06
0,0,0.00021052363
0,0,0.0019620976
0,0,4.3307487e-06
0,0,2.7628819e-06
0,0,0.0010414207
0,0,2.1989068e-05
0,0,0.00017504835
0,0,1.17961235e-05
0,0,8.106892e-06
0,0,5.763158e-06
0,0,2.9547935e-05
0,0,3.4022758e-06
0,0,1.9834653e-05
0,0,5.5816534e-05
0,0,9.051184e-05
0,0,2.5883694e-05
0,0,1.2855139e-05
0,0,1.8257204e-05
0,0,3.168135e-05
0,0,3.698025e-05
0,0,0.00029003364
0,0,2.7983684e-05
0,0,0.00011387736
0,0,2.027929e-05
0,0,2.7175402e-05
0,0,3.262701e-05
0,0,2.3377115e-05
0,0,0.00029905015
0,0,5.0354472e-05
0,0,3.8486146e-06
0,0,1.2878686e-05
0,0,0.0001758646
0,0,0.00013946163
0,0,4.6728106e-05
0,0,1.0808846e-05
0,0,0.0001190211
0,0,8.599073e-05
0,0,0.004619314
0,0,5.289779e-06
0,0,8.638935e-05
0,0,0.0010034943
0,0,0.00012359512
0,0,9.590934e-06
0,0,3.1174695e-05
0,0,0.0009511055
0,0,4.1592455e-05
0,0,7.2693197e-06
0,0,9.189525e-05
0,0,0.00010928201
0,0,2.899181e-05
0,0,4.666881e-06
0,0,5.181879e-06
0,0,4.7305595e-05
0,0,3.229716e-06
0,0,1.25193765e-05
0,0,2.2749608e-05
0,0,2.4365784e-06
0,0,4.6025056e-05
0,0,5.4926204e-06
0,0,6.3024277e-06
0,0,5.4194065e-06
0,0,0.00010816821
0,0,0.000100618
0,0,2.294982e-05
0,0,7.4619675e-05
0,0,0.0010893932
0,0,0.00011569904
0,0,1.0768894e-05
0,0,5.4513534e-05
0,0,4.4019947e-05
0,0,0.00010563032
0,0,8.220707e-06
0,0,0.0003537553
0,0,2.5108991e-05
0,0,1.623303e-05
0,0,6.772484e-05
0,0,1.2000706e-05
0,0,1.9936298e-05
0,0,3.4232849e-06
0,0,4.7586756e-05
0,0,0.00024769793
0,0,6.356412e-05
0,0,1.2872583e-05
0,0,1.555484e-05
0,0,0.0010349469
0,0,0.00012595249
0,0,3.9683484e-05
0,0,0.00033077368
0,0,1.2125653e-05
0,0,1.897432e-05
0,0,9.340669e-06
0,0,0.0102013
0,0,6.463028e-05
0,0,4.0249808e-05
0,0,1.9383435e-05
0,0,3.443218e-05
0,0,4.6866885e-06
0,0,1.4848971e-05
0,0,2.5481635e-05
0,0,0.00012663122
0,0,1.7521614e-05
0,0,5.1886636e-06
0,0,0.00059145945
0,0,0.00024873423
0,0,4.0058956e-05
0,0,1.3686353e-05
0,0,0.0004730341
0,0,0.0002529496
0,0,0.00020674491
0,0,7.326299e-06
0,0,1.4589515e-05
0,0,5.365532e-05
0,0,6.5844333e-06
0,0,1.8291641e-05
0,0,5.7939637e-06
0,0,6.943438e-05
0,0,8.953237e-06
0,0,3.1999076e-05
0,0,1.964904e-05
0,0,5.694369e-05
0,0,0.00020385395
0,0,0.00014781987
0,0,6.7030132e-06
0,0,1.7948892e-05
0,0,0.0001215106
0,0,6.069491e-05
0,0,7.7407414e-05
0,0,2.4749374e-05
0,0,0.00013454081
0,0,7.304125e-05
0,0,0.00047131276
0,0,8.99845e-06
0,0,8.683345e-05
0,0,2.8526492e-06
0,0,6.2334286e-05
0,0,1.4846294e-05
0,0,0.00025643077
0,0,2.6807502e-05
0,0,6.4666506e-06
0,0,7.809279e-05
0,0,0.001546499
0,0,6.166352e-06
0,0,1.0538271e-05
0,0,0.00089331495
0,0,9.601568e-06
0,0,4.665849e-06
0,0,0.00036532173
0,0,0.0004186001
0,0,0.000284983
0,0,6.520732e-06
0,0,0.00016046347
0,0,3.471315e-05
0,0,1.9399467e-05
0,0,0.00018685915
0,0,2.2515444e-06
0,0,1.684749e-05
0,0,9.066474e-05
0,0,4.3689506e-06
0,0,0.00018111493
0,0,1.7741053e-05
0,0,2.1578535e-06
0,0,2.9317996e-05
0,0,2.8048527e-05
0,0,1.0181904e-05
0,0,7.434062e-05
0,0,7.928029e-06
0,0,3.0607214e-05
0,0,6.38051e-05
0,0,9.0874655e-06
0,0,0.00014754034
0,0,1.9728595e-05
0,0,0.00013522067
0,0,0.000104125815
0,0,0.0006110292
0,0,0.0030617237
0,0,2.1785705e-05
0,0,5.2180116e-05
0,0,2.4928356e-06
0,0,6.157023e-05
0,0,1.1089909e-05
0,0,1.1826058e-06
0,0,3.631679e-05
0,0,1.6397584e-05
0,0,0.00023640908
0,0,7.458367e-05
0,0,0.000115185394
0,0,2.1972422e-05
0,0,0.00014038758
0,0,0.0003155163
0,0,1.0572307e-05
0,0,0.00034668317
0,0,4.0612344e-06
0,0,1.5563135e-05
0,0,2.70161e-05
0,0,1.2350452e-05
0,0,0.00022775236
0,0,7.58735e-05
0,0,7.076881e-06
0,0,0.00017075682
0,0,1.1844313e-05
0,0,0.00021272806
0,0,0.00089052063
0,0,0.00063338946
0,0,9.8604405e-06
0,0,1.338678e-05
0,0,9.861155e-06
0,0,1.382728e-05
0,0,0.00045497468
0,0,0.00011482285
0,0,4.8008285e-05
0,0,1.1355353e-05
0,0,0.00027936723
0,0,2.9282317e-06
0,0,8.23271e-05
0,0,0.00026941416
0,0,2.466006e-05
0,0,0.000186538
0,0,9.578704e-06
0,0,3.407895e-05
0,0,0.00010196259
0,0,2.4397417e-05
0,0,4.3763826e-05
0,0,6.3433086e-05
0,0,0.00035661703
0,0,0.0032093022
0,0,5.4871114e-05
0,0,5.1414114e-05
1,0,0.0039503025
0,0,7.2077582e-06
0,0,2.3344699e-05
0,0,1.6451075e-05
0,0,5.2262683e-05
0,0,2.7843556e-05
0,0,4.9430044e-05
0,0,7.3812953e-06
0,0,2.3078279e-05
0,0,9.12694e-06
0,0,4.048458e-06
0,0,0.00047753876
0,0,4.2222778e-06
0,0,2.3160206e-05
0,0,4.5505752e-05
0,0,0.000136341
0,0,3.4022307e-06
0,0,3.8940023e-05
0,0,1.7172875e-05
0,0,0.00011193323
0,0,8.507484e-06
0,0,3.2514015e-06
0,0,2.1634278e-05
0,0,9.2662485e-05
0,0,1.5453958e-05
0,0,1.4051362e-05
0,0,5.5152403e-05
0,0,2.0930054e-05
0,0,3.781323e-05
0,0,0.0008096097
0,0,1.2202133e-05
0,0,1.4937583e-05
0,0,8.156458e-05
0,0,7.2329756e-05
0,0,0.00013816671
0,0,9.517683e-05
0,0,2.57104e-05
0,0,3.6913374e-05
0,0,4.218787e-05
0,0,8.580684e-05
0,0,5.9058486e-05
0,0,6.788506e-05
0,0,0.00019812355
0,0,0.0010705088
0,0,7.0387854e-05
0,0,3.228903e-05
0,0,0.00046596266
0,0,4.6439178e-05
0,0,8.12302e-06
0,0,8.3439925e-05
0,0,5.581165e-06
0,0,3.7260957e-06
0,0,0.00025629706
0,0,1.8495273e-05
0,0,3.767347e-06
0,0,0.00018177323
0,0,2.3841312e-05
0,0,1.6548744e-05
0,0,0.00024216379
0,0,1.899844e-05
0,0,0.0001903792
0,0,5.8496953e-06
0,0,1.05974e-05
0,0,1.4221495e-05
0,0,1.9126746e-05
0,0,4.0508763e-05
0,0,1.9280396e-05
0,0,5.0694973e-05
0,0,4.140525e-06
0,0,1.2910597e-05
0,0,6.1634375e-05
0,0,1.869174e-05
0,0,2.0220661e-05
0,0,0.00038083692
0,0,0.000120706834
0,0,2.3729572e-06
0,0,2.5072193e-05
0,0,5.9192564e-05
0,0,9.0081485e-05
0,0,5.3808224e-05
0,0,3.3628334e-05
0,0,4.8505517e-05
0,0,1.8129385e-05
0,0,1.3610215e-06
0,0,0.0001125024
0,0,1.0625646e-05
0,0,8.906521e-05
0,0,4.5075147e-05
0,0,0.00023377023
0,0,2.8472969e-05
0,0,6.943531e-05
0,0,0.0013950199
0,0,9.893485e-05
0,0,1.5750806e-05
0,0,2.4195373e-05
0,0,2.9408254e-06
0,0,3.2598862e-05
0,0,0.0002661813
0,0,2.1947859e-05
0,0,0.00025234715
0,0,2.9396442e-05
0,0,0.00018290819
0,0,0.0021139153
0,0,3.8900234e-05
0,0,6.3405874e-05
0,0,3.8574635e-05
0,0,5.1960023e-06
0,0,0.000108415225
0,0,5.6673034e-06
0,0,4.856518e-05
0,0,3.8117098e-05
0,0,0.00015231613
0,0,4.4242195e-05
0,0,2.72764e-05
0,0,2.6075428e-05
0,0,0.0018903535
0,0,0.00043526237
0,0,8.057931e-06
0,0,0.00021814012
0,0,9.309727e-05
0,0,4.880588e-06
0,0,1.3955343e-05
0,0,2.680709e-05
0,0,4.600645e-05
0,0,0.00028949298
0,0,1.6803284e-05
0,0,1.22732545e-05
0,0,0.0001672381
0,0,8.689955e-05
0,0,0.00017672694
0,0,4.7811077e-06
0,0,6.119747e-05
0,0,2.7505048e-06
0,0,5.30344e-05
0,0,2.5722615e-05
0,0,3.4904053e-05
0,0,0.000109026056
0,0,9.9967874e-05
0,0,9.4602074e-05
0,0,1.5479414e-05
0,0,6.880376e-06
0,0,7.617874e-06
0,0,0.0029941224
0,0,3.0488472e-05
0,0,0.0012357179
0,0,0.000115064635
0,0,0.00017316562
0,0,1.9983201e-05
0,0,0.001181879
0,0,1.2168525e-05
0,0,9.133453e-06
0,0,4.8034285e-06
0,0,1.842705e-05
0,0,9.576193e-05
0,0,3.9179977e-05
0,0,7.3543833e-06
0,0,4.6757974e-05
0,0,3.3211345e-05
0,0,1.0679834e-05
0,0,0.00010175066
0,0,2.3407652e-05
0,0,0.005801017
0,0,4.247653e-06
0,0,4.290978e-06
0,0,8.651243e-05
0,0,7.286102e-06
0,0,5.223243e-06
0,0,8.188236e-06
0,0,0.00010131604
0,0,0.00012220535
0,0,1.3213256e-05
0,0,8.2610444e-05
0,0,6.7889334e-05
0,0,1.1897351e-05
0,0,3.0111107e-05
0,0,0.0014123375
0,0,3.1322117e-05
0,0,0.0019264485
0,0,8.927277e-05
0,0,3.2541652e-06
0,0,3.5589936e-05
0,0,0.0008338045
0,0,4.536802e-06
0,0,0.0017854874
0,0,0.0002140383
0,0,0.000119110664
0,0,0.00013475715
0,0,8.450193e-05
0,0,0.001143705
0,0,1.2756634e-05
0,0,4.645062e-06
0,0,0.00029976177
0,0,2.264951e-05
0,0,2.123001e-05
0,0,7.109258e-05
0,0,2.896006e-05
0,0,0.0002520156
0,0,0.00012360596
0,0,5.5733777e-05
0,0,7.465035e-05
0,0,4.7146976e-05
0,0,8.284115e-06
0,0,5.499411e-05
0,0,0.00035609285
0,0,0.0001561803
0,0,5.991752e-06
0,0,0.0032986968
0,0,4.3559453e-06
0,0,0.00010119399
0,0,1.1395797e-05
0,0,2.7516136e-05
0,0,0.00036351295
0,0,2.6682064e-05
0,0,0.00012790752
0,0,0.0006078772
0,0,3.388503e-05
0,0,4.9451213e-05
0,0,2.6915806e-05
0,0,1.4797642e-05
0,0,9.144714e-06
0,0,8.912094e-05
0,0,2.8731233e-06
0,0,0.000982058
0,0,2.596097e-06
0,0,2.1824797e-05
0,0,0.0006317936
0,0,1.6233573e-05
0,0,2.0277532e-05
0,0,0.0002614771
0,0,1.8512708e-05
0,0,1.3749777e-05
0,0,1.0556509e-05
0,0,5.2211126e-05
0,0,1.8851224e-05
0,0,8.182594e-05
0,0,2.6124637e-05
0,0,2.630925e-05
0,0,1.2437647e-05
0,0,2.1122532e-05
0,0,5.36344e-05
0,0,0.00010163226
0,0,3.6836373e-06
0,0,0.00016055637
0,0,5.4099105e-06
0,0,4.9824293e-06
0,0,8.792183e-06
0,0,0.012704747
0,0,6.733388e-06
0,0,8.812792e-06
0,0,7.299356e-05
0,0,5.5691594e-06
0,0,1.7192195e-05
0,0,3.7028985e-05
0,0,0.00016464479
0,0,0.00016563397
0,0,4.249385e-05
0,0,1.6154594e-05
0,0,1.5267813e-05
0,0,1.1249947e-05
0,0,1.2998907e-05
0,0,6.829112e-06
0,0,2.6230435e-05
0,0,2.192918e-06
0,0,1.4343412e-05
0,0,7.639496e-06
0,0,5.9446164e-05
0,0,0.0075807027
0,0,2.7354288e-05
0,0,1.4521111e-05
0,0,3.7416467e-05
0,0,5.0762087e-06
0,0,5.634328e-06
0,0,4.665753e-05
0,0,1.6277894e-05
0,0,2.8387725e-05
0,0,1.842807e-05
0,0,1.843751e-05
0,0,1.1023837e-05
0,0,1.6187952e-05
0,0,4.0590203e-05
0,0,2.5629095e-06
0,0,2.0655092e-05
0,0,0.0002910649
0,0,0.00040864243
0,0,0.0003166044
0,0,2.5089225e-06
0,0,9.931085e-05
0,0,0.00014182579
0,0,0.0012471724
0,0,3.5434998e-06
0,0,3.1581534e-05
0,0,5.372168e-05
0,0,0.00012775675
0,0,1.6351736e-05
0,0,2.5122214e-05
0,0,0.00010532597
0,0,5.2375188e-05
0,0,1.2894614e-05
0,0,2.8035476e-05
0,0,5.3236832e-05
1,1,0.9886833
0,0,0.00018459138
0,0,2.7850063e-05
0,0,3.4434153e-05
0,0,7.54207e-05
0,0,7.224887e-06
0,0,2.838851e-05
0,0,0.00012039726
0,0,5.040367e-05
0,0,0.0001961127
0,0,0.00023162723
0,0,1.0691777e-05
0,0,5.8248784e-06
0,0,0.00014573717
0,0,0.00014999894
0,0,5.1516986e-06
0,0,5.6154677e-06
0,0,1.0102583e-05
0,0,1.4540566e-05
0,0,5.2618645e-05
0,0,2.1185291e-05
0,0,2.1685173e-05
0,0,4.3548444e-06
0,0,0.0002554907
0,0,4.653459e-06
0,0,8.376779e-06
0,0,0.00012925634
0,0,3.880912e-05
0,0,2.4539431e-05
0,0,2.4768193e-05
0,0,0.0006163283
0,0,9.070556e-06
0,0,0.00025749896
0,0,4.8425147e-05
0,0,7.711427e-06
0,0,6.377036e-05
0,0,0.00071077567
0,0,4.6197387e-05
0,0,0.00011581681
0,0,1.1752141e-05
0,0,0.00030108876
0,0,2.2574188e-05
0,0,3.7235073e-05
0,0,1.1982021e-05
0,0,5.9372232e-05
0,0,0.00021513252
0,0,6.125451e-05
0,0,0.00020740594
0,0,0.00019850193
0,0,0.00013097134
0,0,9.803113e-06
0,0,0.00018785454
0,0,1.9867006e-05
0,0,1.4720327e-05
0,0,0.00017767448
0,0,3.8749247e-05
0,0,3.425908e-05
0,0,2.0691072e-05
0,0,2.6759933e-06
0,0,2.8814442e-05
0,0,0.00042405876
0,0,1.0456015e-05
0,0,0.00072020665
0,0,5.598462e-05
0,0,0.007829927
0,0,3.742414e-05
0,0,6.065788e-05
0,0,8.9370105e-06
0,0,4.9062848e-05
0,0,0.00012613555
0,0,2.1625881e-05
0,0,3.334088e-05
0,0,2.7799163e-06
0,0,4.2950556e-05
0,0,1.0407169e-05
0,0,4.4001605e-05
0,0,0.00014648952
0,0,8.309768e-06
0,0,3.823502e-05
0,0,2.3323093e-05
0,0,5.857478e-05
0,0,9.7931166e-05
0,0,4.9019538e-05
0,0,2.392846e-05
0,0,1.5783797e-05
0,0,0.00024757607
0,0,2.5064546e-06
0,0,6.527638e-05
0,0,0.00068673864
0,0,2.23665e-05
0,0,6.0815764e-06
0,0,4.1756985e-06
0,0,2.118214e-05
0,0,0.0002630336
0,0,3.970021e-06
0,0,4.9507362e-05
0,0,0.0002536807
0,0,1.3505597e-05
0,0,0.00027461592
0,0,4.5545885e-06
0,0,2.8664193e-05
0,0,7.1818563e-06
0,0,0.0008098447
0,0,1.887614e-05
0,0,5.6440636e-05
0,0,1.2670188e-05
0,0,2.918811e-05
0,0,1.6773682e-05
0,0,1.6676147e-05
0,0,5.1812412e-06
0,0,5.325725e-05
0,0,1.7169563e-06
0,0,8.648241e-05
0,0,0.0001744994
0,0,6.5661145e-05
0,0,1.4628872e-05
0,0,2.4018107e-06
0,0,0.000110091874
0,0,7.975442e-05
0,0,0.0020169588
0,0,6.0760005e-05
0,0,0.00034553325
0,0,0.00030639817
0,0,0.00017891891
0,0,2.706876e-05
0,0,9.608813e-06
0,0,1.2894491e-05
0,0,4.7598463e-05
0,0,8.260323e-06
0,0,1.11458385e-05
0,0,0.00027347778
0,0,1.5056691e-05
0,0,9.789363e-05
0,0,5.134096e-05
0,0,0.00026512184
0,0,2.4152288e-05
0,0,0.00018472836
0,0,9.781656e-05
0,0,6.924263e-05
0,0,0.00066336564
0,0,4.0837484e-05
0,0,1.8476145e-05
0,0,1.0721439e-05
0,0,2.0782672e-05
0,0,0.00031008472
0,0,1.913667e-05
0,0,8.655007e-06
0,0,0.00011440928
0,0,5.087848e-05
0,0,0.00011306574
0,0,0.00016133644
0,0,9.709013e-05
0,0,1.5511763e-05
0,0,5.507404e-05
0,0,8.501923e-05
0,0,1.6935752e-05
0,0,1.6431992e-05
0,0,7.9142344e-05
0,0,0.0009902102
0,0,3.872756e-06
0,0,0.0003540105
0,0,5.346562e-06
0,0,0.00017826042
0,0,0.02344134
0,0,5.198314e-05
0,0,0.00017595432
0,0,4.395648e-05
0,0,5.8471644e-05
0,0,3.4116736e-05
0,0,3.0156914e-05
0,0,2.9256133e-05
0,0,7.4521886e-06
0,0,3.9555554e-05
0,0,1.9515237e-05
0,0,4.1360613e-06
0,0,5.9667833e-05
0,0,6.192736e-05
0,0,3.870349e-05
0,0,3.2111388e-05
0,0,1.1475277e-05
0,0,8.31918e-05
0,0,3.7381753e-06
0,0,0.00011223175
0,0,0.00015985232
0,0,4.3547592e-05
0,0,1.2928056e-05
0,0,2.4789553e-05
0,0,1.461649e-05
0,0,9.465964e-05
0,0,7.697489e-06
0,0,0.0010208028
0,0,0.00014069541
0,0,1.9566372e-05
0,0,5.0511794e-06
0,0,6.725129e-05
0,0,8.996559e-05
0,0,9.12663e-05
0,0,0.00011044107
0,0,2.4255787e-05
0,0,0.00013719991
0,0,9.631694e-06
0,0,5.093712e-05
0,0,0.00046036713
0,0,1.6806602e-05
0,0,0.0010752488
0,0,2.1424079e-05
0,0,7.751785e-05
0,0,0.00049288286
0,0,0.00020353835
0,0,1.4816847e-05
0,0,1.0535126e-05
0,0,0.0005963788
0,0,7.631461e-05
0,0,0.00020816276
0,0,5.3416134e-06
0,0,5.9702597e-06
0,0,0.00033938073
0,0,2.105291e-05
0,0,1.6082071e-05
0,0,0.00020010752
0,0,1.4573718e-05
0,0,5.4083346e-05
0,0,4.4692963e-05
0,0,6.11977e-05
0,0,0.000108253655
0,0,2.7210797e-05
0,0,0.00031123628
0,0,2.3442615e-05
0,0,5.405486e-06
0,0,7.799061e-05
0,0,3.374811e-06
0,0,2.2295564e-05
0,0,2.5864472e-05
0,0,8.544072e-06
0,0,0.00012023354
0,0,9.868543e-05
0,0,1.22744e-05
0,0,2.9995119e-05
0,0,0.00025361901
0,0,2.8982466e-05
0,0,4.2287156e-05
0,0,9.162819e-06
0,0,1.0116485e-05
0,0,2.3807483e-05
0,0,3.9286722e-05
0,0,1.7483258e-05
0,0,7.246203e-05
0,0,7.06485e-05
0,0,0.00086045533
0,0,6.5965214e-05
0,0,1.339973e-05
0,0,0.00018601351
0,0,0.00013155861
0,0,2.300177e-05
0,0,3.636555e-05
0,0,6.995821e-06
0,0,0.0017170624
0,0,7.1306524e-05
0,0,3.4907362e-06
0,0,3.2035594e-05
0,0,0.00042439136
0,0,4.607969e-06
0,0,0.0013174635
0,0,3.6363224e-05
0,0,0.0020536263
0,0,7.344893e-06
0,0,1.2993776e-05
0,0,1.8052973e-05
0,0,8.669943e-06
0,0,0.00029613607
0,0,0.00043344943
0,0,0.00010787156
0,0,1.4617061e-05
0,0,5.7475885e-05
0,0,0.000715618
0,0,8.05757e-06
0,0,1.1174947e-05
0,0,5.9023805e-05
0,0,0.0013046508
0,0,2.7215267e-06
0,0,2.8080321e-05
0,0,1.6350317e-05
0,0,7.343459e-05
0,0,1.2523461e-05
0,0,3.1792544e-05
0,0,8.636192e-06
0,0,1.2233371e-05
0,0,1.7970644e-05
0,0,7.047866e-06
0,0,0.00015807452
0,0,0.00020532597
0,0,6.620052e-05
0,0,0.0003311555
0,0,2.576983e-05
0,0,3.6749876e-05
0,0,4.7407666e-06
0,0,9.084214e-05
0,0,1.0125287e-05
0,0,4.09245e-05
0,0,0.00019669098
0,0,3.6357054e-05
0,0,0.00013363328
0,0,0.010150476
0,0,4.2004694e-06
0,0,0.00026721493
0,0,7.5359194e-06
0,0,0.00025782763
0,0,0.0002850955
0,0,7.039262e-05
0,0,8.40142e-06
0,0,8.213545e-05
0,0,0.00024328388
0,0,0.00016108941
0,0,4.97327e-05
0,0,0.00020067689
0,0,1.9185645e-05
0,0,2.8111672e-05
0,0,2.1133654e-05
0,0,1.0713375e-05
0,0,2.8340146e-05
0,0,5.857875e-05
0,0,5.7359834e-06
0,0,3.1263982e-05
0,0,0.0003230257
0,0,9.687566e-06
0,0,4.3836044e-05
0,0,1.0076439e-05
0,0,1.8267914e-05
0,0,0.00010350462
0,0,0.00057930767
0,0,1.8813742e-05
0,0,5.8794045e-05
0,0,1.9514362e-05
0,0,0.00025629438
0,0,3.276067e-05
0,0,8.940081e-05
0,0,0.00023997911
0,0,2.2338085e-05
0,0,7.788812e-06
0,0,6.5315985e-06
0,0,3.113898e-05
0,0,5.6839094e-06
0,0,0.00034616052
0,0,0.0003128967
0,0,4.378043e-06
0,0,0.0053200494
0,0,0.00021166849
0,0,8.554221e-05
0,0,0.0002649826
0,0,0.00033371212
0,0,3.9768192e-06
0,0,0.00011616522
0,0,1.3308229e-05
0,0,0.0006197205
0,0,7.392729e-06
0,0,0.002917658
0,0,0.00017534953
0,0,3.2779826e-05
0,0,0.0012984606
0,0,0.0002946283
0,0,2.0549467e-05
0,0,1.0588945e-05
0,0,1.6209764e-05
0,0,0.00030327137
0,0,0.00044628387
0,0,3.1214142e-05
0,0,9.3434755e-06
0,0,8.911122e-06
0,0,1.43594125e-05
0,0,6.444571e-05
0,0,8.991533e-05
0,0,0.0010107865
0,0,1.5949727e-05
0,0,1.51935765e-05
0,0,0.00053661
0,0,0.00013883019
0,0,1.2144469e-05
0,0,0.00012661733
0,0,1.1950581e-05
0,0,4.1087933e-06
0,0,2.184625e-06
0,0,1.681744e-05
0,0,0.0002228666
0,0,0.00037757907
0,0,0.00012165564
0,0,3.65441e-05
0,0,5.577525e-05
0,0,0.00016041452
0,0,5.9956616e-05
0,0,6.41273e-06
0,0,4.0079743e-05
0,0,5.999762e-05
0,0,4.672889e-06
0,0,1.8221372e-05
0,0,5.510593e-05
0,0,2.4390045e-05
0,0,7.653548e-06
0,0,6.216244e-06
0,0,6.713026e-05
0,0,3.265474e-05
0,0,0.00031308678
0,0,6.697805e-06
0,0,1.40773955e-05
0,0,1.0834585e-05
0,0,6.915671e-05
0,0,1.4877021e-05
0,0,5.2706537e-06
0,0,4.7141177e-05
0,0,0.0026686722
0,0,1.032173e-05
0,0,6.1911237e-06
0,0,1.7694436e-05
0,0,3.1317068e-05
0,0,4.8659516e-05
0,0,8.710821e-05
0,0,8.457943e-06
0,0,2.2577095e-05
0,0,2.8993605e-05
0,0,5.5049204e-05
0,0,5.0598665e-05
0,0,0.0005532496
0,0,6.565545e-05
0,0,2.7803384e-05
0,0,5.2112173e-06
0,0,0.000102878395
0,0,3.169008e-05
0,0,3.6734953e-06
0,0,1.8782445e-06
0,0,0.00015821867
0,0,0.00011345671
0,0,3.4371227e-05
0,0,2.6592852e-05
0,0,4.856237e-06
0,0,7.283503e-05
0,0,0.00023290457
0,0,3.1364623e-06
0,0,1.7569571e-06
0,0,7.725354e-06
0,0,9.151642e-05
0,0,3.9965737e-05
0,0,2.0185404e-05
0,0,4.1183797e-05
0,0,2.7559836e-05
0,0,7.04139e-06
0,0,0.00047742427
0,0,1.9011759e-05
0,0,5.4800938e-05
0,0,7.2053284e-05
0,0,0.00015700856
0,0,0.00016290347
0,0,5.3158863e-05
0,0,7.226817e-06
0,0,0.00026574414
0,0,3.4525103e-05
0,0,3.537281e-05
0,0,2.4138011e-05
0,0,4.4427587e-05
0,0,4.615045e-05
0,0,3.625132e-05
0,0,7.506939e-05
0,0,3.14618e-05
0,0,6.62645e-05
0,0,1.9489888e-05
0,0,0.00012704522
0,0,0.0020745303
0,0,0.0001261963
0,0,1.3059792e-05
0,0,5.4082004e-05
0,0,1.5220377e-05
0,0,3.2149194e-06
0,0,1.2842371e-05
0,0,0.00019203477
0,0,1.0289896e-05
0,0,8.237217e-05
0,0,0.0006089633
0,0,0.00023968365
0,0,0.00019745105
0,0,0.0004263517
0,0,9.751235e-06
0,0,3.572323e-05
0,0,3.344511e-06
0,0,2.3041992e-05
0,0,7.4079704e-05
0,0,0.00021374646
0,0,7.476533e-05
0,0,4.8767433e-05
0,0,3.1528147e-05
0,0,5.1714906e-05
0,0,9.010644e-06
0,0,7.2258936e-06
0,0,0.00012746798
0,0,0.008909539
0,0,3.356506e-05
0,0,4.523581e-05
0,0,8.978126e-06
0,0,3.8719474e-05
0,0,0.00010614883
0,0,4.2400807e-06
0,0,7.143059e-06
0,0,1.6955337e-05
0,0,1.4150159e-05
0,0,0.0010025406
0,0,0.0002356963
0,0,8.045904e-05
0,0,1.9876177e-05
0,0,0.00015756302
0,0,4.9894777e-05
0,0,6.2460014e-05
0,0,9.406785e-06
0,0,9.087353e-06
0,0,3.56063e-05
0,0,9.3894005e-07
0,0,0.00011994326
0,0,0.0005384868
0,0,8.400322e-06
0,0,0.000100598816
0,0,0.0011789196
0,0,3.4118104e-05
0,0,4.988848e-06
0,0,2.1530626e-05
0,0,3.82968e-05
0,0,3.0127536e-05
0,0,0.00027800075
0,0,5.032907e-06
0,0,6.0848597e-06
0,0,3.1767904e-05
0,0,1.3042368e-05
0,0,3.7997514e-05
0,0,2.3241495e-05
0,0,4.501814e-06
0,0,4.8483274e-05
0,0,1.0424969e-05
0,0,7.9358404e-05
0,0,1.7337594e-05
0,0,8.158959e-06
0,0,4.1412713e-06
0,0,3.3234694e-05
0,0,1.37847e-05
0,0,1.6440787e-05
0,0,2.4389297e-05
0,0,4.7726913e-05
0,0,0.00013142372
0,0,4.4597935e-05
0,0,0.0001999313
0,0,1.7290982e-05
0,0,4.159923e-06
0,0,0.00013828336
0,0,5.300902e-05
0,0,0.0001466371
0,0,9.560719e-05
0,0,0.0023077752
0,0,1.635055e-05
0,0,2.648737e-06
0,0,9.471617e-05
0,0,8.784637e-05
0,0,2.8198424e-06
0,0,8.071591e-06
0,0,0.00046317346
0,0,3.070401e-05
0,0,2.1851663e-05
0,0,7.11579e-05
0,0,4.2894808e-05
0,0,6.153577e-05
0,0,7.0646015e-06
0,0,8.6821354e-05
0,0,3.9260205e-05
0,0,0.00016291774
0,0,7.003992e-06
0,0,3.6240985e-05
0,0,1.6603564e-05
0,0,1.5269692e-05
0,0,1.24241315e-05
0,0,0.0028111755
0,0,1.3812664e-05
0,0,3.519307e-05
0,0,1.5555745e-05
0,0,5.731704e-05
0,0,0.0002554878
0,0,1.8567394e-05
0,0,2.1218977e-05
0,0,2.1689825e-06
0,0,5.5666744e-05
0,0,0.00019451171
0,0,1.39017075e-05
0,0,1.984521e-05
0,0,0.0001093091
0,0,6.592516e-05
0,0,3.6884815e-06
0,0,4.051018e-06
0,0,1.6106567e-05
0,0,2.9008925e-06
0,0,7.842241e-05
0,0,8.246336e-06
0,0,1.9282823e-05
0,0,8.259378e-06
0,0,7.1420174e-05
0,0,1.24431635e-05
0,0,1.2164291e-05
0,0,9.814881e-05
0,0,0.0001799036
0,0,6.265365e-05
0,0,0.00090513646
0,0,6.830969e-05
0,0,5.7458237e-05
0,0,1.4271411e-05
0,0,2.904627e-05
0,0,5.3078973e-05
0,0,0.00016553103
0,0,7.4960226e-05
0,0,5.749785e-06
0,0,9.481828e-06
0,0,0.0005500066
0,0,1.4446439e-05
0,0,1.5269692e-05
0,0,1.33414715e-05
0,0,0.00038248565
0,0,4.4143955e-05
0,0,0.0003354782
0,0,3.377535e-06
0,0,1.4486061e-05
0,0,0.00019943721
0,0,1.1264967e-05
0,0,7.735975e-05
0,0,5.2121133e-05
0,0,2.9539875e-05
0,0,0.00028006462
0,0,3.094904e-05
0,0,7.810531e-06
0,0,2.1526519e-05
0,0,1.8255934e-05
0,0,0.0006853594
0,0,8.891521e-06
0,0,7.510018e-05
0,0,1.6434093e-05
0,0,3.180231e-05
0,0,0.00037459843
0,0,0.0002213288
0,0,7.869937e-05
0,0,0.00015081096
0,0,0.00051595696
0,0,3.090486e-05
0,0,1.102205e-05
0,0,7.998039e-05
0,0,2.786316e-05
0,0,0.001973084
0,0,0.00017839645
0,0,9.927146e-05
0,0,1.9809493e-05
0,0,1.6637992e-05
0,0,1.1140833e-05
0,0,2.1957761e-05
0,0,0.00011906434
0,0,0.00031788982
0,0,7.519714e-05
0,0,3.5066532e-05
0,0,4.5758843e-05
0,0,1.891986e-05
0,0,0.0004276669
0,0,0.000787194
0,0,3.571792e-05
0,0,4.448253e-05
0,0,3.3063767e-05
0,0,4.806422e-05
0,0,4.682788e-06
0,0,4.4021373e-05
0,0,1.44808255e-05
0,0,0.0026325115
0,0,3.695192e-06
0,0,0.00027472983
0,0,1.7713146e-06
0,0,4.9335955e-05
0,0,1.7037304e-05
0,0,2.1332091e-05
0,0,5.3661724e-06
0,0,5.82266e-05
0,0,6.3675725e-06
0,0,0.00022595884
0,0,9.3455186e-05
0,0,1.0805734e-05
0,0,5.7464425e-05
0,0,1.919084e-05
0,0,2.1737887e-05
0,0,1.2262151e-05
0,0,0.00010614104
0,0,0.00023189261
0,0,0.0006610085
0,0,7.3814144e-06
0,0,7.237583e-06
0,0,0.00013086585
0,0,2.3469414e-05
0,0,0.00012525496
0,0,0.00038566266
0,0,9.680113e-06
0,0,1.3712103e-05
0,0,1.4857789e-06
0,0,1.4101097e-05
0,0,3.9262773e-06
0,0,2.3380593e-05
0,0,3.964683e-05
0,0,5.3737716e-05
0,0,1.3863935e-05
0,0,3.4242448e-06
0,0,9.0259955e-06
0,0,3.6738984e-06
0,0,0.00012373427
0,0,0.0017772238
0,0,2.6317004e-05
0,0,9.299019e-06
0,0,2.9987885e-05
0,0,0.00043092275
0,0,6.1610226e-05
0,0,8.292154e-06
0,0,9.73815e-06
1,1,0.9840614
0,0,2.03494e-05
0,0,2.3963377e-05
0,0,0.00069343956
0,0,1.53142e-05
0,0,1.3152095e-05
0,0,4.5177785e-05
0,0,5.897463e-05
0,0,6.307268e-06
0,0,8.115873e-06
0,0,1.0790689e-05
0,0,2.8019035e-06
0,0,0.0007012572
0,0,2.4166602e-06
0,0,1.2822227e-05
0,0,6.2844942e-06
0,0,0.00014640378
0,0,2.1038959e-05
0,0,0.00047340375
0,0,0.00020362607
1,1,0.90929604
0,0,1.5029879e-05
0,0,1.2057491e-05
0,0,2.2209542e-06
0,0,2.0247677e-05
0,0,3.373851e-05
0,0,5.1547155e-05
0,0,7.349694e-05
0,0,0.00012180711
0,0,0.00013707633
0,0,0.000614039
0,0,6.509648e-05
0,0,1.2309028e-05
0,0,0.00089431653
0,0,0.00019914933
0,0,8.719778e-06
0,0,0.00091359473
0,0,0.005334183
0,0,4.784635e-05
0,0,4.6097625e-06
0,0,1.03947405e-05
0,0,0.00487935
0,0,2.078731e-05
0,0,7.939989e-05
0,0,1.2560448e-06
0,0,1.6711825e-05
0,0,1.5748242e-06
0,0,3.598054e-05
0,0,4.561533e-05
0,0,4.2429324e-06
0,0,2.6087419e-06
0,0,4.195509e-06
0,0,6.154549e-06
0,0,2.3413548e-05
0,0,3.532723e-05
0,0,0.00037066688
0,0,3.1510262e-05
0,0,0.00011900225
0,0,3.423465e-05
0,0,0.00047318154
0,0,2.5623776e-05
0,0,7.3634306e-05
0,0,5.4994583e-05
0,0,1.7431963e-05
0,0,3.0398793e-05
0,0,3.8916046e-06
0,0,0.000365301
0,0,0.00015546993
0,0,0.0002206173
0,0,1.7415961e-05
0,0,0.000105181134
0,0,0.0004954198
0,0,9.947272e-05
0,0,0.0006430605
0,0,4.5638997e-05
0,0,5.1190327e-06
0,0,3.4865432e-05
0,0,5.0006847e-06
0,0,0.00026851278
0,0,4.2240405e-05
0,0,0.00024934352
0,0,8.188894e-05
0,0,0.0024412551
0,0,3.861269e-05
0,0,3.127967e-05
0,0,1.4954511e-06
0,0,3.5498924e-05
0,0,1.9511868e-05
0,0,8.223475e-05
0,0,8.173142e-07
0,0,1.0906042e-05
0,0,6.0061047e-05
0,0,0.00010823817
0,0,2.0510312e-05
0,0,9.17885e-05
0,0,3.336623e-06
0,0,2.0768091e-05
0,0,0.00015679521
0,0,1.7684146e-05
0,0,6.407656e-05
0,0,0.00017867768
0,0,2.209874e-05
0,0,8.905413e-06
0,0,3.49027e-06
0,0,2.436791e-05
0,0,0.00011593603
0,0,1.7209795e-05
0,0,2.0044507e-05
0,0,1.980086e-05
0,0,2.3634813e-05
0,0,4.8316288e-05
0,0,6.133857e-05
0,0,0.00027237524
0,0,2.7912707e-05
0,0,6.111559e-05
0,0,0.00086005207
0,0,1.6847152e-05
0,0,1.24768385e-05
0,0,0.00013893853
0,0,2.2681153e-05
0,0,2.488845e-05
0,0,1.7037726e-05
0,0,1.8340235e-05
0,0,2.745836e-05
0,0,1.7978804e-05
0,0,7.187555e-05
0,0,7.534686e-05
0,0,2.6685882e-05
0,0,0.00011880847
0,0,7.2796975e-05
0,0,2.2500488e-05
0,0,7.523206e-05
0,0,6.211017e-05
0,0,1.1423837e-05
0,0,7.0960574e-05
0,0,0.0006171321
0,0,4.1741737e-06
0,0,2.2482363e-05
0,0,5.9430436e-06
0,0,4.20552e-06
0,0,6.880373e-05
0,0,0.0003868625
0,0,2.3594832e-06
0,0,9.605039e-06
0,0,5.6352956e-06
0,0,1.3186015e-05
0,0,0.00013026079
0,0,2.0321222e-05
0,0,1.4746054e-05
0,0,6.464967e-06
0,0,6.707657e-05
0,0,7.211192e-05
0,0,2.719127e-06
0,0,2.3912993e-05
0,0,1.6228852e-05
0,0,4.2863685e-05
0,0,1.2684019e-05
0,0,3.982292e-05
0,0,4.6245124e-05
0,0,2.4090454e-05
0,0,2.6322825e-05
0,0,9.236145e-06
0,0,1.3701961e-05
0,0,2.4413033e-05
0,0,3.4609857e-06
0,0,2.6224183e-05
0,0,0.000105285
0,0,6.0526636e-06
0,0,0.012404049
0,0,4.350262e-06
0,0,4.146758e-05
0,0,0.00013961756
0,0,5.2876032e-05
0,0,9.3922445e-06
0,0,0.00015032526
0,0,0.00012965976
0,0,0.00017720666
0,0,0.0003221707
0,0,1.81685e-05
0,0,7.630664e-06
0,0,6.12711e-05
0,0,1.6248612e-05
0,0,0.00013128632
0,0,7.786628e-06
0,0,0.00029707234
0,0,0.0029548598
0,0,0.000506529
0,0,4.7911464e-05
0,0,1.3982694e-05
0,0,1.01000205e-05
0,0,7.182683e-05
0,0,0.0006139003
0,0,6.0891853e-05
0,0,3.3275828e-05
0,0,4.7227395e-06
0,0,4.9287235e-05
0,0,3.1538613e-05
0,0,8.364682e-05
0,0,5.9501554e-06
0,0,0.00037911633
0,0,0.00057030073
0,0,2.049594e-05
0,0,3.549984e-05
0,0,0.00016256906
0,0,2.739308e-05
0,0,0.0030461256
0,0,1.3756112e-05
0,0,1.9099532e-05
0,0,3.2678076e-05
0,0,2.2202905e-05
0,0,6.33689e-06
0,0,6.4673564e-05
0,0,0.00023197154
0,0,5.127574e-05
0,0,1.0985908e-05
0,0,0.0002915279
0,0,4.533544e-05
0,0,0.00015117854
0,0,2.2757962e-05
0,0,0.0001411593
0,0,8.0935446e-05
0,0,0.0008342277
0,0,0.00021932511
0,0,1.615937e-05
0,0,2.9403739e-06
0,0,3.4294546e-05
0,0,0.00027981828
0,0,1.0032983e-05
0,0,5.0236293e-05
0,0,3.5857778e-05
0,0,6.0918505e-06
0,0,4.3262356e-05
0,0,0.00025684966
0,0,2.4221994e-05
0,0,4.0790703e-05
0,0,1.1641054e-05
0,0,2.4424864e-05
0,0,0.00022111154
0,0,7.3432144e-05
0,0,3.088108e-05
1,1,0.97234976
0,0,3.596905e-05
0,0,0.0007273701
0,0,6.74376e-05
0,0,3.8267794e-06
0,0,0.0009241236
0,0,1.0163482e-05
0,0,3.7217855e-05
0,0,0.00018801117
0,0,2.6851503e-06
0,0,1.1620235e-05
0,0,0.00070625346
0,0,5.001659e-05
0,0,4.674757e-06
0,0,5.1029283e-06
0,0,2.3638306e-05
0,0,0.00020663711
0,0,3.887647e-06
1,1,0.9631583
0,0,3.1099662e-05
0,0,8.63821e-05
0,0,2.2145976e-05
0,0,9.0472146e-05
0,0,0.00094968657
0,0,3.464476e-05
0,0,7.0406044e-05
0,0,2.8362017e-05
0,0,2.8882336e-05
0,0,2.1898704e-05
0,0,1.43228945e-05
0,0,0.00025251202
0,0,3.241976e-05
0,0,3.54929e-05
0,0,6.7457346e-05
0,0,5.550242e-05
0,0,0.00023497693
0,0,5.8191595e-06
0,0,0.00014371698
0,0,0.00037872238
0,0,0.0005375881
0,0,0.0053966017
0,0,0.00017997943
0,0,2.7940565e-05
0,0,0.00014786511
0,0,1.799692e-05
0,0,4.6622437e-05
0,0,0.00018485083
0,0,0.00013897085
0,0,2.8388673e-05
0,0,7.1369573e-06
0,0,7.705694e-06
0,0,0.0001872642
0,0,5.90843e-06
0,0,5.522214e-05
0,0,0.00026526547
0,0,2.8367755e-05
0,0,1.6882392e-05
0,0,0.015773742
0,0,1.5465443e-05
0,0,6.8016925e-05
0,0,0.00010520712
0,0,5.287765e-05
0,0,1.4770079e-05
0,0,1.3685689e-05
0,0,2.1335713e-05
0,0,0.00013878982
0,0,5.4643497e-06
0,0,0.00025542593
0,0,1.2409899e-05
0,0,2.6490947e-05
0,0,8.611922e-06
0,0,0.00025605722
0,0,3.1958425e-05
0,0,0.00011668367
0,0,5.0168976e-05
0,0,4.8440857e-06
0,0,0.00023006735
0,0,9.455289e-06
0,0,1.7907892e-05
0,0,0.00037779709
0,0,9.568304e-06
0,0,0.00011002062
0,0,0.0005404866
0,0,9.1943635e-05
0,0,0.000489536
0,0,1.5111542e-05
0,0,0.0001221188
0,0,0.00010301584
0,0,0.00016341874
0,0,5.0435933e-06
0,0,3.1543666e-05
0,0,2.9196905e-05
0,0,3.4562427e-06
0,0,0.00015192362
0,0,2.5794787e-05
0,0,0.0004509649
0,0,1.6022645e-05
0,0,0.00013418861
0,0,2.5949385e-05
0,0,1.7135724e-05
0,0,2.6113007e-06
0,0,5.1422644e-06
0,0,3.6416113e-05
0,0,1.9384415e-05
0,0,0.00020875984
0,0,0.00015535271
0,0,5.9731938e-05
0,0,4.5788394e-05
0,0,0.00018588337
0,0,1.4007277e-05
0,0,8.280877e-06
0,0,0.0002752951
0,0,0.00026872076
0,0,4.1799576e-06
0,0,0.001422632
0,0,1.3783373e-05
0,0,4.9689133e-05
0,0,9.716035e-06
0,0,1.1032935e-05
0,0,5.9008903e-06
0,0,2.9748053e-05
0,0,5.056669e-06
0,0,2.4801946e-05
0,0,1.2146971e-05
0,0,2.617878e-05
0,0,4.609257e-05
0,0,1.276984e-05
0,0,3.2448526e-05
0,0,8.4162486e-05
0,0,4.729879e-06
0,0,1.0302533e-05
0,0,9.7709035e-06
0,0,1.3503705e-05
0,0,7.906352e-06
0,0,2.6788282e-05
0,0,2.4227376e-05
0,0,0.00014446015
0,0,1.8496103e-05
0,0,4.795347e-05
0,0,8.581592e-05
0,0,0.00021412567
0,0,3.849162e-05
0,0,5.197253e-05
0,0,3.9320603e-05
0,0,1.876912e-05
0,0,4.271805e-05
0,0,6.725976e-05
0,0,1.3413168e-05
0,0,7.3090823e-06
0,0,3.2863867e-05
0,0,0.0009645159
0,0,0.00030685656
0,0,0.00010331135
0,0,7.678756e-06
0,0,5.841558e-05
0,0,7.506209e-05
0,0,3.5258e-05
0,0,0.00028415766
0,0,2.0698097e-05
0,0,0.00010464282
0,0,3.8846036e-05
0,0,0.00038732527
0,0,8.930588e-06
0,0,0.00062680175
0,0,9.267246e-06
0,0,9.555064e-06
0,0,3.4885197e-06
0,0,1.1950206e-05
0,0,0.0011346991
0,0,1.2990666e-05
0,0,0.0011488753
0,0,6.9004836e-06
0,0,0.00030211644
0,0,2.108719e-05
0,0,1.2007793e-05
0,0,5.2928976e-06
0,0,0.0013264643
0,0,8.551336e-06
0,0,0.0001280464
0,0,0.00018879007
0,0,2.8553564e-05
0,0,0.00011672385
0,0,1.4470307e-05
0,0,0.00036210715
0,0,0.00041054923
0,0,1.6312595e-05
0,0,1.6806041e-05
0,0,4.627853e-06
0,0,5.5611877e-06
0,0,5.4780925e-05
0,0,6.109024e-05
0,0,5.4018346e-05
0,0,1.0346852e-05
0,0,0.00097205624
0,0,2.2641821e-05
0,0,9.1924985e-06
0,0,0.0010524142
0,0,0.0003221796
0,0,5.0642157e-05
0,0,7.16541e-06
0,0,5.050066e-05
0,0,1.3941868e-05
0,0,1.5242194e-05
0,0,2.7103863e-05
0,0,5.9890095e-05
0,0,9.153134e-06
0,0,2.2515449e-05
0,0,1.0139985e-05
0,0,6.0045995e-06
0,0,2.8271526e-05
0,0,6.731578e-06
0,0,2.879609e-05
0,0,2.5833979e-05
0,0,9.884649e-05
0,0,0.00055141596
0,0,0.00061579666
0,0,0.00024274425
0,0,1.4670505e-05
0,0,7.160546e-05
0,0,8.148186e-05
0,0,0.00013524118
0,0,1.12557855e-05
0,0,9.246854e-06
0,0,1.4678039e-06
0,0,6.630812e-06
0,0,3.3249056e-05
0,0,1.5552216e-05
0,0,0.0014808718
0,0,4.8052625e-05
0,0,6.372044e-06
0,0,3.4070406e-05
0,0,3.5799723e-05
0,0,3.9171347e-05
0,0,4.6059788e-05
0,0,4.6738136e-05
0,0,4.996458e-05
0,0,0.00053463475
0,0,0.00062702823
0,0,7.4915064e-05
0,0,0.00085917115
0,0,3.268197e-05
0,0,1.3092901e-05
0,0,2.058324e-05
0,0,4.4780038e-05
0,0,3.4176883e-05
0,0,1.3789316e-05
0,0,0.00013553152
0,0,0.00014374865
0,0,0.00016942868
0,0,0.0010837994
0,0,0.00018466727
0,0,3.7883044e-06
0,0,0.00017676216
0,0,2.727497e-05
0,0,3.3701468e-05
0,0,3.3312783e-06
0,0,0.00030213717
0,0,0.00017414553
0,0,6.5192245e-07
0,0,0.00014582432
0,0,2.582974e-05
0,0,1.0834492e-05
0,0,0.0004954467
0,0,8.587465e-06
0,0,1.0706205e-05
0,0,0.00068504666
0,0,1.1616334e-05
0,0,3.4922163e-05
0,0,0.00011913099
0,0,0.0013328944
0,0,0.00080771674
0,0,3.0074403e-05
0,0,2.7194119e-05
0,0,9.912059e-06
0,0,0.0012774877
0,0,1.1556346e-05
0,0,6.604169e-05
0,0,1.8400571e-05
0,0,5.7746233e-06
0,0,0.00022626776
0,0,5.1680895e-06
0,0,1.9691943e-06
0,0,2.489201e-05
0,0,0.00022218341
0,0,0.00020199957
0,0,2.7722897e-05
0,0,3.9765426e-05
0,0,2.7082988e-05
0,0,1.0221482e-05
0,0,1.2005183e-05
0,0,7.4853733e-06
0,0,3.6403367e-06
0,0,2.123181e-05
0,0,4.2335338e-05
0,0,2.1671342e-05
0,0,6.105402e-06
0,0,9.546758e-06
0,0,1.8974104e-05
0,0,1.2865895e-05
0,0,1.1139101e-05
0,0,0.00078268815
0,0,1.670064e-05
0,0,0.00026664333
0,0,0.00017699777
0,0,6.8688114e-06
0,0,9.118962e-06
0,0,6.2217655e-06
0,0,1.9042427e-05
0,0,0.00027510175
0,0,1.1074023e-06
0,0,9.086868e-06
0,0,0.00017035902
0,0,3.443944e-05
0,0,0.00026084788
0,0,9.217904e-06
0,0,9.080612e-05
0,0,1.7425613e-05
0,0,2.6184298e-05
0,0,8.355187e-05
0,0,4.257952e-05
0,0,8.1328784e-05
0,0,7.2821426e-06
0,0,2.4221068e-05
0,0,0.00024674117
0,0,8.612761e-05
0,0,5.5281707e-06
0,0,1.8551855e-05
0,0,3.7367745e-06
0,0,6.3830965e-05
0,0,1.0970006e-05
0,0,2.7261292e-05
0,0,4.9889404e-05
0,0,5.591884e-06
0,0,3.3242366e-05
0,0,9.048663e-06
0,0,9.114641e-06
0,0,1.5067595e-05
0,0,1.3740549e-05
0,0,5.606996e-06
0,0,7.057107e-06
0,0,8.915942e-06
0,0,1.2563343e-05
0,0,4.018637e-05
0,0,1.532317e-05
0,0,1.0373914e-05
0,0,0.00053547806
0,0,0.0002511432
0,0,0.00076104474
0,0,0.00044813572
0,0,4.398285e-05
0,0,2.5533716e-05
0,0,0.00011107116
0,0,2.6784552e-05
0,0,0.00016003457
0,0,0.00011741933
0,0,5.243491e-05
0,0,1.4921481e-05
0,0,9.678813e-05
0,0,2.7576765e-05
0,0,3.3036064e-05
0,0,6.600025e-06
0,0,8.821867e-05
0,0,2.7468077e-05
0,0,0.00015890964
0,0,1.988469e-05
0,0,0.00010070584
0,0,3.949984e-05
0,0,5.3511785e-06
0,0,8.900149e-06
0,0,3.9986095e-05
0,0,0.00013316517
0,0,0.0003773306
0,0,3.668734e-06
0,0,0.035491414
0,0,4.757015e-05
0,0,1.159609e-05
0,0,6.127432e-05
0,0,7.880376e-05
0,0,4.439028e-05
0,0,7.53182e-05
0,0,1.2079059e-05
0,0,5.915596e-06
0,0,7.7436576e-05
0,0,7.649924e-05
0,0,4.0121464e-05
0,0,7.980098e-05
0,0,0.00013802003
0,0,2.5796946e-06
0,0,6.144799e-05
0,0,1.4794508e-05
0,0,1.2460702e-05
0,0,0.0019885188
0,0,0.00018280427
0,0,0.000127839
0,0,0.000346606
0,0,5.9344264e-05
0,0,3.4775414e-06
0,0,3.5330297e-05
0,0,3.6283072e-05
0,0,4.2545507e-05
0,0,1.0137094e-05
0,0,6.453464e-05
0,0,2.4503137e-05
0,0,3.754994e-05
0,0,1.4520349e-05
0,0,4.7249916e-05
0,0,2.3453616e-05
0,0,6.9776754e-05
0,0,0.00037932454
0,0,4.1810825e-05
0,0,4.5273573e-05
0,0,0.00024219796
0,0,4.0408642e-05
0,0,3.1003738e-06
0,0,3.222975e-05
0,0,3.759957e-05
0,0,0.0012231849
0,0,9.649025e-06
0,0,1.5561694e-05
0,0,4.380608e-05
0,0,2.5087718e-06
0,0,2.6658287e-05
0,0,0.00031301158
0,0,0.000131954
0,0,0.00012801282
0,0,0.00038380077
0,0,3.0266627e-05
0,0,0.00014878073
0,0,1.5446089e-05
0,0,6.465143e-05
0,0,7.257406e-05
0,0,0.0030725643
0,0,1.372368e-05
0,0,3.128152e-05
0,0,4.2887892e-05
0,0,4.8232545e-05
0,0,0.001862111
0,0,0.000110015375
0,0,3.606192e-05
0,0,2.5752657e-05
0,0,7.7925186e-05
0,0,3.4365654e-05
0,0,5.8390547e-06
0,0,2.7868688e-05
0,0,3.192367e-05
0,0,0.0005694534
0,0,6.740648e-05
0,0,5.8617857e-06
0,0,1.19783645e-05
0,0,0.00018171327
0,0,0.0010720019
0,0,0.00022354761
0,0,5.7507677e-05
0,0,8.307234e-05
0,0,0.0011025897
0,0,1.2535147e-05
0,0,3.6028352e-06
0,0,9.605552e-06
0,0,4.5147426e-06
0,0,1.0942327e-05
0,0,6.529873e-05
0,0,1.3715673e-05
0,0,4.4293654e-05
0,0,1.3485533e-05
0,0,9.2047325e-05
0,0,1.9484014e-05
0,0,8.098524e-05
0,0,1.6181037e-05
0,0,6.885828e-05
0,0,0.00030723386
0,0,3.036012e-06
0,0,0.0031530275
0,0,1.03555685e-05
0,0,0.0001929569
0,0,1.8543275e-05
0,0,4.498051e-05
0,0,6.788506e-05
0,0,2.1381888e-05
0,0,2.9632589e-05
0,0,1.1865036e-05
0,0,2.6167225e-05
0,0,4.4351815e-05
0,0,1.0373201e-05
0,0,2.9818739e-06
0,0,4.2067472e-06
0,0,4.7826783e-05
0,0,0.00041179528
0,0,8.609056e-06
0,0,3.0864067e-05
0,0,1.9938923e-05
0,0,6.0776634e-05
0,0,0.00040929037
0,0,2.32442e-05
0,0,2.4237104e-05
0,0,1.0690839e-05
0,0,0.0001180407
0,0,7.198773e-06
0,0,2.5941445e-05
0,0,6.877927e-05
0,0,0.00010896588
0,0,8.15617e-05
0,0,3.957408e-05
0,0,8.927967e-05
0,0,8.4591506e-05
0,0,2.1454623e-05
0,0,0.00038990017
0,0,0.0015860202
0,0,1.9410104e-06
0,0,0.00011101154
0,0,1.7265524e-05
0,0,4.7972076e-06
0,0,4.1399504e-05
0,0,9.369012e-06
0,0,2.54447e-05
0,0,7.244558e-06
0,0,5.7074726e-06
0,0,0.00018345681
0,0,0.00071753864
0,0,1.1077352e-05
0,0,2.3543524e-05
0,0,6.347962e-05
0,0,0.00018507038
0,0,9.302435e-06
0,0,0.00016522923
0,0,1.6917817e-05
0,0,1.0666958e-05
0,0,0.00040187643
0,0,9.829379e-05
0,0,1.7060049e-05
0,0,0.00021595045
0,0,9.491734e-05
0,0,1.7920724e-05
0,0,0.0002578107
0,0,0.00025434644
0,0,5.0925224e-05
0,0,5.097515e-06
0,0,9.618421e-06
0,0,3.7631242e-05
0,0,1.7560975e-05
0,0,0.00012102078
0,0,1.9231202e-05
0,0,0.00014446855
0,0,3.894481e-05
0,0,0.00019099466
0,0,1.628384e-05
0,0,0.00031962962
0,0,0.0001600564
0,0,8.671892e-05
0,0,1.7750344e-05
0,0,0.0002453524
0,0,0.0010300826
0,0,4.3747383e-05
0,0,0.00035657626
0,0,4.0833515e-05
0,0,4.5589645e-06
0,0,3.2985063e-05
0,0,2.0720434e-05
0,0,1.2943279e-05
0,0,0.0005600503
0,0,0.0005234196
0,0,5.9423208e-05
0,0,7.32391e-06
0,0,6.4440014e-06
0,0,0.00010767373
0,0,6.467042e-05
0,0,0.0002977597
0,0,3.919422e-05
0,0,8.496614e-05
0,0,1.6845965e-05
0,0,9.030838e-05
0,0,0.00057832786
0,0,0.0002445385
0,0,6.2415e-05
0,0,4.5252724e-05
0,0,2.2260721e-05
0,0,2.1833395e-05
0,0,3.875324e-05
0,0,1.3197754e-05
0,0,9.634778e-05
0,0,8.439917e-05
0,0,1.8065839e-05
0,0,1.45206395e-05
0,0,4.021631e-05
0,0,2.5827228e-05
0,0,4.7937956e-06
0,0,0.0022951562
0,0,1.4861225e-05
0,0,2.190307e-05
0,0,2.2912622e-05
0,0,4.438682e-06
0,0,8.382437e-06
0,0,9.3638686e-05
0,0,2.5697898e-05
0,0,0.00025236327
0,0,1.7766755e-05
0,0,4.639094e-06
0,0,2.8190303e-05
0,0,0.000957428
0,0,3.6329537e-05
0,0,7.0793853e-06
0,0,3.3761942e-05
0,0,6.271672e-05
0,0,2.2151173e-05
0,0,3.6876783e-05
0,0,7.877416e-05
0,0,0.0004868732
0,0,0.00010167888
0,0,3.3373833e-06
0,0,9.175839e-06
0,0,4.470463e-06
0,0,0.00014403375
0,0,2.594998e-05
0,0,2.3244644e-05
0,0,1.5526799e-05
0,0,1.6370162e-05
0,0,1.1603307e-06
0,0,2.0484136e-05
0,0,0.0005361908
0,0,0.00017311658
0,0,2.1509952e-06
0,0,3.3996144e-05
0,0,0.00015338605
0,0,1.0927894e-05
0,0,3.1578158e-05
0,0,5.056351e-06
0,0,7.767619e-06
0,0,0.00014518874
0,0,5.3422253e-05
0,0,0.00045241893
0,0,0.00012977963
0,0,3.564741e-05
0,0,2.8119124e-05
0,0,3.3062348e-05
0,0,6.789471e-05
0,0,0.000107956046
0,0,2.90063e-05
0,0,1.0970058e-05
0,0,5.4264005e-05
0,0,1.9886738e-05
0,0,2.3438683e-05
0,0,2.7444721e-05
0,0,0.00018325978
0,0,0.00028310332
0,0,1.6826023e-05
0,0,6.176624e-05
0,0,0.00056074123
0,0,3.67477e-05
0,0,3.5892342e-06
0,0,5.1451243e-05
0,0,0.00057089544
0,0,0.00019139043
0,0,5.05665e-06
0,0,0.00012582849
0,0,5.5574446e-06
0,0,1.1179978e-05
0,0,2.374873e-05
0,0,9.8074335e-05
0,0,0.0009021793
0,0,0.0004540068
0,0,1.8405064e-05
0,0,2.4337254e-05
0,0,7.387852e-06
0,0,0.00022597908
0,0,2.169599e-05
0,0,7.473148e-06
0,0,3.458257e-05
0,0,5.5234436e-06
0,0,8.083894e-06
0,0,1.3020272e-05
0,0,1.579188e-05
0,0,1.1130871e-05
0,0,0.0004495783
0,0,2.899391e-05
0,0,1.5356378e-05
0,0,2.3637178e-05
0,0,1.8296509e-05
0,0,0.0005879127
0,0,0.00014506032
0,0,6.224613e-05
0,0,0.00038405202
0,0,0.029634021
0,0,9.016889e-05
0,0,1.2273394e-05
0,0,0.00045185714
0,0,1.4957056e-05
0,0,2.6248603e-05
0,0,6.1591134e-05
0,0,6.053659e-05
0,0,0.00020181228
0,0,2.3075597e-06
0,0,3.7275327e-05
0,0,0.00027685176
0,0,1.1531653e-05
0,0,8.017948e-06
0,0,1.3367313e-05
0,0,0.00024930693
0,0,2.7260381e-05
0,0,1.8784627e-05
0,0,6.466422e-06
0,0,5.6685576e-06
0,0,4.0646602e-05
0,0,5.2861533e-06
0,0,2.747054e-05
0,0,4.948032e-05
0,0,6.373016e-06
0,0,8.75829e-06
0,0,0.00019323787
0,0,0.00017586375
0,0,7.699369e-06
0,0,6.383608e-05
0,0,2.5687339e-05
0,0,1.7386737e-05
0,0,4.6484238e-05
0,0,6.726554e-05
0,0,3.8417475e-05
0,0,1.2139572e-05
0,0,7.550157e-05
0,0,3.0995765e-05
0,0,2.986354e-05
0,0,3.3449065e-05
0,0,3.167274e-05
0,0,6.195406e-05
0,0,4.761735e-05
0,0,1.301076e-06
0,0,4.586705e-06
0,0,2.351265e-05
0,0,6.3598527e-06
0,0,0.0009587841
0,0,4.8795107e-05
0,0,8.9026835e-05
0,0,0.00019888557
0,0,1.51357435e-05
0,0,3.6235873e-05
0,0,1.8132325e-05
0,0,9.177502e-06
0,0,1.635197e-05
0,0,1.1968271e-05
0,0,2.5358657e-05
0,0,0.00024044357
0,0,0.0014747784
0,0,0.00024911683
0,0,0.00013049376
0,0,6.7051886e-05
0,0,2.7329777e-05
0,0,2.1271188e-05
0,0,1.2319856e-05
0,0,3.6337195e-05
0,0,4.4239285e-05
0,0,3.5394166e-06
0,0,0.0001015874
0,0,2.790395e-05
0,0,0.00021790793
0,0,7.403192e-06
0,0,2.4472007e-05
0,0,2.1746533e-05
0,0,9.319323e-06
0,0,6.323777e-06
0,0,2.722443e-06
0,0,1.0891093e-06
0,0,8.642058e-06
0,0,2.3530753e-05
0,0,3.495235e-05
0,0,5.2535866e-05
0,0,0.00048447997
0,0,2.1412414e-05
0,0,0.000113216025
0,0,2.701159e-05
0,0,0.00013906868
0,0,6.858973e-06
0,0,1.1988456e-05
0,0,1.2400056e-05
0,0,2.3978144e-05
0,0,2.1274029e-05
0,0,1.3851711e-05
0,0,1.1720501e-05
0,0,2.0773974e-05
0,0,1.1609147e-05
0,0,2.2934287e-06
0,0,3.5779725e-05
0,0,9.5041694e-05
0,0,0.0010038328
0,0,1.2060792e-05
0,0,3.9639457e-05
0,0,7.108557e-06
0,0,0.00032660697
0,0,7.901061e-06
0,0,5.941066e-06
0,0,0.00072354486
0,0,2.083393e-05
0,0,0.0009424418
0,0,0.0001213493
0,0,0.0011609719
0,0,0.00014364095
0,0,0.00013419027
0,0,0.00070520496
0,0,2.5171159e-05
0,0,2.626117e-05
0,0,1.2272715e-05
0,0,0.00015863
0,0,5.965395e-05
0,0,0.00029126508
0,0,7.681481e-06
0,0,8.320791e-06
0,0,3.478327e-05
0,0,4.085821e-05
0,0,0.00012709925
0,0,0.000541392
0,0,4.430548e-05
0,0,6.1354267e-06
0,0,1.1637768e-05
0,0,2.4362553e-06
0,0,4.0728315e-05
0,0,3.9391467e-05
0,0,7.3515446e-05
0,0,0.0007776724
0,0,1.1689747e-05
0,0,9.683169e-06
0,0,0.0002115085
0,0,3.5080146e-05
0,0,1.3110956e-05
0,0,1.2825983e-05
0,0,0.000120396224
0,0,3.3190217e-06
0,0,0.0009154568
0,0,7.400665e-06
0,0,4.6365145e-05
0,0,0.00010794112
0,0,1.2252753e-05
0,0,0.000345595
0,0,0.00013262763
0,0,1.4805589e-05
0,0,1.9920904e-05
0,0,0.00020747281
0,0,1.6522865e-05
0,0,0.000114599265
0,0,0.00030375953
0,0,1.986362e-06
0,0,5.8661873e-05
0,0,0.0008257751
0,0,0.0013764041
0,0,2.6009067e-05
0,0,9.611636e-06
0,0,1.3444122e-05
0,0,0.00039913322
0,0,3.3457487e-05
0,0,2.3310995e-05
0,0,9.398652e-06
0,0,0.00019539394
0,0,4.802866e-05
0,0,1.4056093e-05
0,0,3.7674583e-06
0,0,0.00039182935
0,0,1.3599819e-05
0,0,3.1977102e-06
0,0,7.6016977e-06
0,0,2.4603212e-05
0,0,1.2585637e-05
0,0,2.3144641e-05
0,0,2.4656298e-05
0,0,0.00018674177
0,0,2.372573e-05
0,0,2.798969e-05
0,0,5.4098306e-05
1,1,0.9461949
0,0,3.189446e-05
0,0,1.06174e-05
0,0,6.1076025e-05
0,0,3.1896223e-05
0,0,0.00039714004
0,0,0.00020783691
0,0,9.888731e-05
0,0,0.00020097676
0,0,1.4999937e-05
0,0,2.9953462e-06
0,0,0.00027621663
0,0,9.341355e-06
0,0,2.2475162e-05
0,0,1.4260812e-05
0,0,2.6748918e-05
0,0,3.47363e-05
0,0,3.493439e-05
0,0,8.714194e-05
0,0,9.556531e-06
0,0,7.327871e-06
0,0,5.7285564e-05
0,0,0.00028346985
0,0,2.8555305e-05
0,0,1.3979956e-06
0,0,5.7209083e-05
0,0,0.00084566476
0,0,0.0006864327
0,0,8.016236e-06
0,0,2.4131406e-05
0,0,6.3866646e-05
0,0,6.8805704e-05
0,0,2.3625657e-06
0,0,5.602179e-05
0,0,1.54696e-05
0,0,7.4610343e-06
0,0,1.3208116e-05
0,0,4.596417e-06
0,0,1.3326175e-05
0,0,0.00029087768
0,0,0.0013228882
0,0,6.206032e-06
0,0,2.8421613e-05
0,0,1.7661645e-05
0,0,1.460427e-05
0,0,1.1920941e-05
0,0,1.4154263e-05
0,0,8.181581e-05
0,0,5.499196e-05
0,0,8.239087e-05
0,0,9.507723e-05
0,0,3.4870915e-05
0,0,6.7359188e-06
0,0,1.3124479e-05
0,0,0.00097075815
0,0,4.066649e-05
0,0,0.00017931002
0,0,0.00022082058
0,0,0.00012675395
0,0,3.931742e-05
0,0,9.468988e-06
0,0,0.00010806058
0,0,3.3306144e-06
0,0,0.00010543219
0,0,0.00061120227
0,0,7.241505e-06
0,0,6.1384795e-05
0,0,6.929837e-06
0,0,2.554302e-05
0,0,9.266213e-05
0,0,0.0023468663
0,0,1.9884292e-05
0,0,6.906306e-05
0,0,8.323751e-06
0,0,0.00057295273
0,0,1.8150578e-05
0,0,0.000117159296
0,0,9.250946e-06
0,0,1.0355065e-05
0,0,0.00019366284
0,0,2.3211038e-05
0,0,7.836216e-05
0,0,1.3238961e-05
0,0,1.7171566e-05
0,0,1.9928772e-05
0,0,9.338656e-06
0,0,0.0008258471
0,0,5.2981704e-06
0,0,8.70254e-06
0,0,1.6395019e-05
0,0,0.0007323983
0,0,5.0121114e-05
0,0,2.5892336e-05
0,0,0.000120957324
0,0,0.0001457786
0,0,1.46782595e-05
0,0,2.0227084e-05
0,0,1.6543647e-05
0,0,3.2622404e-05
0,0,4.040032e-05
0,0,1.1468745e-05
0,0,3.7920592e-05
0,0,8.930453e-05
0,0,9.3053095e-06
0,0,1.0695082e-05
0,0,6.525883e-06
0,0,1.6541248e-05
0,0,0.00020481934
0,0,1.3691719e-05
0,0,5.1740176e-06
0,0,6.5254964e-05
0,0,1.5511037e-05
0,0,1.7956016e-05
0,0,3.697376e-05
0,0,4.6734527e-05
0,0,0.00010566448
0,0,0.00010474194
0,0,9.9438395e-05
0,0,2.4798276e-06
0,0,4.75328e-06
0,0,6.278906e-05
0,0,2.6021771e-06
0,0,3.7910577e-05
0,0,1.040311e-05
0,0,1.8363424e-05
0,0,5.4177857e-05
0,0,6.0163843e-06
0,0,3.5211127e-05
0,0,1.0048927e-05
0,0,3.762317e-06
0,0,3.7057103e-05
0,0,1.60038e-05
0,0,6.912777e-05
0,0,3.2949242e-06
0,0,0.00039471145
0,0,2.3225764e-05
0,0,1.8629082e-05
0,0,3.5212168e-05
0,0,3.7820016e-06
0,0,0.00013021409
0,0,9.7435195e-06
0,0,3.2964863e-06
0,0,0.00014456267
0,0,9.281318e-06
0,0,4.251791e-06
0,0,3.471772e-05
0,0,7.806828e-05
0,0,0.0010559658
0,0,5.097789e-05
0,0,1.3101795e-05
0,0,0.00022471377
0,0,1.812631e-05
0,0,0.00026169582
0,0,6.7876035e-06
0,0,0.00012767418
0,0,0.00013216531
0,0,0.0012011508
0,0,2.4167937e-06
0,0,0.00012373108
0,0,3.2804874e-05
0,0,5.1409308e-05
0,0,1.2290014e-05
0,0,1.624982e-05
0,0,8.115632e-05
0,0,3.5156103e-05
0,0,5.6915185e-05
0,0,1.1050446e-05
0,0,0.0049897237
0,0,2.2520753e-05
0,0,1.7805445e-05
0,0,0.00024146566
0,0,2.8811253e-05
0,0,6.7078668e-06
0,0,1.9033929e-05
0,0,4.858785e-06
0,0,0.000118328644
0,0,4.629159e-05
0,0,7.949888e-06
0,0,0.031232411
0,0,0.00038550756
0,0,4.281662e-06
0,0,3.0299032e-06
0,0,3.7079533e-06
0,0,5.0428766e-06
0,0,1.3199679e-05
0,0,2.4422163e-05
0,0,0.00024368783
0,0,1.7238657e-05
0,0,1.4264702e-05
0,0,4.0189334e-06
0,0,9.453606e-05
0,0,1.08596805e-05
0,0,0.00013968415
0,0,0.00022539678
0,0,4.4355114e-05
0,0,6.0324754e-05
0,0,0.000104126215
0,0,0.0004028998
0,0,0.00023685693
0,0,4.5443696e-05
0,0,0.00016539283
0,0,1.8136909e-05
0,0,4.6151285e-06
0,0,1.0767118e-05
0,0,8.9833675e-06
0,0,9.468194e-05
0,0,9.182554e-06
0,0,0.00063003413
0,0,1.9928886e-05
0,0,2.810899e-06
0,0,8.258705e-05
0,0,0.00031747128
0,0,1.883974e-05
0,0,2.068977e-05
0,0,1.8968278e-05
0,0,2.8366969e-05
0,0,0.0002759584
0,0,2.12515e-05
0,0,0.00022440845
0,0,3.0814157e-05
0,0,4.1484473e-05
0,0,6.826631e-06
0,0,1.6437838e-05
0,0,8.881586e-05
0,0,3.0769257e-05
0,0,0.000106185274
0,0,0.00015515508
0,0,1.8027959e-05
0,0,2.4584238e-05
0,0,0.00016262705
0,0,5.3870503e-05
0,0,2.2564911e-05
0,0,1.2432109e-05
0,0,8.429872e-06
0,0,3.2735217e-05
0,0,7.382885e-05
0,0,0.000104686835
0,0,3.295268e-05
0,0,8.378209e-06
0,0,5.0327395e-05
0,0,0.00010440261
0,0,3.014357e-05
0,0,0.0025651983
0,0,2.690821e-05
0,0,9.630565e-06
0,0,4.9090504e-05
0,0,0.00024579585
0,0,1.0246995e-05
0,0,0.00052931905
0,0,4.4211112e-05
0,0,5.017357e-05
0,0,2.0847267e-06
0,0,2.2045633e-05
0,0,2.0359417e-05
0,0,1.3717937e-05
0,0,0.0008317822
0,0,2.8427574e-05
0,0,1.28745e-05
0,0,5.8337064e-06
0,0,7.3694437e-06
0,0,3.7955757e-05
0,0,4.4888468e-05
0,0,1.4040352e-05
0,0,0.002059015
0,0,2.4860577e-05
0,0,6.443551e-05
0,0,2.4324423e-05
0,0,5.5650606e-05
0,0,7.9890066e-05
0,0,1.561694e-05
0,0,0.0013402054
0,0,1.24999915e-05
0,0,0.0002374772
0,0,1.2935455e-05
0,0,3.5760557e-05
0,0,6.0709312e-06
0,0,1.5838667e-05
0,0,0.00065047917
0,0,1.2135381e-05
0,0,9.005326e-06
0,0,9.979833e-05
0,0,1.6298896e-05
0,0,8.32072e-05
0,0,6.5701104e-05
0,0,0.00020095627
0,0,2.523199e-05
0,0,0.00012764387
0,0,7.610141e-06
0,0,0.00018966352
0,0,0.0005205934
0,0,3.6065273e-06
0,0,0.00010345795
0,0,5.5517983e-05
0,0,8.677393e-05
0,0,2.9072766e-05
0,0,2.491108e-05
0,0,1.7219516e-05
0,0,0.00013531225
0,0,3.4409797e-05
0,0,0.0006687782
0,0,3.5122088e-05
0,0,6.578383e-06
0,0,0.0002037164
0,0,0.00029517178
0,0,0.00011778367
0,0,0.0001460683
0,0,5.0345297e-06
0,0,3.087908e-05
0,0,1.4373812e-05
0,0,2.5936892e-05
0,0,6.962082e-05
0,0,8.723812e-06
0,0,1.6591044e-05
0,0,8.557477e-05
0,0,0.00047940528
0,0,3.9586612e-05
0,0,5.819731e-06
0,0,6.12981e-05
0,0,1.0173916e-05
0,0,1.4920229e-05
0,0,8.132738e-05
0,0,1.6973247e-05
0,0,0.00012424705
0,0,6.76637e-05
0,0,1.457019e-06
0,0,2.079764e-05
0,0,0.00021394996
0,0,4.247803e-06
0,0,0.0004508598
0,0,2.1272203e-05
0,0,0.0029842716
0,0,1.24208145e-05
0,0,7.7040975e-05
0,0,2.9238226e-05
0,0,1.0469735e-05
0,0,0.00010912747
0,0,2.1826421e-05
0,0,1.0771595e-05
0,0,2.9992147e-05
0,0,7.5369117e-06
1,1,0.9021523
0,0,2.438803e-06
0,0,6.258295e-05
0,0,1.704031e-05
0,0,2.2148679e-05
0,0,2.7422902e-05
0,0,0.0015021539
0,0,1.1628272e-05
0,0,1.6125612e-05
0,0,8.963403e-06
0,0,2.8178396e-05
0,0,4.8609338e-05
0,0,6.534177e-05
0,0,1.0045419e-05
0,0,5.8259146e-05
0,0,2.9180594e-05
0,0,0.0003553688
0,0,0.000111129004
0,0,3.7503847e-05
0,0,8.396e-05
0,0,0.00011330491
0,0,4.4361204e-05
0,0,3.6952086e-05
0,0,1.406556e-05
0,0,1.2837559e-05
0,0,2.7791879e-05
0,0,1.5039313e-05
0,0,6.583544e-05
0,0,5.2884475e-06
0,0,1.9352441e-05
0,0,0.0001353627
0,0,0.00018860871
0,0,3.8575217e-06
0,0,8.734468e-06
0,0,3.9036022e-05
0,0,0.0006057024
0,0,1.7548638e-06
0,0,0.0001151295
0,0,1.4038571e-05
0,0,3.495142e-05
0,0,3.308414e-05
0,0,9.040072e-06
0,0,1.8486457e-05
0,0,9.757384e-06
0,0,3.1885534e-06
0,0,0.00015967591
0,0,7.7969635e-05
0,0,2.3246483e-05
0,0,0.00014364245
0,0,0.00029822276
0,0,1.5580777e-05
0,0,0.00012883918
0,0,0.00030911394
0,0,4.7083355e-05
0,0,7.11465e-05
0,0,0.0005798864
0,0,5.5242042e-05
0,0,0.006431036
0,0,1.2189479e-05
0,0,2.603602e-05
0,0,0.00039070164
0,0,0.00011442848
0,0,0.00013615079
0,0,2.192769e-05
0,0,3.1308467e-05
0,0,3.381914e-05
0,0,6.729004e-05
0,0,4.3081167e-05
0,0,0.0015136871
0,0,3.355824e-05
0,0,0.00014505687
0,0,8.0676e-05
0,0,1.9509487e-05
0,0,6.166481e-06
0,0,0.0013020918
0,0,4.699472e-05
0,0,0.00010057139
0,0,0.00026496468
0,0,2.5297957e-05
0,0,0.00029241949
0,0,3.1307933e-05
0,0,8.377238e-05
0,0,0.00017382618
0,0,2.4319574e-05
0,0,9.590513e-05
0,0,0.00023355012
0,0,4.418936e-05
0,0,1.8848474e-05
0,0,0.00014759507
0,0,4.4506844e-05
0,0,5.4471282e-05
0,0,2.0146055e-05
0,0,8.6476475e-06
0,0,1.9120691e-05
0,0,5.516895e-06
0,0,3.432501e-05
0,0,5.0766277e-05
0,0,4.078856e-05
0,0,6.9988105e-06
0,0,0.00034704804
0,0,2.541919e-05
0,0,0.00027694495
0,0,0.00019734698
0,0,0.0004252067
0,0,1.3108243e-05
0,0,9.288853e-06
0,0,9.547753e-05
0,0,4.8937036e-06
0,0,5.3812535e-05
0,0,5.9596634e-05
0,0,0.0014044932
0,0,0.0020155301
0,0,1.0083553e-05
0,0,1.574914e-05
0,0,2.4603212e-05
0,0,1.0779138e-05
0,0,6.485734e-06
0,0,0.000115098985
0,0,3.7595193e-05
0,0,0.0001963786
0,0,0.00038405202
0,0,1.7599637e-05
0,0,0.00011190293
0,0,4.7918682e-05
0,0,8.283587e-06
0,0,2.8862758e-05
0,0,9.29863e-06
0,0,4.386318e-05
0,0,2.7204858e-05
0,0,0.00026703486
0,0,0.0001408213
0,0,2.125454e-05
0,0,9.944987e-05
0,0,9.983289e-05
0,0,3.264179e-05
0,0,0.0018308652
0,0,0.00026101083
0,0,1.1379582e-05
0,0,4.4633678e-05
0,0,3.63277e-05
0,0,0.00014755511
0,0,3.1248421e-06
0,0,1.2420246e-05
0,0,0.00010526753
0,0,1.8157918e-05
0,0,8.313153e-06
0,0,0.012682366
0,0,0.00013086235
0,0,8.387971e-06
0,0,3.8294023e-05
0,0,0.00017560855
0,0,7.194508e-05
0,0,0.0070477934
0,0,9.302479e-06
0,0,1.1922476e-05
0,0,1.45407885e-05
0,0,7.973009e-05
0,0,1.486732e-05
0,0,0.00017849734
0,0,0.00010451647
0,0,8.4698215e-05
0,0,1.1993899e-05
0,0,4.148483e-05
0,0,6.4245864e-06
0,0,1.5933596e-05
0,0,6.2222745e-05
0,0,1.1035092e-05
0,0,3.5772937e-05
0,0,2.5347292e-05
0,0,0.003655141
0,0,1.4961422e-05
0,0,0.00036836005
0,0,0.0011579804
0,0,7.5812604e-05
0,0,2.7553526e-05
0,0,0.00012841543
0,0,1.4287738e-05
0,0,0.00010099983
0,0,1.5621394e-05
0,0,7.796466e-06
0,0,6.343393e-05
0,0,3.3568514e-05
0,0,5.029357e-06
0,0,5.5259675e-06
0,0,6.470176e-05
0,0,0.0001096716
0,0,2.3190021e-05
0,0,3.1234213e-05
0,0,3.1794164e-06
0,0,2.417307e-05
0,0,1.1686002e-05
0,0,3.4728877e-05
0,0,7.6082474e-06
0,0,9.295516e-05
0,0,4.7234913e-05
0,0,2.3207683e-06
0,0,6.1712126e-05
0,0,0.0002298251
0,0,3.14721e-06
0,0,0.00066221727
0,0,2.4952404e-05
0,0,3.842981e-06
0,0,2.2946997e-05
0,0,3.4247747e-05
0,0,0.00012807669
0,0,0.000244031
0,0,0.00018405112
0,0,8.908713e-05
0,0,3.22189e-05
0,0,3.196318e-05
0,0,9.723598e-06
0,0,5.8714035e-05
0,0,0.000108549386
0,0,2.212858e-05
0,0,0.0003004734
0,0,8.974574e-06
0,0,3.8779966e-05
0,0,2.9308328e-06
0,0,1.28281845e-05
0,0,2.117196e-05
0,0,2.7444668e-05
0,0,0.0001168684
0,0,2.0806965e-05
0,0,0.00080305105
0,0,2.2864904e-05
0,0,7.115288e-05
0,0,2.6640648e-05
0,0,0.00012002346
0,0,2.0547901e-05
0,0,5.7571826e-05
0,0,2.5105088e-05
0,0,1.3582579e-05
0,0,5.4876342e-05
0,0,3.2985412e-05
0,0,3.1291664e-05
0,0,5.1875628e-05
0,0,0.0019206337
0,0,0.0034687829
0,0,0.00020102928
0,0,0.000118097334
0,0,9.533628e-06
0,0,0.0001449251
0,0,8.937582e-06
0,0,1.7312464e-05
0,0,9.497583e-05
0,0,3.8903905e-05
0,0,1.0951076e-05
0,0,8.98037e-06
0,0,1.0764541e-05
0,0,8.457039e-06
0,0,4.736509e-05
0,0,4.7903242e-05
0,0,0.00092664483
0,0,8.581939e-06
0,0,6.587268e-05
0,0,1.5651129e-05
0,0,6.298949e-05
0,0,1.4955787e-05
0,0,0.0010899999
0,0,6.851846e-05
0,0,2.1043135e-05
0,0,4.0917557e-06
0,0,1.477966e-05
0,0,8.928937e-05
0,0,0.00012195972
0,0,8.7460954e-05
0,0,2.3143515e-05
0,0,1.1059016e-05
0,0,7.408796e-05
0,0,3.4032055e-05
0,0,0.00011313001
0,0,0.0012945567
0,0,4.370626e-06
0,0,2.7363296e-06
0,0,2.798774e-05
0,0,4.642861e-06
0,0,0.00078989385
0,0,0.000119835335
0,0,0.0026499927
0,0,8.1826496e-05
0,0,3.4724406e-05
0,0,0.00017703373
0,0,0.00022253217
0,0,8.061409e-05
0,0,1.8027908e-05
0,0,2.1687074e-05
0,0,3.8456034e-05
0,0,8.90211e-06
0,0,5.6815197e-06
0,0,2.4332938e-05
0,0,7.4786156e-05
0,0,7.3979904e-06
0,0,9.799843e-05
0,0,5.0614348e-05
0,0,2.7780645e-05
0,0,1.5871221e-05
0,0,6.1694104e-06
0,0,0.00041581216
0,0,0.0001103134
0,0,0.00013368018
0,0,0.00038478058
0,0,4.9121736e-05
0,0,1.6106369e-05
0,0,9.175839e-06
0,0,2.6434973e-05
0,0,0.0001799542
0,0,2.4729863e-05
0,0,2.8881072e-05
0,0,2.895412e-05
0,0,0.00017195003
0,0,1.646341e-05
0,0,1.948236e-05
0,0,3.438421e-05
0,0,1.8544479e-06
0,0,8.2915794e-05
0,0,0.000119104305
0,0,0.00017554108
0,0,9.196593e-06
0,0,0.00043911271
0,0,7.187185e-05
0,0,9.835899e-06
0,0,3.2378422e-05
0,0,1.331638e-05
0,0,1.5754486e-05
0,0,2.1596801e-05
0,0,0.00026725366
0,0,0.0020990786
0,0,2.1880523e-05
0,0,3.4382734e-05
0,0,5.404138e-05
0,0,6.0495763e-06
0,0,6.286898e-06
0,0,0.00013088757
0,0,0.0006587122
0,0,2.2769924e-05
0,0,5.790671e-05
0,0,2.7351703e-05
0,0,1.2547742e-05
0,0,3.0905005e-05
0,0,0.002173915
0,0,0.000105139625
0,0,3.244952e-06
0,0,6.647952e-06
0,0,3.528585e-05
0,0,9.367377e-06
0,0,2.0626825e-05
0,0,0.00012395227
0,0,0.0003938432
0,0,3.185537e-05
0,0,2.0375383e-05
0,0,3.0990297e-05
0,0,3.3087992e-05
0,0,0.00014688606
0,0,1.1470233e-05
0,0,2.542011e-05
0,0,0.00117549
0,0,7.408267e-05
0,0,0.000460332
0,0,2.241046e-05
0,0,9.488313e-05
0,0,7.239371e-06
0,0,0.0025589701
0,0,0.00016927012
0,0,1.9579886e-05
0,0,0.00027475157
0,0,7.80307e-05
0,0,1.2129979e-05
0,0,9.771631e-06
0,0,1.723246e-05
0,0,1.9954636e-05
0,0,7.061354e-05
0,0,0.00013876522
0,0,6.197185e-05
0,0,4.8637896e-05
0,0,3.6215213e-05
0,0,1.624274e-05
0,0,1.727086e-05
0,0,3.8297825e-05
0,0,0.0027344208
0,0,8.3710416e-05
0,0,1.4219771e-06
0,0,0.00023023809
0,0,1.3516292e-05
0,0,0.0001137365
0,0,0.0050313896
0,0,3.1817264e-05
0,0,5.1180664e-06
0,0,3.040958e-05
0,0,3.0122825e-05
0,0,0.0004159281
0,0,1.1073592e-05
0,0,5.0957817e-05
0,0,0.02163216
0,0,1.7674416e-05
0,0,2.7850489e-05
0,0,2.2388736e-05
0,0,0.00014934289
0,0,1.3952164e-05
0,0,4.138379e-05
0,0,2.599672e-05
0,0,2.7483668e-05
0,0,0.00021595004
0,0,7.744016e-06
0,0,1.0606501e-05
0,0,0.0031781541
0,0,5.3239273e-05
0,0,0.000419916
0,0,5.299987e-05
0,0,4.6864265e-05
0,0,0.0006044771
0,0,9.845387e-06
0,0,3.1534735e-05
0,0,5.476521e-06
0,0,4.879944e-05
0,0,8.896407e-06
0,0,0.0015285654
0,0,5.46682e-05
0,0,9.625007e-05
0,0,3.5188536e-05
0,0,1.2280747e-05
0,0,0.00024412735
0,0,0.0005016943
0,0,0.0004931451
0,0,1.0949289e-05
0,0,6.620052e-05
0,0,8.5846696e-05
0,0,7.557188e-05
0,0,1.8859837e-05
0,0,1.3443493e-05
0,0,2.8029594e-05
0,0,8.379076e-05
0,0,6.799836e-06
0,0,6.273646e-05
0,0,2.7171565e-05
0,0,1.4797387e-05
0,0,0.00021318512
0,0,6.165113e-05
0,0,2.9814712e-05
0,0,0.00018513075
0,0,5.250777e-05
0,0,6.0352504e-06
0,0,6.9663806e-06
0,0,2.0815203e-05
0,0,3.2729597e-05
0,0,5.4256605e-05
0,0,6.8761524e-06
0,0,0.00030419714
0,0,4.8586764e-05
0,0,8.570816e-06
0,0,0.00010616077
0,0,2.1265183e-05
0,0,1.7245515e-05
0,0,2.4959993e-05
0,0,1.2232554e-05
0,0,7.718077e-05
0,0,0.00014993301
0,0,1.8399202e-05
0,0,1.5874217e-05
0,0,2.3583787e-06
0,0,0.0005723791
0,0,0.00015556009
0,0,1.7387285e-05
0,0,1.5655263e-05
0,0,6.79847e-05
0,0,4.7748763e-05
0,0,6.5097774e-06
0,0,1.6112206e-05
0,0,6.300884e-05
0,0,4.138024e-05
0,0,1.5597756e-05
0,0,8.060564e-05
0,0,0.00013009073
0,0,0.00045530006
0,0,2.2945992e-06
0,0,0.000104728075
0,0,1.7977278e-05
0,0,7.742927e-05
0,0,2.3956409e-05
0,0,9.2118935e-06
0,0,4.4473112e-05
0,0,4.454901e-05
0,0,0.00016089293
0,0,7.4809345e-06
0,0,1.7136421e-06
0,0,9.554308e-06
0,0,7.860405e-05
0,0,1.875436e-05
0,0,3.1050706e-05
0,0,1.6971126e-05
0,0,5.8981608e-05
0,0,4.1343166e-05
0,0,7.562718e-05
0,0,1.7717384e-05
0,0,6.006776e-06
0,0,3.979513e-05
0,0,1.1648972e-05
0,0,9.217232e-05
0,0,0.00022201591
0,0,0.000823678
0,0,1.0612683e-05
0,0,2.1649921e-05
0,0,0.00044810798
0,0,3.4010023e-05
0,0,4.0931372e-05
0,0,2.6795691e-05
0,0,8.0829295e-06
0,0,3.8087266e-05
0,0,1.0102698e-05
0,0,3.955774e-05
0,0,2.4219798e-05
0,0,0.00015366024
0,0,3.8435933e-06
0,0,1.8408382e-05
0,0,2.8809658e-05
0,0,4.814091e-06
0,0,1.13185615e-05
0,0,0.000106433436
0,0,1.0596056e-05
0,0,0.00023085225
0,0,6.2918414e-05
0,0,0.0001333446
0,0,7.1708305e-06
0,0,1.2591218e-05
0,0,0.0002783288
0,0,0.00049349654
0,0,3.7950907e-05
0,0,8.144235e-06
0,0,3.242001e-05
0,0,3.943431e-05
0,0,7.609304e-05
0,0,0.000125745
0,0,1.859158e-05
0,0,0.000102899496
0,0,2.2087454e-06
0,0,2.1186928e-05
0,0,8.348975e-05
0,0,9.80821e-05
0,0,8.0135294e-05
0,0,6.7603933e-06
0,0,4.1219788e-05
0,0,5.184388e-05
0,0,0.00020208397
0,0,6.302308e-06
0,0,5.9308004e-05
0,0,5.938469e-05
0,0,1.11748195e-05
0,0,3.40522e-06
0,0,2.3135703e-05
0,0,0.0002453524
0,0,3.998243e-05
0,0,7.163012e-06
0,0,0.000171318
0,0,7.599386e-06
0,0,1.4114485e-05
0,0,1.462977e-06
0,0,1.0374695e-05
0,0,2.3010283e-05
0,0,3.6756745e-05
0,0,0.0018204214
0,0,6.387913e-05
0,0,6.36719e-06
0,0,3.9013466e-05
0,0,7.941521e-06
0,0,1.4235892e-05
0,0,2.4036044e-05
0,0,5.480711e-06
0,0,3.537271e-05
0,0,7.471167e-05
0,0,2.942099e-06
0,0,0.00015080406
0,0,1.3620599e-05
0,0,2.4404004e-05
0,0,7.3102465e-06
0,0,4.2171054e-05
0,0,8.650253e-05
0,0,5.653053e-06
0,0,3.955208e-05
0,0,0.00017232884
0,0,0.00023085225
0,0,2.1091373e-05
0,0,4.9357554e-05
0,0,5.7469413e-05
0,0,8.634125e-06
0,0,0.00023097577
0,0,0.00015196012
0,0,5.315673e-05
0,0,0.00023690617
0,0,4.580014e-05
0,0,5.635328e-06
0,0,1.5226199e-05
0,0,3.924456e-05
0,0,0.002401307
0,0,0.0006232101
0,0,5.454005e-06
0,0,3.9214124e-06
0,0,9.518872e-05
0,0,1.3495041e-05
0,0,6.0017246e-05
0,0,8.351762e-05
0,0,0.004625556
0,0,0.00011757081
0,0,1.6969054e-05
0,0,6.037726e-06
0,0,1.2996341e-05
0,0,4.2080224e-05
0,0,1.5936392e-05
0,0,0.0006593965
0,0,1.4783663e-05
0,0,6.6311346e-05
0,0,0.0016277651
0,0,1.8696286e-05
0,0,5.789478e-05
0,0,1.1591833e-05
0,0,3.0474666e-05
0,0,0.00010442432
0,0,0.000548714
0,0,0.0002826346
0,0,2.3852615e-05
0,0,1.0581142e-05
0,0,1.8293036e-05
0,0,2.255555e-05
0,0,8.019156e-05
0,0,2.5447081e-05
0,0,0.00082252035
0,0,5.4854107e-05
0,0,3.963046e-06
0,0,3.4469929e-06
0,0,8.6628e-05
0,0,0.00015002955
0,0,0.00016550641
0,0,0.00029134314
0,0,0.0003160567
0,0,6.946803e-05
0,0,7.700353e-06
0,0,7.0906217e-06
0,0,1.2136192e-05
0,0,4.6691133e-05
0,0,2.8210068e-05
0,0,1.3425198e-05
0,0,4.15084e-06
0,0,0.0019730774
0,0,9.098626e-06
0,0,0.00018082971
0,0,0.00020919481
0,0,9.1040994e-05
0,0,7.088728e-06
0,0,2.2095812e-05
0,0,0.00010717057
0,0,7.0251655e-05
0,0,1.8039445e-05
0,0,3.680631e-05
0,0,0.00020182092
0,0,3.0617637e-05
0,0,0.00070959737
0,0,4.6895498e-06
0,0,0.00024343353
0,0,1.8530971e-05
0,0,6.843396e-05
0,0,0.0003148177
0,0,1.30839635e-05
0,0,3.4849872e-05
0,0,0.00025746803
0,0,7.401375e-05
0,0,2.8354048e-06
0,0,3.1933778e-05
0,0,0.00017396198
0,0,1.3413002e-05
0,0,0.00051618175
0,0,5.4247084e-05
0,0,0.00023845279
0,0,2.1775442e-05
0,0,8.25596e-06
0,0,1.7227761e-05
0,0,0.0006704854
0,0,8.388902e-05
0,0,0.0001255873
0,0,0.00011692715
0,0,1.4872185e-05
0,0,0.00013793608
0,0,5.0252962e-05
0,0,1.6484713e-05
0,0,9.7061056e-05
0,0,1.965725e-05
0,0,2.5020552e-05
0,0,7.74757e-06
0,0,2.1021491e-05
0,0,7.55563e-06
0,0,0.00012264265
0,0,3.1239008e-05
0,0,8.375293e-06
0,0,0.00014537077
0,0,0.000116542884
0,0,0.0014805497
0,0,6.9159745e-05
0,0,3.5780307e-05
0,0,2.5678326e-05
0,0,2.523199e-05
0,0,4.5137217e-06
0,0,3.5201625e-05
0,0,0.00012347802
0,0,0.00015106915
0,0,1.29001855e-05
0,0,0.00026113205
0,0,0.00011426471
0,0,5.5389996e-06
0,0,0.00039200034
0,0,1.290837e-05
0,0,0.00014241895
0,0,0.00035563283
0,0,3.838887e-05
0,0,2.5814147e-06
0,0,0.0001176924
0,0,1.1725341e-05
0,0,1.1968454e-05
0,0,1.0775808e-05
0,0,7.860352e-05
0,0,2.6287706e-05
0,0,1.1427019e-05
0,0,0.00028733307
0,0,2.4824496e-05
0,0,1.8369868e-05
0,0,0.00013375745
0,0,3.5403147e-05
0,0,1.0861244e-05
0,0,0.00020764755
0,0,3.4578217e-05
0,0,0.00015103142
0,0,7.870318e-06
0,0,0.00044480924
0,0,5.3026914e-05
0,0,1.5120005e-05
0,0,2.7832724e-05
0,0,1.5914675e-05
0,0,5.3388692e-05
0,0,9.0444366e-05
0,0,6.757286e-06
0,0,9.40445e-05
0,0,0.0015759224
0,0,6.5457585e-05
0,0,1.7852753e-06
0,0,6.224981e-05
0,0,2.0058063e-05
0,0,3.4299126e-05
0,0,2.6561018e-05
0,0,1.2744789e-05
0,0,2.9938848e-05
0,0,2.3886372e-05
0,0,0.0002742844
0,0,0.00025641854
0,0,1.7421642e-05
0,0,1.2285877e-05
0,0,2.3755729e-05
0,0,2.154227e-05
0,0,0.00046022757
0,0,4.53185e-05
0,0,0.00044120307
0,0,0.00035323444
0,0,3.540254e-05
0,0,0.00014116225
0,0,3.9691127e-05
0,0,5.5660744e-06
0,0,1.1062656e-05
0,0,9.635912e-06
0,0,0.0016279256
0,0,1.5308724e-05
0,0,6.6108296e-05
0,0,1.8809332e-06
0,0,0.00020378282
0,0,0.0015842566
0,0,7.2175215e-05
0,0,1.4239381e-05
0,0,5.700314e-06
0,0,1.1643663e-05
0,0,2.7839891e-05
0,0,0.00050103146
0,0,0.00012613543
0,0,6.6714805e-05
0,0,5.254198e-06
0,0,1.3013654e-05
0,0,1.1612879e-05
0,0,0.00035672518
0,0,5.429237e-05
0,0,7.1950366e-05
0,0,0.00039349814
0,0,9.240245e-05
0,0,3.7330706e-06
0,0,1.23880345e-05
0,0,8.189058e-05
0,0,5.5471042e-05
0,0,7.5111307e-06
0,0,4.4815656e-06
0,0,2.2153623e-05
0,0,0.00019638646
0,0,0.0013164398
0,0,2.8575954e-05
0,0,1.9809171e-05
0,0,2.4409403e-05
0,0,2.244725e-05
0,0,8.431584e-05
0,0,0.0001088805
0,0,1.5906935e-05
0,0,4.9589735e-06
0,0,0.00010131894
0,0,2.711462e-05
0,0,5.8143332e-06
0,0,0.0025195708
0,0,5.256027e-05
0,0,7.679526e-05
0,0,0.00011331733
0,0,3.459174e-05
0,0,1.875842e-05
0,0,7.781959e-06
0,0,1.9554322e-05
0,0,2.1320307e-06
0,0,8.367203e-05
0,0,7.7339464e-05
0,0,1.398084e-05
0,0,0.002273732
0,0,2.2451504e-06
0,0,4.6542213e-05
0,0,0.00020130376
0,0,2.8461129e-05
0,0,2.1354685e-05
0,0,4.2293046e-05
0,0,4.567923e-05
0,0,2.0488142e-05
0,0,4.0509887e-05
0,0,1.467203e-05
0,0,0.008485841
0,0,2.3072249e-05
0,0,2.1382113e-05
0,0,1.3568416e-05
0,0,0.000118328644
0,0,2.3916917e-05
0,0,2.1824651e-05
0,0,5.4255916e-06
0,0,8.986613e-05
0,0,0.00016387999
0,0,2.6527503e-05
0,0,0.0001525593
0,0,2.0530448e-05
0,0,3.469488e-05
0,0,0.0017462497
0,0,1.5685664e-06
0,0,6.2597515e-05
0,0,0.0009891057
0,0,1.6716034e-05
0,0,1.2961734e-05
0,0,6.181089e-06
0,0,0.00046754928
0,0,8.4371495e-05
0,0,4.337877e-05
0,0,1.6054903e-05
0,0,4.839925e-06
0,0,9.481566e-05
0,0,3.4047895e-05
0,0,0.00080124446
0,0,2.924358e-05
0,0,0.0009839316
0,0,4.6723812e-06
0,0,1.2038418e-05
0,0,5.431576e-06
0,0,1.0076026e-05
0,0,0.00011615059
0,0,1.9409092e-05
0,0,0.0003634277
0,0,5.6708337e-05
0,0,2.314888e-05
0,0,1.24017115e-05
0,0,0.00013759742
0,0,1.9833897e-05
0,0,0.00010674954
0,0,0.00012226083
0,0,8.564663e-06
0,0,2.4645013e-05
0,0,2.573265e-05
0,0,0.00074519194
0,0,0.00019757572
0,0,3.251283e-05
0,0,2.7897113e-05
0,0,0.0006125972
0,0,6.548643e-05
0,0,3.7627046e-06
0,0,0.00057491794
0,0,7.783131e-06
0,0,5.299992e-05
0,0,0.00015239806
0,0,7.9269535e-05
0,0,0.00030702306
0,0,5.8637994e-05
0,0,7.3441574e-06
0,0,0.0001877283
0,0,1.0296934e-05
0,0,2.2927528e-05
0,0,2.25551e-05
0,0,3.7309387e-06
0,0,1.7129416e-05
0,0,1.1923499e-05
0,0,5.8598078e-05
0,0,0.00011126738
0,0,4.9486225e-06
0,0,0.00018466567
0,0,1.2002618e-05
0,0,5.5423403e-05
0,0,3.5156103e-05
0,0,0.001403824
0,0,0.0015571209
0,0,9.0884805e-06
0,0,9.281504e-05
0,0,2.8254035e-05
0,0,5.369018e-05
0,0,1.9186888e-05
0,0,7.628183e-06
0,0,1.1058922e-05
0,0,0.00012559102
0,0,0.0011003352
0,0,0.00050728663
0,0,2.6656837e-05
0,0,1.9933885e-05
0,0,2.4805468e-05
0,0,0.00028274886
0,0,0.00013965725
0,0,4.6016896e-05
0,0,2.6994723e-05
0,0,2.2879147e-05
0,0,9.549681e-06
0,0,0.00024958374
0,0,2.9239092e-05
0,0,0.001014098
0,0,4.424215e-05
0,0,4.4362558e-05
0,0,9.680752e-05
0,0,1.486769e-05
0,0,8.476685e-06
0,0,3.2862677e-05
0,0,2.1763568e-05
0,0,8.139783e-05
0,0,0.00020130894
0,0,4.032001e-06
0,0,1.3285327e-05
0,0,1.7563305e-05
0,0,6.1391843e-06
0,0,4.4965112e-05
0,0,3.166257e-06
0,0,0.00014372986
0,0,0.008716817
0,0,6.438909e-06
0,0,2.508812e-05
0,0,1.4953718e-05
0,0,5.63151e-05
0,0,3.5838802e-05
0,0,3.5841196e-05
0,0,1.3194494e-05
0,0,9.013678e-06
0,0,6.564029e-05
0,0,8.267057e-05
0,0,2.4634996e-06
0,0,0.0001262489
0,0,7.0884016e-05
0,0,1.287062e-05
0,0,0.00019805462
0,0,4.046246e-06
0,0,0.0001450505
0,0,1.5800708e-05
0,0,4.5604625e-05
0,0,0.0008337596
0,0,0.0024182217
0,0,3.434744e-05
0,0,4.520834e-05
0,0,2.1467926e-05
0,0,6.15363e-05
0,0,2.1441065e-05
0,0,5.871336e-05
0,0,0.0003121164
0,0,4.3452615e-06
0,0,5.5162505e-05
0,0,1.946756e-05
0,0,1.7399178e-05
0,0,0.00015055721
0,0,0.00039044805
0,0,7.8772806e-05
0,0,1.5570737e-05
0,0,9.7639306e-05
0,0,5.4275908e-05
0,0,4.0911195e-06
0,0,8.124065e-05
0,0,3.560209e-06
0,0,5.378175e-05
0,0,7.843999e-05
0,0,5.664235e-05
0,0,4.4849903e-06
0,0,0.00013394009
0,0,1.9136598e-05
0,0,0.00014945514
0,0,4.513192e-05
0,0,5.0278363e-06
0,0,0.000375367
0,0,3.0519077e-05
0,0,3.0040348e-05
0,0,5.5191576e-06
0,0,0.00067197805
0,0,1.0751049e-05
0,0,1.0203357e-05
0,0,7.320774e-06
0,0,2.8794195e-05
0,0,0.00019877542
0,0,7.0714905e-06
0,0,2.975092e-05
0,0,1.848173e-05
0,0,1.0631017e-05
0,0,0.00018832783
0,0,0.00021990387
0,0,5.967733e-05
0,0,2.232186e-05
0,0,4.190003e-05
0,0,5.5357837e-06
0,0,0.0006573864
0,0,0.00022142653
0,0,1.1876629e-05
0,0,0.00033435348
0,0,0.0007895447
0,0,0.0024521146
0,0,5.8436285e-06
0,0,1.239905e-05
0,0,2.1195476e-05
0,0,7.481091e-05
0,0,0.0003040191
0,0,1.4413096e-05
0,0,5.4677897e-05
0,0,1.1583026e-05
0,0,1.28583515e-05
0,0,4.8888916e-05
0,0,2.4676432e-05
0,0,0.00014825138
0,0,0.00037362176
0,0,0.0002014082
0,0,2.2688962e-05
0,0,2.8487879e-05
0,0,8.1724775e-06
0,0,1.1042176e-05
0,0,1.0992438e-05
0,0,1.9779403e-05
0,0,4.4838536e-05
0,0,4.7608133e-05
0,0,1.6712846e-05
0,0,3.919964e-05
0,0,0.00021634613
0,0,8.917638e-05
0,0,2.4755253e-05
0,0,0.00029756044
0,0,5.2819236e-05
0,0,1.0181002e-05
0,0,1.1841818e-05
0,0,2.0364485e-05
0,0,7.128436e-05
0,0,5.269608e-05
0,0,2.1408026e-05
0,0,0.0001122326
0,0,2.8569442e-05
0,0,2.009055e-05
0,0,2.3379454e-05
0,0,2.4264833e-05
0,0,2.048107e-05
0,0,5.596125e-06
0,0,0.0002564315
0,0,4.6296536e-06
0,0,2.0426765e-05
0,0,0.0002710949
0,0,4.8176233e-05
0,0,7.691883e-05
0,0,5.8578235e-06
0,0,9.036254e-06
0,0,3.6500947e-05
0,0,4.7725684e-05
0,0,0.000411874
0,0,6.235735e-05
0,0,0.00033824795
0,0,1.6733642e-05
0,0,5.979388e-05
0,0,2.4660405e-06
0,0,0.0010557973
0,0,7.61684e-05
0,0,4.3401946e-05
0,0,0.00071838294
0,0,1.3004784e-05
0,0,8.025559e-05
0,0,3.85803e-05
0,0,3.0648516e-05
0,0,8.952058e-05
0,0,7.2472944e-06
0,0,4.834827e-05
0,0,3.2745083e-05
0,0,4.2991824e-06
0,0,1.1658329e-05
0,0,4.8635346e-05
0,0,2.814155e-06
0,0,3.204959e-05
0,0,5.716297e-06
0,0,4.1565414e-05
0,0,0.00048037324
0,0,7.864145e-05
0,0,4.7556765e-05
0,0,5.739009e-06
0,0,4.7273174e-06
0,0,5.4804696e-05
0,0,0.0018183811
0,0,4.243661e-06
0,0,1.2663266e-05
0,0,2.2220951e-05
0,0,1.5546477e-05
0,0,0.0021197523
0,0,1.663306e-05
0,0,0.00013815537
0,0,1.3058161e-05
0,0,0.00022808656
0,0,8.8796216e-05
0,0,6.860988e-06
0,0,1.9645291e-05
0,0,0.0001527079
0,0,2.5349542e-05
0,0,1.276889e-05
0,0,0.00014402841
0,0,3.1848667e-06
0,0,4.9780858e-05
0,0,0.00010101631
0,0,1.5844498e-05
0,0,5.2876032e-05
0,0,4.1273637e-05
0,0,0.000115988114
0,0,6.621877e-05
0,0,2.056056e-06
0,0,8.7976056e-05
0,0,1.80066e-05
0,0,2.80504e-05
0,0,3.0373174e-05
0,0,2.4994843e-05
0,0,7.391255e-06
0,0,3.6349982e-05
0,0,3.8891074e-05
0,0,2.8160692e-05
0,0,7.482361e-06
0,0,0.0005334604
0,0,3.4746303e-05
0,0,1.5516409e-05
0,0,0.00029428356
0,0,5.031266e-05
0,0,2.5595447e-05
0,0,4.5586756e-05
0,0,0.00017917584
0,0,3.4108503e-05
0,0,3.3337034e-05
0,0,1.2405768e-05
0,0,8.494402e-05
0,0,2.742544e-05
0,0,7.006119e-05
0,0,7.072185e-06
0,0,8.319863e-06
0,0,1.9187584e-05
0,0,0.00023572888
0,0,5.9319964e-06
0,0,0.0019236306
0,0,2.4713283e-06
0,0,0.00032362834
0,0,4.1628873e-06
0,0,5.4895605e-05
0,0,7.272926e-06
0,0,0.00041364974
0,0,0.0001376091
0,0,0.0047113607
0,0,4.0229814e-05
0,0,0.011203083
0,0,4.664832e-05
0,0,3.0191934e-05
0,0,9.769183e-05
0,0,6.7242245e-06
0,0,1.1972312e-05
0,0,6.027922e-06
0,0,0.00030693496
0,0,1.6957738e-06
0,0,2.2270955e-05
0,0,8.148528e-05
0,0,0.0043064505
0,0,1.252093e-05
0,0,1.0512124e-05
0,0,1.1434682e-05
0,0,5.515598e-05
0,0,0.00013235056
0,0,0.00090904
0,0,4.5875284e-05
0,0,0.00040621415
0,0,9.524147e-05
0,0,5.814039e-06
0,0,3.1387424e-06
0,0,5.234668e-05
0,0,1.1922646e-05
0,0,1.4766487e-05
0,0,8.270018e-06
0,0,1.6572922e-05
0,0,1.3537925e-05
0,0,3.2862896e-05
0,0,1.45036165e-05
0,0,0.000119568016
0,0,0.0001484483
0,0,6.801606e-06
0,0,7.1790487e-06
0,0,2.9166906e-05
0,0,2.3862763e-06
0,0,0.0001215871
0,0,0.0025811521
0,0,2.6573785e-05
0,0,1.245291e-05
0,0,1.3184645e-05
0,0,2.9008459e-05
0,0,7.7929864e-05
0,0,3.6581303e-06
0,0,7.5699796e-07
0,0,1.7678934e-05
0,0,1.3321168e-05
0,0,0.00036895068
0,0,6.3274447e-06
0,0,2.1771186e-05
0,0,2.8174849e-05
0,0,2.0336558e-05
0,0,1.6962647e-05
0,0,4.08065e-05
0,0,3.298245e-05
0,0,1.9688262e-06
0,0,1.60069e-05
0,0,1.0137094e-05
0,0,1.4629947e-05
0,0,5.3004063e-05
0,0,0.000288882
0,0,5.876411e-06
0,0,1.0288885e-05
0,0,3.322991e-05
0,0,8.10156e-06
0,0,1.0863659e-05
0,0,2.7910817e-05
0,0,0.00030028034
0,0,5.6241333e-06
0,0,5.7185247e-05
0,0,8.604533e-06
0,0,2.5833659e-05
0,0,2.4379999e-05
0,0,9.016936e-06
0,0,0.00027912814
0,0,6.330757e-05
0,0,8.925675e-06
0,0,0.00013197551
0,0,8.741651e-06
0,0,2.6228132e-05
0,0,1.329368e-06
0,0,1.0227869e-05
0,0,1.3308711e-05
0,0,3.3265198e-05
0,0,4.4823573e-05
0,0,2.6527021e-05
0,0,5.67468e-05
0,0,0.001058921
0,0,0.0034434781
0,0,0.0001934851
0,0,3.0543564e-05
0,0,1.1967665e-05
0,0,7.213232e-06
0,0,6.872074e-06
0,0,0.00024231347
0,0,3.6983212e-05
0,0,0.0003201618
0,0,4.097414e-06
0,0,2.4499399e-05
0,0,0.0005582237
0,0,1.3489147e-05
0,0,4.121063e-05
0,0,1.3334031e-05
0,0,9.3968214e-05
0,0,0.00021622138
0,0,4.352592e-05
0,0,3.4055256e-06
0,0,2.2453503e-05
0,0,4.433828e-05
0,0,6.6864577e-06
0,0,1.1827022e-05
0,0,2.2652706e-05
0,0,4.9955914e-05
0,0,5.144143e-05
0,0,1.2866951e-05
0,0,4.2627747e-05
0,0,3.4541565e-05
0,0,5.529183e-06
0,0,7.788611e-05
0,0,7.34582e-05
0,0,5.276829e-05
0,0,0.00069121405
0,0,2.0580808e-05
0,0,1.899583e-05
0,0,4.4391465e-05
0,0,0.0002962349
0,0,0.000101267935
0,0,1.2931249e-05
1,1,0.9828188
0,0,4.52523e-06
0,0,4.0323568e-05
0,0,0.000118284304
0,0,3.19879e-06
0,0,4.6659265e-05
0,0,5.9059388e-05
0,0,1.7874298e-05
0,0,0.00014742643
0,0,2.7250166e-05
0,0,0.00010791425
0,0,2.3000212e-05
0,0,8.9974884e-07
0,0,4.5121988e-06
0,0,5.5055243e-05
0,0,1.8335805e-06
0,0,1.1931335e-05
0,0,2.3078013e-05
0,0,2.0598342e-05
0,0,5.9830334e-05
0,0,2.3971628e-05
0,0,8.541824e-06
0,0,0.0001011771
0,0,2.1142483e-05
0,0,8.053952e-06
0,0,1.7157514e-06
0,0,2.3750812e-05
0,0,8.782202e-06
0,0,1.5230467e-05
0,0,5.3816343e-06
0,0,0.00031882615
0,0,4.9176947e-06
0,0,7.8423756e-05
0,0,0.00012133923
0,0,1.0383079e-05
0,0,7.124039e-05
0,0,1.843686e-05
0,0,1.6657727e-05
0,0,7.837587e-06
0,0,9.555711e-06
0,0,0.00013946828
0,0,1.7828996e-05
0,0,3.742157e-05
0,0,5.7122514e-05
0,0,1.2169316e-05
0,0,5.0752144e-05
0,0,1.2416812e-05
0,0,0.00014265558
0,0,4.4590022e-05
0,0,2.1479744e-05
0,0,2.9210773e-06
0,0,2.1278654e-05
0,0,0.0001985782
0,0,5.5531273e-05
0,0,8.96359e-05
0,0,0.00038606342
0,0,3.775497e-05
0,0,1.4043244e-05
0,0,0.0036580353
0,0,8.089864e-05
0,0,3.468575e-05
0,0,5.0292805e-05
0,0,2.5311842e-06
0,0,1.665825e-05
0,0,6.2789906e-05
0,0,1.0038927e-05
0,0,4.1563144e-06
0,0,6.7169254e-05
0,0,3.7267744e-06
0,0,1.9583527e-05
0,0,6.2328516e-05
0,0,2.9054749e-05
0,0,1.4575983e-05
0,0,4.5170633e-05
0,0,0.00020523905
0,0,9.4785555e-06
0,0,2.4800573e-05
0,0,3.81928e-06
0,0,0.00016845395
0,0,1.4212018e-05
0,0,0.00025900657
0,0,0.00013647198
0,0,0.00015663353
0,0,3.1933963e-05
0,0,2.1287038e-05
0,0,2.4544415e-05
0,0,2.753548e-05
0,0,1.8838806e-05
0,0,0.00026437847
0,0,6.0079496e-05
0,0,2.5379462e-05
0,0,2.9193117e-05
0,0,5.75756e-06
0,0,0.0003789062
0,0,0.00017777632
0,0,1.7198476e-05
0,0,1.2206892e-05
0,0,3.2686344e-06
0,0,1.3189008e-05
0,0,6.340533e-05
0,0,2.0742955e-06
0,0,2.0012056e-05
0,0,1.3318768e-05
0,0,1.0380785e-06
0,0,0.0018686027
0,0,8.67733e-06
0,0,4.213292e-06
0,0,0.006602019
0,0,0.00028963957
0,0,0.0004843973
0,0,6.0581438e-06
0,0,5.2734034e-05
0,0,4.8293805e-06
0,0,5.679011e-05
0,0,3.4141733e-05
0,0,0.0002534005
0,0,4.5339246e-05
0,0,9.1557e-06
0,0,0.00022547008
0,0,3.920171e-06
0,0,0.0007882956
0,0,3.5755165e-05
0,0,0.0005359187
0,0,1.5689833e-05
0,0,1.9371017e-05
0,0,2.750324e-06
0,0,0.00045016303
0,0,6.048944e-05
0,0,6.4145033e-06
0,0,5.0860093e-05
0,0,2.0217922e-05
0,0,5.502225e-06
0,0,0.0001472056
0,0,6.12981e-05
0,0,6.3860784e-06
0,0,0.00012327063
0,0,0.0025513323
0,0,0.002062505
0,0,2.190119e-05
0,0,4.0410643e-05
0,0,0.00039256053
0,0,5.1934508e-06
0,0,5.0666844e-05
0,0,1.3302266e-05
0,0,3.4995912e-05
0,0,0.0001855411
0,0,2.9186298e-05
0,0,0.00049116253
0,0,8.112205e-05
0,0,0.0001588307
0,0,1.41531955e-05
0,0,2.9659956e-05
0,0,3.8912178e-05
0,0,5.1336406e-06
0,0,1.45231315e-05
0,0,0.0012041958
0,0,4.2236297e-05
0,0,0.00030087127
0,0,6.0335507e-05
0,0,0.00066244643
0,0,6.580899e-06
0,0,9.628985e-06
0,0,0.00097618985
0,0,1.6244507e-05
0,0,0.0012725379
0,0,7.594437e-06
0,0,8.086254e-05
0,0,5.928772e-06
0,0,3.1759304e-05
0,0,7.5542753e-06
0,0,1.01889955e-05
0,0,0.000104136336
0,0,9.375859e-06
0,0,0.000559477
0,0,3.6927566e-05
0,0,5.946309e-06
0,0,4.31027e-05
0,0,0.00027128184
0,0,3.0803756e-05
0,0,2.034043e-06
0,0,2.599863e-05
0,0,8.3067825e-05
0,0,3.964203e-05
0,0,2.7536885e-06
0,0,5.2635107e-05
0,0,6.489323e-06
0,0,1.828116e-05
0,0,1.7559854e-05
0,0,1.40949805e-05
0,0,7.24409e-05
0,0,0.00011765313
0,0,1.2207079e-05
0,0,1.6233696e-05
0,0,6.387877e-05
0,0,0.00027738174
0,0,3.8177597e-05
0,0,1.1202926e-05
0,0,3.6145724e-05
0,0,0.0043130843
0,0,9.584159e-05
0,0,0.00028025694
0,0,0.00014830369
0,0,6.997776e-06
0,0,3.1768086e-05
0,0,6.9593014e-05
0,0,2.3038367e-05
0,0,1.2894884e-05
0,0,1.8248327e-05
0,0,0.00041352477
0,0,0.0001905143
0,0,5.857478e-05
0,0,0.00028543491
0,0,1.331638e-05
0,0,0.015317865
0,0,0.0010879023
0,0,2.6021522e-05
0,0,2.9470883e-05
0,0,0.0002137212
0,0,4.0210136e-05
0,0,2.8314456e-05
0,0,7.225289e-05
0,0,0.00076457066
0,0,7.971585e-06
0,0,1.4433013e-05
0,0,7.4863015e-06
0,0,4.6209905e-05
0,0,2.0126181e-05
0,0,3.7388354e-06
0,0,5.1574934e-05
0,0,3.8897238e-06
0,0,0.003588298
0,0,0.0010399548
0,0,9.684639e-05
0,0,0.0021195787
0,0,6.170234e-06
0,0,1.9519035e-05
0,0,1.3800551e-05
0,0,0.0003365358
0,0,4.370077e-05
0,0,9.983371e-06
0,0,3.7934406e-05
0,0,0.00012982207
0,0,2.3360133e-05
0,0,0.00021393607
0,0,1.2393234e-05
0,0,0.00021196334
0,0,0.0001260919
0,0,3.9921747e-06
0,0,7.813996e-06
0,0,0.00010526753
0,0,6.11837e-05
0,0,8.979231e-06
0,0,1.5250308e-05
0,0,9.042169e-05
0,0,1.4923217e-05
0,0,0.00013847073
0,0,0.0002467673
0,0,4.8305687e-05
0,0,1.6403856e-05
0,0,1.2419097e-05
0,0,9.704062e-06
0,0,9.774775e-05
0,0,2.5062222e-05
0,0,0.000118330325
0,0,2.041e-05
0,0,0.00010661892
0,0,1.6260456e-05
0,0,1.625247e-05
0,0,2.5836343e-05
0,0,0.0001185604
0,0,0.00044588948
0,0,6.0077327e-06
0,0,0.00028400953
0,0,1.2370197e-05
0,0,2.9141187e-05
0,0,1.9766298e-05
0,0,2.0361222e-05
0,0,8.22589e-05
0,0,4.9331484e-06
0,0,0.00011006574
0,0,2.2234857e-05
0,0,0.0003106185
0,0,2.7239723e-05
0,0,4.7281605e-06
0,0,1.5309746e-05
0,0,0.00010127131
0,0,0.00014017877
0,0,0.001968508
0,0,1.1419458e-05
0,0,5.8902356e-06
0,0,0.00018866878
0,0,9.051666e-06
0,0,6.309668e-05
0,0,7.266326e-05
0,0,5.213913e-05
0,0,5.553593e-06
0,0,0.0012569771
0,0,1.2309755e-05
0,0,1.0220663e-05
0,0,0.00014656442
0,0,0.00011022108
0,0,7.662013e-06
0,0,2.757766e-05
0,0,2.5334703e-05
0,0,0.0001127162
0,0,8.6757e-06
0,0,7.9204256e-05
0,0,4.72038e-06
0,0,2.9641547e-05
0,0,3.7699422e-06
0,0,1.539406e-05
0,0,1.6031847e-05
0,0,0.00014603583
0,0,1.6117461e-05
0,0,1.9199097e-05
0,0,0.0009347907
0,0,1.1681512e-05
0,0,3.647895e-06
0,0,0.00010238368
0,0,0.002982076
0,0,3.166522e-05
0,0,1.0695704e-05
0,0,9.97025e-06
0,0,2.7214692e-05
0,0,1.7628681e-05
0,0,0.000110240006
0,0,2.1298176e-06
0,0,0.0001937794
0,0,3.7287096e-05
0,0,7.860619e-06
0,0,7.982517e-06
0,0,3.5226643e-05
0,0,1.8361236e-05
0,0,2.3033796e-05
0,0,3.06662e-05
0,0,5.6548062e-05
0,0,1.30630815e-05
0,0,1.3128298e-05
0,0,1.9948719e-05
0,0,0.00013815393
0,0,4.9776463e-06
0,0,1.1132889e-05
0,0,1.7569637e-05
0,0,5.268567e-05
0,0,2.0926802e-05
0,0,7.4253226e-06
0,0,5.7385164e-06
0,0,1.3530272e-05
0,0,0.000103708146
0,0,1.7392758e-05
0,0,4.1282372e-05
0,0,1.2304216e-05
0,0,0.00065600197
0,0,2.1119087e-05
0,0,7.690541e-06
0,0,1.462334e-06
0,0,3.4969355e-05
0,0,9.47795e-06
0,0,0.00024577408
0,0,2.2698423e-05
0,0,3.4698027e-05
0,0,6.3710075e-05
0,0,5.0287385e-05
0,0,4.0638308e-05
0,0,1.2783974e-05
0,0,2.7597234e-05
0,0,1.6753715e-05
0,0,1.58093e-05
0,0,2.5679332e-05
0,0,8.312503e-06
0,0,0.0014442309
0,0,3.1171425e-05
0,0,2.435851e-06
0,0,0.00061036396
0,0,1.8502047e-05
0,0,1.3679072e-05
0,0,7.729574e-05
0,0,5.945489e-05
0,0,0.0003068612
0,0,1.41409855e-05
0,0,1.9347368e-05
0,0,2.9044168e-05
0,0,0.00014269572
0,0,1.733609e-05
0,0,5.7317125e-06
0,0,0.00028756657
0,0,2.1573374e-05
0,0,6.0417955e-05
0,0,0.0024174787
0,0,2.1757758e-06
0,0,5.6472063e-06
0,0,2.7025453e-06
0,0,3.4880926e-05
0,0,7.388956e-05
0,0,5.5897715e-05
0,0,1.5618907e-05
0,0,1.6914524e-05
0,0,7.9044374e-05
0,0,1.1759653e-05
0,0,0.0004142241
0,0,0.0004191799
0,0,2.0108186e-05
0,0,2.5455454e-05
0,0,5.8115314e-05
0,0,3.3904715e-05
0,0,2.612845e-06
0,0,0.00041271487
0,0,2.1331522e-05
0,0,3.0315647e-05
0,0,3.4099823e-05
0,0,0.0006660866
0,0,1.5269268e-05
0,0,8.509945e-05
0,0,4.2377565e-06
0,0,0.0014861241
0,0,0.00041248638
0,0,3.1934145e-05
0,0,0.00012008402
0,0,0.000118532254
0,0,6.4981045e-06
0,0,0.0010049902
0,0,5.588456e-06
0,0,1.174047e-05
0,0,0.0004792198
0,0,1.3993686e-05
0,0,1.8081213e-05
0,0,4.631129e-06
0,0,5.655776e-06
0,0,3.660406e-05
0,0,5.2680407e-06
0,0,0.00011659069
0,0,0.0018871498
0,0,7.009266e-05
0,0,0.0018571333
0,0,0.00011719538
0,0,8.6927275e-06
0,0,2.1665452e-05
0,0,0.0002922102
0,0,0.0001560551
0,0,8.288423e-06
0,0,0.00020752009
0,0,5.6678007e-05
0,0,2.4752135e-05
0,0,9.268078e-05
0,0,1.4305339e-05
0,0,0.0002836561
0,0,0.0012262074
0,0,0.00036664042
0,0,0.00010353079
0,0,1.4198186e-05
0,0,2.741538e-06
0,0,1.4600427e-05
0,0,6.6968155e-06
0,0,1.9755367e-05
0,0,1.2975783e-05
0,0,2.7531227e-05
0,0,1.8931592e-05
0,0,3.5524394e-05
0,0,6.172213e-05
0,0,6.922982e-05
0,0,1.574588e-05
0,0,0.0007704011
0,0,0.0003264952
0,0,0.00013254608
0,0,1.8415141e-05
0,0,1.6640755e-06
0,0,1.2540887e-05
0,0,4.1038307e-05
0,0,8.217854e-06
0,0,1.7991943e-05
0,0,4.959114e-05
0,0,5.641011e-06
0,0,5.6804415e-06
0,0,2.604049e-05
0,0,5.2995976e-05
0,0,1.9881923e-05
0,0,1.9253497e-05
0,0,0.000527455
0,0,3.769611e-05
0,0,8.581461e-05
0,0,9.3053095e-06
0,0,0.0008960416
0,0,1.7621067e-05
0,0,7.1213135e-06
0,0,2.7666008e-05
0,0,6.641405e-05
0,0,0.00013412145
0,0,0.0010480423
0,0,3.4329555e-06
0,0,1.9504354e-05
0,0,6.823924e-05
0,0,2.4055973e-05
0,0,2.2558823e-05
0,0,7.537918e-06
0,0,0.00076588837
0,0,1.3090692e-05
0,0,1.0963061e-05
0,0,1.6745664e-05
0,0,1.4589543e-05
0,0,2.2919461e-05
0,0,4.2413144e-06
0,0,0.00019641849
0,0,0.00031535813
0,0,6.720969e-05
0,0,0.00015464197
0,0,8.527614e-05
0,0,1.2979075e-05
0,0,6.15739e-06
0,0,0.00014626536
0,0,2.435397e-05
0,0,0.000108669425
0,0,2.1504728e-05
0,0,0.023036994
0,0,0.00018751471
0,0,3.1755306e-05
0,0,3.093889e-05
0,0,0.00013920508
0,0,0.00040230074
0,0,2.5919264e-05
0,0,6.6968155e-06
0,0,2.9796576e-05
0,0,2.6868132e-05
0,0,4.414973e-06
0,0,1.292569e-05
0,0,7.258389e-05
0,0,3.882152e-05
0,0,0.00014839775
0,0,0.00011086407
0,0,1.6499467e-05
0,0,1.1476349e-05
0,0,6.828325e-05
0,0,0.000121973215
0,0,6.617654e-05
0,0,1.7414766e-05
0,0,0.00049431453
0,0,0.00013189463
0,0,4.2062613e-05
0,0,2.7767745e-05
0,0,1.2622393e-05
0,0,5.2792046e-05
0,0,1.8775478e-06
0,0,9.3157087e-07
0,0,0.0017496896
0,0,9.14993e-06
0,0,6.1255916e-05
0,0,2.9378398e-06
0,0,0.000120030556
0,0,8.766218e-05
0,0,3.9075872e-05
1,1,0.9846677
0,0,0.00026184134
0,0,0.00016663736
0,0,2.3652128e-05
0,0,0.00027709655
0,0,3.0318537e-05
0,0,0.00059872016
0,0,8.396182e-06
0,0,0.000115416056
0,0,0.00012982554
0,0,4.173529e-06
0,0,1.1484483e-05
0,0,0.00017001922
0,0,8.813422e-06
0,0,2.3169352e-05
0,0,6.41976e-05
0,0,6.497424e-05
0,0,0.00023082145
0,0,4.6233967e-05
0,0,2.1087471e-05
0,0,0.00018211412
0,0,0.0004348752
0,0,2.1164251e-05
0,0,2.247584e-06
0,0,3.3825527e-05
0,0,1.8062126e-06
0,0,1.4356235e-05
0,0,1.7543116e-05
0,0,2.179487e-06
0,0,1.41111195e-05
0,0,2.637514e-05
0,0,2.7273903e-05
0,0,8.243561e-06
0,0,7.5278103e-06
0,0,3.314818e-06
0,0,1.1828736e-05
0,0,2.8416334e-06
0,0,2.9347453e-05
0,0,0.0035489355
0,0,7.3999518e-06
0,0,5.8046193e-05
0,0,1.0760312e-05
0,0,3.673421e-05
0,0,5.3453594e-05
0,0,0.00011805804
0,0,5.493462e-05
0,0,9.814235e-06
0,0,0.00019947659
0,0,7.727727e-06
0,0,3.8520706e-05
0,0,5.3316335e-06
0,0,2.6904128e-05
0,0,9.566078e-06
0,0,6.786415e-05
0,0,0.00052603794
0,0,1.6597882e-05
0,0,0.00018742266
0,0,3.3599066e-05
0,0,4.794861e-06
0,0,0.00022171425
0,0,6.21705e-06
0,0,1.0459844e-05
0,0,6.7915884e-05
0,0,0.00017659269
0,0,0.000117820295
0,0,6.056309e-05
0,0,0.00017815642
0,0,3.026608e-05
0,0,3.0524578e-05
0,0,1.8388799e-05
0,0,3.879273e-05
0,0,9.473585e-06
0,0,1.0455007e-05
0,0,0.000113987626
0,0,1.8042096e-05
0,0,1.4607934e-05
0,0,1.8769906e-05
0,0,1.6985861e-05
0,0,9.48464e-05
0,0,3.931097e-05
0,0,0.0010737558
0,0,0.00014674578
0,0,1.2371046e-05
0,0,5.1916064e-05
0,0,0.00018927548
0,0,0.0030669896
0,0,0.00022106558
0,0,2.5477543e-06
0,0,0.00011765279
0,0,3.9116178e-05
0,0,3.3042583e-05
0,0,0.00024944387
0,0,0.0004622536
0,0,0.00013775627
0,0,1.2784804e-05
0,0,4.4953144e-06
0,0,7.325624e-05
0,0,0.00039749948
0,0,1.0609971e-05
0,0,4.6344553e-06
0,0,6.629528e-05
0,0,0.00027871013
0,0,4.1545125e-05
0,0,7.655419e-05
0,0,1.4228685e-05
0,0,2.551837e-06
0,0,3.917658e-05
0,0,0.00018643167
0,0,0.0001262164
0,0,5.5624982e-06
0,0,6.5332124e-06
0,0,0.0004879043
0,0,0.0003039023
0,0,9.519964e-06
0,0,2.7054695e-05
0,0,4.7245725e-05
0,0,3.0496092e-05
0,0,3.9495695e-05
0,0,6.463669e-05
0,0,1.6881135e-05
0,0,0.0007448672
0,0,3.733367e-05
0,0,2.4412254e-06
0,0,0.00019851007
0,0,1.6906542e-05
0,0,0.00010017323
0,0,6.7665337e-06
0,0,4.738289e-05
0,0,0.0005196723
0,0,0.0004985506
0,0,3.4089386e-05
1,1,0.9960777
0,0,2.4106243e-05
0,0,9.4678893e-07
0,0,2.0031626e-05
0,0,3.6172205e-05
0,0,4.7638336e-05
0,0,8.115014e-06
0,0,3.9847346e-06
0,0,5.865902e-05
0,0,5.1511237e-05
0,0,0.00021173368
0,0,0.00018771866
0,0,5.8716385e-05
0,0,1.3922325e-05
0,0,9.2927236e-05
0,0,0.0008225702
0,0,0.00019748589
0,0,4.601873e-06
0,0,1.5767728e-05
0,0,3.7066682e-05
0,0,6.0833056e-05
0,0,7.6537115e-05
0,0,3.7981947e-06
0,0,6.118802e-05
0,0,6.073914e-06
0,0,1.5036918e-05
0,0,3.0383402e-05
0,0,1.0964744e-05
0,0,6.542482e-05
0,0,1.7625808e-06
0,0,7.041189e-05
0,0,1.3947508e-05
0,0,0.00025933026
0,0,1.1613178e-05
0,0,1.4789953e-05
0,0,1.792385e-05
0,0,1.5505093e-05
0,0,0.00022335075
0,0,4.5126028e-05
0,0,2.393193e-05
0,0,2.9404607e-06
0,0,0.0003042122
0,0,2.2161463e-05
0,0,1.8321914e-05
0,0,0.0002852078
0,0,0.00032584998
0,0,2.5924649e-06
0,0,4.3543398e-05
0,0,0.0014378737
0,0,2.3499873e-05
0,0,1.22524025e-05
0,0,1.472791e-05
0,0,0.0003374141
0,0,9.900911e-06
0,0,1.0977373e-05
0,0,8.217305e-05
0,0,1.6586378e-05
0,0,1.0273776e-05
0,0,2.3847748e-05
0,0,5.5504435e-05
0,0,8.002723e-05
0,0,0.0036441132
0,0,8.3515464e-05
0,0,7.4198266e-05
0,0,0.0014324276
0,0,2.5054456e-05
0,0,3.117202e-05
0,0,0.00029756044
0,0,1.9923888e-05
0,0,4.1647705e-05
0,0,0.00026236213
0,0,1.5849077e-05
0,0,2.6940304e-05
0,0,6.686407e-06
0,0,1.0046905e-05
0,0,5.491592e-05
0,0,3.1073002e-06
0,0,0.0001241588
0,0,3.4380732e-06
0,0,6.4915344e-05
0,0,0.00014479595
0,0,3.142414e-05
0,0,1.7862625e-05
0,0,1.6343161e-05
0,0,5.1818743e-06
0,0,4.394495e-05
0,0,5.5955366e-05
0,0,0.000531438
0,0,0.0006870113
0,0,0.00013920866
0,0,1.907798e-05
0,0,0.00014652473
0,0,3.2863867e-05
0,0,0.00017573737
0,0,8.9564135e-05
0,0,2.1111315e-05
0,0,2.1456875e-05
0,0,2.4730663e-05
0,0,5.008604e-05
0,0,0.0014366179
0,0,0.0005702972
0,0,0.002337709
0,0,3.3417564e-06
0,0,7.2423545e-06
0,0,4.3089138e-05
0,0,1.7549424e-05
0,0,2.8112474e-05
0,0,0.000117167
0,0,0.00027936723
0,0,5.471045e-06
0,0,1.4823814e-05
0,0,3.9707293e-06
0,0,2.4513972e-06
0,0,1.3807028e-05
0,0,0.0002810787
0,0,2.1872618e-05
0,0,6.3128705e-06
0,0,4.7187143e-05
0,0,2.5068868e-05
0,0,4.3174705e-06
0,0,4.072245e-06
0,0,9.490839e-06
0,0,1.4214254e-05
0,0,7.923047e-05
0,0,0.00042477425
0,0,1.7111549e-06
0,0,2.2334974e-05
0,0,2.484965e-05
0,0,1.2483456e-05
0,0,0.00012822222
0,0,1.0352586e-05
0,0,1.0854731e-05
0,0,7.0026226e-06
0,0,2.4685512e-06
0,0,1.3516924e-05
0,0,1.5864214e-05
0,0,1.1672781e-05
0,0,1.786835e-05
0,0,1.3578137e-05
0,0,1.7804257e-05
0,0,0.00010796655
0,0,2.1939362e-05
0,0,1.2709022e-05
0,0,3.3643828e-05
0,0,8.3763836e-05
0,0,0.006919909
0,0,0.00027397572
0,0,0.00067635026
0,0,7.855815e-06
0,0,1.8331544e-05
0,0,0.0002521901
0,0,1.1447547e-05
0,0,0.00014295093
0,0,4.99958e-05
0,0,4.0118684e-06
0,0,1.2554983e-05
0,0,0.00022363843
0,0,0.00011048974
0,0,0.03584851
0,0,6.525914e-06
0,0,4.0839197e-05
0,0,5.484574e-05
0,0,0.00061901036
0,0,2.9010422e-05
0,0,5.54252e-05
0,0,0.0004938452
0,0,3.1695442e-06
0,0,1.3917487e-06
0,0,0.00036686295
0,0,2.4697503e-05
0,0,1.4399028e-05
0,0,1.2080269e-05
0,0,2.8685332e-05
0,0,0.00090659945
0,0,6.953039e-05
0,0,1.3167392e-05
0,0,0.00014839577
0,0,0.00015682617
0,0,4.4978195e-05
0,0,6.023906e-06
0,0,1.9501806e-05
0,0,0.0002043169
0,0,4.974138e-05
0,0,4.6397345e-05
0,0,8.645817e-06
0,0,3.277176e-05
0,0,3.4205477e-05
0,0,1.0669765e-05
0,0,0.0008625642
0,0,2.0546646e-05
0,0,0.00015496921
0,0,3.236854e-05
0,0,2.5271842e-05
0,0,1.0676158e-05
0,0,1.0125471e-05
0,0,7.876056e-05
0,0,1.9664394e-05
0,0,0.00037677205
0,0,4.4328235e-06
0,0,2.3691115e-05
0,0,1.2826546e-05
0,0,1.5954367e-05
0,0,0.0022946226
0,0,9.788551e-05
0,0,6.219143e-05
0,0,2.4618585e-05
0,0,2.8810677e-05
0,0,1.1111388e-06
0,0,3.184718e-06
0,0,4.2469383e-05
0,0,9.537507e-05
0,0,5.101203e-05
0,0,0.00015831918
0,0,4.874084e-05
0,0,1.6969855e-06
0,0,6.225219e-05
0,0,3.948966e-06
0,0,0.00012448695
0,0,3.1698633e-05
0,0,5.9923746e-05
0,0,0.00041057388
0,0,0.0011415683
0,0,2.9668258e-06
0,0,2.902055e-05
0,0,0.00031319246
0,0,3.9501524e-06
0,0,1.5744653e-06
0,0,0.0002454701
0,0,0.00011245597
0,0,9.240489e-06
0,0,0.00028365556
0,0,1.6879365e-05
0,0,1.206422e-05
0,0,0.0006140285
0,0,4.4524863e-06
0,0,8.612573e-05
0,0,6.946187e-05
0,0,5.6106014e-06
0,0,5.083587e-06
0,0,0.0005187579
0,0,2.4237173e-05
0,0,4.254587e-05
0,0,3.6034005e-05
0,0,1.3531627e-05
0,0,5.232736e-06
0,0,0.00017095884
0,0,7.328754e-05
0,0,3.1906686e-05
0,0,0.000640302
0,0,6.4192586e-06
0,0,1.8906767e-05
0,0,5.2691703e-05
0,0,6.972175e-05
0,0,1.5063915e-05
0,0,9.3929426e-05
0,0,6.2711515e-05
0,0,1.4030099e-05
0,0,0.00013179115
0,0,8.6358295e-06
0,0,9.015706e-06
0,0,0.00026218282
0,0,1.4498596e-05
0,0,0.0001412402
0,0,0.0001810918
0,0,0.001320911
0,0,1.6590791e-05
0,0,6.546072e-06
0,0,0.0050493986
0,0,3.554096e-05
0,0,1.8800953e-05
0,0,3.9135466e-05
0,0,3.135287e-06
0,0,0.00079038023
0,0,0.00013926999
0,0,5.9043792e-05
0,0,6.752409e-05
0,0,0.0003362026
0,0,2.5578145e-05
0,0,1.1911951e-05
0,0,0.0012880309
0,0,1.9239083e-06
0,0,2.6077419e-06
0,0,1.48450345e-05
0,0,1.4252438e-05
0,0,1.4635389e-05
0,0,3.2485837e-05
0,0,0.00010311922
0,0,1.4027771e-05
0,0,3.765885e-05
0,0,6.318833e-06
0,0,7.658455e-06
0,0,4.5632232e-06
0,0,4.7913065e-05
0,0,2.6876533e-06
0,0,1.477532e-05
0,0,1.8736411e-05
0,0,0.0002410622
0,0,5.4429065e-06
0,0,6.2626954e-05
0,0,0.0001403303
0,0,8.321497e-06
0,0,1.7868588e-05
0,0,1.45057875e-05
0,0,9.166664e-06
0,0,2.9401657e-05
0,0,5.199152e-05
0,0,2.5609901e-05
0,0,4.7836224e-05
0,0,7.91712e-06
0,0,8.793986e-06
0,0,1.8150873e-05
0,0,1.8109836e-06
0,0,4.5951374e-06
0,0,5.5519573e-05
0,0,5.150239e-05
0,0,3.6489113e-05
0,0,3.627152e-05
0,0,2.3230172e-05
0,0,0.00012757049
0,0,0.0003079142
0,0,7.3325054e-06
0,0,0.0002330334
0,0,0.00043231918
0,0,0.0010354227
0,0,0.00069225434
0,0,2.2423332e-05
0,0,1.3031401e-05
0,0,4.50412e-05
0,0,3.8488244e-05
0,0,5.656515e-06
0,0,4.7917405e-05
0,0,1.5701105e-05
0,0,0.00022747998
0,0,6.181703e-05
0,0,2.4428033e-05
0,0,1.4520847e-05
0,0,0.002250926
0,0,3.782939e-05
0,0,1.060107e-05
0,0,0.0002309859
0,0,1.5699488e-05
0,0,5.959639e-06
0,0,4.7871e-05
0,0,3.2250442e-05
0,0,2.2987888e-05
0,0,0.00028329153
0,0,1.4437032e-05
0,0,6.238382e-05
0,0,5.725007e-05
0,0,6.703277e-05
0,0,2.7673528e-05
0,0,1.066944e-05
0,0,6.3966974e-05
0,0,5.4074503e-06
0,0,1.0816239e-05
0,0,7.2505914e-06
0,0,4.9083155e-05
0,0,1.490052e-05
0,0,2.9957697e-05
0,0,7.3338786e-05
0,0,2.5969686e-05
0,0,1.9063775e-05
0,0,9.519819e-06
0,0,0.0003930831
0,0,4.7235182e-05
0,0,0.00012442927
0,0,3.7361547e-06
0,0,1.7445867e-05
0,0,0.0002593367
0,0,0.0010426367
0,0,0.00021654837
0,0,6.685065e-05
0,0,1.2286757e-05
0,0,3.4693498e-06
0,0,9.423333e-06
0,0,5.391035e-06
0,0,0.00013080871
0,0,2.7994949e-05
0,0,0.0007200656
0,0,1.1396883e-05
0,0,1.688331e-05
0,0,1.0258523e-05
0,0,2.3660092e-05
0,0,3.262542e-05
0,0,7.8019766e-05
0,0,0.00044231015
0,0,3.232098e-05
0,0,2.5666599e-05
0,0,3.9512648e-05
0,0,2.5490386e-05
0,0,0.00019528551
0,0,3.3988596e-05
0,0,2.3445276e-05
0,0,5.478202e-05
0,0,0.000254386
0,0,0.00031214528
0,0,0.000109451474
0,0,0.00012763425
0,0,8.295668e-05
0,0,0.0022482364
0,0,2.9620216e-05
0,0,1.3834996e-05
0,0,4.2697675e-06
0,0,8.722822e-06
0,0,7.0614424e-06
0,0,4.7057634e-05
0,0,5.3240474e-06
0,0,2.561524e-06
0,0,3.0938976e-05
0,0,0.00075470627
0,0,5.075011e-05
0,0,4.6034365e-05
0,0,8.798692e-06
0,0,7.5194152e-06
0,0,1.2677343e-05
0,0,1.3068937e-05
0,0,2.8377279e-05
0,0,1.5022527e-05
0,0,2.6136897e-05
0,0,2.2233435e-05
0,0,1.3575846e-05
0,0,0.00049576984
0,0,1.4689419e-05
0,0,0.00017392913
0,0,0.00019226491
0,0,2.6110863e-05
0,0,0.001100396
0,0,6.0637816e-05
0,0,4.489133e-05
0,0,0.00014807351
0,0,3.3617496e-05
0,0,2.0887805e-06
0,0,5.628713e-05
0,0,3.923496e-06
0,0,8.979351e-06
0,0,4.1891562e-05
0,0,0.00063533266
0,0,6.885152e-05
0,0,3.3893724e-05
0,0,1.3129099e-05
0,0,1.9324078e-05
0,0,1.2531693e-05
0,0,2.1070866e-05
0,0,0.00013373871
0,0,1.0054496e-05
0,0,5.200912e-05
0,0,2.276962e-05
0,0,3.2049007e-05
0,0,2.8849681e-06
0,0,0.000120334014
0,0,5.448884e-06
0,0,3.193067e-05
0,0,4.029939e-05
0,0,1.5549442e-05
0,0,1.699422e-05
0,0,1.0546818e-05
0,0,1.1048665e-05
0,0,8.98778e-06
0,0,2.4377881e-05
0,0,2.249881e-06
0,0,3.9529823e-06
0,0,1.662968e-05
0,0,1.0481823e-05
0,0,3.6042806e-05
0,0,7.588508e-06
0,0,6.790817e-05
0,0,4.997292e-05
1,1,0.91564775
0,0,0.0023016625
0,0,6.1222877e-06
0,0,0.0015114192
0,0,8.6045575e-06
0,0,0.00021947721
0,0,5.376473e-05
0,0,1.826572e-05
0,0,1.5016793e-06
0,0,0.0017977443
0,0,6.039198e-05
0,0,0.000109535424
0,0,2.0056073e-05
0,0,0.0027268077
0,0,1.7418752e-05
0,0,1.0461092e-05
0,0,2.1771413e-05
0,0,0.00019619145
0,0,0.000111703666
0,0,0.0006583999
0,0,3.1508283e-05
0,0,1.7053331e-05
0,0,0.016656227
0,0,5.2293493e-05
0,0,2.5042369e-05
0,0,6.2108575e-06
0,0,4.8312922e-06
0,0,1.5588179e-05
0,0,1.165035e-05
0,0,3.6396254e-05
0,0,2.272244e-05
0,0,1.3582596e-06
0,0,2.3578374e-05
0,0,0.00026157833
0,0,4.7758354e-06
0,0,0.00035206904
0,0,6.19436e-06
0,0,1.2668326e-05
0,0,0.00087880617
0,0,0.00013126452
0,0,4.6322988e-05
0,0,6.732772e-05
0,0,0.0011969609
0,0,0.00012714071
0,0,3.3595734e-05
0,0,1.551962e-05
0,0,3.288658e-06
0,0,1.8693147e-05
0,0,5.5969405e-05
0,0,1.6689193e-05
0,0,6.129695e-06
0,0,9.9379085e-06
0,0,4.5472134e-05
0,0,9.772808e-05
0,0,3.313352e-05
0,0,9.525431e-06
0,0,9.683014e-05
0,0,2.680727e-05
0,0,5.57105e-05
0,0,2.4356118e-06
0,0,1.3788868e-05
0,0,0.0008095677
0,0,5.200622e-06
0,0,0.00015076235
0,0,1.2921511e-05
0,0,5.6840334e-05
0,0,2.914758e-05
0,0,2.6340955e-05
0,0,3.4385554e-05
0,0,2.1361548e-05
0,0,7.256582e-06
0,0,1.7192964e-05
0,0,6.741734e-05
0,0,1.5866226e-05
0,0,2.9329743e-05
0,0,1.1778857e-05
0,0,3.347242e-05
0,0,6.400908e-05
0,0,4.5384968e-05
0,0,2.0914074e-05
0,0,6.801969e-06
0,0,2.8150918e-05
0,0,1.22719775e-05
0,0,5.6994646e-05
0,0,1.30485505e-05
0,0,0.00026780742
0,0,2.3273811e-05
0,0,8.32418e-05
0,0,0.004439096
0,0,2.773239e-05
0,0,5.9118906e-06
0,0,1.1382687e-05
0,0,3.143487e-05
0,0,6.7053355e-05
0,0,2.053681e-05
0,0,0.000149894
0,0,5.2380434e-05
0,0,4.0982188e-05
0,0,3.822339e-05
0,0,0.00011461522
0,0,0.0008645398
0,0,2.4645013e-05
0,0,0.00014284083
0,0,0.00012886265
0,0,6.675579e-05
0,0,0.0004698278
0,0,3.706502e-05
0,0,1.913222e-05
0,0,4.5968827e-05
0,0,2.2164084e-05
0,0,1.2457577e-05
0,0,1.3949994e-05
0,0,1.8947974e-05
0,0,3.8020655e-06
0,0,2.735813e-06
0,0,0.0006672989
0,0,4.8558386e-06
0,0,5.0855677e-05
0,0,1.8094168e-05
0,0,0.0003598397
0,0,0.0005887676
0,0,7.8081466e-05
0,0,0.00027383704
0,0,0.0002383589
0,0,1.26960595e-05
0,0,0.00016453901
0,0,1.99146e-05
0,0,7.95366e-05
0,0,0.00068639836
0,0,1.8027908e-05
0,0,3.523528e-05
0,0,4.7378282e-05
0,0,6.483712e-06
0,0,2.550225e-05
0,0,8.6128e-06
0,0,1.0043006e-05
0,0,0.00010686687
0,0,3.4319444e-05
0,0,1.4211449e-05
0,0,0.00010066667
0,0,2.9053057e-05
0,0,4.9201066e-05
0,0,0.0001383877
0,0,4.010629e-06
0,0,9.302077e-05
0,0,0.00019277594
0,0,0.0004126907
0,0,3.581991e-05
0,0,0.0005835879
0,0,0.00026165092
0,0,0.00020591394
0,0,6.441321e-05
0,0,0.0015537573
0,0,6.709091e-05
0,0,4.982555e-05
0,0,0.0001222205
0,0,0.00040724242
0,0,1.6580527e-06
0,0,0.00038059286
0,0,0.00014603778
0,0,6.671805e-05
0,0,2.4509354e-05
0,0,1.0857817e-05
0,0,3.2378823e-05
0,0,1.5823765e-05
0,0,2.6587577e-05
0,0,0.000147677
0,0,0.00033597831
0,0,1.42537565e-05
0,0,6.532383e-05
0,0,6.6664565e-05
0,0,1.3541413e-05
0,0,2.2600554e-05
0,0,3.258789e-05
0,0,3.8438728e-05
0,0,5.394568e-06
0,0,3.6137626e-05
0,0,0.0010100333
0,0,3.589623e-05
0,0,2.6314594e-05
0,0,2.9332823e-06
0,0,9.22398e-06
0,0,3.2316817e-05
0,0,9.7492075e-06
0,0,1.936832e-05
0,0,0.0016724468
0,0,1.739649e-05
0,0,1.6882133e-05
0,0,0.00025684794
0,0,3.907462e-06
0,0,0.00014407442
0,0,0.00025351747
0,0,0.0021680354
0,0,9.444376e-06
0,0,9.103453e-06
0,0,3.9393417e-05
0,0,0.00020857599
0,0,0.00022110838
0,0,6.513436e-05
0,0,1.2232507e-05
0,0,9.372631e-06
0,0,3.6855452e-06
0,0,3.0122768e-05
0,0,8.665124e-06
0,0,1.8542816e-05
0,0,2.4253359e-05
0,0,1.7045251e-05
0,0,0.0003604285
0,0,0.0016454479
0,0,7.050333e-05
0,0,5.552153e-05
0,0,1.8236775e-05
0,0,9.601365e-05
0,0,1.0237637e-05
0,0,5.547648e-06
0,0,2.1763215e-05
0,0,1.6210059e-05
0,0,7.1027665e-05
0,0,8.775352e-05
0,0,2.9053057e-05
0,0,0.00054671743
0,0,3.3610122e-05
0,0,0.00012750263
0,0,0.00054409605
0,0,5.2741878e-05
0,0,2.6845668e-05
0,0,0.00016961296
0,0,1.50710575e-05
0,0,2.7492371e-05
0,0,1.0685009e-05
0,0,1.4968015e-05
0,0,2.0852933e-05
0,0,1.9070503e-05
0,0,9.403742e-05
0,0,4.188657e-06
0,0,4.059036e-05
0,0,0.00020674491
0,0,4.456225e-06
0,0,1.6575072e-05
0,0,4.5557248e-05
0,0,3.6821402e-05
0,0,1.6140842e-05
0,0,5.3083433e-05
0,0,0.00033210428
0,0,3.0226505e-05
0,0,6.8077256e-06
0,0,0.001011871
0,0,5.206604e-05
0,0,0.0003103104
0,0,2.34661e-05
0,0,8.917753e-06
0,0,1.4182285e-05
0,0,8.746612e-06
0,0,0.0001316083
0,0,1.4892253e-05
0,0,2.8083668e-05
0,0,0.0003872005
0,0,1.5354854e-05
0,0,0.00024099647
0,0,0.0040768525
0,0,4.2097854e-06
0,0,8.661579e-06
0,0,0.00011451679
0,0,0.00014408761
0,0,8.3782776e-05
0,0,1.0914584e-05
0,0,9.418247e-06
0,0,4.3820037e-05
0,0,0.00027938242
0,0,0.00012589413
0,0,3.280156e-05
0,0,0.000109620785
0,0,9.7524295e-05
0,0,1.0089199e-05
0,0,0.00016525
0,0,7.3325687e-06
0,0,1.5438003e-05
0,0,9.662377e-06
0,0,3.0864067e-05
0,0,7.019113e-05
0,0,6.642166e-05
0,0,0.00012676278
0,0,1.2540073e-05
0,0,0.00014803186
0,0,2.5927198e-05
0,0,0.0028050775
0,0,0.00047335276
0,0,9.3034876e-05
0,0,5.5423137e-05
0,0,0.00019225279
0,0,1.4301876e-05
0,0,2.2361532e-05
0,0,5.958343e-06
0,0,0.00015230232
0,0,4.444536e-06
0,0,3.324208e-05
0,0,9.006847e-06
0,0,4.0707735e-05
0,0,9.7846874e-05
0,0,2.6980874e-06
0,0,1.1672258e-05
0,0,1.0828541e-05
0,0,1.6556003e-05
0,0,8.957396e-05
0,0,3.079741e-05
0,0,4.348157e-05
0,0,6.5272893e-06
0,0,1.0287845e-05
0,0,7.653629e-06
0,0,7.0211405e-05
0,0,3.4867971e-06
0,0,6.4033798e-06
0,0,2.3446817e-05
0,0,0.00013199075
0,0,3.2423934e-05
0,0,4.063947e-05
0,0,2.1699738e-05
0,0,9.908959e-05
0,0,4.1786585e-05
0,0,9.566161e-06
0,0,1.8898834e-05
0,0,2.7448621e-05
0,0,2.510181e-05
0,0,1.3661629e-05
0,0,1.8002274e-05
0,0,4.217427e-05
0,0,0.0005211878
0,0,7.848263e-05
0,0,5.6043908e-05
0,0,6.630597e-05
0,0,2.4774665e-05
0,0,6.6647617e-06
0,0,5.6522117e-06
0,0,1.0925915e-05
0,0,0.0004250991
0,0,8.618031e-07
0,0,0.00058089674
0,0,2.8249535e-05
0,0,2.2862223e-05
0,0,1.5821517e-05
0,0,2.8640505e-05
0,0,7.71211e-05
0,0,3.0195131e-05
0,0,4.8533555e-05
0,0,6.0631395e-05
0,0,2.0531212e-05
0,0,3.6137162e-06
0,0,6.887398e-05
0,0,0.00014355071
0,0,0.00047189288
0,0,3.069757e-05
0,0,2.7031921e-05
0,0,9.646278e-05
0,0,0.00010423181
0,0,2.8045479e-05
0,0,0.00014370451
0,0,0.0010182788
0,0,4.1417215e-06
0,0,3.887943e-05
0,0,0.0002467419
0,0,4.9293674e-05
0,0,4.9762868e-05
0,0,4.3825676e-05
0,0,4.091455e-05
0,0,0.00059753266
0,0,3.0062816e-05
0,0,3.767588e-05
0,0,0.00015024816
0,0,1.4797577e-06
0,0,3.8887363e-05
0,0,4.0588297e-06
0,0,2.0455518e-05
0,0,2.44559e-06
0,0,2.572386e-06
0,0,5.8262895e-06
0,0,3.11443e-05
0,0,1.6302767e-05
0,0,5.2042808e-05
0,0,0.0007181026
0,0,0.00016694957
0,0,0.00018285764
0,0,1.3440097e-05
0,0,3.2942235e-06
0,0,2.3585008e-05
0,0,3.7931262e-05
0,0,0.00026178392
0,0,0.00030716212
0,0,0.00018184342
0,0,0.0002343042
0,0,1.1297285e-05
0,0,0.00022786963
0,0,4.6736423e-06
0,0,8.673811e-05
0,0,4.969278e-05
0,0,0.00048972946
0,0,3.9733086e-06
0,0,0.00020261375
0,0,0.00041938075
0,0,7.795268e-05
0,0,9.825782e-06
0,0,0.00048807505
0,0,1.6688052e-06
0,0,0.0036204383
0,0,8.643574e-05
0,0,0.00012065735
0,0,9.83374e-05
0,0,0.00010670669
0,0,2.3389268e-05
0,0,3.456051e-05
0,0,0.00011778872
0,0,6.736464e-05
0,0,1.5012616e-05
0,0,2.8901815e-05
0,0,1.3662319e-05
0,0,0.00059149554
0,0,7.628289e-05
0,0,0.00010047975
0,0,4.321672e-06
0,0,0.00014699141
0,0,2.1014657e-05
0,0,1.2564649e-05
0,0,1.9192159e-05
0,0,0.00018397918
0,0,7.081613e-06
0,0,5.4246343e-06
0,0,4.81766e-05
0,0,7.3413794e-05
0,0,2.3971263e-06
0,0,4.712104e-05
0,0,5.370196e-05
0,0,0.00010276388
0,0,0.00043811972
0,0,0.00020770161
0,0,0.00011318072
0,0,4.958783e-05
0,0,1.1041576e-05
0,0,0.00071199663
0,0,0.00027881298
0,0,8.4178455e-06
0,0,9.833667e-06
0,0,2.4586678e-05
0,0,1.669666e-05
0,0,0.00022471527
0,0,0.0007344584
0,0,3.8053033e-05
0,0,8.74296e-06
0,0,5.4509583e-05
0,0,2.5349422e-05
0,0,3.7192203e-05
0,0,2.5863683e-05
0,0,0.00011038948
0,0,5.3574386e-06
0,0,0.0002110979
0,0,3.6695874e-05
0,0,0.00016802899
0,0,3.6744794e-05
0,0,3.5381174e-06
0,0,2.7928761e-05
0,0,0.0015976721
0,0,1.4560964e-05
0,0,9.35289e-06
0,0,1.4334373e-05
0,0,1.2873726e-05
0,0,3.8578568e-05
0,0,0.00024821612
0,0,9.348315e-06
0,0,5.6018225e-06
0,0,9.709041e-05
0,0,1.5220231e-05
0,0,1.8981904e-05
0,0,6.4032334e-05
0,0,1.8811787e-05
0,0,0.0032865035
0,0,1.5431438e-05
0,0,2.8253631e-05
0,0,3.0120755e-05
0,0,9.090951e-06
0,0,0.00093312527
0,0,1.9639017e-05
0,0,0.00025016745
0,0,3.422192e-05
0,0,0.0012813458
0,0,0.003408782
0,0,5.1733503e-05
0,0,7.8601646e-05
0,0,0.0001933678
0,0,1.3335124e-05
0,0,0.00010635126
0,0,6.5932054e-06
0,0,8.0253594e-05
0,0,4.9876344e-06
0,0,4.0275318e-06
0,0,1.6369664e-05
0,0,1.8102634e-06
0,0,2.2633878e-05
0,0,7.177391e-05
0,0,3.5942852e-05
0,0,0.00016991193
0,0,1.4421744e-05
0,0,3.7144673e-05
0,0,0.001080992
0,0,0.0002363187
0,0,4.9169543e-05
0,0,8.959788e-05
0,0,1.3391376e-05
0,0,6.2135355e-06
0,0,4.5937533e-05
0,0,4.7669623e-06
0,0,0.000112867965
0,0,2.338871e-05
0,0,1.7045966e-05
0,0,0.011188545
0,0,8.024971e-06
0,0,3.703873e-05
0,0,1.1352321e-05
0,0,6.761436e-05
0,0,2.2388182e-05
0,0,1.2962957e-05
0,0,9.996908e-06
0,0,0.00031398563
0,0,4.5676443e-05
0,0,1.4008346e-05
0,0,7.2340656e-05
0,0,2.4546054e-05
0,0,3.834873e-05
0,0,0.0005838525
0,0,3.2794054e-05
0,0,2.57448e-05
0,0,0.00027201843
0,0,0.0002362518
0,0,0.00020892512
0,0,0.00089399016
0,0,0.00016446874
0,0,6.2668114e-05
0,0,5.543053e-06
0,0,2.4944384e-05
0,0,0.00017054724
0,0,5.5598248e-05
0,0,0.00014282204
0,0,2.9878115e-06
0,0,9.570085e-05
0,0,7.16334e-06
0,0,0.0005299407
0,0,3.800383e-06
0,0,6.463922e-05
0,0,7.228733e-06
0,0,0.00061577023
0,0,0.00026411543
0,0,2.7393053e-05
0,0,0.00040590062
0,0,2.2358632e-05
0,0,0.00010272254
0,0,1.3419297e-05
0,0,5.5856366e-05
0,0,1.7771636e-05
0,0,1.2034849e-05
0,0,8.050926e-06
0,0,5.8739908e-05
0,0,0.00019008535
0,0,0.0012346079
0,0,0.00017258883
0,0,5.9311114e-05
0,0,6.842267e-05
0,0,9.7000275e-06
0,0,0.00012738183
0,0,7.594227e-06
0,0,4.5080735e-05
0,0,1.1825443e-05
0,0,1.738503e-05
0,0,8.597528e-06
0,0,4.3317137e-05
0,0,5.931623e-06
0,0,3.3699023e-05
0,0,2.6495089e-05
0,0,7.2284847e-06
0,0,2.2005011e-05
0,0,4.764885e-06
0,0,0.0011714586
0,0,5.483643e-05
0,0,0.00080111774
0,0,0.00047836496
0,0,1.3090889e-06
0,0,1.540487e-05
0,0,4.7636127e-06
0,0,3.254832e-05
0,0,6.3276016e-06
0,0,1.4128247e-05
0,0,2.9343422e-05
0,0,6.0853017e-05
0,0,4.968294e-06
0,0,2.7908076e-05
0,0,1.8078144e-05
0,0,1.1520705e-05
0,0,2.9679057e-05
0,0,0.0001617744
0,0,2.450926e-05
0,0,6.93551e-06
0,0,1.36857925e-05
0,0,4.560774e-06
0,0,0.00010573191
0,0,1.9602903e-05
0,0,4.957881e-06
0,0,0.00032510402
0,0,5.795494e-06
0,0,3.1092157e-05
0,0,7.5298594e-05
0,0,3.5919347e-05
0,0,7.698347e-05
0,0,6.9849275e-06
0,0,2.4256527e-05
0,0,5.0597984e-05
0,0,1.655149e-05
0,0,2.3363877e-05
0,0,1.3749108e-05
0,0,2.3449858e-05
0,0,5.1378924e-05
0,0,1.3589446e-05
0,0,3.3437358e-05
0,0,1.0388992e-05
0,0,4.6113714e-06
0,0,1.8299825e-05
0,0,1.8469063e-05
0,0,0.0005395887
0,0,9.1506736e-05
0,0,0.0022162464
0,0,2.3495224e-06
0,0,1.4281377e-05
0,0,1.8599278e-05
0,0,2.1854914e-05
0,0,4.767128e-05
0,0,4.0765226e-06
0,0,6.4599044e-05
0,0,2.4681729e-05
0,0,7.0713286e-06
0,0,1.47627e-05
0,0,0.0014085008
0,0,0.0001873637
0,0,2.7451213e-05
0,0,7.822734e-06
0,0,0.00017835922
0,0,2.1968926e-05
0,0,0.00045080588
0,0,1.2052088e-05
0,0,1.7479722e-05
0,0,0.00011061318
0,0,2.5009243e-05
0,0,0.00097618985
0,0,5.1347717e-05
0,0,0.007412551
0,0,0.0001692251
0,0,8.3808945e-06
0,0,5.4707525e-05
0,0,3.2671967e-05
0,0,1.2974756e-05
0,0,0.00012631825
0,0,5.738787e-05
0,0,4.5795077e-05
0,0,7.4147196e-05
0,0,0.0003648477
0,0,1.2444386e-05
0,0,9.572203e-05
0,0,7.110892e-05
0,0,1.4808286e-05
0,0,1.9853995e-05
0,0,5.8827638e-05
0,0,8.524402e-05
0,0,0.0010817318
0,0,2.346261e-05
0,0,1.5108469e-06
0,0,1.0681677e-05
0,0,4.076437e-06
0,0,4.552012e-05
0,0,1.9781178e-06
0,0,1.4234399e-05
0,0,0.00013306134
0,0,7.587805e-05
0,0,0.00022456599
0,0,1.5556532e-05
0,0,3.4374603e-05
0,0,2.0643827e-05
0,0,1.0207241e-05
0,0,0.000113974806
0,0,8.3360965e-06
0,0,5.2835563e-05
0,0,2.7375923e-05
0,0,5.385987e-05
0,0,1.1963854e-05
0,0,1.48744675e-05
0,0,1.2557126e-05
0,0,3.628833e-05
0,0,6.440559e-05
0,0,2.5400941e-05
0,0,2.8318236e-05
0,0,3.427156e-05
0,0,3.3660774e-05
0,0,1.4398259e-05
0,0,1.095516e-05
0,0,1.0299695e-05
0,0,4.287268e-05
0,0,0.0005260966
0,0,5.815714e-06
0,0,0.000804253
0,0,1.7187604e-05
0,0,1.3693286e-05
0,0,2.5894878e-05
0,0,1.5718813e-05
0,0,4.745426e-06
0,0,0.000592335
0,0,0.005816236
0,0,3.9544728e-05
0,0,9.063932e-06
0,0,5.6489516e-06
0,0,1.2622862e-05
0,0,1.4525418e-05
0,0,0.00011091409
0,0,1.9373309e-05
0,0,3.601635e-05
0,0,7.079885e-06
0,0,2.3492858e-05
0,0,7.823801e-06
0,0,2.6603835e-05
0,0,0.00018838153
0,0,8.630742e-06
0,0,9.557187e-06
0,0,1.9219908e-05
0,0,5.571316e-06
0,0,0.00015568013
0,0,1.3258406e-05
0,0,2.5598034e-05
0,0,7.063846e-05
0,0,1.0131314e-05
0,0,0.00012797426
0,0,0.0026859206
0,0,1.3100608e-05
0,0,1.0253573e-05
0,0,0.002322779
0,0,3.1897103e-05
0,0,0.000102037586
0,0,1.4836643e-05
0,0,4.3659097e-06
0,0,5.011657e-05
0,0,5.375182e-06
0,0,7.977047e-05
0,0,4.9081036e-06
0,0,5.3454056e-05
0,0,0.00061721774
0,0,1.2110536e-05
0,0,3.3390996e-05
0,0,3.1009837e-05
0,0,1.2468667e-05
0,0,3.874186e-06
0,0,8.8138595e-06
0,0,0.00052891
0,0,0.0006027613
0,0,1.4248782e-05
0,0,9.54545e-05
0,0,1.9145707e-05
0,0,5.904227e-05
0,0,0.00022448978
0,0,2.781967e-05
0,0,8.135649e-06
0,0,4.6397845e-06
0,0,6.837447e-05
0,0,9.976585e-06
0,0,7.0635374e-06
0,0,0.00013200307
0,0,3.9193787e-06
0,0,3.1517626e-05
0,0,2.4069235e-05
0,0,3.1510262e-05
0,0,0.0007480547
0,0,1.2150517e-05
0,0,3.829808e-05
0,0,0.0004035662
0,0,1.1160336e-05
0,0,0.00041223713
0,0,0.00012402971
0,0,3.433856e-05
0,0,8.7381e-06
0,0,6.283739e-06
0,0,9.758206e-05
0,0,0.0038786079
0,0,5.582085e-05
0,0,3.2628315e-05
0,0,0.00011695971
0,0,0.00039099934
0,0,0.00022079384
0,0,1.3877281e-05
0,0,1.04270775e-05
0,0,0.00022255891
0,0,4.8678172e-05
0,0,1.4223814e-05
0,0,2.6306114e-05
0,0,2.5374213e-05
0,0,3.4731824e-05
0,0,3.2457905e-05
0,0,0.0002581799
0,0,2.6890511e-05
0,0,1.7308008e-05
0,0,9.5662814e-05
0,0,1.694042e-05
0,0,0.00013262863
0,0,0.0001788575
0,0,0.00026157958
0,0,1.9028103e-05
0,0,1.1084368e-05
0,0,2.1629243e-05
0,0,6.269051e-06
0,0,5.7866246e-06
0,0,1.159463e-05
0,0,0.00028943864
0,0,0.00020567806
0,0,0.0008031574
0,0,0.24296293
0,0,0.0035364942
0,0,2.0967935e-05
0,0,0.00037588982
0,0,0.0002776085
0,0,3.850697e-05
0,0,5.820195e-05
0,0,6.0182192e-05
0,0,2.2704418e-05
0,0,4.7365775e-06
0,0,2.8181457e-05
0,0,9.4084695e-05
0,0,4.4311946e-05
0,0,0.0001349436
0,0,1.1264429e-05
0,0,1.3705476e-05
0,0,1.2015628e-05
0,0,6.7985085e-05
0,0,0.00011469557
0,0,0.0007394672
0,0,9.854213e-05
0,0,0.0024133069
0,0,6.0073307e-05
0,0,1.3903231e-05
0,0,0.0004195577
0,0,0.0004594627
0,0,0.00096100505
0,0,1.1556931e-05
0,0,1.2585408e-05
0,0,0.00034005113
0,0,3.6485217e-05
0,0,0.000115644434
0,0,0.000265558
0,0,9.360313e-06
0,0,2.9559857e-05
0,0,8.33039e-05
0,0,1.7404438e-05
0,0,0.00017872623
0,0,3.766923e-05
0,0,1.3481342e-05
0,0,1.0018833e-05
0,0,1.2258456e-05
0,0,1.84038e-05
0,0,7.6138504e-06
0,0,1.9531957e-05
0,0,8.673811e-05
0,0,0.00036353114
0,0,2.4145907e-05
0,0,1.8286915e-05
0,0,4.0483046e-05
0,0,0.0003280093
0,0,4.1553076e-06
0,0,5.460417e-06
0,0,5.1977884e-05
0,0,0.00037892046
0,0,3.446043e-05
0,0,5.093042e-05
0,0,8.660052e-06
0,0,2.914327e-06
0,0,1.7409204e-05
0,0,1.9513302e-05
0,0,6.9065013e-06
0,0,7.570128e-05
0,0,8.912133e-06
0,0,1.5120335e-05
0,0,6.572166e-05
0,0,1.2915187e-06
0,0,1.6781842e-05
0,0,0.00016056494
0,0,8.794396e-06
0,0,4.5667428e-05
0,0,8.02217e-06
0,0,1.9518086e-05
0,0,4.257274e-05
0,0,0.0003443456
0,0,1.2745421e-05
0,0,2.1388352e-05
0,0,0.0001851756
0,0,6.346993e-05
0,0,1.5390347e-05
0,0,8.486185e-05
0,0,3.6878966e-05
0,0,0.000229904
0,0,3.4819343e-05
0,0,6.25326e-05
0,0,0.00028265346
0,0,0.00010806152
0,0,9.276858e-06
0,0,1.9242503e-05
0,0,9.66163e-06
0,0,1.9123063e-05
0,0,5.8901453e-05
0,0,3.217165e-05
0,0,2.1911532e-05
0,0,0.0001577968
0,0,3.4675795e-05
0,0,0.0018871867
0,0,0.000704961
0,0,9.504423e-05
0,0,1.7928176e-05
0,0,1.4200231e-05
0,0,3.316362e-05
0,0,2.465096e-05
0,0,9.1072776e-05
0,0,3.5491375e-06
0,0,1.6997787e-05
0,0,4.207213e-06
0,0,8.142829e-06
0,0,3.970476e-05
0,0,3.947043e-05
0,0,0.00012380343
0,0,0.00012596931
0,0,1.2017783e-05
0,0,2.7887167e-05
0,0,0.000265438
0,0,8.103383e-05
0,0,0.00012066092
0,0,0.00030552596
0,0,7.572713e-05
0,0,0.0008224792
0,0,2.8952356e-05
0,0,2.838526e-05
0,0,8.947476e-05
0,0,5.093343e-05
0,0,6.675862e-06
0,0,1.8900402e-05
0,0,5.9321774e-06
0,0,0.00019785341
0,0,3.1779327e-05
0,0,2.6999951e-05
0,0,0.00010057139
0,0,0.000120109326
0,0,1.062375e-05
0,0,1.858947e-05
0,0,9.73628e-05
0,0,1.6615444e-05
0,0,3.1350417e-05
0,0,2.2662365e-05
0,0,6.7205706e-06
0,0,3.915204e-05
0,0,8.0965465e-06
0,0,1.7328073e-05
0,0,8.840494e-06
0,0,3.6630736e-05
0,0,0.00026805952
0,0,4.6843647e-06
0,0,2.5142179e-05
0,0,0.0064092483
0,0,0.00030896012
0,0,8.4265685e-06
0,0,3.1197418e-05
0,0,3.0577572e-05
0,0,0.00012542575
0,0,5.4485885e-05
0,0,4.4864755e-05
0,0,1.1948587e-05
0,0,1.8343786e-05
0,0,4.123124e-06
0,0,2.001059e-06
0,0,2.0592095e-05
0,0,1.5792137e-05
0,0,4.174596e-05
0,0,0.000111798305
0,0,5.8986957e-06
0,0,4.899102e-06
0,0,0.00017599393
0,0,0.00022390236
0,0,3.3332963e-05
0,0,4.3785658e-05
0,0,0.000150957
0,0,2.5781801e-05
0,0,1.5378844e-05
0,0,2.3325438e-06
0,0,1.0649647e-05
0,0,0.00010278505
0,0,0.0034233236
0,0,8.158127e-06
0,0,0.00013702747
0,0,8.887483e-05
0,0,4.923476e-06
0,0,7.847908e-06
0,0,3.2266928e-06
0,0,2.0697289e-05
0,0,0.00014783467
0,0,0.0013210753
0,0,2.2372473e-05
0,0,9.238965e-06
0,0,9.719992e-06
0,0,1.5537807e-06
0,0,3.7362188e-06
0,0,1.8375897e-05
0,0,8.707798e-05
0,0,6.9405454e-05
0,0,7.8522084e-05
0,0,4.939923e-06
0,0,0.000983061
0,0,7.796749e-06
0,0,0.0022650817
0,0,0.0007414875
0,0,2.5915037e-05
0,0,1.575647e-05
0,0,1.1078704e-05
0,0,2.4477295e-06
0,0,2.115065e-05
0,0,0.00016464574
0,0,8.247972e-06
0,0,0.0006952248
0,0,8.6179374e-05
0,0,5.1241324e-05
0,0,9.6558775e-05
0,0,1.30903545e-05
0,0,3.192967e-05
0,0,4.650299e-05
0,0,0.00030252227
0,0,0.00019672887
0,0,4.6608482e-05
0,0,9.219934e-06
0,0,0.0002209676
0,0,0.00016660988
0,0,0.0008819582
0,0,6.5009863e-06
0,0,5.6555506e-05
0,0,3.1438136e-05
0,0,0.00012096125
0,0,2.742361e-05
0,0,9.8808414e-05
0,0,1.3901508e-05
0,0,0.00017230191
0,0,3.534718e-05
0,0,1.6389517e-05
0,0,0.00015034819
0,0,3.9492345e-05
0,0,0.00012937558
0,0,7.97306e-06
0,0,7.312478e-06
0,0,0.00046475013
0,0,1.8121642e-05
0,0,2.3284156e-05
0,0,0.00020146198
0,0,6.159918e-05
0,0,3.3891138e-05
0,0,6.6741813e-06
0,0,2.4238652e-05
0,0,0.0004069046
0,0,0.0015170586
0,0,6.4357395e-05
0,0,1.2321748e-05
0,0,0.00022779667
0,0,0.000121982746
0,0,4.1225735e-06
0,0,0.00067690964
0,0,1.7990638e-05
0,0,7.496337e-05
0,0,5.4296564e-05
0,0,0.0014904048
0,0,1.9515777e-05
0,0,0.00034324353
0,0,0.0002909445
0,0,2.9550414e-05
0,0,7.799329e-06
0,0,1.6377064e-05
0,0,5.4438722e-05
0,0,2.3020357e-05
0,0,1.3945166e-05
0,0,1.6683609e-05
0,0,1.0248871e-05
0,0,7.887706e-05
0,0,2.0896947e-05
0,0,2.8601991e-05
0,0,9.643321e-06
0,0,2.12243e-05
0,0,1.5179746e-05
0,0,2.6995263e-05
0,0,1.3238811e-05
0,0,0.0022029402
0,0,6.897921e-05
0,0,1.9014806e-05
0,0,0.00044211562
0,0,1.5624587e-06
0,0,1.10182455e-05
0,0,9.055941e-05
0,0,8.825407e-06
0,0,3.318358e-05
0,0,6.3433145e-05
0,0,9.694738e-06
0,0,3.2790427e-05
0,0,1.8169801e-05
0,0,0.00017154505
0,0,3.3789096e-05
0,0,5.545269e-05
0,0,1.4870257e-05
0,0,4.183571e-05
0,0,0.00018581214
0,0,2.9183042e-05
0,0,7.983112e-05
0,0,5.827376e-05
0,0,1.1907306e-05
0,0,1.7719107e-05
0,0,2.5596008e-05
0,0,0.00025811663
0,0,5.0709587e-06
0,0,5.5941564e-06
0,0,9.50339e-05
0,0,5.65072e-05
0,0,4.0672344e-06
0,0,3.0365183e-05
0,0,7.047046e-05
0,0,4.8392507e-05
0,0,5.7204772e-05
0,0,1.4327745e-05
0,0,0.0001083218
0,0,1.7129334e-05
0,0,7.783644e-05
0,0,9.992725e-06
0,0,1.6766262e-05
0,0,3.0660267e-05
0,0,0.00016423197
0,0,4.065645e-05
0,0,5.317204e-05
0,0,1.5615586e-05
0,0,1.3651732e-05
0,0,1.2672775e-05
0,0,1.116157e-05
0,0,8.238372e-05
0,0,1.8998475e-05
0,0,5.1331954e-06
0,0,3.5765977e-05
0,0,9.764209e-05
0,0,1.2503329e-05
0,0,0.00013591083
0,0,4.9737726e-05
0,0,4.574139e-05
0,0,5.6588036e-05
0,0,6.561689e-05
0,0,5.531498e-06
0,0,5.9764857e-06
0,0,0.00024725526
0,0,7.784148e-05
0,0,1.0460712e-05
0,0,0.00013370899
0,0,9.269447e-06
0,0,2.5843588e-05
0,0,0.00038014955
0,0,4.493232e-05
0,0,3.770528e-05
0,0,6.7529494e-05
0,0,2.5661411e-05
0,0,1.5479312e-05
0,0,0.00026249548
0,0,9.161639e-06
0,0,5.6505854e-05
0,0,5.0271938e-06
0,0,8.0911836e-05
0,0,7.3248593e-06
0,0,2.5809106e-05
0,0,6.4939472e-06
0,0,0.01723915
0,0,0.00013598795
0,0,6.005257e-05
0,0,1.1480038e-05
0,0,4.3808036e-06
0,0,1.9714978e-05
0,0,0.00016786582
0,0,1.5071029e-05
0,0,0.000100229314
0,0,4.8616614e-05
0,0,2.0450232e-05
0,0,0.00054354063
0,0,6.653629e-06
0,0,2.3405333e-05
0,0,2.8172564e-05
0,0,5.5330443e-06
0,0,4.0558898e-05
0,0,6.710542e-05
0,0,0.00041157217
0,0,1.6923206e-05
0,0,0.00010429346
0,0,1.2339715e-05
0,0,8.157069e-06
0,0,2.4682222e-05
0,0,3.7096564e-05
0,0,0.00017019683
0,0,8.701402e-06
0,0,1.0773126e-05
0,0,2.819318e-05
0,0,0.00024914817
0,0,1.3263959e-05
0,0,1.3259696e-05
0,0,0.04263955
0,0,8.5843254e-05
0,0,0.00022617221
0,0,7.54629e-06
0,0,8.227663e-05
0,0,5.701155e-05
0,0,3.298107e-05
0,0,2.000652e-05
0,0,2.5378738e-05
0,0,0.00012992274
0,0,0.00042107565
0,0,6.2549065e-05
0,0,8.0478785e-06
0,0,0.00011891921
0,0,2.3423843e-05
0,0,2.5477846e-05
0,0,0.0002374652
0,0,0.00018045679
0,0,6.8182846e-05
0,0,2.8399856e-05
0,0,0.00013264634
0,0,0.00033401515
0,0,0.0013636559
0,0,6.384996e-05
0,0,1.817396e-05
0,0,1.5646487e-05
0,0,8.2022816e-05
0,0,7.374209e-05
0,0,7.198132e-05
0,0,4.3349413e-05
0,0,2.0897964e-05
0,0,1.1404266e-05
0,0,1.3771943e-05
0,0,2.84642e-05
0,0,2.682883e-05
0,0,0.00015412144
0,0,2.7635e-05
0,0,7.9594e-06
0,0,0.0021560006
0,0,2.9640758e-05
0,0,5.5619994e-06
0,0,5.1878965e-06
0,0,0.0009037817
0,0,1.3305742e-05
0,0,0.000760646
0,0,4.6027117e-06
0,0,0.0007470228
0,0,1.5455136e-05
0,0,9.730389e-06
0,0,2.0764803e-05
0,0,5.469542e-05
0,0,3.1415034e-06
0,0,4.914212e-05
0,0,7.15499e-05
0,0,0.0016904812
0,0,1.20523755e-05
0,0,7.4668787e-06
0,0,1.5590824e-05
0,0,9.812458e-06
0,0,0.00012460952
0,0,0.02422646
0,0,1.3118235e-05
0,0,7.407645e-05
0,0,2.266081e-05
0,0,3.865679e-05
0,0,0.00035280958
0,0,0.0021593713
0,0,0.00011785231
0,0,0.00021121287
0,0,1.5441508e-05
0,0,1.7687502e-05
0,0,0.001061714
0,0,5.477319e-05
0,0,4.857509e-05
0,0,0.00014678232
0,0,1.2432488e-05
0,0,5.204663e-05
0,0,2.707679e-05
0,0,2.0491776e-05
0,0,1.18773305e-05
0,0,3.2908683e-05
0,0,0.00020673625
0,0,3.2863867e-05
0,0,1.5102106e-05
0,0,2.0538002e-06
0,0,5.742798e-06
0,0,2.4638268e-05
0,0,1.0059905e-05
0,0,2.0518859e-05
0,0,7.012426e-06
0,0,2.1126489e-06
0,0,1.3261872e-05
0,0,0.00038147173
0,0,3.4421315e-05
0,0,1.1060547e-05
0,0,1.2767112e-05
0,0,0.00014415287
0,0,7.042229e-05
0,0,7.241389e-05
0,0,0.00026044753
0,0,4.327205e-05
0,0,0.0011361409
0,0,0.00039637377
0,0,6.424201e-06
0,0,4.6333153e-06
0,0,0.00013184521
0,0,1.1533579e-05
0,0,7.396246e-05
0,0,0.0005251039
0,0,5.3908293e-06
0,0,2.4724699e-05
0,0,0.0009221161
0,0,5.2211212e-06
0,0,1.5255196e-05
0,0,8.794791e-06
0,0,3.6655023e-05
0,0,2.243914e-05
1,0,0.060498964
0,0,3.2384905e-05
0,0,6.679846e-05
0,0,4.8556336e-05
0,0,1.726671e-05
0,0,0.00018064065
0,0,2.215582e-05
0,0,8.9108335e-06
0,0,8.996585e-05
0,0,0.00017041556
0,0,4.8520462e-05
0,0,1.5536294e-05
0,0,1.1858125e-05
0,0,2.1441023e-05
0,0,3.4996345e-05
0,0,1.2291772e-05
0,0,1.1436133e-05
0,0,0.00065643695
0,0,1.4057594e-05
0,0,0.00012066483
0,0,7.850135e-05
0,0,0.00014485008
0,0,2.2428549e-05
0,0,0.0004532466
0,0,1.047211e-05
0,0,0.00010181132
0,0,2.2641174e-05
0,0,1.0647952e-05
0,0,2.2921538e-05
0,0,0.00013743574
0,0,2.9258226e-05
0,0,0.0011573771
0,0,0.00016563508
0,0,1.7229962e-05
0,0,0.003519734
0,0,8.367283e-05
0,0,0.00030518015
0,0,4.0348514e-06
0,0,1.0246926e-05
0,0,6.5973063e-06
0,0,1.1417239e-06
0,0,0.00087218673
0,0,3.1917643e-05
0,0,7.5091295e-05
0,0,5.9782025e-05
0,0,9.822251e-06
0,0,5.5651934e-05
0,0,1.3319682e-05
0,0,3.0787338e-05
0,0,1.6359785e-05
0,0,2.0412237e-05
0,0,7.4839656e-05
0,0,1.6355572e-05
0,0,2.0604846e-05
0,0,0.0015285173
0,0,1.7768754e-05
0,0,0.0006430044
0,0,3.627729e-05
0,0,3.1988795e-05
0,0,4.2993583e-05
0,0,5.9171234e-05
0,0,7.789807e-05
0,0,2.5934987e-05
0,0,0.00014323597
0,0,2.488674e-06
0,0,3.6053978e-05
0,0,0.00038247928
0,0,4.634871e-06
0,0,1.4040619e-05
0,0,0.00013223199
0,0,2.6593689e-05
0,0,2.4998822e-05
0,0,0.000111064175
0,0,2.3817202e-05
0,0,5.9870858e-05
0,0,1.9261965e-05
0,0,1.14287195e-05
0,0,0.00079466566
0,0,4.614477e-05
0,0,2.2315282e-05
0,0,0.00024225061
0,0,4.2076656e-05
0,0,9.8700275e-06
0,0,0.00013524556
0,0,0.00049496663
0,0,1.2364394e-05
0,0,0.00011161529
0,0,8.354026e-06
0,0,0.00010823745
0,0,2.1022975e-05
0,0,2.0314325e-05
0,0,8.1695325e-06
0,0,9.333812e-06
0,0,3.0612147e-05
0,0,1.8482455e-05
0,0,0.0002190104
0,0,0.000107372194
0,0,0.0001858637
0,0,1.3923612e-05
0,0,1.3807594e-05
0,0,5.905066e-05
0,0,0.00013042746
0,0,4.0544088e-05
0,0,3.3874994e-06
0,0,5.063004e-05
0,0,4.7797694e-05
0,0,3.2932435e-06
0,0,3.238682e-05
0,0,6.6415455e-06
0,0,0.00011550326
0,0,0.00015060531
0,0,4.594507e-05
0,0,1.568928e-05
0,0,2.005095e-05
0,0,3.715835e-05
0,0,7.3888084e-05
0,0,5.3986572e-05
0,0,5.144604e-05
0,0,1.7664628e-05
0,0,3.865786e-06
0,0,3.6269063e-05
0,0,0.00024074363
0,0,0.00015458623
0,0,5.9298127e-06
0,0,8.333354e-06
0,0,2.1578004e-05
0,0,2.3647439e-05
0,0,9.281203e-05
0,0,2.400077e-05
0,0,2.29347e-05
0,0,0.00024283105
0,0,0.0024124403
0,0,1.586945e-05
0,0,8.45815e-05
0,0,7.1451227e-06
0,0,0.0001984217
0,0,4.8233876e-05
0,0,2.7118678e-05
0,0,2.7929157e-06
1,1,0.99776566
0,0,0.0006351002
0,0,6.662764e-05
0,0,6.9830962e-06
0,0,6.3148815e-05
0,0,1.7156768e-05
0,0,2.8018345e-05
0,0,0.00034761927
0,0,4.7500973e-05
0,0,0.00011908183
0,0,4.468278e-05
0,0,0.0035534308
0,0,0.0016268094
0,0,1.0200885e-05
0,0,5.803164e-05
0,0,0.00014882571
0,0,3.461527e-06
0,0,1.6359738e-05
0,0,5.8430487e-06
0,0,2.4110519e-05
0,0,7.144776e-05
0,0,9.240553e-05
0,0,3.406423e-05
0,0,4.4280438e-05
0,0,4.9939717e-05
0,0,5.1402738e-05
0,0,2.5093528e-05
0,0,1.8220833e-05
0,0,1.4690569e-05
0,0,2.1506698e-05
0,0,2.8707771e-05
0,0,1.159609e-05
0,0,1.5269692e-05
0,0,0.00015908247
0,0,0.000109949826
0,0,2.059186e-05
0,0,4.2989445e-06
0,0,5.7443223e-05
0,0,1.5664627e-05
0,0,2.4080784e-05
0,0,2.0089823e-05
0,0,4.887409e-05
0,0,7.572589e-06
0,0,9.459727e-06
0,0,0.0007974599
0,0,1.8296509e-05
0,0,8.796037e-05
0,0,1.6244336e-05
0,0,0.00010777285
0,0,0.00021827618
0,0,0.00010749195
0,0,3.1441585e-05
0,0,7.52678e-05
0,0,6.1311684e-06
0,0,2.352767e-06
0,0,5.4422835e-06
0,0,8.249254e-06
0,0,3.508008e-05
0,0,2.220932e-05
0,0,7.71309e-06
0,0,1.937188e-06
0,0,0.00013423173
0,0,4.5582347e-06
0,0,1.1307169e-05
0,0,1.9383786e-05
0,0,1.8134711e-05
0,0,2.8425924e-05
0,0,1.1202188e-05
0,0,6.287631e-05
0,0,4.413112e-05
0,0,3.9059294e-05
0,0,7.662151e-06
0,0,1.9502157e-05
0,0,2.1381093e-05
0,0,4.1998923e-05
0,0,2.7227308e-05
0,0,2.3337554e-05
0,0,2.5934296e-05
0,0,1.8774293e-05
0,0,5.5525497e-06
0,0,2.5795052e-06
0,0,0.0009784629
0,0,1.6748154e-05
0,0,3.672339e-05
0,0,5.1554534e-06
0,0,8.1432925e-05
0,0,1.6908025e-05
0,0,2.984972e-06
0,0,0.00048242512
0,0,0.00020875984
0,0,5.590748e-06
0,0,5.8646772e-05
0,0,1.2862558e-05
0,0,7.172608e-05
0,0,2.5482681e-05
0,0,0.00013349917
0,0,2.3317798e-05
0,0,2.4694958e-05
0,0,1.1677346e-05
0,0,9.752527e-06
0,0,0.00024760465
0,0,2.8744947e-05
0,0,4.617299e-05
0,0,2.6883741e-05
0,0,2.889007e-06
0,0,4.331224e-06
0,0,1.7723332e-05
0,0,0.00010767527
0,0,0.00058247265
0,0,2.3054828e-05
0,0,1.3468581e-05
0,0,1.1280243e-05
0,0,3.7412578e-05
0,0,3.835634e-05
0,0,0.00018171327
0,0,1.8029179e-05
0,0,2.0275733e-05
0,0,8.900624e-06
0,0,9.9206634e-05
0,0,7.5787735e-05
0,0,4.375601e-06
0,0,0.00076122646
0,0,0.00023360981
0,0,2.1114676e-05
0,0,2.9037079e-05
0,0,1.7847777e-05
0,0,4.13924e-05
0,0,0.00010372139
0,0,6.776976e-06
0,0,2.0875934e-05
0,0,2.4388786e-05
0,0,9.607311e-06
0,0,0.0003865663
0,0,1.8125013e-05
0,0,2.2278262e-05
0,0,6.6213333e-06
0,0,1.2916533e-05
0,0,6.094303e-06
0,0,3.142384e-05
0,0,7.922737e-05
0,0,5.4032564e-05
0,0,7.9739366e-05
0,0,1.9523428e-05
0,0,1.1199849e-05
0,0,3.7126574e-05
0,0,1.052088e-05
0,0,9.535884e-06
0,0,8.1014594e-05
0,0,5.269935e-06
0,0,5.0647224e-05
0,0,2.4121488e-05
0,0,2.9192868e-05
0,0,3.1831876e-06
0,0,1.4432007e-05
0,0,1.546932e-05
0,0,6.369069e-05
0,0,1.547335e-05
0,0,4.9509263e-06
0,0,2.5295833e-05
0,0,2.0176483e-06
0,0,1.7881339e-05
0,0,2.0854424e-05
0,0,1.0234269e-05
0,0,0.00012371952
0,0,7.4924083e-06
0,0,2.223225e-05
0,0,7.869487e-05
0,0,0.0037329525
0,0,0.00067974057
0,0,8.8778856e-05
0,0,1.4096821e-05
0,0,0.0003538779
0,0,3.371054e-06
0,0,0.00025324812
0,0,2.0993704e-05
0,0,3.6611247e-05
0,0,3.45504e-06
0,0,0.00015165975
0,0,0.0008747372
0,0,9.350375e-06
0,0,0.0013474963
0,0,1.8331368e-05
0,0,5.927676e-06
0,0,0.00019850816
0,0,2.1366988e-05
0,0,7.301461e-06
0,0,0.0004764375
0,0,0.00037734842
0,0,4.516051e-05
0,0,5.354941e-06
0,0,4.2413245e-05
0,0,9.391698e-06
0,0,1.7717468e-05
0,0,0.00026167487
0,0,0.0006708669
0,0,8.036895e-06
0,0,1.5318188e-05
0,0,0.00038771224
0,0,8.158309e-05
0,0,5.7839707e-06
0,0,4.101186e-05
0,0,1.851006e-05
0,0,0.00071093725
0,0,5.21914e-06
0,0,1.8809007e-05
0,0,9.0638805e-06
0,0,8.8637345e-05
0,0,5.9185906e-05
0,0,5.543334e-05
0,0,2.1931268e-05
0,0,5.3182794e-05
0,0,2.0383488e-05
0,0,3.0989795e-05
0,0,2.2759634e-05
0,0,5.845624e-06
0,0,1.1738633e-05
0,0,9.202039e-05
0,0,0.00073700707
0,0,1.4482967e-05
0,0,0.003765877
0,0,2.0820007e-05
0,0,9.765672e-05
0,0,3.3758668e-06
0,0,0.00013792083
0,0,5.9456174e-06
0,0,5.7916764e-06
0,0,2.7149264e-05
0,0,1.1707107e-05
0,0,0.00014128721
0,0,7.748966e-06
0,0,1.0254356e-05
0,0,3.5633406e-05
0,0,2.1467087e-05
0,0,1.204084e-05
0,0,0.00010770033
0,0,6.7393626e-06
0,0,8.52571e-05
0,0,0.00012503026
0,0,0.0024962244
0,0,4.079973e-05
0,0,1.0981446e-05
0,0,3.3245942e-06
0,0,9.791333e-06
0,0,2.2206992e-05
0,0,0.00010186104
0,0,2.6916652e-05
0,0,1.6522865e-05
0,0,0.00017366283
0,0,6.778453e-05
0,0,3.1055737e-05
0,0,5.054624e-05
0,0,5.1562e-05
0,0,0.00022905572
0,0,3.4182878e-05
0,0,0.00012392271
0,0,3.8327853e-05
0,0,1.8670129e-05
0,0,0.00075972994
0,0,0.0003592527
0,0,0.0001735668
0,0,1.4633184e-05
0,0,2.2723005e-05
0,0,6.331312e-05
0,0,8.035279e-06
0,0,4.9423066e-05
0,0,1.5499312e-05
0,0,6.655114e-06
1,1,0.9916135
0,0,4.5057353e-05
0,0,7.485322e-05
0,0,0.00048051288
0,0,0.0028911573
0,0,1.5294701e-05
0,0,0.0003152403
0,0,4.0090113e-06
0,0,0.0003131232
0,0,9.310464e-05
0,0,0.00013825382
0,0,6.927869e-05
0,0,2.1898704e-05
0,0,1.3138241e-05
0,0,2.601212e-05
0,0,2.5770716e-05
0,0,4.442913e-06
0,0,5.2595624e-06
0,0,1.866995e-05
0,0,0.00011184777
0,0,3.9386605e-06
0,0,0.00021992046
0,0,3.294646e-05
0,0,0.0023127352
0,0,0.00019845348
0,0,4.780695e-05
0,0,0.00016019671
0,0,4.3514488e-06
0,0,0.0004903294
0,0,2.2969043e-05
0,0,5.2775784e-05
0,0,1.0805414e-05
0,0,3.1443895e-05
0,0,9.715615e-07
0,0,8.382912e-05
0,0,1.8813293e-05
0,0,2.6436435e-05
0,0,0.00025129865
0,0,2.90568e-05
0,0,3.2766136e-05
0,0,3.9604696e-05
0,0,2.8646937e-06
0,0,7.906352e-06
0,0,3.1623786e-05
0,0,6.4072774e-05
0,0,0.00019068296
0,0,1.91067e-06
0,0,1.4097884e-05
0,0,2.8656104e-05
0,0,0.005652943
0,0,0.0019884252
0,0,0.00010132763
0,0,0.00012140452
0,0,3.49209e-05
0,0,4.0429672e-06
0,0,0.00022137606
0,0,0.0017493304
0,0,3.1465253e-05
0,0,9.183079e-06
0,0,7.003714e-05
0,0,0.00037972777
0,0,0.0034838726
0,0,0.00016258193
0,0,6.459535e-05
0,0,2.2337701e-05
0,0,1.7318769e-06
0,0,1.8059827e-05
0,0,4.273626e-05
0,0,9.535343e-05
0,0,2.9284634e-05
0,0,3.6199042e-06
0,0,0.00036107938
0,0,0.00045863804
0,0,3.4846184e-05
0,0,5.0944946e-05
0,0,0.0001821228
0,0,3.2458247e-05
0,0,5.5862074e-06
0,0,6.292849e-05
0,0,1.9421794e-05
0,0,0.008410349
0,0,0.00015426935
0,0,0.0002246371
0,0,6.6312296e-06
0,0,5.1727435e-05
0,0,0.00015003899
0,0,8.740359e-06
0,0,1.5932974e-05
0,0,6.758071e-05
0,0,6.131114e-05
0,0,3.314544e-05
0,0,3.2714648e-05
0,0,0.0004149515
0,0,3.5749134e-05
0,0,2.0037836e-05
0,0,3.646695e-06
0,0,5.42143e-05
0,0,2.6310929e-05
0,0,0.00024951046
0,0,8.570568e-05
0,0,5.4749013e-05
0,0,2.2802671e-05
0,0,2.0108933e-05
0,0,0.00021036432
0,0,1.7604254e-05
0,0,9.00166e-06
0,0,8.548465e-06
0,0,0.00016006631
0,0,0.0001099471
0,0,1.4265329e-05
0,0,0.0001496037
0,0,2.1383174e-05
0,0,0.000116902505
0,0,0.00012626033
0,0,5.452736e-06
0,0,1.5730391e-05
0,0,2.100566e-05
0,0,2.4761388e-05
0,0,3.5406287e-05
0,0,6.3194125e-06
0,0,4.3903983e-05
0,0,7.2344988e-06
0,0,8.648728e-05
0,0,2.2595961e-05
0,0,3.3288743e-05
0,0,1.557574e-05
0,0,1.7762773e-05
0,0,1.3047755e-05
0,0,1.3518149e-05
0,0,6.3061554e-05
0,0,2.4805091e-05
0,0,0.0001331375
0,0,1.244378e-05
0,0,2.2767925e-05
0,0,4.8013873e-05
0,0,9.374321e-06
0,0,3.736113e-05
0,0,2.793521e-05
0,0,3.384645e-06
0,0,4.7359226e-06
0,0,3.829293e-05
0,0,8.209692e-06
0,0,6.723257e-05
0,0,1.0698683e-05
0,0,3.8539223e-05
0,0,3.3624292e-05
0,0,2.5299043e-05
0,0,9.827112e-05
0,0,1.0988391e-05
0,0,0.006407372
0,0,2.5765037e-05
0,0,4.6797704e-06
0,0,0.0018087632
0,0,2.136872e-05
0,0,0.00011625398
0,0,6.811948e-05
0,0,8.098732e-06
0,0,7.834209e-06
0,0,2.9547567e-05
0,0,0.0008741549
0,0,3.99115e-05
0,0,9.8476685e-06
0,0,5.914423e-06
0,0,0.00065179664
0,0,7.5324235e-05
0,0,9.206849e-05
0,0,0.00027880634
0,0,7.54089e-05
0,0,0.0011515904
0,0,0.0002394596
0,0,2.4297413e-05
0,0,8.2536266e-05
0,0,3.3927208e-06
0,0,1.1529147e-05
0,0,0.00033516603
0,0,9.396249e-06
0,0,1.9390996e-05
0,0,2.2474153e-05
0,0,0.0002971766
0,0,1.6578962e-06
0,0,1.7851284e-05
0,0,0.0004137945
0,0,1.3696485e-05
0,0,0.00135783
0,0,1.521952e-05
0,0,3.4402576e-05
0,0,1.5147065e-05
0,0,1.4069786e-05
0,0,3.3625383e-05
0,0,1.11328245e-05
0,0,9.7068105e-06
0,0,1.7217004e-05
0,0,5.713621e-06
0,0,0.00013354907
0,0,3.3868262e-05
0,0,9.865848e-06
0,0,6.8749236e-05
0,0,9.610931e-06
0,0,7.5358934e-05
0,0,0.00015449959
0,0,2.3828245e-05
0,0,9.494359e-05
0,0,0.00033160092
0,0,1.3800538e-05
0,0,9.960728e-06
0,0,1.0328417e-06
0,0,0.0009596262
0,0,3.6432855e-05
0,0,2.5660334e-05
0,0,9.692454e-06
0,0,2.6872078e-05
0,0,0.00038063875
0,0,1.1329534e-05
0,0,3.5388803e-05
0,0,1.2013452e-05
0,0,0.00013153956
0,0,1.5927504e-05
0,0,0.00094258407
0,0,0.00055652077
0,0,4.7066344e-05
0,0,1.5820779e-05
0,0,4.160745e-05
0,0,4.9453106e-06
0,0,5.1010476e-05
0,0,8.961633e-06
0,0,0.00021084708
0,0,0.0005404727
0,0,0.001382359
0,0,2.9507468e-05
0,0,2.9261548e-05
0,0,3.9037513e-05
0,0,9.266195e-06
0,0,1.3767372e-05
0,0,2.1114818e-05
0,0,1.26134755e-05
0,0,0.000166513
0,0,4.753194e-06
0,0,0.00015282254
0,0,0.00038802062
0,0,8.956593e-06
0,0,1.1874329e-05
0,0,2.8848774e-06
0,0,0.00023995027
0,0,8.2031576e-05
0,0,6.59449e-05
0,0,8.414788e-05
0,0,8.8544075e-06
0,0,2.649605e-05
0,0,0.00017195429
0,0,9.119484e-06
0,0,0.000110574474
0,0,0.00016415368
0,0,0.00014035573
0,0,0.00012713295
0,0,4.700843e-05
0,0,2.2993281e-05
0,0,3.0854017e-06
0,0,0.0009748385
0,0,0.000101382626
0,0,5.792698e-06
0,0,3.6917918e-05
0,0,1.8625866e-05
0,0,1.1584031e-05
0,0,1.35763885e-05
0,0,3.1232128e-05
0,0,9.644921e-06
0,0,0.003528627
0,0,3.6009012e-06
0,0,2.0194702e-05
0,0,1.870096e-05
0,0,8.319371e-06
0,0,2.0132497e-05
0,0,2.4029123e-05
0,0,4.2544736e-05
0,0,0.00017702107
0,0,1.629156e-05
0,0,1.1231563e-05
0,0,0.00025805365
0,0,2.075346e-05
0,0,0.0004653599
0,0,2.877671e-05
0,0,0.0001792871
0,0,0.000102164544
0,0,3.4154161e-06
0,0,6.1830224e-06
0,0,1.933986e-05
0,0,0.0012573716
0,0,1.3840698e-05
0,0,3.8744147e-05
0,0,1.948431e-05
0,0,6.634183e-06
0,0,6.9988373e-06
0,0,2.259008e-05
0,0,0.00010411023
0,0,0.000623214
0,0,3.5021014e-05
0,0,4.143231e-06
0,0,6.1043247e-06
0,0,1.889941e-05
0,0,1.5903946e-05
0,0,2.6446469e-05
0,0,2.5499505e-05
0,0,0.00020183632
0,0,5.9783674e-06
0,0,3.5584304e-05
0,0,7.805057e-05
0,0,3.791025e-05
0,0,1.7768636e-05
0,0,3.0930125e-05
0,0,0.000119990626
0,0,2.749696e-05
0,0,0.0028152794
0,0,0.0007539256
0,0,1.5480522e-05
0,0,2.9614e-05
0,0,4.0958903e-06
0,0,1.5964031e-05
0,0,0.00086414494
0,0,4.7261816e-05
0,0,5.632593e-06
0,0,0.00039463432
0,0,7.003117e-06
0,0,0.0011089372
0,0,4.2285037e-06
0,0,5.368327e-05
0,0,4.7644985e-06
0,0,4.03873e-05
0,0,1.0582938e-05
0,0,6.633411e-05
0,0,0.00010386104
0,0,1.838701e-05
0,0,3.6436955e-05
0,0,3.6585177e-05
0,0,2.805567e-05
0,0,0.00039198273
0,0,9.557327e-05
0,0,3.8983344e-05
0,0,2.3251272e-05
0,0,0.00022668712
0,0,0.00018199401
0,0,1.0209694e-05
0,0,1.0904731e-05
0,0,5.725859e-05
0,0,8.4960476e-07
0,0,2.7961994e-05
0,0,9.208666e-05
0,0,4.6801542e-06
0,0,1.0135441e-05
0,0,0.00060182443
0,0,0.00023408202
0,0,9.114136e-06
0,0,1.4233041e-05
0,0,5.962726e-06
0,0,0.00012071638
0,0,9.367182e-05
0,0,7.5624644e-06
0,0,2.3457776e-05
0,0,2.4202182e-05
0,0,0.0001072763
0,0,4.773506e-05
0,0,0.00345848
0,0,6.7051245e-05
0,0,0.00017701565
0,0,2.984401e-05
0,0,1.2632678e-05
0,0,6.973365e-05
0,0,0.0002000293
0,0,1.2786145e-05
0,0,0.00012673606
0,0,0.0026082564
0,0,3.044109e-05
0,0,0.0009836893
0,0,4.703e-05
0,0,4.639165e-06
0,0,7.105646e-05
0,0,1.23248265e-05
0,0,0.000116715164
0,0,1.9621457e-05
0,0,6.325514e-06
0,0,5.2239364e-05
0,0,1.1661977e-05
0,0,4.950241e-05
0,0,6.1886976e-06
0,0,1.7779654e-05
0,0,2.9069104e-05
0,0,4.376612e-05
0,0,0.00010370794
0,0,9.377826e-05
0,0,3.4249246e-05
0,0,1.7371407e-05
0,0,2.615889e-05
0,0,3.9222636e-05
0,0,1.1938666e-05
0,0,0.00036025915
0,0,5.1021812e-05
0,0,1.5996202e-05
0,0,8.653175e-06
0,0,3.16915e-05
0,0,9.8052544e-05
0,0,3.1411615e-05
0,0,0.00031572182
0,0,4.029474e-05
0,0,4.2108364e-05
0,0,7.844724e-05
0,0,3.6493357e-06
0,0,0.00024655258
0,0,0.00019364031
0,0,2.8793012e-05
0,0,3.1523314e-06
0,0,1.7829097e-05
0,0,1.9365052e-05
0,0,1.005116e-05
0,0,0.00021581851
0,0,0.002116371
0,0,1.8737933e-06
0,0,0.00012351689
0,0,6.238693e-06
0,0,2.1803122e-05
0,0,6.1995547e-06
0,0,4.6506186e-05
0,0,1.9560963e-05
0,0,0.00018645586
0,0,2.9334162e-05
0,0,7.948208e-05
0,0,0.001096319
0,0,1.691438e-05
0,0,0.00022511717
0,0,7.100918e-05
0,0,0.00052462437
0,0,3.4374178e-05
0,0,3.978989e-05
0,0,8.4627845e-06
0,0,6.5065506e-05
0,0,2.0375986e-05
0,0,1.8411484e-06
0,0,3.8331695e-05
0,0,3.4595003e-05
0,0,2.085498e-05
0,0,1.3342107e-05
0,0,5.96117e-05
0,0,3.0204315e-05
0,0,0.00075244275
0,0,7.295612e-05
0,0,0.00057226454
0,0,0.0013592221
0,0,5.603704e-06
0,0,1.869502e-05
0,0,4.1297455e-05
0,0,6.0884184e-05
0,0,1.5354517e-05
0,0,0.000106173626
0,0,0.0019779399
0,0,8.190345e-06
0,0,5.929873e-05
0,0,1.525355e-05
0,0,0.00024943508
0,0,1.4783818e-05
0,0,0.000544605
0,0,2.5293068e-06
0,0,1.7544671e-05
0,0,2.8111133e-05
0,0,2.3753958e-06
0,0,1.1114759e-05
0,0,7.213379e-05
0,0,6.419674e-05
0,0,0.00018656807
0,0,3.7313806e-05
0,0,7.45622e-05
0,0,1.4156638e-05
0,0,5.199588e-05
0,0,0.000120264274
0,0,0.00021368351
0,0,7.5861417e-06
0,0,4.6989117e-05
0,0,2.181038e-05
0,0,4.0657333e-06
0,0,1.7196033e-05
0,0,6.347472e-05
0,0,7.75732e-07
0,0,8.673811e-05
0,0,1.5668722e-05
0,0,0.0025252409
0,0,4.2950596e-05
0,0,4.5871993e-06
0,0,0.00036874114
0,0,0.00021266418
0,0,5.312443e-06
0,0,4.888332e-05
0,0,0.00014398337
0,0,8.1975435e-05
0,0,0.00011298005
0,0,1.6314867e-05
0,0,1.159463e-05
0,0,0.00040055573
0,0,6.204061e-05
0,0,8.113861e-05
0,0,0.00047909626
0,0,1.5288473e-05
0,0,1.3312697e-05
0,0,1.7743778e-05
0,0,0.0005327569
0,0,2.6720058e-05
0,0,7.1927407e-06
0,0,8.171636e-06
0,0,0.00011612567
0,0,0.046582364
0,0,0.0011928242
0,0,3.403507e-05
0,0,1.0763175e-05
0,0,7.77552e-05
0,0,1.5423524e-05
0,0,0.000104477
0,0,0.00016703077
0,0,9.7544296e-05
0,0,1.22029705e-05
0,0,0.00028330178
0,0,8.76078e-06
0,0,1.44245505e-05
0,0,0.00010953396
0,0,1.4108738e-05
0,0,0.0002963411
0,0,4.898841e-05
0,0,0.00018057022
0,0,9.623174e-06
0,0,3.7883044e-06
0,0,1.8401517e-05
0,0,5.772223e-05
0,0,9.86249e-06
0,0,3.7059366e-05
0,0,1.599303e-05
0,0,0.0007868033
0,0,2.895266e-05
0,0,1.318931e-05
0,0,4.0897896e-05
0,0,0.00017989794
0,0,5.1945728e-05
0,0,4.7517282e-05
0,0,3.9466804e-06
0,0,0.00058577105
0,0,9.587294e-05
0,0,1.0441676e-05
0,0,8.784346e-06
0,0,0.0009502088
0,0,0.00020202367
0,0,2.6011448e-05
0,0,6.6609915e-05
0,0,0.0014640432
0,0,3.2804564e-05
0,0,9.7854434e-05
0,0,0.00016438549
0,0,4.632617e-06
0,0,5.1431864e-05
0,0,1.9146493e-05
0,0,0.00037035887
0,0,2.3884051e-05
0,0,3.0508695e-06
0,0,0.00091556186
0,0,1.3791328e-05
0,0,0.0007999601
0,0,0.0011272916
0,0,0.0009776838
0,0,2.7026379e-05
0,0,4.134139e-05
0,0,7.40326e-05
0,0,5.304464e-06
0,0,1.1232804e-05
0,0,4.7471764e-05
0,0,2.0126181e-05
0,0,2.4320365e-05
0,0,0.0031972101
0,0,2.8271636e-05
0,0,1.1272844e-05
0,0,1.0864901e-05
0,0,0.0002378343
0,0,1.6420025e-05
0,0,2.6283244e-05
0,0,9.8867225e-05
0,0,1.2979768e-05
0,0,7.525327e-06
0,0,6.244652e-06
0,0,1.7060016e-05
0,0,0.000109936096
0,0,0.00026025815
0,0,0.00011547616
0,0,2.7384153e-06
0,0,6.6556895e-05
0,0,1.8678998e-05
0,0,0.0004273423
0,0,0.0003356719
0,0,0.00028068852
0,0,1.440672e-05
0,0,1.5099801e-05
0,0,4.4237426e-05
0,0,5.7131033e-06
0,0,4.4977933e-05
0,0,4.8364554e-06
0,0,1.2183296e-05
0,0,1.9513227e-05
0,0,2.0566287e-05
0,0,0.0034272939
0,0,1.6760441e-05
0,0,2.5417441e-05
0,0,5.0905387e-06
0,0,1.966501e-05
0,0,0.00058125064
0,0,4.530082e-05
0,0,1.2439651e-05
0,0,1.3707724e-05
0,0,1.3739474e-05
0,0,2.8890794e-05
0,0,0.00045777977
0,0,9.038633e-06
0,0,8.704494e-05
0,0,5.713652e-05
0,0,3.3557277e-05
0,0,9.562385e-06
0,0,0.00015259859
0,0,3.438965e-06
0,0,0.0007850149
0,0,3.075937e-05
0,0,3.8292987e-06
0,0,0.00024501415
0,0,2.2248772e-05
0,0,0.00035984057
0,0,4.8543694e-05
0,0,2.7833097e-05
0,0,1.2269404e-05
0,0,4.5280362e-06
0,0,3.3444983e-05
0,0,2.993845e-05
0,0,1.0163821e-05
0,0,0.00011995732
0,0,1.967304e-05
0,0,1.558699e-05
0,0,8.3329405e-06
0,0,1.1655395e-05
0,0,7.3835195e-06
0,0,0.00012099435
0,0,5.451109e-06
0,0,3.729972e-05
0,0,2.0334883e-06
0,0,6.8058056e-05
0,0,4.442712e-05
0,0,0.0017493714
0,0,0.00020652129
0,0,4.3324122e-05
0,0,9.93787e-06
0,0,1.2718151e-05
0,0,5.725725e-06
0,0,0.0045607355
0,0,2.1817805e-05
0,0,0.0001930259
0,0,1.3370219e-05
0,0,3.066948e-05
0,0,0.0010720096
0,0,1.5787444e-06
0,0,0.000115036884
0,0,1.05051895e-05
0,0,1.1672213e-05
0,0,5.1719835e-05
0,0,2.804938e-05
0,0,5.966042e-06
0,0,3.980583e-06
0,0,0.00011581085
0,0,6.651225e-06
0,0,0.00083894806
0,0,4.60233e-06
0,0,0.00083030964
0,0,3.337925e-05
0,0,1.1587799e-05
0,0,1.1816424e-05
0,0,6.768139e-05
0,0,0.0018605686
0,0,0.0001124595
0,0,1.0294529e-05
0,0,1.4471453e-05
0,0,0.0005757987
0,0,4.9763297e-05
0,0,4.5153578e-05
0,0,8.371109e-06
0,0,0.0001327439
0,0,0.00018330276
0,0,0.000101063706
0,0,9.613259e-06
0,0,1.2218389e-05
1,0,0.09150215
0,0,0.00012497029
0,0,1.2246468e-05
0,0,3.769866e-05
0,0,7.833417e-06
0,0,9.545951e-05
0,0,5.742378e-05
0,0,1.3461133e-05
0,0,1.5079957e-05
0,0,7.0558417e-06
0,0,4.963571e-05
0,0,1.7694403e-05
0,0,1.4256584e-05
0,0,2.176664e-05
0,0,0.003200131
0,0,1.7828417e-05
0,0,9.868728e-06
0,0,4.9051854e-05
0,0,4.6426258e-06
1,1,0.82847077
0,0,0.00013407733
0,0,4.1051076e-06
0,0,2.4562047e-05
0,0,0.00011492844
0,0,1.2045941e-05
0,0,9.872766e-06
0,0,0.0005835104
0,0,4.620206e-05
0,0,6.0975176e-06
0,0,2.8421966e-05
0,0,0.00016107959
0,0,4.2206462e-05
0,0,1.8383189e-05
0,0,0.00027401568
0,0,0.00028757125
0,0,1.0731126e-05
0,0,2.1200773e-05
0,0,2.3370381e-05
0,0,0.00023723322
0,0,1.555919e-06
0,0,4.601492e-05
0,0,0.000276623
0,0,5.3889256e-05
0,0,1.5170527e-05
0,0,1.9832007e-05
0,0,7.353775e-05
0,0,1.0561554e-05
0,0,0.0008270213
0,0,5.8781483e-05
0,0,0.00029012767
0,0,6.505813e-05
0,0,1.5738733e-05
0,0,5.960698e-05
0,0,9.977093e-05
0,0,5.8749378e-05
0,0,3.4988584e-06
0,0,0.00012829731
0,0,0.00046016794
0,0,8.008372e-05
0,0,1.1125915e-05
0,0,5.039079e-06
0,0,0.00013702433
0,0,6.8311056e-06
0,0,0.00037158854
0,0,3.3904133e-05
0,0,8.330691e-05
0,0,0.00010150316
0,0,2.5150835e-05
0,0,0.0003845488
0,0,2.9500041e-05
0,0,0.0014152115
0,0,6.50162e-05
0,0,9.417016e-06
0,0,9.042609e-05
0,0,0.00016040305
0,0,4.4148255e-06
0,0,2.041954e-05
0,0,2.0098369e-05
0,0,2.6011624e-06
0,0,0.00023567921
0,0,0.00019121513
0,0,4.5880533e-05
0,0,5.1167448e-05
0,0,8.367275e-05
0,0,2.5670784e-05
0,0,1.39618405e-05
0,0,2.1779431e-05
0,0,1.0781842e-05
0,0,2.8270637e-05
0,0,3.4176588e-05
0,0,2.4635543e-05
0,0,6.296391e-05
0,0,0.00014973913
0,0,0.0005932777
0,0,1.62354e-05
0,0,2.6995007e-05
0,0,7.092844e-05
0,0,7.0761096e-05
0,0,8.467321e-06
0,0,8.285477e-05
0,0,0.00013549559
0,0,4.1683306e-05
0,0,1.6983058e-05
0,0,2.8326422e-05
0,0,2.7849717e-05
0,0,3.658514e-05
0,0,3.6557904e-06
0,0,2.3143448e-05
0,0,0.00010830962
0,0,7.874057e-06
0,0,0.0005595744
0,0,8.531452e-06
0,0,0.00039051395
0,0,5.9420887e-05
0,0,5.1736308e-05
0,0,2.0946973e-06
0,0,0.00014624123
0,0,0.0003174189
0,0,2.5981428e-05
0,0,0.00013837015
0,0,2.6807167e-05
0,0,3.892915e-06
0,0,5.6830475e-05
0,0,9.73549e-05
0,0,4.4417844e-05
0,0,1.6361657e-05
0,0,5.271055e-05
0,0,9.636481e-06
0,0,0.00034131066
0,0,5.4939916e-05
0,0,7.526852e-05
0,0,1.1215807e-05
0,0,0.000720915
0,0,1.9187584e-05
0,0,2.1238443e-06
0,0,1.7973969e-05
0,0,6.60849e-06
0,0,5.6358724e-05
0,0,8.305909e-06
0,0,2.5565489e-05
0,0,1.4289768e-05
0,0,3.4161923e-05
0,0,4.2547945e-05
0,0,1.2163676e-05
0,0,0.00030367207
0,0,0.00060723646
0,0,7.992473e-06
0,0,1.7192195e-05
0,0,7.6726086e-05
0,0,0.00017625153
0,0,0.00053746026
0,0,2.8143348e-05
0,0,0.000538611
0,0,1.5841975e-05
0,0,0.00017398038
0,0,2.9773086e-05
0,0,1.4292345e-05
0,0,8.418825e-06
0,0,0.00018698159
0,0,1.1267696e-05
0,0,6.265359e-05
0,0,1.6944976e-05
0,0,0.0010348152
0,0,0.00025645594
0,0,4.635997e-05
0,0,1.5518732e-05
0,0,1.7862301e-05
0,0,1.4461326e-05
0,0,0.0001533603
0,0,1.5353009e-05
0,0,0.0017857756
0,0,1.593118e-05
0,0,2.1243559e-05
0,0,3.0805827e-06
0,0,8.203799e-06
0,0,4.575368e-06
0,0,1.5332027e-05
0,0,2.4514708e-05
0,0,4.6734793e-05
0,0,0.00010808542
0,0,1.8513978e-05
0,0,2.5327456e-05
0,0,3.746985e-05
0,0,2.6236065e-05
0,0,7.1347454e-06
0,0,2.28085e-05
0,0,8.269119e-06
0,0,3.145736e-05
0,0,4.1604e-05
0,0,4.587488e-06
0,0,0.00024339037
0,0,0.0002156671
0,0,0.00036649973
0,0,1.17304635e-05
0,0,6.0344253e-05
0,0,4.6754e-05
0,0,2.833918e-06
0,0,5.532448e-06
0,0,0.00010962351
0,0,8.273789e-06
0,0,2.5621332e-05
0,0,1.189776e-05
0,0,0.00018459279
0,0,1.5695401e-05
0,0,6.9665007e-06
0,0,7.8544625e-05
0,0,1.0735763e-05
0,0,0.00017520413
0,0,0.0013156966
0,0,2.3132814e-05
0,0,0.0018198115
0,0,7.180904e-06
0,0,6.281482e-05
0,0,7.389908e-05
0,0,0.0006053538
0,0,5.6610217e-05
0,0,0.00013437746
0,0,0.00011640839
0,0,9.285425e-05
0,0,0.025646484
0,0,5.4249467e-05
0,0,7.31853e-05
0,0,1.2904308e-05
0,0,0.004703555
0,0,4.8359757e-06
0,0,1.0126813e-05
0,0,0.00017170346
0,0,1.4176296e-05
0,0,2.4800383e-05
0,0,5.3138465e-06
0,0,7.4767195e-06
0,0,1.738644e-05
0,0,0.00030587686
0,0,6.199649e-05
0,0,7.456191e-05
0,0,1.8735804e-05
0,0,8.457207e-05
0,0,4.743553e-06
0,0,1.8458324e-05
0,0,1.6701182e-05
0,0,5.7693724e-05
0,0,3.571342e-05
0,0,0.00042164224
0,0,9.321368e-06
0,0,7.793708e-05
0,0,0.00014729518
0,0,1.2772873e-05
0,0,5.8766686e-06
0,0,4.951422e-06
0,0,0.0006987063
0,0,3.3100932e-05
0,0,0.0005079345
0,0,3.527253e-05
0,0,4.5123277e-05
0,0,5.4936925e-05
0,0,4.3910768e-05
0,0,0.0006136374
0,0,2.456036e-05
0,0,1.4216965e-05
0,0,0.00030265265
0,0,3.245744e-05
0,0,2.3789597e-05
0,0,1.810468e-05
0,0,0.00015822018
0,0,0.0016708791
0,0,0.0001515762
0,0,2.1692102e-05
0,0,1.5872054e-05
0,0,1.0216288e-05
0,0,2.0851203e-05
0,0,5.560005e-06
0,0,0.00018829192
0,0,3.9929287e-06
0,0,3.422228e-05
0,0,1.3800853e-05
0,0,1.6382828e-05
0,0,5.3179883e-06
0,0,7.5519056e-06
0,0,1.3328056e-06
0,0,0.003226897
0,0,0.00015944267
0,0,8.3204264e-05
0,0,1.866404e-05
0,0,8.596269e-05
0,0,1.0177837e-05
0,0,2.6062105e-05
0,0,0.00019052811
0,0,2.9007433e-05
0,0,0.00034207257
0,0,1.2427296e-05
0,0,0.0002629536
0,0,1.9493118e-06
0,0,7.5477806e-06
0,0,2.6271742e-05
0,0,4.031265e-05
0,0,8.555845e-05
0,0,0.000121420024
0,0,9.838104e-06
0,0,2.7866135e-05
0,0,3.3504708e-05
0,0,1.8296509e-05
0,0,6.3276316e-06
0,0,8.125475e-05
0,0,2.6483698e-05
0,0,1.5265061e-05
0,0,6.9166654e-06
0,0,2.3977162e-05
0,0,4.2822627e-05
0,0,1.0941502e-05
0,0,4.9483908e-05
0,0,5.631655e-05
0,0,4.0416733e-05
0,0,0.0005985481
0,0,0.00023071385
0,0,3.613721e-05
0,0,7.778523e-05
0,0,8.409829e-06
0,0,6.103882e-05
0,0,2.7692986e-05
0,0,1.6203428e-05
0,0,1.5031153e-05
0,0,0.00030780263
0,0,2.4981522e-05
0,0,0.00027718084
0,0,1.1520057e-05
0,0,0.00013093986
0,0,6.92769e-06
0,0,7.988008e-05
0,0,1.721454e-05
0,0,1.6809889e-05
0,0,1.9658694e-06
0,0,0.00045127491
0,0,5.795373e-06
0,0,0.0002841826
0,0,7.5948345e-05
0,0,1.2454536e-05
0,0,0.00010896297
0,0,4.3447584e-05
0,0,1.3328118e-05
0,0,0.00034995048
0,0,9.978526e-06
0,0,0.00021892815
0,0,2.5775063e-05
0,0,5.8038295e-06
0,0,8.060287e-05
0,0,8.26474e-05
0,0,7.4086506e-06
0,0,2.4518098e-05
0,0,2.0568623e-05
0,0,0.00031921364
0,0,8.154467e-05
0,0,4.120302e-06
0,0,4.766544e-06
0,0,2.2762e-05
0,0,3.975128e-05
0,0,1.0089603e-05
0,0,0.00070926204
0,0,2.7374459e-05
0,0,2.0103334e-05
0,0,0.0003940567
0,0,5.2368403e-05
0,0,0.00015272129
0,0,1.9098257e-05
0,0,5.7190264e-05
0,0,4.4783824e-06
0,0,0.00027758043
0,0,0.00013278263
0,0,0.000120150115
0,0,7.683438e-06
0,0,0.00011760904
0,0,5.7739955e-05
0,0,1.0691344e-06
0,0,5.1804313e-06
0,0,0.00032048003
0,0,2.4146852e-05
0,0,0.00016479102
0,0,8.077268e-05
0,0,9.608328e-06
0,0,1.3143254e-05
0,0,8.500747e-05
0,0,2.1464039e-05
0,0,8.8737825e-06
0,0,8.5529005e-05
0,0,0.00017565695
0,0,7.143019e-07
0,0,2.0876152e-05
0,0,1.9607709e-05
0,0,0.0006407458
0,0,1.2824564e-05
0,0,1.35222745e-05
0,0,0.00017900339
0,0,0.00021096773
0,0,7.36428e-05
0,0,0.0012146947
0,0,1.0597977e-05
0,0,7.533911e-05
0,0,4.139483e-06
0,0,7.402352e-06
0,0,2.5941641e-05
0,0,2.2497185e-05
0,0,0.0007774523
0,0,4.280307e-05
0,0,1.6495816e-05
0,0,2.7186e-05
0,0,5.4062125e-06
0,0,0.00014190329
0,0,0.00013968295
0,0,7.9221325e-05
0,0,7.748747e-05
0,0,9.679263e-06
0,0,3.1318264e-06
0,0,4.5802677e-05
0,0,0.00031251958
0,0,3.9767816e-05
0,0,0.026682187
0,0,1.0166622e-05
0,0,0.0002246371
0,0,4.705225e-05
0,0,7.022192e-05
0,0,5.8687896e-05
0,0,6.876733e-05
0,0,6.580237e-05
0,0,2.404581e-05
0,0,3.4328314e-05
0,0,0.00011091314
0,0,5.3984415e-05
0,0,1.4073571e-05
0,0,4.45085e-05
0,0,3.1361033e-05
0,0,6.206393e-05
0,0,1.9476956e-05
0,0,2.1327738e-05
0,0,1.0373251e-05
0,0,3.2727163e-05
0,0,1.3713162e-05
0,0,5.0104854e-06
0,0,0.008301305
0,0,1.1653583e-05
0,0,3.4627254e-05
0,0,5.3103075e-05
0,0,0.00023058892
0,0,8.2263944e-07
0,0,1.2269158e-05
0,0,0.00027120012
0,0,0.0001768962
0,0,7.33445e-06
0,0,6.927427e-05
0,0,1.6640864e-05
0,0,6.622022e-05
0,0,2.7810465e-05
0,0,3.1928266e-05
0,0,1.8782947e-06
0,0,2.0964235e-05
0,0,3.3487428e-05
0,0,5.167931e-05
0,0,5.989558e-05
0,0,0.00037443562
0,0,7.790832e-05
0,0,9.565048e-06
0,0,3.6511774e-05
0,0,8.671596e-06
0,0,5.884116e-05
0,0,1.8556419e-05
0,0,1.7794258e-05
0,0,4.3330856e-05
0,0,3.795684e-05
0,0,2.8212735e-06
0,0,1.3908338e-05
0,0,2.232978e-05
0,0,7.6267905e-05
0,0,0.00022359323
0,0,4.8368744e-05
0,0,4.2745223e-06
0,0,0.000116929376
0,0,0.00018647025
0,0,9.8422766e-05
0,0,6.362711e-06
0,0,4.1306594e-05
0,0,2.6545798e-05
0,0,0.0028665464
0,0,6.6062035e-05
0,0,5.323668e-05
0,0,4.3096985e-05
0,0,1.5828338e-05
0,0,2.1668593e-05
0,0,0.00019330459
0,0,2.4293242e-05
0,0,3.349385e-05
0,0,7.2118935e-05
0,0,0.0015978364
0,0,5.5690158e-05
0,0,0.0003431678
0,0,7.7440935e-05
0,0,8.0000755e-05
0,0,0.00045436615
0,0,0.00015152503
0,0,4.5531106e-05
0,0,0.00020977504
0,0,9.532084e-06
0,0,3.0655618e-05
0,0,5.5191653e-05
0,0,5.0638787e-06
0,0,0.00013150921
0,0,3.334797e-06
0,0,7.123127e-06
0,0,2.1107971e-05
0,0,0.00034613593
0,0,0.0013056918
0,0,2.1211976e-05
0,0,3.612915e-05
0,0,5.8566515e-05
0,0,5.6994537e-05
0,0,4.3823547e-05
0,0,1.8252329e-05
0,0,0.0018674424
0,0,0.0018111385
0,0,9.3910705e-05
0,0,4.620532e-05
0,0,0.0032833668
0,0,1.1256161e-05
0,0,3.3662185e-05
0,0,0.00020750346
0,0,3.8103797e-05
0,0,3.4943769e-06
0,0,0.0003392913
0,0,0.00033764963
0,0,5.8404104e-05
0,0,1.1326886e-05
0,0,8.957268e-05
0,0,4.72528e-06
0,0,3.031192e-06
0,0,4.229849e-05
0,0,8.239159e-06
0,0,0.00022393951
0,0,1.49048265e-05
0,0,4.9257116e-05
0,0,1.0997617e-05
0,0,3.077868e-05
0,0,4.0379287e-05
0,0,0.00033176946
0,0,7.747355e-06
0,0,0.00048677807
0,0,5.1402934e-05
0,0,7.5172e-06
0,0,2.6473976e-05
0,0,0.00020709078
0,0,1.5353682e-05
0,0,1.5985695e-05
0,0,9.9147155e-06
0,0,2.0789532e-05
0,0,1.8619916e-05
0,0,5.2868625e-05
0,0,1.114738e-05
0,0,8.945786e-05
0,0,0.00023005772
0,0,1.2839115e-05
0,0,4.2596985e-05
0,0,4.0230083e-05
0,0,2.9641946e-05
0,0,5.6210047e-05
0,0,4.464487e-05
0,0,3.9050815e-06
0,0,5.136447e-05
0,0,7.434648e-06
0,0,1.7828507e-06
0,0,6.079768e-05
0,0,4.644548e-06
0,0,1.0163618e-05
0,0,0.00042169046
0,0,3.6054495e-05
0,0,0.0009877449
0,0,4.750763e-05
0,0,7.236274e-05
0,0,0.00032285237
0,0,3.17811e-06
0,0,2.4705532e-06
0,0,0.0001369692
0,0,1.8703222e-05
0,0,7.947659e-06
0,0,6.950441e-05
0,0,8.189861e-06
0,0,1.7115179e-05
0,0,1.7425033e-05
0,0,4.644548e-06
0,0,5.755891e-06
0,0,0.00035431187
0,0,6.12981e-05
0,0,4.5208428e-05
0,0,6.0349434e-05
0,0,0.00023273275
0,0,8.117111e-05
0,0,0.00021401218
0,0,3.2042917e-06
0,0,9.1192356e-05
0,0,7.819444e-06
0,0,1.3612198e-05
0,0,0.0001018487
0,0,5.868437e-05
0,0,3.659488e-06
0,0,4.100045e-06
0,0,2.0926802e-05
0,0,7.1170114e-05
0,0,5.081486e-05
0,0,9.098479e-06
0,0,0.0007100922
0,0,4.6340436e-05
0,0,5.863407e-06
0,0,1.4902425e-05
0,0,6.6155326e-06
0,0,1.550984e-05
0,0,4.685948e-05
0,0,0.000395112
0,0,1.2381339e-05
0,0,0.00014155301
0,0,8.3646855e-06
0,0,2.7659694e-06
0,0,3.0267292e-05
0,0,7.6857605e-06
0,0,0.00014568647
0,0,1.8817294e-05
0,0,9.296916e-05
0,0,9.078733e-05
0,0,3.2451746e-05
0,0,2.3923007e-05
0,0,3.2578537e-05
0,0,2.2248772e-05
0,0,4.2950844e-05
0,0,3.1551979e-06
0,0,0.00012075322
0,0,2.0418916e-05
0,0,0.0003054584
0,0,2.2080896e-05
0,0,0.00022651297
0,0,3.9663166e-05
0,0,8.1849284e-05
0,0,7.123996e-06
0,0,4.089427e-05
0,0,1.3039581e-05
0,0,0.0001240335
0,0,0.009899008
0,0,3.1687454e-05
0,0,3.025191e-05
0,0,1.4446798e-05
0,0,0.0005033483
0,0,1.5546417e-05
0,0,1.5817564e-05
0,0,1.6248736e-05
0,0,2.2060523e-05
0,0,0.00025599814
0,0,3.715707e-05
0,0,6.199484e-05
0,0,0.0012442933
0,0,4.4618057e-05
0,0,3.3857748e-06
0,0,0.000102146616
0,0,2.121481e-05
0,0,1.7766197e-05
0,0,0.0002683549
0,0,5.2240002e-06
0,0,6.2808517e-06
0,0,7.772791e-06
0,0,9.757551e-06
0,0,7.146466e-05
0,0,1.7568682e-05
0,0,1.8767117e-06
0,0,2.0515572e-05
0,0,0.00036500546
0,0,2.7544464e-05
0,0,2.0567368e-05
0,0,0.00010126996
0,0,4.709921e-05
0,0,4.2708314e-05
0,0,1.858729e-05
0,0,3.7904898e-05
0,0,4.7340796e-05
0,0,4.286058e-05
0,0,0.00010807728
0,0,7.716333e-05
0,0,9.4205025e-06
0,0,0.0004674833
0,0,1.5332262e-05
0,0,8.195863e-05
0,0,3.5011e-05
0,0,1.2400327e-05
0,0,0.00011560463
0,0,4.5683832e-06
0,0,1.2127607e-05
0,0,0.00013591212
0,0,9.073264e-06
0,0,4.4495515e-05
0,0,8.449736e-06
0,0,4.286103e-05
0,0,4.2880733e-06
0,0,3.004754e-05
0,0,8.4855255e-06
0,0,4.2143678e-05
0,0,2.6605814e-05
0,0,1.0588521e-05
0,0,0.00010369262
0,0,0.000268382
0,0,7.5102755e-05
0,0,7.4379736e-06
0,0,2.916454e-05
0,0,2.8895836e-05
0,0,3.4201596e-05
0,0,0.0009661645
0,0,0.0033574752
0,0,1.1625659e-06
0,0,3.486706e-05
0,0,0.00034245534
0,0,0.00022163667
0,0,5.5712203e-06
0,0,4.456197e-05
0,0,8.0659534e-05
0,0,1.2010827e-05
0,0,2.9734128e-05
0,0,1.1497359e-05
0,0,1.1778959e-05
0,0,0.0020789516
0,0,2.3927754e-05
0,0,6.7583173e-06
0,0,1.1952553e-05
0,0,5.223527e-06
0,0,0.00012293409
0,0,5.4303696e-06
0,0,2.4795772e-05
0,0,1.2755806e-05
0,0,7.598457e-05
0,0,2.3227633e-06
0,0,1.89243e-05
0,0,0.00025016625
0,0,1.0647109e-05
0,0,4.4096792e-05
0,0,0.000116074305
0,0,2.4683422e-05
0,0,0.00060384546
0,0,0.0001860724
0,0,6.928331e-05
0,0,1.707097e-05
0,0,3.423155e-05
0,0,1.15602825e-05
0,0,5.522424e-05
0,0,9.420035e-06
0,0,2.4795796e-05
0,0,7.960212e-06
0,0,7.5817807e-06
0,0,5.1163544e-05
0,0,1.3698485e-05
0,0,4.8529113e-05
0,0,1.8302757e-05
0,0,2.4114795e-05
0,0,8.5129475e-05
0,0,0.000120091114
0,0,9.238412e-05
0,0,3.1172884e-05
0,0,9.292956e-06
0,0,6.3790314e-05
0,0,5.1467046e-06
0,0,0.0017051517
0,0,0.00014177265
0,0,0.00013830326
0,0,0.00046390563
0,0,2.9037688e-05
0,0,1.2570945e-06
0,0,1.891472e-05
0,0,0.00023428342
0,0,1.4208549e-05
0,0,0.00032291302
0,0,0.00031651233
0,0,0.00021490577
0,0,2.7505073e-06
0,0,0.0009341666
0,0,2.527401e-05
0,0,9.307803e-06
0,0,0.0009239797
0,0,3.6457945e-06
0,0,5.9276244e-06
0,0,1.3164104e-05
0,0,0.000102000326
0,0,0.00011916555
0,0,2.133848e-05
0,0,1.0222096e-05
0,0,1.693848e-05
0,0,9.783904e-05
0,0,1.9864108e-05
0,0,2.0563895e-05
0,0,0.00024419485
0,0,3.9388047e-05
0,0,0.00046493666
0,0,1.4030634e-05
0,0,0.00012141747
0,0,1.16829715e-05
0,0,0.0016863332
0,0,3.6228466e-06
0,0,0.0002386814
0,0,1.6989165e-05
0,0,0.0014140307
0,0,1.6027963e-05
0,0,0.00048151822
0,0,5.2556006e-05
0,0,0.0013513763
0,0,1.3781664e-05
0,0,0.00012246269
0,0,0.00010973019
0,0,8.791517e-05
0,0,0.000701417
0,0,0.00022932889
0,0,0.0004810966
0,0,4.3355078e-05
0,0,6.004462e-06
0,0,7.4057665e-05
0,0,1.2148315e-05
0,0,0.00012305699
0,0,6.9532052e-06
0,0,1.6256517e-05
0,0,0.0011760892
0,0,0.00010918826
0,0,1.598696e-05
0,0,1.8807805e-05
0,0,1.2186376e-05
0,0,7.346602e-06
0,0,7.210676e-05
0,0,2.8264089e-05
0,0,5.3044263e-05
0,0,0.00022408518
0,0,0.00012306932
0,0,0.0003851349
0,0,1.3707724e-05
0,0,0.00026265444
0,0,0.00091273506
0,0,2.7297581e-05
0,0,1.427273e-06
0,0,0.00017349434
0,0,9.720215e-06
0,0,0.00026878685
0,0,4.4529916e-06
0,0,7.320896e-05
0,0,6.362434e-05
0,0,1.3006e-05
0,0,4.9372855e-05
0,0,5.5265527e-06
0,0,6.754869e-05
0,0,1.5105332e-05
0,0,7.250973e-05
0,0,4.879646e-05
0,0,0.00011298512
0,0,0.00077191234
0,0,5.6432873e-06
0,0,1.5872234e-05
0,0,1.3757245e-06
0,0,1.2257053e-05
0,0,6.0332342e-05
0,0,0.00032160114
0,0,1.21710555e-05
0,0,0.00074815913
0,0,0.0003046894
0,0,6.195057e-05
0,0,7.2643584e-06
0,0,8.052796e-05
0,0,9.97943e-06
0,0,6.308736e-06
0,0,2.642232e-05
0,0,7.882939e-05
0,0,2.3300594e-05
0,0,0.000112000605
0,0,7.397967e-05
0,0,1.4498568e-05
0,0,2.5681577e-06
0,0,7.27303e-06
0,0,0.00032735485
0,0,1.0081735e-05
0,0,1.5886257e-05
0,0,2.4934182e-06
0,0,0.00017875659
0,0,0.00010097374
0,0,1.9609486e-05
0,0,5.2274336e-06
0,0,1.7278719e-05
0,0,1.3711829e-05
0,0,1.6798318e-05
0,0,2.231724e-05
0,0,0.00032161342
0,0,8.952058e-05
0,0,0.00048940163
0,0,1.4688957e-05
0,0,2.3729734e-05
0,0,8.367275e-05
0,0,0.006738054
0,0,9.580111e-06
0,0,8.460057e-06
0,0,2.8329254e-05
0,0,9.748101e-06
0,0,9.972371e-06
0,0,6.6383286e-06
0,0,5.6564837e-05
0,0,4.566751e-05
0,0,1.6640119e-05
0,0,9.103929e-06
0,0,0.00020161975
0,0,0.00017310074
0,0,3.0459007e-05
0,0,0.00013288205
0,0,3.3664015e-05
0,0,0.0011367422
0,0,0.00026558634
0,0,2.8428092e-05
0,0,0.00033732675
0,0,4.224955e-05
0,0,1.5499312e-05
0,0,7.523702e-05
0,0,0.00036582988
0,0,3.5636906e-05
0,0,0.00039630785
0,0,2.8559909e-05
0,0,0.00018457766
0,0,1.1274671e-05
0,0,1.5085878e-06
0,0,8.980368e-05
0,0,2.843864e-05
0,0,0.00010235196
0,0,6.596528e-05
0,0,0.00019171352
0,0,0.00015647753
0,0,1.7683573e-05
0,0,1.1706783e-05
0,0,4.4842254e-05
0,0,4.836801e-05
0,0,8.549941e-06
0,0,0.00042874372
0,0,2.974777e-05
0,0,7.630799e-05
0,0,0.000107179265
0,0,5.4048155e-06
0,0,7.480528e-06
0,0,9.327846e-05
0,0,3.191807e-05
0,0,0.00023273697
0,0,4.950119e-06
0,0,3.5126912e-05
0,0,3.2526946e-06
0,0,3.819067e-05
0,0,3.5579793e-05
0,0,9.388618e-05
0,0,6.5966706e-06
0,0,3.395642e-05
0,0,0.00033670972
0,0,2.689079e-05
0,0,1.150337e-05
0,0,9.4251745e-06
0,0,1.7793545e-05
0,0,1.5494139e-05
0,0,5.1177205e-05
0,0,1.1398307e-05
0,0,4.450226e-05
0,0,1.833443e-05
0,0,4.7775455e-05
0,0,1.193327e-05
0,0,2.7862869e-05
0,0,1.1590419e-05
0,0,0.00012280192
0,0,0.00025851218
0,0,0.00042735104
0,0,7.781194e-05
0,0,2.3906814e-05
0,0,4.082339e-06
0,0,7.064257e-05
0,0,0.00020759845
0,0,1.0930427e-05
0,0,2.0906915e-05
0,0,4.216974e-06
0,0,5.3230774e-06
0,0,0.00011730752
0,0,1.4351238e-05
0,0,2.6855401e-05
0,0,1.8837567e-05
0,0,2.0471325e-05
0,0,0.00025710202
0,0,9.194392e-06
0,0,2.4165005e-05
0,0,0.0011207926
0,0,8.930894e-06
0,0,1.62993e-05
0,0,6.7026936e-06
0,0,6.0876988e-05
0,0,3.1477946e-05
0,0,3.184422e-05
0,0,8.522695e-05
0,0,0.00036196306
0,0,0.00011970582
0,0,1.7348444e-05
0,0,3.7757345e-05
0,0,0.00083152665
0,0,8.361085e-05
0,0,1.2978184e-05
0,0,5.2497253e-05
0,0,8.837974e-06
0,0,3.470044e-05
1,1,0.9958099
0,0,1.4608713e-05
0,0,0.00010058319
0,0,3.8618173e-06
0,0,0.00017543984
0,0,3.250291e-05
0,0,5.681199e-05
0,0,2.4076076e-05
0,0,6.300409e-05
0,0,2.015234e-05
0,0,4.821847e-06
0,0,1.0838387e-05
0,0,5.748995e-06
0,0,4.059036e-05
0,0,7.4170675e-05
0,0,1.6726111e-05
0,0,7.426895e-06
0,0,2.2114264e-06
0,0,1.3836152e-06
0,0,4.804368e-06
0,0,2.0619784e-05
0,0,0.00066991936
0,0,3.3375109e-06
0,0,9.12663e-05
0,0,1.5316566e-05
0,0,4.2776952e-05
0,0,1.2573123e-05
0,0,0.00022915336
0,0,0.00016150514
0,0,4.405749e-06
0,0,4.665486e-05
0,0,0.0007606039
0,0,4.9427745e-06
0,0,4.9144885e-05
0,0,4.967124e-06
0,0,0.00015851478
0,0,8.060383e-06
0,0,0.0021725078
0,0,1.9641246e-05
0,0,1.512407e-05
0,0,9.00756e-06
0,0,7.725315e-05
0,0,3.1668358e-05
0,0,1.3461492e-05
0,0,4.2012507e-06
0,0,1.2248324e-05
0,0,0.00042154072
0,0,2.5888483e-05
0,0,7.852163e-05
0,0,1.259726e-05
0,0,0.00013451862
0,0,8.589673e-05
0,0,3.0835527e-05
0,0,4.5483816e-06
0,0,5.818399e-06
0,0,1.5283385e-05
0,0,2.3939578e-05
0,0,0.000179323
0,0,7.562298e-06
0,0,8.015142e-05
0,0,4.2294618e-05
0,0,1.5108026e-05
0,0,7.616509e-06
0,0,7.5215453e-06
0,0,3.3300334e-05
0,0,9.082387e-05
0,0,5.959156e-06
0,0,1.1877625e-05
0,0,2.502826e-05
0,0,8.016236e-06
0,0,7.421787e-05
0,0,0.00023451452
0,0,5.163784e-06
0,0,0.0024323089
0,0,2.5498797e-05
0,0,0.0022911984
0,0,2.7789363e-05
0,0,0.00037944608
0,0,1.29001e-05
0,0,1.0698479e-05
0,0,1.2969524e-05
0,0,5.3469093e-06
0,0,1.0479293e-05
0,0,4.429848e-06
0,0,2.2322987e-05
0,0,1.6057307e-05
0,0,1.6599512e-05
0,0,3.048568e-05
0,0,1.6311786e-05
0,0,0.00010475962
0,0,0.00014368437
0,0,6.5583925e-05
0,0,1.6954076e-05
0,0,5.7191214e-06
0,0,4.398142e-06
0,0,7.448361e-05
0,0,0.012832475
0,0,9.79179e-06
0,0,0.00012253429
0,0,9.202849e-06
0,0,5.9476664e-05
0,0,1.7426728e-05
0,0,3.500946e-05
0,0,1.0123482e-05
0,0,7.981012e-05
0,0,6.400694e-05
0,0,4.7540536e-05
0,0,0.000108163986
0,0,1.0366091e-05
0,0,2.6079857e-05
0,0,2.7866854e-05
0,0,1.2388331e-05
0,0,5.842308e-06
0,0,6.875192e-05
0,0,7.499707e-06
0,0,0.0021829365
0,0,0.00016803957
0,0,5.8391855e-05
0,0,0.00019939824
0,0,1.8088509e-05
0,0,3.0886386e-05
0,0,1.9102921e-05
0,0,9.376413e-06
0,0,1.9335434e-05
0,0,6.385416e-05
0,0,5.2471074e-05
0,0,1.0263102e-05
0,0,1.6168096e-05
0,0,6.6444714e-05
0,0,2.9600506e-05
0,0,1.836071e-05
0,0,0.0005040332
0,0,1.2745774e-05
