actual,predicted,probability
0,0,4.519308e-05
0,0,3.6269328e-06
0,0,3.524505e-06
0,0,4.34183e-05
0,0,8.4978456e-05
0,0,2.4880737e-05
0,0,0.002603397
0,0,5.4346394e-05
0,0,2.6072198e-06
0,0,5.225654e-06
0,0,2.6707956e-05
0,0,4.504103e-05
0,0,3.775324e-05
0,0,8.6825494e-05
0,0,8.72496e-06
0,0,2.3236398e-05
0,0,0.001496681
0,0,6.798087e-05
0,0,6.5434697e-06
0,0,2.383556e-05
0,0,0.0006112398
0,0,1.02133845e-05
0,0,2.0013696e-05
0,0,0.00023100726
0,0,4.576852e-06
0,0,2.165341e-05
0,0,1.48335575e-05
0,0,0.0053106383
0,0,1.7462646e-05
0,0,1.5011442e-05
0,0,1.0948319e-05
0,0,1.832922e-05
0,0,2.5118572e-05
0,0,3.3438955e-06
0,0,0.00027461775
0,0,0.0011881301
0,0,4.248109e-05
0,0,5.732043e-05
0,0,1.4412614e-05
0,0,2.0476715e-05
0,0,1.6226577e-05
0,0,0.0012297467
0,0,4.0789884e-05
0,0,8.6560874e-05
0,0,0.00019901134
0,0,2.1091131e-05
0,0,6.61554e-05
0,0,6.38581e-06
0,0,4.1223298e-06
0,0,2.8101056e-05
0,0,6.876847e-06
0,0,2.102077e-05
0,0,6.693051e-05
0,0,0.0012376227
0,0,3.6100322e-05
0,0,2.624332e-05
0,0,1.4009295e-05
0,0,2.4459712e-05
0,0,0.00036578783
0,0,5.1416564e-06
0,0,6.4419673e-06
0,0,0.00058347284
0,0,0.00024253814
0,0,2.1525164e-05
0,0,0.00010798292
0,0,1.2451769e-05
0,0,1.6665766e-05
0,0,1.8253253e-05
0,0,0.00012042539
0,0,8.645355e-05
0,0,0.0001605596
0,0,7.897679e-06
0,0,3.2384534e-05
0,0,3.3095344e-05
0,0,7.4416494e-06
0,0,0.0005104544
0,0,5.1504507e-05
0,0,1.680423e-05
0,0,3.0881492e-05
0,0,1.8774024e-05
0,0,0.00010451477
0,0,1.3785266e-05
0,0,2.4173049e-05
0,0,2.7677117e-05
0,0,0.0011879938
0,0,6.0401912e-06
0,0,3.652811e-05
0,0,7.559343e-05
0,0,9.484025e-06
0,0,0.00013010699
0,0,2.1503069e-05
0,0,7.0479466e-05
0,0,7.711345e-05
0,0,1.8110395e-05
0,0,0.00066615955
0,0,0.00046190823
0,0,2.1521018e-05
0,0,6.615458e-05
0,0,1.9119561e-05
0,0,1.598263e-05
0,0,1.4150183e-06
0,0,0.00038864958
0,0,9.894361e-06
0,0,4.285694e-06
0,0,1.7964938e-05
0,0,4.7615173e-05
0,0,3.292474e-06
0,0,0.00029546148
0,0,6.9213565e-06
0,0,1.6127287e-05
0,0,5.6489527e-05
0,0,1.5722771e-05
0,0,2.7696497e-05
0,0,1.4529033e-05
0,0,0.0004543781
0,0,2.394065e-06
0,0,4.288732e-05
0,0,0.008806383
0,0,4.605052e-05
0,0,1.6664224e-05
0,0,7.800146e-05
0,0,3.1414256e-06
0,0,1.793724e-05
0,0,9.463976e-06
0,0,6.157428e-05
0,0,8.847858e-05
0,0,7.2710805e-05
0,0,2.716776e-06
0,0,0.00038173312
0,0,1.8684932e-05
0,0,1.4707726e-05
0,0,2.2162378e-06
0,0,1.0336309e-05
0,0,1.7317154e-05
0,0,5.160407e-06
0,0,2.4869327e-05
0,0,0.00030222535
0,0,0.0007967554
0,0,1.6822285e-05
0,0,6.965051e-05
0,0,6.396794e-06
0,0,0.0039080186
0,0,0.00011699898
0,0,1.5840253e-05
0,0,5.208129e-05
0,0,3.236209e-05
0,0,2.1576072e-05
0,0,0.00016338991
0,0,9.653023e-05
0,0,4.8787733e-06
0,0,4.469113e-05
0,0,1.1922692e-05
0,0,2.0817208e-05
0,0,9.796095e-06
0,0,1.8864963e-05
0,0,2.2619679e-05
0,0,0.0003484436
0,0,6.170942e-05
0,0,7.002004e-05
0,0,3.3414886e-05
0,0,2.2095179e-05
0,0,1.7555685e-05
0,0,2.0424994e-05
0,0,0.00012894956
0,0,2.8749524e-05
0,0,1.839385e-05
0,0,2.2186374e-05
0,0,0.00039067445
0,0,9.831863e-05
0,0,9.334012e-05
0,0,1.1654716e-05
0,0,4.750751e-06
0,0,3.8146445e-05
0,0,0.0029357767
0,0,0.00010466108
0,0,7.390218e-05
0,0,9.190281e-06
0,0,4.1314153e-05
0,0,1.604872e-05
0,0,0.00041678365
0,0,2.8476092e-05
0,0,0.0011603251
0,0,0.00012499104
0,0,6.133765e-06
0,0,1.5516023e-05
0,0,1.4225605e-05
0,0,2.4208322e-05
0,0,1.5120753e-05
0,0,4.964794e-06
0,0,4.830638e-05
0,0,1.35685195e-05
0,0,3.8455448e-05
0,0,2.4708104e-05
0,0,0.00028549807
0,0,2.2401913e-05
0,0,3.175803e-05
0,0,3.3318533e-06
0,0,0.0003905104
0,0,0.000111178815
0,0,0.0001676561
0,0,3.192043e-06
0,0,1.0995771e-05
0,0,0.00033665245
0,0,9.955562e-06
0,0,7.3541254e-05
0,0,2.7312528e-05
0,0,1.6872895e-05
0,0,8.678758e-05
0,0,1.8504994e-05
0,0,2.402729e-05
0,0,1.1538475e-05
0,0,1.1242355e-06
0,0,0.00010742688
0,0,3.9314382e-05
0,0,0.00070650893
0,0,0.036728196
0,0,0.00018088592
0,0,2.5116487e-05
0,0,5.635168e-05
0,0,5.7769257e-06
0,0,2.81206e-06
0,0,0.00021955589
0,0,3.9102528e-05
0,0,5.6466356e-06
0,0,1.4877234e-05
0,0,1.8759027e-05
0,0,8.744744e-06
0,0,7.0048536e-06
0,0,4.70663e-05
0,0,8.4799154e-05
0,0,3.489976e-05
0,0,4.346735e-05
0,0,8.476136e-06
0,0,9.7635175e-06
0,0,3.1138658e-05
0,0,2.51684e-05
0,0,8.722464e-06
0,0,8.925019e-06
0,0,9.811644e-06
0,0,9.291315e-05
0,0,4.8318958e-05
0,0,4.682964e-05
0,0,2.1003218e-05
0,0,7.924499e-06
0,0,0.000103063096
0,0,5.807255e-05
0,0,0.00046950747
0,0,2.3220824e-05
0,0,1.5664478e-05
0,0,0.00012236592
0,0,2.7961194e-05
0,0,0.0006165589
0,0,1.4926983e-06
0,0,3.3651982e-06
0,0,2.7751385e-05
0,0,1.2785767e-05
0,0,1.9192781e-05
0,0,0.00013309775
0,0,4.513167e-06
0,0,1.5485542e-05
0,0,0.0095422
0,0,4.438122e-05
0,0,6.171258e-06
0,0,0.00020249942
0,0,0.00014648002
0,0,5.704039e-06
0,0,6.3794214e-05
0,0,6.6522584e-06
0,0,2.1604856e-05
0,0,0.00017637225
1,0,0.45047256
0,0,2.4646e-05
0,0,3.2187945e-05
0,0,5.671083e-06
0,0,2.971967e-05
0,0,4.3101763e-06
0,0,0.00013343363
0,0,2.8538263e-05
0,0,3.859005e-05
0,0,2.250989e-05
0,0,1.4449374e-05
0,0,6.8293666e-05
0,0,2.2379578e-05
0,0,1.3101907e-05
0,0,7.642939e-05
0,0,0.000470192
0,0,2.1134198e-05
0,0,1.4676243e-05
0,0,0.00034338378
0,0,0.00023431156
0,0,8.869857e-06
0,0,2.583139e-05
0,0,4.31588e-05
0,0,4.756162e-05
0,0,2.6516664e-06
0,0,0.00017854807
0,0,2.4677774e-05
0,0,1.2279271e-05
0,0,8.7959444e-05
0,0,0.000108536144
0,0,0.0007959976
0,0,7.188606e-06
0,0,1.842273e-05
0,0,9.098461e-06
0,0,0.00027816326
0,0,0.0015826299
0,0,0.00015033371
0,0,0.0006393401
0,0,1.9192335e-06
0,0,1.1509054e-05
0,0,0.00083834556
0,0,7.4385156e-05
0,0,1.8694056e-05
0,0,4.1766747e-05
0,0,3.9517057e-05
0,0,8.90363e-06
0,0,6.6514212e-06
0,0,3.2052525e-05
0,0,0.000105729596
0,0,2.3552844e-05
0,0,0.11597856
0,0,1.4855713e-05
0,0,1.0100318e-05
0,0,0.00042912687
0,0,0.00014382995
0,0,2.2582026e-05
0,0,3.877124e-05
1,1,0.99782723
0,0,7.948337e-05
0,0,0.00026304187
0,0,9.518228e-05
0,0,0.00052826613
0,0,4.474717e-05
0,0,9.995937e-06
0,0,0.0018328959
0,0,8.89922e-05
0,0,0.00014086146
0,0,3.0163239e-05
0,0,1.284002e-05
0,0,1.4581031e-05
0,0,1.25320985e-05
0,0,7.666764e-06
0,0,0.00015762824
0,0,1.9266998e-05
0,0,3.9583625e-05
0,0,3.0187039e-06
0,0,3.0761894e-05
0,0,4.6475063e-05
0,0,2.2840128e-05
0,0,7.90042e-05
0,0,0.00055369304
0,0,3.894021e-05
0,0,3.6368663e-06
0,0,1.2549404e-05
0,0,1.9750642e-06
0,0,8.402336e-05
0,0,1.6456299e-05
0,0,0.0001670021
0,0,3.9155402e-05
0,0,2.8556478e-05
0,0,4.8500387e-05
0,0,3.440113e-05
0,0,0.00033602203
0,0,1.2477386e-05
0,0,8.49538e-06
0,0,0.0015726696
0,0,1.7060114e-05
0,0,1.2584112e-05
0,0,6.6957065e-05
0,0,2.869269e-05
0,0,0.00011011707
0,0,1.7884306e-05
0,0,4.785373e-06
0,0,1.4905638e-05
0,0,2.0946375e-06
0,0,0.0047019077
0,0,0.0005097849
0,0,8.668015e-05
0,0,4.349951e-06
0,0,1.4200204e-05
0,0,8.062498e-06
0,0,1.673061e-05
0,0,5.2898482e-05
0,0,9.073973e-06
0,0,0.0001492428
0,0,8.358327e-05
0,0,1.1995032e-05
0,0,0.0004141169
0,0,5.671818e-05
0,0,6.563654e-05
0,0,1.8947505e-05
0,0,2.4538305e-05
0,0,5.8270894e-06
0,0,0.0001465584
0,0,2.452681e-06
0,0,0.00288255
0,0,0.00010701555
0,0,0.00017504467
0,0,7.0369656e-06
0,0,6.14271e-06
0,0,5.1055827e-05
0,0,0.00014944757
0,0,2.1416907e-05
0,0,2.4184394e-05
0,0,3.4364803e-05
0,0,0.0003182173
0,0,2.4170398e-05
0,0,0.00014320237
0,0,3.7267992e-06
0,0,0.00013536644
0,0,0.00059360376
0,0,3.528935e-05
0,0,1.600206e-05
0,0,0.00015606091
0,0,7.266062e-05
0,0,3.2153708e-05
0,0,0.00016734673
0,0,0.00021550574
0,0,2.186367e-06
0,0,0.00014878044
0,0,0.00016919475
0,0,5.9357253e-06
0,0,1.6812326e-05
0,0,5.727068e-06
0,0,6.1664185e-05
0,0,2.8537992e-05
0,0,0.0022634442
0,0,0.00011529848
0,0,1.342365e-05
0,0,7.9276644e-05
0,0,2.8607308e-05
0,0,6.5926855e-05
0,0,3.923917e-05
0,0,6.884338e-05
0,0,0.0016339965
0,0,6.6514212e-06
0,0,1.2649149e-06
0,0,6.984788e-06
0,0,9.439918e-06
0,0,9.0951966e-05
0,0,1.3232373e-05
0,0,0.000177256
0,0,1.4726856e-05
0,0,8.0889615e-05
0,0,9.468718e-05
0,0,9.23198e-06
0,0,9.492622e-06
0,0,5.4096603e-05
0,0,7.754986e-05
0,0,7.666128e-06
0,0,1.4392081e-05
0,0,0.0002534184
0,0,0.0007533335
0,0,9.177992e-05
0,0,1.1873367e-05
0,0,3.8992046e-05
0,0,1.7093369e-05
0,0,6.6429398e-06
0,0,1.2462675e-05
0,0,3.5870305e-06
0,0,0.0079668965
0,0,2.9118296e-06
0,0,8.675664e-05
0,0,7.966974e-05
0,0,3.500267e-06
0,0,8.5907865e-05
0,0,4.8938764e-06
0,0,1.0078448e-05
0,0,3.076556e-05
0,0,2.6464888e-05
0,0,7.539308e-05
0,0,0.0066122287
0,0,1.8036248e-05
0,0,1.1956384e-05
0,0,4.981823e-05
0,0,7.540984e-05
0,0,0.00010039824
0,0,5.9244976e-05
0,0,0.00029053344
0,0,2.7353244e-05
0,0,3.5253959e-06
0,0,0.00010537037
0,0,2.1103995e-06
0,0,8.053437e-06
0,0,3.1114643e-05
0,0,1.473381e-05
0,0,8.847765e-06
0,0,1.111302e-05
0,0,1.4070967e-05
0,0,1.3446532e-05
0,0,3.2902062e-05
0,0,3.2882395e-05
0,0,5.032725e-06
0,0,2.300403e-05
0,0,9.752434e-06
0,0,6.353776e-05
0,0,1.5607115e-05
0,0,7.836425e-05
0,0,3.0398038e-05
0,0,6.309374e-06
0,0,4.6262106e-05
0,0,5.356402e-06
0,0,2.8888398e-05
0,0,1.0566641e-05
0,0,7.4059644e-05
0,0,3.645096e-05
0,0,5.4559664e-06
0,0,3.3632286e-06
0,0,1.3765771e-05
0,0,0.00045409208
0,0,4.8231075e-05
0,0,2.015647e-05
0,0,0.000273854
0,0,7.178219e-05
0,0,7.97939e-05
0,0,6.469568e-06
0,0,2.1314074e-05
0,0,1.6443373e-05
0,0,6.401347e-05
0,0,2.3528037e-05
0,0,0.00072169345
0,0,1.2995598e-05
0,0,5.518134e-05
0,0,4.3012697e-06
0,0,2.1560214e-05
0,0,0.00018486968
0,0,0.0009823284
0,0,2.697478e-05
0,0,4.5490933e-06
0,0,3.1576834e-05
0,0,5.8808955e-06
0,0,2.0120653e-05
0,0,6.881013e-06
0,0,1.5677882e-05
0,0,4.106066e-05
0,0,0.00014124089
0,0,9.462154e-06
0,0,5.8728987e-05
0,0,0.00016570475
0,0,5.7640325e-05
0,0,1.27579715e-05
0,0,0.00022469684
0,0,0.00029935624
0,0,0.00018454545
0,0,1.9400395e-05
0,0,7.269605e-06
0,0,0.00014757313
0,0,0.00024493007
0,0,6.517809e-06
0,0,0.00014251513
0,0,7.93019e-05
0,0,0.0040745684
0,0,2.3254408e-06
0,0,1.1562708e-05
0,0,0.00027970545
0,0,0.0010012491
0,0,1.4328319e-05
0,0,1.4630073e-05
0,0,5.492447e-06
0,0,5.3205144e-06
0,0,2.347792e-05
0,0,2.0845695e-05
0,0,1.9188315e-05
0,0,0.00021653972
0,0,0.00010261151
0,0,4.1686922e-05
0,0,0.0005172101
0,0,0.00014276513
0,0,2.7191292e-05
0,0,8.992685e-06
0,0,3.0389923e-05
0,0,1.9955854e-05
0,0,1.35294085e-05
0,0,8.604033e-06
0,0,2.2875527e-05
0,0,7.1866934e-06
0,0,5.2521686e-05
0,0,3.942307e-05
0,0,8.956029e-06
0,0,0.00016079094
0,0,8.64872e-06
0,0,0.00023306652
0,0,8.3633695e-06
0,0,2.2252123e-05
0,0,4.595559e-05
0,0,3.4974924e-05
0,0,1.647731e-05
0,0,1.7280481e-05
0,0,0.000116967734
0,0,8.6938635e-06
0,0,2.4994937e-05
0,0,0.00012920778
0,0,5.667006e-06
0,0,5.3849817e-06
0,0,6.7506908e-06
0,0,2.0284551e-05
0,0,0.00011907399
0,0,0.00016284242
0,0,4.0591317e-06
0,0,0.00045155422
0,0,5.6700712e-05
0,0,6.036054e-05
0,0,0.00028322265
0,0,3.3366166e-05
0,0,2.4273675e-05
0,0,6.781062e-06
0,0,2.7732336e-05
0,0,5.069866e-06
0,0,3.2382402e-05
0,0,2.4811596e-05
0,0,4.9945527e-05
0,0,7.326148e-05
0,0,1.7311804e-05
0,0,1.0558854e-05
0,0,5.4769125e-06
0,0,5.9484873e-06
0,0,0.0005718553
0,0,1.3994205e-05
0,0,1.5919304e-05
0,0,6.096e-05
0,0,7.578506e-05
0,0,2.2576232e-05
0,0,0.00013295581
0,0,1.715793e-05
0,0,1.6682305e-05
0,0,2.9343678e-06
0,0,0.000194904
0,0,0.0006408002
0,0,0.00010414498
0,0,1.7315222e-05
0,0,5.626593e-05
0,0,2.479603e-05
0,0,2.341834e-06
0,0,0.00019356224
0,0,3.0511458e-06
0,0,1.534111e-06
0,0,0.0001439522
0,0,1.4791378e-05
0,0,0.0005479204
0,0,1.3418018e-05
0,0,0.00056289445
0,0,6.0900443e-06
0,0,7.874329e-05
0,0,0.0004628098
0,0,1.8077144e-05
0,0,4.4488106e-06
0,0,3.3602337e-05
0,0,9.813084e-05
0,0,3.905244e-05
0,0,4.1908745e-05
0,0,4.057263e-05
0,0,9.669908e-06
0,0,9.716054e-06
0,0,0.00010304934
0,0,0.0001068734
0,0,1.5676329e-05
0,0,0.00021816029
0,0,9.115589e-06
0,0,4.6678313e-05
0,0,3.3552606e-05
0,0,0.000517803
0,0,0.00023091499
0,0,5.317463e-05
0,0,3.2775573e-05
0,0,0.00011839749
0,0,2.3602512e-05
0,0,0.0002979346
0,0,4.276509e-05
0,0,2.8739465e-05
0,0,0.00060198456
0,0,0.00011530397
0,0,0.00013611004
0,0,1.3252857e-05
0,0,9.470893e-06
0,0,1.6174388e-05
0,0,2.8180893e-05
0,0,9.451818e-06
0,0,1.3505121e-05
0,0,0.0005819028
0,0,1.0441844e-05
0,0,1.8733677e-05
0,0,3.571176e-06
0,0,1.9048146e-05
0,0,2.2445045e-05
0,0,1.8126966e-05
0,0,0.00014378401
0,0,3.3969911e-06
0,0,2.2167149e-05
0,0,7.752404e-06
0,0,0.00036636228
0,0,5.9084345e-05
0,0,4.975008e-06
0,0,6.484499e-05
0,0,3.1035656e-06
0,0,6.653058e-06
0,0,1.1153026e-05
0,0,9.1892536e-05
0,0,4.838503e-05
0,0,2.6033513e-05
0,0,0.0003230399
0,0,2.1114376e-05
0,0,3.2620785e-05
0,0,0.00014084655
0,0,0.00020435137
0,0,0.00010554132
0,0,2.3827539e-05
0,0,1.8361796e-05
0,0,9.157665e-06
0,0,9.748654e-05
0,0,4.907318e-06
0,0,0.0007921254
0,0,0.00075209286
0,0,2.3815544e-05
0,0,0.000114399896
0,0,0.001127064
0,0,2.9004111e-06
0,0,8.394712e-05
0,0,0.00014903872
0,0,5.6118324e-06
0,0,1.9353089e-05
0,0,1.2599891e-05
0,0,2.0357942e-05
0,0,8.796372e-05
0,0,0.00022232962
0,0,8.294899e-06
0,0,3.7412112e-05
0,0,5.0213297e-05
0,0,7.898115e-05
0,0,1.8571573e-05
0,0,2.3673723e-05
0,0,1.6217713e-05
0,0,1.872789e-05
0,0,9.9805286e-05
0,0,0.00010346742
0,0,0.0028165341
0,0,0.00040597608
0,0,2.445078e-05
0,0,5.8545447e-06
0,0,1.6799551e-05
0,0,0.0010157736
0,0,0.003024207
0,0,1.75661e-05
0,0,3.5221103e-05
0,0,0.00054103864
0,0,3.3757693e-05
0,0,8.8811485e-06
0,0,1.593858e-05
0,0,1.7669126e-05
0,0,3.0328545e-05
0,0,1.834774e-05
0,0,8.474152e-05
0,0,2.7409882e-05
0,0,1.5906267e-05
0,0,9.4150295e-05
0,0,7.794049e-06
0,0,1.77186e-05
0,0,0.0011120399
0,0,0.00017642892
0,0,4.4824727e-05
0,0,3.054767e-05
0,0,7.370982e-05
0,0,0.00048698712
0,0,7.818781e-06
0,0,7.096531e-05
0,0,1.5824444e-05
0,0,2.213468e-05
0,0,8.112685e-05
0,0,3.0917858e-05
0,0,9.095078e-06
0,0,3.402378e-05
0,0,3.074201e-05
0,0,1.9647598e-05
0,0,7.3600604e-05
0,0,1.2661467e-05
0,0,9.221667e-06
0,0,9.144626e-06
0,0,7.0642172e-06
0,0,0.00018376809
0,0,0.00066722167
0,0,5.7516896e-05
0,0,5.3666226e-05
0,0,0.00037961375
0,0,0.00016309587
0,0,4.073519e-05
0,0,0.00031712488
0,0,0.00025574246
0,0,7.4660097e-06
0,0,0.0005553473
0,0,1.6669677e-05
0,0,2.8163002e-05
0,0,0.0003926
0,0,0.0007607105
0,0,2.1030555e-05
0,0,0.0006031296
0,0,0.0001233741
0,0,0.00014236355
0,0,2.7923352e-06
0,0,3.6019353e-06
0,0,8.58584e-05
0,0,4.6539328e-05
0,0,8.222235e-05
0,0,0.00053324946
0,0,4.3471162e-05
0,0,0.0011601665
0,0,0.0002754868
0,0,1.0632427e-05
0,0,2.4197174e-05
0,0,4.144928e-05
0,0,7.483274e-06
0,0,0.0032374617
0,0,9.829738e-06
0,0,1.4737984e-05
0,0,2.1981961e-05
0,0,0.0010248481
0,0,0.0001460052
0,0,3.681909e-05
0,0,0.00038872962
0,0,3.1859225e-05
0,0,1.6073485e-05
0,0,3.7822898e-05
0,0,1.8929373e-05
0,0,2.2058124e-05
0,0,4.2661748e-05
0,0,8.829711e-05
0,0,7.318851e-05
0,0,4.8917598e-05
0,0,1.6095637e-05
0,0,2.1040105e-05
0,0,7.897384e-06
0,0,8.681788e-05
0,0,7.818146e-05
0,0,2.1889915e-05
0,0,4.5240038e-05
0,0,0.00046187037
0,0,5.0308727e-06
0,0,2.575816e-05
0,0,7.859525e-06
0,0,6.11448e-05
0,0,1.4397765e-05
0,0,4.7538465e-06
0,0,2.9368226e-05
0,0,0.0007263494
0,0,5.3540065e-05
0,0,2.5201974e-05
0,0,0.00012157828
0,0,9.747311e-06
0,0,7.3778533e-06
0,0,5.1396953e-05
0,0,1.4268185e-05
0,0,7.220743e-05
0,0,1.984279e-05
0,0,9.426667e-06
0,0,0.000106151456
0,0,3.4175384e-05
0,0,7.2251146e-06
0,0,5.282009e-05
0,0,6.823209e-05
0,0,1.2394653e-05
0,0,0.00017395236
0,0,3.747346e-05
0,0,1.5377891e-05
0,0,1.5732521e-05
0,0,2.3792003e-05
0,0,1.081099e-05
0,0,7.0480132e-06
0,0,0.0008126031
0,0,5.101493e-06
0,0,2.352041e-05
0,0,0.0014316256
0,0,3.6160858e-05
0,0,3.3189182e-05
0,0,5.1990326e-05
0,0,4.2483924e-05
0,0,5.66819e-05
0,0,5.0203143e-06
0,0,2.2969876e-05
0,0,8.799682e-06
0,0,4.3558142e-05
0,0,9.645658e-06
0,0,7.725369e-06
0,0,1.3823021e-05
0,0,7.838073e-06
0,0,0.00047445408
0,0,0.00022485458
0,0,1.1414754e-05
0,0,1.6605782e-05
0,0,2.9205008e-05
0,0,3.690451e-05
0,0,1.2511774e-05
0,0,0.00037186476
0,0,5.727268e-05
0,0,1.0017609e-05
0,0,9.544846e-06
0,0,4.8180364e-06
0,0,9.1438e-05
0,0,0.00012013144
0,0,2.8379767e-05
0,0,0.00020992533
0,0,1.0055244e-05
0,0,0.00027813064
0,0,6.243178e-05
0,0,1.8245555e-06
0,0,6.3822185e-06
0,0,0.00036379878
0,0,5.403367e-06
0,0,2.0103103e-05
0,0,3.4011e-05
0,0,2.1490336e-05
0,0,4.484041e-06
0,0,0.0006840247
0,0,7.084212e-05
0,0,2.7555578e-05
0,0,1.0295766e-05
0,0,1.3600064e-05
0,0,0.00040908283
0,0,3.3004656e-06
0,0,1.8261644e-05
0,0,4.703054e-05
0,0,2.8085518e-05
0,0,2.5280553e-06
0,0,4.8428563e-05
0,0,3.2257205e-06
0,0,0.0002974552
0,0,0.00085189263
0,0,3.0390418e-05
0,0,4.892068e-05
0,0,1.814722e-05
0,0,0.00010150693
0,0,8.094255e-05
0,0,1.8077817e-05
0,0,1.4601094e-05
0,0,3.9724186e-05
0,0,7.996026e-05
0,0,1.35762475e-05
0,0,3.0733598e-05
0,0,0.0045356257
0,0,1.7038019e-05
0,0,4.0841614e-06
0,0,0.000116721734
0,0,0.00025379827
0,0,0.00019712582
0,0,0.002671434
0,0,7.283523e-05
0,0,3.6744518e-06
0,0,2.9725508e-05
0,0,0.00013203091
0,0,9.083836e-06
0,0,5.8383062e-05
0,0,1.5383215e-05
0,0,2.3802126e-05
0,0,3.028369e-05
0,0,1.42907365e-05
0,0,0.0021366482
0,0,4.686815e-05
0,0,1.0392411e-05
0,0,0.00017647032
0,0,6.900388e-05
0,0,4.4623033e-05
0,0,4.3292625e-06
0,0,3.8458562e-05
0,0,5.3006494e-05
0,0,0.0003652453
0,0,2.779421e-05
0,0,6.4318265e-06
0,0,7.042142e-05
0,0,5.137152e-06
0,0,0.00010305012
0,0,9.461422e-06
0,0,1.1616744e-05
0,0,9.36827e-06
0,0,1.7862334e-05
0,0,5.4172695e-05
0,0,1.646148e-05
0,0,5.8830836e-05
0,0,3.806265e-05
0,0,2.3121476e-05
0,0,1.1318313e-05
0,0,7.1288764e-06
0,0,8.509643e-06
0,0,1.3941482e-05
0,0,0.00047179704
0,0,5.767705e-06
0,0,8.484886e-06
0,0,1.6914622e-05
0,0,0.00011096423
0,0,4.910998e-05
0,0,0.00016556513
0,0,6.680011e-05
0,0,0.0002299336
0,0,9.1254e-06
0,0,0.00029387252
0,0,0.00012291674
0,0,3.9433184e-05
0,0,7.065301e-05
0,0,1.3611937e-05
0,0,5.535731e-06
0,0,2.5928779e-05
0,0,0.00023706908
0,0,0.0030960036
0,0,4.2424206e-05
0,0,8.980302e-06
0,0,3.003127e-05
0,0,5.1404455e-05
0,0,5.6189065e-06
0,0,7.204315e-06
0,0,9.562621e-06
0,0,1.9865282e-05
0,0,1.88148e-05
0,0,5.7707814e-05
0,0,0.00060984096
0,0,7.777262e-06
0,0,4.927135e-05
0,0,9.904614e-05
0,0,1.7757693e-05
0,0,0.00016563445
0,0,2.3675057e-05
0,0,5.0072704e-06
0,0,0.00067563937
0,0,2.268509e-05
0,0,2.4770668e-06
0,0,3.374028e-05
0,0,4.7531696e-05
0,0,0.0002506454
0,0,1.746033e-05
0,0,1.5081984e-05
0,0,1.7940542e-05
0,0,1.4731619e-05
0,0,1.1288992e-05
0,0,2.5152658e-05
0,0,8.0883365e-05
0,0,5.5758017e-05
0,0,5.9448033e-05
0,0,4.9955083e-06
0,0,7.7841556e-05
0,0,8.213161e-05
0,0,1.0509809e-05
0,0,4.7586273e-06
0,0,0.00019209669
0,0,2.4928806e-05
0,0,0.000113340786
0,0,7.343711e-05
0,0,2.9046132e-05
0,0,0.0005256194
0,0,4.5848345e-05
0,0,0.021946259
0,0,1.2170917e-05
0,0,0.00022546815
0,0,0.0008343978
0,0,5.986052e-05
0,0,0.00018643595
0,0,0.0001373219
0,0,0.0007736621
0,0,3.8128695e-05
0,0,1.1927752e-05
0,0,1.9122087e-06
0,0,0.008196643
0,0,9.611112e-05
0,0,4.190415e-06
0,0,2.0765021e-05
0,0,0.000273895
0,0,1.8354249e-05
0,0,0.00046964263
0,0,1.9006757e-05
0,0,5.608534e-05
0,0,6.774363e-05
0,0,0.00011963507
0,0,0.00017834967
0,0,3.0118115e-05
0,0,7.1371556e-05
0,0,7.596914e-05
0,0,1.5856212e-05
0,0,0.0007595512
0,0,3.7844147e-05
0,0,9.037375e-05
0,0,0.000107029744
0,0,2.0579768e-05
0,0,0.0002923002
0,0,1.1732109e-05
0,0,9.683133e-06
0,0,0.00026091232
0,0,3.851953e-05
0,0,9.736299e-05
0,0,0.000101167934
0,0,6.0981514e-05
0,0,1.6354388e-05
0,0,2.3372677e-05
0,0,2.4046452e-05
0,0,7.106815e-06
0,0,7.249188e-06
0,0,0.00012599285
0,0,4.619272e-06
0,0,1.2910389e-05
0,0,3.58219e-06
0,0,0.00013153742
0,0,0.0005487114
0,0,6.2603276e-06
0,0,6.505391e-05
0,0,9.562147e-06
0,0,6.1897306e-05
0,0,2.5812233e-05
0,0,0.00053050625
0,0,4.3800734e-05
0,0,0.00011451101
0,0,0.0002550181
0,0,1.4254666e-05
0,0,2.8520453e-06
0,0,2.7601116e-06
0,0,4.4746994e-05
0,0,6.7319697e-06
0,0,1.1831613e-05
0,0,3.093216e-05
0,0,2.2120971e-06
0,0,1.8040239e-05
0,0,1.4408479e-05
0,0,2.4642499e-05
0,0,1.2847125e-05
0,0,0.000119582386
0,0,1.8920932e-06
0,0,1.0501523e-05
0,0,2.1363056e-05
0,0,0.00026307697
0,0,2.3528934e-05
0,0,0.00017872658
0,0,0.0002335764
0,0,1.1962599e-05
0,0,5.053255e-05
0,0,1.3734575e-05
0,0,1.8189463e-05
0,0,1.2316109e-05
0,0,1.1168874e-05
0,0,3.8480753e-06
0,0,0.00013228634
0,0,5.4823046e-05
0,0,9.910046e-06
0,0,0.000938631
0,0,0.0012718018
0,0,0.000101915735
0,0,6.96272e-05
0,0,0.00013101756
0,0,1.3734352e-05
0,0,6.965503e-05
0,0,2.0149379e-05
0,0,2.5182277e-05
0,0,2.185531e-05
0,0,0.0006549578
0,0,5.04533e-06
0,0,0.00018878646
0,0,1.2093064e-05
0,0,1.2710452e-05
0,0,3.4548027e-06
0,0,0.0013473147
0,0,5.6681358e-05
0,0,0.00017908533
0,0,3.4418983e-05
0,0,1.4392178e-05
0,0,1.682336e-05
0,0,0.0003000174
0,0,3.416616e-05
0,0,6.912808e-06
0,0,0.00032081842
0,0,0.0028205132
0,0,3.0925024e-05
0,0,0.00029398687
0,0,8.139786e-06
0,0,3.292152e-05
0,0,3.9272545e-06
0,0,3.2914646e-05
0,0,0.00014873718
0,0,1.4647216e-05
0,0,0.000107406595
0,0,6.339118e-05
0,0,5.341278e-05
0,0,9.631489e-05
0,0,0.00013164985
0,0,4.0516723e-05
0,0,3.84351e-05
0,0,3.848344e-05
0,0,1.3273145e-05
0,0,2.5062222e-05
0,0,0.00053721416
0,0,3.0417905e-05
0,0,5.5515287e-05
0,0,0.0001661712
0,0,0.000112162204
0,0,1.4867222e-05
1,0,0.087089665
0,0,6.320316e-06
0,0,0.00044407885
0,0,0.00025063872
0,0,6.097128e-05
0,0,0.00023916502
0,0,4.2893047e-05
0,0,5.0139803e-05
0,0,2.1420788e-05
0,0,3.2904132e-05
0,0,1.118928e-05
0,0,1.0298781e-05
0,0,2.0607105e-05
0,0,0.0001662693
0,0,9.2036735e-06
0,0,0.00015490805
0,0,7.3559127e-06
0,0,0.00010647068
0,0,1.7797296e-05
0,0,1.4857796e-05
0,0,1.7461729e-05
0,0,3.067018e-05
0,0,2.5295833e-05
0,0,0.00080619194
0,0,4.9392867e-05
0,0,3.046985e-06
0,0,1.9613863e-05
0,0,0.0044246735
0,0,2.9125546e-05
0,0,8.330803e-06
0,0,1.1993316e-05
0,0,2.8172459e-05
0,0,3.296585e-05
0,0,5.4741763e-06
0,0,2.5266734e-05
0,0,1.1873028e-05
0,0,1.5359321e-05
0,0,0.00035657812
0,0,0.00040209197
0,0,6.383334e-05
0,0,5.153364e-05
0,0,1.1892655e-05
0,0,3.2647644e-05
0,0,0.00016983743
0,0,4.565541e-05
0,0,7.734458e-06
0,0,9.300215e-05
0,0,5.7510035e-05
0,0,8.639899e-06
0,0,0.00011758795
0,0,9.542343e-06
0,0,2.1601785e-05
0,0,1.8771017e-05
0,0,2.186784e-05
0,0,2.152853e-05
0,0,2.5800416e-06
0,0,0.00018279278
0,0,0.00029359164
0,0,3.4851735e-05
0,0,0.00013841646
0,0,2.10318e-05
0,0,0.0001463319
0,0,2.3773382e-05
0,0,0.00030688755
0,0,0.000112952046
0,0,2.7547012e-05
0,0,9.329266e-06
0,0,0.00077084865
0,0,0.0009556518
0,0,4.8212172e-05
0,0,1.5441832e-05
0,0,0.00011468607
0,0,3.236095e-05
0,0,7.361696e-05
0,0,6.330443e-05
0,0,1.935318e-05
0,0,1.3595812e-05
0,0,1.0907342e-05
0,0,6.476935e-05
0,0,1.1300194e-05
0,0,1.680287e-05
0,0,7.9938145e-06
0,0,0.0011144897
0,0,2.9652037e-05
0,0,3.7808693e-06
0,0,0.0003677522
0,0,7.069589e-06
0,0,2.1660371e-05
0,0,1.8110568e-05
0,0,4.6668167e-05
0,0,6.626349e-05
0,0,2.0384985e-05
0,0,4.555755e-05
0,0,0.0008086074
0,0,1.821934e-05
0,0,3.251469e-05
0,0,0.00016833383
0,0,0.00012347732
0,0,1.7914297e-05
0,0,5.438159e-06
0,0,2.7645543e-05
0,0,0.00018666986
0,0,1.4247298e-06
0,0,2.3722405e-05
0,0,6.606286e-05
0,0,5.4794244e-05
0,0,5.6034452e-05
0,0,8.8711595e-06
0,0,6.7747955e-05
0,0,6.735977e-06
0,0,1.5098333e-05
0,0,7.706223e-06
0,0,6.2142053e-06
0,0,9.399743e-05
0,0,0.0009504003
0,0,0.0007893807
0,0,9.3912764e-05
0,0,0.00019013048
0,0,2.4747036e-05
0,0,1.5564263e-05
0,0,0.00049733627
0,0,5.510661e-05
0,0,0.00019635988
0,0,3.833208e-06
0,0,3.815425e-06
0,0,1.8680941e-05
0,0,2.1486667e-05
0,0,0.041481398
0,0,0.00019048777
0,0,4.7616624e-05
0,0,2.2840128e-05
0,0,1.01594505e-05
0,0,0.0002539631
0,0,0.00010012213
0,0,3.1168747e-06
0,0,2.333584e-05
0,0,5.535437e-05
0,0,8.673979e-06
0,0,0.000111799476
0,0,1.1032091e-06
0,0,1.614828e-05
0,0,2.2702359e-06
0,0,0.00025941982
0,0,0.00022036249
0,0,1.6011829e-05
0,0,0.00017877891
0,0,8.566384e-05
0,0,8.58428e-06
0,0,5.7888043e-05
0,0,1.739815e-05
0,0,5.1013925e-05
0,0,3.431218e-05
0,0,9.3630384e-05
0,0,0.00022763229
0,0,0.00016062528
0,0,4.8159645e-06
0,0,2.6363601e-05
0,0,1.1740458e-05
0,0,3.2720858e-05
0,0,3.17537e-05
0,0,0.00024709807
0,0,1.6599606e-05
0,0,0.00021062643
0,0,4.675347e-05
0,0,3.688069e-05
0,0,0.00029751478
0,0,0.0001086687
0,0,4.7309304e-06
0,0,7.585505e-06
0,0,2.2944874e-05
0,0,2.3136077e-05
0,0,0.000114247385
0,0,0.00026897478
0,0,0.00011257388
0,0,2.5766414e-05
0,0,1.904228e-05
0,0,0.001405972
0,0,0.002788299
0,0,0.00012679795
0,0,5.080441e-06
0,0,1.8851655e-05
0,0,6.743638e-06
0,0,2.3693803e-05
0,0,3.224306e-05
0,0,4.0334935e-06
0,0,3.114225e-05
0,0,0.00021225882
0,0,4.1362764e-05
0,0,0.0009766471
0,0,0.00017899384
0,0,0.000687822
0,0,2.9260822e-05
0,0,6.224061e-05
0,0,1.8354214e-05
0,0,3.5812973e-05
0,0,9.827863e-06
0,0,3.542037e-05
0,0,2.706187e-05
0,0,6.236871e-05
0,0,4.9607603e-05
0,0,4.7042788e-05
0,0,1.4545227e-05
0,0,0.00034677208
0,0,7.3401034e-06
0,0,0.00014487453
0,0,0.00010608447
0,0,1.558271e-05
0,0,0.00044774843
0,0,4.7653237e-05
0,0,3.436785e-05
0,0,3.0004956e-06
0,0,1.6265434e-05
0,0,4.7784547e-06
0,0,0.00011889348
0,0,8.1639555e-06
0,0,0.00046704945
0,0,1.22630045e-05
0,0,6.43028e-05
0,0,4.87357e-06
0,0,6.865581e-05
0,0,1.3151141e-05
0,0,0.0003365709
0,0,9.742227e-06
0,0,3.9074916e-06
0,0,7.6650904e-05
0,0,4.8610265e-05
0,0,6.3709194e-06
0,0,3.0129202e-05
0,0,0.00018426517
0,0,0.000111730624
0,0,0.00011047509
0,0,5.9216225e-05
0,0,3.05433e-05
0,0,0.0015104983
0,0,0.00010537489
0,0,5.7921184e-06
0,0,7.418786e-05
0,0,9.813561e-05
0,0,5.842449e-05
0,0,1.8194494e-05
0,0,1.0344642e-05
0,0,2.2552153e-05
0,0,9.799357e-05
0,0,6.5759364e-06
0,0,3.2041004e-05
0,0,1.1921862e-05
0,0,1.06006555e-05
0,0,5.721336e-06
0,0,3.5362755e-06
0,0,4.144082e-05
0,0,5.7141366e-05
0,0,7.892145e-06
0,0,3.1153864e-05
0,0,0.0001019416
0,0,3.5958932e-05
0,0,0.00018555045
0,0,5.9411363e-05
0,0,5.813001e-05
0,0,1.4239368e-05
0,0,1.4829102e-05
0,0,3.4468287e-06
0,0,4.2948097e-05
0,0,3.5142893e-05
0,0,2.4351997e-05
0,0,4.840506e-05
0,0,8.61658e-06
0,0,0.00013697273
0,0,1.6914073e-05
0,0,4.1308365e-05
0,0,0.00031556597
0,0,3.9605602e-05
0,0,9.238339e-06
0,0,2.2806826e-05
0,0,7.841134e-05
0,0,4.163079e-05
0,0,4.1874227e-05
0,0,0.00017892488
0,0,1.8417002e-05
0,0,1.6132102e-05
0,0,9.7062446e-05
0,0,4.4071654e-05
0,0,5.140215e-05
0,0,4.50178e-05
0,0,1.0164829e-05
0,0,0.00065571256
0,0,2.430651e-06
0,0,1.0813372e-05
0,0,1.9519555e-05
0,0,0.008156187
0,0,3.4318397e-05
0,0,3.2316077e-06
0,0,4.964652e-06
0,0,8.8975185e-06
0,0,6.271546e-05
0,0,7.637974e-06
0,0,0.00053116627
0,0,3.91067e-05
0,0,9.967284e-06
0,0,2.5734344e-05
0,0,3.6587167e-05
0,0,0.00015573997
0,0,4.81721e-05
0,0,6.547544e-05
0,0,4.520308e-05
0,0,0.00034975805
0,0,3.9882398e-06
0,0,8.9051966e-05
0,0,1.008238e-05
0,0,2.189666e-05
0,0,0.00011635601
0,0,0.00014221716
0,0,3.1878735e-05
0,0,8.695293e-05
0,0,1.056111e-05
0,0,9.624919e-06
0,0,0.00035583225
0,0,0.0010185693
0,0,0.000117990065
0,0,0.00034324275
0,0,5.4318316e-05
0,0,1.3243735e-05
0,0,4.462195e-06
0,0,0.00027864345
0,0,7.692183e-05
0,0,1.6506297e-05
0,0,3.8835706e-06
0,0,6.296727e-05
0,0,8.869509e-05
0,0,0.00019166672
0,0,1.28382435e-05
0,0,2.1772598e-06
0,0,2.8139943e-05
0,0,0.0031258634
0,0,3.9232473e-05
0,0,7.3228966e-06
0,0,5.7256675e-05
0,0,0.00017340155
0,0,2.6356109e-05
0,0,0.00030520576
0,0,9.584662e-06
0,0,4.4886794e-05
0,0,3.5180383e-05
0,0,6.615501e-06
0,0,5.2506664e-05
0,0,4.4359727e-05
0,0,9.067512e-06
0,0,1.8004574e-05
0,0,2.5628664e-05
0,0,0.00022978763
0,0,0.00047772453
0,0,0.0007447969
0,0,0.00013178136
0,0,0.0011558947
0,0,0.00010014257
0,0,2.7454225e-05
0,0,0.00016902512
0,0,4.6384043e-06
0,0,0.0008299208
0,0,0.00019578892
0,0,1.1631587e-05
0,0,9.2840084e-05
0,0,2.4115117e-05
0,0,7.625383e-06
0,0,0.00090539304
0,0,0.0009392218
0,0,2.5949288e-05
0,0,3.4556855e-05
0,0,0.00023535923
0,0,3.1221258e-05
0,0,0.00010514855
0,0,4.42101e-05
0,0,2.8114807e-06
0,0,1.6107444e-05
0,0,1.5264188e-05
0,0,8.453895e-06
0,0,4.479852e-06
0,0,8.119271e-05
0,0,8.7220586e-05
0,0,7.968947e-06
0,0,5.3277465e-05
0,0,3.0504061e-05
0,0,6.354267e-05
0,0,7.4464144e-05
0,0,1.8635976e-05
0,0,5.892011e-06
0,0,1.959868e-05
0,0,6.9799667e-06
0,0,8.686387e-06
0,0,0.007588426
0,0,7.1528543e-06
0,0,4.1830364e-05
0,0,8.869764e-06
0,0,0.00018862887
0,0,5.158527e-06
0,0,8.791596e-06
0,0,7.184341e-05
0,0,0.0010404856
0,0,3.890855e-06
0,0,2.1389558e-05
0,0,7.6223405e-05
0,0,0.00024063738
0,0,8.2430866e-05
0,0,4.3942477e-05
0,0,4.9731367e-05
0,0,2.779514e-05
0,0,4.4191765e-05
0,0,4.593639e-06
0,0,5.227334e-06
0,0,2.2986047e-05
0,0,1.2704283e-05
0,0,3.5295845e-05
0,0,1.9235604e-05
0,0,4.1546034e-05
0,0,0.0001880723
0,0,0.00015762929
0,0,1.1689056e-05
0,0,6.449436e-06
0,0,5.7593294e-05
0,0,9.931786e-05
0,0,0.00029696643
0,0,1.5574731e-05
0,0,2.2871143e-05
0,0,2.2608717e-06
0,0,5.6033703e-05
0,0,7.471858e-05
0,0,3.314623e-05
0,0,7.179439e-06
0,0,0.00015114048
0,0,1.1490564e-05
0,0,4.381121e-06
0,0,7.3317924e-06
0,0,6.75512e-05
0,0,2.32185e-05
0,0,3.3812626e-05
0,0,0.0018100052
0,0,8.539413e-06
0,0,4.0127776e-05
0,0,2.0217652e-05
0,0,2.5991167e-05
0,0,7.975569e-06
0,0,1.3030444e-05
0,0,0.0003957025
0,0,0.00012307928
0,0,5.188132e-05
0,0,0.00025563617
0,0,1.7209288e-05
0,0,1.6315444e-05
0,0,0.00040985903
0,0,4.1616062e-05
0,0,1.3480917e-05
0,0,4.5323172e-06
0,0,3.657461e-05
0,0,1.0795115e-05
0,0,0.000116561234
0,0,7.746501e-05
0,0,0.00014871152
0,0,6.0154136e-05
0,0,2.1748526e-06
0,0,8.035407e-05
0,0,8.4716985e-06
0,0,6.656885e-06
0,0,0.00013093675
0,0,0.00020420218
0,0,5.643499e-05
0,0,0.00021622736
0,0,0.00014317942
0,0,1.4644059e-05
0,0,4.8962123e-05
0,0,1.9597072e-05
0,0,9.188527e-05
0,0,5.4162e-05
0,0,0.000504714
0,0,3.0774278e-05
0,0,7.44058e-05
0,0,3.7616748e-05
0,0,9.1849615e-05
0,0,0.00010028533
0,0,1.45674085e-05
0,0,3.8266007e-06
0,0,2.9241155e-05
0,0,0.0001803541
0,0,0.0014624783
0,0,4.776762e-05
0,0,0.00010717476
0,0,7.1319446e-05
0,0,3.7863716e-05
0,0,0.00036794296
0,0,6.947366e-05
0,0,0.00010615409
0,0,0.00040284358
0,0,0.0010760064
0,0,0.00011523285
0,0,0.0003399732
0,0,0.001402336
0,0,0.00021148229
0,0,0.0005369925
0,0,8.0547856e-05
0,0,2.9806495e-05
0,0,4.4089054e-05
0,0,1.5640444e-05
0,0,0.0008663507
0,0,1.44339765e-05
0,0,2.013721e-06
0,0,0.00015186872
0,0,9.455932e-05
0,0,1.2612393e-05
0,0,4.975072e-05
0,0,2.1772743e-05
0,0,1.2746717e-06
0,0,1.2790755e-05
0,0,4.9855207e-05
0,0,2.3743702e-05
0,0,1.4482359e-05
0,0,0.00018682494
0,0,7.776335e-06
0,0,5.4226743e-06
0,0,2.4608491e-05
0,0,5.293688e-05
0,0,2.6448692e-05
0,0,5.2898224e-05
0,0,1.4006717e-05
0,0,8.460909e-05
0,0,2.0696281e-05
0,0,0.00017382352
0,0,8.363353e-06
0,0,0.00016893876
0,0,2.9199744e-05
0,0,6.263973e-05
0,0,1.570404e-05
0,0,0.00041545872
0,0,2.2898597e-05
0,0,0.00030207986
0,0,8.221107e-05
0,0,1.1212417e-05
0,0,8.7536055e-06
0,0,8.028561e-06
0,0,0.00039065917
0,0,7.2883336e-06
0,0,0.0001746194
0,0,8.786664e-05
0,0,1.7565162e-05
0,0,1.1201857e-05
0,0,8.74597e-05
0,0,0.00017650565
0,0,1.39633985e-05
0,0,5.5182707e-05
0,0,0.00037134704
0,0,1.885561e-05
0,0,3.1966716e-05
0,0,0.000257003
0,0,2.1714352e-05
0,0,1.8569395e-05
0,0,4.244209e-05
0,0,2.6802438e-05
0,0,1.5636686e-05
0,0,1.7717384e-05
0,0,5.550221e-05
0,0,7.989546e-06
0,0,0.00011586564
0,0,4.35839e-05
0,0,1.6041895e-05
0,0,3.8616483e-05
0,0,0.00012876463
0,0,2.0977333e-05
0,0,3.8522066e-05
0,0,2.7250506e-05
0,0,0.00047065972
0,0,5.8960636e-06
0,0,3.157009e-05
0,0,1.3340059e-05
0,0,7.418355e-05
0,0,0.00047040184
0,0,6.8717185e-05
0,0,0.00014004197
0,0,7.641814e-06
0,0,8.8972774e-05
0,0,9.8523005e-06
0,0,1.8494708e-05
0,0,7.16282e-05
0,0,1.5207319e-05
0,0,2.4327555e-05
0,0,3.4841563e-05
0,0,0.00030003997
0,0,1.8921575e-05
0,0,0.00011551901
0,0,9.483211e-06
0,0,6.9329515e-05
0,0,1.8831153e-05
0,0,6.720385e-06
0,0,0.00012395688
0,0,1.4390641e-05
0,0,3.2341573e-05
0,0,7.914144e-05
0,0,4.774139e-05
0,0,1.2741485e-05
0,0,5.408301e-06
0,0,6.598541e-05
0,0,3.1438976e-05
0,0,7.18208e-05
0,0,1.7535673e-05
0,0,1.8879038e-05
0,0,2.913966e-05
0,0,0.0010115495
0,0,0.00013225847
0,0,2.3814795e-05
0,0,9.4180104e-05
0,0,1.9314626e-05
0,0,2.4035471e-05
0,0,0.00010501368
0,0,2.4293755e-05
0,0,2.3919267e-05
0,0,0.00023923596
0,0,5.522798e-05
0,0,3.757351e-05
0,0,3.5590787e-05
0,0,3.3449254e-05
0,0,0.00010609519
0,0,3.869836e-05
0,0,3.3351153e-05
0,0,5.866612e-06
0,0,2.6532158e-05
0,0,3.8987405e-06
0,0,1.1874104e-05
0,0,4.72255e-05
0,0,0.00012346743
0,0,0.00026322
0,0,1.731182e-05
0,0,0.00013016506
0,0,6.741741e-05
0,0,0.00014411949
0,0,3.4115237e-05
0,0,0.00036511282
0,0,3.87447e-06
0,0,2.921696e-05
0,0,2.890835e-05
0,0,5.27997e-05
0,0,4.6827254e-06
0,0,2.2790997e-05
0,0,0.00013636569
0,0,9.625301e-05
0,0,8.674302e-06
0,0,3.280985e-05
0,0,4.9576115e-06
0,0,4.5482993e-06
0,0,1.4762531e-05
0,0,0.00013012596
0,0,0.00017286174
0,0,2.2256325e-05
0,0,6.386043e-05
0,0,9.700592e-05
0,0,1.8362163e-05
0,0,2.7254922e-05
0,0,5.2822124e-06
0,0,5.491599e-06
0,0,1.3435636e-05
0,0,1.6883729e-05
0,0,6.6513644e-06
0,0,9.371631e-06
0,0,1.5994052e-05
0,0,8.360463e-05
0,0,1.1070571e-05
0,0,9.327281e-06
0,0,0.0002388173
0,0,0.00071701367
0,0,0.0019026216
0,0,1.0154685e-05
0,0,2.2960852e-05
0,0,0.0003571902
0,0,8.923396e-05
0,0,4.5976714e-05
0,0,0.0013459912
0,0,0.00018423285
0,0,3.310169e-05
0,0,8.213224e-06
0,0,4.9485375e-06
0,0,2.5108802e-05
0,0,0.0001533612
0,0,1.6788532e-05
0,0,0.0013641021
0,0,4.402095e-05
0,0,1.7525374e-05
0,0,2.8625647e-05
0,0,6.004422e-06
0,0,0.00042450684
0,0,5.991152e-05
0,0,3.3547487e-05
0,0,0.0009386485
0,0,1.8980076e-05
0,0,0.00021200822
0,0,2.7260045e-05
0,0,8.080527e-05
0,0,0.00039924355
0,0,5.4577926e-05
0,0,1.0809846e-05
0,0,4.401839e-05
0,0,2.8293589e-05
0,0,0.00013177357
0,0,7.863182e-07
0,0,1.212992e-05
0,0,5.4559718e-05
0,0,0.00011104532
0,0,2.1181919e-05
0,0,8.261985e-06
0,0,4.1906587e-05
0,0,5.138088e-05
0,0,2.4567764e-05
0,0,4.5025354e-06
0,0,0.00039154783
0,0,0.00020826142
0,0,0.03098641
0,0,0.00011552616
0,0,1.212962e-05
0,0,1.8167844e-05
0,0,5.1224415e-06
0,0,5.6036322e-05
0,0,3.0000125e-05
0,0,2.5279724e-05
0,0,0.00032394534
0,0,2.5095637e-06
0,0,1.0348124e-05
0,0,0.00081927417
0,0,0.0002435561
0,0,5.3298386e-06
0,0,1.3160236e-05
0,0,9.1964685e-05
0,0,0.000116578565
0,0,0.00018130966
0,0,7.093872e-05
0,0,5.49669e-05
0,0,1.8299563e-05
0,0,1.4003858e-05
0,0,4.21003e-06
0,0,1.0714581e-05
0,0,3.8019891e-06
0,0,0.00012750008
0,0,2.3032413e-05
0,0,0.000369683
0,0,3.0005447e-05
0,0,1.19547985e-05
0,0,0.00012776272
0,0,1.8849036e-06
0,0,1.0014639e-05
0,0,2.9898649e-05
0,0,1.3940314e-05
0,0,8.215268e-06
0,0,4.2525186e-05
0,0,0.0001305941
0,0,2.2612496e-05
0,0,0.0001452095
0,0,2.2530587e-06
0,0,6.529095e-06
0,0,7.8292396e-05
0,0,1.8673798e-05
0,0,4.4018892e-05
0,0,1.1719014e-05
0,0,0.0016106066
0,0,3.1152736e-05
0,0,2.3200882e-05
0,0,3.4909248e-05
0,0,9.2457005e-05
0,0,0.00064363686
0,0,1.678357e-05
0,0,9.702201e-05
0,0,0.00020657192
0,0,1.1394938e-05
0,0,1.6916638e-05
0,0,7.2400006e-05
0,0,1.0445101e-05
0,0,0.00031011103
0,0,0.00048656302
0,0,0.0001527883
0,0,4.9402242e-05
0,0,7.000673e-06
0,0,3.1142725e-05
0,0,0.000121350924
0,0,8.789266e-06
0,0,1.4504848e-05
0,0,0.00044954164
0,0,5.6137786e-05
0,0,0.00020514162
0,0,3.3992063e-05
0,0,0.0015456165
0,0,4.4131455e-05
0,0,1.5813537e-05
0,0,1.2448196e-05
0,0,3.81008e-06
0,0,3.5784775e-05
0,0,5.0056515e-06
0,0,5.7764682e-06
0,0,6.354012e-05
0,0,2.8582603e-05
0,0,5.559809e-05
0,0,0.00018581143
0,0,7.813466e-06
0,0,2.6009118e-05
0,0,0.0011906838
0,0,0.00014534485
0,0,6.261232e-05
0,0,1.9401634e-05
0,0,0.0015761475
0,0,6.8207235e-05
0,0,4.745506e-05
0,0,5.5029177e-06
0,0,7.5233393e-06
0,0,6.6535e-05
0,0,4.5721372e-05
0,0,2.0240474e-05
0,0,3.6264497e-05
0,0,0.00012501488
0,0,1.7736233e-05
0,0,0.0013465264
0,0,3.0492254e-05
0,0,1.5827432e-05
0,0,3.893263e-05
0,0,1.8999e-05
0,0,1.3183488e-05
0,0,1.4255565e-05
0,0,0.00017147913
0,0,0.00036507595
0,0,4.734775e-05
0,0,4.734951e-05
0,0,9.002172e-05
0,0,0.00044282613
0,0,0.0003359085
0,0,3.3740474e-05
0,0,1.2985909e-05
0,0,3.8182257e-05
0,0,0.00014534305
0,0,4.839163e-05
0,0,2.9858043e-05
0,0,0.00015721378
0,0,9.75289e-06
0,0,1.1975989e-05
0,0,6.152692e-05
0,0,2.4116935e-05
0,0,5.230013e-05
0,0,3.954993e-05
0,0,0.00016409122
0,0,2.4260622e-05
0,0,0.0028308264
0,0,9.377773e-05
0,0,4.661759e-05
0,0,2.4224857e-05
0,0,9.331517e-06
0,0,0.0005244259
0,0,1.8046192e-05
0,0,5.215743e-05
0,0,8.5271095e-05
0,0,0.00020858119
0,0,6.08435e-05
0,0,7.6340775e-06
0,0,4.5247718e-05
0,0,6.206547e-05
0,0,1.2996056e-05
0,0,0.00010560958
0,0,7.3900715e-06
0,0,9.868351e-06
0,0,4.022145e-05
0,0,2.4737741e-05
0,0,0.00014842267
0,0,1.3519e-05
0,0,4.2655196e-05
0,0,0.00028359474
0,0,2.3910896e-05
0,0,0.00016292832
0,0,1.9054269e-05
0,0,0.0001939171
0,0,1.1334571e-06
0,0,1.1937049e-05
0,0,0.00018881835
0,0,5.958504e-05
0,0,0.0005466976
0,0,6.5625422e-06
0,0,4.844094e-05
0,0,2.077865e-05
0,0,3.834745e-05
0,0,7.5178377e-06
0,0,5.498847e-06
0,0,3.0322875e-05
0,0,2.4060906e-05
0,0,5.1511042e-06
0,0,5.844327e-05
0,0,1.5748177e-05
0,0,2.1747675e-05
0,0,8.140787e-06
0,0,1.8427527e-05
0,0,0.0008734459
0,0,0.00024025267
0,0,1.5790978e-05
0,0,2.7970023e-05
0,0,4.1998323e-06
0,0,3.2900432e-05
0,0,1.3527757e-05
0,0,3.260424e-05
0,0,7.0262846e-05
0,0,0.00034371723
0,0,6.717912e-05
0,0,2.0255788e-05
0,0,3.4192228e-06
0,0,9.411791e-06
0,0,4.904197e-06
0,0,3.313381e-05
0,0,5.3478627e-05
0,0,2.4260415e-05
0,0,2.4367828e-06
0,0,1.5032358e-05
0,0,0.000692161
0,0,2.2726319e-05
0,0,0.00011703491
0,0,8.728466e-05
0,0,0.0033527168
0,0,3.1424174e-06
0,0,0.0015498019
0,0,3.0494379e-05
0,0,6.309139e-05
0,0,2.4954234e-05
0,0,3.3514454e-05
0,0,0.00011411129
0,0,0.00022641968
0,0,2.8086883e-05
0,0,5.4931632e-05
0,0,7.1524587e-06
0,0,4.2891737e-05
0,0,1.42693425e-05
0,0,1.8341298e-06
0,0,2.3716884e-05
0,0,1.920437e-05
0,0,2.2757202e-05
0,0,1.4384959e-05
0,0,0.018612672
0,0,4.052398e-06
0,0,8.225146e-06
0,0,0.0002649154
0,0,1.4764178e-05
0,0,0.000112516354
0,0,0.00013647639
0,0,0.00014665248
0,0,0.0006339348
0,0,1.2206183e-05
0,0,7.840604e-05
0,0,3.962653e-05
0,0,0.000120352386
0,0,0.00010123347
0,0,3.734147e-05
0,0,1.5347388e-05
0,0,0.00022246025
0,0,1.2739626e-05
0,0,3.197327e-05
0,0,0.00024363019
0,0,0.00022472085
0,0,6.7798464e-06
0,0,9.903744e-06
0,0,2.0663445e-05
0,0,1.3987788e-05
0,0,2.3331457e-05
0,0,1.2480611e-05
0,0,6.44443e-05
0,0,8.73321e-06
0,0,5.983872e-05
0,0,1.1822049e-05
0,0,1.9630723e-05
0,0,0.00037416266
0,0,0.000146583
0,0,4.45966e-06
0,0,9.064209e-06
0,0,0.00023131141
0,0,1.4764939e-05
0,0,1.7320886e-05
0,0,0.00047446517
0,0,2.7763352e-05
0,0,0.000120793644
0,0,9.474552e-06
0,0,0.00011116451
0,0,2.4161365e-05
0,0,2.387057e-05
0,0,0.00015903529
0,0,8.446158e-05
0,0,0.0004092094
0,0,0.00013358564
0,0,3.3315075e-05
0,0,0.0021468592
0,0,0.00011981855
0,0,4.0011877e-05
0,0,1.920981e-05
0,0,9.239219e-06
0,0,1.0503267e-05
0,0,5.7956866e-05
0,0,4.177666e-06
0,0,0.0025110226
0,0,6.8208137e-06
0,0,0.001532849
0,0,0.0023673929
0,0,0.000130739
0,0,2.84566e-05
0,0,3.6244742e-06
0,0,0.0002204022
0,0,8.550193e-06
0,0,2.02605e-05
0,0,8.4128784e-05
0,0,0.00081733445
0,0,4.454215e-06
0,0,0.00095763605
0,0,2.2062626e-05
0,0,1.2411437e-05
0,0,6.410345e-06
0,0,2.2920927e-05
0,0,3.052251e-05
0,0,4.1043473e-05
0,0,1.2500993e-05
0,0,3.176833e-05
0,0,2.211917e-05
0,0,2.755852e-05
0,0,1.2378918e-05
0,0,0.0001717393
0,0,1.597975e-05
0,0,0.00013022688
0,0,1.48294985e-05
0,0,1.0069311e-05
0,0,5.3981294e-06
0,0,2.1693199e-05
0,0,0.00023618693
0,0,1.1991714e-05
0,0,0.0030279746
0,0,7.817706e-05
0,0,4.7696973e-05
0,0,0.00012548089
0,0,1.2811509e-05
0,0,6.0445673e-05
0,0,1.5011327e-05
0,0,3.0725158e-05
0,0,1.1842157e-05
0,0,2.6623047e-05
0,0,5.8264035e-05
0,0,0.00010365041
0,0,0.00014502408
0,0,1.0198716e-05
0,0,0.00022790398
0,0,0.0015344264
0,0,0.00012485642
0,0,1.2653101e-05
0,0,0.0019235326
0,0,2.2534072e-05
0,0,6.585202e-05
0,0,2.8124327e-06
0,0,2.326083e-05
0,0,0.0006933576
0,0,0.00059626374
0,0,4.544989e-05
0,0,3.098217e-05
0,0,3.0093452e-05
0,0,5.261002e-06
0,0,0.0001795634
0,0,2.4693848e-06
0,0,3.3800259e-06
0,0,6.2477316e-06
0,0,1.758261e-05
0,0,3.7534148e-06
0,0,9.360521e-05
0,0,1.07412525e-05
0,0,8.794057e-05
0,0,3.7780146e-06
0,0,8.049096e-05
0,0,3.9450515e-06
0,0,1.5558267e-05
0,0,4.0828065e-05
0,0,4.762904e-06
0,0,2.408154e-05
0,0,7.723915e-05
0,0,2.1493759e-05
0,0,0.0018417378
0,0,0.00046562767
0,0,2.7554472e-05
0,0,4.3684254e-06
0,0,6.999808e-05
0,0,9.748673e-05
0,0,0.00034096398
0,0,0.0005553198
0,0,0.00012410057
0,0,0.0003644839
0,0,0.0006785829
0,0,1.6048336e-05
0,0,4.4292894e-05
0,0,9.655846e-06
0,0,7.08956e-06
0,0,2.136988e-05
0,0,0.00039295907
0,0,5.188305e-05
0,0,7.423496e-06
0,0,0.0012070725
0,0,3.944676e-05
0,0,4.2275788e-05
0,0,7.3233164e-06
0,0,2.1695514e-05
0,0,0.00012039106
0,0,7.679716e-06
0,0,1.4728444e-05
0,0,5.5498444e-06
0,0,2.7233104e-06
0,0,0.000110671215
0,0,8.544398e-06
0,0,1.2569251e-05
0,0,1.5040861e-05
0,0,0.0004376253
0,0,6.575708e-05
0,0,4.9780196e-05
0,0,0.00013780777
0,0,0.001630711
0,0,3.6333207e-05
0,0,5.9613044e-06
0,0,1.4521609e-05
0,0,7.10995e-05
0,0,3.3062537e-05
0,0,7.645694e-05
0,0,1.7980517e-05
0,0,4.739731e-05
0,0,6.2865816e-05
0,0,1.0946022e-05
0,0,1.5951278e-05
0,0,5.8492955e-05
0,0,3.732356e-05
0,0,1.7825561e-05
0,0,8.02605e-06
0,0,1.5310621e-05
0,0,0.0014790454
0,0,5.1628585e-06
0,0,0.00010332436
0,0,0.0014163817
0,0,8.136262e-06
0,0,2.0964135e-05
0,0,2.5015517e-05
0,0,4.2284053e-05
0,0,6.9988666e-05
0,0,9.680824e-06
0,0,7.550026e-06
0,0,1.8333538e-05
0,0,0.00044673737
0,0,0.00013000876
0,0,0.00041600104
0,0,0.00017188463
0,0,9.931246e-05
0,0,3.1808435e-05
0,0,1.5655965e-05
0,0,0.0005116445
0,0,1.5426098e-05
0,0,5.758863e-05
0,0,1.1248789e-05
0,0,3.829121e-05
0,0,1.911422e-05
0,0,1.7448812e-05
0,0,5.5792432e-05
0,0,2.0289128e-06
0,0,3.697524e-05
0,0,6.1329265e-05
0,0,7.0166875e-06
0,0,0.00014302797
0,0,2.1236772e-05
0,0,9.584881e-05
0,0,1.014907e-05
0,0,5.7205918e-05
0,0,0.00037214955
0,0,2.7506952e-05
0,0,2.4862997e-05
0,0,7.860357e-06
0,0,1.7710492e-05
0,0,0.00010493389
0,0,6.132426e-06
0,0,9.7051625e-06
0,0,5.227753e-06
0,0,0.00012531852
0,0,0.00061306125
0,0,9.453363e-05
0,0,0.0007096667
0,0,5.620651e-05
0,0,1.47435085e-05
0,0,3.7034988e-05
0,0,4.4557717e-05
0,0,1.8019726e-05
0,0,7.8934776e-05
0,0,8.412935e-05
0,0,1.0866776e-05
0,0,9.3186e-05
0,0,9.800823e-06
0,0,5.816838e-05
0,0,2.5777377e-05
0,0,7.839235e-05
0,0,0.00020260624
0,0,3.8102432e-06
0,0,9.433794e-05
0,0,8.986136e-06
0,0,2.5482244e-05
0,0,6.1484505e-05
0,0,3.4260585e-05
0,0,3.6417227e-05
0,0,0.0001647263
0,0,7.051086e-05
0,0,0.000112971975
0,0,4.5953573e-05
0,0,9.0209134e-05
0,0,4.1228202e-05
0,0,5.355559e-05
0,0,0.00021091363
0,0,6.269466e-05
0,0,7.229018e-05
0,0,2.0845775e-05
0,0,3.4281197e-06
0,0,1.6455813e-05
0,0,7.0675786e-05
0,0,0.00015172674
0,0,7.3727333e-06
0,0,2.4783454e-05
0,0,1.7490029e-05
0,0,0.000113256196
0,0,3.990362e-05
0,0,3.3163175e-05
0,0,9.841698e-06
0,0,0.0002195762
0,0,3.6803922e-05
0,0,4.698217e-05
0,0,3.0806077e-05
0,0,1.7883453e-05
0,0,0.00015563203
0,0,1.4965345e-05
0,0,2.3590113e-05
0,0,8.644662e-05
0,0,0.000110789995
0,0,0.0012156016
0,0,6.8203126e-06
0,0,2.2119826e-05
0,0,0.000229187
0,0,5.536794e-05
0,0,1.6278282e-05
0,0,3.1775176e-05
0,0,0.00021830303
0,0,0.00024541953
0,0,7.1257973e-06
0,0,8.2590395e-06
0,0,3.1412932e-05
0,0,5.247718e-05
0,0,2.8187937e-05
0,0,7.171062e-05
0,0,9.0066365e-05
0,0,3.4140983e-05
0,0,2.2419217e-06
0,0,1.4169118e-05
0,0,0.00017647268
0,0,1.1399437e-05
0,0,7.530219e-05
0,0,1.7845206e-05
0,0,2.6859116e-05
0,0,4.7113317e-05
0,0,1.0271258e-05
0,0,0.00055888225
0,0,1.9833897e-05
0,0,0.00022356212
0,0,6.041444e-05
0,0,4.864212e-05
0,0,1.40885295e-05
0,0,2.1740749e-05
0,0,1.1904627e-05
0,0,3.121179e-05
0,0,2.898722e-05
0,0,4.1173273e-05
0,0,2.3411985e-05
0,0,0.0009183143
0,0,0.000115153656
0,0,3.431038e-05
0,0,1.7084074e-06
0,0,6.9308495e-05
0,0,0.0002011144
0,0,0.00018215858
0,0,8.151633e-06
0,0,4.8343895e-06
0,0,0.00025159257
0,0,1.4769333e-05
0,0,5.7006822e-05
0,0,2.617304e-05
0,0,0.00010241601
0,0,2.5211015e-05
0,0,9.4705596e-05
0,0,1.624096e-05
0,0,1.9233421e-05
0,0,0.00011934032
0,0,5.186203e-05
0,0,9.259438e-05
0,0,1.5334499e-05
0,0,1.10376595e-05
0,0,2.2509523e-05
0,0,2.4607647e-05
0,0,2.5560468e-05
0,0,1.7745537e-05
0,0,5.4335615e-05
0,0,0.00021736445
0,0,3.2294945e-05
0,0,4.958179e-06
0,0,5.3018575e-05
0,0,1.10914e-05
0,0,2.2759525e-05
0,0,1.0888168e-05
0,0,6.6109733e-06
0,0,2.9317467e-05
0,0,0.00010577134
0,0,8.861343e-06
0,0,6.718712e-06
0,0,3.377766e-05
0,0,1.7756574e-05
0,0,0.0003419319
0,0,0.0026906661
0,0,1.5914218e-05
0,0,5.7415386e-06
0,0,2.9238841e-05
0,0,1.9095563e-05
0,0,0.00060551276
0,0,6.8048116e-06
0,0,4.379329e-06
0,0,0.00018027313
0,0,0.00063562696
0,0,5.646571e-06
0,0,0.00024884858
0,0,0.00078021805
0,0,0.00038773147
0,0,0.00056787155
0,0,6.615035e-05
0,0,6.5828164e-05
0,0,0.0023753762
0,0,5.6333094e-05
0,0,9.187818e-06
0,0,1.0468606e-05
0,0,1.9269386e-05
0,0,1.5294248e-05
0,0,8.114225e-06
0,0,2.2139451e-05
0,0,0.0021977392
0,0,0.00049094233
0,0,5.178335e-05
0,0,1.2574227e-05
0,0,6.444186e-06
0,0,3.8539958e-05
0,0,3.451391e-06
0,0,6.1157984e-06
0,0,0.00012499104
0,0,0.00037639058
0,0,5.7574393e-06
0,0,5.2311003e-05
0,0,2.7343367e-06
0,0,0.00012594313
0,0,2.0153684e-05
0,0,0.00063295435
0,0,4.6285273e-05
0,0,3.3134816e-05
0,0,1.5882153e-05
0,0,3.093557e-06
0,0,1.4148972e-05
0,0,2.1844453e-05
0,0,1.7275866e-05
0,0,2.1122754e-05
0,0,8.978203e-06
1,1,0.9238842
0,0,3.8786995e-05
0,0,0.00010538745
0,0,4.3894983e-05
0,0,2.50248e-05
0,0,3.3813285e-06
0,0,7.186548e-05
0,0,6.885838e-06
0,0,3.815312e-06
0,0,1.2239544e-05
0,0,8.372754e-06
0,0,2.1717457e-05
0,0,1.3567653e-05
0,0,0.00018257435
0,0,1.1835089e-05
0,0,1.8665929e-05
0,0,0.0014083505
0,0,7.154471e-05
0,0,2.8480488e-05
0,0,1.3917279e-05
0,0,0.00031591454
0,0,3.3839624e-05
0,0,0.00071350596
0,0,0.00011139827
0,0,5.1348896e-05
0,0,0.0001256496
0,0,4.307801e-06
0,0,8.688807e-06
0,0,2.5707286e-05
0,0,0.00014667514
0,0,5.1516537e-05
0,0,4.1012798e-05
0,0,1.819687e-05
0,0,2.100763e-06
0,0,2.6066975e-05
0,0,0.0001930839
0,0,1.9977942e-05
0,0,1.4756463e-05
0,0,2.0307623e-05
0,0,3.746331e-05
0,0,3.2226922e-05
0,0,0.0005296238
0,0,6.1322153e-06
0,0,1.7494265e-05
0,0,6.874965e-06
0,0,1.1668896e-05
0,0,2.9679648e-05
0,0,0.00013180912
0,0,0.0011106832
0,0,1.174263e-05
0,0,0.00073020265
0,0,0.0070163184
0,0,6.0022518e-05
0,0,1.1155994e-05
0,0,0.0006573547
0,0,0.006879697
0,0,8.617253e-06
0,0,0.0002547809
0,0,5.4004748e-05
0,0,6.925564e-05
0,0,4.7806356e-05
0,0,4.113171e-05
0,0,3.384109e-06
0,0,7.146152e-05
0,0,2.2283532e-05
0,0,1.7200362e-05
0,0,0.00011572816
0,0,2.6436712e-05
0,0,0.0037682801
0,0,9.347415e-06
0,0,0.00011050144
0,0,9.3892166e-05
0,0,2.2733515e-05
0,0,2.0385703e-05
0,0,1.1242355e-06
0,0,0.000103746126
0,0,3.4422268e-05
0,0,5.4919536e-05
0,0,2.9894458e-05
0,0,0.00024790017
0,0,8.538476e-06
0,0,0.00080429134
0,0,2.3427767e-06
0,0,8.800664e-06
0,0,6.165864e-06
0,0,8.775377e-05
0,0,9.881888e-05
0,0,1.46477605e-05
0,0,2.6804484e-05
0,0,3.5378107e-05
0,0,0.00028015542
0,0,0.00012235751
0,0,9.299002e-06
0,0,0.0020858848
0,0,1.4402832e-05
0,0,4.8318958e-05
0,0,2.1946016e-05
0,0,7.081301e-05
0,0,0.00031737078
0,0,7.304808e-05
0,0,0.00022217535
0,0,2.57864e-05
0,0,8.152519e-06
0,0,8.659152e-06
0,0,1.9559451e-05
0,0,9.529153e-05
0,0,1.7813582e-05
0,0,0.0001042512
0,0,0.00036709313
0,0,0.00017009804
0,0,2.2367708e-06
0,0,3.6212416e-05
0,0,3.3884255e-05
0,0,1.4853674e-05
0,0,1.1743447e-05
0,0,4.721091e-05
0,0,1.4767445e-05
0,0,9.7502256e-05
0,0,1.4457755e-05
0,0,0.00028091503
0,0,5.6969868e-05
0,0,1.0333844e-05
0,0,1.0895906e-05
0,0,4.813316e-05
0,0,8.337654e-05
0,0,0.00017588204
0,0,1.6220822e-05
0,0,4.2959568e-05
0,0,6.943915e-05
0,0,0.00092522305
0,0,2.3438001e-06
0,0,1.5290923e-05
0,0,0.0001258735
0,0,8.051668e-05
0,0,0.0011053655
0,0,5.6615456e-05
0,0,0.00011291651
0,0,5.1244846e-05
0,0,9.174133e-06
0,0,4.6942705e-06
0,0,1.7829625e-05
0,0,1.5761265e-05
0,0,1.5558682e-05
0,0,0.00010446256
0,0,1.740922e-05
0,0,5.6353616e-05
0,0,1.6550826e-05
0,0,0.0039340244
0,0,1.5927777e-05
0,0,8.556114e-05
0,0,7.578224e-05
0,0,1.8439252e-05
0,0,3.804037e-05
0,0,7.4287185e-05
0,0,5.6152938e-05
0,0,3.8385064e-05
0,0,2.9047627e-05
0,0,3.1850082e-05
0,0,3.9775816e-05
0,0,1.5642414e-05
0,0,0.00016801088
0,0,1.898462e-05
0,0,1.4514838e-05
0,0,0.0002848988
0,0,0.006807196
0,0,0.00015395341
0,0,0.0006505951
0,0,0.0002905603
0,0,0.00017016615
0,0,8.1720835e-05
0,0,0.00019631194
0,0,2.304287e-05
0,0,4.1284793e-06
0,0,8.27987e-05
0,0,1.1345373e-05
0,0,2.7725831e-05
0,0,1.9141418e-05
0,0,0.00018162302
0,0,6.050678e-06
0,0,0.001970375
0,0,7.6001306e-05
0,0,1.5396174e-05
0,0,3.9977287e-05
0,0,5.320308e-05
0,0,8.952964e-05
0,0,0.00010189747
0,0,2.0112904e-05
0,0,4.7486432e-05
0,0,4.9201768e-05
0,0,6.1490637e-06
0,1,0.64996773
0,0,1.671766e-05
0,0,3.4633296e-05
0,0,4.973815e-05
0,0,6.8788345e-06
0,0,1.1009391e-05
0,0,0.00015568903
0,0,3.398389e-05
0,0,2.1050038e-05
0,0,2.5829126e-05
0,0,3.54399e-05
0,0,0.00010632763
0,0,3.1375364e-06
0,0,2.8564647e-05
0,0,8.261631e-06
0,0,0.0007359346
0,0,1.13908845e-05
0,0,0.0001345829
0,0,7.299933e-05
0,0,2.2932163e-05
0,0,3.3925706e-05
0,0,0.0016269587
0,0,1.2029995e-05
0,0,1.7919867e-05
0,0,0.00013505804
0,0,0.00011437612
0,0,6.494129e-05
0,0,0.00014089477
0,0,5.8116926e-05
0,0,8.902199e-05
0,0,1.9407815e-05
0,0,0.00046661848
0,0,9.332638e-06
0,0,5.8398014e-06
0,0,6.598621e-06
0,0,7.4437075e-06
0,0,0.0004548108
0,0,3.9112707e-05
0,0,1.4253932e-05
0,0,2.409687e-06
0,0,3.705636e-05
0,0,7.9076184e-05
0,0,3.7480713e-05
0,0,0.0001337975
0,0,2.9013656e-06
0,0,1.5262267e-05
0,0,0.00012288743
0,0,0.000616353
0,0,7.2467064e-06
0,0,9.5674484e-05
0,0,1.5968842e-05
0,0,3.155134e-05
0,0,2.6524847e-05
0,0,1.3738387e-05
0,0,1.6761289e-05
0,0,9.5927906e-05
0,0,0.00761104
0,0,2.1744854e-05
0,0,0.00013076082
0,0,4.4509266e-05
0,0,9.2217684e-05
0,0,3.2307882e-05
0,0,4.4987242e-05
0,0,2.9910881e-05
0,0,0.00011129613
0,0,0.00057932123
0,0,1.9419978e-05
0,0,5.339175e-05
0,0,1.6259013e-05
0,0,8.611511e-06
0,0,0.00014520923
0,0,3.2136417e-05
0,0,1.0546969e-05
0,0,0.00021939141
0,0,3.7719343e-05
0,0,8.883452e-06
0,0,1.8494708e-05
0,0,0.00089293375
0,0,4.8042268e-05
0,0,1.6344082e-05
0,0,4.886489e-06
0,0,0.007959299
0,0,6.885464e-06
0,0,3.2972766e-05
0,0,4.0167517e-05
0,0,8.807972e-05
0,0,2.1014095e-05
0,0,0.00013620585
0,0,0.00014656232
0,0,4.4644486e-05
0,0,6.8352956e-06
0,0,1.2394428e-05
0,0,1.42509825e-05
0,0,0.0007476321
0,0,7.3171694e-05
0,0,3.602724e-05
0,0,2.9555456e-05
0,0,0.00010074762
0,0,2.5738294e-05
0,0,0.00021749319
0,0,7.659341e-05
0,0,0.00030228644
0,0,0.00011886049
0,0,3.6975736e-05
0,0,0.000100613404
0,0,1.4698515e-05
0,0,0.00016410266
0,0,9.1351634e-05
0,0,9.0251466e-05
0,0,2.7596443e-05
0,0,4.665722e-05
0,0,8.4701365e-05
0,0,6.1412925e-06
0,0,1.3156146e-05
0,0,3.0588366e-05
0,0,0.00013313153
0,0,1.129023e-05
0,0,0.00015705722
0,0,2.5362719e-05
0,0,2.1695616e-06
0,0,1.0716685e-05
0,0,2.7916674e-05
0,0,2.071265e-06
0,0,2.4435883e-05
0,0,1.8506793e-05
0,0,3.707895e-05
0,0,0.0008962649
0,0,1.7800403e-05
0,0,8.711643e-05
0,0,0.00033190803
0,0,0.00020011514
0,0,0.00012719516
0,0,3.901135e-05
0,0,5.5616863e-05
0,0,3.5941803e-06
0,0,5.5275978e-05
0,0,4.80937e-05
0,0,4.815625e-06
0,0,5.646723e-05
0,0,5.053554e-05
0,0,3.0192392e-05
0,0,1.0182817e-05
0,0,0.00033843293
0,0,3.939496e-05
0,0,0.00012894635
0,0,6.832754e-06
0,0,0.0017950065
0,0,0.00017457828
0,0,2.3528486e-05
0,0,3.1762815e-05
0,0,1.3021626e-05
0,0,8.253181e-06
0,0,2.3703699e-06
0,0,0.00026020381
0,0,0.00024174186
0,0,7.0595706e-06
0,0,0.000108245185
0,0,1.9472944e-05
0,0,0.0006960787
0,0,3.3056356e-05
0,0,4.7612193e-06
0,0,2.2967903e-05
0,0,9.915122e-05
0,0,0.00017164648
0,0,7.0314377e-06
0,0,0.00010255086
0,0,0.0001301699
0,0,1.7648883e-05
0,0,3.2425854e-05
0,0,0.00044673996
0,0,3.097892e-05
0,0,1.6210244e-05
0,0,1.070886e-05
0,0,0.00010858293
0,0,0.0002241014
0,0,5.345375e-05
0,0,1.9619025e-05
0,0,2.514695e-05
0,0,1.373777e-05
0,0,4.6149835e-05
0,0,4.2718006e-05
0,0,6.9735593e-06
0,0,9.88233e-05
0,0,7.8922654e-05
0,0,1.5897245e-05
0,0,3.3591634e-05
0,0,6.44188e-05
0,0,0.00013157706
0,0,0.0023927416
0,0,0.00010629093
0,0,1.1107553e-05
0,0,1.915409e-05
0,0,6.198385e-05
0,0,3.3803062e-06
0,0,9.399009e-06
0,0,1.9858557e-05
0,0,2.1096965e-05
0,0,6.188398e-05
0,0,3.593874e-05
0,0,9.2243845e-06
0,0,0.00083323143
0,0,6.7582464e-06
0,0,5.78118e-05
0,0,9.493762e-05
0,0,8.00864e-05
0,0,7.7254546e-05
0,0,1.6614384e-05
0,0,7.890467e-06
0,0,0.0009501753
0,0,4.1017138e-05
0,0,2.1055499e-05
0,0,1.9311718e-05
0,0,4.377363e-05
0,0,3.901641e-05
0,0,1.289491e-05
0,0,7.836256e-06
0,0,0.00032761897
0,0,1.6464555e-05
0,0,2.7312528e-05
0,0,0.00011772237
0,0,7.0472342e-06
0,0,0.0018713099
0,0,2.039041e-05
0,0,3.8551275e-06
0,0,6.8404474e-06
0,0,7.0286165e-05
0,0,3.370105e-05
0,0,5.660131e-05
0,0,0.0003279321
0,0,4.924495e-05
0,0,0.00033068383
0,0,0.00015343916
0,0,0.00014095794
0,0,2.9978992e-05
0,0,0.00010002937
0,0,3.562121e-05
0,0,7.062506e-05
0,0,8.335778e-06
0,0,0.00026289595
0,0,0.00015206695
0,0,2.3753414e-06
0,0,1.0838698e-05
0,0,2.504428e-05
0,0,6.878192e-06
0,0,3.3932386e-06
0,0,0.00011854423
0,0,4.3413784e-05
0,0,0.0007054214
0,0,0.00045016213
0,0,0.0006262864
0,0,2.002076e-05
0,0,0.0006883804
0,0,2.8994407e-05
0,0,3.5217272e-05
0,0,2.8781595e-05
0,0,6.014601e-06
0,0,9.952523e-06
0,0,5.4817147e-06
0,0,1.78249e-05
0,0,5.380412e-05
0,0,0.0008307944
0,0,2.024926e-05
0,0,0.00013123524
0,0,8.226816e-05
1,1,0.9795665
0,0,5.1545485e-05
0,0,8.451047e-05
0,0,4.093625e-05
0,0,8.28715e-06
0,0,0.00085581705
0,0,3.7962673e-05
0,0,0.00035388872
0,0,8.4852745e-06
0,0,1.6599623e-05
0,0,6.940962e-05
0,0,9.186846e-06
0,0,8.911482e-05
0,0,0.0001021174
0,0,0.00010976346
0,0,4.7707847e-05
0,0,3.2011623e-05
0,0,2.2763432e-05
0,0,7.8316436e-05
0,0,1.2049835e-05
0,0,0.00030281342
0,0,1.943715e-06
0,0,2.4496525e-05
0,0,0.0020603773
0,0,4.1277413e-05
0,0,7.246908e-05
0,0,0.00010651669
0,0,1.1191574e-05
0,0,3.881782e-06
0,0,1.9783061e-05
0,0,5.2200753e-06
0,0,1.6801185e-05
0,0,3.428251e-06
0,0,2.1205748e-05
0,0,9.909526e-05
0,0,1.628715e-05
0,0,0.00011704985
0,0,7.570482e-05
0,0,2.335532e-05
0,0,2.2829521e-05
0,0,3.7029902e-05
0,0,4.6047095e-05
0,0,5.2897114e-05
0,0,1.0220283e-05
0,0,8.614106e-06
0,0,7.132822e-05
0,0,1.9054032e-05
0,0,3.4734607e-05
0,0,9.700592e-05
0,0,4.264103e-06
0,0,7.503203e-05
0,0,0.00011946135
0,0,3.4604476e-05
0,0,8.882215e-06
0,0,9.80431e-06
0,0,1.4373221e-05
0,0,1.8642695e-05
0,0,2.0064454e-05
0,0,9.389057e-06
0,0,1.2934974e-05
0,0,0.00025231444
0,0,1.9999025e-05
0,0,0.00016083695
0,0,1.3969406e-05
0,0,6.774428e-05
0,0,4.809645e-05
0,0,0.000112162634
0,0,4.088971e-06
0,0,0.0002101899
0,0,0.00037339993
0,0,0.00013953891
0,0,7.129626e-05
0,0,2.2708426e-05
0,0,1.5387794e-05
0,0,6.9922025e-05
0,0,4.663182e-05
0,0,3.413649e-05
0,0,4.7859998e-05
0,0,0.00010281613
0,0,2.3333416e-05
0,0,3.9328894e-05
0,0,0.00011919623
0,0,0.0004025263
0,0,1.1852879e-05
0,0,2.4131825e-06
0,0,8.522752e-05
0,0,2.9732455e-05
0,0,2.1222175e-05
0,0,3.2761636e-05
0,0,0.0001654187
0,0,5.315688e-05
0,0,6.28035e-05
0,0,6.384485e-05
0,0,2.020917e-05
0,0,4.0183277e-06
0,0,1.7893894e-05
0,0,3.8378843e-05
0,0,2.7575188e-05
0,0,1.7334272e-05
0,0,3.6101046e-05
0,0,2.8095243e-05
0,0,1.1041092e-05
0,0,0.00012805861
0,0,5.152872e-05
0,0,0.00011825148
0,0,0.047098607
0,0,3.1721931e-06
0,0,2.1830376e-05
0,0,2.0375792e-05
0,0,1.3589706e-05
0,0,1.1478877e-05
0,0,0.00038125867
0,0,5.6131703e-06
0,0,1.2145512e-05
0,0,1.8175366e-05
0,0,3.2312597e-05
0,0,8.157718e-05
0,0,2.5972584e-05
0,0,5.54958e-06
0,0,1.0254913e-05
0,0,7.667167e-05
0,0,5.794029e-05
0,0,8.686164e-06
0,0,0.00027671584
0,0,1.3037369e-05
0,0,0.0001244301
0,0,0.000100276535
0,0,3.064048e-05
0,0,1.4570591e-05
0,0,6.44172e-05
0,0,3.636156e-05
0,0,0.006243945
0,0,8.472079e-06
0,0,5.517313e-05
0,0,5.414695e-06
0,0,2.6040962e-05
0,0,4.343631e-05
0,0,2.0260153e-05
0,0,1.7903078e-05
0,0,7.015379e-05
0,0,4.3661235e-05
0,0,0.0012138156
0,0,1.3787988e-05
0,0,1.1793987e-05
0,0,1.8995619e-06
0,0,0.00018905867
0,0,0.0013586365
0,0,5.432992e-05
0,0,2.6349522e-05
0,0,2.7971597e-05
0,0,2.3748933e-05
0,0,8.266584e-05
0,0,0.00013821744
0,0,5.508891e-05
0,0,4.0842275e-05
0,0,6.2360878e-06
0,0,2.8487118e-05
0,0,4.55584e-06
0,0,0.00013871164
0,0,2.7141654e-05
0,0,3.252207e-05
0,0,4.6523797e-05
0,0,9.1468355e-05
0,0,1.2701304e-05
0,0,0.00015394138
0,0,2.7630755e-05
0,0,0.0020237793
0,0,0.00030905087
0,0,5.9000513e-06
0,0,0.00016674162
0,0,6.4764536e-05
0,0,1.1179649e-05
0,0,7.039241e-06
0,0,3.5302546e-05
0,0,5.641447e-06
0,0,7.421744e-05
0,0,1.5273492e-05
0,0,1.7154445e-05
0,0,1.0852299e-05
0,0,8.049173e-05
0,0,5.1376963e-05
0,0,2.898061e-06
0,0,1.4493439e-05
0,0,2.3697758e-05
0,0,0.0003625396
0,0,0.00015185105
0,0,7.025976e-05
0,0,2.5970405e-05
0,0,7.391042e-05
0,0,0.00010841874
0,0,1.8760691e-05
0,0,4.598653e-06
0,0,7.3272904e-06
0,0,3.3898166e-06
0,0,7.6785145e-06
0,0,0.00043844033
0,0,0.0009302554
0,0,0.00047605234
0,0,8.636876e-05
0,0,0.0034201937
0,0,2.3698323e-05
0,0,1.7126984e-05
0,0,0.00033204982
0,0,3.7989324e-05
0,0,2.0527139e-05
0,0,8.310752e-05
0,0,0.000163618
0,0,2.5782489e-05
0,0,9.606512e-05
0,0,4.4970766e-06
0,0,1.0813877e-05
0,0,0.00090459245
0,0,7.964457e-06
0,0,0.00011518056
0,0,7.4912437e-06
0,0,0.0006093488
0,0,1.9554695e-05
0,0,0.00021268323
0,0,2.1616746e-05
0,0,2.5770101e-05
0,0,4.6113582e-05
0,0,4.1763164e-05
0,0,3.2718646e-05
0,0,4.5560766e-05
0,0,1.8682242e-05
0,0,1.9137804e-05
0,0,0.00013182736
0,0,1.8803661e-05
0,0,4.4814125e-05
0,0,3.4274995e-05
0,0,2.9722958e-05
0,0,2.3093755e-05
0,0,7.887698e-05
0,0,2.4467317e-05
0,0,3.7153654e-06
0,0,0.00022927925
0,0,2.2757247e-05
0,0,1.6236174e-05
0,0,1.539685e-05
0,0,1.2577945e-05
0,0,0.00077783916
0,0,5.5250264e-05
0,0,5.0531985e-06
0,0,1.1993052e-05
0,0,0.00010314008
0,0,0.00019619294
0,0,0.012101053
0,0,3.4441902e-05
0,0,5.321795e-05
0,0,5.4454763e-06
0,0,2.7876902e-05
0,0,1.1117695e-05
0,0,1.2465101e-05
0,0,0.0016357383
0,0,3.3403863e-05
0,0,8.976481e-05
0,0,9.624144e-05
0,0,2.219706e-05
0,0,1.2265507e-05
0,0,1.668329e-05
0,0,6.084645e-06
0,0,7.4105587e-06
0,0,7.465711e-05
0,0,7.529515e-05
0,0,3.9237057e-06
0,0,6.5707056e-05
0,0,9.435225e-05
0,0,4.560789e-05
0,0,0.00014521492
0,0,3.5822675e-05
0,0,0.00037873376
0,0,1.9514231e-05
0,0,5.3883773e-06
0,0,2.6681905e-06
0,0,6.612701e-06
0,0,2.815124e-05
0,0,2.2114742e-05
0,0,2.8885974e-05
0,0,0.000115196046
0,0,3.5719655e-05
0,0,7.826644e-06
0,0,9.077081e-06
0,0,1.2316109e-05
0,0,0.10906836
0,0,5.1737557e-06
0,0,2.7347958e-06
0,0,4.62536e-06
0,0,0.0008940775
0,0,9.866517e-06
0,0,3.290261e-06
0,0,6.514895e-06
0,0,0.00046787228
0,0,0.00014666773
0,0,8.50252e-06
0,0,1.6207368e-05
0,0,2.7965486e-06
0,0,7.181471e-05
0,0,2.5964808e-05
0,0,7.066514e-05
0,0,5.116739e-06
0,0,2.2123242e-05
0,0,0.00031131966
0,0,8.128802e-06
0,0,5.2900114e-06
0,0,2.6872867e-06
0,0,6.9891095e-05
0,0,3.6009515e-05
0,0,7.6011456e-05
0,0,0.0004093056
0,0,0.00054301607
0,0,1.292903e-05
0,0,2.542406e-05
0,0,1.9271389e-05
0,0,0.00014780591
0,0,4.478559e-05
0,0,7.946719e-07
0,0,1.6414058e-05
0,0,1.3206906e-05
0,0,1.0344681e-05
0,0,8.449962e-06
0,0,0.0020325088
0,0,9.097515e-06
0,0,0.0012358727
0,0,0.00013438708
0,0,0.00012956792
0,0,1.978861e-05
0,0,5.8505673e-05
0,0,2.1008445e-05
0,0,6.1831106e-06
0,0,4.110102e-06
0,0,8.167741e-06
0,0,1.0305413e-05
0,0,0.00041317783
0,0,4.2977517e-05
0,0,5.975193e-05
0,0,5.4706434e-06
0,0,5.3266438e-05
0,0,5.5238233e-06
0,0,0.00040464927
0,0,3.4468287e-06
0,0,1.6241982e-05
0,0,6.8495146e-06
0,0,3.6647436e-06
0,0,0.0038609917
0,0,0.0035265689
0,0,2.3940465e-05
0,0,1.6805272e-05
0,0,1.2496892e-05
0,0,2.038934e-05
0,0,0.0003983754
0,0,0.00024470643
0,0,3.708157e-05
0,0,2.0826878e-05
0,0,3.5573652e-05
0,0,1.975567e-05
0,0,6.39258e-06
0,0,1.0451957e-05
0,0,0.00014222678
0,0,3.9981105e-06
0,0,4.1924654e-06
0,0,4.1753407e-05
0,0,2.4949048e-05
0,0,1.8098584e-05
0,0,1.557733e-05
0,0,4.799546e-06
0,0,5.8781152e-05
0,0,0.00010577931
0,0,2.689338e-05
0,0,5.9752438e-06
0,0,8.689615e-05
0,0,6.437902e-06
0,0,3.2256685e-05
0,0,3.1902855e-05
0,0,7.5133507e-06
0,0,1.3036224e-05
0,0,0.00010432758
0,0,2.9015262e-06
0,0,4.7480233e-05
0,0,1.0086343e-05
0,0,0.00021917628
0,0,0.00046807525
0,0,1.1487825e-05
0,0,3.8727117e-05
0,0,2.0426005e-05
0,0,7.0501985e-05
0,0,1.3437405e-05
0,0,6.629187e-05
0,0,0.00011022549
0,0,7.6623855e-06
0,0,0.00047147763
0,0,3.208228e-05
0,0,1.8483564e-05
0,0,1.562059e-05
0,0,0.0009187668
0,0,1.1730699e-05
0,0,0.00026123514
0,0,4.4439155e-05
0,0,0.00011029499
0,0,5.6846357e-06
0,0,1.1398274e-05
0,0,0.00040976235
0,0,2.2109069e-05
0,0,0.0001408722
0,0,1.3076766e-05
0,0,1.09806815e-05
0,0,6.128431e-05
0,0,1.9384674e-05
0,0,1.8780274e-05
0,0,2.1002636e-05
0,0,4.784001e-05
0,0,9.935426e-06
0,0,5.8815745e-06
0,0,9.5288444e-05
0,0,2.7177139e-05
0,0,5.7501045e-05
0,0,1.4955829e-05
0,0,2.0037472e-05
0,0,0.00026073077
0,0,0.00094850606
0,0,9.113011e-05
0,0,0.0004259548
0,0,0.00010600539
0,0,4.0279298e-05
0,0,1.8460452e-05
0,0,8.6888485e-06
0,0,0.00012463138
0,0,0.00015232993
0,0,4.714716e-05
0,0,0.0005438052
0,0,0.00042629868
0,0,6.530209e-05
0,0,4.227345e-05
0,0,1.5528592e-05
0,0,7.111421e-05
0,0,8.577357e-06
0,0,2.5842573e-06
0,0,8.234641e-05
0,0,5.5306933e-05
0,0,0.0001806372
0,0,1.9074905e-05
0,0,2.4340296e-05
0,0,4.1128376e-05
0,0,1.177359e-05
0,0,0.00018401672
0,0,0.00032112503
0,0,2.7984164e-05
0,0,5.1966585e-05
0,0,5.181612e-06
0,0,5.5643495e-06
0,0,1.5059118e-05
0,0,9.5990494e-05
0,0,0.0005898887
0,0,3.4864497e-05
0,0,3.6229998e-05
0,0,2.7147787e-05
0,0,9.360144e-06
0,0,7.375019e-06
0,0,3.9310394e-06
0,0,9.693222e-06
0,0,1.3526014e-05
0,0,3.3760602e-06
0,0,0.00015019429
0,0,1.7726137e-05
0,0,0.00010333707
0,0,2.5513843e-06
0,0,4.7860435e-06
0,0,0.00024482803
0,0,4.518985e-05
0,0,1.985443e-05
0,0,0.0059538963
0,0,1.2656493e-05
0,0,1.2616207e-05
0,0,9.445262e-07
0,0,0.00046350533
0,0,1.6333797e-05
0,0,5.8553895e-05
0,0,2.02605e-05
0,0,9.3613135e-06
0,0,0.0030542372
0,0,3.8261758e-05
0,0,2.1772868e-05
0,0,6.2976574e-06
0,0,0.0019398254
0,0,2.9645505e-05
0,0,0.00012628394
0,0,0.00052837713
0,0,0.000593343
0,0,0.00042441805
0,0,6.054964e-05
0,0,8.266718e-05
0,0,1.2789303e-05
0,0,2.0801332e-05
0,0,1.5730615e-05
0,0,4.2263855e-05
0,0,8.125878e-05
0,0,9.875934e-05
0,0,4.5600955e-06
0,0,1.0625787e-05
0,0,0.00016275921
0,0,8.954047e-06
0,0,1.866988e-05
0,0,7.036577e-05
0,0,1.6660157e-05
0,0,3.0215724e-05
0,0,8.536888e-05
0,0,2.6098689e-05
0,0,4.842593e-05
0,0,3.4371194e-05
0,0,3.5667268e-05
0,0,2.0852296e-05
0,0,0.00013412925
0,0,0.00013163354
0,0,8.2191e-05
0,0,1.05726485e-05
0,0,2.0620453e-05
0,0,4.2617694e-06
0,0,7.169038e-05
0,0,1.9677657e-06
0,0,8.59293e-06
0,0,0.0007058827
0,0,1.8173181e-05
0,0,2.523141e-05
0,0,0.00014291522
0,0,5.6185607e-05
0,0,0.00035952817
0,0,3.521969e-05
0,0,0.00029038667
0,0,2.2089005e-05
0,0,0.00022489962
0,0,3.691035e-05
0,0,1.8831046e-05
0,0,0.00013608707
0,0,1.0646439e-05
0,0,0.0006459228
0,0,1.4320887e-05
0,0,3.983906e-05
0,0,1.0071953e-05
0,0,0.00042747657
0,0,1.2761269e-05
0,0,4.314556e-06
0,0,3.5088546e-05
0,0,5.9873937e-06
0,0,3.2502478e-05
0,0,0.00026018446
0,0,0.00038986414
0,0,8.4231215e-05
0,0,3.600031e-05
0,0,8.5459715e-06
0,0,4.0524104e-05
0,0,1.38423875e-05
0,0,0.0003560696
0,0,3.3101056e-05
0,0,4.975262e-05
0,0,0.00021710596
0,0,1.682129e-05
0,0,0.0008699586
0,0,1.7391498e-05
0,0,0.00014928934
0,0,0.00011035622
0,0,3.371243e-05
0,0,0.00013023471
0,0,8.5663596e-05
0,0,0.00013652898
0,0,2.9392293e-05
0,0,6.942749e-06
0,0,0.0005172892
0,0,9.07554e-06
0,0,7.3369636e-05
0,0,1.5208074e-05
0,0,3.6145225e-06
0,0,8.52258e-06
0,0,6.321739e-06
0,0,0.0006505241
0,0,6.4834174e-05
0,0,9.5337655e-06
0,0,2.7679784e-05
0,0,0.00016513393
0,0,1.925203e-05
0,0,7.210993e-05
0,0,3.9055758e-05
0,0,0.00011324302
0,0,4.2689742e-05
0,0,4.0443647e-05
0,0,0.00017757117
0,0,4.5998688e-05
0,0,0.00010832955
0,0,3.109204e-05
0,0,2.0499927e-05
0,0,1.0095956e-05
0,0,5.521729e-05
0,0,0.00010306477
0,0,2.355572e-05
0,0,8.875865e-06
0,0,0.00016032538
0,0,0.0001329382
0,0,0.0051577413
0,0,1.3476906e-05
0,0,0.00032665464
0,0,2.8151779e-05
0,0,1.9774801e-05
0,0,0.0002879169
0,0,2.6812333e-05
0,0,6.982887e-05
0,0,0.00035079374
0,0,6.9835623e-06
0,0,5.516545e-05
0,0,7.200322e-05
0,0,4.2063897e-05
0,0,0.00011290047
0,0,4.138379e-05
0,0,6.319213e-05
0,0,7.800772e-06
0,0,2.7571663e-05
0,0,0.00038932505
0,0,5.55084e-05
0,0,8.339428e-06
0,0,2.010086e-05
0,0,1.4563631e-05
0,0,0.002550079
0,0,1.1357324e-05
0,0,1.14805525e-05
0,0,2.2154552e-05
0,0,2.9304552e-05
0,0,8.7534965e-05
0,0,2.7724564e-05
0,0,3.2585744e-05
0,0,0.00027388847
0,0,0.00015087266
0,0,0.00016817357
0,0,2.4596644e-05
0,0,1.3944422e-05
0,0,5.8633348e-05
0,0,2.7049793e-05
0,0,6.9349684e-05
0,0,2.1643626e-05
0,0,9.40752e-06
0,0,2.158737e-05
0,0,2.7930653e-05
0,0,1.2739772e-05
0,0,0.00036787876
0,0,9.95493e-05
0,0,0.0005406162
0,0,0.00010819565
0,0,0.000109368644
0,0,8.066135e-06
0,0,0.0001323791
0,0,4.3563083e-05
0,0,5.4004595e-05
0,0,0.00018834401
0,0,6.9643947e-06
0,0,9.859354e-05
0,0,7.6905184e-05
0,0,0.0005544622
0,0,0.00013096335
0,0,0.000107272914
0,0,1.5237384e-05
0,0,3.454269e-05
0,0,6.0008097e-05
0,0,0.00013061926
0,0,2.1750227e-05
0,0,5.525606e-05
0,0,3.1878735e-05
0,0,0.00010836407
0,0,2.5423044e-05
0,0,4.2654665e-05
0,0,0.00018286965
0,0,0.013467851
0,0,4.1134615e-05
0,0,0.00021340781
0,0,0.0001384269
0,0,0.00020221311
0,0,5.089143e-05
0,0,7.2733424e-06
0,0,9.625662e-06
0,0,1.832055e-05
0,0,8.176718e-06
0,0,3.4449095e-05
0,0,0.00029833167
0,0,8.3478844e-05
0,0,7.91992e-05
0,0,1.0954157e-05
0,0,2.596186e-06
0,0,0.00033488433
0,0,8.174333e-06
0,0,0.00012490276
0,0,6.0537626e-05
0,0,0.0012663751
0,0,6.289226e-05
0,0,6.571708e-05
0,0,1.7250975e-05
0,0,7.753246e-06
0,0,3.7092635e-05
0,0,5.212302e-05
0,0,0.00027083347
0,0,0.00014414299
0,0,1.7232065e-05
0,0,4.3149543e-05
0,0,0.00073131727
0,0,1.3741295e-05
0,0,5.12551e-06
0,0,0.00032592454
0,0,2.0114592e-05
0,0,2.9262634e-05
0,0,5.186722e-05
0,0,0.00010870539
0,0,4.147379e-05
0,0,4.1452504e-06
0,0,2.0378511e-05
0,0,3.9098424e-05
0,0,9.616576e-05
0,0,2.1123094e-05
0,0,1.5834243e-05
0,0,0.008829439
0,0,4.9530976e-05
0,0,3.1825366e-05
0,0,5.047144e-05
0,0,0.00024937704
0,0,0.00043973056
0,0,0.0007143738
0,0,1.9203382e-05
0,0,0.00016965873
0,0,0.00013721889
0,0,1.939098e-05
0,0,2.7527814e-05
0,0,5.803557e-05
0,0,1.7889663e-05
0,0,1.5848866e-05
0,0,1.0695133e-05
0,0,0.00010658588
0,0,0.00010030858
0,0,2.90805e-05
0,0,3.9215265e-05
0,0,1.4634277e-06
0,0,2.3727405e-05
0,0,0.00013297611
0,0,1.2544236e-05
0,0,5.1987703e-05
0,0,3.676025e-05
0,0,1.3134521e-05
0,0,7.60306e-05
0,0,2.4813155e-06
0,0,1.1755717e-05
0,0,1.8529205e-05
0,0,1.5966696e-05
0,0,6.033902e-05
0,0,0.00033924097
0,0,7.783236e-05
0,0,7.120424e-06
0,0,7.755324e-06
0,0,7.0547445e-05
0,0,2.2229791e-05
0,0,1.9574527e-05
0,0,5.430195e-05
0,0,3.828212e-05
0,0,7.5165044e-06
0,0,0.0014070006
0,0,8.969216e-05
0,0,7.0383016e-05
0,0,0.0005467909
0,0,4.195681e-06
0,0,3.4593388e-05
0,0,9.752513e-05
0,0,4.9924958e-05
0,0,7.22701e-06
0,0,0.00016040917
0,0,0.00011193878
0,0,2.0887983e-05
0,0,3.838865e-05
0,0,1.7996472e-05
0,0,1.5916527e-05
0,0,3.217929e-05
0,0,8.183568e-06
0,0,0.0008734496
0,0,0.00013662614
0,0,0.009640015
0,0,3.6299464e-06
0,0,7.553089e-05
0,0,2.1409352e-05
0,0,5.2447263e-05
0,0,9.15138e-05
0,0,9.190815e-06
0,0,2.318251e-06
0,0,4.8222837e-06
0,0,3.338386e-06
0,0,3.424549e-05
0,0,3.466244e-05
0,0,1.1921862e-05
0,0,0.00012214978
0,0,4.067122e-05
0,0,0.000761888
0,0,0.00067092385
0,0,7.353612e-06
0,0,2.595728e-05
0,0,3.036307e-05
0,0,1.4540552e-05
0,0,0.0009820304
0,0,2.353219e-05
0,0,0.0008120648
0,0,5.4299257e-05
0,0,1.0954429e-05
0,0,1.882518e-06
0,0,7.554767e-05
0,0,0.018979821
0,0,1.9322586e-05
0,0,0.00014946198
0,0,0.00015960513
0,0,7.4245577e-06
0,0,1.3379454e-05
0,0,3.5861845e-05
0,0,9.3732215e-06
0,0,7.0302917e-06
0,0,4.082857e-06
0,0,0.00013824129
0,0,0.00021027208
0,0,1.3462455e-05
0,0,1.6665974e-05
0,0,5.055183e-05
0,0,5.4839988e-05
0,0,0.00045983293
0,0,2.4415827e-05
0,0,1.4780633e-05
0,0,1.0617288e-05
0,0,8.1678685e-05
0,0,2.4521254e-05
0,0,0.0012381732
0,0,4.6855803e-06
0,0,7.3326737e-06
0,0,1.6285907e-05
0,0,2.810183e-06
0,0,0.0001237181
0,0,7.9445184e-05
0,0,1.4412574e-05
0,0,5.1711268e-06
0,0,7.8989135e-05
0,0,0.0008516419
0,0,0.0002543753
0,0,8.553065e-06
0,0,0.0002293923
0,0,1.5561134e-06
0,0,2.1225393e-05
0,0,0.000113489274
0,0,2.8502634e-05
0,0,5.5800633e-06
0,0,7.912643e-06
0,0,0.00014088524
0,0,1.1436777e-05
0,0,6.989449e-05
0,0,3.1121825e-05
0,0,1.52215525e-05
0,0,3.2404678e-05
0,0,0.0002852173
0,0,9.089995e-05
0,0,8.125483e-05
0,0,7.856597e-05
0,0,0.00014284016
0,0,3.0087283e-05
0,0,0.00012090912
0,0,2.9694118e-05
0,0,4.823236e-06
0,0,7.674438e-05
0,0,0.0018414643
0,0,3.0857736e-05
0,0,1.5968737e-05
0,0,9.6127435e-05
0,0,3.5756675e-06
0,0,0.00093094434
0,0,0.0008163693
0,0,7.104945e-06
0,0,3.4640332e-05
0,0,1.0842565e-05
0,0,0.00011141357
0,0,9.253946e-06
0,0,9.2677416e-05
0,0,2.3882638e-05
0,0,3.7794376e-05
0,0,2.7941735e-05
0,0,9.288004e-06
0,0,2.152143e-05
0,0,9.987323e-06
0,0,6.78736e-05
0,0,9.665836e-05
0,0,5.4085303e-05
0,0,1.2056204e-05
0,0,0.0016772137
0,0,9.825546e-05
0,0,3.9928098e-05
0,0,2.541165e-05
0,0,0.00015641666
0,0,4.1559273e-05
0,0,4.5390854e-05
0,0,3.2895018e-06
0,0,0.00022465743
0,0,1.280553e-06
0,0,9.004837e-06
0,0,1.337393e-05
0,0,2.7830949e-05
0,0,2.7751455e-06
0,0,6.6833722e-06
0,0,3.262735e-05
0,0,3.4318855e-05
0,0,5.7093213e-05
0,0,3.0661555e-05
0,0,2.5333188e-06
0,0,1.7880127e-05
0,0,0.0012105175
0,0,3.8615046e-05
0,0,1.1258168e-05
0,0,0.00013404997
0,0,1.0066345e-05
0,0,3.1470863e-05
0,0,0.0008092302
0,0,3.7789043e-05
0,0,5.330826e-05
0,0,8.535766e-05
0,0,4.2697675e-06
0,0,0.0001524687
0,0,3.6189667e-05
0,0,5.9484268e-05
0,0,0.002577576
0,0,1.2482147e-05
0,0,2.5425055e-05
0,0,9.908269e-05
0,0,8.309055e-06
0,0,0.009095488
0,0,1.8202789e-05
0,0,1.5849138e-05
0,0,7.3097103e-06
0,0,9.591355e-06
0,0,2.8397553e-05
0,0,0.00032866414
0,0,0.00029561025
0,0,6.2762905e-05
0,0,0.00046275594
0,0,0.00025037932
0,0,2.4570012e-05
0,0,2.0233392e-05
0,0,3.528592e-05
0,0,1.2315368e-05
0,0,9.990734e-06
0,0,6.654427e-05
0,0,0.00015927173
0,0,0.00015132247
0,0,0.0005823969
0,0,0.0005601077
0,0,1.754596e-05
0,0,5.7867786e-05
0,0,3.6790163e-05
0,0,9.818971e-05
0,0,2.6890151e-05
0,0,1.2542322e-05
0,0,6.492357e-05
0,0,0.00010794699
0,0,0.00010360416
0,0,2.9600054e-05
0,0,6.245664e-06
0,0,3.496672e-05
0,0,0.00012128995
0,0,0.00022422516
0,0,6.475972e-05
0,0,5.0451898e-05
0,0,1.9272436e-05
0,0,6.9111993e-06
0,0,0.0012560706
0,0,4.852089e-06
0,0,3.6834852e-05
0,0,3.763788e-05
0,0,0.00031297875
0,0,6.3806496e-05
0,0,1.6726734e-05
0,0,3.9820865e-05
0,0,0.00018575226
0,0,3.5044035e-05
0,0,4.478747e-05
0,0,1.9194245e-05
0,0,4.792773e-05
0,0,0.00017909404
0,0,1.2207149e-05
0,0,0.000118242235
0,0,1.2171671e-05
0,0,0.00019955516
0,0,0.00052258384
0,0,5.1779945e-05
0,0,8.6117434e-05
0,0,1.2605072e-05
0,0,1.6584385e-05
0,0,4.1150583e-05
0,0,2.1669772e-05
0,0,2.1462318e-05
0,0,1.9609412e-05
0,0,9.644236e-05
0,0,0.0020986153
0,0,8.903656e-06
0,0,1.1442209e-05
0,0,5.5771205e-05
0,0,8.539551e-06
0,0,3.0765415e-05
0,0,0.00048667323
0,0,0.00015343755
0,0,4.8601332e-06
0,0,0.00015277912
0,0,6.935292e-05
0,0,0.009712002
0,0,4.8123613e-05
0,0,0.00029667214
0,0,3.868921e-05
0,0,4.0226896e-05
0,0,0.00012749218
0,0,0.00018715908
0,0,6.706256e-05
0,0,9.179786e-05
0,0,8.3941755e-05
0,0,1.1251621e-05
0,0,1.8788676e-05
0,0,2.4783499e-06
0,0,0.00014770291
0,0,0.00027060063
0,0,2.3175915e-05
0,0,2.9988369e-05
0,0,3.174822e-05
0,0,4.7664143e-05
0,0,6.217085e-05
0,0,8.216209e-06
0,0,7.620956e-06
0,0,9.975424e-06
0,0,6.6153693e-06
0,0,1.9572175e-05
0,0,2.2360231e-05
0,0,6.561307e-05
0,0,6.9898656e-06
0,0,1.4362425e-05
0,0,5.218081e-05
0,0,5.38983e-05
0,0,6.925498e-05
0,0,1.0256497e-05
0,0,5.815703e-06
0,0,1.8172488e-05
0,0,0.0016339135
0,0,2.4626874e-05
0,0,1.9750169e-05
0,0,9.771658e-06
0,0,9.146859e-06
0,0,2.1539436e-05
0,0,5.965644e-06
0,0,8.977304e-06
0,0,2.9763096e-05
0,0,1.2569383e-05
0,0,8.461031e-05
0,0,3.3618715e-05
0,0,0.0002699814
0,0,0.000792082
0,0,0.026912808
0,0,9.731463e-05
0,0,1.0504038e-05
0,0,5.907251e-05
0,0,6.620134e-05
0,0,8.813069e-06
0,0,0.000111903995
0,0,2.801674e-05
0,0,4.0467836e-05
0,0,2.0042812e-06
0,0,8.576817e-06
0,0,1.0384752e-05
0,0,1.1356035e-05
0,0,1.3408119e-06
0,0,1.3197351e-05
0,0,4.322183e-06
0,0,1.8299563e-05
0,0,0.00026669953
0,0,3.784278e-05
0,0,9.996375e-06
0,0,2.1192809e-05
0,0,3.4675235e-05
0,0,4.163738e-05
0,0,0.00013026687
0,0,5.9703234e-05
0,0,4.3165597e-05
0,0,1.1441904e-05
0,0,0.00048742275
0,0,5.6161287e-05
0,0,1.7812476e-05
0,0,0.000128999
0,0,0.0010739072
0,0,1.9268853e-05
0,0,1.857882e-05
0,0,3.8713126e-05
0,0,0.00017578932
0,0,7.469798e-06
0,0,4.8842858e-06
0,0,2.8684908e-06
0,0,0.0074826274
0,0,2.9307095e-05
0,0,6.407393e-05
0,0,1.5058885e-06
0,0,5.1432304e-05
0,0,0.00013698383
0,0,3.371009e-06
0,0,4.4045562e-05
0,0,3.8230897e-05
0,0,3.6518843e-05
0,0,7.4524956e-05
0,0,0.00011807368
0,0,7.709941e-05
0,0,4.28185e-05
0,0,0.0006915583
0,0,8.454371e-06
0,0,0.00014437753
0,0,0.00028000562
0,0,1.5929176e-05
0,0,1.13337155e-05
0,0,5.7699443e-05
0,0,3.1237012e-06
0,0,0.00023087866
0,0,0.0005176249
0,0,1.2299348e-05
0,0,0.000110498695
0,0,0.00046938236
0,0,2.5355392e-05
0,0,2.8557077e-05
0,0,0.0008024839
0,0,1.8345832e-05
0,0,5.3897393e-06
0,0,3.575067e-05
0,0,0.00014197869
0,0,2.966164e-06
0,0,7.283176e-05
0,0,5.4636097e-05
0,0,9.52574e-06
0,0,4.1255098e-05
0,0,0.0010762541
0,0,0.0035385536
0,0,3.536556e-05
0,0,1.0790523e-05
0,0,4.710037e-06
0,0,0.00014833013
0,0,2.0109816e-05
0,0,0.00026355372
0,0,0.00029491103
0,0,1.08158165e-05
0,0,1.1799556e-05
0,0,7.83576e-05
0,0,0.00010721126
0,0,7.4005424e-05
0,0,0.0002011777
0,0,0.00018247671
0,0,0.002318285
0,0,9.478773e-05
0,0,4.8160286e-06
0,0,0.00021827099
0,0,0.00017418306
0,0,1.8344783e-05
0,0,0.00019611046
0,0,7.548337e-05
0,0,1.9002806e-05
0,0,2.748815e-05
0,0,1.7751649e-05
0,0,0.0002709099
0,0,0.00010928295
0,0,2.515357e-05
0,0,3.3393924e-05
0,0,8.780669e-06
0,0,2.1670681e-05
0,0,9.9371005e-05
0,0,0.00034243835
0,0,2.2266559e-05
0,0,1.6281574e-05
0,0,6.41752e-05
0,0,1.2870252e-05
0,0,0.00015933021
0,0,2.6857013e-05
0,0,6.762081e-05
0,0,0.0002852619
0,0,2.3250741e-05
0,0,1.6314742e-05
0,0,3.818284e-05
0,0,2.3519018e-05
0,0,8.060153e-06
0,0,4.642126e-06
0,0,3.313207e-05
0,0,0.00115715
0,0,1.3627316e-05
0,0,2.5110907e-05
0,0,6.339402e-05
0,0,2.3569854e-05
0,0,0.00015283114
0,0,0.00020513694
0,0,3.0366979e-05
0,0,5.8009726e-05
0,0,5.1356288e-05
0,0,0.00018143747
0,0,3.3938195e-05
0,0,1.622797e-05
0,0,2.8878729e-05
0,0,1.314768e-05
0,0,1.2730128e-05
0,0,0.0006716983
0,0,8.4842104e-05
0,0,0.000102324055
0,0,1.4325054e-05
0,0,1.4973869e-05
0,0,5.403847e-06
0,0,0.00011932735
0,0,9.109149e-06
0,0,6.3693465e-06
0,0,0.0014506453
0,0,4.5611782e-06
0,0,0.004627091
0,0,1.6392143e-05
0,0,8.5102205e-05
0,0,4.6551463e-06
0,0,0.0002260362
0,0,7.202485e-05
0,0,9.035514e-05
0,0,4.8192178e-05
0,0,0.00021506382
0,0,4.4592e-06
0,0,5.701547e-05
0,0,2.7783285e-06
0,0,4.598653e-06
0,0,0.00034561646
0,0,0.0014715181
0,0,1.2250159e-05
0,0,1.3727489e-05
0,0,8.465012e-06
0,0,6.511193e-06
0,0,0.00049862
0,0,2.0994245e-05
0,0,3.0393488e-05
0,0,0.00018271507
0,0,0.0003523343
0,0,0.00027979986
0,0,9.67774e-06
0,0,9.337475e-05
0,0,1.5288708e-05
0,0,3.203346e-05
0,0,0.00079991174
0,0,7.1217955e-06
0,0,2.8130711e-05
0,0,3.285694e-05
0,0,0.0025100114
0,0,0.00025102973
0,0,2.0736605e-05
0,0,8.1665756e-05
0,0,3.5781297e-05
0,0,4.2838066e-05
0,0,1.08549175e-05
0,0,3.5036433e-06
0,0,2.4979641e-05
0,0,1.8552686e-05
0,0,2.0401048e-05
0,0,2.8264572e-05
0,0,5.3921144e-06
0,0,1.4889725e-05
0,0,1.0887897e-05
0,0,0.00029675107
0,0,0.00010972286
0,0,0.0005083154
0,0,8.3190534e-05
0,0,2.9260456e-05
0,0,1.8661942e-05
0,0,1.7751563e-05
0,0,0.00017265929
0,0,0.0016870655
0,0,0.00020323678
0,0,1.749061e-05
0,0,4.412001e-05
0,0,4.4470657e-05
0,0,9.241158e-06
0,0,1.683827e-05
0,0,0.00021417406
0,0,9.208485e-06
0,0,2.8628829e-06
0,0,4.5884295e-05
0,0,3.8526512e-05
0,0,0.0007306767
0,0,2.2344242e-05
0,0,0.00037323622
0,0,1.9541738e-05
0,0,6.916166e-05
0,0,0.00032059767
0,0,1.3618183e-05
0,0,2.1475053e-05
0,0,0.00019457162
0,0,5.5260252e-06
0,0,0.00017730013
0,0,4.244096e-05
0,0,0.000119658696
0,0,9.4873176e-05
0,0,6.5140252e-06
0,0,2.3561246e-05
0,0,0.0020946276
0,0,9.04874e-06
0,0,2.2733839e-06
0,0,1.550317e-05
0,0,3.0080168e-05
0,0,8.356744e-06
0,0,2.2503064e-05
0,0,0.00011420055
0,0,5.9324884e-06
0,0,1.9799956e-05
0,0,1.1036976e-05
0,0,3.5432535e-05
0,0,2.1776461e-05
0,0,2.3854549e-05
0,0,3.054438e-05
0,0,0.00027353253
0,0,0.0013420084
0,0,0.00064153253
0,0,1.0831692e-05
0,0,0.0005677195
0,0,0.0007346705
0,0,8.555918e-05
0,0,2.1937645e-05
0,0,5.4237e-05
0,0,0.00034726452
0,0,1.868128e-05
0,0,1.5022656e-05
0,0,2.8658784e-05
0,0,3.3184435e-05
0,0,7.946336e-05
0,0,0.00069558463
0,0,0.0009890038
0,0,9.765876e-05
0,0,5.831042e-06
0,0,0.00042261017
0,0,1.97594e-05
0,0,5.5774715e-05
0,0,7.628514e-05
0,0,3.3525164e-05
0,0,1.4195763e-05
0,0,2.1749749e-05
0,0,1.1719428e-05
0,0,4.2377545e-05
0,0,0.00033747283
0,0,2.0315312e-05
0,0,1.9627952e-05
0,0,3.271378e-05
0,0,0.00014740224
0,0,3.8564332e-05
0,0,5.542774e-05
0,0,0.00037808227
0,0,1.1099157e-05
0,0,1.5844618e-05
0,0,1.2694001e-05
0,0,3.2178614e-05
0,0,6.2623285e-06
0,0,6.193469e-05
0,0,2.9710318e-05
0,0,2.876439e-05
0,0,5.967089e-06
0,0,6.505514e-06
0,0,8.984968e-05
0,0,9.935328e-05
0,0,9.783391e-05
0,0,0.00016250799
0,0,3.0416602e-06
0,0,0.00017661457
0,0,2.6395195e-05
0,0,6.7768856e-06
0,0,0.0008393015
0,0,8.819941e-05
0,0,0.00012521114
0,0,6.070134e-05
0,0,1.819385e-05
0,0,1.9207282e-05
0,0,6.6183916e-06
0,0,9.4873176e-05
0,0,1.1651083e-05
0,0,2.2325732e-05
0,0,0.00046478378
0,0,0.00025486812
0,0,0.002329689
0,0,2.0696183e-05
0,0,0.00013185023
0,0,5.14775e-05
0,0,0.00020061721
0,0,9.393686e-05
1,0,0.011566585
0,0,0.00010978503
0,0,0.0002460674
0,0,0.00032379685
0,0,0.00012391173
0,0,1.3697648e-05
0,0,3.333786e-05
0,0,9.5731346e-05
0,0,8.364945e-05
0,0,1.3977747e-05
0,0,6.670437e-05
0,0,2.3398572e-05
0,0,6.238066e-05
0,0,0.00033056026
0,0,3.3616376e-05
0,0,1.992216e-05
0,0,5.435483e-06
0,0,0.0004925799
0,0,5.0712377e-05
0,0,2.557851e-05
0,0,2.4515548e-05
0,0,1.4857426e-05
0,0,1.22626425e-05
0,0,5.398565e-05
0,0,6.268814e-05
0,0,0.00019111452
0,0,1.1820922e-05
0,0,1.527007e-05
0,0,1.6837002e-05
0,0,9.530892e-06
0,0,4.191038e-05
0,0,0.00017183874
0,0,0.00027998746
0,0,3.793886e-05
0,0,7.28087e-05
0,0,5.3623e-06
0,0,6.7493376e-05
0,0,0.00010295819
0,0,6.975819e-05
0,0,0.00011027144
0,0,1.3071716e-05
0,0,2.2548406e-06
0,0,0.025210094
0,0,5.187944e-05
0,0,3.8264894e-05
0,0,0.00015609425
0,0,3.1318534e-05
0,0,2.7449903e-05
0,0,7.336474e-05
0,0,2.0953803e-05
0,0,5.3250933e-06
0,0,0.00041002198
0,0,8.771957e-06
0,0,4.3790533e-06
0,0,1.1593762e-06
0,0,8.323331e-06
0,0,5.952346e-06
0,0,7.942723e-05
0,0,8.833406e-06
0,0,1.6424503e-05
0,0,1.4802397e-05
0,0,3.1050913e-05
0,0,7.18269e-05
0,0,1.931667e-05
0,0,1.9042625e-05
0,0,0.08324134
0,0,6.841321e-05
0,0,8.186823e-06
0,0,2.3426814e-05
0,0,7.873382e-05
0,0,1.8782011e-05
0,0,0.026228506
0,0,2.3300172e-05
0,0,3.9567927e-05
0,0,6.623803e-05
0,0,3.2472148e-05
0,0,0.00012272653
0,0,0.00036374383
0,0,1.8064686e-05
0,0,0.0007836744
0,0,1.4077731e-05
0,0,0.0011041157
0,0,1.0354453e-05
0,0,2.310775e-06
0,0,1.3974948e-05
0,0,1.064517e-05
0,0,3.8839888e-05
0,0,9.818008e-05
0,0,0.00016211643
0,0,2.1324342e-05
0,0,4.505276e-05
0,0,1.4944296e-05
0,0,4.31009e-06
0,0,5.540262e-06
0,0,0.00021449593
0,0,2.1956672e-05
0,0,1.9341685e-05
0,0,9.694497e-06
0,0,5.262587e-05
0,0,0.00018522415
0,0,8.277719e-06
0,0,1.7777586e-05
0,0,5.5379285e-05
0,0,2.3157998e-05
0,0,0.0004121664
0,0,6.113436e-05
0,0,6.289322e-05
0,0,7.4275254e-06
0,0,7.3922616e-05
0,0,6.030623e-05
0,0,4.4909917e-05
0,0,0.00021766454
0,0,6.8167037e-06
0,0,8.761739e-05
0,0,0.0003517138
0,0,4.3316642e-05
0,0,2.8909093e-05
0,0,3.9421216e-06
0,0,2.0033269e-05
0,0,0.002599025
0,0,5.726012e-05
0,0,7.713816e-05
0,0,3.8945815e-05
0,0,3.4763834e-05
0,0,6.75179e-05
0,0,7.4406275e-06
0,0,3.9539977e-05
0,0,0.00030014783
0,0,0.00025732198
0,0,0.00061200693
0,0,2.0331323e-05
0,0,4.6677604e-05
0,0,8.3687744e-05
0,0,2.082084e-05
0,0,6.769806e-06
0,0,3.37919e-05
0,0,3.603466e-05
0,0,4.777375e-06
0,0,0.00017252071
0,0,4.1172018e-05
0,0,2.3333816e-05
0,0,5.584695e-06
0,0,0.0003504832
0,0,0.00023170543
0,0,6.3472316e-06
0,0,2.4442526e-05
0,0,2.1607308e-05
0,0,3.7540553e-06
0,0,1.5797665e-05
0,0,0.00033321875
0,0,5.1674688e-06
0,0,0.0006945067
0,0,8.776791e-05
0,0,8.093985e-05
0,0,5.8718175e-05
0,0,2.645835e-05
0,0,1.1128738e-05
0,0,0.00036775833
0,0,8.538672e-05
0,0,3.380147e-05
0,0,0.0005708786
0,0,0.0001677994
0,0,2.2395505e-05
0,0,5.0164865e-05
0,0,0.00021772597
0,0,4.5439927e-05
0,0,0.00011966018
0,0,5.0477312e-05
0,0,1.0535961e-05
0,0,0.0009109483
0,0,9.66587e-06
0,0,4.7025956e-06
0,0,0.0005311126
0,0,2.9602734e-05
0,0,0.0011181543
0,0,0.00090798736
0,0,0.0029040358
0,0,5.6517598e-05
0,0,3.9116923e-05
0,0,2.8587921e-05
0,0,0.00014215209
0,0,0.0004724564
0,0,9.95493e-05
0,0,0.00019845973
0,0,5.524752e-05
0,0,7.636357e-06
0,0,9.9729456e-05
0,0,2.3099878e-05
0,0,3.5146936e-06
0,0,1.6519241e-05
0,0,1.1529564e-05
0,0,5.9128097e-06
0,0,4.2415108e-05
0,0,4.5872966e-05
0,0,2.7261629e-05
0,0,3.8481674e-05
0,0,2.4637491e-05
0,0,0.00046148815
0,0,8.98436e-05
0,0,1.6914542e-05
0,0,3.5291607e-05
0,0,1.9405516e-06
0,0,0.00046791777
0,0,1.6554157e-05
0,0,4.296477e-05
0,0,0.00012338292
0,0,0.00063620665
0,0,3.0668485e-05
0,0,4.20422e-05
0,0,2.8187505e-05
0,0,9.4594674e-05
0,0,0.000114392584
0,0,5.0469607e-05
0,0,0.00020421657
0,0,3.2701144e-05
0,0,1.5358793e-05
0,0,5.4411583e-05
0,0,0.00021752472
0,0,2.693974e-05
0,0,0.000117719675
0,0,1.1608018e-05
0,0,1.4940598e-06
0,0,7.425507e-06
0,0,4.3974884e-05
0,0,1.5945772e-05
0,0,3.4393295e-05
0,0,2.4392602e-05
0,0,2.1694335e-05
0,0,4.178268e-05
0,0,1.6060461e-05
0,0,5.2606706e-06
0,0,0.00011457785
0,0,3.1240917e-05
0,0,7.083207e-06
0,0,0.0015466345
0,0,6.951919e-05
0,0,2.8307299e-05
0,0,2.2235556e-05
0,0,0.0013160532
0,0,5.8159116e-05
0,0,0.0001716663
0,0,5.2785263e-06
0,0,1.4364109e-05
0,0,2.7056603e-05
0,0,8.403616e-06
0,0,2.0968015e-05
0,0,0.0002104827
0,0,8.379911e-06
0,0,2.9297846e-05
0,0,3.68533e-05
0,0,5.252389e-05
0,0,0.00023698976
0,0,1.386576e-05
0,0,2.985839e-05
0,0,4.303239e-06
0,0,1.8686802e-05
0,0,2.0486284e-05
0,0,8.694104e-06
0,0,0.00035786864
0,0,1.5354239e-05
0,0,1.7275703e-05
0,0,6.917853e-06
0,0,0.00013722635
0,0,5.473601e-05
0,0,0.00018284471
0,0,3.0963445e-05
0,0,6.2214094e-06
0,0,6.903719e-05
0,0,0.00027618188
0,0,0.0001089771
0,0,0.00016348637
0,0,1.6059039e-05
0,0,1.2049295e-05
0,0,2.9793848e-05
0,0,4.168565e-05
0,0,4.0303057e-06
0,0,6.823209e-05
0,0,4.4731554e-05
0,0,4.6035682e-05
0,0,0.00010395815
0,0,6.379401e-06
0,0,8.84149e-05
0,0,3.8704857e-06
0,0,0.0008486066
0,0,5.5096894e-05
0,0,3.158304e-05
0,0,1.1886635e-05
0,0,5.7763362e-05
0,0,5.8353948e-05
0,0,0.00032778207
0,0,0.0008471467
0,0,1.2938973e-05
0,0,1.517196e-05
0,0,1.0805527e-05
0,0,1.2330564e-05
0,0,0.00016262643
0,0,0.0003055452
0,0,5.074992e-05
0,0,9.8713484e-05
0,0,0.00015699748
0,0,9.0924565e-05
0,0,2.8689572e-05
0,0,5.449425e-05
0,0,3.0484112e-05
0,0,1.9081344e-05
0,0,1.866988e-05
0,0,1.1238891e-05
0,0,1.4085463e-06
0,0,6.0461763e-05
0,0,0.0013579192
0,0,0.00011338651
0,0,6.8298556e-05
0,0,4.5247718e-05
0,0,1.1925477e-05
0,0,1.1172901e-05
0,0,8.52458e-06
0,0,1.1947231e-05
0,0,3.2194148e-05
0,0,1.3213168e-05
0,0,3.5136077e-06
0,0,0.011082508
0,0,1.3026842e-05
0,0,3.039885e-05
0,0,0.0003420038
0,0,2.3966716e-06
0,0,5.6967706e-06
0,0,3.11399e-05
0,0,1.5016783e-05
0,0,2.3615796e-05
0,0,0.00023779554
0,0,1.9949346e-05
0,0,1.1867232e-05
0,0,3.8494964e-05
0,0,1.3740496e-05
0,0,0.00010151874
0,0,5.044151e-05
0,0,1.7549724e-05
0,0,4.820923e-05
0,0,6.770598e-05
0,0,0.0065245703
0,0,5.32512e-05
0,0,3.362555e-06
0,0,2.5700669e-05
0,0,3.6050935e-06
0,0,1.3792893e-05
0,0,6.1755613e-06
0,0,0.0001771548
0,0,2.937985e-05
0,0,7.1615364e-06
0,0,6.0763937e-06
0,0,6.254465e-05
0,0,0.00019863181
0,0,0.00025161944
0,0,7.9393185e-06
0,0,1.0566319e-05
0,0,5.5586697e-05
0,0,3.5191379e-06
0,0,8.3333136e-05
0,0,4.4128425e-05
0,0,4.075955e-06
0,0,0.000103107035
0,0,3.4741035e-05
0,0,1.525422e-05
0,0,0.0015093812
0,0,1.5103517e-05
0,0,0.00068096793
0,0,8.432991e-06
0,0,6.958737e-05
0,0,5.141558e-05
0,0,2.4284602e-05
0,0,0.00041509036
0,0,5.460016e-06
0,0,0.0007992896
0,0,4.46792e-05
0,0,2.8004399e-05
0,0,2.1521633e-05
0,0,0.00016069408
0,0,2.935865e-05
0,0,2.9233486e-05
0,0,3.3940187e-06
0,0,2.6908108e-05
0,0,5.6352488e-05
0,0,4.021884e-05
0,0,2.2713104e-05
0,0,3.3758723e-05
0,0,3.7057634e-05
0,0,1.3927437e-05
0,0,4.6867867e-06
0,0,4.4842513e-05
0,0,4.949325e-05
0,0,1.5304593e-05
0,0,3.9640367e-05
0,0,2.3814704e-05
0,0,2.9039042e-05
0,0,4.322344e-06
0,0,0.0001849104
0,0,3.8817707e-05
0,0,0.00010035469
0,0,1.5983424e-05
0,0,2.6052188e-05
0,0,0.00012678599
0,0,4.0121387e-05
0,0,1.8382136e-05
0,0,0.00018163722
0,0,0.000107201544
0,0,1.3988161e-05
0,0,1.9402263e-05
0,0,0.0026837946
0,0,1.7123439e-05
0,0,2.4935393e-06
0,0,1.8586226e-05
0,0,2.5199355e-05
0,0,7.6071733e-06
0,0,1.2026657e-05
0,0,0.0015026052
0,0,0.0001430551
0,0,0.0007003156
0,0,2.2112254e-05
0,0,1.5492293e-05
0,0,3.5509118e-05
0,0,0.00013295228
0,0,1.766663e-05
0,0,7.898688e-05
0,0,7.635344e-06
0,0,8.985245e-06
0,0,1.643229e-05
0,0,3.592661e-05
0,0,2.5679257e-05
0,0,5.1206976e-06
0,0,2.3928438e-05
0,0,0.000191044
0,0,3.8598697e-05
0,0,1.2466907e-05
0,0,9.7112716e-05
0,0,1.0869835e-05
0,0,0.00012408555
0,0,9.722059e-06
0,0,2.5605674e-05
0,0,3.746091e-06
0,0,0.00022520259
0,0,2.3037268e-05
0,0,5.523117e-06
0,0,0.0004122672
0,0,0.00024034455
0,0,6.532614e-06
0,0,0.00025501833
0,0,5.3931104e-05
0,0,0.00016024773
0,0,3.7216436e-05
0,0,2.5773123e-05
0,0,0.00038667687
0,0,1.5623868e-05
0,0,3.124303e-05
0,0,9.828342e-06
0,0,0.0005769834
0,0,9.032325e-06
0,0,6.853159e-05
1,1,0.9831336
0,0,5.553096e-05
0,0,2.3669343e-05
0,0,4.9972286e-06
0,0,7.0786475e-05
0,0,0.00013635634
0,0,2.3010283e-05
0,0,1.2357038e-05
0,0,4.2322416e-05
0,0,9.634423e-06
0,0,9.224618e-05
0,0,5.803702e-06
0,0,1.2409709e-05
0,0,2.7189839e-05
0,0,2.1298001e-05
0,0,3.209238e-05
0,0,1.3268626e-05
0,0,7.2106527e-06
0,0,0.00015493983
0,0,8.707897e-05
0,0,0.0016480051
0,0,0.0001972689
0,0,2.0508687e-05
0,0,0.0002320408
0,0,2.1391332e-05
0,0,1.3778774e-05
0,0,1.3525305e-05
0,0,9.020359e-06
0,0,2.6327922e-05
0,0,3.6768277e-05
0,0,3.961629e-05
0,0,1.2485147e-05
0,0,5.8104626e-05
0,0,7.2988714e-06
0,0,3.2753076e-05
0,0,1.0841768e-05
0,0,1.9670864e-05
0,0,2.0315605e-05
0,0,5.4518783e-05
0,0,0.00020589057
0,0,2.2691494e-05
0,0,3.424549e-05
0,0,0.00024234373
0,0,4.1739067e-06
0,0,2.0826878e-05
0,0,2.8266135e-05
0,0,1.2494283e-05
0,0,0.00010486467
0,0,6.741967e-06
0,0,0.00024923016
0,0,2.5887075e-05
0,0,0.00037378992
0,0,3.1057396e-05
0,0,2.7396693e-06
0,0,0.0002011376
0,0,2.7168146e-05
0,0,4.4963483e-05
0,0,4.3389944e-05
0,0,1.4217264e-05
0,0,7.250897e-05
0,0,1.3590393e-05
0,0,0.0060250605
0,0,2.4078394e-05
0,0,1.7641565e-06
0,0,2.2278558e-05
0,0,3.5867284e-05
0,0,1.0734299e-05
0,0,7.801114e-05
0,0,1.814144e-05
0,0,3.6507422e-06
0,0,1.4533399e-05
0,0,2.3874052e-05
0,0,1.1204881e-05
0,0,1.6980013e-05
0,0,8.518908e-06
0,0,3.0157977e-05
0,0,0.0004751789
0,0,8.5308995e-05
0,0,1.5761954e-05
0,0,0.00015069179
0,0,2.8509783e-05
0,0,1.555002e-05
0,0,5.292971e-05
0,0,5.3314106e-05
0,0,1.4879987e-05
0,0,2.169082e-05
0,0,0.0003268512
0,0,0.0004332456
0,0,2.576484e-05
0,0,8.2495586e-05
0,0,3.278958e-05
0,0,2.3915594e-05
0,0,1.4754833e-05
0,0,3.8285514e-05
0,0,1.49923e-05
0,0,8.917141e-06
0,0,4.576273e-05
0,0,1.44558935e-05
0,0,2.6448692e-05
0,0,2.225675e-05
0,0,0.0003948889
0,0,2.4916782e-05
0,0,1.5684209e-05
0,0,0.0003107761
0,0,0.00013892514
0,0,7.1846507e-06
0,0,4.5613656e-06
0,0,0.000108425564
0,0,0.0014135258
0,0,0.0049438486
0,0,0.00015156623
0,0,1.0747318e-05
0,0,2.0163758e-05
0,0,4.8319926e-05
0,0,0.0040930677
0,0,1.3204765e-05
0,0,2.6155303e-06
0,0,7.698604e-05
0,0,6.813415e-06
0,0,4.6048415e-05
0,0,4.514639e-05
0,0,3.1273106e-05
0,0,0.00016224787
0,0,0.00023529034
0,0,1.7073104e-05
0,0,0.00057143875
0,0,8.781847e-05
0,0,4.1439102e-06
0,0,0.0019550053
0,0,2.0688783e-05
0,0,4.614451e-06
0,0,0.0014126208
0,0,3.25213e-06
0,0,0.00025632442
0,0,6.523145e-06
0,0,2.9572091e-05
0,0,0.0002438526
0,0,5.4585994e-06
0,0,4.230769e-05
0,0,3.5787923e-06
0,0,1.9250541e-05
0,0,5.77832e-05
0,0,0.00013227348
0,0,3.2358355e-05
0,0,1.10427345e-05
0,0,0.0041641593
0,0,2.2120774e-05
0,0,2.1994563e-05
0,0,1.3205786e-05
0,0,9.607943e-06
0,0,0.00010275026
0,0,8.8751285e-06
0,0,3.9228603e-06
0,0,3.7420348e-06
0,0,2.0127945e-05
0,0,3.6144414e-05
0,0,0.00024311947
0,0,0.00014392256
0,0,5.588471e-05
0,0,4.0621842e-05
0,0,1.0211154e-05
0,0,5.0476974e-05
0,0,8.042485e-06
0,0,7.5634314e-05
0,0,1.3664183e-05
0,0,0.00020593868
0,0,9.26449e-05
0,0,3.824366e-05
0,0,0.0009022623
0,0,2.0352913e-05
0,0,0.00029911916
0,0,5.67184e-05
0,0,9.748673e-05
0,0,0.00016950318
0,0,0.001302805
0,0,2.0221376e-05
0,0,3.8185863e-05
0,0,8.3447245e-05
0,0,8.013109e-05
0,0,0.00019732477
0,0,2.409381e-05
0,0,0.0027086355
0,0,1.3265502e-05
0,0,5.0442715e-05
0,0,0.0011104447
0,0,0.00031353036
0,0,3.3054646e-06
0,0,0.00048594613
0,0,4.4247005e-05
0,0,0.0002952041
0,0,5.9131035e-06
0,0,4.7847127e-05
0,0,0.00014027464
0,0,1.4321324e-05
0,0,2.910167e-05
0,0,0.0006994921
0,0,2.1520173e-06
0,0,0.00014438509
0,0,0.00070571626
0,0,0.00016525017
0,0,5.546289e-06
0,0,7.5967975e-05
0,0,8.291292e-06
0,0,3.9707105e-05
0,0,7.722584e-06
0,0,1.5774302e-05
0,0,5.645096e-06
0,0,1.01051555e-05
0,0,1.5186175e-05
0,0,5.7992374e-06
0,0,0.00044742442
0,0,0.00013050447
0,0,2.3199356e-05
0,0,2.9902696e-05
0,0,0.0006753387
0,0,2.7134383e-06
0,0,8.411064e-06
0,0,0.0003882239
0,0,2.5099702e-05
0,0,0.006419791
0,0,1.4176052e-05
0,0,0.0008616647
0,0,3.0265675e-05
0,0,2.5817599e-05
0,0,1.1237251e-05
0,0,3.350075e-06
0,0,2.6873e-05
0,0,1.5064635e-05
0,0,2.9393725e-05
0,0,5.4513534e-05
0,0,9.019305e-05
0,0,0.00056547805
0,0,2.6559158e-06
0,0,1.611957e-05
0,0,5.0084977e-06
0,0,5.054731e-06
0,0,2.6768159e-05
0,0,7.9537735e-05
0,0,4.4877976e-05
0,0,0.00044168974
0,0,0.00011619989
0,0,0.00081280374
0,0,0.0007882588
0,0,8.374982e-06
0,0,1.07835585e-05
0,0,4.9956434e-05
0,0,0.00014587161
0,0,6.2542413e-06
0,0,9.998551e-05
0,0,2.0788422e-05
0,0,0.00023408448
0,0,0.000987638
0,0,1.2952614e-05
0,0,3.302578e-06
0,0,2.5956933e-05
0,0,0.0001281418
0,0,1.5161618e-05
0,0,5.4300137e-05
0,0,9.238849e-06
0,0,2.5454046e-05
0,0,1.0337215e-05
0,0,1.4268934e-05
0,0,2.7392505e-05
0,0,1.185834e-05
0,0,0.0009986302
0,0,0.00089643145
0,0,2.0204816e-05
0,0,5.302211e-05
0,0,0.000100484634
0,0,0.000458902
0,0,1.3053118e-05
0,0,4.117551e-05
0,0,0.0003953535
0,0,0.000114530216
0,0,7.995942e-06
0,0,0.0001139144
0,0,0.00067304395
0,0,4.013807e-05
0,0,3.8860042e-05
0,0,0.00014138533
0,0,3.3105443e-05
0,0,0.00019217563
0,0,5.7137167e-05
0,0,0.00013515209
0,0,9.628352e-06
0,0,1.067961e-05
0,0,4.7711874e-06
0,0,0.00023216207
0,0,0.0008948552
0,0,0.0003775323
0,0,1.6260983e-05
0,0,3.1636755e-05
0,0,4.329514e-06
0,0,1.1997446e-05
0,0,6.8325385e-06
0,0,1.4174916e-05
0,0,1.481145e-05
0,0,6.4316046e-05
0,0,6.0322334e-05
0,0,0.00044132947
0,0,2.9445795e-05
0,0,0.0014797703
0,0,1.4074269e-05
0,0,2.2350167e-05
0,0,0.0002417398
0,0,0.0002441704
0,0,0.000113599934
0,0,2.003625e-05
0,0,2.8283555e-05
0,0,0.0017572339
0,0,1.3920838e-05
0,0,1.1017248e-05
0,0,1.7849667e-05
0,0,4.605052e-05
0,0,1.8308237e-05
0,0,1.5771368e-05
0,0,0.00010003482
0,0,0.0014328511
0,0,0.00088408473
0,0,8.246373e-05
0,0,5.6339162e-05
0,0,9.513782e-05
0,0,8.466551e-05
0,0,5.769367e-05
0,0,7.139578e-06
0,0,0.00022709057
0,0,0.00013332348
0,0,0.00016273765
0,0,3.078966e-05
0,0,9.998846e-05
0,0,1.5771833e-05
0,0,2.4628236e-05
0,0,4.4906534e-05
0,0,3.4336204e-05
0,0,1.9664225e-05
0,0,7.692573e-06
0,0,2.797912e-05
0,0,1.32887235e-05
0,0,0.0016508366
0,0,7.51976e-06
0,0,0.00068284024
0,0,9.261176e-06
0,0,4.8609954e-06
0,0,4.0318035e-05
0,0,1.8877616e-05
0,0,2.463671e-06
0,0,4.8575042e-05
0,0,2.5290126e-06
0,0,0.00067560683
0,0,7.069945e-05
0,0,0.0002008875
0,0,9.322514e-06
0,0,1.0480673e-05
0,0,2.3768576e-05
0,0,3.7198693e-05
0,0,6.003379e-05
0,0,4.0039362e-05
0,0,3.343063e-05
0,0,3.774237e-05
0,0,8.4193554e-05
0,0,0.00013048729
0,0,5.6429926e-05
0,0,1.8226483e-05
0,0,2.0386131e-05
0,0,0.00036569807
0,0,1.321599e-05
0,0,4.483908e-06
0,0,0.00012619558
0,0,0.00037164896
0,0,9.885393e-05
0,0,4.5123357e-05
0,0,1.3257218e-05
0,0,5.0907815e-06
0,0,0.0002001224
0,0,2.7583235e-05
0,0,3.8202397e-05
0,0,7.456085e-05
0,0,9.270747e-06
0,0,2.7500868e-05
0,0,2.2458278e-05
0,0,5.1233754e-05
0,0,5.366914e-05
0,0,8.390781e-05
0,0,6.475898e-05
0,0,2.2336595e-05
0,0,0.00010920211
0,0,8.377718e-05
0,0,9.799066e-06
0,0,5.9026283e-05
0,0,0.0016936573
0,0,0.0004257849
0,0,3.676228e-05
0,0,6.820086e-05
0,0,8.134872e-05
0,0,6.851911e-05
0,0,8.1640996e-05
0,0,4.02419e-05
0,0,0.00013926854
0,0,7.485452e-06
0,0,1.3117872e-05
0,0,0.00027198574
0,0,4.540778e-05
0,0,7.6251104e-05
0,0,2.049727e-05
0,0,1.2516739e-05
0,0,1.1726504e-05
0,0,4.1817322e-05
0,0,0.0001663064
0,0,1.301893e-05
0,0,6.9589573e-06
0,0,8.032505e-06
0,0,5.9295244e-06
0,0,5.8152906e-05
0,0,0.0010653351
0,0,6.175846e-05
0,0,2.537535e-05
0,0,4.143987e-05
0,0,0.00031335853
0,0,0.00016655332
0,0,3.6687405e-05
0,0,9.3643954e-05
0,0,4.250226e-06
0,0,7.6293763e-06
0,0,0.000102896156
0,0,4.4803132e-06
0,0,0.00028595654
0,0,0.0005352071
0,0,0.00016982884
0,0,0.00017702038
0,0,3.651174e-05
0,0,0.0002033085
0,0,1.5320058e-05
0,0,0.00034786857
0,0,0.0010618157
0,0,2.6302174e-05
0,0,0.00030581973
0,0,0.00022227601
0,0,3.1222567e-05
0,0,1.4435656e-05
0,0,3.119046e-05
0,0,8.8044115e-05
0,0,0.0036600132
0,0,1.0259804e-05
0,0,7.66411e-06
0,0,5.641888e-06
0,0,0.0005415657
0,0,6.9469356e-06
0,0,3.060377e-05
0,0,3.8081056e-05
0,0,0.0013820272
0,0,0.0005796454
0,0,0.00042254553
0,0,8.0805425e-05
0,0,1.832782e-05
0,0,6.308363e-06
0,0,0.00013556641
0,0,1.7743829e-05
0,0,9.669272e-06
0,0,0.00024026896
0,0,0.00012824264
0,0,0.0017281594
0,0,2.5647807e-05
0,0,0.00010218949
0,0,0.00034515152
0,0,3.9215938e-05
0,0,6.828917e-06
0,0,0.0001328813
0,0,0.00024806045
0,0,1.2146382e-05
0,0,1.4114068e-05
0,0,1.7341283e-05
0,0,9.118815e-07
0,0,3.1651965e-05
0,0,0.03354066
0,0,5.7939906e-05
0,0,0.00012181711
0,0,2.913991e-05
0,0,2.2554475e-05
0,0,1.10376595e-05
0,0,0.0010055993
0,0,5.33412e-06
0,0,7.462971e-05
0,0,5.4325516e-05
0,0,0.00018248436
0,0,1.5992922e-05
0,0,0.0004954304
0,0,1.7297281e-05
0,0,4.1083258e-05
0,0,9.010666e-05
0,0,2.8547383e-05
0,0,0.000113791284
0,0,0.00010858583
0,0,4.6045557e-06
0,0,0.0001889253
0,0,0.00020449073
0,0,0.00020331508
0,0,2.7972397e-05
0,0,3.0714727e-05
0,0,0.00029903135
0,0,6.5217023e-06
0,0,0.00038148533
0,0,2.0580179e-05
0,0,2.6286376e-05
0,0,4.3123223e-06
0,0,1.211138e-05
0,0,0.00011505553
0,0,7.863433e-05
0,0,2.3854252e-06
0,0,0.0009001413
0,0,0.0017382022
0,0,9.212715e-05
0,0,0.0024009976
0,0,0.0014625945
0,0,0.00010687237
0,0,3.3908334e-05
0,0,3.8634603e-06
0,0,7.5626153e-06
0,0,6.397222e-05
0,0,1.15543635e-05
0,0,2.7680418e-05
0,0,3.2179658e-05
0,0,1.6352781e-06
0,0,6.4811305e-05
0,0,3.774327e-05
0,0,5.5308617e-05
0,0,0.00027227373
0,0,2.4207859e-05
0,0,2.6135976e-05
0,0,4.2197164e-05
0,0,0.00014002902
0,0,2.0176414e-05
0,0,6.868613e-05
0,0,0.00011720913
0,0,0.013135184
0,0,0.00025934016
0,0,8.868527e-05
0,0,1.8662635e-05
0,0,4.4963355e-05
0,0,0.00076838525
0,0,0.00012531612
0,0,0.00017115407
0,0,5.6466855e-05
0,0,0.00017299794
0,0,1.2854122e-05
0,0,1.5150387e-05
0,0,0.00011885697
0,0,1.7541091e-05
0,0,1.6094486e-05
0,0,1.3116759e-05
0,0,3.7955466e-05
0,0,3.6410765e-05
0,0,0.00013827874
0,0,0.00029659038
0,0,0.00085808994
0,0,8.291508e-05
0,0,1.0231391e-05
0,0,0.006539649
0,0,6.911478e-05
0,0,4.993184e-06
0,0,2.3940627e-05
0,0,0.00074776064
0,0,1.8735822e-05
0,0,1.1679306e-05
0,0,7.446959e-06
0,0,4.7946555e-06
0,0,0.0007405448
0,0,2.8692298e-06
0,0,9.003248e-06
0,0,3.2412867e-05
0,0,4.141814e-05
0,0,2.3816769e-05
0,0,9.604581e-06
0,0,5.186648e-05
0,0,8.147254e-05
0,0,4.561646e-05
0,0,6.8476397e-06
0,0,2.6682601e-05
0,0,5.502723e-06
0,0,0.00020269182
0,0,2.1872096e-05
0,0,0.00032365025
0,0,1.5525733e-05
0,0,5.267397e-05
0,0,4.6515943e-05
0,0,0.00078333425
0,0,2.6283495e-05
0,0,4.6691133e-05
0,0,5.0547164e-06
0,0,5.5645087e-06
0,0,0.0013942934
0,0,1.9490632e-05
0,0,4.4906534e-05
0,0,9.6991665e-05
0,0,0.00023272698
0,0,0.0010470962
0,0,1.895768e-05
0,0,2.9526873e-06
0,0,0.0002407824
0,0,3.661076e-05
0,0,3.141755e-06
0,0,6.8940512e-06
0,0,6.8549765e-05
0,0,2.44247e-05
0,0,3.801745e-05
0,0,1.2451959e-05
0,0,2.0883303e-05
0,0,3.3231303e-05
0,0,1.0563497e-05
0,0,2.7358881e-05
0,0,6.073931e-06
0,0,9.8181474e-05
0,0,0.00014982626
0,0,1.9621084e-05
0,0,1.9420255e-05
0,0,5.1301904e-06
0,0,0.00013620585
0,0,1.477043e-05
0,0,2.2734925e-05
0,0,0.00016646221
0,0,4.3051764e-06
0,0,2.3055838e-05
0,0,3.5250032e-05
0,0,3.8490154e-05
0,0,0.00015885691
0,0,4.6128844e-05
0,0,1.1537396e-05
0,0,6.7446985e-05
0,0,0.00048045156
0,0,1.7160368e-05
0,0,0.00012199869
0,0,1.3287787e-05
0,0,3.3964081e-06
0,0,8.362587e-06
0,0,0.00053964806
0,0,2.5031148e-05
0,0,0.00011829694
0,0,8.91201e-05
0,0,1.0366328e-05
0,0,4.355966e-06
0,0,1.5104713e-05
0,0,0.0001540101
0,0,4.111916e-05
0,0,4.17505e-05
0,0,2.70912e-06
0,0,0.00015397293
0,0,0.00014860577
0,0,0.00056945585
0,0,0.0025044791
0,0,6.05348e-05
0,0,0.00073642255
0,0,7.489222e-06
0,0,3.7988782e-05
0,0,4.4285505e-05
0,0,1.24161725e-05
0,0,0.00015026162
0,0,0.0002466217
0,0,1.0252078e-05
0,0,2.4877629e-05
0,0,1.0346122e-05
0,0,4.380938e-05
0,0,3.1059797e-05
0,0,0.00078450894
0,0,0.00039398158
0,0,0.0001754887
0,0,1.8067665e-05
0,0,6.126292e-05
0,0,3.0001956e-05
0,0,8.365392e-05
0,0,5.9989447e-06
0,0,2.7854287e-05
0,0,2.7069536e-06
0,0,8.3854675e-06
0,0,0.0007348736
0,0,1.2764179e-05
0,0,6.103871e-06
0,0,3.8208993e-05
0,0,1.2627943e-05
0,0,0.00028829815
0,0,2.6493548e-05
0,0,7.065086e-05
0,0,0.0002613186
0,0,7.101127e-05
0,0,0.00023649992
0,0,1.956292e-05
0,0,6.746102e-06
0,0,0.00024474843
0,0,2.0782973e-06
0,0,2.9910881e-05
0,0,1.8142299e-06
0,0,1.10965e-05
0,0,9.5131276e-05
0,0,0.0017328332
0,0,5.937933e-06
0,0,5.972549e-06
0,0,0.0015447728
0,0,3.5102097e-05
0,0,0.00013645727
0,0,1.8554614e-05
0,0,1.20033155e-05
0,0,6.9412267e-06
0,0,1.2640064e-05
0,0,6.554868e-06
0,0,3.7134363e-05
0,0,2.762143e-05
0,0,5.2485237e-05
0,0,5.3730233e-05
0,0,1.4303308e-05
0,0,3.5938534e-05
0,0,4.6691363e-05
0,0,1.8034458e-05
0,0,0.000659273
0,0,1.9741788e-05
0,0,0.00041005894
0,0,1.5230614e-05
0,0,3.2873206e-05
0,0,4.552051e-05
0,0,1.26185905e-05
0,0,0.00071514724
0,0,1.240701e-05
0,0,1.2917925e-05
0,0,1.0368681e-05
0,0,2.7525031e-05
0,0,0.00027421248
0,0,0.00017082505
0,0,2.0394455e-05
0,0,0.0001100457
0,0,0.00028097018
0,0,0.0003402895
0,0,9.777326e-06
0,0,4.8846647e-05
0,0,0.0011439223
0,0,6.8709975e-05
0,0,1.4967e-05
0,0,4.9321887e-05
0,0,6.892877e-05
0,0,1.913585e-05
0,0,5.8303467e-06
0,0,0.00020243824
0,0,0.00026705448
0,0,3.254832e-05
0,0,6.1364976e-06
0,0,3.873905e-06
0,0,6.80131e-05
0,0,1.3186882e-06
0,0,6.9623097e-06
0,0,2.2654134e-05
0,0,4.5282695e-06
0,0,6.525142e-05
0,0,8.132461e-06
0,0,5.4624948e-06
0,0,7.3272354e-06
0,0,4.58226e-05
0,0,0.0001125201
0,0,4.6150668e-05
0,0,6.770572e-05
0,0,0.00052444835
0,0,0.00016177748
0,0,9.658121e-06
0,0,5.9392838e-05
0,0,9.856553e-05
0,0,8.9829206e-05
0,0,1.25594615e-05
0,0,0.00042044872
0,0,6.660814e-05
0,0,4.8889615e-05
0,0,6.148333e-05
0,0,9.202103e-06
0,0,3.8662394e-05
0,0,8.485226e-06
0,0,8.0404345e-05
0,0,0.00020921536
0,0,3.8917042e-05
0,0,1.7237227e-05
0,0,1.28835145e-05
0,0,0.00030963452
0,0,7.224401e-05
0,0,6.78758e-05
0,0,0.00027355234
0,0,3.1712e-05
0,0,7.693175e-06
0,0,4.7814315e-06
0,0,0.0029982377
0,0,9.558166e-05
0,0,6.556772e-05
0,0,5.6161072e-05
0,0,3.8518392e-05
0,0,7.0478386e-06
0,0,1.571853e-05
0,0,4.3711894e-05
0,0,0.000119550234
0,0,5.000782e-05
0,0,1.0882042e-05
0,0,0.00023462187
0,0,0.00013451657
0,0,2.8194041e-05
0,0,3.5735462e-05
0,0,0.00087709504
0,0,0.00045562632
0,0,0.00021377663
0,0,1.6555816e-05
0,0,3.1037263e-05
0,0,9.104169e-05
0,0,1.9629319e-05
0,0,9.5931655e-06
0,0,6.3958664e-06
0,0,4.9238002e-05
0,0,7.074148e-06
0,0,4.4307006e-05
0,0,1.2402586e-05
0,0,0.00012638766
0,0,0.00011031056
0,0,0.0021401749
0,0,3.2084536e-06
0,0,3.170148e-05
0,0,9.9311896e-05
0,0,1.8207043e-05
0,0,2.412013e-05
0,0,3.6483198e-05
0,0,0.00019154031
0,0,7.818921e-05
0,0,0.00016563035
0,0,1.51185895e-05
0,0,4.6624882e-05
0,0,6.46011e-06
0,0,3.5391535e-05
0,0,1.5912974e-05
0,0,0.00019215788
0,0,0.000103728016
0,0,9.000347e-06
0,0,0.00014083984
0,0,0.0013531045
0,0,6.782931e-06
0,0,1.3949436e-05
0,0,0.0010996856
0,0,1.2583523e-05
0,0,3.463178e-06
0,0,0.00041337142
0,0,0.00027561473
0,0,0.0006221997
0,0,2.495671e-05
0,0,0.0001309008
0,0,4.8643466e-05
0,0,2.7294043e-05
0,0,0.0002334437
0,0,5.115626e-06
0,0,2.4067147e-05
0,0,4.875283e-05
0,0,5.7688494e-06
0,0,9.457293e-05
0,0,1.1009696e-05
0,0,5.636005e-06
0,0,4.336095e-05
0,0,2.6721638e-05
0,0,2.0651389e-05
0,0,0.000114049064
0,0,1.7022687e-05
0,0,4.3814813e-05
0,0,0.00011271566
0,0,9.300758e-06
0,0,0.00037562312
0,0,2.0120462e-05
0,0,0.00014855944
0,0,0.00015356064
0,0,0.00027552358
0,0,0.001013743
0,0,3.6205613e-05
0,0,3.2856755e-05
0,0,5.926257e-06
0,0,1.5348282e-05
0,0,1.1201526e-05
0,0,2.226988e-06
0,0,7.25127e-05
0,0,1.2489457e-05
0,0,0.00030622908
0,0,0.00014109389
0,0,7.280218e-05
0,0,3.146585e-05
0,0,0.0001024838
0,0,0.0005733144
0,0,1.0191279e-05
0,0,0.0003108244
0,0,5.0276976e-06
0,0,1.2175374e-05
0,0,2.5817648e-05
0,0,8.638078e-06
0,0,0.00021871764
0,0,6.739928e-05
0,0,1.6187149e-05
0,0,0.00035885294
0,0,1.5806994e-05
0,0,8.248552e-05
0,0,0.0013681236
0,0,0.00054467923
0,0,1.0790142e-05
0,0,3.8380964e-05
0,0,2.4496036e-05
0,0,6.0673083e-06
0,0,0.0002901495
0,0,0.00015929072
0,0,4.7701385e-05
0,0,1.0541538e-05
0,0,0.00014064847
0,0,2.9926937e-06
0,0,9.4873176e-05
0,0,0.00015980187
0,0,3.052222e-05
0,0,0.00020795524
0,0,4.9971713e-06
0,0,3.1550797e-05
0,0,5.2160216e-05
0,0,2.475459e-05
0,0,1.6253804e-05
0,0,8.451491e-05
0,0,0.00010868632
0,0,0.0017911155
0,0,1.6076614e-05
0,0,6.950255e-05
1,0,0.0010507386
0,0,1.6619517e-05
0,0,1.2452708e-05
0,0,1.8510484e-05
0,0,2.9787201e-05
0,0,7.3925505e-05
0,0,9.9430814e-05
0,0,8.502001e-06
0,0,2.3854662e-05
0,0,6.0379966e-06
0,0,4.625104e-06
0,0,0.00030839248
0,0,6.5935824e-06
0,0,2.2079992e-05
0,0,2.7522381e-05
0,0,0.00016463538
0,0,2.7622102e-06
0,0,0.00035772403
0,0,2.705472e-05
0,0,9.926995e-05
0,0,1.3351986e-05
0,0,2.5931772e-06
0,0,6.470336e-05
0,0,8.29968e-05
0,0,8.369569e-06
0,0,9.799693e-06
0,0,1.3370308e-05
0,0,2.9723724e-05
0,0,6.463965e-05
0,0,0.000790882
0,0,2.2307835e-05
0,0,1.6471198e-05
0,0,9.277672e-05
0,0,7.7458e-05
0,0,0.00030370336
0,0,5.956624e-05
0,0,3.1903128e-05
0,0,3.0771313e-05
0,0,1.6124934e-05
0,0,0.00011808292
0,0,0.0002189816
0,0,0.00016008173
0,0,0.00028632482
0,0,0.0016974775
0,0,5.8177473e-05
0,0,1.3114907e-05
0,0,0.0004226835
0,0,3.400059e-05
0,0,3.1382573e-05
0,0,3.6486435e-05
0,0,1.0316524e-05
0,0,3.84407e-06
0,0,0.0018409974
0,0,1.3916417e-05
0,0,1.0892342e-05
0,0,0.0002069812
0,0,4.1549996e-05
0,0,2.6368903e-05
0,0,0.0003140967
0,0,2.1630418e-05
0,0,0.00022008449
0,0,1.6888993e-05
0,0,7.404929e-06
0,0,2.7455219e-05
0,0,1.5668049e-05
0,0,3.2821616e-05
0,0,1.7929611e-05
0,0,9.3193106e-05
0,0,1.2735325e-05
0,0,1.152031e-05
0,0,4.1184387e-05
0,0,6.040586e-05
0,0,1.1984672e-05
0,0,0.00078995817
0,0,5.5402586e-05
0,0,3.3523474e-06
0,0,3.0290477e-05
0,0,6.2197294e-05
0,0,6.0322334e-05
0,0,3.418053e-05
0,0,1.9852745e-05
0,0,2.541829e-05
0,0,1.1661643e-05
0,0,1.9489457e-06
0,0,0.00017632348
0,0,8.03724e-06
0,0,0.00016454732
0,0,5.73638e-05
0,0,0.00036935188
0,0,2.3210532e-05
0,0,2.098836e-05
0,0,0.0007189017
0,0,0.00011654301
0,0,2.8916458e-05
0,0,1.5547232e-05
0,0,3.527723e-06
0,0,2.341779e-05
0,0,0.00011376026
0,0,2.5677273e-05
0,0,3.0602692e-05
0,0,1.1871941e-05
0,0,0.00021293687
0,0,0.0044669057
0,0,9.152288e-05
0,0,4.7194568e-05
0,0,1.9824707e-05
0,0,6.1409296e-06
0,0,3.0298797e-05
0,0,6.6335506e-06
0,0,3.4680324e-05
0,0,2.7860264e-05
0,0,6.4120024e-05
0,0,2.8905595e-05
0,0,4.6729623e-05
0,0,4.4532317e-05
0,0,0.0021731548
0,0,0.00029928458
0,0,1.0030276e-05
0,0,0.00011216573
0,0,5.735909e-05
0,0,7.1818768e-06
0,0,2.4182986e-05
0,0,6.13831e-05
0,0,6.4802036e-05
0,0,0.00028744212
0,0,2.1074162e-05
0,0,1.2184213e-05
0,0,0.0001439912
0,0,5.105442e-05
0,0,0.00056926213
0,0,8.499894e-06
0,0,5.8291487e-05
0,0,9.469646e-06
0,0,4.238696e-05
0,0,1.3757148e-05
0,0,1.7413055e-05
0,0,0.00016676278
0,0,8.871488e-05
0,0,7.962357e-05
0,0,1.4046499e-05
0,0,1.02077665e-05
0,0,1.2905219e-05
0,0,0.0022258477
0,0,2.667385e-05
0,0,0.0008282729
0,0,2.4265019e-05
0,0,0.000111953406
0,0,3.8740454e-05
0,0,0.0016536027
0,0,1.4205608e-05
0,0,8.954688e-06
0,0,4.3431774e-06
0,0,1.3454446e-05
0,0,0.00020636973
0,0,1.2147065e-05
0,0,3.2232976e-05
0,0,2.9878154e-05
0,0,7.956072e-05
0,0,1.532013e-05
0,0,6.202973e-05
0,0,3.1869436e-05
0,0,0.0055761533
0,0,6.889601e-06
0,0,4.569843e-06
0,0,5.828093e-05
0,0,1.6945218e-05
0,0,7.122971e-06
0,0,8.542426e-06
0,0,7.0081835e-05
0,0,0.00024856854
0,0,2.5088002e-05
0,0,6.6219276e-05
0,0,1.7597255e-05
0,0,5.7766447e-06
0,0,1.913773e-05
0,0,0.0024991552
0,0,3.623411e-05
0,0,0.0023562955
0,0,0.00015690828
0,0,1.936865e-06
0,0,2.2894996e-05
0,0,0.0013682618
0,0,5.3139224e-06
0,0,0.00088747207
0,0,0.00046656246
0,0,0.000119243974
0,0,0.0001802898
0,0,3.363504e-05
0,0,0.0001512355
0,0,1.1196795e-05
0,0,5.0989393e-06
0,0,0.00021111844
0,0,4.437026e-05
0,0,1.5259575e-05
0,0,0.00012610055
0,0,4.571004e-05
0,0,0.0003287801
0,0,0.00023332798
0,0,5.1974414e-05
0,0,1.9505022e-05
0,0,9.646453e-05
0,0,6.1972373e-06
0,0,4.5987064e-05
0,0,0.00041654354
0,0,0.00039970892
0,0,7.838902e-06
0,0,0.00069555815
0,0,2.2709031e-05
0,0,0.00010044373
0,0,2.4761272e-05
0,0,2.0788126e-05
0,0,0.0026171308
0,0,3.2507312e-05
0,0,0.00018155653
0,0,0.0005348218
0,0,1.779767e-05
0,0,0.00011033443
0,0,2.1473907e-05
0,0,2.4763633e-05
0,0,1.8185005e-05
0,0,2.1586548e-05
0,0,5.0568087e-06
0,0,0.0003454109
0,0,3.020345e-06
0,0,2.9282231e-05
0,0,0.00073714013
0,0,7.76054e-06
0,0,5.3509033e-05
0,0,0.0002653813
0,0,2.4192535e-05
0,0,3.339039e-05
0,0,1.7118753e-05
0,0,6.152855e-05
0,0,1.2706586e-05
0,0,3.4558405e-05
0,0,8.616383e-06
0,0,2.8448974e-05
0,0,9.670784e-06
0,0,2.5371235e-05
0,0,5.5471945e-05
0,0,8.581084e-05
0,0,9.343556e-06
0,0,0.00027448504
0,0,3.0096462e-06
0,0,9.680916e-06
0,0,6.3809644e-06
0,0,0.012385768
0,0,3.4392108e-06
0,0,9.873323e-06
0,0,4.474717e-05
0,0,4.2872475e-06
0,0,2.0251558e-05
0,0,0.00012494325
0,0,0.00013532334
0,0,0.00015038489
0,0,4.8313977e-05
0,0,1.2596804e-05
0,0,1.2549344e-05
0,0,1.27321555e-05
0,0,2.46057e-05
0,0,9.339573e-06
0,0,6.201417e-05
0,0,6.771278e-06
0,0,8.846381e-06
0,0,6.645848e-06
0,0,4.848785e-05
0,0,0.012661116
0,0,0.0003697949
0,0,1.842953e-05
0,0,2.0208072e-05
0,0,5.0639997e-06
0,0,5.4392585e-06
0,0,7.929176e-05
0,0,1.5160475e-05
0,0,0.00028716875
0,0,8.183139e-06
0,0,1.1315086e-05
0,0,2.1834248e-05
0,0,3.1110903e-05
0,0,8.9681474e-05
0,0,2.9004111e-06
0,0,1.3441262e-05
0,0,0.00034283457
0,0,0.0005000782
0,0,0.00016613698
0,0,2.7033882e-06
0,0,0.00034134302
0,0,0.00019102597
0,0,0.0013007828
0,0,6.86853e-06
0,0,3.197324e-05
0,0,4.1797826e-05
0,0,8.643764e-05
0,0,1.0070339e-05
0,0,3.2936125e-05
0,0,0.00010076347
0,0,0.00012316875
0,0,7.585238e-06
0,0,1.735738e-05
0,0,8.406423e-05
1,1,0.9841958
0,0,0.00011334068
0,0,3.121486e-05
0,0,0.00013263799
0,0,6.464723e-05
0,0,1.32834275e-05
0,0,2.2644024e-05
0,0,9.77087e-05
0,0,4.8704456e-05
0,0,0.0003357151
0,0,0.00021155468
0,0,1.1810746e-05
0,0,6.8535587e-06
0,0,0.0005750076
0,0,0.00029092954
0,0,9.017065e-06
0,0,5.1833567e-06
0,0,1.4280683e-05
0,0,3.1576892e-05
0,0,6.850696e-05
0,0,1.4989842e-05
0,0,2.4892935e-05
0,0,5.3504386e-06
0,0,0.00031751514
0,0,4.774191e-06
0,0,1.4126496e-05
0,0,0.00064644107
0,0,9.225955e-05
0,0,7.607643e-05
0,0,2.7752867e-05
0,0,0.00039037195
0,0,5.6671684e-06
0,0,0.00011992576
0,0,3.2444197e-05
0,0,6.1322507e-06
0,0,3.4091106e-05
0,0,0.0007976978
0,0,3.355379e-05
0,0,0.00024942294
0,0,5.2759584e-05
0,0,0.0003701053
0,0,2.3032897e-05
0,0,0.00013707922
0,0,8.542304e-06
0,0,7.079869e-05
0,0,3.2430802e-05
0,0,4.907403e-05
0,0,0.0004155084
0,0,0.00011378889
0,0,7.688517e-05
0,0,7.978164e-06
0,0,0.00015009852
0,0,6.346685e-05
0,0,1.226456e-05
0,0,7.133366e-05
0,0,7.353291e-05
0,0,0.00015884994
0,0,1.96688e-05
0,0,8.24224e-06
0,0,2.6525402e-05
0,0,0.0010132659
0,0,8.874417e-06
0,0,0.00082171505
0,0,9.075115e-05
0,0,0.0034180991
0,0,1.7894014e-05
0,0,9.044618e-05
0,0,1.723164e-05
0,0,1.9116316e-05
0,0,0.00021913594
0,0,1.7127817e-05
0,0,3.746056e-05
0,0,3.106607e-06
0,0,7.0280206e-05
0,0,9.955173e-06
0,0,3.203767e-05
0,0,5.2582876e-05
0,0,3.0411466e-05
0,0,4.5172525e-05
0,0,2.6659352e-05
0,0,0.00013177357
0,0,3.1515163e-05
0,0,4.8819824e-05
0,0,2.6382413e-05
0,0,4.7995836e-05
0,0,0.00044462932
0,0,1.6487246e-06
0,0,9.282017e-05
0,0,0.00089495623
0,0,2.8606466e-05
0,0,1.675742e-05
0,0,4.0665086e-06
0,0,4.8118745e-05
0,0,0.000109313594
0,0,6.77834e-06
0,0,4.55815e-05
0,0,0.00015037242
0,0,1.6335713e-05
0,0,2.9328678e-05
0,0,1.0862302e-05
0,0,2.8151779e-05
0,0,7.620069e-06
0,0,0.0007390005
0,0,1.9665931e-05
0,0,7.1768016e-05
0,0,1.1820809e-05
0,0,6.7772315e-05
0,0,2.3298551e-05
0,0,1.754054e-05
0,0,9.877258e-06
0,0,4.7099795e-05
0,0,3.7911161e-06
0,0,0.00017778158
0,0,0.00018268108
0,0,6.314532e-05
0,0,1.01032565e-05
0,0,2.0909487e-05
0,0,0.0003821447
0,0,4.116444e-05
0,0,0.0017920817
0,0,3.9814564e-05
0,0,9.87615e-05
0,0,0.0002088785
0,0,0.00015816106
0,0,4.10947e-05
0,0,1.8487655e-05
0,0,6.7048163e-06
0,0,3.2695032e-05
0,0,3.113598e-06
0,0,9.955068e-06
0,0,2.781882e-05
0,0,1.4644059e-05
0,0,4.9859154e-05
0,0,4.6890862e-05
0,0,7.6390985e-05
0,0,1.9199975e-05
0,0,4.2823525e-05
0,0,0.00018022483
0,0,3.731431e-05
0,0,0.001997783
0,0,4.2001728e-05
0,0,2.3391274e-05
0,0,1.1635194e-05
0,0,6.085162e-05
0,0,0.00024552672
0,0,3.252356e-05
0,0,5.670942e-06
0,0,3.2083655e-05
0,0,3.7531718e-05
0,0,7.205892e-05
0,0,2.1896993e-05
0,0,0.000118672724
0,0,2.9277122e-05
0,0,3.17438e-05
0,0,5.7877005e-05
0,0,1.8843872e-05
0,0,1.6743108e-05
0,0,0.00012387038
0,0,0.00093162974
0,0,7.268405e-06
0,0,0.00010257493
0,0,5.3819786e-06
0,0,8.3967294e-05
0,0,0.05461091
0,0,9.1333604e-05
0,0,0.00022468508
0,0,5.1397543e-05
0,0,7.331173e-05
0,0,8.782889e-06
0,0,5.133313e-05
0,0,9.029305e-05
0,0,9.32191e-06
0,0,6.244906e-05
0,0,1.3115934e-05
0,0,2.875012e-06
0,0,6.640665e-05
0,0,8.132118e-05
0,0,6.542808e-06
0,0,2.220676e-05
0,0,1.0215518e-05
0,0,9.5006e-05
0,0,7.9835445e-06
0,0,0.00012671432
0,0,7.039758e-05
0,0,4.880963e-05
0,0,1.7813172e-05
0,0,2.1142867e-05
0,0,1.796213e-05
0,0,0.00020462257
0,0,5.3710314e-06
0,0,0.0007009829
0,0,0.0002466104
0,0,3.8361606e-05
0,0,5.3551707e-06
0,0,0.000109811204
0,0,8.761346e-05
0,0,3.801716e-05
0,0,5.1618976e-05
0,0,5.1871724e-05
0,0,0.00015411145
0,0,5.0059048e-06
0,0,9.628211e-05
0,0,0.00034683442
0,0,2.3157998e-05
0,0,0.002127626
0,0,2.344854e-05
0,0,0.00011129295
0,0,0.0006884034
0,0,0.00030150067
0,0,2.9137855e-05
0,0,3.856463e-05
0,0,0.0009842503
0,0,3.7648653e-05
0,0,0.00017891773
0,0,4.8322736e-06
0,0,6.7985125e-06
0,0,0.000461783
0,0,4.758367e-05
0,0,4.2444848e-05
0,0,3.058985e-05
0,0,1.9822344e-05
0,0,0.00035484493
0,0,7.5268734e-05
0,0,0.000108903245
0,0,7.379049e-05
0,0,4.4297285e-05
0,0,0.00011966349
0,0,2.3797404e-05
0,0,8.769841e-06
0,0,0.00017550946
0,0,4.2930983e-06
0,0,2.8142676e-05
0,0,1.6380876e-05
0,0,1.3929749e-05
0,0,0.00012819581
0,0,0.0004004532
0,0,8.297826e-06
0,0,3.335936e-05
0,0,0.00017253569
0,0,3.2624364e-05
0,0,8.972382e-05
0,0,1.1384988e-05
0,0,4.5866045e-06
0,0,1.8953433e-05
0,0,3.0081514e-05
0,0,5.6517387e-05
0,0,2.1499807e-05
0,0,7.462124e-05
0,0,0.0016712276
0,0,4.052186e-05
0,0,9.123746e-06
0,0,0.00014669626
0,0,3.763304e-05
0,0,4.6824236e-05
0,0,2.0716483e-05
0,0,1.1301315e-05
0,0,0.00018361432
0,0,0.00012417752
0,0,2.6138946e-06
0,0,5.6454635e-05
0,0,0.00033749308
0,0,1.0333687e-05
0,0,0.0014151939
0,0,6.4849264e-05
0,0,0.0011127202
0,0,1.11866875e-05
0,0,3.745131e-05
0,0,2.4348281e-05
0,0,1.8006704e-05
0,0,0.00032778207
0,0,0.0007059365
0,0,5.846289e-05
0,0,1.7016406e-05
0,0,7.4063595e-05
0,0,0.00021191404
0,0,5.428029e-06
0,0,1.7961873e-05
0,0,0.00013327392
0,0,0.0002045904
0,0,2.174506e-06
0,0,4.5542438e-05
0,0,2.6959426e-05
0,0,0.00015348716
0,0,7.057315e-05
0,0,1.3838466e-05
0,0,1.7932553e-05
0,0,1.0956999e-05
0,0,3.453577e-05
0,0,1.0277706e-05
0,0,0.00015788683
0,0,0.0010091402
0,0,6.693912e-05
0,0,5.0514245e-05
0,0,1.9943602e-05
0,0,4.177575e-05
0,0,5.449378e-06
0,0,8.23578e-05
0,0,1.2319503e-05
0,0,6.9052985e-05
0,0,0.00014504913
0,0,0.000119402124
0,0,0.00011124956
0,0,0.020198794
0,0,1.3038661e-05
0,0,8.833459e-05
0,0,9.17332e-06
0,0,0.000103928505
0,0,0.00034849392
0,0,3.2559215e-05
0,0,8.469469e-06
0,0,7.048329e-05
0,0,4.854397e-05
0,0,0.00015213512
0,0,4.108745e-05
0,0,7.013004e-05
0,0,1.3387903e-05
0,0,1.47809005e-05
0,0,9.610187e-05
0,0,6.878067e-06
0,0,4.2780583e-05
0,0,6.307539e-05
0,0,8.580441e-06
0,0,8.93957e-05
0,0,0.0005242402
0,0,6.186337e-06
0,0,1.8287943e-05
0,0,1.1649583e-05
0,0,1.4660995e-05
0,0,4.5658675e-05
0,0,0.00023989858
0,0,1.1215775e-05
0,0,8.732736e-05
0,0,3.468003e-05
0,0,0.00018440226
0,0,2.5296195e-05
0,0,4.3958782e-05
0,0,1.653002e-05
0,0,4.7946065e-05
0,0,1.6794185e-05
0,0,1.27995645e-05
0,0,3.1025487e-05
0,0,5.1845136e-06
0,0,0.00012850374
0,0,0.00037648514
0,0,7.201849e-06
0,0,0.002967886
0,0,0.0002766913
0,0,2.347454e-05
0,0,0.00063945615
0,0,0.00022805462
0,0,3.36901e-06
0,0,0.00013977436
0,0,1.6868598e-05
0,0,0.0013139466
0,0,4.98929e-06
0,0,0.002643641
0,0,0.00051250134
0,0,3.39216e-05
0,0,0.00062301266
0,0,0.00026429983
0,0,3.307862e-05
0,0,1.9669607e-05
0,0,2.1024098e-05
0,0,0.00043921886
0,0,0.00033323653
0,0,5.649389e-05
0,0,1.792431e-05
0,0,1.6706168e-05
0,0,1.8751676e-05
0,0,8.618413e-05
0,0,0.00016729184
0,0,0.0006603332
0,0,1.1575108e-05
0,0,1.7187162e-05
0,0,0.00038004646
0,0,0.00013207711
0,0,1.2315614e-05
0,0,4.7363555e-05
0,0,1.7231687e-05
0,0,5.854662e-06
0,0,2.6822197e-06
0,0,4.7711805e-05
0,0,0.00013615949
0,0,0.00018289006
0,0,4.268531e-05
0,0,8.369294e-05
0,0,7.955283e-05
0,0,0.00017664339
0,0,3.2465643e-05
0,0,1.1188191e-05
0,0,3.7735856e-05
0,0,0.00012010028
0,0,9.294808e-06
0,0,3.5074627e-05
0,0,0.00019025363
0,0,2.3545905e-05
0,0,2.1668531e-05
0,0,1.3275487e-05
0,0,0.0001335683
0,0,4.4448352e-05
0,0,0.00043196636
0,0,1.1943437e-05
0,0,1.4010389e-05
0,0,1.7800929e-05
0,0,0.00015507551
0,0,7.989722e-06
0,0,1.6349257e-05
0,0,2.5116487e-05
0,0,0.0035585114
0,0,2.5905201e-05
0,0,2.9817288e-06
0,0,1.4546876e-05
0,0,5.051058e-05
0,0,7.08701e-05
0,0,0.00011648457
0,0,4.8285424e-06
0,0,7.76865e-05
0,0,1.3712313e-05
0,0,0.00011820864
0,0,3.3271066e-05
0,0,0.00031672965
0,0,0.000106707506
0,0,1.5244564e-05
0,0,1.25859e-05
0,0,0.00012058949
0,0,7.829575e-05
0,0,6.2900945e-06
0,0,1.6144472e-06
0,0,4.5349494e-05
0,0,0.00015246637
0,0,0.000119936965
0,0,2.8222661e-05
0,0,5.1511433e-06
0,0,0.00016685727
0,0,0.000559021
0,0,2.5919558e-06
0,0,2.5414279e-06
0,0,8.428979e-05
0,0,0.00025706843
0,0,0.00017299943
0,0,1.2901269e-05
0,0,7.9022364e-05
0,0,3.7181424e-05
0,0,6.7722726e-06
0,0,0.0002064833
0,0,3.2638804e-05
0,0,7.420944e-05
0,0,3.4597742e-05
0,0,0.0001450523
0,0,0.00021133394
0,0,0.00013583737
0,0,1.9831798e-05
0,0,7.201619e-05
0,0,0.00012426078
0,0,9.828088e-06
0,0,3.6670055e-05
0,0,0.0001353276
0,0,6.009279e-05
0,0,2.5056392e-05
0,0,8.023722e-05
0,0,2.8577479e-05
0,0,3.912002e-05
0,0,1.540866e-05
0,0,0.00017013175
0,0,0.0007876465
0,0,0.00014409765
0,0,8.546501e-06
0,0,3.3782846e-05
0,0,1.4221224e-05
0,0,9.780422e-06
0,0,2.580817e-05
0,0,0.00036316103
0,0,1.161382e-05
0,0,5.904098e-05
0,0,0.0003873707
0,0,0.00014889782
0,0,0.00014265899
0,0,0.0011035085
0,0,7.336311e-06
0,0,6.105163e-05
0,0,1.27051435e-05
0,0,2.6192067e-05
0,0,0.000117401745
0,0,0.00033170398
0,0,5.361671e-05
0,0,3.778119e-05
0,0,2.7826729e-05
0,0,5.016649e-05
0,0,1.6876596e-05
0,0,1.1485108e-05
0,0,4.772209e-05
0,0,0.01765139
0,0,2.6746367e-05
0,0,4.441535e-05
0,0,1.4156085e-05
0,0,0.00027708148
0,0,0.00017264725
0,0,1.0857712e-05
0,0,1.07449e-05
0,0,1.2727992e-05
0,0,3.727689e-05
0,0,0.00057076896
0,0,0.00022749952
0,0,5.834777e-05
0,0,2.1390659e-05
0,0,0.00014281168
0,0,4.389632e-05
0,0,0.00015584676
0,0,2.0657357e-05
0,0,1.5005703e-05
0,0,2.7222532e-05
0,0,1.636896e-06
0,0,0.00013919645
0,0,0.0006059758
0,0,2.7115835e-05
0,0,3.801716e-05
0,0,0.0011354965
0,0,1.41198425e-05
0,0,6.0345315e-06
0,0,2.0478277e-05
0,0,2.7896021e-05
0,0,4.4098473e-05
0,0,0.00025051017
0,0,3.842446e-06
0,0,3.593978e-06
0,0,1.1515719e-05
0,0,8.752629e-06
0,0,8.313352e-05
0,0,1.725188e-05
0,0,4.3524074e-06
0,0,5.6822773e-05
0,0,4.5662705e-06
0,0,3.382743e-05
0,0,2.5260613e-05
0,0,6.2443714e-06
0,0,2.7836436e-06
0,0,5.7790636e-05
0,0,1.7194048e-05
0,0,1.6436365e-05
0,0,2.7276035e-05
0,0,9.003425e-05
0,0,0.00024346742
0,0,7.739435e-05
0,0,0.00014491184
0,0,2.2778046e-05
0,0,5.049205e-06
0,0,0.0001357321
0,0,7.051382e-05
0,0,2.9702045e-05
0,0,0.0003004562
0,0,0.0020572892
0,0,1.128445e-05
0,0,1.9816166e-06
0,0,0.00019681611
0,0,7.073364e-05
0,0,3.2631747e-06
0,0,7.1908407e-06
0,0,0.00013606604
0,0,3.3058976e-05
0,0,2.7280641e-05
0,0,0.00049965864
0,0,3.1843916e-05
0,0,3.105562e-05
0,0,1.0564667e-05
0,0,0.00020086393
0,0,8.157641e-05
0,0,0.00014330905
0,0,1.7538683e-05
0,0,3.3465847e-05
0,0,3.979323e-05
0,0,2.9609342e-05
0,0,4.251501e-05
0,0,0.0016765967
0,0,4.3121614e-05
0,0,1.9955169e-05
0,0,2.660622e-05
0,0,4.3093045e-05
0,0,0.0008253086
0,0,3.802702e-05
0,0,2.1596388e-05
0,0,3.6871975e-06
0,0,2.813334e-05
0,0,0.00025401879
0,0,1.0180176e-05
0,0,3.774327e-05
0,0,3.4597182e-05
0,0,6.305464e-05
0,0,3.4574593e-06
0,0,4.6375153e-06
0,0,3.7330894e-05
0,0,4.562949e-06
0,0,1.4754833e-05
0,0,5.056298e-06
0,0,1.1220856e-05
0,0,9.235158e-06
0,0,0.00014272211
0,0,1.4463685e-05
0,0,5.4741082e-05
0,0,0.00014483697
0,0,0.00025119205
0,0,8.6319356e-05
0,0,0.00038680408
0,0,6.870991e-05
0,0,2.683249e-05
0,0,1.1785902e-05
0,0,3.6269543e-05
0,0,0.00019822785
0,0,0.00020464502
0,0,0.00015959797
0,0,1.2189479e-05
0,0,8.371868e-06
0,0,0.0002773902
0,0,4.9356804e-06
0,0,2.7296775e-05
0,0,2.0730455e-05
0,0,0.0004994372
0,0,5.7245048e-05
0,0,0.00011280168
0,0,5.226676e-06
0,0,2.0065507e-05
0,0,0.00025457522
0,0,1.4133747e-05
0,0,0.00020693346
0,0,3.795594e-05
0,0,3.2499345e-05
0,0,0.00035647413
0,0,2.0801173e-05
0,0,6.6160383e-06
0,0,3.0474754e-05
0,0,1.7543483e-05
0,0,0.000334205
0,0,8.870475e-06
0,0,7.7289034e-05
0,0,2.1187412e-05
0,0,2.6653532e-05
0,0,0.00045711588
0,0,0.0002199561
0,0,4.1613603e-05
0,0,0.00030872045
0,0,6.0639028e-05
0,0,4.20426e-05
0,0,1.21291e-05
0,0,6.856376e-05
0,0,2.5194118e-05
0,0,0.0026423577
0,0,0.0011240088
0,0,0.00020465048
0,0,1.4228671e-05
0,0,1.4332953e-05
0,0,3.2953372e-05
0,0,6.314845e-05
0,0,0.00018893162
0,0,0.0003270002
0,0,9.546133e-05
0,0,2.7492399e-05
0,0,1.34537795e-05
0,0,1.15994635e-05
0,0,0.00053267233
0,0,0.00064099504
0,0,0.0001000557
0,0,0.000108265835
0,0,3.7687376e-05
0,0,3.0611653e-05
0,0,4.4107687e-06
0,0,2.63806e-05
0,0,2.1023418e-05
0,0,0.00042573275
0,0,4.2134725e-06
0,0,0.00020493616
0,0,3.3635365e-06
0,0,6.3747146e-05
0,0,9.530547e-06
0,0,1.3854127e-05
0,0,7.432251e-06
0,0,6.9044756e-05
0,0,8.625722e-06
0,0,9.514389e-05
0,0,0.0001439275
0,0,2.1067992e-05
0,0,5.643558e-05
0,0,4.5492518e-05
0,0,3.10999e-05
0,0,2.174104e-05
0,0,5.129648e-05
0,0,0.00030772813
0,0,0.00033651604
0,0,5.7993257e-06
0,0,6.6294656e-06
0,0,5.3806376e-05
0,0,1.4999837e-05
0,0,2.3874803e-05
0,0,0.00068073045
0,0,1.7697592e-05
0,0,1.5478294e-05
0,0,2.462398e-06
0,0,4.717059e-05
0,0,1.0394631e-05
0,0,6.811643e-05
0,0,2.5552083e-05
0,0,4.467042e-05
0,0,9.055413e-06
0,0,6.4489072e-06
0,0,4.370538e-06
0,0,3.0352767e-06
0,0,0.0003058979
0,0,0.0031918564
0,0,7.7987854e-05
0,0,5.5750575e-06
0,0,3.4378045e-05
0,0,0.0005128977
0,0,0.0002996295
0,0,7.363795e-06
0,0,1.2869588e-05
1,1,0.9499448
0,0,3.6348112e-05
0,0,2.3440358e-05
0,0,0.0003106881
0,0,6.297316e-05
0,0,1.0379366e-05
0,0,1.2685858e-05
0,0,2.452261e-05
0,0,1.2386712e-05
0,0,7.0846736e-06
0,0,1.4407681e-05
0,0,3.6934057e-06
0,0,0.00040432613
0,0,4.834343e-06
0,0,1.42065965e-05
0,0,6.9750763e-06
0,0,0.00021234181
0,0,2.4447003e-05
0,0,0.00023359199
0,0,0.0001631094
1,1,0.9707667
0,0,1.300094e-05
0,0,2.1937605e-05
0,0,2.627092e-06
0,0,2.3218035e-05
0,0,1.7552036e-05
0,0,8.053157e-05
0,0,8.39035e-05
0,0,4.9509585e-05
0,0,7.814053e-05
0,0,0.0006442475
0,0,3.0992956e-05
0,0,9.0090625e-06
0,0,0.0010606586
0,0,0.00038876652
0,0,1.8023937e-05
0,0,0.0014271737
0,0,0.0037870978
0,0,5.9776667e-05
0,0,6.195997e-06
0,0,6.3696925e-06
0,0,0.009019918
0,0,1.1467913e-05
0,0,4.8772592e-05
0,0,2.9516766e-06
0,0,2.8508613e-05
0,0,3.9911088e-06
0,0,3.7474245e-05
0,0,9.318701e-06
0,0,1.0220058e-05
0,0,2.4113583e-06
0,0,3.5810115e-06
0,0,4.6611212e-06
0,0,3.0274794e-05
0,0,5.0332914e-05
0,0,0.00022544771
0,0,5.4085303e-05
0,0,0.00015458226
0,0,5.080633e-05
0,0,0.00031552563
0,0,3.7070677e-05
0,0,0.00019677033
0,0,6.715017e-05
0,0,2.7129827e-05
0,0,6.319369e-05
0,0,7.809153e-06
0,0,0.00082622963
0,0,9.9068995e-05
0,0,0.00021579585
0,0,2.0662144e-05
0,0,6.813014e-05
0,0,0.00072177284
0,0,0.00011994807
0,0,4.4335575e-05
0,0,2.871596e-05
0,0,2.7989872e-06
0,0,5.236665e-05
0,0,1.4629668e-05
0,0,0.00015094117
0,0,3.832157e-05
0,0,0.00040463943
0,0,8.5320135e-05
0,0,0.00019593496
0,0,5.8870795e-05
0,0,3.7942984e-05
0,0,1.9053169e-06
0,0,4.9947954e-05
0,0,2.9513125e-05
0,0,5.7894667e-05
0,0,1.7791497e-06
0,0,2.9676621e-05
0,0,6.5104796e-05
0,0,0.0002085229
0,0,1.1890229e-05
0,0,1.8843351e-05
0,0,2.3079604e-06
0,0,5.9029107e-06
0,0,4.631503e-05
0,0,2.202985e-05
0,0,4.7603953e-05
0,0,4.5084304e-05
0,0,2.3175473e-05
0,0,1.6143213e-05
0,0,2.270357e-06
0,0,1.9850453e-05
0,0,0.00018029995
0,0,1.9219651e-05
0,0,3.4218494e-05
0,0,9.531737e-06
0,0,5.2555657e-05
0,0,5.1089875e-05
0,0,4.862292e-05
0,0,0.0004203147
0,0,2.303441e-05
0,0,0.000150511
0,0,0.00010421413
0,0,3.0143254e-05
0,0,2.5842133e-05
0,0,0.000479491
0,0,1.2796063e-05
0,0,2.1906748e-05
0,0,1.5505491e-05
0,0,7.591281e-06
0,0,5.7501813e-05
0,0,1.572385e-05
0,0,7.3002404e-05
0,0,8.37842e-05
0,0,3.8471586e-05
0,0,7.384392e-05
0,0,0.00012821452
0,0,1.663228e-05
0,0,0.00012951481
0,0,5.6983343e-05
0,0,9.6342665e-06
0,0,5.2402367e-05
0,0,0.0010750864
0,0,6.90234e-06
0,0,3.1948886e-05
0,0,6.6966873e-06
0,0,1.9054131e-06
0,0,0.00018085177
0,0,4.4116936e-05
0,0,2.7682995e-06
0,0,1.6233185e-05
0,0,6.1436767e-06
0,0,2.6137994e-05
0,0,0.00029312316
0,0,6.589616e-06
0,0,7.934482e-06
0,0,1.6087932e-05
0,0,7.416113e-05
0,0,6.848717e-05
0,0,5.466987e-06
0,0,2.6392001e-05
0,0,2.882678e-05
0,0,4.1468455e-05
0,0,8.703279e-06
0,0,2.6704798e-05
0,0,8.915002e-05
0,0,1.8657813e-05
0,0,3.48313e-05
0,0,6.4276996e-06
0,0,1.4376717e-05
0,0,2.1455422e-05
0,0,9.915463e-06
0,0,4.5294775e-05
0,0,4.474119e-05
0,0,7.89618e-06
0,0,0.017028866
0,0,7.5244225e-06
0,0,5.4272594e-05
0,0,7.0480004e-05
0,0,7.146152e-05
0,0,1.8242203e-05
0,0,0.00034975805
0,0,0.00031807748
0,0,0.00046276744
0,0,0.0004104643
0,0,2.4329272e-05
0,0,5.141014e-06
0,0,0.00011949917
0,0,3.906317e-05
0,0,4.328307e-05
0,0,8.442664e-06
0,0,0.00041626286
0,0,0.0015997848
0,0,0.00054792094
0,0,6.8559435e-05
0,0,1.9431463e-05
0,0,6.4801643e-06
0,0,2.9791774e-05
0,0,0.00055494014
0,0,1.5441641e-05
0,0,4.4693985e-05
0,0,6.8305976e-06
0,0,3.1956108e-05
0,0,4.2076495e-05
0,0,0.0002513564
0,0,5.7844068e-06
0,0,0.0007523807
0,0,0.0011403875
0,0,3.3038865e-05
0,0,5.2077114e-05
0,0,0.00045314146
0,0,3.6331716e-05
0,0,0.00048444627
0,0,1.5212802e-05
0,0,4.264194e-05
0,0,1.7200378e-05
0,0,1.6006396e-05
0,0,7.2719067e-06
0,0,8.509888e-05
0,0,8.438598e-05
0,0,1.1452831e-05
0,0,7.27906e-06
0,0,0.00018245983
0,0,5.573479e-05
0,0,0.00016101095
0,0,1.25799725e-05
0,0,8.617461e-05
0,0,9.033016e-05
0,0,0.00071945786
0,0,3.230662e-05
0,0,2.2654067e-05
0,0,3.4983414e-06
0,0,6.5483755e-06
0,0,0.00026170808
0,0,3.515059e-06
0,0,0.0001638961
0,0,2.0340593e-05
0,0,9.964614e-06
0,0,4.454914e-05
0,0,0.00048119543
0,0,8.919854e-06
0,0,6.5279055e-05
0,0,1.577773e-05
0,0,1.6590666e-05
0,0,0.00020713007
0,0,7.7867764e-05
0,0,5.54177e-05
1,1,0.9894868
0,0,2.6755755e-05
0,0,0.00048290542
0,0,8.9104884e-05
0,0,3.018099e-06
0,0,0.00031435103
0,0,8.476136e-06
0,0,7.872594e-05
0,0,5.576929e-05
0,0,3.6843858e-06
0,0,7.2246808e-06
0,0,0.00014255971
0,0,8.134988e-05
0,0,1.3303903e-05
0,0,8.457298e-06
0,0,1.6524064e-05
0,0,0.00019894473
0,0,4.9017845e-06
1,1,0.960144
0,0,8.3271254e-05
0,0,1.981794e-05
0,0,3.5625457e-05
0,0,0.0006769313
0,0,0.00032010017
0,0,1.1976023e-05
0,0,7.230479e-05
0,0,1.8791292e-05
0,0,6.419925e-05
0,0,4.290659e-05
0,0,3.03974e-05
0,0,0.0003418566
0,0,8.482407e-05
0,0,7.547019e-05
0,0,3.8313567e-05
0,0,7.645563e-05
0,0,1.6707603e-05
0,0,2.2918304e-05
0,0,5.1355506e-05
0,0,0.00034887588
0,0,0.000993202
0,0,0.00086215127
0,0,0.00011466999
0,0,6.2649447e-06
0,0,0.00029147396
0,0,1.3453009e-05
0,0,7.7750236e-05
0,0,0.000135848
0,0,5.3055646e-05
0,0,4.7895566e-05
0,0,4.303026e-06
0,0,1.976185e-05
0,0,0.0005274457
0,0,7.851846e-06
0,0,3.0577514e-05
0,0,0.00025888855
0,0,1.833296e-05
0,0,1.5390582e-05
0,0,0.013847803
0,0,3.7190963e-05
0,0,0.00019065477
0,0,5.5150667e-05
0,0,9.4856e-05
0,0,2.0078465e-05
0,0,2.0294457e-05
0,0,2.4016315e-05
0,0,0.00011415732
0,0,1.1069822e-05
0,0,0.00023066721
0,0,2.3755185e-05
0,0,4.5582063e-05
0,0,1.1745251e-05
0,0,8.224283e-05
0,0,2.0465313e-05
0,0,0.00016007913
0,0,9.9668796e-05
0,0,4.5920797e-06
0,0,1.8363022e-05
0,0,1.24444205e-05
0,0,1.4846932e-05
0,0,0.0003363337
0,0,1.2095589e-05
0,0,0.00019645876
0,0,0.00016761693
0,0,0.00010957355
0,0,0.00017501763
0,0,1.02422955e-05
0,0,0.0001799053
0,0,0.00023656263
0,0,0.00017784837
0,0,3.3017752e-06
0,0,6.777019e-05
0,0,2.058597e-05
0,0,9.218325e-06
0,0,0.00012653417
0,0,6.1171915e-05
0,0,0.0001492068
0,0,9.4177985e-06
0,0,6.7684094e-05
0,0,5.6410987e-05
0,0,2.8639111e-05
0,0,9.733749e-06
0,0,4.7672756e-06
0,0,2.7776196e-05
0,0,5.4133656e-05
0,0,0.00015776703
0,0,0.00020370183
0,0,0.000110026915
0,0,4.0621842e-05
0,0,0.00037400806
0,0,1.1625699e-05
0,0,8.281533e-06
0,0,0.00023268018
0,0,0.00025468133
0,0,6.620121e-06
0,0,0.0010044158
0,0,1.9356854e-05
0,0,8.7083376e-05
0,0,1.27079675e-05
0,0,1.563202e-05
0,0,1.0820913e-05
0,0,0.0001408205
0,0,1.1011218e-05
0,0,2.5831145e-05
0,0,4.5890674e-06
0,0,1.1534106e-05
0,0,7.711345e-05
0,0,2.5979767e-05
0,0,1.973232e-05
0,0,0.00029067308
0,0,1.0113996e-05
0,0,2.5512443e-05
0,0,4.7168655e-06
0,0,8.165653e-06
0,0,5.438159e-06
0,0,8.014524e-06
0,0,5.086606e-05
0,0,8.852685e-05
0,0,1.3505121e-05
0,0,7.144933e-05
0,0,0.00018843202
0,0,0.00012497162
0,0,1.912113e-05
0,0,0.00027026417
0,0,3.507115e-05
0,0,2.136819e-05
0,0,4.672637e-05
0,0,9.6317286e-05
0,0,2.1289616e-05
0,0,9.53642e-06
0,0,4.5399993e-05
0,0,0.00039102766
0,0,0.0002085579
0,0,5.6422396e-05
0,0,7.3854144e-06
0,0,0.00016345676
0,0,3.861269e-05
0,0,2.0392781e-05
0,0,7.87689e-05
0,0,3.2448464e-05
0,0,0.00019549139
0,0,3.514152e-05
0,0,0.0010383797
0,0,1.6718952e-05
0,0,0.00027158955
0,0,1.4071062e-05
0,0,1.626652e-05
0,0,2.462372e-06
0,0,1.4124853e-05
0,0,0.0016069112
0,0,1.7972976e-05
0,0,0.0012687903
0,0,7.0702363e-06
0,0,0.0005975307
0,0,2.4903835e-05
0,0,1.3136363e-05
0,0,1.579298e-05
0,0,0.0004968804
0,0,1.26371715e-05
0,0,0.000115264615
0,0,0.0006276853
0,0,3.0020961e-05
0,0,5.0873045e-05
0,0,1.7360626e-05
0,0,0.00019410468
0,0,0.00018524322
0,0,2.23478e-05
0,0,3.8657934e-05
0,0,3.95957e-06
0,0,3.563487e-06
0,0,8.452522e-05
0,0,0.00011092637
0,0,6.794704e-05
0,0,7.858558e-06
0,0,0.0006643251
0,0,2.3723534e-05
0,0,5.83068e-06
0,0,0.0010907479
0,0,0.0010078009
0,0,8.061694e-05
0,0,1.9661185e-05
0,0,6.686359e-05
0,0,1.3531665e-05
0,0,1.3552872e-05
0,0,2.7219208e-05
0,0,4.531478e-05
0,0,7.2297944e-06
0,0,1.501498e-05
0,0,5.510853e-06
0,0,5.090869e-06
0,0,3.6740657e-05
0,0,1.1014411e-05
0,0,2.89568e-05
0,0,4.861091e-05
0,0,8.495375e-05
0,0,0.00038750182
0,0,0.00085257844
0,0,0.00018438644
0,0,1.5601698e-05
0,0,0.00010621352
0,0,9.523893e-05
0,0,9.745383e-05
0,0,1.8662278e-05
0,0,2.0848895e-05
0,0,1.6203935e-06
0,0,6.1310457e-06
0,0,5.1087827e-05
0,0,5.576584e-06
0,0,0.009216508
0,0,5.1196832e-05
0,0,1.0784114e-05
0,0,6.2516505e-05
0,0,4.566516e-05
0,0,5.314948e-05
0,0,0.000110893154
0,0,9.886854e-05
0,0,9.813505e-05
0,0,0.0017497428
0,0,0.00021047647
0,0,8.4415275e-05
0,0,0.003656932
0,0,3.1730575e-05
0,0,1.891647e-05
0,0,4.3744007e-05
0,0,2.0315973e-05
0,0,2.5459047e-05
0,0,3.9209453e-06
0,0,0.00026596745
0,0,0.0001275086
0,0,0.00010652959
0,0,0.002490508
0,0,0.00029376833
0,0,3.892811e-06
0,0,7.3209936e-05
0,0,2.10855e-05
0,0,5.3639513e-05
0,0,3.209023e-06
0,0,0.00020851198
0,0,0.00028750434
0,0,1.2199469e-06
0,0,0.00017895526
0,0,3.13237e-05
0,0,5.952414e-06
0,0,0.0006360824
0,0,8.035087e-06
0,0,2.1980304e-05
0,0,0.0017208944
0,0,1.5602873e-05
0,0,1.6194097e-05
0,0,0.00010320422
0,0,0.0018938457
0,0,0.00010401506
0,0,3.0580984e-05
0,0,6.216291e-05
0,0,1.3526802e-05
0,0,0.0011053355
0,0,8.902033e-06
0,0,8.665395e-05
0,0,2.2735056e-05
0,0,4.8257525e-06
0,0,0.00045636267
0,0,1.4610205e-05
0,0,6.3546513e-06
0,0,9.209557e-06
0,0,0.00023401465
0,0,0.00014636456
0,0,4.2328233e-05
0,0,4.1031064e-05
0,0,1.7179642e-05
0,0,2.3176335e-05
0,0,2.6616726e-05
0,0,2.6344198e-05
0,0,5.9857607e-06
0,0,3.997843e-05
0,0,3.7851296e-05
0,0,1.4264064e-05
0,0,2.670355e-05
0,0,2.2117863e-05
0,0,2.5867457e-05
0,0,3.2490392e-05
0,0,1.8334133e-05
0,0,0.00053763756
0,0,2.823604e-05
0,0,0.0002443609
0,0,3.176324e-05
0,0,2.7841777e-05
0,0,7.5545713e-06
0,0,4.4671046e-06
0,0,1.4108012e-05
0,0,0.00025522217
0,0,1.4370728e-06
0,0,2.9027497e-05
0,0,0.00037494177
0,0,8.877902e-05
0,0,0.00019699504
0,0,2.9418119e-05
0,0,0.000180286
0,0,2.3530729e-05
0,0,8.741509e-06
0,0,0.000114706956
0,0,0.00014173116
0,0,0.00015344047
0,0,6.7158103e-06
0,0,2.9852037e-05
0,0,0.00016540814
0,0,1.8294188e-05
0,0,1.33308e-05
0,0,2.8196217e-05
0,0,3.4787588e-06
0,0,3.4027704e-05
0,0,1.0628899e-05
0,0,1.6350723e-05
0,0,0.0001213581
0,0,7.977075e-06
0,0,4.1680087e-05
0,0,8.58198e-06
0,0,1.13863125e-05
0,0,1.5274105e-05
0,0,1.605077e-05
0,0,6.950706e-06
0,0,7.657922e-06
0,0,5.034986e-06
0,0,3.443819e-05
0,0,2.8940072e-05
0,0,2.3871662e-05
0,0,2.4529345e-05
0,0,0.00024262023
0,0,0.00025024256
0,0,0.0013977514
0,0,0.00041706403
0,0,6.982408e-05
0,0,6.794432e-05
0,0,8.173284e-05
0,0,1.8505963e-05
0,0,0.00030168873
0,0,0.00018992485
0,0,3.6896345e-05
0,0,7.224123e-06
0,0,4.5731707e-05
0,0,0.00014139476
0,0,2.2301794e-05
0,0,8.172314e-06
0,0,3.3770637e-05
0,0,2.8968567e-05
0,0,0.0001404623
0,0,1.9745177e-05
0,0,0.00016256007
0,0,2.9470968e-05
0,0,3.879584e-06
0,0,1.1793346e-05
0,0,9.3716575e-05
0,0,0.00020915632
0,0,0.00092225353
0,0,4.2997644e-06
0,0,0.004072125
0,0,3.5201225e-05
0,0,9.504688e-06
0,0,5.7056586e-05
0,0,8.576184e-05
0,0,0.00010689327
0,0,1.1467477e-05
0,0,4.600421e-06
0,0,5.953135e-06
0,0,0.00010545873
0,0,7.4201234e-05
0,0,1.9498457e-05
0,0,3.277795e-05
0,0,0.00016550232
0,0,5.086322e-06
0,0,3.7075308e-05
0,0,9.502286e-06
0,0,7.2063217e-06
0,0,0.0013823622
0,0,0.00023907064
0,0,0.00020081377
0,0,0.00044335137
0,0,6.444307e-05
0,0,7.863297e-06
0,0,1.3966342e-05
0,0,2.5425297e-05
0,0,7.172765e-05
0,0,1.740922e-05
0,0,1.64147e-05
0,0,4.78199e-05
0,0,4.410108e-05
0,0,1.2456092e-05
0,0,1.8351431e-05
0,0,1.48251565e-05
0,0,0.00018446821
0,0,0.00069608435
0,0,2.663577e-05
0,0,4.1566804e-05
0,0,0.00084689603
0,0,2.5116487e-05
0,0,4.905839e-06
0,0,8.779829e-05
0,0,1.0678316e-05
0,0,0.0028776776
0,0,2.1920017e-05
0,0,4.4454628e-05
0,0,2.1902486e-05
0,0,1.5087778e-06
0,0,6.7675515e-05
0,0,1.5785152e-05
0,0,0.00010729788
0,0,9.1990645e-05
0,0,0.0006249189
0,0,7.07447e-05
0,0,5.0129573e-05
0,0,1.5265834e-05
0,0,5.5780085e-05
0,0,1.9297706e-05
0,0,0.0054314337
0,0,3.188223e-05
0,0,2.9859297e-05
0,0,7.373844e-05
0,0,2.4235418e-05
0,0,0.00091247726
0,0,2.7794187e-05
0,0,3.1721196e-05
0,0,4.315016e-05
0,0,0.0001319501
0,0,3.1112446e-05
0,0,9.086911e-06
0,0,4.026278e-05
0,0,1.27152525e-05
0,0,0.002119134
0,0,4.6342248e-05
0,0,7.2837615e-06
0,0,2.0733283e-05
0,0,0.00014139921
0,0,0.00010818813
0,0,0.0002611343
0,0,5.7232603e-05
0,0,0.0004034112
0,0,0.0010149141
0,0,8.109591e-06
0,0,2.3305226e-06
0,0,1.0648358e-05
0,0,5.0100934e-06
0,0,1.3379645e-05
0,0,0.00011393232
0,0,1.4679771e-05
0,0,6.297982e-05
0,0,3.0070729e-05
0,0,8.187621e-05
0,0,1.4369207e-05
0,0,0.00020858119
0,0,2.3575449e-05
0,0,0.00037181744
0,0,0.00018725725
0,0,8.980121e-07
0,0,0.0014019555
0,0,2.2871056e-05
0,0,0.0007078558
0,0,2.0934267e-05
0,0,7.476255e-05
0,0,0.00016008173
0,0,1.0931147e-05
0,0,9.735277e-05
0,0,2.8237577e-05
0,0,7.927513e-05
0,0,6.998113e-05
0,0,1.8018867e-05
0,0,2.978358e-06
0,0,1.6400383e-05
0,0,6.4336535e-05
0,0,0.0001827879
0,0,1.2427083e-05
0,0,2.1926771e-05
0,0,1.2540707e-05
0,0,8.048397e-05
0,0,0.0017320828
0,0,1.3448161e-05
0,0,2.6382739e-05
0,0,7.231698e-06
0,0,9.480364e-05
0,0,7.744851e-06
0,0,0.00011040348
0,0,5.6236797e-05
0,0,0.00011700399
0,0,9.9184035e-05
0,0,4.026259e-05
0,0,3.5213543e-05
0,0,0.00028539874
0,0,3.1050942e-05
0,0,0.00030021308
0,0,0.0010816024
0,0,3.938161e-06
0,0,0.00014380788
0,0,1.4998851e-05
0,0,7.2989405e-06
0,0,4.4458186e-05
0,0,1.6748938e-05
0,0,7.376601e-05
0,0,1.4175971e-05
0,0,7.2725165e-06
0,0,7.83845e-05
0,0,0.00036424352
0,0,5.3911717e-05
0,0,6.6930894e-05
0,0,5.154966e-05
0,0,0.00023358197
0,0,1.4094147e-05
0,0,5.1150128e-05
0,0,1.730984e-05
0,0,1.4743663e-05
0,0,0.00053686893
0,0,0.00010740281
0,0,8.414386e-06
0,0,0.00027597498
0,0,0.00036297672
0,0,1.8924462e-05
0,0,0.00018559524
0,0,9.411349e-05
0,0,7.2612616e-05
0,0,8.388442e-06
0,0,8.305657e-06
0,0,8.471397e-05
0,0,1.8295881e-05
0,0,8.537222e-05
0,0,2.6111262e-05
0,0,0.00038421535
0,0,3.865952e-05
0,0,0.0001894338
0,0,1.3223643e-05
0,0,0.0001345548
0,0,0.00042257996
0,0,9.534634e-05
0,0,2.0428304e-05
0,0,0.0003046958
0,0,0.0011427962
0,0,2.9551711e-05
0,0,0.0010331136
0,0,1.2598233e-05
0,0,1.126139e-05
0,0,1.32558025e-05
0,0,3.881819e-05
0,0,1.1253928e-05
0,0,0.0007987665
0,0,0.00017216265
0,0,5.2922343e-05
0,0,1.2038787e-05
0,0,6.5555614e-06
0,0,7.354679e-05
0,0,6.978833e-05
0,0,0.0007954764
0,0,2.6421465e-05
0,0,7.665032e-05
0,0,1.3117572e-05
0,0,9.351527e-05
0,0,0.0002023566
0,0,0.00018958596
0,0,0.00015215746
0,0,6.775817e-05
0,0,1.617297e-05
0,0,3.3341898e-05
0,0,7.905092e-05
0,0,1.3773045e-05
0,0,2.6544407e-05
0,0,0.00011217996
0,0,2.3713175e-05
0,0,1.8075387e-05
0,0,9.0889625e-05
0,0,5.8814792e-05
0,0,2.81561e-06
0,0,0.0049508084
0,0,1.7520779e-05
0,0,2.6632391e-05
0,0,1.7871911e-05
0,0,6.5220192e-06
0,0,1.7788474e-05
0,0,6.98332e-05
0,0,1.4599856e-05
0,0,0.00024586477
0,0,2.5491601e-05
0,0,4.5140405e-06
0,0,3.7500162e-05
0,0,0.001189663
0,0,0.00012306334
0,0,1.7141167e-05
0,0,2.6102025e-05
0,0,6.677661e-05
0,0,1.1895672e-05
0,0,2.842698e-05
0,0,3.92556e-05
0,0,5.341166e-05
0,0,0.0001623717
0,0,4.074529e-06
0,0,7.818245e-06
0,0,5.503894e-06
0,0,0.0002835577
0,0,6.5465014e-05
0,0,3.347871e-05
0,0,4.356063e-05
0,0,8.694576e-06
0,0,1.0160032e-06
0,0,2.1989068e-05
0,0,0.0023452064
0,0,0.00018912106
0,0,4.2401452e-06
0,0,4.334999e-05
0,0,5.1926658e-05
0,0,3.2346292e-05
0,0,6.105192e-05
0,0,8.918722e-06
0,0,1.5988195e-05
0,0,0.000102215316
0,0,3.5776553e-05
0,0,0.00015902756
0,0,9.708374e-05
0,0,1.1509603e-05
0,0,4.4940676e-05
0,0,4.4038545e-05
0,0,3.789854e-05
0,0,0.00020130414
0,0,1.7204906e-05
0,0,9.06446e-06
0,0,3.260399e-05
0,0,6.9064314e-05
0,0,1.6607935e-05
0,0,2.9963041e-05
0,0,7.066716e-05
0,0,0.00029855047
0,0,1.8583974e-05
0,0,7.296711e-05
0,0,0.0011819701
0,0,3.6546226e-05
0,0,4.4038675e-06
0,0,7.5305994e-05
0,0,0.0012226915
0,0,0.00012735646
0,0,1.3738216e-05
0,0,9.8780525e-05
0,0,6.7521396e-06
0,0,4.376512e-05
0,0,1.587066e-05
0,0,0.0001534794
0,0,0.0003531814
0,0,0.00024241976
0,0,1.801512e-05
0,0,1.819845e-05
0,0,8.1807975e-06
0,0,0.0002695768
0,0,4.1258838e-05
0,0,5.242241e-06
0,0,7.171062e-05
0,0,5.6707204e-06
0,0,1.9036272e-05
0,0,1.8164239e-05
0,0,2.0894258e-05
0,0,1.1370036e-05
0,0,0.00064612203
0,0,1.6711794e-05
0,0,1.7888657e-05
0,0,1.6004335e-05
0,0,1.4397697e-05
0,0,0.00015236769
0,0,0.00015022983
0,0,6.685683e-05
0,0,0.00038259398
0,0,0.0014139654
0,0,0.0002087672
0,0,6.2681715e-06
0,0,0.00040114476
0,0,1.0591672e-05
0,0,8.236785e-05
0,0,7.200974e-05
0,0,4.6201443e-05
0,0,9.278397e-05
0,0,3.90937e-06
0,0,4.2468044e-05
0,0,0.001195417
0,0,1.0516657e-05
0,0,3.1390144e-05
0,0,1.6730626e-05
0,0,7.088645e-05
0,0,2.3065691e-05
0,0,7.684668e-06
0,0,1.0138448e-05
0,0,2.6055144e-05
0,0,5.8504163e-05
0,0,4.3734276e-06
0,0,1.6010028e-05
0,0,9.204051e-06
0,0,3.827141e-06
0,0,2.0495256e-05
0,0,0.00012797707
0,0,5.090541e-05
0,0,6.8632326e-06
0,0,0.00012744879
0,0,5.198364e-05
0,0,1.2593284e-05
0,0,7.5889635e-05
0,0,4.9589253e-05
0,0,4.8633403e-05
0,0,1.4547862e-05
0,0,6.5675636e-06
0,0,2.7834665e-05
0,0,0.00021407443
0,0,4.9209604e-05
0,0,2.9819146e-05
0,0,0.00012635946
0,0,0.00012197949
0,0,2.3124417e-06
0,0,1.1737357e-05
0,0,2.5742713e-05
0,0,8.98941e-06
0,0,0.00090841047
0,0,1.9217468e-05
0,0,4.7481317e-05
0,0,8.960864e-05
0,0,1.1454579e-05
0,0,3.1988762e-05
0,0,2.4673562e-05
0,0,1.707421e-05
0,0,9.949023e-06
0,0,1.7822775e-05
0,0,2.465773e-05
0,0,0.00014011971
0,0,0.0020241675
0,0,0.00048429644
0,0,0.00011426699
0,0,3.8341565e-05
0,0,2.340127e-05
0,0,3.2862612e-05
0,0,4.6681052e-06
0,0,0.000111991205
0,0,2.4574558e-05
0,0,2.921877e-06
0,0,4.617022e-05
0,0,3.156452e-05
0,0,0.00010204702
0,0,9.355432e-06
0,0,5.4832875e-05
0,0,2.1948843e-05
0,0,3.8342137e-06
0,0,7.160464e-06
0,0,9.742515e-06
0,0,2.5575014e-06
0,0,1.057868e-05
0,0,1.9843414e-05
0,0,3.7314843e-05
0,0,2.9613946e-05
0,0,0.00026142027
0,0,3.680122e-05
0,0,0.00019544145
0,0,2.5776097e-05
0,0,7.9792386e-05
0,0,1.6834914e-05
0,0,7.848904e-06
0,0,9.118545e-06
0,0,1.7517821e-05
0,0,1.9568704e-05
0,0,9.657844e-06
0,0,1.3300274e-05
0,0,2.7442915e-05
0,0,1.2274061e-05
0,0,3.8198627e-06
0,0,3.298044e-05
0,0,3.9880873e-05
0,0,0.0019917986
0,0,1.6565544e-05
0,0,4.2258656e-05
0,0,9.389971e-06
0,0,0.00017527047
0,0,1.46694565e-05
0,0,6.230916e-06
0,0,0.0004322522
0,0,3.3521326e-05
0,0,0.00208144
0,0,6.544916e-05
0,0,0.0042789686
0,0,6.9512425e-05
0,0,9.770255e-05
0,0,0.00028748187
0,0,2.5998803e-05
0,0,8.9271496e-05
0,0,8.764882e-06
0,0,0.00019828363
0,0,3.6632973e-05
0,0,0.0002832278
0,0,5.010289e-06
0,0,1.8416582e-05
0,0,2.4028732e-05
0,0,8.97246e-06
0,0,7.302844e-05
0,0,0.00037120032
0,0,4.575326e-05
0,0,7.910327e-06
0,0,5.829824e-06
0,0,2.961229e-06
0,0,6.417299e-05
0,0,5.471389e-05
0,0,2.4073574e-05
0,0,0.00043066527
0,0,2.4255742e-05
0,0,7.466637e-06
0,0,4.1406805e-05
0,0,1.8442768e-05
0,0,1.4583923e-05
0,0,1.761344e-05
0,0,9.377701e-05
0,0,1.02877175e-05
0,0,0.0005643043
0,0,1.0868404e-05
0,0,5.7694386e-05
0,0,8.1209284e-05
0,0,3.4399065e-05
0,0,0.00036463718
0,0,0.00010647068
0,0,1.1815782e-05
0,0,1.4881719e-05
0,0,0.0002585457
0,0,1.1921862e-05
0,0,0.000186378
0,0,0.0005596077
0,0,4.469704e-06
0,0,5.7840807e-05
0,0,0.0007976822
0,0,0.0015012095
0,0,4.596212e-05
0,0,7.785566e-06
0,0,1.4036536e-05
0,0,0.00061396824
0,0,4.5778528e-05
0,0,6.1826036e-06
0,0,8.954646e-06
0,0,9.368352e-05
0,0,3.6412777e-05
0,0,9.8319415e-06
0,0,5.7649113e-06
0,0,0.0009147427
0,0,3.119224e-05
0,0,9.610317e-06
0,0,1.9643776e-05
0,0,2.8025426e-05
0,0,1.1067711e-05
0,0,3.7854472e-05
0,0,3.7261965e-05
0,0,2.1865297e-05
0,0,1.4479142e-05
0,0,1.5220289e-05
0,0,2.6771937e-05
1,1,0.9780096
0,0,9.7343305e-05
0,0,1.9407758e-05
0,0,3.983663e-05
0,0,0.0001025853
0,0,0.00066728966
0,0,0.000765332
0,0,4.7416386e-05
0,0,0.00016096029
0,0,2.9099698e-05
0,0,6.122737e-06
0,0,0.00025599933
0,0,8.847031e-06
0,0,3.7139394e-05
0,0,1.3854009e-05
0,0,8.050623e-05
0,0,1.0889838e-05
0,0,0.00014471535
0,0,3.987958e-05
0,0,8.780285e-06
0,0,1.1928356e-05
0,0,8.7222244e-05
0,0,0.00027682696
0,0,2.7842547e-05
0,0,2.0301825e-06
0,0,5.1288112e-05
0,0,0.0006813584
0,0,0.00042943557
0,0,2.171311e-05
0,0,3.13171e-05
0,0,8.411796e-05
0,0,7.1312985e-05
0,0,2.4213523e-06
0,0,0.000106296
0,0,1.2065221e-05
0,0,4.8770244e-06
0,0,3.073401e-05
0,0,6.902735e-06
0,0,8.79417e-06
0,0,7.703525e-05
0,0,0.0029956475
0,0,1.8749459e-05
0,0,2.1109021e-05
0,0,8.1754355e-05
0,0,5.5788396e-06
0,0,1.538976e-05
0,0,1.566533e-05
0,0,1.8538749e-05
0,0,5.1896313e-05
0,0,0.00014387823
0,0,6.8567037e-06
0,0,2.8933724e-05
0,0,3.480241e-05
0,0,9.732895e-06
0,0,0.00037203534
0,0,2.9287006e-05
0,0,0.0007486398
0,0,0.00016395861
0,0,0.00019358733
0,0,4.753079e-05
0,0,4.2562795e-05
0,0,0.00018546822
0,0,8.33546e-06
0,0,0.00011173072
0,0,0.0005530548
0,0,1.214118e-05
0,0,3.4035107e-05
0,0,1.5302112e-05
0,0,8.8716566e-05
0,0,0.00023310451
0,0,0.0013232096
0,0,2.8930634e-05
0,0,5.9977603e-05
0,0,1.6271313e-05
0,0,0.0005277193
0,0,7.123976e-06
0,0,4.289988e-05
0,0,5.082714e-06
0,0,1.0788302e-05
0,0,0.00017012868
0,0,2.254467e-05
0,0,8.215292e-05
0,0,1.0076045e-05
0,0,1.836628e-05
0,0,3.2230855e-05
0,0,5.4765155e-06
0,0,0.00012066874
0,0,4.1617677e-06
0,0,1.5834243e-05
0,0,1.3073774e-05
0,0,0.00020620391
0,0,5.7657202e-05
0,0,5.0325572e-05
0,0,2.8345983e-05
0,0,0.0003071624
0,0,1.0513177e-05
0,0,6.006827e-05
0,0,1.1456938e-05
0,0,2.6728772e-05
0,0,5.396691e-05
0,0,2.0777976e-05
0,0,4.2760603e-05
0,0,5.1963114e-05
0,0,1.9859599e-05
0,0,2.332049e-05
0,0,4.3503737e-06
0,0,5.283949e-05
0,0,0.00020232014
0,0,1.1100511e-05
0,0,6.9941534e-06
0,0,3.9835944e-05
0,0,1.0438807e-05
0,0,2.2389933e-05
0,0,0.000115194074
0,0,9.932837e-05
0,0,0.00013789374
0,0,0.0002699765
0,0,4.46178e-05
0,0,1.7955302e-06
0,0,8.471723e-06
0,0,0.00020618975
0,0,1.9044522e-06
0,0,4.806619e-05
0,0,1.3530375e-05
0,0,4.8610265e-05
0,0,1.6034475e-05
0,0,4.385414e-06
0,0,4.7555997e-05
0,0,1.3654349e-05
0,0,7.443452e-06
0,0,1.0443129e-05
0,0,1.6333097e-05
0,0,0.00011796339
0,0,6.966015e-06
0,0,0.00023298275
0,0,1.4891343e-05
0,0,2.6876793e-05
0,0,3.8025424e-05
0,0,7.741026e-06
0,0,9.247553e-05
0,0,1.1878634e-05
0,0,3.9287906e-06
0,0,0.00028866561
0,0,1.3488607e-05
0,0,4.573418e-06
0,0,2.6868029e-05
0,0,9.258626e-05
0,0,0.0005826653
0,0,1.6562351e-05
0,0,2.1917844e-05
0,0,0.00030809565
0,0,0.00010138273
0,0,0.00023220503
0,0,1.0440679e-05
0,0,4.8382266e-05
0,0,9.96193e-05
0,0,0.00024829968
0,0,2.650698e-06
0,0,3.241701e-05
0,0,3.0313971e-05
0,0,5.8912745e-05
0,0,1.891885e-05
0,0,5.5302815e-05
0,0,0.00021566567
0,0,8.623281e-05
0,0,5.663938e-05
0,0,1.1580662e-05
0,0,0.0078025213
0,0,1.6969216e-05
0,0,2.1100546e-05
0,0,0.00046907086
0,0,1.719977e-05
0,0,1.2653548e-05
0,0,3.2284013e-05
0,0,4.7202493e-06
0,0,0.0001617687
0,0,5.5415214e-05
0,0,7.1279655e-06
0,0,0.011939771
0,0,2.7492215e-05
0,0,1.1419971e-05
0,0,3.7022994e-06
0,0,1.0056893e-05
0,0,2.1136927e-06
0,0,1.2483099e-05
0,0,6.405756e-05
0,0,0.0006269179
0,0,1.4930192e-05
0,0,3.1258347e-05
0,0,1.0991903e-05
0,0,0.0001916775
0,0,1.9182497e-05
0,0,0.00013749511
0,0,0.00017195282
0,0,3.3400836e-05
0,0,9.140749e-05
0,0,4.394432e-05
0,0,0.00020027357
0,0,0.00015241418
0,0,0.00013007584
0,0,0.00016369711
0,0,9.313318e-06
0,0,3.09949e-06
0,0,2.6050126e-05
0,0,1.1315388e-05
0,0,3.3116274e-05
0,0,9.527457e-06
0,0,0.0008974386
0,0,1.6022568e-05
0,0,4.724343e-06
0,0,7.925329e-05
0,0,0.00026253902
0,0,2.8242748e-05
0,0,1.14827535e-05
0,0,2.9266344e-05
0,0,2.804842e-05
0,0,0.000121224635
0,0,7.778367e-06
0,0,0.00020428027
0,0,7.615148e-05
0,0,3.597766e-05
0,0,8.0776435e-06
0,0,1.550221e-05
0,0,9.586435e-05
0,0,4.879204e-05
0,0,0.0005640832
0,0,0.0007091046
0,0,1.3880498e-05
0,0,5.2602136e-05
0,0,0.00021367066
0,0,2.909043e-05
0,0,8.58345e-05
0,0,1.7755881e-05
0,0,8.795379e-06
0,0,1.5782276e-05
0,0,0.00022979222
0,0,0.0001362087
0,0,2.0604924e-05
0,0,1.2398187e-05
0,0,0.00021315098
0,0,0.000106701
0,0,1.7822076e-05
0,0,0.0021608656
0,0,6.129506e-05
0,0,7.478751e-05
0,0,2.1251277e-05
0,0,0.0002816662
0,0,4.3719065e-05
0,0,0.0006172115
0,0,1.41365235e-05
0,0,2.5220512e-05
0,0,1.2951537e-06
0,0,2.413327e-05
0,0,1.9421737e-05
0,0,4.248502e-05
0,0,0.00024036129
0,0,1.7711724e-05
0,0,4.207477e-05
0,0,1.0408578e-05
0,0,9.478988e-06
0,0,1.7200804e-05
0,0,5.8201786e-05
0,0,8.701428e-06
0,0,0.0036564246
0,0,1.711952e-05
0,0,4.9316997e-05
0,0,2.4596267e-05
0,0,5.1059968e-05
0,0,7.574713e-05
0,0,1.37058805e-05
0,0,0.00024140146
0,0,7.118102e-06
0,0,0.0010285778
0,0,7.123657e-06
0,0,8.859635e-05
0,0,6.1822852e-06
0,0,5.5542663e-05
0,0,0.001520964
0,0,1.5469777e-05
0,0,2.268747e-05
0,0,0.00018487338
0,0,1.0716184e-05
0,0,0.00022367638
0,0,5.7916808e-05
0,0,0.00012791582
0,0,2.8134333e-05
0,0,0.000380265
0,0,9.08232e-06
0,0,0.0002885971
0,0,0.00023432521
0,0,7.969654e-06
0,0,5.312222e-05
0,0,8.0608326e-05
0,0,4.7690108e-05
0,0,4.785534e-05
0,0,1.8172157e-05
0,0,2.4391531e-05
0,0,0.00023812904
0,0,3.7189333e-05
0,0,0.0011537612
0,0,2.6168273e-05
0,0,9.4182205e-06
0,0,9.091659e-05
0,0,0.0002506196
0,0,5.104736e-05
0,0,0.00024815887
0,0,1.2923704e-05
0,0,3.660479e-05
0,0,2.7091332e-05
0,0,2.5672769e-05
0,0,3.2155884e-05
0,0,2.3687951e-05
0,0,2.0490976e-05
0,0,7.69288e-05
0,0,4.8298272e-05
0,0,9.35159e-05
0,0,1.08863915e-05
0,0,2.2241093e-05
0,0,2.2239969e-05
0,0,3.7315767e-05
0,0,0.00017294055
0,0,3.960904e-05
0,0,1.53804e-05
0,0,7.108472e-05
0,0,1.9772333e-06
0,0,8.236865e-06
0,0,0.0004916169
0,0,3.1058014e-06
0,0,0.0003044655
0,0,3.7597667e-05
0,0,0.0010571888
0,0,1.5422376e-05
0,0,7.744869e-05
0,0,8.603272e-05
0,0,7.347072e-06
0,0,0.000272048
0,0,6.236901e-05
0,0,5.919332e-06
0,0,2.2313749e-05
0,0,9.141723e-06
1,1,0.87362784
0,0,4.273022e-06
0,0,6.533716e-05
0,0,3.064083e-05
0,0,3.3864515e-05
0,0,6.931081e-05
0,0,0.00204733
0,0,8.822336e-06
0,0,1.6461825e-05
0,0,4.7568396e-06
0,0,3.4629895e-05
0,0,0.00011211719
0,0,0.00010283731
0,0,9.694941e-06
0,0,0.00012142558
0,0,1.8505963e-05
0,0,0.0002711311
0,0,6.0554717e-05
0,0,2.8557077e-05
0,0,0.0002706275
0,0,0.00032559692
0,0,5.9144946e-05
0,0,3.247797e-05
0,0,1.1134046e-05
0,0,1.6562968e-05
0,0,3.7477534e-05
0,0,2.9037048e-05
0,0,4.7109363e-05
0,0,1.0224758e-05
0,0,7.2280923e-06
0,0,0.0001144191
0,0,0.00013238477
0,0,8.782361e-06
0,0,1.27702915e-05
0,0,0.00016819795
0,0,0.0008784813
0,0,2.2190761e-06
0,0,0.00013957059
0,0,1.3918197e-05
0,0,1.8607243e-05
0,0,3.5084762e-05
0,0,2.603622e-05
0,0,4.9145634e-05
0,0,1.7146152e-05
0,0,4.974576e-06
0,0,0.00012106048
0,0,0.0001327006
0,0,4.832135e-05
0,0,4.97829e-05
0,0,0.00014989128
0,0,2.3686958e-05
0,0,6.502327e-05
0,0,0.0007797691
0,0,2.721856e-05
0,0,0.0001551076
0,0,0.00040214602
0,0,4.117017e-05
0,0,0.0028501141
0,0,8.642759e-06
0,0,2.0695512e-05
0,0,0.00056108984
0,0,0.00036129783
0,0,0.000101559795
0,0,1.596353e-05
0,0,9.785453e-05
0,0,2.4638057e-05
0,0,0.00020853663
0,0,0.00015708164
0,0,0.00046517028
0,0,3.7014546e-05
0,0,4.3970773e-05
0,0,8.5495405e-05
0,0,1.07955975e-05
0,0,7.824115e-06
0,0,0.00094891916
0,0,5.174677e-05
0,0,8.88678e-05
0,0,0.00014607776
0,0,2.9006907e-05
0,0,0.00017824462
0,0,2.9400453e-05
0,0,0.00025480616
0,0,0.00011461467
0,0,7.923842e-06
0,0,0.00028829457
0,0,9.133386e-05
0,0,6.1026018e-05
0,0,8.806448e-06
0,0,0.000112382535
0,0,4.8920258e-05
0,0,0.0003156117
0,0,2.3618362e-05
0,0,1.2703678e-05
0,0,2.9108387e-05
0,0,9.4885945e-06
0,0,1.7651862e-05
0,0,2.128448e-05
0,0,2.8120947e-05
0,0,6.4525e-06
0,0,9.4897885e-05
0,0,2.4063336e-05
0,0,0.0001406313
0,0,1.1694207e-05
0,0,0.00029792805
0,0,2.3246039e-05
0,0,5.8405253e-06
0,0,0.0002547685
0,0,3.3233293e-06
0,0,6.803619e-05
0,0,5.7060286e-05
0,0,0.0012746571
0,0,0.0019039768
0,0,6.9786092e-06
0,0,1.73622e-05
0,0,2.8025426e-05
0,0,6.918974e-06
0,0,7.151176e-06
0,0,0.00029254443
0,0,6.318453e-05
0,0,0.00020620687
0,0,0.00038259398
0,0,3.724921e-05
0,0,0.00016477422
0,0,1.6379501e-05
0,0,5.996628e-06
0,0,9.0055546e-05
0,0,1.1270404e-05
0,0,2.4697832e-05
0,0,5.2539122e-05
0,0,0.00010271999
0,0,0.00019587818
0,0,5.94456e-05
0,0,0.0001063616
0,0,0.00011117415
0,0,4.6732832e-05
0,0,0.0017052857
0,0,0.0005382205
0,0,1.0997218e-05
0,0,5.5339482e-05
0,0,9.116462e-05
0,0,0.000115518786
0,0,1.6714603e-06
0,0,2.047488e-05
0,0,6.845942e-05
0,0,2.7016305e-05
0,0,1.2796136e-05
0,0,0.0047378796
0,0,0.00023974516
0,0,7.647485e-06
0,0,8.670553e-05
0,0,0.00023725472
0,0,7.63998e-05
0,0,0.0026108676
0,0,7.177152e-06
0,0,2.2878909e-05
0,0,3.264948e-05
0,0,2.6045904e-05
0,0,1.5374959e-05
0,0,0.000173125
0,0,4.4598317e-05
0,0,0.00013857639
0,0,2.8334578e-05
0,0,4.8946527e-05
0,0,1.4544089e-05
0,0,1.8228342e-05
0,0,3.1251257e-05
0,0,2.2044793e-05
0,0,4.063048e-05
0,0,9.468718e-05
0,0,0.0026334357
0,0,1.18891285e-05
0,0,0.00047571916
0,0,0.00029641288
0,0,3.37745e-05
0,0,3.0074343e-05
0,0,9.9029705e-05
0,0,3.1239248e-05
0,0,5.1141156e-05
0,0,1.3796103e-05
0,0,2.052385e-05
0,0,9.39099e-05
0,0,2.8260718e-05
0,0,5.2414857e-06
0,0,4.007425e-06
0,0,0.0005601542
0,0,8.807216e-05
0,0,2.4978495e-05
0,0,3.2818894e-05
0,0,3.7892041e-06
0,0,3.8471513e-05
0,0,6.1912237e-06
0,0,3.079976e-05
0,0,1.33253225e-05
0,0,5.3719268e-05
0,0,9.7672084e-05
0,0,3.2637006e-06
0,0,0.00015983159
0,0,0.00010454138
0,0,1.0856543e-05
0,0,0.00014312961
0,0,6.753091e-05
0,0,4.6384043e-06
0,0,9.327441e-06
0,0,5.756008e-05
0,0,0.00029233476
0,0,0.00014253009
0,0,0.00032669917
0,0,5.8409456e-05
0,0,1.0294775e-05
0,0,5.2903924e-05
0,0,6.1842015e-06
0,0,5.9998194e-05
0,0,9.0892056e-05
0,0,6.0479982e-05
0,0,0.000112691916
0,0,1.9453028e-05
0,0,1.6099182e-05
0,0,3.242573e-06
0,0,1.0049895e-05
0,0,1.0975708e-05
0,0,4.3022457e-05
0,0,0.00017091466
0,0,4.543399e-05
0,0,0.00070407306
0,0,4.118556e-05
0,0,0.000120074284
0,0,3.585812e-05
0,0,0.00021504308
0,0,2.1322714e-05
0,0,1.3836619e-05
0,0,1.0906894e-05
0,0,1.6576083e-05
0,0,3.71609e-05
0,0,4.5437802e-05
0,0,2.8845645e-05
0,0,0.00026207836
0,0,0.003173253
0,0,0.0008340206
0,0,0.00012936337
0,0,5.364279e-05
0,0,5.038622e-06
0,0,0.00013975489
0,0,1.6286605e-05
0,0,2.9435689e-05
0,0,0.00015278131
0,0,7.085779e-05
0,0,1.4633353e-05
0,0,9.613645e-06
0,0,1.7551365e-05
0,0,1.8883413e-05
0,0,7.542544e-05
0,0,3.748225e-05
0,0,0.0004600782
0,0,1.5313119e-05
0,0,0.00010492299
0,0,2.0564798e-05
0,0,0.00014167021
0,0,2.3799923e-05
0,0,0.00075032504
0,0,0.00011142494
0,0,2.459613e-05
0,0,1.0314724e-05
0,0,1.6002014e-05
0,0,5.0670318e-05
0,0,0.00017097905
0,0,0.00011122219
0,0,2.4876632e-05
0,0,1.0462618e-05
0,0,7.966739e-05
0,0,1.4237467e-05
0,0,0.0005342947
0,0,0.0019384891
0,0,7.866499e-06
0,0,5.0061003e-06
0,0,2.2059703e-05
0,0,3.3228673e-05
0,0,0.00059522263
0,0,4.0502622e-05
0,0,0.0029156862
0,0,0.00012612328
0,0,9.655914e-05
0,0,5.230217e-05
0,0,0.00021898933
0,0,0.0003376366
0,0,1.4762587e-05
0,0,2.1906602e-05
0,0,1.4067894e-05
0,0,2.2534072e-05
0,0,1.8720337e-05
0,0,0.00020074063
0,0,3.277798e-05
0,0,2.0532641e-05
0,0,4.604275e-05
0,0,6.0037397e-05
0,0,9.085818e-05
0,0,3.8490813e-05
0,0,7.4506747e-06
0,0,0.00022643611
0,0,8.121346e-05
0,0,0.00051617116
0,0,0.00027771702
0,0,5.0563645e-05
0,0,5.419088e-05
0,0,8.480615e-06
0,0,2.5162302e-05
0,0,7.143468e-05
0,0,1.2874671e-05
0,0,6.003385e-05
0,0,2.3626068e-05
0,0,6.4242915e-05
0,0,1.4189118e-05
0,0,3.8095222e-05
0,0,5.7444486e-05
0,0,4.63146e-06
0,0,0.00095805357
0,0,0.00013815287
0,0,4.9632206e-05
0,0,1.6718952e-05
0,0,0.00018833521
0,0,2.980354e-05
0,0,3.2166005e-05
0,0,5.7689653e-05
0,0,1.3660912e-05
0,0,2.2502634e-05
0,0,1.9963181e-05
0,0,6.572523e-05
0,0,0.00059544423
0,0,2.0519838e-05
0,0,4.1935687e-05
0,0,5.365599e-05
0,0,3.1268726e-06
0,0,1.2537096e-05
0,0,3.479873e-05
0,0,2.3681492e-05
0,0,1.8542498e-05
0,0,0.00011489601
0,0,3.491977e-05
0,0,1.8677378e-05
0,0,0.00017258916
0,0,0.00031392337
0,0,0.000120155724
0,0,7.2408e-06
0,0,7.914787e-06
0,0,4.0699546e-05
0,0,2.1215415e-05
0,0,1.7652368e-05
0,0,0.00019892311
0,0,3.3574146e-05
0,0,3.036976e-05
0,0,2.4899298e-05
0,0,5.3732387e-05
0,0,5.3991153e-05
0,0,0.000107250926
0,0,1.7803459e-05
0,0,2.8904931e-05
0,0,0.001145725
0,0,3.34564e-05
0,0,0.00042789016
0,0,1.5000954e-05
0,0,0.000281434
0,0,1.11652325e-05
0,0,0.0027894657
0,0,9.070694e-05
0,0,2.378379e-05
0,0,0.0001944548
0,0,0.0004731069
0,0,1.0708063e-05
0,0,5.5160133e-05
0,0,6.1201563e-06
0,0,1.2985637e-05
0,0,4.606304e-05
0,0,0.0001779108
0,0,9.39262e-05
0,0,3.737214e-05
0,0,6.171325e-05
0,0,9.43963e-06
0,0,3.8376536e-05
0,0,0.00015457932
0,0,0.0008641169
0,0,3.0445502e-05
0,0,2.498188e-06
0,0,0.00024912774
0,0,8.587072e-06
0,0,0.00017813826
0,0,0.0074159964
0,0,3.171932e-05
0,0,3.3465049e-06
0,0,5.905083e-05
0,0,5.1046874e-05
0,0,0.0009543184
0,0,1.1415169e-05
0,0,1.9809624e-05
0,0,0.006759979
0,0,3.2414137e-05
0,0,8.05661e-06
0,0,3.8210303e-05
0,0,0.00031311484
0,0,2.7167367e-05
0,0,2.258881e-05
0,0,1.854034e-05
0,0,7.462672e-05
0,0,0.0004322244
0,0,7.1388495e-06
0,0,7.865343e-06
0,0,0.003122075
0,0,2.3195817e-05
0,0,0.0002667486
0,0,7.246604e-05
0,0,5.06353e-05
0,0,0.00014287503
0,0,6.113967e-06
0,0,0.00011528714
0,0,8.079446e-06
0,0,4.8654507e-05
0,0,1.8619774e-05
0,0,0.00072078645
0,0,5.5379656e-05
0,0,5.6527464e-05
0,0,3.8905167e-05
0,0,7.5954513e-06
0,0,0.000323887
0,0,0.00076146657
0,0,0.00037865396
0,0,6.9441203e-06
0,0,8.183601e-05
0,0,6.498013e-05
0,0,0.00041890168
0,0,1.5098951e-05
0,0,1.3776987e-05
0,0,2.9423001e-05
0,0,8.867191e-05
0,0,2.0478295e-05
0,0,4.9708753e-05
0,0,1.6621434e-05
0,0,1.0810412e-05
0,0,0.0003364062
0,0,5.298981e-05
0,0,4.2739604e-05
0,0,0.00020904448
0,0,5.1036357e-05
0,0,4.0640934e-06
0,0,9.485537e-06
0,0,1.7235781e-05
0,0,2.2045046e-05
0,0,4.4880453e-06
0,0,9.1048505e-06
0,0,0.00033544732
0,0,0.00014791405
0,0,7.147024e-06
0,0,6.61093e-05
0,0,1.3766098e-05
0,0,4.4829172e-05
0,0,2.5742713e-05
0,0,2.6274622e-05
0,0,6.7621964e-05
0,0,9.701989e-05
0,0,3.4685487e-05
0,0,3.4730798e-05
0,0,6.027934e-06
0,0,0.00020676265
0,0,0.00014819654
0,0,1.974512e-05
0,0,1.3154628e-05
0,0,3.1153657e-05
0,0,3.380363e-05
0,0,5.650541e-06
0,0,1.1676489e-05
0,0,9.141917e-05
0,0,5.738661e-05
0,0,3.8716116e-06
0,0,0.00021742955
0,0,7.9076184e-05
0,0,0.0016109393
0,0,5.8012065e-06
0,0,5.2821455e-05
0,0,1.02021995e-05
0,0,6.7875415e-05
0,0,1.2375565e-05
0,0,5.2966543e-06
0,0,2.2824579e-05
0,0,5.6655965e-05
0,0,0.00014254503
0,0,1.44077085e-05
0,0,1.1702056e-06
0,0,4.833984e-06
0,0,0.00022664109
0,0,3.3061024e-05
0,0,1.9070121e-05
0,0,1.2854305e-05
0,0,3.3216824e-05
0,0,0.00012841848
0,0,7.1586546e-05
0,0,8.2886545e-05
0,0,9.148099e-06
0,0,1.2726172e-05
0,0,1.5636671e-05
0,0,8.0120466e-05
0,0,0.00018482051
0,0,0.00069219957
0,0,2.0378258e-05
0,0,1.7736385e-05
0,0,0.0017362944
0,0,6.343357e-05
0,0,1.7116567e-05
0,0,1.3753292e-05
0,0,1.827201e-05
0,0,7.539236e-05
0,0,9.550163e-06
0,0,2.5380139e-05
0,0,3.5021116e-05
0,0,0.00022701458
0,0,5.626183e-06
0,0,6.887063e-05
0,0,4.894261e-05
0,0,4.0497243e-06
0,0,1.1569757e-05
0,0,7.1915245e-05
0,0,7.1377945e-06
0,0,8.4626445e-05
0,0,8.332797e-05
0,0,0.00027846894
0,0,2.1606276e-05
0,0,5.936835e-06
0,0,0.00035553114
0,0,0.00080495875
0,0,4.098707e-05
0,0,5.6361177e-06
0,0,6.54873e-05
0,0,0.000102880855
0,0,0.00014083125
0,0,9.77087e-05
0,0,2.025884e-05
0,0,0.00023008382
0,0,2.9542252e-06
0,0,1.07922315e-05
0,0,0.00011510645
0,0,5.8884943e-05
0,0,6.556791e-05
0,0,6.2458907e-06
0,0,5.3689615e-05
0,0,6.559118e-05
0,0,0.00034306248
0,0,7.310177e-06
0,0,3.703799e-05
0,0,4.626793e-05
0,0,8.1649605e-06
0,0,1.1347581e-05
0,0,6.7931556e-05
0,0,0.0003046958
0,0,1.2989552e-05
0,0,8.148795e-06
0,0,0.00027259372
0,0,7.792556e-06
0,0,2.7721417e-05
0,0,5.5398345e-06
0,0,5.777157e-06
0,0,1.0743024e-05
0,0,8.0343954e-05
0,0,0.0018864898
0,0,0.00012683822
0,0,6.571034e-06
0,0,3.3321077e-05
0,0,1.03999655e-05
0,0,9.641004e-06
0,0,4.232746e-05
0,0,2.7972608e-06
0,0,4.628448e-05
0,0,6.4918684e-05
0,0,4.2315287e-06
0,0,8.538672e-05
0,0,5.2000173e-06
0,0,1.6633692e-05
0,0,7.195513e-06
0,0,3.1835414e-05
0,0,0.00030089018
0,0,6.035976e-06
0,0,2.168327e-05
0,0,0.00013828177
0,0,0.00010317805
0,0,9.710225e-05
0,0,8.5452695e-05
0,0,3.167537e-05
0,0,1.1639233e-05
0,0,0.00017669509
0,0,0.00022005281
0,0,3.484771e-05
0,0,0.0009968642
0,0,4.214673e-05
0,0,1.0554788e-05
0,0,3.636971e-05
0,0,3.955382e-05
0,0,0.0021794692
0,0,0.0001918492
0,0,8.203564e-06
0,0,1.3254487e-05
0,0,2.2117063e-05
0,0,2.431357e-05
0,0,3.7812188e-05
0,0,6.4099906e-05
0,0,0.004381496
0,0,4.9876224e-05
0,0,3.1037856e-05
0,0,5.443804e-06
0,0,3.020109e-05
0,0,2.1623695e-05
0,0,1.2550793e-05
0,0,0.00093083474
0,0,9.974606e-06
0,0,7.6815035e-05
0,0,0.0011238053
0,0,3.9609793e-05
0,0,8.433771e-05
0,0,2.3660792e-05
0,0,8.0743885e-05
0,0,3.3293538e-05
0,0,0.00025893893
0,0,6.241256e-05
0,0,9.559259e-05
0,0,5.1294905e-06
0,0,2.4140429e-05
0,0,2.4533956e-05
0,0,6.167712e-05
0,0,3.1891417e-05
0,0,0.0010294287
0,0,4.559754e-05
0,0,9.549007e-06
0,0,6.31546e-06
0,0,7.0194335e-05
0,0,0.00048523027
0,0,0.00027233423
0,0,0.000120200304
0,0,8.558277e-05
0,0,5.7317644e-05
0,0,5.2032965e-06
0,0,4.1632807e-06
0,0,1.5253769e-05
0,0,5.5243207e-05
0,0,1.2985328e-05
0,0,1.2063104e-05
0,0,7.712671e-06
0,0,0.001509282
0,0,8.111045e-06
0,0,8.390582e-05
0,0,0.00034270846
0,0,0.00037067392
0,0,8.183943e-06
0,0,1.3972269e-05
0,0,7.4353025e-05
0,0,0.00013162225
0,0,1.7152988e-05
0,0,2.4687306e-05
0,0,8.2855564e-05
0,0,5.7141257e-05
0,0,0.0007085003
0,0,1.4003872e-05
0,0,0.00028618373
0,0,3.7769263e-05
0,0,4.7424524e-05
0,0,0.00011590089
0,0,1.6664828e-05
0,0,0.00011961739
0,0,0.000109372915
0,0,6.3589345e-05
0,0,7.0503193e-06
0,0,6.0895683e-05
0,0,0.000111212226
0,0,3.4297424e-05
0,0,0.00081679766
0,0,5.804343e-05
0,0,0.00041154507
0,0,2.612384e-05
0,0,2.3462362e-05
0,0,3.6003916e-05
0,0,0.0005827037
0,0,0.00017953927
0,0,0.00059382926
0,0,0.000112759524
0,0,1.4774657e-05
0,0,7.9383535e-05
0,0,4.605052e-05
0,0,3.789113e-05
0,0,0.000106753
0,0,1.5786656e-05
0,0,1.877476e-05
0,0,9.044807e-06
0,0,2.500655e-05
0,0,8.184106e-06
0,0,0.0002325522
0,0,1.4151671e-05
0,0,6.135959e-06
0,0,0.00011662727
0,0,0.00023013933
0,0,0.0012800046
0,0,5.7981637e-05
0,0,4.6916626e-05
0,0,2.8570505e-05
0,0,2.8134333e-05
0,0,5.4906614e-06
0,0,0.0001091408
0,0,0.00019288645
0,0,0.00047600537
0,0,1.02948625e-05
0,0,7.146466e-05
0,0,0.00026209236
0,0,3.237336e-06
0,0,0.00034538258
0,0,1.9325571e-05
0,0,0.0001610266
0,0,0.00023234011
0,0,4.842884e-05
0,0,1.388759e-06
0,0,4.222027e-05
0,0,1.2742968e-05
0,0,7.604635e-06
0,0,1.4275167e-05
0,0,0.00010347393
0,0,2.9436755e-05
0,0,6.9942466e-06
0,0,0.0005264969
0,0,2.5436768e-05
0,0,1.3172165e-05
0,0,9.214221e-06
0,0,4.167365e-05
0,0,8.267597e-06
0,0,0.00015481163
0,0,2.3125203e-05
0,0,0.000120153665
0,0,2.4851237e-05
0,0,0.00041226248
0,0,0.00010178307
0,0,1.5866983e-05
0,0,2.8307299e-05
0,0,3.0390504e-05
0,0,6.203222e-05
0,0,7.471722e-05
0,0,1.2003465e-05
0,0,5.4577515e-05
0,0,0.009153338
0,0,0.00012020637
0,0,2.9252535e-06
0,0,0.0004883964
0,0,3.5929006e-05
0,0,1.093854e-05
0,0,1.723652e-05
0,0,6.954996e-06
0,0,3.8669623e-05
0,0,4.8071e-05
0,0,0.00045101647
0,0,0.0001630273
0,0,2.2010929e-05
0,0,1.1213058e-05
0,0,1.6493048e-05
0,0,5.0782357e-05
0,0,0.0005177487
0,0,3.8109247e-05
0,0,0.00063644384
0,0,0.0006634918
0,0,0.00010163594
0,0,0.0004033804
0,0,0.000115918905
0,0,7.6424185e-06
0,0,1.9890154e-05
0,0,6.3706884e-06
0,0,0.00036005693
0,0,3.0259182e-05
0,0,1.3815206e-05
0,0,3.6139297e-06
0,0,0.00021217161
0,0,0.0014316256
0,0,5.0956023e-05
0,0,1.46494085e-05
0,0,7.702255e-06
0,0,2.3781546e-05
0,0,9.5532545e-05
0,0,0.0010727814
0,0,0.00030356293
0,0,4.2362677e-05
0,0,3.5585258e-06
0,0,2.200797e-05
0,0,3.8838407e-05
0,0,0.0011414939
0,0,9.308564e-05
0,0,3.7538626e-05
0,0,0.00013389271
0,0,0.00010170012
0,0,2.8257164e-06
0,0,4.378486e-05
0,0,7.232914e-05
0,0,4.1896794e-05
0,0,4.9730866e-06
0,0,2.823941e-06
0,0,1.2405875e-05
0,0,0.00016682941
0,0,0.0004066099
0,0,2.5166839e-05
0,0,2.3368777e-05
0,0,2.4105346e-05
0,0,3.2191445e-05
0,0,7.822456e-05
0,0,8.2001854e-05
0,0,4.5087316e-05
0,0,3.842109e-06
0,0,0.00013427551
0,0,1.7122198e-05
0,0,8.755225e-06
0,0,0.0020359629
0,0,3.129769e-05
0,0,0.0002126725
0,0,9.4649986e-05
0,0,4.586129e-05
0,0,2.8835415e-05
0,0,1.5211379e-05
0,0,3.479956e-05
0,0,6.818024e-06
0,0,4.7752772e-05
0,0,0.0001103052
0,0,1.2277199e-05
0,0,0.0014986906
0,0,2.4146534e-06
0,0,4.1359017e-05
0,0,0.00025658068
0,0,4.571283e-05
0,0,5.1076964e-05
0,0,2.5924379e-05
0,0,6.226691e-05
0,0,2.8025344e-05
0,0,8.8179055e-05
0,0,9.341319e-06
0,0,0.011049529
0,0,4.6071957e-05
0,0,3.5851248e-05
0,0,9.1962775e-06
0,0,0.0001617687
0,0,1.7243228e-05
0,0,4.080607e-05
0,0,1.1516937e-05
0,0,6.0329407e-05
0,0,2.9812893e-05
0,0,0.00015029458
0,0,9.811381e-05
0,0,2.8867384e-05
0,0,3.5451394e-05
0,0,0.0009692643
0,0,2.1737371e-06
0,0,8.531712e-05
0,0,0.0006571875
0,0,3.06667e-05
0,0,8.257243e-06
0,0,6.526854e-06
0,0,0.00021019892
0,0,6.709871e-05
0,0,3.5244655e-05
0,0,3.2807722e-05
0,0,2.2589322e-06
0,0,2.3612847e-05
0,0,1.321744e-05
0,0,0.0012225984
0,0,2.0846788e-05
0,0,0.0017966758
0,0,8.479644e-06
0,0,1.4567548e-05
0,0,1.5830543e-05
0,0,7.492715e-06
0,0,0.00016002587
0,0,2.4343082e-05
0,0,0.00013284101
0,0,3.8504986e-05
0,0,2.388979e-05
0,0,4.7823363e-05
0,0,7.986988e-05
0,0,3.2734562e-05
0,0,9.211582e-05
0,0,0.00012122868
0,0,2.1919745e-05
0,0,1.3431397e-05
0,0,2.8498474e-05
0,0,0.002179066
0,0,0.0002903266
0,0,4.2454034e-05
0,0,1.9869185e-05
0,0,0.0007084528
0,0,7.892951e-05
0,0,2.2303507e-06
0,0,0.00033943832
0,0,5.6057775e-06
0,0,3.4335026e-05
0,0,7.32165e-05
0,0,8.536734e-05
0,0,0.00027970545
0,0,2.4387718e-05
0,0,1.6949112e-05
0,0,0.00013630914
0,0,1.1471852e-05
0,0,5.324648e-05
0,0,3.4248857e-05
0,0,1.0638725e-05
0,0,1.8838517e-05
0,0,1.2857861e-05
0,0,3.2728913e-05
0,0,0.0001706201
0,0,7.9761785e-06
0,0,0.00023243937
0,0,1.900045e-05
0,0,6.217666e-05
0,0,8.623281e-05
0,0,0.0025702945
0,0,0.0009954129
0,0,6.9958674e-06
0,0,3.7540955e-05
0,0,7.5237156e-05
0,0,6.8803405e-05
0,0,8.679217e-06
0,0,6.3578455e-06
0,0,2.1733327e-05
0,0,6.451593e-05
0,0,0.00052589556
0,0,0.0014342982
0,0,2.529142e-05
0,0,3.465358e-05
0,0,3.3175227e-05
0,0,0.00025119804
0,0,0.00012234223
0,0,5.354972e-05
0,0,2.2658454e-05
0,0,4.7103837e-05
0,0,1.1711707e-05
0,0,0.00025522217
0,0,2.490571e-05
0,0,0.0008197223
0,0,2.0339157e-05
0,0,6.6763685e-05
0,0,0.0001437
0,0,2.3559289e-05
0,0,7.087275e-06
0,0,5.085946e-05
0,0,3.595204e-05
0,0,0.00022966936
0,0,0.00040591764
0,0,7.931296e-06
0,0,1.2079277e-05
0,0,9.341577e-06
0,0,6.5276627e-06
0,0,0.000115791416
0,0,5.91038e-06
0,0,0.00013754035
0,0,0.0053721173
0,0,9.732346e-06
0,0,1.2374197e-05
0,0,1.0342392e-05
0,0,8.245752e-05
0,0,6.294068e-05
0,0,2.784908e-05
0,0,1.6039967e-05
0,0,1.0847311e-05
0,0,0.0001110648
0,0,0.00015807798
0,0,5.903851e-06
0,0,0.00013051268
0,0,4.485359e-05
0,0,1.3417223e-05
0,0,8.506262e-05
0,0,1.1553129e-05
0,0,1.3798341e-05
0,0,1.7875082e-05
0,0,5.2987434e-05
0,0,0.0002938504
0,0,0.009665683
0,0,2.5838339e-05
0,0,4.6796602e-05
0,0,3.4777364e-05
0,0,2.0992724e-05
0,0,1.1468078e-05
0,0,5.147966e-05
0,0,0.00040049537
0,0,6.3630864e-06
0,0,3.237518e-05
0,0,3.3458124e-05
0,0,2.0693342e-05
0,0,0.0001496194
0,0,0.00043221161
0,0,8.764379e-05
0,0,1.3095025e-05
0,0,9.116592e-05
0,0,3.0939595e-05
0,0,1.991766e-06
0,0,0.00011339883
0,0,6.52307e-06
0,0,6.629807e-05
0,0,0.00012135173
0,0,2.8257646e-05
0,0,6.165311e-06
0,0,0.00022418199
0,0,2.4631056e-05
0,0,0.00027448058
0,0,6.7347755e-05
0,0,4.5854017e-06
0,0,0.0005242397
0,0,1.4227694e-05
0,0,0.00014211373
0,0,8.32268e-06
0,0,0.00066135795
0,0,1.6661634e-05
0,0,1.3035751e-05
0,0,1.9143938e-05
0,0,4.451928e-05
0,0,0.0002978037
0,0,1.8910714e-05
0,0,1.1613875e-05
0,0,3.4158664e-05
0,0,7.739742e-06
0,0,9.995358e-05
0,0,0.0017290825
0,0,0.00015997492
0,0,2.696943e-05
0,0,1.7423736e-05
0,0,9.711458e-06
0,0,0.0003757413
0,0,0.00013470229
0,0,5.7804587e-06
0,0,0.00019982074
0,0,0.0008820518
0,0,0.003495306
0,0,1.0374488e-05
0,0,1.7951339e-05
0,0,3.728592e-05
0,0,0.00012566123
0,0,0.00042948738
0,0,3.108451e-05
0,0,7.196031e-05
0,0,1.6503227e-05
0,0,3.451098e-05
0,0,4.2951047e-05
0,0,8.7692715e-06
0,0,0.00010288575
0,0,0.00035855352
0,0,0.00017460992
0,0,1.07799915e-05
0,0,2.5468542e-05
0,0,6.3410184e-06
0,0,1.8097826e-05
0,0,4.0279965e-06
0,0,1.1529047e-05
0,0,3.3294873e-05
0,0,1.9749887e-05
0,0,2.2543574e-05
0,0,5.912921e-05
0,0,9.404531e-05
0,0,0.00010342816
0,0,6.252962e-05
0,0,0.00036614703
0,0,2.5704052e-05
0,0,5.454327e-06
0,0,1.942296e-05
0,0,2.8270368e-05
0,0,0.000104562816
0,0,6.3879925e-05
0,0,2.2030837e-05
0,0,6.553828e-05
0,0,4.5116005e-05
0,0,1.34105585e-05
0,0,1.05729005e-05
0,0,1.9181949e-05
0,0,3.2318545e-05
0,0,5.684999e-06
0,0,0.00029597376
0,0,6.581483e-06
0,0,6.860661e-06
0,0,0.00021578578
0,0,5.3448548e-05
0,0,0.00013239121
0,0,1.4891458e-05
0,0,9.356128e-06
0,0,1.3528801e-05
0,0,6.654192e-05
0,0,0.00031986952
0,0,4.9362257e-05
0,0,0.00018385572
0,0,1.1990045e-05
0,0,2.0165411e-05
0,0,3.2354624e-06
0,0,0.002057724
0,0,7.0178336e-05
0,0,4.8566013e-05
0,0,0.001108907
0,0,7.489129e-06
0,0,7.982594e-05
0,0,4.2285465e-05
0,0,2.2654025e-05
0,0,0.00019426206
0,0,1.0979195e-05
0,0,3.740059e-05
0,0,5.3606942e-05
0,0,6.7332344e-06
0,0,2.0229321e-05
0,0,2.294065e-05
0,0,4.66113e-06
0,0,2.600215e-05
0,0,1.1192578e-05
0,0,5.7163386e-05
0,0,0.0002078177
0,0,7.616405e-05
0,0,4.6944104e-05
0,0,1.2971021e-05
0,0,9.937207e-06
0,0,0.000105311505
0,0,0.0040745684
0,0,8.155707e-06
0,0,1.5478294e-05
0,0,5.4316708e-05
0,0,3.806686e-05
0,0,0.0006781701
0,0,1.8904946e-05
0,0,0.0002496906
0,0,3.952335e-05
0,0,0.00015472103
0,0,0.00018247009
0,0,1.5634554e-05
0,0,1.19904225e-05
0,0,0.00022159358
0,0,1.35812725e-05
0,0,2.2662774e-05
0,0,0.00021157043
0,0,5.5957144e-06
0,0,9.8782126e-05
0,0,9.645708e-05
0,0,9.915236e-06
0,0,7.146152e-05
0,0,8.0853366e-05
0,0,3.4474993e-05
0,0,0.00014846202
0,0,3.7984048e-06
0,0,7.296043e-05
0,0,2.9283237e-05
0,0,1.2504737e-05
0,0,7.024054e-05
0,0,1.7521346e-05
0,0,1.079912e-05
0,0,4.5727607e-05
0,0,2.480793e-05
0,0,1.6384314e-05
0,0,1.0294254e-05
0,0,0.0013617546
0,0,1.1945715e-05
0,0,1.1501122e-05
0,0,0.0012889409
0,0,3.2177235e-05
0,0,2.139023e-05
0,0,0.000100031575
0,0,0.00017710378
0,0,3.0309608e-05
0,0,3.1444524e-05
0,0,4.6691363e-05
0,0,9.631489e-05
0,0,1.9636394e-05
0,0,7.8788726e-05
0,0,7.13114e-06
0,0,1.09647235e-05
0,0,1.9078836e-05
0,0,0.0003832737
0,0,1.0421232e-05
0,0,0.0013863919
0,0,2.163085e-06
0,0,0.00020141472
0,0,4.34493e-06
0,0,8.022835e-05
0,0,7.909708e-06
0,0,0.0006211045
0,0,6.0063627e-05
0,0,0.003892579
0,0,4.143003e-05
0,0,0.003199553
0,0,0.00019512526
0,0,3.792298e-05
0,0,4.7825415e-05
0,0,5.4697402e-06
0,0,1.2697792e-05
0,0,1.0857847e-05
0,0,0.00043212203
0,0,3.0098843e-06
0,0,2.1349511e-05
0,0,6.67024e-05
0,0,0.00518147
0,0,2.5099058e-05
0,0,1.8318524e-05
0,0,6.1011824e-06
0,0,9.312568e-05
0,0,0.00028292337
0,0,0.00044802358
0,0,5.569972e-05
0,0,0.0004265328
0,0,6.783142e-05
0,0,9.3236304e-05
0,0,3.5785977e-06
0,0,0.00012934339
0,0,2.4467785e-05
0,0,1.9416646e-05
0,0,4.831882e-06
0,0,1.0478055e-05
0,0,2.7904534e-05
0,0,2.2764301e-05
0,0,9.058687e-05
0,0,0.00022354249
0,0,0.00012886597
0,0,1.00178195e-05
0,0,8.4853955e-06
0,0,2.283133e-05
0,0,3.6307154e-06
0,0,4.9425664e-05
0,0,0.00015090288
0,0,1.9232339e-05
0,0,1.4241174e-05
0,0,7.4235313e-06
0,0,1.4899441e-05
0,0,6.053988e-05
0,0,5.2451364e-06
0,0,7.958072e-07
0,0,0.0001544716
0,0,1.2614221e-05
0,0,0.00029901022
0,0,1.2728404e-05
0,0,7.581448e-05
0,0,3.9907998e-05
0,0,3.090916e-05
0,0,1.5264668e-05
0,0,0.00011968243
0,0,2.1793538e-05
0,0,3.0386477e-06
0,0,1.25056185e-05
0,0,1.6718952e-05
0,0,8.74487e-06
0,0,4.8271057e-05
0,0,0.00044898834
0,0,3.3213175e-06
0,0,1.006263e-05
0,0,2.2894996e-05
0,0,2.6333772e-05
0,0,1.8622119e-05
0,0,4.123111e-05
0,0,0.0001556356
0,0,1.602911e-05
0,0,2.0622792e-05
0,0,5.659019e-06
0,0,4.8725036e-05
0,0,1.6474623e-05
0,0,1.8961242e-05
0,0,0.00022316557
0,0,3.2982294e-05
0,0,8.345244e-06
0,0,0.000104879575
0,0,4.056888e-05
0,0,1.842793e-05
0,0,2.7576673e-06
0,0,6.6673683e-06
0,0,1.9029409e-05
0,0,4.777017e-05
0,0,0.00014802508
0,0,6.227831e-05
0,0,4.516611e-05
0,0,0.0008886547
0,0,0.002593239
0,0,0.000105405335
0,0,4.9181734e-05
0,0,8.511948e-06
0,0,7.2405446e-06
0,0,1.437e-05
0,0,0.00033068383
0,0,2.2300837e-05
0,0,0.00050851726
0,0,4.8862935e-06
0,0,1.9308603e-05
0,0,6.732367e-05
0,0,3.2061992e-06
0,0,3.3595894e-05
0,0,3.204458e-05
0,0,9.030217e-05
0,0,0.00027466827
0,0,7.610604e-05
0,0,5.647745e-06
0,0,2.4590241e-05
0,0,6.0068094e-05
0,0,1.1541699e-05
0,0,1.5448299e-05
0,0,2.2444468e-05
0,0,0.00012522929
0,0,4.959133e-05
0,0,6.77071e-06
0,0,2.1471265e-05
0,0,7.140349e-05
0,0,5.3274453e-06
0,0,3.9639042e-05
0,0,0.000113588765
0,0,4.1396663e-05
0,0,0.0007086806
0,0,2.5049607e-05
0,0,2.3014101e-05
0,0,2.7014245e-05
0,0,0.0008456712
0,0,9.751453e-05
0,0,4.4310395e-06
1,1,0.95850736
0,0,4.06654e-06
0,0,8.460864e-06
0,0,0.00023700173
0,0,3.860974e-06
0,0,0.000114736155
0,0,8.938266e-05
0,0,2.1737618e-05
0,0,0.00012962762
0,0,1.8551873e-05
0,0,4.4394554e-05
0,0,2.1113448e-05
0,0,9.3301566e-07
0,0,1.7561964e-05
0,0,1.1022565e-05
0,0,2.662052e-06
0,0,1.0375388e-05
0,0,4.466957e-05
0,0,4.1924013e-05
0,0,9.655831e-05
0,0,1.8301691e-05
0,0,1.0313603e-05
0,0,0.00036234836
0,0,1.0164819e-05
0,0,7.4114355e-06
0,0,1.8410555e-06
0,0,2.1991375e-05
0,0,1.130788e-05
0,0,1.3448596e-05
0,0,8.697313e-06
0,0,0.0003163232
0,0,5.5331234e-06
0,0,5.99994e-05
0,0,6.855996e-05
0,0,2.1490952e-05
0,0,6.477244e-05
0,0,1.4308696e-05
0,0,1.6233154e-05
0,0,5.0101744e-06
0,0,1.1872009e-05
0,0,6.839599e-05
0,0,3.6445817e-05
0,0,7.632145e-05
0,0,3.503e-05
0,0,2.0633219e-05
0,0,4.0917555e-05
0,0,1.0661923e-05
0,0,0.00017629389
0,0,2.9791434e-05
0,0,5.6002293e-05
0,0,8.636291e-06
0,0,3.0650444e-05
0,0,0.00029031193
0,0,3.1107964e-05
0,0,0.00011611228
0,0,0.00062333094
0,0,4.5739693e-05
0,0,3.3815046e-05
0,0,0.0030928014
0,0,0.0001598232
0,0,5.4895398e-05
0,0,5.805424e-06
0,0,2.7883063e-06
0,0,2.955512e-05
0,0,5.3949363e-05
0,0,2.1828191e-05
0,0,7.005014e-06
0,0,8.480118e-05
0,0,4.61354e-06
0,0,3.6852456e-05
0,0,0.00033630838
0,0,1.6592088e-05
0,0,3.751991e-05
0,0,8.9236004e-05
0,0,0.00022680624
0,0,1.2257521e-05
0,0,2.347266e-05
0,0,1.5136724e-05
0,0,0.00034484133
0,0,1.3874211e-05
0,0,0.00027344807
0,0,0.00043764737
0,0,0.00010571275
0,0,0.00018240487
0,0,2.1266767e-05
0,0,3.2362306e-05
0,0,8.843531e-05
0,0,0.000223702
0,0,0.00038466978
0,0,6.643635e-05
0,0,4.870376e-05
0,0,5.0540406e-05
0,0,6.307978e-06
0,0,0.0005398523
0,0,0.00012956792
0,0,2.10816e-05
0,0,4.5859306e-06
0,0,1.7365409e-06
0,0,6.4775254e-06
0,0,2.4755345e-05
0,0,2.808841e-06
0,0,3.0176303e-05
0,0,1.9417072e-05
0,0,1.1630772e-06
0,0,0.0025496327
0,0,7.558188e-06
0,0,5.86885e-06
0,0,0.004157963
0,0,0.0003003943
0,0,0.0005649781
0,0,5.5726337e-06
0,0,1.3936604e-05
0,0,5.2597075e-06
0,0,2.0034397e-05
0,0,2.4269486e-05
0,0,0.00015083281
0,0,6.69683e-05
0,0,1.4160918e-05
0,0,6.967814e-05
0,0,1.5023659e-05
0,0,0.0034504887
0,0,3.205029e-05
0,0,0.00052672
0,0,7.402415e-06
0,0,2.1884425e-05
0,0,5.496435e-06
0,0,0.0006505951
0,0,8.2322935e-05
0,0,3.9093516e-06
0,0,3.348417e-05
0,0,2.9013134e-05
0,0,1.3654908e-05
0,0,0.00024769318
0,0,2.2241093e-05
0,0,8.206756e-06
0,0,7.157508e-05
0,0,0.0033981088
0,0,0.0009230438
0,0,2.3986104e-05
0,0,3.8167844e-05
0,0,0.0002316555
0,0,3.6373347e-06
0,0,4.47826e-05
0,0,1.2642391e-05
0,0,4.6429082e-05
0,0,0.0005073623
0,0,6.99493e-05
0,0,0.0002878848
0,0,1.548569e-05
0,0,0.00011826422
0,0,3.7325553e-05
0,0,2.1437301e-05
0,0,6.862923e-05
0,0,6.8076733e-06
0,0,1.6922399e-05
0,0,0.0012341894
0,0,2.8459122e-05
0,0,8.302197e-05
0,0,5.6977908e-05
0,0,0.00033500502
0,0,8.958882e-06
0,0,1.6083084e-05
0,0,0.00068693864
0,0,1.2400943e-05
0,0,0.00022402749
0,0,6.496772e-06
0,0,4.370485e-05
0,0,3.533043e-05
0,0,0.00010087557
0,0,4.395677e-05
0,0,0.00024688613
0,0,7.935523e-05
0,0,1.3283972e-05
0,0,0.0003630551
0,0,1.6277832e-05
0,0,1.5223528e-05
0,0,2.7137721e-05
0,0,0.00025751317
0,0,6.403008e-05
0,0,8.1229355e-06
0,0,2.6479605e-05
0,0,7.6066564e-05
0,0,3.0656087e-05
0,0,4.405367e-06
0,0,0.0001417294
0,0,9.232333e-06
0,0,4.0741175e-05
0,0,9.486169e-06
0,0,3.663245e-05
0,0,7.19956e-05
0,0,0.00012740395
0,0,1.5580257e-05
0,0,6.5502e-06
0,0,0.000104498926
0,0,0.00023966674
0,0,5.244766e-05
0,0,1.5841915e-05
0,0,5.4709973e-05
0,0,0.0023484062
0,0,0.0004937567
0,0,0.00035956776
0,0,0.00023746428
0,0,2.0475602e-05
0,0,9.622337e-05
0,0,0.0003536833
0,0,3.1863416e-05
0,0,1.2086861e-05
0,0,1.857322e-05
0,0,0.00018188852
0,0,4.668655e-05
0,0,0.00013177357
0,0,0.00035839854
0,0,1.3660912e-05
0,0,0.015247325
0,0,7.0182694e-05
0,0,3.7794376e-05
0,0,4.1669475e-05
0,0,0.000249071
0,0,2.853772e-05
0,0,3.859804e-05
0,0,0.00012604693
0,0,8.9629924e-05
0,0,1.3248068e-05
0,0,8.225915e-06
0,0,6.7052893e-06
0,0,5.0096118e-05
0,0,4.7600963e-05
0,0,1.2021049e-05
0,0,4.310422e-05
0,0,5.3904537e-06
0,0,0.008498493
0,0,0.00031784587
0,0,4.6441834e-05
0,0,0.0012443158
0,0,7.1521717e-06
0,0,3.0838968e-05
0,0,2.3048453e-05
0,0,0.00080605067
0,0,0.00011949952
0,0,1.1885376e-05
0,0,9.3440045e-05
0,0,7.3678486e-05
0,0,6.401011e-05
0,0,0.00014814624
0,0,1.8348876e-05
0,0,8.5355125e-05
0,0,8.0880825e-05
0,0,4.5799125e-06
0,0,1.6767492e-05
0,0,6.845942e-05
0,0,9.4518124e-05
0,0,7.562471e-06
0,0,3.054438e-05
0,0,0.00015770296
0,0,1.1453126e-05
0,0,0.00045868682
0,0,0.00032404298
0,0,7.1898925e-05
0,0,1.8749923e-05
0,0,4.552663e-05
0,0,6.3207563e-06
0,0,0.000107966756
0,0,1.9770821e-05
0,0,9.420364e-05
0,0,2.5950154e-05
0,0,6.321762e-05
0,0,1.5747291e-05
0,0,1.7378681e-05
0,0,4.213058e-05
0,0,0.00017860545
0,0,0.00093135104
0,0,3.5769633e-06
0,0,0.00034926375
0,0,7.602662e-06
0,0,5.4481417e-05
0,0,4.0237523e-05
0,0,1.9192195e-05
0,0,7.145573e-05
0,0,4.720713e-06
0,0,0.0001511918
0,0,1.9161253e-05
0,0,0.0008541933
0,0,4.14198e-05
0,0,5.034717e-06
0,0,1.11303725e-05
0,0,0.00024104655
0,0,0.0001622827
0,0,0.0017189598
0,0,1.2641679e-05
0,0,2.972728e-06
0,0,0.00057179533
0,0,3.5174467e-06
0,0,5.8756774e-05
0,0,2.9361643e-05
0,0,3.2231594e-05
0,0,1.1474324e-05
0,0,0.0005513931
0,0,5.528508e-06
0,0,7.0560777e-06
0,0,0.00016587769
0,0,0.00012309971
0,0,1.1142661e-05
0,0,6.015167e-05
0,0,2.3021015e-05
0,0,4.3175434e-05
0,0,2.1734262e-05
0,0,5.522029e-05
0,0,8.34432e-06
0,0,2.6517233e-05
0,0,8.723612e-06
0,0,3.216024e-05
0,0,8.76944e-06
0,0,7.3413095e-05
0,0,9.361519e-06
0,0,1.1342647e-05
0,0,5.021651e-05
0,0,2.5778236e-05
0,0,3.732462e-06
0,0,0.00012166585
0,0,0.00017686433
0,0,2.1869948e-05
0,0,1.9101428e-05
0,0,1.918676e-05
0,0,2.4341154e-05
0,0,6.3867847e-06
0,0,0.00016932112
0,0,2.9626895e-06
0,0,0.00032583444
0,0,0.000106446525
0,0,6.3801244e-06
0,0,1.8430865e-05
0,0,1.3606656e-05
0,0,9.125626e-06
0,0,4.6827943e-05
0,0,1.6697728e-05
0,0,0.000104704704
0,0,9.475681e-06
0,0,6.591282e-06
0,0,4.6683745e-05
0,0,0.0007063349
0,0,8.763595e-06
0,0,1.837539e-05
0,0,2.1239424e-05
0,0,5.262401e-05
0,0,8.852634e-06
0,0,4.8716578e-05
0,0,1.5898822e-05
0,0,2.0133974e-05
0,0,3.7980233e-05
0,0,1.5857757e-05
0,0,3.0168909e-05
0,0,1.2816238e-05
0,0,0.0007542479
0,0,3.7234826e-05
0,0,8.225099e-06
0,0,2.5161708e-06
0,0,4.140341e-05
0,0,7.070931e-06
0,0,0.00017439145
0,0,2.1695514e-05
0,0,6.2921295e-05
0,0,2.8010356e-05
0,0,6.7599353e-06
0,0,4.5532273e-05
0,0,2.009356e-05
0,0,0.0001049353
0,0,2.4253844e-05
0,0,1.5805683e-05
0,0,2.4433344e-05
0,0,1.6435e-05
0,0,0.0016959397
0,0,2.5637806e-05
0,0,3.8456683e-06
0,0,0.0002726491
0,0,5.761252e-05
0,0,2.0222686e-05
0,0,0.00012486299
0,0,7.8186524e-05
0,0,0.000116838426
0,0,2.1237987e-05
0,0,1.2062575e-05
0,0,2.7105725e-05
0,0,0.00022585069
0,0,1.1066307e-05
0,0,1.1923067e-05
0,0,0.0002305896
0,0,7.422395e-05
0,0,0.00012508249
0,0,0.00075582
0,0,3.9857723e-06
0,0,2.0577962e-05
0,0,4.079459e-06
0,0,2.545555e-05
0,0,9.17241e-05
0,0,0.00019628537
0,0,1.308178e-05
0,0,6.23501e-05
0,0,4.180257e-05
0,0,1.49297375e-05
0,0,0.00023120423
0,0,0.0004872274
0,0,1.956876e-05
0,0,3.8233196e-05
0,0,0.00014506737
0,0,1.6211774e-05
0,0,3.240094e-06
0,0,0.0002984136
0,0,2.9781235e-05
0,0,0.00014333228
0,0,3.0412826e-05
0,0,0.0007937205
0,0,1.1435838e-05
0,0,8.27156e-05
0,0,3.2835155e-06
0,0,0.0014865559
0,0,0.00014913455
0,0,2.266431e-05
0,0,5.1299903e-05
0,0,0.00012575761
0,0,7.2255216e-06
0,0,0.0009579828
0,0,1.6192862e-05
0,0,1.1832685e-05
0,0,0.0002171602
0,0,2.1373266e-05
0,0,1.19522565e-05
0,0,5.2238156e-06
0,0,7.862051e-06
0,0,2.207498e-05
0,0,6.2832896e-06
0,0,5.9102098e-05
0,0,0.0026867853
0,0,6.5649874e-05
0,0,0.001230281
0,0,0.00010961086
0,0,1.0025331e-05
0,0,2.013121e-05
0,0,0.0005737301
0,0,0.00025449976
0,0,6.3182733e-06
0,0,5.4871736e-05
0,0,6.8551395e-05
0,0,1.9533483e-05
0,0,4.8997856e-05
0,0,1.8678875e-05
0,0,0.00015730946
0,0,0.0010976107
0,0,0.00023343235
0,0,0.0002743453
0,0,1.6212052e-05
0,0,4.161645e-06
0,0,2.0524163e-05
0,0,4.598653e-06
0,0,5.8076872e-05
0,0,1.30738745e-05
0,0,2.5908956e-05
0,0,9.075289e-06
0,0,1.3362035e-05
0,0,7.3023984e-05
0,0,0.00019686604
0,0,2.221792e-05
0,0,0.00035217812
0,0,0.0001088831
0,0,0.00019480888
0,0,1.8380208e-05
0,0,1.9781537e-06
0,0,8.8801235e-06
0,0,0.0001093506
0,0,8.227216e-06
0,0,1.9446257e-05
0,0,3.497776e-05
0,0,2.335453e-06
0,0,5.4357943e-06
0,0,5.7819416e-05
0,0,7.056992e-05
0,0,2.2695434e-05
0,0,1.5270769e-05
0,0,0.00013619897
0,0,8.7079556e-05
0,0,7.5778415e-05
0,0,2.0630228e-05
0,0,0.0014027836
0,0,3.8604074e-05
0,0,7.0998844e-06
0,0,7.219504e-05
0,0,8.009175e-05
0,0,0.0001809575
0,0,0.001265977
0,0,2.4687702e-06
0,0,1.5264523e-05
0,0,7.0165224e-05
0,0,3.4333618e-05
0,0,2.0968175e-05
0,0,1.112234e-05
0,0,0.0011077679
0,0,1.6807708e-05
0,0,1.5303045e-05
0,0,1.7658916e-05
0,0,1.94769e-05
0,0,6.553128e-05
0,0,2.894633e-06
0,0,0.00023278047
0,0,0.00024987542
0,0,3.4102424e-05
0,0,0.00035652035
0,0,0.00013670015
0,0,9.367842e-06
0,0,4.154119e-06
0,0,6.437029e-05
0,0,5.6497127e-05
0,0,0.00071300165
0,0,1.3046784e-05
0,0,0.047294725
0,0,0.00028129772
0,0,1.7061824e-05
0,0,6.421682e-05
0,0,8.179131e-05
0,0,0.00029982068
0,0,1.4272663e-05
0,0,4.9882483e-06
0,0,6.236395e-05
0,0,3.2266158e-05
0,0,4.7648577e-06
0,0,1.15691055e-05
0,0,6.458069e-05
0,0,3.653187e-05
0,0,0.0001393808
0,0,3.931322e-05
0,0,3.198535e-05
0,0,1.3209753e-05
0,0,6.460779e-05
0,0,0.00041045254
0,0,0.00014364849
0,0,1.5079367e-05
0,0,8.4033134e-05
0,0,3.1525473e-05
0,0,5.210061e-05
0,0,2.242641e-05
0,0,3.2348205e-05
0,0,2.6049009e-05
0,0,2.4026742e-06
0,0,2.0448765e-06
0,0,0.00062656467
0,0,2.0211888e-05
0,0,0.00010156415
0,0,3.0593276e-06
0,0,0.00028657637
0,0,0.00012813385
0,0,2.5613539e-05
1,1,0.9603976
0,0,0.0005408533
0,0,0.0001350744
0,0,3.739767e-05
0,0,0.00014141094
0,0,3.8018938e-05
0,0,0.0008967415
0,0,1.813786e-05
0,0,7.914627e-05
0,0,0.00016678838
0,0,4.810429e-06
0,0,2.3213717e-05
0,0,1.8715695e-05
0,0,4.7512176e-06
0,0,2.9998637e-05
0,0,4.114097e-05
0,0,4.388134e-05
0,0,0.00014560077
0,0,2.2512895e-05
0,0,1.907376e-05
0,0,0.0002512596
0,0,0.0011080914
0,0,3.016111e-05
0,0,4.2397655e-06
0,0,6.967635e-05
0,0,1.8148771e-06
0,0,3.893238e-06
0,0,2.2035609e-05
0,0,5.082147e-06
0,0,3.2775573e-05
0,0,2.2390017e-05
0,0,4.5402805e-05
0,0,9.643726e-06
0,0,1.2664559e-05
0,0,3.1018706e-06
0,0,1.4690862e-05
0,0,1.5899906e-06
0,0,1.90403e-05
0,0,0.0036619562
0,0,6.633519e-06
0,0,0.0002633465
0,0,1.0110013e-05
0,0,2.5722786e-05
0,0,0.00012452232
0,0,3.0488502e-05
0,0,3.998644e-05
0,0,1.1114992e-05
0,0,0.00018466603
0,0,2.6227806e-05
0,0,0.00011352467
0,0,2.0114649e-05
0,0,5.3319498e-05
0,0,3.6470607e-05
0,0,4.022375e-05
0,0,0.00034626303
0,0,1.9062249e-05
0,0,0.0003336765
0,0,1.30169565e-05
0,0,6.4918236e-06
0,0,0.00039772995
0,0,1.356319e-05
0,0,2.1719634e-05
0,0,0.00014897152
0,0,6.62033e-05
0,0,6.840617e-05
0,0,9.544058e-05
0,0,0.000111277885
0,0,1.9232026e-05
0,0,2.0576177e-05
0,0,2.9477826e-05
0,0,3.582206e-05
0,0,8.28587e-06
0,0,1.1747918e-05
0,0,9.150063e-05
0,0,1.50663445e-05
0,0,1.4313405e-05
0,0,1.9057687e-05
0,0,1.834711e-05
0,0,4.9738534e-05
0,0,3.8294387e-05
0,0,0.0013002073
0,0,0.0003941108
0,0,3.0287647e-05
0,0,7.695206e-05
0,0,0.0003854179
0,0,0.0035793977
0,0,0.00019116119
0,0,3.5894363e-06
0,0,7.6811666e-05
0,0,2.2923112e-05
0,0,3.713932e-05
0,0,0.00019449614
0,0,0.00083297107
0,0,7.6564414e-05
0,0,1.293981e-05
0,0,1.0489813e-05
0,0,5.1296818e-05
0,0,0.0006943872
0,0,1.5979916e-05
0,0,1.2122126e-05
0,0,9.020062e-05
0,0,0.00033295612
0,0,5.7536203e-05
0,0,4.9447488e-05
0,0,1.4288229e-05
0,0,4.7765093e-06
0,0,3.2251024e-05
0,0,9.955624e-05
0,0,0.00012968077
0,0,9.818009e-06
0,0,5.4511866e-06
0,0,0.00058081234
0,0,0.00011178689
0,0,8.6320915e-06
0,0,3.5363835e-05
0,0,3.5596928e-05
0,0,5.143643e-05
0,0,2.6850714e-05
0,0,0.00046008307
0,0,2.5847408e-05
0,0,0.0010288546
0,0,2.8401371e-05
0,0,3.4425123e-06
0,0,0.00012908685
0,0,2.9449839e-05
0,0,8.3943916e-05
0,0,4.228649e-06
0,0,5.614817e-05
0,0,0.00035900844
0,0,0.00048631683
0,0,2.9203002e-05
1,1,0.99125075
0,0,1.3185035e-05
0,0,3.0994308e-06
0,0,3.1232306e-05
0,0,0.00012356306
0,0,0.000111884154
0,0,1.0322715e-05
0,0,2.1401383e-06
0,0,4.053396e-05
0,0,3.1359923e-05
0,0,0.00039145883
0,0,0.00014970716
0,0,2.21996e-05
0,0,7.791895e-06
0,0,9.3124436e-05
0,0,0.0009306889
0,0,0.000109563
0,0,9.980915e-06
0,0,1.7093533e-05
0,0,2.9698365e-05
0,0,8.110457e-05
0,0,2.8330445e-05
0,0,3.5972769e-06
0,0,0.00015273425
0,0,9.9452745e-06
0,0,1.1363132e-05
0,0,2.9626824e-05
0,0,3.172325e-05
0,0,8.7862114e-05
0,0,4.108068e-06
0,0,6.2440595e-05
0,0,8.959113e-06
0,0,0.0007275583
0,0,3.6686813e-06
0,0,2.4237797e-05
0,0,2.4987907e-05
0,0,1.31185725e-05
0,0,0.00034523165
0,0,2.2522772e-05
0,0,2.4383322e-05
0,0,3.4113764e-06
0,0,0.000102832884
0,0,1.4269737e-05
0,0,5.8438254e-05
0,0,0.00048219567
0,0,0.00011853903
0,0,7.835711e-06
0,0,9.964808e-05
0,0,0.00028713566
0,0,3.148488e-05
0,0,1.7110935e-05
0,0,1.1810419e-05
0,0,0.00043351183
0,0,2.4148327e-05
0,0,1.4264512e-05
0,0,7.5498196e-05
0,0,1.4646616e-05
0,0,9.364796e-06
0,0,4.6249977e-05
0,0,7.1511015e-05
0,0,0.00019032747
0,0,0.003580556
0,0,1.0351934e-05
0,0,6.874301e-05
0,0,0.00027766355
0,0,5.5955476e-05
0,0,2.5834715e-05
0,0,0.00035138917
0,0,2.2622095e-05
0,0,7.306808e-05
0,0,0.00010664434
0,0,1.25844e-05
0,0,2.4963876e-05
0,0,1.5749334e-05
0,0,8.188604e-06
0,0,2.2633381e-05
0,0,3.1614265e-06
0,0,0.00013356512
0,0,4.368213e-06
0,0,6.629073e-05
0,0,5.088867e-05
0,0,1.6013066e-05
0,0,2.345185e-05
0,0,3.6675094e-05
0,0,2.9626583e-06
0,0,6.4539745e-05
0,0,2.13522e-05
0,0,0.0015145153
0,0,0.00015667042
0,0,9.546261e-05
0,0,5.1183502e-05
0,0,0.00020311667
0,0,4.2658776e-05
0,0,0.0001425059
0,0,0.00024813687
0,0,1.03022485e-05
0,0,2.6309222e-05
0,0,8.799182e-05
0,0,1.7842092e-05
0,0,0.0003795931
0,0,6.891307e-05
0,0,0.000824879
0,0,6.4620695e-06
0,0,1.0830018e-05
0,0,6.362559e-06
0,0,5.8190628e-05
0,0,3.503234e-05
0,0,1.7249098e-05
0,0,0.00012966471
0,0,5.3179633e-06
0,0,4.0708357e-05
0,0,4.2029938e-06
0,0,6.3606176e-06
0,0,4.2444848e-05
0,0,0.0007282284
0,0,1.0967475e-05
0,0,2.5907722e-05
0,0,0.0001491617
0,0,3.3254826e-05
0,0,3.358738e-06
0,0,5.457376e-06
0,0,1.0758187e-05
0,0,8.150443e-06
0,0,0.00010786714
0,0,0.001319678
0,0,1.4698169e-06
0,0,3.500442e-05
0,0,0.00016002891
0,0,1.6154932e-05
0,0,8.1869424e-05
0,0,2.1347578e-05
0,0,9.119502e-06
0,0,1.2963427e-05
0,0,6.6468997e-06
0,0,8.959523e-06
0,0,3.0808103e-05
0,0,7.881005e-06
0,0,4.331772e-05
0,0,1.9460542e-05
0,0,1.1242332e-05
0,0,0.00045895975
0,0,5.649179e-05
0,0,4.2495227e-05
0,0,2.7332748e-05
0,0,5.7934707e-05
0,0,0.0060049873
0,0,0.0003850565
0,0,0.0009204333
0,0,1.8359782e-05
0,0,8.6162356e-05
0,0,0.00016353783
0,0,1.2719001e-05
0,0,0.00023711541
0,0,5.4243723e-05
0,0,4.4994877e-06
0,0,4.733664e-05
0,0,2.4576244e-05
0,0,8.877751e-05
0,0,0.0261446
0,0,6.260483e-06
0,0,1.9480689e-05
0,0,4.2677657e-05
0,0,0.00038313746
0,0,2.2418862e-05
0,0,3.47586e-05
0,0,0.00039379948
0,0,3.1802567e-06
0,0,9.383617e-07
0,0,0.000523724
0,0,4.6803256e-05
0,0,8.28987e-06
0,0,9.1962775e-06
0,0,2.406616e-05
0,0,0.00063774775
0,0,0.00017674631
0,0,2.2838298e-05
0,0,0.000106023785
0,0,0.0012657462
0,0,1.7646056e-05
0,0,2.6850483e-05
0,0,2.665737e-05
0,0,0.00012917712
0,0,0.00010216727
0,0,6.0985698e-05
0,0,1.3455101e-05
0,0,4.692593e-05
0,0,2.0285868e-05
0,0,8.2996785e-06
0,0,0.0005540029
0,0,5.3860538e-05
0,0,3.7303707e-05
0,0,3.2454314e-05
0,0,2.0586636e-05
0,0,1.522492e-05
0,0,1.7012431e-05
0,0,0.00012965246
0,0,1.5181816e-05
0,0,0.000107268
0,0,2.3213527e-06
0,0,3.121843e-05
0,0,3.4037897e-05
0,0,3.0656654e-06
0,0,0.000825427
0,0,0.00010267279
0,0,1.8164777e-05
0,0,3.0561365e-05
0,0,7.085029e-05
0,0,1.5280061e-06
0,0,1.9939823e-06
0,0,3.0550815e-05
0,0,8.154475e-05
0,0,9.315268e-05
0,0,0.00020573926
0,0,2.3276187e-05
0,0,1.4582591e-06
0,0,4.3071228e-05
0,0,4.9784962e-06
0,0,0.00014347312
0,0,6.881837e-05
0,0,9.405769e-05
0,0,0.0006792086
0,0,0.0014018934
0,0,7.91764e-06
0,0,7.3020914e-05
0,0,0.00058951013
0,0,4.3410737e-06
0,0,2.3006885e-06
0,0,0.00017199594
0,0,7.3992225e-05
0,0,2.1313199e-05
0,0,0.00039368818
0,0,2.2318156e-05
0,0,1.5243153e-05
0,0,0.0010857437
0,0,6.012295e-06
0,0,8.41385e-05
0,0,4.238842e-05
0,0,5.316609e-06
0,0,8.784497e-06
0,0,0.0011067621
0,0,4.4060685e-05
0,0,0.0001587995
0,0,1.852311e-05
0,0,8.587048e-06
0,0,3.5924602e-06
0,0,0.00020542191
0,0,4.4461667e-05
0,0,4.7574005e-05
0,0,0.0010924324
0,0,3.2295497e-06
0,0,3.285998e-05
0,0,4.0141786e-05
0,0,5.6076035e-05
0,0,1.2854415e-05
0,0,6.240173e-05
0,0,3.8734135e-05
0,0,3.2476946e-05
0,0,8.6348664e-05
0,0,1.4819221e-05
0,0,6.2917443e-06
0,0,0.00017951257
0,0,1.4004833e-05
0,0,0.00025313682
0,0,0.00016522559
0,0,0.00056913437
0,0,1.1000207e-05
0,0,2.0078542e-05
0,0,0.003972402
0,0,7.179219e-05
0,0,4.2756146e-06
0,0,3.7021466e-05
0,0,2.591449e-06
0,0,0.0025409262
0,0,0.00017992572
0,0,7.093141e-05
0,0,0.000113904614
0,0,0.00013068006
0,0,2.488026e-05
0,0,1.4357247e-05
0,0,0.00063467777
0,0,2.3642945e-06
0,0,4.334224e-06
0,0,1.7000542e-05
0,0,1.377646e-05
0,0,2.1365033e-05
0,0,3.2011958e-05
0,0,6.727894e-05
0,0,4.4707416e-05
0,0,4.8231945e-05
0,0,1.7259483e-05
0,0,6.6223815e-06
0,0,1.2908e-05
0,0,2.1874806e-05
0,0,1.6415905e-06
0,0,1.24958915e-05
0,0,2.0778452e-05
0,0,0.00019932809
0,0,2.1876583e-06
0,0,0.00011337656
0,0,0.00023173017
0,0,6.946591e-06
0,0,1.4564992e-05
0,0,2.3003831e-05
0,0,5.4097554e-06
0,0,5.451894e-05
0,0,4.9999042e-05
0,0,4.4729844e-05
0,0,0.00016323294
0,0,5.4359034e-06
0,0,3.323016e-05
0,0,8.925487e-06
0,0,4.027386e-06
0,0,5.52415e-06
0,0,1.8164847e-05
0,0,0.00034090338
0,0,3.6722864e-05
0,0,6.11002e-05
0,0,1.4197482e-05
0,0,0.00014859869
0,0,0.00016407245
0,0,1.8526076e-05
0,0,0.00013530695
0,0,0.0005894579
0,0,0.000981906
0,0,0.00013633918
0,0,2.166506e-05
0,0,8.586696e-06
0,0,8.424021e-05
0,0,1.0910723e-05
0,0,1.7263927e-05
0,0,0.00010632256
0,0,2.157928e-05
0,0,0.00021579585
0,0,8.507916e-05
0,0,3.5265733e-05
0,0,2.2664872e-05
0,0,0.0012325817
0,0,4.260832e-05
0,0,7.65576e-06
0,0,0.0004182156
0,0,9.422901e-06
0,0,1.4596877e-05
0,0,2.9939049e-05
0,0,0.000100105804
0,0,2.1924408e-05
0,0,0.00012954285
0,0,3.2675176e-05
0,0,8.058105e-05
0,0,5.573383e-05
0,0,6.482478e-05
0,0,9.4494244e-05
0,0,8.27251e-06
0,0,2.8718643e-05
0,0,5.9722815e-06
0,0,2.464205e-05
0,0,1.4682221e-05
0,0,7.720469e-05
0,0,1.616717e-05
0,0,6.231551e-05
0,0,8.9962414e-05
0,0,5.0153517e-06
0,0,3.0088317e-05
0,0,1.3668744e-05
0,0,0.0004117333
0,0,8.7447945e-05
0,0,0.0002720021
0,0,5.2990695e-06
0,0,2.3460752e-05
0,0,7.791701e-05
0,0,0.0007241592
0,0,0.00010776371
0,0,4.7035563e-05
0,0,1.0714427e-05
0,0,1.796952e-06
0,0,5.1974763e-05
0,0,2.2293501e-05
0,0,0.00012147666
0,0,1.9676718e-05
0,0,0.00048981485
0,0,2.4055009e-05
0,0,3.1480347e-05
0,0,9.669272e-06
0,0,1.3904543e-05
0,0,1.414935e-05
0,0,0.00014549807
0,0,0.0002078389
0,0,3.620879e-05
0,0,1.6151484e-05
0,0,3.688737e-05
0,0,2.8037535e-05
0,0,9.629459e-05
0,0,1.5195156e-05
0,0,1.8201765e-05
0,0,7.09486e-05
0,0,0.00036863057
0,0,3.6331683e-05
0,0,3.1413263e-05
0,0,0.00023548426
0,0,0.00018473083
0,0,0.0010281036
0,0,1.2596635e-05
0,0,9.885654e-06
0,0,8.986359e-06
0,0,2.0243699e-05
0,0,6.0573e-06
0,0,4.2713407e-05
0,0,1.0017552e-05
0,0,6.9731336e-06
0,0,2.4869041e-05
0,0,6.9111615e-05
0,0,5.1181552e-05
0,0,4.079934e-05
0,0,1.1901437e-05
0,0,3.211877e-05
0,0,2.6592623e-05
0,0,1.4387443e-05
0,0,3.8362665e-05
0,0,6.560215e-06
0,0,2.740949e-05
0,0,1.32351615e-05
0,0,2.5826857e-05
0,0,0.0004755999
0,0,4.2619864e-05
0,0,0.00016073023
0,0,6.829243e-05
0,0,1.33414715e-05
0,0,3.439178e-05
0,0,6.687405e-05
0,0,0.000105729596
0,0,0.00029253605
0,0,1.606014e-05
0,0,2.821147e-06
0,0,0.000110368004
0,0,2.2520642e-06
0,0,1.1454361e-05
0,0,4.0230927e-05
0,0,0.00035198982
0,0,6.726598e-05
0,0,5.8884998e-05
0,0,8.2603465e-06
0,0,5.1259754e-05
0,0,1.5452704e-05
0,0,2.6808113e-05
0,0,0.0001627957
0,0,9.283956e-06
0,0,9.610562e-05
0,0,2.1670743e-05
0,0,5.1554136e-05
0,0,4.5672764e-06
0,0,0.00016811152
0,0,8.052416e-06
0,0,2.782678e-05
0,0,3.0164736e-05
0,0,3.4354645e-05
0,0,3.854904e-05
0,0,5.79697e-06
0,0,1.5257567e-05
0,0,1.3555146e-05
0,0,2.8839595e-05
0,0,5.903851e-06
0,0,8.571103e-06
0,0,9.358297e-06
0,0,2.6010928e-05
0,0,9.027256e-05
0,0,1.1347765e-05
0,0,0.00010579949
0,0,4.031392e-05
1,1,0.8640461
0,0,0.0011779487
0,0,7.3451242e-06
0,0,0.0015669754
0,0,1.07525975e-05
0,0,4.590145e-05
0,0,0.00017058772
0,0,3.5168407e-05
0,0,5.2119926e-06
0,0,0.00016402804
0,0,4.7429785e-06
0,0,0.00013812166
0,0,8.236284e-06
0,0,0.0032682617
0,0,2.5239666e-05
0,0,8.442929e-06
0,0,3.557348e-05
0,0,0.0002598089
0,0,9.3933995e-05
0,0,0.0004435179
0,0,3.540254e-05
0,0,3.059309e-05
0,0,0.0018777425
0,0,3.1780175e-05
0,0,2.2221882e-05
0,0,6.5504996e-06
0,0,6.8586983e-06
0,0,2.4281962e-05
0,0,1.3855291e-05
0,0,4.1413165e-05
0,0,2.0199846e-05
0,0,1.8994876e-06
0,0,2.8269478e-05
0,0,0.00029911517
0,0,6.4194974e-06
0,0,9.05797e-05
0,0,6.6282832e-06
0,0,1.9537321e-05
0,0,0.00022394612
0,0,0.000149306
0,0,6.417624e-05
0,0,2.1105276e-05
0,0,5.306546e-05
0,0,0.0001848013
0,0,2.0433994e-05
0,0,2.62856e-05
0,0,4.741621e-06
0,0,1.9722764e-05
0,0,6.0501385e-05
0,0,2.1521962e-05
0,0,1.7708448e-05
0,0,9.202068e-06
0,0,0.00028722215
0,0,1.0121281e-05
0,0,3.6157686e-05
0,0,1.5902991e-05
0,0,0.0003996411
0,0,2.8720258e-05
0,0,5.1021612e-05
0,0,2.083733e-06
0,0,1.2979311e-05
0,0,0.0002416064
0,0,5.0985263e-06
0,0,0.0001432092
0,0,1.07122e-05
0,0,6.4046566e-05
0,0,1.2144029e-05
0,0,3.444266e-05
0,0,2.3200373e-05
0,0,2.6133956e-05
0,0,3.8994285e-06
0,0,1.4187507e-05
0,0,0.00021398606
0,0,3.136408e-05
0,0,1.8679017e-05
0,0,8.568389e-06
0,0,2.724827e-05
0,0,9.24735e-05
0,0,2.553866e-05
0,0,1.8156948e-05
0,0,1.842373e-05
0,0,2.5052235e-05
0,0,2.1980304e-05
0,0,0.00012842265
0,0,1.4687179e-05
0,0,0.00023470509
0,0,4.300371e-05
0,0,0.00019661487
0,0,0.005644531
0,0,2.6471425e-05
0,0,8.2667775e-06
0,0,2.2223749e-05
0,0,2.8357123e-05
0,0,2.9762921e-05
0,0,2.4881898e-05
0,0,0.00014739859
0,0,5.192255e-05
0,0,5.029813e-05
0,0,2.1543276e-05
0,0,5.1617597e-05
0,0,0.00022098613
0,0,1.2578041e-05
0,0,0.0001783218
0,0,5.150077e-05
0,0,6.6532724e-05
0,0,0.00017688237
0,0,6.180772e-05
0,0,2.6271216e-05
0,0,0.00010623155
0,0,4.6823072e-05
0,0,1.4265505e-05
0,0,5.0400206e-05
0,0,1.3464265e-05
0,0,5.508126e-06
0,0,3.1136512e-06
0,0,0.0003104992
0,0,4.009237e-06
0,0,5.546004e-05
0,0,2.5028881e-05
0,0,0.0006032553
0,0,0.00015968292
0,0,0.00013049427
0,0,0.0002456972
0,0,0.00023492987
0,0,9.178308e-06
0,0,0.00016404227
0,0,2.9245562e-05
0,0,0.00029306868
0,0,0.00034810876
0,0,1.4762587e-05
0,0,2.3765653e-05
0,0,5.4197342e-05
0,0,7.902643e-06
0,0,3.741058e-05
0,0,1.1602351e-05
0,0,1.7803102e-05
0,0,0.0001258987
0,0,2.0884736e-05
0,0,3.91101e-05
0,0,0.00010927117
0,0,2.4562421e-05
0,0,3.40579e-05
0,0,5.6489203e-05
0,0,7.198327e-06
0,0,5.561156e-05
0,0,9.173678e-05
0,0,0.0010938784
0,0,8.634092e-05
0,0,0.00022181575
0,0,0.00025120738
0,0,0.00015699658
0,0,3.5023855e-05
0,0,0.0031001933
0,0,0.00012199997
0,0,4.7104375e-05
0,0,9.0104164e-05
0,0,0.00022965949
0,0,9.80346e-06
0,0,0.0008658283
0,0,0.00010970476
0,0,2.9297846e-05
0,0,1.3399655e-05
0,0,1.5006046e-05
0,0,5.6185607e-05
0,0,1.6512278e-05
0,0,2.098986e-05
0,0,0.0003968496
0,0,0.00015397309
0,0,2.8185088e-05
0,0,3.2820833e-05
0,0,5.0072525e-05
0,0,2.6799165e-05
0,0,2.4385556e-05
0,0,2.4474575e-05
0,0,1.8600838e-05
0,0,3.369852e-06
0,0,1.7298222e-05
0,0,0.0019057909
0,0,3.3200642e-05
0,0,1.594588e-05
0,0,2.130553e-06
0,0,7.428489e-06
0,0,4.332788e-05
0,0,2.08937e-05
0,0,3.2546523e-05
0,0,0.0009220049
0,0,1.900353e-05
0,0,6.363481e-06
0,0,6.3818545e-05
0,0,7.049687e-06
0,0,0.00016941543
0,0,0.00014844544
0,0,0.00048583146
0,0,1.8981018e-05
0,0,3.9012734e-06
0,0,0.00013573792
0,0,0.00018422389
0,0,0.0011453081
0,0,0.0002425305
0,0,1.2941588e-05
0,0,0.00010712908
0,0,3.85569e-06
0,0,3.904872e-05
0,0,9.612113e-06
0,0,2.5553667e-05
0,0,2.976088e-05
0,0,1.2117792e-05
0,0,0.0001330772
0,0,0.0006219658
0,0,0.00011713852
0,0,3.0123225e-05
0,0,2.7503225e-05
0,0,0.00016447408
0,0,1.7107852e-05
0,0,4.8013494e-06
0,0,2.8218194e-05
0,0,7.390797e-06
0,0,1.4629905e-05
0,0,4.7223202e-05
0,0,2.2644068e-05
0,0,0.00018649764
0,0,1.7457716e-05
0,0,0.00014483751
0,0,0.00024336067
0,0,0.0004266412
0,0,1.8290508e-05
0,0,0.00041009745
0,0,1.32416635e-05
0,0,2.7860555e-05
0,0,1.246037e-05
0,0,4.5360477e-05
0,0,3.2960976e-05
0,0,6.4277856e-06
0,0,6.9288864e-05
0,0,3.3058868e-06
0,0,3.2287986e-05
0,0,0.00021377663
0,0,9.5213445e-06
0,0,1.0980137e-05
0,0,0.000114954964
0,0,8.622557e-05
0,0,1.087784e-05
0,0,6.023846e-05
0,0,0.00044120097
0,0,6.0492443e-05
0,0,1.7344044e-05
0,0,0.00088938395
0,0,3.0149266e-05
0,0,0.00018039503
0,0,7.075214e-06
0,0,1.5701733e-05
0,0,8.596323e-06
0,0,1.9187255e-05
0,0,0.00015240809
0,0,2.2155293e-05
0,0,1.9560495e-05
0,0,0.0014145229
0,0,1.14230315e-05
0,0,8.0216494e-05
0,0,0.004324943
0,0,7.948061e-06
0,0,1.3956848e-05
0,0,0.00014157758
0,0,0.00027454863
0,0,0.00015969206
0,0,1.03959e-05
0,0,2.0125566e-05
0,0,9.302122e-05
0,0,0.0005117569
0,0,8.206428e-05
0,0,5.8561993e-05
0,0,5.955323e-05
0,0,0.00010467645
0,0,4.7774383e-06
0,0,0.00011705243
0,0,8.306615e-06
0,0,1.2176373e-05
0,0,1.8717086e-05
0,0,2.5034084e-05
0,0,0.00011689036
0,0,5.600475e-05
0,0,5.6609082e-05
0,0,1.0776846e-05
0,0,0.00028315219
0,0,3.137829e-05
0,0,0.0025897843
0,0,0.00070831634
0,0,7.0562586e-05
0,0,0.000108082946
0,0,0.0003705063
0,0,2.7296775e-05
0,0,2.8986584e-05
0,0,7.1492395e-06
0,0,8.5271415e-05
0,0,2.7141398e-06
0,0,4.8354355e-05
0,0,7.5444414e-06
0,0,8.263975e-05
0,0,4.2056112e-05
0,0,2.6170896e-06
0,0,1.6143415e-05
0,0,1.1456524e-05
0,0,3.1102565e-05
0,0,0.00020423197
0,0,3.6335565e-05
0,0,3.9049686e-05
0,0,9.412554e-06
0,0,3.5348497e-05
0,0,2.3537754e-05
0,0,7.9706675e-05
0,0,8.717441e-06
0,0,5.432172e-06
0,0,3.4519868e-05
0,0,4.8557355e-05
0,0,9.052521e-06
0,0,4.4743243e-05
0,0,9.47372e-06
0,0,4.1227453e-05
0,0,9.320724e-05
0,0,8.825938e-06
0,0,3.097115e-05
0,0,1.3744978e-05
0,0,7.550157e-05
0,0,6.915597e-06
0,0,9.503337e-06
0,0,4.475788e-05
0,0,0.00018983522
0,0,0.00018674586
0,0,3.4081128e-05
0,0,0.00012948395
0,0,1.5570766e-05
0,0,8.813263e-06
0,0,8.266469e-06
0,0,1.7672868e-05
0,0,0.0003616109
0,0,6.9589174e-07
0,0,0.00031256903
0,0,6.919491e-05
0,0,1.0374438e-05
0,0,3.4168374e-05
0,0,3.058501e-05
0,0,4.405001e-05
0,0,2.16009e-05
0,0,3.882674e-05
0,0,6.639911e-05
0,0,1.422323e-05
0,0,7.77523e-06
0,0,0.0002131274
0,0,0.00014813337
0,0,0.00017673115
0,0,3.3020377e-05
0,0,5.2773674e-05
0,0,0.00025306418
0,0,5.837287e-05
0,0,2.8355826e-05
0,0,0.00039685582
0,0,0.001124256
0,0,4.654991e-06
0,0,6.016544e-05
0,0,0.00014817534
0,0,5.949834e-05
0,0,5.556041e-05
0,0,8.031178e-05
0,0,4.4906534e-05
0,0,0.0010354088
0,0,3.323422e-05
0,0,9.557856e-05
0,0,7.90256e-06
0,0,2.277459e-06
0,0,5.00477e-05
0,0,1.2644152e-05
0,0,1.6690212e-05
0,0,1.6956169e-06
0,0,2.6040939e-06
0,0,1.3676646e-05
0,0,6.990756e-05
0,0,1.8593353e-05
0,0,7.676809e-05
0,0,0.0014893039
0,0,0.00046862973
0,0,7.264441e-05
0,0,2.6593587e-05
0,0,5.1508437e-06
0,0,3.0133026e-05
0,0,5.696699e-05
0,0,0.00020817744
0,0,0.0005373911
0,0,0.00019169434
0,0,0.00011462122
0,0,1.6518374e-05
0,0,0.00018511487
0,0,1.2114233e-05
0,0,0.0001895124
0,0,0.00016573777
0,0,0.00020928976
0,0,3.7202155e-06
0,0,0.00029215644
0,0,0.00022814856
0,0,0.00021935524
0,0,4.742345e-06
0,0,0.00088682165
0,0,1.9562976e-06
0,0,0.0026383118
0,0,6.344216e-05
0,0,5.8481182e-05
0,0,0.00011554225
0,0,6.2772066e-05
0,0,2.0670757e-05
0,0,1.0816672e-05
0,0,0.00017725636
0,0,5.4753502e-05
0,0,2.3023342e-05
0,0,3.2577045e-05
0,0,2.1128051e-05
0,0,0.0005811133
0,0,6.691142e-05
0,0,1.3231502e-05
0,0,2.2002556e-05
0,0,0.00027843204
0,0,1.705834e-05
0,0,1.6882874e-05
0,0,1.3052259e-05
0,0,0.00017354512
0,0,1.2500146e-05
0,0,2.9091204e-06
0,0,1.817625e-05
0,0,8.977285e-05
0,0,1.7490894e-06
0,0,0.00020533164
0,0,0.0001270171
0,0,0.00011077933
0,0,0.001005953
0,0,0.00063896
0,0,7.318753e-05
0,0,9.053601e-05
0,0,2.1918617e-05
0,0,0.0009346317
0,0,0.00041808863
0,0,5.116202e-06
0,0,1.6316999e-05
0,0,2.760026e-05
0,0,1.3418018e-05
0,0,0.0015036187
0,0,0.0006051473
0,0,4.477978e-05
0,0,8.586974e-06
0,0,2.8794331e-05
0,0,4.0147643e-05
0,0,3.7141628e-05
0,0,3.0073597e-05
0,0,0.00011330567
0,0,6.733042e-06
0,0,0.00012239275
0,0,2.232007e-05
0,0,4.3368887e-05
0,0,6.802574e-05
0,0,4.5120305e-06
0,0,3.2110715e-05
0,0,0.0014819002
0,0,1.1191148e-05
0,0,7.69487e-06
0,0,1.070644e-05
0,0,1.5373273e-05
0,0,3.940187e-05
0,0,0.00018692954
0,0,6.637462e-06
0,0,5.8152646e-06
0,0,0.00011083659
0,0,1.6428137e-05
0,0,3.070518e-05
0,0,6.786512e-05
0,0,3.2871954e-05
0,0,0.0006358766
0,0,1.804898e-05
0,0,5.7117995e-05
0,0,2.310195e-05
0,0,8.981671e-06
0,0,0.0007366416
0,0,2.3248169e-05
0,0,0.0007270433
0,0,6.0193037e-05
0,0,0.00026809023
0,0,0.0028091364
0,0,0.00013350934
0,0,0.00015915012
0,0,0.00028407315
0,0,2.3285957e-05
0,0,0.00025746948
0,0,6.7668047e-06
0,0,0.00018395779
0,0,5.3645867e-06
0,0,5.7870825e-06
0,0,1.7276807e-05
0,0,5.763021e-06
0,0,1.0080582e-05
0,0,7.710639e-05
0,0,2.0791535e-05
0,0,0.00019773799
0,0,6.3125153e-06
0,0,2.8337956e-05
0,0,0.00049291993
0,0,0.00027101662
0,0,2.5995507e-05
0,0,6.260038e-05
0,0,9.043573e-06
0,0,5.3431627e-06
0,0,3.3513497e-05
0,0,2.7782942e-06
0,0,6.1543986e-05
0,0,6.1625324e-05
0,0,1.7975117e-05
0,0,0.006109306
0,0,1.0254229e-05
0,0,4.587091e-05
0,0,2.1826068e-05
0,0,8.618389e-05
0,0,1.1579834e-05
0,0,2.403201e-05
0,0,1.3526802e-05
0,0,0.0005796866
0,0,3.1882508e-05
0,0,1.04759865e-05
0,0,4.8509217e-05
0,0,1.6589636e-05
0,0,5.9336286e-05
0,0,3.6248315e-05
0,0,4.0025963e-05
0,0,2.0744654e-05
0,0,4.1802134e-05
0,0,0.00010349633
0,0,0.00015000795
0,0,0.0014889671
0,0,0.0004994362
0,0,4.0192193e-05
0,0,1.157353e-05
0,0,1.9366751e-05
0,0,0.0002598084
0,0,3.078787e-05
0,0,6.778757e-05
0,0,4.5267666e-06
0,0,0.00015799134
0,0,5.458287e-06
0,0,0.00030436568
0,0,3.2734945e-06
0,0,3.898513e-05
0,0,1.818308e-05
0,0,0.0006628206
0,0,6.7795394e-05
0,0,2.3359642e-05
0,0,0.0009127711
0,0,1.6437587e-05
0,0,0.00015054402
0,0,2.7933878e-05
0,0,6.402715e-05
0,0,2.1928987e-05
0,0,8.00003e-06
0,0,1.4971983e-05
0,0,5.508192e-05
0,0,0.00019335932
0,0,0.0006940915
0,0,0.00026806747
0,0,8.819983e-05
0,0,0.00011583039
0,0,9.267308e-06
0,0,5.9848706e-05
0,0,1.50667165e-05
0,0,2.6645883e-05
0,0,2.3721137e-05
0,0,3.0215724e-05
0,0,1.1535184e-05
0,0,6.566803e-05
0,0,4.8784527e-06
0,0,2.6877151e-05
0,0,2.0112922e-05
0,0,8.119094e-06
0,0,1.7345235e-05
0,0,1.0343497e-05
0,0,0.0014176293
0,0,3.142531e-05
0,0,0.00084982725
0,0,0.0007728979
0,0,1.3533772e-06
0,0,2.1193213e-05
0,0,3.3678311e-06
0,0,4.3721066e-05
0,0,5.50201e-06
0,0,5.625083e-06
0,0,4.715026e-05
0,0,8.0988415e-05
0,0,9.185751e-06
0,0,0.00021450574
0,0,2.645835e-05
0,0,1.202872e-05
0,0,6.868744e-05
0,0,0.00012156982
0,0,2.5806841e-05
0,0,1.3409945e-05
0,0,2.6663394e-05
0,0,3.643066e-06
0,0,0.00012009283
0,0,1.637021e-05
0,0,4.4971066e-06
0,0,0.00042972187
0,0,8.085096e-06
0,0,1.9010598e-05
0,0,3.91811e-05
0,0,2.1809734e-05
0,0,0.000319811
0,0,5.6004496e-06
0,0,3.224094e-05
0,0,5.002246e-05
0,0,3.2775573e-05
0,0,2.1749438e-05
0,0,2.1474398e-05
0,0,1.4437212e-05
0,0,3.773481e-05
0,0,1.1568233e-05
0,0,5.828765e-05
0,0,1.4807834e-05
0,0,5.8962996e-06
0,0,2.5978701e-05
0,0,6.1241153e-06
0,0,0.000361814
0,0,0.00015055665
0,0,0.0015871456
0,0,4.001681e-06
0,0,3.7210457e-06
0,0,4.6048503e-05
0,0,1.4827788e-05
0,0,6.52424e-05
0,0,6.6307994e-06
0,0,5.285476e-05
0,0,3.3038046e-05
0,0,1.3737614e-05
0,0,1.4924583e-05
0,0,0.00046694756
0,0,0.00029595598
0,0,7.254085e-05
0,0,4.3559634e-05
0,0,0.00055942906
0,0,2.9194287e-05
0,0,0.00024735005
0,0,1.2182111e-05
0,0,2.2064016e-05
0,0,9.396132e-05
0,0,4.3172637e-05
0,0,0.0006376988
0,0,5.7046578e-05
0,0,0.002689856
0,0,0.00018109525
0,0,9.264807e-06
0,0,4.18892e-05
0,0,2.5338351e-05
0,0,1.8182109e-05
0,0,6.1976694e-05
0,0,4.1499705e-05
0,0,6.488564e-05
0,0,4.1576e-05
0,0,0.0007566859
0,0,1.585901e-05
0,0,0.00020921695
0,0,0.00014477732
0,0,2.2320944e-05
0,0,1.9097493e-05
0,0,4.6052017e-05
0,0,0.0001442541
0,0,0.0014120021
0,0,2.5106861e-05
0,0,1.8886461e-06
0,0,1.5782744e-05
0,0,1.8634805e-06
0,0,2.6907644e-05
0,0,1.7678718e-06
0,0,2.8955585e-05
0,0,0.00040836475
0,0,7.8407305e-05
0,0,0.000505125
0,0,1.814715e-05
0,0,9.845412e-05
0,0,4.6934212e-05
0,0,1.0668931e-05
0,0,8.682114e-06
0,0,1.7769415e-05
0,0,3.0794094e-05
0,0,4.8722526e-05
0,0,0.00014948021
0,0,1.0245421e-05
0,0,1.3595138e-05
0,0,2.6278258e-05
0,0,3.458392e-05
0,0,9.326574e-05
0,0,0.00014034261
0,0,1.8479317e-05
0,0,8.5907865e-05
0,0,8.014645e-05
0,0,9.124216e-06
0,0,1.2848668e-05
0,0,7.4449e-06
0,0,4.925411e-05
0,0,0.0009705048
0,0,5.498008e-06
0,0,0.00014957375
0,0,1.2537384e-05
0,0,3.3644854e-05
0,0,3.575152e-05
0,0,2.1869258e-05
0,0,4.6348136e-06
0,0,0.00011216744
0,0,0.0034394388
0,0,2.4781257e-05
0,0,1.2584556e-05
0,0,6.5259264e-06
0,0,9.0090625e-06
0,0,3.6203543e-05
0,0,8.942025e-05
0,0,6.324759e-05
0,0,3.5140147e-05
0,0,1.3466244e-05
0,0,2.8723545e-05
0,0,1.7912744e-05
0,0,8.383829e-06
0,0,0.00028251632
0,0,1.5865759e-05
0,0,1.3519644e-05
0,0,1.641334e-05
0,0,3.0669169e-06
0,0,8.0290185e-05
0,0,1.8266173e-05
0,0,3.9910894e-05
0,0,8.29657e-05
0,0,1.7489177e-05
0,0,0.0002993237
0,0,0.001102179
0,0,2.2211481e-05
0,0,2.725209e-05
0,0,0.00085042464
0,0,9.20591e-05
0,0,8.4649364e-05
0,0,4.047849e-05
0,0,3.197753e-06
0,0,8.2009756e-05
0,0,5.1851416e-06
0,0,7.9583486e-05
0,0,5.8439796e-06
0,0,0.00020778718
0,0,0.0007605851
0,0,1.4383163e-05
0,0,2.531975e-05
0,0,2.3227116e-05
0,0,8.97906e-06
0,0,7.6225756e-06
0,0,1.644414e-05
0,0,0.00018387275
0,0,0.00037868755
0,0,1.7207876e-05
0,0,0.00012935411
0,0,3.1013e-05
0,0,2.7107508e-05
0,0,0.0005112277
0,0,1.2078517e-05
0,0,4.579738e-06
0,0,8.154229e-06
0,0,3.630252e-05
0,0,9.255897e-06
0,0,6.919641e-06
0,0,0.00011864737
0,0,3.9285583e-06
0,0,3.3502347e-05
0,0,5.534028e-05
0,0,6.096279e-05
0,0,0.00025203722
0,0,1.3494062e-05
0,0,2.621738e-05
0,0,0.0011342603
0,0,8.86935e-06
0,0,0.00013152689
0,0,3.7524525e-05
0,0,3.5116896e-05
0,0,8.981706e-06
0,0,7.886457e-06
0,0,0.00020692497
0,0,0.00029495123
0,0,3.288321e-05
0,0,2.4863992e-05
0,0,5.0896087e-05
0,0,0.00026278896
0,0,0.000305108
0,0,1.9745912e-05
0,0,9.019877e-06
0,0,9.6260905e-05
0,0,7.491257e-05
0,0,1.5994508e-05
0,0,2.4997678e-05
0,0,5.0002764e-05
0,0,2.874991e-05
0,0,2.4690273e-05
0,0,0.00036867557
0,0,3.0716896e-05
0,0,1.4684546e-05
0,0,0.00013216783
0,0,2.0889098e-05
0,0,0.00026989108
0,0,0.0002444196
0,0,0.00032070285
0,0,1.9880445e-05
0,0,2.4467388e-05
0,0,1.6676942e-05
0,0,4.726943e-06
0,0,1.2228192e-05
0,0,3.490512e-05
0,0,3.7108028e-05
0,0,0.00015457267
0,0,0.0007203539
0,0,0.22330907
0,0,0.008105115
0,0,1.524327e-05
0,0,0.00013311452
0,0,0.00015670838
0,0,9.873165e-05
0,0,3.3902194e-05
0,0,2.4910437e-06
0,0,3.3151002e-05
0,0,1.832548e-05
0,0,5.4775646e-05
0,0,0.00031484803
0,0,9.6563745e-05
0,0,0.000114835
0,0,1.8095341e-05
0,0,3.107959e-05
0,0,1.3916338e-05
0,0,7.080565e-05
0,0,6.6117434e-05
0,0,0.00023008054
0,0,6.9329515e-05
0,0,0.0016560575
0,0,4.8985567e-05
0,0,1.0770496e-05
0,0,0.00086921547
0,0,0.00021419673
0,0,0.00060867256
0,0,3.0805226e-05
0,0,1.2517897e-05
0,0,0.00037214955
0,0,9.0889625e-05
0,0,8.416907e-05
0,0,0.00013887825
0,0,1.5304842e-05
0,0,4.3309126e-05
0,0,0.00011506891
0,0,3.1405954e-05
0,0,9.148362e-05
0,0,6.510859e-05
0,0,1.3391644e-05
0,0,1.8936611e-05
0,0,2.924768e-05
0,0,9.143467e-06
0,0,1.2468263e-05
0,0,3.430099e-05
0,0,0.0001895124
0,0,0.00029401208
0,0,2.4642146e-05
0,0,1.9767222e-05
0,0,4.6713405e-05
0,0,0.0001283503
0,0,8.186105e-06
0,0,8.725451e-06
0,0,3.86405e-05
0,0,0.0001498587
0,0,7.6328586e-05
0,0,4.4115128e-05
0,0,1.6974218e-05
0,0,3.9972033e-06
0,0,2.9584222e-05
0,0,3.108003e-05
0,0,7.238846e-06
0,0,5.02964e-05
0,0,8.173171e-06
0,0,9.635351e-06
0,0,8.2685154e-05
0,0,2.2867544e-06
0,0,1.7326784e-05
0,0,3.5140783e-05
0,0,3.367179e-06
0,0,3.282309e-05
0,0,7.259857e-06
0,0,1.5096417e-05
0,0,2.2235854e-05
0,0,0.0007563438
0,0,1.3473052e-05
0,0,2.178182e-05
0,0,0.000111838184
0,0,3.7891597e-05
0,0,2.7415634e-05
0,0,3.6912566e-05
0,0,9.430673e-05
0,0,0.00011015089
0,0,0.00014042293
0,0,6.477652e-05
0,0,0.000375799
0,0,0.00016619195
0,0,2.29126e-05
0,0,4.5467405e-05
0,0,3.104215e-05
0,0,4.3127864e-05
0,0,6.89416e-05
0,0,9.88147e-06
0,0,3.3411256e-05
0,0,0.00012658679
0,0,3.588155e-05
0,0,0.0017101013
0,0,0.000881854
0,0,6.0810788e-05
0,0,3.170692e-05
0,0,2.2859345e-05
0,0,4.879925e-05
0,0,1.4446921e-05
0,0,8.211767e-05
0,0,3.6837814e-06
0,0,2.5683152e-05
0,0,5.92307e-06
0,0,4.7939097e-06
0,0,1.2368722e-05
0,0,4.154033e-05
0,0,6.598327e-05
0,0,0.0002954629
0,0,1.5088271e-05
0,0,3.7358313e-05
0,0,0.00018882609
0,0,0.0004892316
0,0,7.038503e-05
0,0,0.0007529595
0,0,5.4002794e-05
0,0,0.0009014128
0,0,3.6253707e-05
0,0,6.6420835e-05
0,0,3.2344687e-05
0,0,1.1400471e-05
0,0,2.1881922e-05
0,0,3.1403946e-05
0,0,5.902393e-06
0,0,0.00040111513
0,0,7.075448e-05
0,0,3.28347e-05
0,0,8.88678e-05
0,0,5.1458894e-05
0,0,8.622399e-06
0,0,1.2629027e-05
0,0,6.7208726e-05
0,0,1.6092443e-05
0,0,0.00013439964
0,0,1.4548194e-05
0,0,1.1676433e-05
0,0,1.51332615e-05
0,0,0.00010432907
0,0,1.536026e-05
0,0,5.423388e-06
0,0,3.4877867e-05
0,0,0.0003579823
0,0,3.9202087e-06
0,0,1.17056325e-05
0,0,0.02812759
0,0,0.00038480677
0,0,1.8331859e-05
0,0,3.22577e-05
0,0,9.190804e-05
0,0,3.4817484e-05
0,0,5.4228567e-05
0,0,0.000104061
0,0,1.4819758e-05
0,0,4.2996006e-05
0,0,3.6305905e-06
0,0,1.2737712e-06
0,0,9.5171135e-06
0,0,2.8955585e-05
0,0,5.007014e-05
0,0,9.990555e-05
0,0,1.5880334e-05
0,0,1.4580348e-05
0,0,0.00017830973
0,0,0.00032876132
0,0,4.7633428e-05
0,0,3.6309135e-05
0,0,0.00019560345
0,0,2.5422896e-05
0,0,2.059247e-05
0,0,7.3165515e-06
0,0,2.6974392e-06
0,0,0.000299124
0,0,0.0036082852
0,0,2.1227175e-05
0,0,6.9826274e-05
0,0,9.107877e-05
0,0,7.898183e-06
0,0,1.8056744e-05
0,0,2.8703244e-06
0,0,2.623251e-05
0,0,4.898496e-05
0,0,0.0012546112
0,0,7.3787046e-06
0,0,1.3651171e-05
0,0,1.0092731e-05
0,0,3.035922e-06
0,0,3.7421132e-06
0,0,6.4329365e-06
0,0,0.0001122188
0,0,7.677212e-05
0,0,0.00014155233
0,0,1.2175491e-05
0,0,0.0009127233
0,0,5.9050276e-06
0,0,0.0012953929
0,0,0.0016895867
0,0,4.4228444e-05
0,0,2.5794836e-05
0,0,1.7443255e-05
0,0,3.907e-06
0,0,2.6721638e-05
0,0,0.00015068518
0,0,1.39836675e-05
0,0,7.4122385e-05
0,0,4.1489337e-05
0,0,0.00013773669
0,0,5.8090274e-05
0,0,1.1452296e-05
0,0,2.137512e-05
0,0,5.5249424e-05
0,0,0.00011475816
0,0,0.001020029
0,0,2.9865192e-05
0,0,6.4898986e-06
0,0,0.00022684279
0,0,0.000119539625
0,0,0.00077324564
0,0,7.946476e-06
0,0,5.6292818e-05
0,0,4.6730827e-05
0,0,0.0002826575
0,0,2.8065517e-05
0,0,8.560872e-05
0,0,1.9900153e-05
0,0,0.00014553567
0,0,3.3052984e-05
0,0,2.7637056e-05
0,0,0.00036736956
0,0,5.675329e-05
0,0,0.00020554592
0,0,7.2285266e-06
0,0,8.519679e-06
0,0,4.8654274e-05
0,0,2.936383e-05
0,0,1.460111e-05
0,0,0.0002663034
0,0,6.0913688e-05
0,0,1.678605e-05
0,0,1.2994433e-05
0,0,7.248187e-05
0,0,0.00022483338
0,0,0.0037063705
0,0,9.6414966e-05
0,0,1.5589145e-05
0,0,0.00025650705
0,0,7.3362986e-05
0,0,6.5405434e-06
0,0,0.0007999773
0,0,4.216973e-05
0,0,6.1544815e-05
0,0,0.00017744795
0,0,0.001989738
0,0,2.0889098e-05
0,0,6.823599e-05
0,0,0.00029323276
0,0,2.3911512e-05
0,0,2.8439234e-05
0,0,4.5092514e-05
0,0,4.8111637e-05
0,0,6.99197e-05
0,0,1.807699e-05
0,0,2.1261676e-05
0,0,2.024094e-05
0,0,0.0005151989
0,0,1.5148768e-05
0,0,1.3752256e-05
0,0,1.9600287e-05
0,0,3.474001e-05
0,0,7.726224e-06
0,0,1.5037018e-05
0,0,4.7470917e-06
0,0,0.0016871144
0,0,0.00013359403
0,0,1.0291397e-05
0,0,0.00028661106
0,0,5.9142594e-06
0,0,1.1415169e-05
0,0,9.156068e-05
0,0,2.5425466e-05
0,0,7.392798e-05
0,0,7.8579236e-05
0,0,2.6096723e-05
0,0,2.753916e-05
0,0,2.6381305e-05
0,0,9.6766074e-05
0,0,3.9734266e-05
0,0,3.154878e-05
0,0,3.168839e-05
0,0,3.8614788e-05
0,0,0.0005535592
0,0,0.000105633146
0,0,3.363988e-05
0,0,3.038007e-05
0,0,8.091005e-06
0,0,2.9605446e-05
0,0,2.1917991e-05
0,0,0.00013178801
0,0,4.983584e-06
0,0,9.413964e-06
0,0,0.0002816638
0,0,1.9298921e-05
0,0,8.582512e-06
0,0,3.4042667e-05
0,0,8.3253864e-05
0,0,0.00014057754
0,0,3.820047e-05
0,0,1.6190223e-05
0,0,7.767376e-05
0,0,1.5982387e-05
0,0,0.00017312252
0,0,6.4223445e-06
0,0,6.0859334e-06
0,0,3.7711394e-05
0,0,0.000205178
0,0,9.636937e-05
0,0,7.801054e-05
0,0,1.0494466e-05
0,0,3.0694e-05
0,0,1.47987e-05
0,0,1.511075e-05
0,0,7.987887e-05
0,0,2.1188403e-05
0,0,1.09922385e-05
0,0,5.7037058e-05
0,0,0.00015297519
0,0,9.861578e-06
0,0,0.000101275946
0,0,1.643928e-05
0,0,6.191756e-05
0,0,0.00011927377
0,0,4.20117e-05
0,0,5.0006847e-06
0,0,1.013431e-05
0,0,2.5243708e-05
0,0,3.0243831e-05
0,0,1.2109728e-05
0,0,0.00037608517
0,0,1.1873367e-05
0,0,4.8139726e-05
0,0,0.00066443114
0,0,6.1936276e-05
0,0,2.6361866e-05
0,0,0.000130527
0,0,2.4557876e-05
0,0,1.176919e-05
0,0,5.924944e-05
0,0,7.6837305e-06
0,0,7.44976e-05
0,0,7.049667e-06
0,0,0.000116989264
0,0,8.222e-06
0,0,3.4727655e-05
0,0,1.06967955e-05
0,0,0.011555644
0,0,0.00011782108
0,0,4.84052e-05
0,0,8.220746e-06
0,0,3.9801544e-06
0,0,2.887358e-05
0,0,8.9498986e-05
0,0,8.831427e-06
0,0,8.2149396e-05
0,0,8.932035e-06
0,0,3.323856e-05
0,0,0.0004560954
0,0,4.7500216e-06
0,0,4.1712017e-05
0,0,3.135233e-05
0,0,1.5072078e-05
0,0,3.0099107e-05
0,0,0.00016905156
0,0,3.569854e-05
0,0,6.4475116e-06
0,0,0.000340554
0,0,1.6517683e-05
0,0,5.283154e-06
0,0,1.3970925e-05
0,0,3.4481996e-05
0,0,1.2744608e-05
0,0,5.1352613e-06
0,0,4.183954e-06
0,0,3.7648184e-05
0,0,0.00040704448
0,0,1.96523e-05
0,0,9.582897e-06
0,0,0.0046387184
0,0,4.3265532e-05
0,0,0.00046038162
0,0,3.0332653e-06
0,0,6.553897e-05
0,0,3.7701288e-05
0,0,1.5775278e-05
0,0,2.197693e-05
0,0,2.7098386e-05
0,0,0.00012408294
0,0,0.0013436
0,0,4.9646173e-05
0,0,1.7871058e-05
0,0,8.70867e-05
0,0,3.3379438e-05
0,0,1.3234216e-05
0,0,0.00013052649
0,0,0.00015040483
0,0,3.7449023e-05
0,0,4.8369395e-05
0,0,0.00010125258
0,0,0.0005338027
0,0,0.0009145222
0,0,6.612796e-05
0,0,1.0474058e-05
0,0,6.116201e-06
0,0,5.1596977e-05
0,0,3.0794974e-05
0,0,0.00014306002
0,0,5.899224e-05
0,0,2.9058905e-05
0,0,1.4647831e-05
0,0,2.635455e-05
0,0,6.881673e-05
0,0,3.950289e-05
0,0,4.2274416e-05
0,0,0.000108338754
0,0,1.718549e-05
0,0,0.0013372233
0,0,2.3659371e-05
0,0,8.574225e-06
0,0,5.677804e-06
0,0,0.0029671635
0,0,2.5273794e-05
0,0,0.00031871098
0,0,5.793284e-06
0,0,0.0009960956
0,0,2.6716769e-05
0,0,9.786226e-06
0,0,1.7099614e-05
0,0,0.00011572243
0,0,9.652789e-06
0,0,0.00015378835
0,0,8.803648e-05
0,0,0.0019118413
0,0,1.5984384e-05
0,0,1.0597997e-05
0,0,1.6586631e-05
0,0,1.1342799e-05
0,0,0.00014800491
0,0,0.03591887
0,0,1.2762255e-05
0,0,7.8625264e-05
0,0,2.5095298e-05
0,0,2.2136053e-05
0,0,2.9390218e-05
0,0,9.019142e-05
0,0,0.00011825002
0,0,0.00023822328
0,0,5.9924378e-06
0,0,3.175773e-05
0,0,0.00046435246
0,0,0.000105305786
0,0,0.0001330918
0,0,0.0003632296
0,0,2.4988194e-05
0,0,5.0240935e-05
0,0,7.729294e-05
0,0,1.7994154e-05
0,0,2.7549271e-05
0,0,7.244863e-05
0,0,0.00016694414
0,0,4.156288e-05
0,0,2.3940465e-05
0,0,6.274021e-06
0,0,6.7257192e-06
0,0,1.5570171e-05
0,0,1.3314551e-05
0,0,2.748967e-05
0,0,1.1701269e-05
0,0,2.7632377e-06
0,0,1.17387335e-05
0,0,0.00018192599
0,0,5.2718395e-05
0,0,2.9165543e-05
0,0,3.30268e-05
0,0,0.00014914393
0,0,6.198798e-05
0,0,7.052223e-05
0,0,0.00010488607
0,0,2.9863342e-05
0,0,7.298395e-05
0,0,0.00038486897
0,0,7.334128e-06
0,0,1.6013404e-05
0,0,8.213991e-05
0,0,2.2446437e-05
0,0,0.00014468402
0,0,0.0069048386
0,0,1.1484845e-05
0,0,2.0792784e-05
0,0,0.00015881678
0,0,6.010816e-06
0,0,1.7638486e-05
0,0,1.0149892e-05
0,0,2.5277555e-05
0,0,8.977527e-06
1,0,0.08037171
0,0,2.0535852e-05
0,0,3.3819077e-05
0,0,9.958558e-05
0,0,2.198565e-05
0,0,2.2032624e-05
0,0,1.5782864e-05
0,0,1.0076344e-05
0,0,0.00018908571
0,0,0.00028899687
0,0,2.8311835e-05
0,0,1.8469627e-05
0,0,7.3841893e-06
0,0,3.661802e-05
0,0,9.970673e-05
0,0,5.158837e-06
0,0,1.883189e-05
0,0,0.00023749801
0,0,4.48293e-05
0,0,0.00013217313
0,0,0.00016459834
0,0,5.518492e-05
0,0,4.8988182e-05
0,0,3.7404374e-05
0,0,9.526349e-06
0,0,0.00013281732
0,0,1.6257107e-05
0,0,3.5096564e-06
0,0,1.1527762e-05
0,0,0.00016466081
0,0,2.3980043e-05
0,0,0.0017230412
0,0,0.00016636684
0,0,2.1442494e-05
0,0,0.002297891
0,0,7.069338e-05
0,0,0.0003699259
0,0,2.8906938e-06
0,0,6.1644937e-06
0,0,8.681643e-06
0,0,1.8842816e-06
0,0,0.001121483
0,0,4.2032738e-05
0,0,3.3089822e-05
0,0,0.00015449841
0,0,1.2523377e-05
0,0,0.00013814181
0,0,2.3253135e-05
0,0,6.015752e-05
0,0,9.949563e-06
0,0,4.6717232e-05
0,0,5.6212244e-05
0,0,9.538403e-06
0,0,2.5918347e-05
0,0,0.0021688484
0,0,1.1615515e-05
0,0,0.00026969842
0,0,2.8514622e-05
0,0,3.1337113e-05
0,0,4.4814813e-05
0,0,5.2213116e-05
0,0,5.5911365e-05
0,0,2.9551229e-05
0,0,4.1832198e-05
0,0,6.154514e-06
0,0,2.8654082e-05
0,0,0.0011687218
0,0,5.842921e-06
0,0,2.2991091e-05
0,0,0.00011156017
0,0,4.564627e-05
0,0,5.900321e-05
0,0,0.00017624885
0,0,7.813509e-05
0,0,1.5910653e-05
0,0,3.170613e-05
0,0,9.505884e-06
0,0,0.00035861044
0,0,3.998213e-05
0,0,2.2028591e-05
0,0,0.0013819594
0,0,3.9490576e-05
0,0,8.039173e-06
0,0,2.9903638e-05
0,0,0.00044733591
0,0,1.0128957e-05
0,0,0.00012039106
0,0,2.0834128e-05
0,0,0.00024624905
0,0,3.4248857e-05
0,0,1.9287514e-05
0,0,3.0227484e-06
0,0,6.8928025e-06
0,0,0.00014702548
0,0,1.4780125e-05
0,0,0.0004032464
0,0,0.000113525
0,0,0.00019129501
0,0,1.4471562e-05
0,0,1.7115897e-05
0,0,4.4955766e-05
0,0,6.708412e-05
0,0,4.537337e-05
0,0,5.477294e-06
0,0,9.243803e-06
0,0,5.786944e-05
0,0,4.2474344e-06
0,0,5.3803757e-05
0,0,1.015148e-05
0,0,0.00015815471
0,0,0.000120421726
0,0,1.9684263e-05
0,0,2.8196137e-05
0,0,1.5818305e-05
0,0,4.9394894e-05
0,0,6.8499445e-05
0,0,5.4864206e-05
0,0,3.099899e-05
0,0,2.7829754e-05
0,0,1.4256719e-05
0,0,3.1206524e-05
0,0,0.000121196426
0,0,9.281857e-05
0,0,1.1506607e-05
0,0,1.9570496e-05
0,0,1.7601451e-05
0,0,1.3147129e-05
0,0,0.00018960457
0,0,4.3695978e-05
0,0,2.0914074e-05
0,0,0.00027399164
0,0,0.0016010322
0,0,1.3377909e-05
0,0,0.00014701077
0,0,9.497774e-06
0,0,0.00022865052
0,0,3.6306297e-05
0,0,0.000117068055
0,0,2.4257e-06
1,1,0.9985317
0,0,0.0002964957
0,0,0.00013298815
0,0,1.2010896e-05
0,0,0.00015036252
0,0,6.1323066e-05
0,0,6.1456485e-05
0,0,0.00013682457
0,0,5.252089e-05
0,0,0.0004410643
0,0,8.2201106e-05
0,0,0.00040247373
0,0,0.000833118
0,0,1.5130533e-05
0,0,9.368343e-05
0,0,0.00026737063
0,0,2.1667147e-06
0,0,4.464687e-05
0,0,6.450347e-06
0,0,6.845975e-05
0,0,6.392124e-05
0,0,8.87963e-05
0,0,5.367334e-05
0,0,1.5229118e-05
0,0,4.9127455e-05
0,0,2.7110018e-05
0,0,4.343254e-05
0,0,2.2046748e-05
0,0,2.3026681e-05
0,0,7.164419e-06
0,0,2.8229473e-05
0,0,7.4129052e-06
0,0,3.0775245e-05
0,0,0.0005177297
0,0,0.00018300537
0,0,3.3807177e-05
0,0,5.9925974e-06
0,0,0.000106889696
0,0,3.815183e-05
0,0,1.9227424e-05
0,0,4.010008e-05
0,0,6.9830334e-05
0,0,7.144326e-06
0,0,4.6970166e-05
0,0,0.0003531932
0,0,1.4397697e-05
0,0,4.8601778e-05
0,0,6.5304275e-06
0,0,8.0782935e-05
0,0,0.00012279864
0,0,8.361452e-05
0,0,2.7146261e-05
0,0,6.409282e-05
0,0,1.4276624e-05
0,0,2.8456445e-06
0,0,1.5597561e-05
0,0,9.7385955e-06
0,0,7.423875e-05
0,0,5.4937656e-05
0,0,1.007642e-05
0,0,4.7770923e-06
0,0,7.930773e-05
0,0,5.974167e-06
0,0,1.8834062e-05
0,0,2.3307084e-05
0,0,2.8221317e-05
0,0,9.2204675e-05
0,0,1.1558187e-05
0,0,0.00034509163
0,0,1.895139e-05
0,0,7.634183e-05
0,0,1.2882999e-05
0,0,2.8260747e-05
0,0,3.3639302e-05
0,0,5.2695123e-05
0,0,6.3445426e-05
0,0,1.9986384e-05
0,0,3.753594e-05
0,0,2.1395432e-05
0,0,3.7358375e-06
0,0,1.03439215e-05
0,0,0.0011645633
0,0,4.8150603e-05
0,0,2.410392e-05
0,0,9.9222925e-06
0,0,6.673574e-05
0,0,2.6644486e-05
0,0,5.884346e-06
0,0,0.0006480653
0,0,0.0001557471
0,0,5.3436365e-06
0,0,2.9544664e-05
0,0,2.7898097e-05
0,0,3.5099452e-05
0,0,3.5346104e-05
0,0,0.00024229544
0,0,5.7307258e-05
0,0,6.1174185e-05
0,0,1.496429e-05
0,0,1.0752454e-05
0,0,0.0001321168
0,0,8.264641e-06
0,0,0.0001251783
0,0,5.3472406e-05
0,0,3.1165391e-06
0,0,9.497158e-06
0,0,4.433761e-05
0,0,0.0002465674
0,0,0.00019529091
0,0,3.575152e-05
0,0,2.1503374e-05
0,0,8.599349e-06
0,0,9.757136e-05
0,0,1.4978581e-05
0,0,0.00015298875
0,0,1.5187912e-05
0,0,2.1111173e-05
0,0,9.443466e-06
0,0,6.259262e-05
0,0,0.00029842043
0,0,8.760537e-06
0,0,0.0023770165
0,0,0.00028286967
0,0,1.9419385e-05
0,0,4.380821e-05
0,0,5.962982e-06
0,0,3.430452e-05
0,0,0.00015554791
0,0,2.870776e-06
0,0,1.4657821e-05
0,0,2.0956499e-05
0,0,9.088332e-06
0,0,0.000102858685
0,0,1.0900291e-05
0,0,1.7666009e-05
0,0,1.0600403e-05
0,0,1.593858e-05
0,0,1.0275128e-05
0,0,1.2179752e-05
0,0,6.364255e-05
0,0,3.9218932e-05
0,0,0.0001693129
0,0,9.997109e-06
0,0,1.4205567e-05
0,0,1.942939e-05
0,0,6.9289918e-06
0,0,5.0615563e-06
0,0,0.000109115295
0,0,5.706183e-06
0,0,0.00010912185
0,0,2.0667525e-05
0,0,2.94715e-05
0,0,1.6502598e-05
0,0,2.1009246e-05
0,0,2.5032055e-05
0,0,1.6558071e-05
0,0,7.3481933e-06
0,0,9.135561e-06
0,0,1.465715e-05
0,0,8.25975e-07
0,0,7.650265e-06
0,0,2.7539472e-05
0,0,1.1951368e-05
0,0,6.941479e-05
0,0,1.42289555e-05
0,0,2.8918717e-05
0,0,0.00013703831
0,0,0.0002229582
0,0,0.001464216
0,0,0.00013745618
0,0,9.207185e-06
0,0,4.5902765e-05
0,0,3.3295028e-06
0,0,0.0002385763
0,0,1.6179185e-05
0,0,1.8041253e-05
0,0,2.565717e-06
0,0,0.00014677881
0,0,7.796577e-05
0,0,1.2749507e-05
0,0,0.0014052002
0,0,3.0876636e-05
0,0,1.0638847e-05
0,0,0.0003721978
0,0,3.0917858e-05
0,0,4.458771e-06
0,0,0.00043982765
0,0,0.00012772264
0,0,2.7806807e-05
0,0,1.16919655e-05
0,0,7.915616e-05
0,0,1.4353113e-05
0,0,2.8958899e-05
0,0,0.00027674699
0,0,0.0010254444
0,0,7.170468e-06
0,0,1.3858276e-05
0,0,0.00027904115
0,0,9.568197e-05
0,0,7.0647766e-06
0,0,1.1481735e-05
0,0,2.5812036e-05
0,0,0.0004938318
0,0,9.403645e-06
0,0,1.5835058e-05
0,0,9.90928e-06
0,0,7.658698e-05
0,0,5.8730333e-05
0,0,7.232327e-05
0,0,3.3824912e-05
0,0,5.18247e-05
0,0,4.0953197e-05
0,0,5.736188e-05
0,0,3.601769e-05
0,0,2.8268561e-05
0,0,9.923674e-06
0,0,9.287107e-05
0,0,0.00039849107
0,0,1.5551177e-05
0,0,0.0028474175
0,0,3.8718663e-05
0,0,2.9087934e-05
0,0,5.801815e-06
0,0,0.00014610353
0,0,9.782941e-06
0,0,8.5080765e-06
0,0,5.6990895e-05
0,0,9.22611e-06
0,0,0.00017691441
0,0,6.4996725e-06
0,0,1.6268072e-05
0,0,3.4168374e-05
0,0,1.1336959e-05
0,0,1.5892729e-05
0,0,7.470233e-05
0,0,2.1017782e-05
0,0,0.000111677255
0,0,5.1591072e-05
0,0,0.0016825043
0,0,0.00011106554
0,0,1.9625726e-05
0,0,4.271291e-06
0,0,4.4103144e-06
0,0,2.5780842e-05
0,0,6.17468e-05
0,0,4.742326e-05
0,0,1.1921862e-05
0,0,3.1976473e-05
0,0,3.1726035e-05
0,0,1.8784232e-05
0,0,0.0001334984
0,0,3.4389686e-05
0,0,0.00012366821
0,0,4.042194e-05
0,0,0.00021281185
0,0,3.270916e-05
0,0,1.6304351e-05
0,0,0.00087064115
0,0,0.000629851
0,0,0.0002425277
0,0,1.5887712e-05
0,0,7.427433e-06
0,0,0.0001319973
0,0,1.4751693e-05
0,0,6.996645e-05
0,0,1.2463614e-05
0,0,5.1960715e-06
1,1,0.99347574
0,0,7.463369e-05
0,0,4.312371e-05
0,0,0.00035288476
0,0,0.002781917
0,0,1.618096e-05
0,0,0.00019610972
0,0,4.4694143e-06
0,0,0.00033239505
0,0,0.00012986231
0,0,0.0008581414
0,0,3.9057246e-05
0,0,6.60449e-05
0,0,1.4227301e-05
0,0,2.0305126e-05
0,0,3.6790163e-05
0,0,4.2460415e-06
0,0,9.402292e-06
0,0,2.2181508e-05
0,0,6.0380633e-05
0,0,4.864557e-06
0,0,7.805511e-05
0,0,8.323029e-05
0,0,0.0023888007
0,0,0.00060354255
0,0,5.495055e-05
0,0,0.00056731456
0,0,6.546497e-06
0,0,0.0003355228
0,0,3.9363713e-05
0,0,8.037813e-05
0,0,1.3706064e-05
0,0,2.0695907e-05
0,0,1.0798746e-06
0,0,3.4385226e-05
0,0,2.0425441e-05
0,0,3.7783855e-05
0,0,3.47525e-05
0,0,5.8775324e-05
0,0,3.4881028e-05
0,0,7.918907e-05
0,0,1.2747228e-06
0,0,5.438159e-06
0,0,2.4578192e-05
0,0,4.397987e-05
0,0,8.118613e-05
0,0,4.044371e-06
0,0,2.773313e-05
0,0,2.4322475e-05
0,0,0.0013997742
0,0,0.0010886234
0,0,3.0840583e-05
0,0,0.00014372206
0,0,3.366305e-05
0,0,4.4531657e-06
0,0,1.2778964e-05
0,0,0.0018774066
0,0,4.694267e-05
0,0,3.005826e-05
0,0,9.925575e-05
0,0,0.00037189366
0,0,0.0009869495
0,0,5.9361137e-05
0,0,4.24429e-05
0,0,3.1482003e-05
0,0,2.7483575e-06
0,0,2.26564e-05
0,0,4.505306e-05
0,0,0.00010165223
0,0,8.141313e-05
0,0,7.4503055e-06
0,0,0.00015091596
0,0,0.00046031838
0,0,3.296296e-05
0,0,7.5332646e-05
0,0,0.00021677355
0,0,8.711054e-05
0,0,1.871823e-05
0,0,9.6555916e-05
0,0,5.033272e-05
0,0,0.009047228
0,0,0.00020730768
0,0,0.0001321168
0,0,1.6276093e-05
0,0,9.4440824e-05
0,0,0.00015977216
0,0,3.1324864e-05
0,0,7.846134e-06
0,0,5.4160504e-05
0,0,6.421536e-05
0,0,0.0001188309
0,0,2.6515967e-05
0,0,0.00080023194
0,0,0.00010589153
0,0,2.9883682e-05
0,0,5.9289646e-06
0,0,0.0001653192
0,0,2.1170972e-05
0,0,0.00066476624
0,0,0.00011664596
0,0,5.638297e-05
0,0,2.8051069e-05
0,0,5.69878e-05
0,0,0.00016881686
0,0,2.706499e-05
0,0,3.492551e-06
0,0,1.538323e-05
0,0,0.00013924835
0,0,8.961035e-05
0,0,5.797146e-05
0,0,0.00018487003
0,0,2.7890595e-05
0,0,8.8418354e-05
0,0,8.516277e-05
0,0,5.594855e-06
0,0,1.4726856e-05
0,0,1.800461e-05
0,0,4.326046e-05
0,0,4.473765e-05
0,0,8.405187e-06
0,0,6.709577e-05
0,0,5.6767153e-06
0,0,5.1782958e-05
0,0,3.7429207e-05
0,0,2.9232959e-05
0,0,1.6823584e-05
0,0,4.679763e-05
0,0,1.341606e-05
0,0,1.8880586e-05
0,0,5.8338643e-05
0,0,3.498296e-05
0,0,8.52072e-05
0,0,1.5445352e-05
0,0,2.809374e-05
0,0,6.918607e-05
0,0,1.7565297e-05
0,0,2.8249402e-05
0,0,3.8211652e-05
0,0,5.2989076e-06
0,0,4.4737726e-06
0,0,0.00036721004
0,0,1.0641851e-05
0,0,4.1923213e-05
0,0,2.3844223e-05
0,0,6.478269e-05
0,0,5.8347327e-05
0,0,2.6456612e-05
0,0,0.0001533764
0,0,1.9251644e-05
0,0,0.00039749095
0,0,3.1205036e-05
0,0,8.611273e-06
0,0,0.0015503465
0,0,3.344699e-05
0,0,0.00013292249
0,0,5.2778956e-05
0,0,1.0266617e-05
0,0,2.2478076e-05
0,0,1.3587204e-05
0,0,0.0012585549
0,0,3.2135405e-05
0,0,6.934108e-06
0,0,9.401403e-06
0,0,0.0007450027
0,0,0.00014683438
0,0,0.00015477104
0,0,0.00038853253
0,0,0.0001292699
0,0,0.0015614413
0,0,0.00011969761
0,0,1.6276497e-05
0,0,5.7879766e-05
0,0,7.346974e-06
0,0,8.710909e-06
0,0,1.9967752e-05
0,0,1.6760265e-05
0,0,3.5561607e-05
0,0,1.78751e-05
0,0,0.00013199792
0,0,1.825678e-06
0,0,2.5224794e-05
0,0,0.00024081754
0,0,3.856176e-05
0,0,0.00070133613
0,0,4.4219123e-05
0,0,1.9715975e-05
0,0,2.8225328e-05
0,0,1.0457649e-05
0,0,3.0787192e-05
0,0,1.0312875e-05
0,0,2.0525396e-05
0,0,3.058195e-05
0,0,2.8038978e-06
0,0,0.00019582122
0,0,5.4173674e-05
0,0,5.5435976e-06
0,0,6.4323285e-05
0,0,4.9536984e-06
0,0,3.1640375e-05
0,0,0.00022883329
0,0,1.3718525e-05
0,0,5.4014843e-05
0,0,0.00041511745
0,0,1.17630625e-05
0,0,2.0000512e-05
0,0,2.7447559e-06
0,0,0.00025213842
0,0,3.2971857e-05
0,0,1.4171241e-05
0,0,8.767073e-06
0,0,1.801658e-05
0,0,0.00042512568
0,0,8.031195e-06
0,0,4.2379525e-05
0,0,1.4198539e-05
0,0,0.00016919475
0,0,1.2004416e-05
0,0,0.0013161747
0,0,0.00036548197
0,0,8.5559266e-05
0,0,6.825265e-05
0,0,7.5585216e-05
0,0,9.877776e-06
0,0,4.8848186e-05
0,0,8.967387e-06
0,0,0.00034778233
0,0,0.00054622674
0,0,0.0007804846
0,0,0.00011916907
0,0,2.154753e-05
0,0,8.011711e-05
0,0,5.160013e-06
0,0,5.7073998e-05
0,0,2.8902286e-05
0,0,1.6713962e-05
0,0,0.00028387198
0,0,6.074887e-06
0,0,0.00022708645
0,0,0.0003898697
0,0,7.963334e-06
0,0,4.4321627e-05
0,0,3.863799e-06
0,0,0.00042436243
0,0,0.00021437244
0,0,4.008192e-05
0,0,0.00012624155
0,0,6.378695e-06
0,0,6.598352e-05
0,0,0.00021309874
0,0,8.647516e-06
0,0,0.00013376612
0,0,6.176093e-05
0,0,0.00018553915
0,0,0.00011092086
0,0,4.346797e-05
0,0,1.4596e-05
0,0,2.2452962e-06
0,0,0.00019142254
0,0,9.4708215e-05
0,0,2.9626415e-06
0,0,2.9587323e-05
0,0,2.3797404e-05
0,0,1.1721697e-05
0,0,1.6715221e-05
0,0,2.1298143e-05
0,0,1.698215e-05
0,0,0.00044823164
0,0,5.4606876e-06
0,0,2.0931931e-05
0,0,9.503327e-06
0,0,1.2082342e-05
0,0,3.0735533e-05
0,0,3.7545287e-05
0,0,1.4203767e-05
0,0,0.0013834718
0,0,6.354991e-06
0,0,2.2858105e-05
0,0,0.00036060464
0,0,1.3098808e-05
0,0,0.00044495048
0,0,3.8059163e-05
0,0,0.0001858731
0,0,9.8782504e-05
0,0,2.8231118e-06
0,0,7.3972774e-06
0,0,7.1649383e-06
0,0,0.0017605518
0,0,1.4739108e-05
0,0,4.1173273e-05
0,0,4.98554e-05
0,0,7.0219958e-06
0,0,1.0272355e-05
0,0,3.4610614e-05
0,0,7.172724e-05
0,0,0.00023932628
0,0,3.8213657e-05
0,0,6.9086886e-06
0,0,1.2450796e-05
0,0,2.4633617e-05
0,0,7.71206e-06
0,0,2.3346147e-05
0,0,3.1765845e-05
0,0,9.747195e-05
0,0,1.132706e-05
0,0,3.9736464e-05
0,0,0.00018726118
0,0,3.806156e-05
0,0,1.6657217e-05
0,0,2.7369735e-05
0,0,6.672066e-05
0,0,2.3654362e-05
0,0,0.024078712
0,0,0.0013088214
0,0,3.6134832e-05
0,0,3.9469567e-05
0,0,3.0648907e-06
0,0,1.9914332e-05
0,0,0.0014861638
0,0,7.752041e-06
0,0,4.10828e-06
0,0,0.00022890007
0,0,1.3235453e-05
0,0,0.0059560356
0,0,4.940512e-06
0,0,9.9065124e-05
0,0,5.227518e-06
0,0,6.028702e-05
0,0,4.6998657e-06
0,0,0.00023303607
0,0,0.00012873457
0,0,1.0331756e-05
0,0,2.4793077e-05
0,0,5.761214e-05
0,0,2.8965858e-05
0,0,0.00021441761
0,0,0.00018501094
0,0,9.5626696e-05
0,0,2.4349234e-05
0,0,0.00029377308
0,0,0.00015363959
0,0,5.9780477e-06
0,0,1.613881e-05
0,0,4.178543e-05
0,0,1.7647843e-06
0,0,1.5181049e-05
0,0,0.00027506164
0,0,9.238083e-06
0,0,8.457314e-06
0,0,0.00036429215
0,0,0.00034174792
0,0,1.3295658e-05
0,0,3.1771902e-05
0,0,3.044841e-06
0,0,6.326014e-05
0,0,9.866285e-05
0,0,8.350442e-06
0,0,1.630174e-05
0,0,2.6148491e-05
0,0,5.9930207e-05
0,0,1.1878192e-05
0,0,0.0024164119
0,0,5.835139e-05
0,0,0.00031303635
0,0,1.2696048e-05
0,0,1.580933e-05
0,0,3.8068207e-05
0,0,0.00022067515
0,0,1.2442084e-05
0,0,5.5575885e-05
0,0,0.0025899026
0,0,2.2189864e-05
0,0,0.0019111409
0,0,2.0208496e-05
0,0,1.6511682e-05
0,0,1.891111e-05
0,0,1.0761543e-05
0,0,0.00031326743
0,0,2.4362285e-05
0,0,8.6226955e-06
0,0,1.4845375e-05
0,0,1.2237303e-05
0,0,3.5604025e-05
0,0,1.109706e-05
0,0,1.5058788e-05
0,0,1.7309278e-05
0,0,6.4292195e-05
0,0,5.7412555e-05
0,0,4.1970536e-05
0,0,5.2718395e-05
0,0,6.5709532e-06
0,0,1.8685216e-05
0,0,2.2913693e-05
0,0,2.1449428e-05
0,0,0.00014861385
0,0,0.00012488978
0,0,2.002775e-05
0,0,1.942044e-05
0,0,4.1974137e-05
0,0,0.00021821959
0,0,7.155453e-05
0,0,0.00040780203
0,0,5.766914e-05
0,0,6.0596656e-05
0,0,0.00014332026
0,0,4.5304546e-06
0,0,0.00023710614
0,0,4.6327885e-05
0,0,3.8959486e-05
0,0,2.7910946e-06
0,0,3.0954852e-05
0,0,2.7239488e-05
0,0,5.5192995e-06
0,0,0.00025335653
0,0,9.384428e-05
0,0,3.0985825e-06
0,0,0.00013497435
0,0,1.2273043e-05
0,0,1.8739449e-05
0,0,6.287791e-06
0,0,0.00016471671
0,0,1.0734637e-05
0,0,0.0001897983
0,0,2.7567326e-05
0,0,5.342358e-05
0,0,0.0006150579
0,0,1.844495e-05
0,0,0.00011260673
0,0,2.065793e-05
0,0,0.0010291728
0,0,8.610413e-05
0,0,4.801863e-05
0,0,7.228319e-06
0,0,0.00014210452
0,0,2.3011862e-05
0,0,1.621007e-06
0,0,1.6965576e-05
0,0,1.7669918e-05
0,0,2.1192769e-05
0,0,3.2013544e-05
0,0,8.691024e-05
0,0,1.859541e-05
0,0,0.000722544
0,0,2.5652724e-05
0,0,0.0009065545
0,0,0.0006635417
0,0,1.0235714e-05
0,0,1.9722143e-05
0,0,6.827537e-05
0,0,6.094907e-05
0,0,9.619467e-06
0,0,0.00027060194
0,0,0.0014732842
0,0,1.4035131e-05
0,0,4.299137e-05
0,0,3.4946752e-05
0,0,0.0010083257
0,0,1.22994525e-05
0,0,0.00027263508
0,0,1.2934333e-05
0,0,1.054708e-05
0,0,3.0519426e-05
0,0,1.5544803e-06
0,0,1.1916246e-05
0,0,4.3548378e-05
0,0,5.4404525e-05
0,0,0.00035801812
0,0,3.9301976e-05
0,0,3.926159e-05
0,0,1.865904e-05
0,0,7.58014e-05
0,0,0.00015825505
0,0,0.0005522157
0,0,2.3715957e-05
0,0,4.9419443e-05
0,0,0.00010212179
0,0,2.5994366e-06
0,0,3.3860157e-05
0,0,4.8733542e-05
0,0,1.5097637e-06
0,0,0.0001895124
0,0,2.0241325e-05
0,0,0.004239481
0,0,8.494264e-05
0,0,8.030874e-06
0,0,0.00022095306
0,0,0.00037101776
0,0,7.625135e-06
0,0,5.846535e-05
0,0,8.668899e-05
0,0,0.00015226965
0,0,6.445229e-05
0,0,3.0789335e-05
0,0,3.5763012e-05
0,0,0.00041111375
0,0,0.00010308236
0,0,6.52266e-06
0,0,0.00025385778
0,0,1.9929304e-05
0,0,2.624302e-05
0,0,2.1539701e-05
0,0,0.00010445051
0,0,2.3603907e-05
0,0,1.810178e-05
0,0,6.00614e-06
0,0,0.00038059684
0,0,0.034564942
0,0,0.00048533463
0,0,6.950454e-05
0,0,1.1728462e-05
0,0,0.00011746177
0,0,8.384108e-06
0,0,0.00012718485
0,0,2.0904423e-05
0,0,9.6803364e-05
0,0,6.5661548e-06
0,0,0.0006641728
0,0,2.3852639e-05
0,0,1.3608823e-05
0,0,6.36941e-05
0,0,2.6943258e-05
0,0,0.00021078173
0,0,5.4817974e-05
0,0,0.0003273077
0,0,9.621202e-06
0,0,3.892811e-06
0,0,3.2422235e-05
0,0,5.69671e-05
0,0,3.8253565e-06
0,0,2.3394865e-05
0,0,1.9895217e-05
0,0,0.000685773
0,0,2.3623748e-05
0,0,1.1095209e-05
0,0,3.9535225e-05
0,0,0.00020289041
0,0,1.5156456e-05
0,0,5.7604393e-05
0,0,1.2699984e-05
0,0,0.00053196505
0,0,0.00029520103
0,0,9.704551e-06
0,0,3.1832136e-05
0,0,0.0020087077
0,0,0.00034861537
0,0,4.273785e-05
0,0,8.461063e-05
0,0,0.001212776
0,0,3.1988828e-05
0,0,4.3255015e-05
0,0,0.0002033843
0,0,4.7297663e-06
0,0,6.318321e-05
0,0,4.2255913e-05
0,0,0.0010969281
0,0,5.3645297e-05
0,0,2.470374e-06
0,0,0.0005330736
0,0,1.806701e-05
0,0,0.000637535
0,0,0.0010954614
0,0,7.925737e-05
0,0,6.369318e-05
0,0,2.330715e-05
0,0,0.00010654381
0,0,7.80191e-06
0,0,1.723601e-05
0,0,8.3613966e-05
0,0,3.966623e-05
0,0,2.6271642e-05
0,0,0.0029342442
0,0,2.1936683e-05
0,0,2.5249681e-05
0,0,1.6684262e-05
0,0,0.00025621057
0,0,7.3067126e-06
0,0,1.646082e-05
0,0,4.7868532e-05
0,0,1.529718e-05
0,0,2.4093993e-05
0,0,2.1129683e-05
0,0,1.1236854e-05
0,0,6.734242e-05
0,0,0.00026168933
0,0,0.00053104403
0,0,8.672375e-06
0,0,9.312435e-05
0,0,1.3685805e-05
0,0,0.00023788102
0,0,0.00020457868
0,0,0.00020389243
0,0,1.5611387e-05
0,0,2.1955499e-05
0,0,5.3729567e-05
0,0,5.8279174e-06
0,0,2.6957576e-05
0,0,8.5189395e-06
0,0,7.866776e-06
0,0,1.8191406e-05
0,0,2.9102861e-05
0,0,0.0027458065
0,0,3.4330933e-05
0,0,1.6066038e-05
0,0,5.3164367e-06
0,0,3.3633176e-05
0,0,0.000114494294
0,0,7.2866285e-05
0,0,2.1705531e-05
0,0,2.7343463e-05
0,0,2.0558287e-05
0,0,1.8120432e-05
0,0,0.00014297698
0,0,1.592477e-05
0,0,7.886029e-05
0,0,8.265363e-05
0,0,5.473424e-05
0,0,1.0223218e-05
0,0,0.0016369575
0,0,1.8116658e-06
0,0,0.001990095
0,0,1.6548585e-05
0,0,4.6232035e-06
0,0,0.00024116333
0,0,3.6987905e-05
0,0,0.00030908003
0,0,4.1287414e-05
0,0,2.0054276e-05
0,0,1.7426179e-05
0,0,4.6027776e-06
0,0,2.9004641e-05
0,0,1.7295468e-05
0,0,2.6474834e-05
0,0,5.9480073e-05
0,0,1.6807211e-05
0,0,2.847723e-05
0,0,1.5841522e-05
0,0,2.2040505e-05
0,0,6.428681e-06
0,0,7.715677e-05
0,0,1.0760619e-05
0,0,3.9400482e-05
0,0,3.3475712e-06
0,0,1.8460136e-05
0,0,7.677659e-05
0,0,0.0049149324
0,0,0.00020569316
0,0,5.591078e-05
0,0,4.8008733e-06
0,0,1.7506749e-05
0,0,1.8715731e-05
0,0,0.00020201963
0,0,2.4159614e-05
0,0,0.00010410785
0,0,1.4573426e-05
0,0,0.00012941408
0,0,0.00040819333
0,0,1.2394892e-06
0,0,0.00029905414
0,0,2.3317443e-05
0,0,8.20653e-06
0,0,2.4919847e-05
0,0,3.1891417e-05
0,0,9.603518e-06
0,0,7.671028e-06
0,0,0.0001519113
0,0,7.3659935e-06
0,0,0.0025950763
0,0,6.372882e-06
0,0,0.0012507734
0,0,4.811361e-05
0,0,3.6778417e-06
0,0,3.7331345e-06
0,0,6.398576e-05
0,0,0.00072125887
0,0,9.155771e-05
0,0,1.32120595e-05
0,0,1.4566284e-05
0,0,0.0011298895
0,0,8.76555e-05
0,0,9.476803e-05
0,0,6.769219e-06
0,0,3.476599e-05
0,0,0.00024787037
0,0,0.0001460786
0,0,1.4100654e-05
0,0,1.9518642e-05
1,0,0.048817188
0,0,5.1605042e-05
0,0,3.9955183e-05
0,0,8.337049e-05
0,0,6.1451183e-06
0,0,0.00021512697
0,0,8.23198e-05
0,0,1.4227138e-05
0,0,1.7353177e-05
0,0,3.073401e-05
0,0,3.6458194e-05
0,0,1.8497107e-05
0,0,2.3551338e-05
0,0,2.3704764e-05
0,0,0.002834726
0,0,4.7362835e-05
0,0,1.407745e-05
0,0,6.842339e-05
0,0,7.758002e-06
1,1,0.8006065
0,0,0.00013993331
0,0,6.3590282e-06
0,0,2.6870463e-05
0,0,4.2676962e-05
0,0,1.5291696e-05
0,0,1.4744225e-05
0,0,0.00011070086
0,0,0.00011296045
0,0,8.124864e-06
0,0,4.8048446e-06
0,0,0.00034390338
0,0,4.1408388e-05
0,0,1.5182077e-05
0,0,6.1187435e-05
0,0,6.0854818e-05
0,0,2.1337077e-05
0,0,2.3978304e-05
0,0,6.3751766e-05
0,0,0.000116538446
0,0,2.3712064e-06
0,0,1.9115387e-05
0,0,0.00018363708
0,0,9.787086e-05
0,0,2.234141e-05
0,0,2.0547077e-05
0,0,0.00019419963
0,0,3.4460136e-05
0,0,0.00048245522
0,0,6.737081e-05
0,0,0.0009940554
0,0,0.00034789744
0,0,1.2654911e-05
0,0,0.0003223369
0,0,0.00013898397
0,0,9.535888e-05
0,0,2.6331873e-06
0,0,7.691201e-05
0,0,0.00032260164
0,0,0.00014351225
0,0,2.4792507e-05
0,0,4.224098e-06
0,0,1.1457004e-05
0,0,3.4890222e-06
0,0,0.00028429966
0,0,1.6479307e-05
0,0,5.228586e-05
0,0,0.00013170524
0,0,1.2145535e-05
0,0,0.0003311416
0,0,5.888028e-05
0,0,0.0005474866
0,0,0.0001778448
0,0,6.9204266e-06
0,0,0.0006365157
0,0,6.1355946e-05
0,0,8.6169575e-06
0,0,3.549256e-05
0,0,1.07732185e-05
0,0,3.0591875e-06
0,0,0.00019312036
0,0,0.0007263757
0,0,4.584165e-05
0,0,3.728756e-05
0,0,4.930378e-05
0,0,1.801677e-05
0,0,9.421877e-06
0,0,1.4649172e-05
0,0,2.3563043e-05
0,0,7.846332e-05
0,0,2.050507e-05
0,0,4.569496e-05
0,0,3.647624e-05
0,0,0.00017909438
0,0,0.00055588776
0,0,1.7310334e-05
0,0,1.7793036e-05
0,0,4.5390985e-05
0,0,6.2156265e-05
0,0,1.1535041e-05
0,0,0.00014066885
0,0,0.0003922414
0,0,0.000120817145
0,0,2.3376935e-05
0,0,4.4130615e-05
0,0,6.6094917e-06
0,0,5.2797935e-05
0,0,9.862857e-06
0,0,1.735907e-05
0,0,0.00017132371
0,0,1.111426e-05
0,0,0.0007124344
0,0,1.2048446e-05
0,0,0.00026722028
0,0,8.550747e-05
0,0,5.1690695e-05
0,0,1.8630984e-06
0,0,0.00020141626
0,0,0.00019065803
0,0,2.5448438e-05
0,0,8.66699e-05
0,0,0.00012703624
0,0,8.243168e-06
0,0,4.881559e-05
0,0,6.4053156e-06
0,0,2.4578705e-05
0,0,9.892237e-06
0,0,2.6226759e-05
0,0,2.8163566e-05
0,0,0.0007364668
0,0,6.956389e-05
0,0,7.092911e-05
0,0,2.0481928e-05
0,0,5.7011825e-05
0,0,3.5037283e-05
0,0,2.215433e-06
0,0,2.1862503e-05
0,0,4.3235477e-06
0,0,6.177937e-05
0,0,4.5436213e-06
0,0,3.329011e-05
0,0,1.9864676e-05
0,0,4.7817663e-05
0,0,3.602126e-05
0,0,3.984921e-06
0,0,0.00048548385
0,0,0.00013421995
0,0,7.664811e-06
0,0,1.866988e-05
0,0,3.6774556e-05
0,0,9.058152e-05
0,0,0.00017497275
0,0,3.3672524e-05
0,0,0.00020686559
0,0,1.600658e-05
0,0,0.00010637103
0,0,1.8993005e-05
0,0,9.067832e-06
0,0,9.304893e-06
0,0,0.00013442707
0,0,8.194165e-06
0,0,4.547135e-05
0,0,2.1444152e-05
0,0,0.0035083464
0,0,0.0005824879
0,0,4.1598607e-05
0,0,3.085156e-05
0,0,7.794801e-06
0,0,7.834296e-05
0,0,3.300816e-05
0,0,3.263871e-05
0,0,0.000109780005
0,0,2.7932547e-05
0,0,2.8581215e-05
0,0,2.4577153e-06
0,0,1.9626697e-05
0,0,8.015762e-06
0,0,1.7542245e-05
0,0,1.4081236e-05
0,0,3.0186664e-05
0,0,0.00014597541
0,0,2.5081637e-05
0,0,5.1545285e-05
0,0,0.00011153656
0,0,1.8828694e-05
0,0,1.2987817e-05
0,0,1.7573675e-05
0,0,8.109537e-06
0,0,7.289131e-05
0,0,4.6682675e-05
0,0,2.1682423e-05
0,0,0.00014546602
0,0,0.00016489225
0,0,0.00052510086
0,0,1.8961206e-05
0,0,6.568275e-05
0,0,5.6910787e-05
0,0,3.8108462e-06
0,0,6.553668e-06
0,0,4.26615e-05
0,0,6.9803264e-06
0,0,1.4364752e-05
0,0,7.2635407e-06
0,0,0.00023524436
0,0,7.774422e-06
0,0,9.789959e-06
0,0,8.129172e-05
0,0,8.889028e-06
0,0,0.00019533506
0,0,7.6545286e-05
0,0,8.684317e-06
0,0,0.0001874039
0,0,5.509933e-06
0,0,2.8704952e-05
0,0,0.000115881216
0,0,0.0004188298
0,0,9.725767e-05
0,0,0.0001222317
0,0,0.00017404044
0,0,0.0004658026
0,0,0.019878363
0,0,4.6109053e-05
0,0,6.3105406e-05
0,0,1.6017404e-05
0,0,0.0018965292
0,0,1.974113e-06
0,0,1.5501011e-05
0,0,0.00023781843
0,0,1.1121852e-05
0,0,6.19129e-05
0,0,8.084133e-06
0,0,1.4672996e-05
0,0,1.3943437e-05
0,0,0.0006359884
0,0,4.0099432e-05
0,0,6.2628205e-05
0,0,2.1974352e-05
0,0,0.00015915012
0,0,3.4158688e-06
0,0,1.5982172e-05
0,0,3.5680707e-05
0,0,5.7197412e-05
0,0,3.4881392e-05
0,0,0.0005887283
0,0,1.9110885e-05
0,0,4.155701e-05
0,0,0.00016577223
0,0,1.1919372e-05
0,0,4.997629e-06
0,0,9.151082e-06
0,0,0.0018875109
0,0,1.1721719e-05
0,0,0.000476791
0,0,5.676607e-05
0,0,2.8104218e-05
0,0,5.6043056e-05
0,0,2.2637547e-05
0,0,0.00041216388
0,0,1.32237565e-05
0,0,2.1254256e-05
0,0,0.0001204911
0,0,4.4969358e-05
0,0,1.5732476e-05
0,0,2.3502314e-05
0,0,6.369306e-05
0,0,0.0022326484
0,0,0.0001355487
0,0,3.9626495e-05
0,0,4.899575e-05
0,0,6.036373e-06
0,0,1.52139055e-05
0,0,1.1926887e-05
0,0,0.0003162463
0,0,5.09697e-06
0,0,8.818921e-06
0,0,1.3939343e-05
0,0,2.9322664e-05
0,0,5.7098023e-06
0,0,7.786598e-06
0,0,2.2712493e-06
0,0,0.0047563734
0,0,0.0007666847
0,0,4.3836502e-05
0,0,1.4146166e-05
0,0,5.9785107e-05
0,0,1.4546212e-05
0,0,3.503077e-05
0,0,0.00035144514
0,0,3.1002623e-05
0,0,0.00024284843
0,0,1.1555708e-05
0,0,0.00017647553
0,0,2.9939356e-06
0,0,3.5269122e-06
0,0,4.7813697e-05
0,0,5.2017058e-05
0,0,5.2181163e-05
0,0,0.000109803244
0,0,2.160778e-05
0,0,3.057734e-05
0,0,9.775341e-06
0,0,1.4397697e-05
0,0,1.1463945e-05
0,0,1.0440212e-05
0,0,0.0005259542
0,0,3.431892e-05
0,0,1.190859e-05
0,0,1.8402781e-05
0,0,2.9680217e-05
0,0,8.021918e-06
0,0,4.743728e-05
0,0,2.3175473e-05
0,0,6.411018e-05
0,0,0.00024778058
0,0,0.00036865624
0,0,2.479135e-05
0,0,0.00023321879
0,0,6.7962114e-06
0,0,7.8846904e-05
0,0,1.3038053e-05
0,0,3.4624543e-05
0,0,2.8122155e-05
0,0,0.00019181574
0,0,6.223509e-05
0,0,9.883631e-05
0,0,9.49273e-06
0,0,0.00024021901
0,0,2.4214856e-05
0,0,6.920184e-05
0,0,2.3933002e-05
0,0,3.313207e-05
0,0,5.4679936e-06
0,0,0.00050262676
0,0,7.6182087e-06
0,0,0.00042330427
0,0,6.361676e-05
0,0,1.7688852e-05
0,0,8.733377e-05
0,0,0.0003273876
0,0,1.4081021e-05
0,0,0.0002486835
0,0,1.8588637e-05
0,0,0.0001003081
0,0,5.8304828e-05
0,0,1.0598675e-05
0,0,0.00017777005
0,0,1.4942854e-05
0,0,9.037426e-06
0,0,1.1270769e-05
0,0,1.0198659e-05
0,0,0.00017542078
0,0,6.385215e-05
0,0,1.5445765e-05
0,0,6.15924e-06
0,0,2.1171274e-05
0,0,4.0040468e-05
0,0,4.083192e-06
0,0,0.0010642152
0,0,1.5228536e-05
0,0,1.1412033e-05
0,0,0.0011930037
0,0,2.3633032e-05
0,0,0.00019967259
0,0,5.871913e-05
0,0,1.7078266e-05
0,0,4.6717882e-06
0,0,0.00016265837
0,0,0.00019880517
0,0,0.00010848523
0,0,1.6403981e-05
0,0,0.0004150872
0,0,3.003903e-05
0,0,1.2220532e-06
0,0,3.4468287e-06
0,0,0.00038115418
0,0,4.4486944e-05
0,0,0.00013778938
0,0,4.8531845e-05
0,0,3.9049613e-05
0,0,4.654874e-05
0,0,9.8878445e-05
0,0,2.3475055e-05
0,0,7.652637e-06
0,0,0.0001512026
0,0,0.00023084499
0,0,1.5224294e-06
0,0,8.555292e-06
0,0,5.433992e-05
0,0,0.00043700245
0,0,9.657513e-06
0,0,8.063654e-05
0,0,0.00015784046
0,0,0.00015837369
0,0,6.376447e-05
0,0,0.00044041855
0,0,1.5589814e-05
0,0,0.00012969215
0,0,3.063973e-06
0,0,7.3492724e-06
0,0,1.8361865e-05
0,0,1.6656424e-05
0,0,0.0013411907
0,0,0.00012698333
0,0,5.0048897e-05
0,0,3.0381692e-05
0,0,9.503183e-06
0,0,0.00016225809
0,0,0.00032979096
0,0,5.2151812e-05
0,0,0.000107906126
0,0,1.5583348e-05
0,0,7.213617e-06
0,0,3.403332e-05
0,0,0.00051827385
0,0,1.2186073e-05
0,0,0.0032624605
0,0,1.3336625e-05
0,0,0.00014065008
0,0,5.820706e-05
0,0,0.00012615335
0,0,3.213262e-05
0,0,6.778376e-05
0,0,4.1694635e-05
0,0,5.5546214e-05
0,0,5.063921e-05
0,0,6.4172935e-05
0,0,9.396911e-05
0,0,2.9509803e-05
0,0,7.5476455e-05
0,0,0.00010311658
0,0,9.1504815e-05
0,0,9.448466e-06
0,0,3.291543e-05
0,0,3.7166676e-05
0,0,1.8124236e-05
0,0,9.763173e-06
0,0,5.902511e-06
0,0,0.0048280424
0,0,2.2838645e-05
0,0,2.0524985e-05
0,0,5.316484e-05
0,0,0.00018929008
0,0,1.5320319e-06
0,0,3.3613167e-05
0,0,0.00021493137
0,0,9.9890305e-05
0,0,9.134507e-06
0,0,5.52608e-05
0,0,3.0781088e-05
0,0,9.965179e-05
0,0,5.7635818e-05
0,0,0.00010994605
0,0,4.596645e-06
0,0,9.207492e-06
0,0,9.8096316e-05
0,0,6.931557e-05
0,0,3.0005103e-05
0,0,0.0005849272
0,0,7.693856e-05
0,0,6.245509e-06
0,0,2.8322422e-05
0,0,5.978675e-06
0,0,3.746306e-05
0,0,3.831342e-05
0,0,2.1305967e-05
0,0,6.359613e-05
0,0,0.00013758325
0,0,2.2131521e-06
0,0,2.3086972e-05
0,0,2.9203728e-05
0,0,8.2138424e-05
0,0,0.00030082194
0,0,6.403643e-05
0,0,3.1841441e-06
0,0,0.0004408409
0,0,0.00043589622
0,0,4.2295465e-05
0,0,7.849914e-06
0,0,5.888517e-05
0,0,2.4492601e-05
0,0,0.0007481816
0,0,1.582778e-05
0,0,5.1332496e-05
0,0,7.4793854e-05
0,0,1.264156e-05
0,0,5.9569284e-06
0,0,2.781028e-05
0,0,5.4930322e-05
0,0,8.1362836e-05
0,0,4.0643732e-05
0,0,0.0008734459
0,0,9.0256e-06
0,0,0.00082725065
0,0,0.00013856568
0,0,0.00013688799
0,0,0.00059711025
0,0,0.00022210124
0,0,7.139702e-05
0,0,0.00027384434
0,0,6.5943937e-06
0,0,9.2415314e-05
0,0,6.7124245e-05
0,0,3.3203166e-06
0,0,0.0003391572
0,0,1.0355124e-05
0,0,3.9964293e-06
0,0,1.3864213e-05
0,0,0.0007730622
0,0,0.0006473856
0,0,3.7589314e-05
0,0,4.9046143e-05
0,0,2.7159933e-05
0,0,4.0828803e-05
0,0,2.3917442e-05
0,0,2.7601287e-05
0,0,0.0014144508
0,0,0.00013240636
0,0,0.0002303257
0,0,4.4814125e-05
0,0,0.00063354283
0,0,1.0893402e-05
0,0,3.1661533e-05
0,0,8.899543e-05
0,0,1.8501023e-05
0,0,3.8681605e-06
0,0,0.00079100486
0,0,0.00018026298
0,0,1.0142132e-05
0,0,1.9838966e-05
0,0,0.0001276569
0,0,2.9075093e-06
0,0,4.882013e-06
0,0,8.417028e-05
0,0,1.2838955e-05
0,0,0.0003680868
0,0,2.4032583e-05
0,0,4.098062e-05
0,0,1.50899405e-05
0,0,6.24671e-05
0,0,2.2279219e-05
0,0,0.00041446328
0,0,7.618986e-06
0,0,0.00027987643
0,0,0.00029878938
0,0,1.2711192e-05
0,0,6.139931e-05
0,0,0.00045782755
0,0,2.743954e-05
0,0,1.0699784e-05
0,0,1.50634e-05
0,0,2.2577246e-05
0,0,1.1206558e-05
0,0,7.764473e-05
0,0,1.9228488e-05
0,0,0.00011945633
0,0,4.3364336e-05
0,0,1.42895915e-05
0,0,8.4052044e-05
0,0,1.8116165e-05
0,0,3.0104415e-05
0,0,4.8937287e-05
0,0,2.1741766e-05
0,0,1.148455e-05
0,0,5.5540015e-05
0,0,1.0462887e-05
0,0,3.1724624e-06
0,0,4.1679374e-05
0,0,5.7671223e-06
0,0,1.2818022e-05
0,0,0.0017589963
0,0,3.892235e-05
0,0,0.0013387601
0,0,9.071542e-05
0,0,3.598099e-05
0,0,0.00067922607
0,0,4.0486507e-06
0,0,4.176332e-06
0,0,8.263692e-05
0,0,2.7003582e-05
0,0,1.4819221e-05
0,0,5.2168274e-05
0,0,1.4098852e-05
0,0,4.5052413e-05
0,0,2.0840249e-05
0,0,3.2450664e-06
0,0,9.093361e-06
0,0,0.00013955035
0,0,3.184425e-05
0,0,0.00010513722
0,0,5.7538673e-05
0,0,0.00026212557
0,0,6.188692e-05
0,0,0.00016252768
0,0,2.5833874e-06
0,0,6.195985e-05
0,0,1.9477196e-05
0,0,1.0007783e-05
0,0,0.00013026514
0,0,7.5609e-05
0,0,3.1513184e-06
0,0,4.64765e-06
0,0,1.068179e-05
0,0,3.3106204e-05
0,0,1.7549592e-05
0,0,1.708061e-05
0,0,0.0006803559
0,0,4.231891e-05
0,0,2.8330965e-06
0,0,6.901675e-06
0,0,8.276804e-06
0,0,1.7627386e-05
0,0,3.9222636e-05
0,0,0.0001247974
0,0,1.665933e-05
0,0,6.610867e-05
0,0,1.1898985e-05
0,0,3.6948643e-06
0,0,6.576855e-05
0,0,8.6975615e-06
0,0,0.00023027301
0,0,6.4926426e-05
0,0,0.00016230234
0,0,5.115062e-05
0,0,3.338386e-06
0,0,4.0543975e-05
0,0,1.7523987e-05
0,0,2.7233567e-05
0,0,5.3270098e-05
0,0,2.2371141e-06
0,0,7.540286e-05
0,0,1.094716e-05
0,0,0.0001943686
0,0,3.0969615e-05
0,0,0.0008195736
0,0,9.003502e-05
0,0,5.3588847e-05
0,0,1.1902413e-05
0,0,2.7829115e-05
0,0,8.092077e-06
0,0,5.8938534e-05
0,0,0.0046282746
0,0,0.00013376727
0,0,5.0280094e-05
0,0,1.6104388e-05
0,0,9.7080505e-05
0,0,1.3481817e-05
0,0,1.4441205e-05
0,0,2.9609342e-05
0,0,3.6341593e-05
0,0,7.689382e-05
0,0,4.6794772e-05
0,0,0.00021160673
0,0,0.0027873006
0,0,6.0689414e-05
0,0,3.3251745e-06
0,0,0.00023574798
0,0,3.373835e-05
0,0,1.2082665e-05
0,0,0.0002335764
0,0,5.2963414e-06
0,0,8.65414e-06
0,0,9.373749e-06
0,0,4.7252847e-06
0,0,4.332974e-05
0,0,1.7859866e-05
0,0,1.6214632e-06
0,0,1.7661241e-05
0,0,0.0012692001
0,0,5.7294033e-05
0,0,2.1012713e-05
0,0,0.00019788076
0,0,2.5568319e-05
0,0,6.306607e-06
0,0,3.742621e-05
0,0,3.2692195e-05
0,0,7.859573e-05
0,0,1.2739929e-05
0,0,0.000106838546
0,0,0.00020120876
0,0,2.0013582e-05
0,0,0.00020203639
0,0,1.6362874e-05
0,0,7.5693475e-05
0,0,3.912375e-05
0,0,1.8069768e-05
0,0,0.00020349157
0,0,5.8494497e-06
0,0,1.9257941e-05
0,0,0.00017611697
0,0,2.1531447e-05
0,0,9.407437e-05
0,0,1.0334721e-05
0,0,5.6805657e-05
0,0,3.3882684e-06
0,0,1.9391182e-05
0,0,1.5333695e-05
0,0,2.6095504e-05
0,0,2.3992532e-05
0,0,6.0518905e-06
0,0,6.0718652e-05
0,0,1.9084202e-05
0,0,0.00012642273
0,0,6.038469e-06
0,0,2.0375286e-05
0,0,4.4053206e-05
0,0,3.2630993e-05
0,0,0.0007882449
0,0,0.012292713
0,0,8.7076177e-07
0,0,2.228623e-05
0,0,0.00015441873
0,0,0.00020366335
0,0,3.6484241e-06
0,0,6.173373e-05
0,0,0.00010081172
0,0,1.793139e-05
0,0,5.5420864e-05
0,0,6.3089706e-06
0,0,2.7080172e-05
0,0,0.0016925579
0,0,3.2136664e-05
0,0,8.287079e-06
0,0,1.2386854e-05
0,0,4.2068154e-06
0,0,0.00015242785
0,0,8.1143635e-06
0,0,3.8496284e-05
0,0,5.1422844e-06
0,0,0.000108384
0,0,2.0311627e-06
0,0,2.4003586e-05
0,0,0.00042066423
0,0,1.0260725e-05
0,0,4.034399e-05
0,0,8.21183e-05
0,0,6.720706e-05
0,0,0.00021683288
0,0,0.00028445502
0,0,2.776261e-05
0,0,2.3060942e-05
0,0,3.1079322e-05
0,0,2.7638926e-05
0,0,7.407921e-05
0,0,1.950454e-05
0,0,1.4444759e-05
0,0,7.367054e-06
0,0,1.7283184e-05
0,0,0.000114925155
0,0,3.2257423e-05
0,0,3.465388e-05
0,0,3.1100135e-05
0,0,2.3759625e-05
0,0,8.024518e-05
0,0,7.252875e-05
0,0,0.00024550356
0,0,2.584238e-05
0,0,1.4757843e-05
0,0,3.5867524e-05
0,0,5.236055e-06
0,0,0.0019724492
0,0,9.771391e-05
0,0,6.446249e-05
0,0,0.0005331452
0,0,2.296208e-05
0,0,2.251686e-06
0,0,1.0047892e-05
0,0,0.0002794237
0,0,2.3017217e-05
0,0,0.00056313886
0,0,0.00035285985
0,0,0.000118245516
0,0,2.1631674e-06
0,0,0.000552431
0,0,2.778165e-05
0,0,2.1295808e-05
0,0,0.00022445511
0,0,4.5301654e-06
0,0,8.553457e-06
0,0,3.0423562e-05
0,0,0.00016098945
0,0,8.037813e-05
0,0,2.120055e-05
0,0,3.1286025e-05
0,0,1.1038671e-05
0,0,8.966959e-05
0,0,4.3278946e-05
0,0,1.4335248e-05
0,0,0.00029130146
0,0,5.8296213e-05
0,0,0.00068983244
0,0,4.8735837e-06
0,0,0.00045875413
0,0,1.556346e-05
0,0,0.0010449329
0,0,2.419252e-06
0,0,0.00020301696
0,0,1.5220434e-05
0,0,0.0035060798
0,0,1.4646182e-05
0,0,0.00039169306
0,0,0.00013227499
0,0,0.0015847455
0,0,4.7577723e-05
0,0,0.00035069342
0,0,6.727894e-05
0,0,3.814648e-05
0,0,0.0005284476
0,0,0.00016789782
0,0,0.00013893549
0,0,3.499581e-05
0,0,3.217821e-06
0,0,7.023364e-05
0,0,1.8120882e-05
0,0,0.00011612457
0,0,8.705329e-06
0,0,1.3858276e-05
0,0,0.008258938
0,0,8.379627e-05
0,0,2.4041936e-05
0,0,1.7826258e-05
0,0,7.54845e-06
0,0,1.4822288e-05
0,0,4.758394e-05
0,0,2.8516744e-05
0,0,9.0841284e-05
0,0,0.00019006415
0,0,0.00018969826
0,0,0.00033923
0,0,3.0820593e-05
0,0,0.0001020589
0,0,0.0051142653
0,0,1.8797906e-05
0,0,1.2638068e-06
0,0,0.00014073848
0,0,2.1482223e-05
0,0,0.00015527036
0,0,8.059499e-06
0,0,8.272869e-05
0,0,1.823514e-05
0,0,1.3361514e-05
0,0,0.0002004415
0,0,9.07811e-06
0,0,0.00014989242
0,0,1.2621695e-05
0,0,4.067033e-05
0,0,9.494812e-05
0,0,0.00011026839
0,0,0.00020100857
0,0,3.753873e-06
0,0,1.3345021e-05
0,0,1.657166e-06
0,0,1.0916874e-05
0,0,4.3097316e-05
0,0,0.00025035284
0,0,1.8968061e-05
0,0,0.0010149688
0,0,2.1448506e-05
0,0,4.51547e-05
0,0,5.6207555e-06
0,0,7.018229e-05
0,0,1.3579056e-05
0,0,1.1322448e-05
0,0,3.8905204e-05
0,0,8.156971e-05
0,0,1.615327e-05
0,0,0.00016937264
0,0,3.5988436e-05
0,0,2.4195397e-05
0,0,3.4575812e-06
0,0,1.4478175e-05
0,0,0.00056764187
0,0,2.4268536e-05
0,0,8.854366e-06
0,0,4.447114e-06
0,0,0.00019043875
0,0,4.7556678e-05
0,0,1.9419347e-05
0,0,4.2367783e-06
0,0,3.3828106e-05
0,0,3.3430344e-05
0,0,7.729231e-06
0,0,4.4339085e-05
0,0,0.00020790489
0,0,0.00020493733
0,0,0.00037128438
0,0,3.0711857e-05
0,0,2.5423285e-05
0,0,4.930378e-05
0,0,0.0036947343
0,0,1.6977876e-05
0,0,6.625692e-06
0,0,2.8223738e-05
0,0,1.45047225e-05
0,0,9.973398e-06
0,0,1.1187178e-05
0,0,1.6738924e-05
0,0,4.0707386e-05
0,0,1.0149456e-05
0,0,2.6772595e-06
0,0,1.7586366e-05
0,0,0.0001607756
0,0,3.124902e-05
0,0,3.7131e-05
0,0,0.00010186386
0,0,0.00280929
0,0,0.0005854445
0,0,5.1476713e-05
0,0,0.00014081634
0,0,3.329478e-05
0,0,1.1057477e-05
0,0,8.981044e-05
0,0,0.00029483426
0,0,2.4636951e-05
0,0,5.79151e-05
0,0,2.7376496e-05
0,0,0.00022890791
0,0,3.4137563e-05
0,0,2.4994677e-06
0,0,0.00013911696
0,0,3.4653152e-05
0,0,6.77404e-05
0,0,2.4690815e-05
0,0,0.00032715235
0,0,0.0005292305
0,0,1.5418567e-05
0,0,1.2097689e-05
0,0,0.00014031693
0,0,3.3580618e-05
0,0,1.4871207e-05
0,0,0.00035277696
0,0,3.8685557e-05
0,0,0.000108912696
0,0,4.5049408e-05
0,0,3.9955e-06
0,0,1.0897464e-05
0,0,8.245469e-05
0,0,5.786089e-05
0,0,0.000251273
0,0,1.3095399e-05
0,0,5.6659148e-05
0,0,6.390483e-06
0,0,6.6790046e-05
0,0,4.5033517e-05
0,0,0.000107717686
0,0,8.289371e-06
0,0,1.5436884e-05
0,0,0.00011351471
0,0,2.8267374e-05
0,0,1.3694056e-05
0,0,1.5520625e-05
0,0,3.446326e-05
0,0,2.4788586e-05
0,0,3.2935965e-05
0,0,7.333212e-06
0,0,3.380866e-05
0,0,2.0836196e-05
0,0,6.205671e-05
0,0,1.4113892e-05
0,0,4.8080816e-05
0,0,1.8305689e-05
0,0,6.50961e-05
0,0,0.00010194626
0,0,0.001063405
0,0,7.2311756e-05
0,0,3.0648924e-05
0,0,7.806197e-06
0,0,4.7135647e-05
0,0,0.00042003609
0,0,1.7792392e-05
0,0,6.4945048e-06
0,0,4.4043377e-06
0,0,4.3878113e-06
0,0,0.00010824436
0,0,9.5113255e-06
0,0,2.2775483e-05
0,0,2.176608e-05
0,0,2.0683792e-05
0,0,0.0004042454
0,0,7.1170366e-06
0,0,1.66761e-05
0,0,0.00025646033
0,0,1.4819221e-05
0,0,2.0369787e-05
0,0,1.7943092e-05
0,0,5.6002347e-05
0,0,2.5530551e-05
0,0,1.3884045e-05
0,0,7.339707e-05
0,0,0.00047772814
0,0,0.00029697295
0,0,9.502658e-06
0,0,4.912483e-05
0,0,0.0003908579
0,0,0.0001895124
0,0,1.7797296e-05
0,0,6.373577e-05
0,0,3.200057e-05
0,0,4.4275752e-05
1,1,0.9925345
0,0,2.6869464e-05
0,0,0.00019180404
0,0,9.977698e-06
0,0,0.00025812944
0,0,2.6820466e-05
0,0,4.7181566e-05
0,0,4.9649203e-05
0,0,8.391214e-05
0,0,2.0051963e-05
0,0,4.5176926e-06
0,0,1.6064598e-05
0,0,3.6717054e-06
0,0,5.793604e-05
0,0,0.00014936153
0,0,3.0701933e-05
0,0,4.322521e-06
0,0,6.728613e-06
0,0,1.0805987e-06
0,0,7.065161e-06
0,0,2.6920246e-05
0,0,0.00067957665
0,0,4.347106e-06
0,0,3.801716e-05
0,0,2.326396e-05
0,0,4.6651792e-05
0,0,2.7562515e-05
0,0,0.0008658444
0,0,0.0001673413
0,0,5.273666e-06
0,0,0.00015135118
0,0,0.0006297595
0,0,4.039641e-06
0,0,7.513721e-05
0,0,1.6626795e-05
0,0,5.266684e-05
0,0,1.09786815e-05
0,0,0.0032594411
0,0,7.4099626e-05
0,0,2.734031e-05
0,0,5.8046485e-06
0,0,6.138901e-05
0,0,2.1650025e-05
0,0,5.5322844e-06
0,0,2.7682386e-06
0,0,7.4055147e-06
0,0,0.0001498587
0,0,3.0979245e-05
0,0,0.00010875381
0,0,4.469137e-06
0,0,0.00010884064
0,0,0.00020770755
0,0,4.571815e-05
0,0,4.5235083e-06
0,0,5.196116e-06
0,0,1.52441135e-05
0,0,2.0541376e-05
0,0,0.00010097788
0,0,7.0010333e-06
0,0,2.4736066e-05
0,0,1.2367507e-05
0,0,2.6574777e-05
0,0,6.5230397e-06
0,0,1.550051e-05
0,0,3.1598734e-05
0,0,0.00012871038
0,0,4.5831894e-06
0,0,4.372039e-06
0,0,3.9175047e-05
0,0,2.315844e-05
0,0,7.069918e-05
0,0,0.0012536019
0,0,6.0426396e-06
0,0,0.0008265411
0,0,3.2317836e-05
0,0,0.0011570879
0,0,2.0565936e-05
0,0,0.0002069745
0,0,2.0135378e-05
0,0,8.97501e-06
0,0,1.5620843e-05
0,0,4.317647e-06
0,0,1.6455342e-05
0,0,5.572411e-06
0,0,4.8217462e-05
0,0,1.75661e-05
0,0,2.1479169e-05
0,0,5.139789e-05
0,0,2.7272212e-05
0,0,3.741133e-05
0,0,0.00019674649
0,0,2.6008547e-05
0,0,1.233261e-05
0,0,2.8434517e-05
0,0,7.171378e-06
0,0,3.935673e-05
0,0,0.0054082773
0,0,5.1239704e-06
0,0,2.5236777e-05
0,0,1.6176022e-05
0,0,7.207899e-05
0,0,1.1560084e-05
0,0,2.4174547e-05
0,0,9.0811245e-06
0,0,3.7131107e-05
0,0,4.1207444e-05
0,0,0.00014873718
0,0,3.9865285e-05
0,0,1.6453145e-05
0,0,9.9965755e-06
0,0,4.577761e-05
0,0,2.2907137e-05
0,0,8.90893e-06
0,0,5.2023257e-05
0,0,2.2052174e-05
0,0,0.0067119235
0,0,0.0003447735
0,0,5.1316438e-05
0,0,0.000626553
0,0,2.4631361e-05
0,0,1.2971862e-05
0,0,2.2256645e-05
0,0,1.3745856e-05
0,0,1.7393835e-05
0,0,5.3711534e-05
0,0,5.4328208e-05
0,0,3.840457e-06
0,0,2.1043033e-05
0,0,7.587871e-05
0,0,5.2038544e-05
0,0,3.8909027e-05
0,0,0.00026974315
0,0,2.4715668e-05
