actual,predicted,probability
0,0,5.4770633e-05
0,0,6.0536104e-06
0,0,4.8979805e-06
0,0,4.89723e-05
0,0,0.00014320757
0,0,8.1082995e-05
0,0,0.0017188567
0,0,2.1545125e-05
0,0,3.1846089e-06
0,0,5.7611414e-06
0,0,5.9897693e-06
0,0,4.77362e-05
0,0,1.8860304e-05
0,0,0.00017740735
0,0,5.172181e-05
0,0,1.8826879e-05
0,0,0.00067451247
0,0,9.0979374e-05
0,0,5.4838533e-06
0,0,1.8241819e-05
0,0,7.662395e-05
0,0,1.0151451e-05
0,0,1.070448e-05
0,0,0.00016011653
0,0,9.316178e-06
0,0,1.0895646e-05
0,0,1.3066008e-05
0,0,0.0020885684
0,0,3.4611636e-05
0,0,1.40749125e-05
0,0,1.3342782e-05
0,0,1.9841218e-05
0,0,6.637069e-05
0,0,3.3099564e-06
0,0,0.00019031114
0,0,0.00056438096
0,0,0.00087878475
0,0,0.00011242841
0,0,1.3163525e-05
0,0,2.8693212e-05
0,0,3.3574437e-05
0,0,0.00037452293
0,0,6.657429e-05
0,0,8.201109e-05
0,0,7.426962e-05
0,0,1.1723642e-05
0,0,0.00011706816
0,0,4.513993e-06
0,0,9.005662e-06
0,0,9.625503e-05
0,0,1.5253943e-05
0,0,1.6991287e-05
0,0,3.3803954e-05
0,0,0.0012310188
0,0,4.423321e-05
0,0,5.0530816e-05
0,0,1.1621155e-05
0,0,3.1476928e-05
0,0,0.00027181156
0,0,6.9939333e-06
0,0,6.752983e-06
0,0,0.0015228051
0,0,0.00014036483
0,0,2.3525321e-05
0,0,5.0696563e-05
0,0,1.0691634e-05
0,0,1.53407e-05
0,0,4.2979114e-05
0,0,0.00027555012
0,0,0.00013801435
0,0,5.7594556e-05
0,0,6.8386857e-06
0,0,3.638772e-05
0,0,6.601738e-05
0,0,9.469393e-06
0,0,0.00019427817
0,0,5.888775e-05
0,0,1.1810205e-05
0,0,8.6319356e-05
0,0,2.5984773e-05
0,0,0.0001388314
0,0,3.881056e-05
0,0,5.92998e-05
0,0,3.253538e-05
0,0,0.0010036406
0,0,5.6839044e-06
0,0,9.73616e-05
0,0,0.00039261178
0,0,7.415097e-06
0,0,0.0007989983
0,0,2.316975e-05
0,0,3.6385984e-05
0,0,4.1091527e-05
0,0,1.2097586e-05
0,0,0.00040081717
0,0,0.00018308949
0,0,1.4025256e-05
0,0,2.8317047e-05
0,0,1.8969038e-05
0,0,1.7076702e-05
0,0,5.7179545e-06
0,0,0.0005278136
0,0,1.3269627e-05
0,0,6.617129e-06
0,0,2.6607335e-05
0,0,4.3035056e-05
0,0,1.5375296e-06
0,0,0.00014283526
0,0,1.2215115e-05
0,0,3.105716e-05
0,0,1.4697365e-05
0,0,1.0412351e-05
0,0,2.436998e-05
0,0,3.182828e-05
0,0,0.00027137576
0,0,5.2956393e-06
0,0,1.4631259e-05
0,0,0.01769185
0,0,3.422538e-05
0,0,1.1817078e-05
0,0,5.026188e-05
0,0,5.0631884e-06
0,0,1.1277608e-05
0,0,8.17399e-06
0,0,0.00011907602
0,0,8.223733e-05
0,0,1.7514798e-05
0,0,2.33169e-06
0,0,0.0018720904
0,0,3.891797e-05
0,0,1.761475e-05
0,0,5.248078e-06
0,0,1.5285455e-05
0,0,4.16876e-05
0,0,2.2186932e-06
0,0,1.5107175e-05
0,0,0.00044859477
0,0,0.00022614568
0,0,2.5687192e-05
0,0,7.281391e-05
0,0,7.5565595e-06
0,0,0.02003788
0,0,4.671158e-05
0,0,9.358377e-06
0,0,5.114491e-05
0,0,2.8588902e-05
0,0,8.9858586e-05
0,0,0.000105470295
0,0,6.66406e-05
0,0,9.876241e-06
0,0,3.2530508e-05
0,0,1.4885367e-05
0,0,1.9137657e-05
0,0,7.853861e-06
0,0,4.501424e-05
0,0,1.636172e-05
0,0,0.00032287976
0,0,5.3376116e-05
0,0,2.4829302e-05
0,0,3.8285405e-05
0,0,2.4184692e-05
0,0,2.4275041e-05
0,0,3.1472664e-05
0,0,0.00015151233
0,0,1.272412e-05
0,0,2.0690835e-05
0,0,1.7265262e-05
0,0,0.0012716715
0,0,0.00011485186
0,0,1.9950907e-05
0,0,1.0533077e-05
0,0,3.4636503e-06
0,0,1.3029426e-05
0,0,0.0012368301
0,0,3.694201e-05
0,0,3.9601866e-05
0,0,9.570165e-06
0,0,5.473518e-05
0,0,2.5751331e-05
0,0,0.00041677986
0,0,8.763134e-05
0,0,0.001433427
0,0,0.0002425728
0,0,3.7022253e-06
0,0,1.6936008e-05
0,0,6.555837e-06
0,0,2.454575e-05
0,0,1.490558e-05
0,0,5.4164616e-06
0,0,1.8841554e-05
0,0,9.285851e-06
0,0,3.9684168e-05
0,0,3.148326e-05
0,0,0.00018562938
0,0,3.266605e-05
0,0,1.9014824e-05
0,0,5.5927485e-06
0,0,0.00023669619
0,0,3.718167e-05
0,0,0.0004207713
0,0,5.13872e-06
0,0,9.665261e-06
0,0,0.00032113667
0,0,1.5671261e-05
0,0,3.5046407e-05
0,0,3.4541405e-05
0,0,1.567316e-05
0,0,0.00022446687
0,0,3.7065656e-05
0,0,2.9024259e-05
0,0,1.0996463e-05
0,0,6.328618e-07
0,0,6.776702e-05
0,0,4.3062562e-05
0,0,0.00024852966
0,0,0.025904292
0,0,0.00088098017
0,0,4.5468667e-05
0,0,0.00017197232
0,0,6.5952177e-06
0,0,1.9542613e-06
0,0,0.00058459415
0,0,1.7962608e-05
0,0,7.799835e-06
0,0,1.8723567e-05
0,0,7.0282667e-06
0,0,3.6965725e-05
0,0,2.0936627e-06
0,0,7.15104e-05
0,0,3.793647e-05
0,0,3.855084e-05
0,0,2.1341268e-05
0,0,9.934772e-06
0,0,1.811905e-05
0,0,1.839336e-05
0,0,3.3065247e-05
0,0,1.48505715e-05
0,0,7.4989985e-06
0,0,2.4673938e-05
0,0,3.7005335e-05
0,0,5.9841626e-05
0,0,2.747772e-05
0,0,2.0401983e-05
0,0,4.3113273e-06
0,0,8.670768e-05
0,0,3.977699e-05
0,0,0.00052861014
0,0,0.00012737577
0,0,1.6691645e-05
0,0,0.000105081286
0,0,1.8723586e-05
0,0,0.00048230673
0,0,2.6058751e-06
0,0,4.7747785e-06
0,0,7.299098e-05
0,0,9.846607e-06
0,0,2.8180195e-05
0,0,0.00010453362
0,0,2.4214146e-06
0,0,1.5794909e-05
0,0,0.03149562
0,0,1.9067558e-05
0,0,7.3404603e-06
0,0,0.00014611398
0,0,0.00044750306
0,0,3.808129e-06
0,0,7.5284595e-05
0,0,5.750498e-06
0,0,2.1401433e-05
0,0,0.0001733723
1,0,0.2130007
0,0,4.901968e-05
0,0,3.1674157e-05
0,0,7.981177e-06
0,0,9.287764e-06
0,0,3.883904e-06
0,0,5.6995243e-05
0,0,1.8039378e-05
0,0,4.3818825e-05
0,0,2.6068989e-05
0,0,4.5388344e-05
0,0,0.00019448594
0,0,4.6744954e-05
0,0,1.3379057e-05
0,0,1.9234889e-05
0,0,0.00017307895
0,0,2.1413844e-05
0,0,8.886587e-06
0,0,0.000347017
0,0,4.023127e-05
0,0,1.364227e-05
0,0,3.59237e-05
0,0,7.9383084e-05
0,0,6.307298e-05
0,0,4.193861e-06
0,0,3.471676e-05
0,0,8.872698e-05
0,0,1.2199539e-05
0,0,1.7844559e-05
0,0,4.751103e-05
0,0,0.00074110535
0,0,1.9662086e-05
0,0,8.727348e-06
0,0,1.92202e-05
0,0,0.00022710617
0,0,0.00045359368
0,0,5.2993048e-05
0,0,0.0006734296
0,0,6.3096745e-06
0,0,3.8571943e-06
0,0,0.000331158
0,0,2.837146e-05
0,0,1.9787685e-05
0,0,2.6928901e-05
0,0,3.7087226e-05
0,0,2.4152425e-05
0,0,5.485046e-06
0,0,3.053937e-05
0,0,0.000105574545
0,0,4.445793e-05
0,0,0.03876236
0,0,4.180819e-05
0,0,5.076305e-06
0,0,0.00025333118
0,0,0.00011495409
0,0,3.315903e-05
0,0,4.706603e-05
1,1,0.9958189
0,0,0.000105283
0,0,0.00016400161
0,0,7.3681644e-05
0,0,0.00036120607
0,0,5.734132e-05
0,0,1.8313214e-05
0,0,0.0022399386
0,0,0.00014762956
0,0,9.8020675e-05
0,0,1.658233e-05
0,0,1.8225683e-05
0,0,2.1744772e-05
0,0,1.769133e-05
0,0,3.744016e-06
0,0,0.00012270594
0,0,1.9477735e-05
0,0,2.8554652e-05
0,0,8.706109e-06
0,0,1.794595e-05
0,0,4.7129357e-05
0,0,2.0963096e-05
0,0,5.320948e-05
0,0,0.00014975485
0,0,4.5417008e-05
0,0,2.5425647e-06
0,0,9.30902e-06
0,0,3.7715422e-06
0,0,6.1124156e-05
0,0,1.0143718e-05
0,0,0.000510183
0,0,2.1209225e-05
0,0,3.8569007e-05
0,0,4.1611976e-05
0,0,1.666575e-05
0,0,0.00018427853
0,0,1.1330441e-05
0,0,4.5228358e-06
0,0,0.0026145568
0,0,1.4159906e-05
0,0,4.11298e-06
0,0,2.1926082e-05
0,0,1.6144137e-05
0,0,0.00043925107
0,0,1.3953986e-05
0,0,1.0132214e-05
0,0,3.262626e-05
0,0,2.4948288e-06
0,0,0.0026271234
0,0,9.393811e-05
0,0,5.3942935e-05
0,0,3.2610342e-06
0,0,2.6757209e-05
0,0,4.9743103e-06
0,0,1.9614572e-05
0,0,0.00012462056
0,0,1.45911845e-05
0,0,5.1416366e-05
0,0,3.139311e-05
0,0,9.149695e-06
0,0,0.00030524764
0,0,2.0587579e-05
0,0,0.0001024498
0,0,7.7754075e-06
0,0,3.538334e-05
0,0,9.974359e-06
0,0,8.685473e-05
0,0,1.5658582e-06
0,0,0.013001341
0,0,0.00015174902
0,0,7.9394435e-05
0,0,1.1566006e-05
0,0,1.3211631e-05
0,0,0.00020780541
0,0,0.000102227204
0,0,8.990867e-06
0,0,3.442604e-05
0,0,1.9298e-05
0,0,8.910608e-05
0,0,1.4196358e-05
0,0,0.00021828742
0,0,2.8660463e-06
0,0,0.0003316439
0,0,0.00021938368
0,0,4.6312914e-05
0,0,4.0319992e-05
0,0,6.806676e-05
0,0,3.132609e-05
0,0,1.6387861e-05
0,0,0.00035607876
0,0,0.00014070387
0,0,1.429533e-06
0,0,0.00012662336
0,0,0.00012129806
0,0,4.149534e-06
0,0,1.9247145e-05
0,0,2.7605222e-06
0,0,2.4905044e-05
0,0,3.89593e-05
0,0,0.0011244752
0,0,0.00013517
0,0,4.9151822e-05
0,0,6.760037e-05
0,0,5.760241e-05
0,0,6.387413e-05
0,0,3.8882878e-05
0,0,9.141167e-05
0,0,0.0010562425
0,0,5.3692493e-06
0,0,1.0898948e-06
0,0,8.067243e-06
0,0,4.315696e-06
0,0,2.0220892e-05
0,0,9.017719e-06
0,0,0.0003951941
0,0,1.319798e-05
0,0,4.4947665e-05
0,0,6.5755135e-05
0,0,1.1044873e-05
0,0,1.0774677e-05
0,0,7.6898e-05
0,0,6.425615e-05
0,0,5.660406e-06
0,0,2.1718472e-05
0,0,0.00020675476
0,0,0.00055933575
0,0,9.5859505e-05
0,0,7.659243e-06
0,0,2.5209787e-05
0,0,7.77635e-06
0,0,8.535082e-06
0,0,1.1239802e-05
0,0,2.5569257e-06
0,0,0.005788292
0,0,4.9617743e-06
0,0,6.296956e-05
0,0,4.538004e-05
0,0,1.7934144e-05
0,0,0.00013817329
0,0,2.7092522e-06
0,0,2.0153166e-05
0,0,3.2321008e-05
0,0,4.4908375e-05
0,0,8.970722e-05
0,0,0.0058638174
0,0,1.4015095e-05
0,0,5.377089e-06
0,0,4.013099e-05
0,0,7.91625e-05
0,0,6.9962916e-05
0,0,2.7014064e-05
0,0,0.0006670258
0,0,1.1258511e-05
0,0,3.5705116e-06
0,0,0.00016213824
0,0,2.3166863e-06
0,0,7.905636e-06
0,0,0.000113730646
0,0,2.9566452e-05
0,0,5.9689105e-06
0,0,2.3765699e-05
0,0,1.4360042e-05
0,0,1.4972083e-05
0,0,4.071585e-05
0,0,2.2952621e-05
0,0,7.157972e-06
0,0,3.531989e-05
0,0,7.193358e-06
0,0,5.3707845e-05
0,0,2.1136355e-05
0,0,9.0345755e-05
0,0,3.0016496e-05
0,0,5.5569835e-06
0,0,3.2576765e-05
0,0,3.9636016e-06
0,0,8.6512184e-05
0,0,9.334338e-06
0,0,4.3418753e-05
0,0,6.3087115e-05
0,0,1.0718158e-05
0,0,8.7536055e-06
0,0,6.3968732e-06
0,0,0.00084641844
0,0,2.7162212e-05
0,0,1.892107e-05
0,0,0.00024244218
0,0,0.00010791837
0,0,0.00012886524
0,0,1.1721071e-05
0,0,1.4447624e-05
0,0,4.9381897e-06
0,0,9.171159e-05
0,0,8.25184e-05
0,0,0.00053450814
0,0,8.842391e-06
0,0,4.6421155e-05
0,0,2.6436721e-06
0,0,6.999625e-06
0,0,9.6051845e-05
0,0,0.0008667446
0,0,2.30037e-05
0,0,3.511444e-06
0,0,2.5946689e-05
0,0,9.229673e-06
0,0,1.5023746e-05
0,0,2.2037098e-05
0,0,1.1531653e-05
0,0,2.5088431e-05
0,0,0.00017554544
0,0,2.31288e-05
0,0,4.566072e-05
0,0,7.982625e-05
0,0,7.871251e-05
0,0,2.637796e-05
0,0,0.00022051194
0,0,0.0008620121
0,0,0.00025884045
0,0,0.00012585633
0,0,4.627645e-06
0,0,0.00010591708
0,0,0.0013638228
0,0,4.763458e-06
0,0,0.00031417576
0,0,0.0001368701
0,0,0.0017692188
0,0,2.358932e-06
0,0,5.056245e-06
0,0,0.0001802812
0,0,0.00041418718
0,0,1.1012552e-05
0,0,2.4940982e-05
0,0,2.1872702e-06
0,0,1.2550541e-05
0,0,1.9317058e-05
0,0,2.3238237e-05
0,0,1.2325813e-05
0,0,0.00032225333
0,0,3.737542e-05
0,0,0.00013272022
0,0,0.00050762156
0,0,0.00019607588
0,0,2.254697e-05
0,0,5.2375185e-06
0,0,4.0205305e-05
0,0,1.1395438e-05
0,0,1.6706503e-05
0,0,9.018605e-06
0,0,2.7274396e-05
0,0,1.2167632e-05
0,0,1.7424883e-05
0,0,3.2719487e-05
0,0,6.3686175e-06
0,0,8.531639e-05
0,0,8.8782945e-06
0,0,0.00013552363
0,0,1.3398237e-05
0,0,1.9377263e-05
0,0,6.361233e-05
0,0,8.368655e-05
0,0,2.6882048e-05
0,0,1.1181748e-05
0,0,0.00015495755
0,0,1.0204525e-05
0,0,2.5269434e-05
0,0,1.847648e-05
0,0,1.198338e-05
0,0,7.899968e-06
0,0,4.9675646e-06
0,0,1.7244824e-05
0,0,7.853669e-05
0,0,8.3035746e-05
0,0,3.4124891e-06
0,0,0.00020500866
0,0,8.141693e-05
0,0,2.1283424e-05
0,0,7.1832386e-05
0,0,1.7043074e-05
0,0,3.269868e-05
0,0,6.389441e-06
0,0,1.0469924e-05
0,0,2.3645407e-05
0,0,5.9155263e-05
0,0,2.9420955e-05
0,0,2.0715039e-05
0,0,3.3851375e-05
0,0,9.354094e-06
0,0,1.3512155e-05
0,0,1.5328053e-05
0,0,5.4908082e-06
0,0,0.0006398564
0,0,1.3420743e-05
0,0,3.6583082e-05
0,0,2.1782422e-05
0,0,2.3449635e-05
0,0,1.527377e-05
0,0,9.742149e-05
0,0,1.47987985e-05
0,0,2.5046644e-05
0,0,5.3027597e-06
0,0,0.00011829141
0,0,0.00046658868
0,0,3.876296e-05
0,0,1.8913186e-05
0,0,6.9656555e-05
0,0,4.8775804e-05
0,0,7.894697e-06
0,0,0.00033530217
0,0,4.039618e-06
0,0,8.3721505e-07
0,0,0.000110458655
0,0,9.344544e-06
0,0,0.0005782339
0,0,1.0295226e-05
0,0,0.0003921053
0,0,1.5133347e-05
0,0,7.422778e-05
0,0,0.00018027415
0,0,2.1717375e-05
0,0,1.3285201e-05
0,0,1.4280696e-05
0,0,6.364212e-05
0,0,3.498296e-05
0,0,5.584646e-05
0,0,2.7299351e-05
0,0,2.9185992e-05
0,0,1.04966275e-05
0,0,6.995177e-05
0,0,4.6006364e-05
0,0,1.3268892e-05
0,0,0.00021840069
0,0,3.574215e-06
0,0,6.710984e-05
0,0,5.413133e-05
0,0,0.00022879185
0,0,0.00014070225
0,0,2.7253027e-05
0,0,1.6387861e-05
0,0,0.00012360726
0,0,2.912002e-05
0,0,0.001103324
0,0,2.1600714e-05
0,0,3.2067263e-05
0,0,0.00019445572
0,0,2.4348235e-05
0,0,0.00016901996
0,0,8.817163e-06
0,0,1.3773544e-05
0,0,1.6299704e-05
0,0,5.7123063e-05
0,0,1.1722412e-05
0,0,2.7875069e-05
0,0,0.0009548058
0,0,1.149074e-05
0,0,3.0249803e-05
0,0,3.733747e-06
0,0,4.5491564e-05
0,0,1.5128282e-05
0,0,3.98061e-05
0,0,0.00014331617
0,0,1.0652278e-05
0,0,6.674121e-05
0,0,5.9008903e-06
0,0,0.00041225838
0,0,4.2197364e-05
0,0,6.679938e-06
0,0,4.7969752e-05
0,0,1.4152183e-05
0,0,6.5125905e-06
0,0,3.0683845e-05
0,0,0.00010589567
0,0,4.497047e-05
0,0,2.2479277e-05
0,0,0.0005346256
0,0,3.9367093e-05
0,0,0.00016824895
0,0,0.00012558863
0,0,0.00015052708
0,0,0.00020108487
0,0,1.2983012e-05
0,0,2.5315068e-05
0,0,3.0853694e-06
0,0,0.00012793888
0,0,8.460113e-06
0,0,0.00064701797
0,0,0.00028020324
0,0,1.422916e-05
0,0,7.527749e-05
0,0,0.0030524821
0,0,3.7052703e-06
0,0,7.090112e-05
0,0,0.00012550938
0,0,2.0319809e-05
0,0,1.0934138e-05
0,0,6.265972e-06
0,0,1.0636899e-05
0,0,0.00019484675
0,0,0.000108549284
0,0,7.971159e-06
0,0,1.5000581e-05
0,0,6.0996867e-05
0,0,0.00014307107
0,0,1.4969871e-05
0,0,3.6657155e-05
0,0,5.5981163e-06
0,0,1.2029995e-05
0,0,9.911511e-05
0,0,3.315448e-05
0,0,0.006230341
0,0,0.00027499266
0,0,2.3024924e-05
0,0,7.871639e-06
0,0,2.7290007e-05
0,0,0.0017528122
0,0,0.005755718
0,0,1.1772601e-05
0,0,2.5838192e-05
0,0,0.00040875346
0,0,1.9058649e-05
0,0,1.4872114e-05
0,0,2.2749131e-05
0,0,3.5885257e-06
0,0,4.2035266e-05
0,0,2.9749019e-05
0,0,0.00012242906
0,0,3.440113e-05
0,0,8.660209e-06
0,0,2.137139e-05
0,0,5.207665e-06
0,0,2.1205362e-05
0,0,0.004099059
0,0,9.84605e-05
0,0,1.5131732e-05
0,0,2.3040804e-05
0,0,4.801822e-05
0,0,0.00019068914
0,0,1.5311542e-05
0,0,3.1210213e-05
0,0,4.936264e-06
0,0,3.191874e-05
0,0,2.9042309e-05
0,0,3.0185514e-05
0,0,9.906361e-06
0,0,2.824932e-05
0,0,4.3244825e-05
0,0,6.874264e-06
0,0,0.00016791992
0,0,2.734224e-05
0,0,1.10147685e-05
0,0,1.210429e-05
0,0,1.1804092e-05
0,0,0.00017752647
0,0,0.00021404463
0,0,2.0935466e-05
0,0,0.0002770572
0,0,0.0003864902
0,0,0.00014356468
0,0,8.27657e-05
0,0,0.00026407087
0,0,0.00060287793
0,0,1.1040628e-05
0,0,0.00089044386
0,0,2.3621338e-05
0,0,4.8985476e-05
0,0,0.0013409805
0,0,0.000273947
0,0,2.9668074e-05
0,0,0.0005436829
0,0,0.00013882609
0,0,2.668316e-05
0,0,9.994878e-06
0,0,5.4905618e-06
0,0,5.6646237e-05
0,0,6.0602317e-05
0,0,8.648167e-05
0,0,0.00022416553
0,0,4.2426393e-05
0,0,0.00039367145
0,0,0.00047330337
0,0,2.3316155e-05
0,0,4.2540112e-05
0,0,2.8282717e-05
0,0,1.0744622e-05
0,0,0.00017448593
0,0,3.191694e-05
0,0,5.7639e-06
0,0,5.3114927e-05
0,0,0.00013170636
0,0,6.241833e-05
0,0,2.759905e-05
0,0,0.0003054654
0,0,1.6627968e-05
0,0,1.7768112e-05
0,0,1.8703455e-05
0,0,2.2893008e-05
0,0,3.4836947e-05
0,0,3.2246473e-05
0,0,0.00010712756
0,0,0.00010115848
0,0,8.78681e-06
0,0,2.243638e-05
0,0,3.225899e-05
0,0,1.0326486e-05
0,0,3.731623e-05
0,0,7.8991776e-05
0,0,1.204285e-05
0,0,1.764656e-05
0,0,0.00017359975
0,0,3.8092585e-06
0,0,1.3500009e-05
0,0,6.5255717e-06
0,0,4.0817125e-05
0,0,6.522796e-05
0,0,4.017297e-06
0,0,1.4384795e-05
0,0,0.000557875
0,0,4.305053e-05
0,0,1.9840443e-05
0,0,5.2817726e-05
0,0,5.734222e-06
0,0,6.125955e-06
0,0,2.2563103e-05
0,0,2.6383696e-05
0,0,8.818948e-05
0,0,2.4646517e-05
0,0,2.96474e-05
0,0,0.0001531547
0,0,1.9642126e-05
0,0,5.794483e-06
0,0,4.8020967e-05
0,0,0.000112674184
0,0,2.3445007e-05
0,0,0.00023622678
0,0,2.7361255e-05
0,0,1.2597332e-05
0,0,3.2499192e-05
0,0,3.0513227e-05
0,0,1.5496282e-05
0,0,4.2962315e-06
0,0,0.00042938584
0,0,7.1923905e-06
0,0,3.922761e-05
0,0,0.0011960992
0,0,1.0597734e-05
0,0,1.8352184e-05
0,0,4.4112312e-05
0,0,2.8176837e-05
0,0,5.079979e-05
0,0,6.549619e-06
0,0,4.1109673e-05
0,0,7.777328e-06
0,0,2.6311282e-05
0,0,4.9256078e-06
0,0,1.3489366e-05
0,0,1.869659e-05
0,0,1.0910421e-05
0,0,0.00083116535
0,0,0.00015249269
0,0,1.3790565e-05
0,0,9.076562e-06
0,0,2.8899998e-05
0,0,2.751031e-05
0,0,1.6674447e-05
0,0,0.00023897857
0,0,6.7672416e-05
0,0,7.957855e-05
0,0,2.0640717e-05
0,0,3.6023234e-06
0,0,5.1341405e-05
0,0,0.00023657885
0,0,2.3475859e-05
0,0,6.287751e-05
0,0,1.7492195e-05
0,0,0.00012513151
0,0,7.43027e-05
0,0,4.455651e-06
0,0,1.1442983e-05
0,0,0.00022405377
0,0,6.460733e-06
0,0,3.1374733e-05
0,0,0.00046827516
0,0,1.5657115e-05
0,0,1.4785876e-05
0,0,0.00019789567
0,0,2.957604e-05
0,0,1.7178478e-05
0,0,8.136262e-06
0,0,8.156329e-06
0,0,0.00017015592
0,0,5.3968733e-06
0,0,2.4311876e-05
0,0,1.4542465e-05
0,0,3.976732e-05
0,0,3.1746658e-06
0,0,3.5121888e-05
0,0,3.1072002e-05
0,0,0.000320055
0,0,0.0005900709
0,0,1.5192577e-05
0,0,2.520974e-05
0,0,1.4661653e-05
0,0,4.743656e-05
0,0,0.0001414537
0,0,7.681657e-06
0,0,2.2656488e-05
0,0,2.1432335e-05
0,0,5.7953494e-05
0,0,1.067294e-05
0,0,1.5120681e-05
0,0,0.0019879416
0,0,9.791184e-05
0,0,5.02694e-06
0,0,0.00013327556
0,0,0.00032061234
0,0,0.00020803021
0,0,0.0025424615
0,0,0.00015863046
0,0,3.7939626e-06
0,0,5.8730777e-05
0,0,0.00013388466
0,0,6.3842513e-06
0,0,2.1628026e-05
0,0,3.5448924e-05
0,0,2.3678578e-05
0,0,5.544069e-05
0,0,1.1183967e-05
0,0,0.000551401
0,0,4.6745354e-05
0,0,1.829459e-05
0,0,6.2495936e-05
0,0,0.00015119697
0,0,3.752338e-05
0,0,1.4005728e-05
0,0,5.4800097e-05
0,0,3.0327794e-05
0,0,7.497917e-05
0,0,3.754038e-05
0,0,1.056785e-05
0,0,7.4774536e-05
0,0,3.7896484e-06
0,0,6.769797e-05
0,0,1.4189442e-05
0,0,1.7014361e-05
0,0,6.7080077e-06
0,0,4.752604e-06
0,0,2.0190677e-05
0,0,1.8062152e-05
0,0,9.6929536e-05
0,0,1.7824015e-05
0,0,4.9472204e-05
0,0,1.7008504e-05
0,0,9.483681e-06
0,0,8.35617e-06
0,0,2.2552325e-05
0,0,0.0008860353
0,0,7.0651477e-06
0,0,1.2961684e-05
0,0,2.8291945e-05
0,0,5.756216e-05
0,0,1.5545409e-05
0,0,8.296119e-05
0,0,2.2796865e-05
0,0,0.00033146565
0,0,6.7293886e-06
0,0,0.00046461986
0,0,0.00021969074
0,0,2.995053e-05
0,0,0.00010198671
0,0,1.4355249e-05
0,0,1.1263388e-05
0,0,2.898769e-05
0,0,0.00018395006
0,0,0.0058937524
0,0,3.1153744e-05
0,0,2.8026256e-05
0,0,2.116001e-05
0,0,0.00026014674
0,0,1.1473722e-05
0,0,9.1612375e-05
0,0,4.1394587e-06
0,0,5.7015735e-05
0,0,2.7841805e-05
0,0,0.00011040296
0,0,0.0011333742
0,0,1.2104348e-05
0,0,2.3830584e-05
0,0,0.00010145371
0,0,1.5648546e-05
0,0,9.8071156e-05
0,0,2.408099e-05
0,0,7.5789326e-06
0,0,0.00022139169
0,0,1.0327214e-05
0,0,4.562262e-06
0,0,6.4098684e-05
0,0,4.1248295e-05
0,0,0.000104497434
0,0,9.999055e-06
0,0,5.5910787e-06
0,0,2.0718024e-05
0,0,1.6575925e-05
0,0,2.236537e-05
0,0,2.8566254e-05
0,0,8.7578796e-05
0,0,3.604157e-05
0,0,3.5406592e-05
0,0,1.52405955e-05
0,0,8.566147e-05
0,0,0.00013470383
0,0,4.848443e-05
0,0,4.7214876e-06
0,0,0.00011731826
0,0,3.9354218e-05
0,0,0.00027228985
0,0,0.0007672573
0,0,2.3281782e-05
0,0,0.00043030042
0,0,2.0817963e-05
0,0,0.002720451
0,0,1.0482182e-05
0,0,0.0004488101
0,0,0.00017685202
0,0,3.411911e-05
0,0,0.00024165728
0,0,0.00020830134
0,0,0.0016420628
0,0,3.161697e-05
0,0,1.0701928e-05
0,0,1.2537818e-06
0,0,0.00471243
0,0,7.109123e-05
0,0,2.9085213e-06
0,0,2.2272377e-05
0,0,0.0007742839
0,0,2.4448496e-05
0,0,0.0002208886
0,0,1.8805133e-05
0,0,0.00012700233
0,0,0.00013642735
0,0,6.685103e-05
0,0,0.0002480361
0,0,2.7600629e-05
0,0,6.0239094e-05
0,0,7.8568e-05
0,0,7.4434947e-06
0,0,0.0009048488
0,0,1.6436756e-05
0,0,0.00013120096
0,0,0.000101505764
0,0,5.4842654e-05
0,0,0.00033975363
0,0,8.292858e-06
0,0,1.0385376e-05
0,0,0.00013170874
0,0,3.5053727e-05
0,0,0.00012709101
0,0,0.00010370735
0,0,2.6292219e-05
0,0,5.920132e-05
0,0,1.9687397e-05
0,0,2.5215102e-05
0,0,8.2215065e-06
0,0,3.171673e-06
0,0,3.897996e-05
0,0,9.440198e-06
0,0,1.366305e-05
0,0,8.459153e-06
0,0,5.891679e-05
0,0,0.0015252874
0,0,2.0123061e-06
0,0,9.516567e-05
0,0,3.5194198e-06
0,0,2.9449026e-05
0,0,1.7832634e-05
0,0,0.00013383923
0,0,1.019683e-05
0,0,0.00018131676
0,0,0.00012668147
0,0,2.0796928e-05
0,0,3.2126513e-06
0,0,4.823673e-06
0,0,1.4174564e-05
0,0,6.8415757e-06
0,0,1.34329075e-05
0,0,5.9642003e-05
0,0,2.1440874e-06
0,0,1.8453624e-05
0,0,7.5994653e-06
0,0,3.152959e-05
0,0,7.5363655e-06
0,0,7.113178e-05
0,0,1.8066072e-06
0,0,1.1785396e-05
0,0,2.8008433e-05
0,0,0.00024478228
0,0,2.4021883e-05
0,0,0.00023712919
0,0,0.00015003742
0,0,1.315439e-05
0,0,2.4853822e-05
0,0,2.6919299e-05
0,0,2.7422326e-05
0,0,9.543444e-06
0,0,1.4672422e-05
0,0,5.366034e-06
0,0,0.00011437066
0,0,5.6210047e-05
0,0,3.992483e-06
0,0,0.0007156889
0,0,0.0023533683
0,0,0.00011185203
0,0,1.564956e-05
0,0,0.00012897809
0,0,9.083437e-06
0,0,0.00012535126
0,0,4.5372595e-05
0,0,3.234549e-05
0,0,3.4918434e-05
0,0,0.0011375812
0,0,7.5924677e-06
0,0,0.00018458838
0,0,1.9649115e-05
0,0,9.480029e-06
0,0,6.104511e-06
0,0,0.0005574586
0,0,1.9886606e-05
0,0,7.9989164e-05
0,0,2.9544382e-05
0,0,3.797147e-05
0,0,1.5310972e-05
0,0,5.3388798e-05
0,0,5.4733562e-05
0,0,1.1466394e-05
0,0,0.00013580266
0,0,0.0010537877
0,0,4.1738236e-05
0,0,9.8390956e-05
0,0,5.864363e-06
0,0,1.8775834e-05
0,0,3.5512637e-06
0,0,3.2956137e-05
0,0,0.00013395937
0,0,1.828646e-05
0,0,0.000101613754
0,0,3.781792e-05
0,0,3.7199476e-05
0,0,5.9086826e-05
0,0,0.00020313992
0,0,3.6020127e-05
0,0,2.9957499e-05
0,0,7.874779e-05
0,0,5.5601113e-06
0,0,1.8058294e-05
0,0,9.7219454e-05
0,0,1.1602328e-05
0,0,5.3218206e-05
0,0,3.3741086e-05
0,0,5.5858924e-05
0,0,1.3134558e-05
1,0,0.07069376
0,0,1.3767662e-05
0,0,0.0002769497
0,0,2.00412e-05
0,0,5.514078e-05
0,0,5.7371402e-05
0,0,2.450052e-05
0,0,2.588626e-05
0,0,7.787281e-06
0,0,0.0005348198
0,0,2.1980513e-05
0,0,1.1548161e-05
0,0,1.8246274e-05
0,0,0.00021422838
0,0,6.38768e-06
0,0,0.00011125358
0,0,9.0591275e-06
0,0,4.833693e-05
0,0,1.2100735e-05
0,0,7.3487545e-06
0,0,1.0125162e-05
0,0,1.664534e-05
0,0,3.460553e-05
0,0,0.0013236646
0,0,3.4473975e-05
0,0,4.8646175e-06
0,0,3.187886e-05
0,0,0.0041316384
0,0,0.000103227845
0,0,1.5897154e-05
0,0,1.3275285e-05
0,0,1.8491288e-05
0,0,6.315068e-05
0,0,1.0056548e-05
0,0,5.866098e-05
0,0,7.536559e-06
0,0,5.045224e-06
0,0,0.00033525296
0,0,0.00018382084
0,0,7.029093e-05
0,0,3.3518485e-05
0,0,2.4342362e-05
0,0,2.3843131e-05
0,0,0.00012758594
0,0,3.827763e-05
0,0,1.6179249e-05
0,0,0.00022925781
0,0,3.0156854e-05
0,0,2.309915e-05
0,0,7.6622404e-05
0,0,2.9169603e-05
0,0,2.1988857e-05
0,0,1.381568e-05
0,0,8.100386e-05
0,0,1.556848e-05
0,0,1.4092168e-06
0,0,8.335006e-05
0,0,0.00056646304
0,0,0.00022684797
0,0,9.036626e-05
0,0,2.3506796e-05
0,0,0.00022331734
0,0,1.0601323e-05
0,0,0.0002451104
0,0,0.00013824472
0,0,1.691317e-05
0,0,1.4178094e-05
0,0,0.00069087715
0,0,7.945897e-05
0,0,1.4540234e-05
0,0,1.4067008e-05
0,0,0.00011085224
0,0,4.9621274e-05
0,0,3.6835416e-05
0,0,4.3115488e-05
0,0,3.2594882e-05
0,0,5.1452564e-05
0,0,1.3110832e-05
0,0,5.56149e-05
0,0,3.12371e-05
0,0,2.0393481e-05
0,0,7.0238243e-06
0,0,0.0008169362
0,0,2.1872764e-05
0,0,3.461775e-06
0,0,0.0003159871
0,0,5.0633766e-06
0,0,2.7092803e-05
0,0,5.7816156e-05
0,0,0.0001689874
0,0,3.7018675e-05
0,0,2.1179594e-05
0,0,0.00013188155
0,0,0.00047914442
0,0,7.3682068e-06
0,0,7.917322e-05
0,0,0.00026125857
0,0,6.504485e-05
0,0,2.0202504e-05
0,0,6.1798096e-06
0,0,3.803837e-05
0,0,0.00017779887
0,0,1.47305e-06
0,0,2.992923e-05
0,0,0.00013286406
0,0,5.133181e-05
0,0,2.1023036e-05
0,0,3.691827e-05
0,0,3.7612193e-05
0,0,7.023885e-06
0,0,3.8412854e-05
0,0,8.801948e-06
0,0,6.422467e-06
0,0,0.00015557003
0,0,0.0012903706
0,0,0.0010997704
0,0,5.9941347e-05
0,0,0.00016770087
0,0,5.4595886e-05
0,0,6.650121e-06
0,0,0.00046126058
0,0,0.00018321663
0,0,7.192183e-05
0,0,1.2755357e-05
0,0,6.2036834e-06
0,0,1.833088e-05
0,0,9.344896e-05
0,0,0.014570086
0,0,0.00023007898
0,0,8.1332044e-05
0,0,2.0963096e-05
0,0,4.228439e-06
0,0,0.0001869718
0,0,8.2031656e-05
0,0,1.3578439e-06
0,0,2.927525e-05
0,0,4.3497163e-05
0,0,1.9468487e-05
0,0,3.9960287e-05
0,0,2.0248247e-06
0,0,1.3604462e-05
0,0,5.381003e-06
0,0,0.00013798199
0,0,0.00025493858
0,0,5.7188e-06
0,0,8.7914756e-05
0,0,4.730379e-05
0,0,1.1005738e-05
0,0,7.279607e-05
0,0,3.855415e-05
0,0,7.280899e-05
0,0,2.5441474e-05
0,0,0.0011839105
0,0,0.00012015836
0,0,0.00010996147
0,0,6.516014e-06
0,0,1.9610588e-05
0,0,1.0423518e-05
0,0,2.9912679e-05
0,0,5.151433e-05
0,0,0.00016200858
0,0,1.3918792e-05
0,0,0.00012222388
0,0,0.00017789859
0,0,4.0951283e-05
0,0,0.00014071916
0,0,0.00011764437
0,0,1.21979565e-05
0,0,4.1000994e-06
0,0,1.15653875e-05
0,0,3.8866307e-05
0,0,0.0005450124
0,0,0.00031986192
0,0,2.0840487e-05
0,0,2.3112481e-05
0,0,1.3892072e-05
0,0,0.0005623984
0,0,0.0012739756
0,0,0.00017764195
0,0,2.39031e-05
0,0,1.15662815e-05
0,0,2.0189387e-05
0,0,4.2485543e-05
0,0,5.2521536e-05
0,0,3.2220157e-06
0,0,0.00014304066
0,0,0.00010783155
0,0,2.2544584e-05
0,0,0.00039244207
0,0,0.00016572625
0,0,0.00052097987
0,0,1.2620383e-05
0,0,0.00012650715
0,0,1.8882693e-05
0,0,3.2388303e-05
0,0,1.9595129e-05
0,0,2.4310926e-05
0,0,2.3948824e-05
0,0,0.00011899749
0,0,2.532497e-05
0,0,6.705713e-05
0,0,1.0362187e-05
0,0,0.00017138694
0,0,1.912775e-05
0,0,0.000116417716
0,0,9.7934244e-05
0,0,1.0089921e-05
0,0,0.000853939
0,0,4.334842e-05
0,0,3.8891925e-05
0,0,2.963992e-06
0,0,1.7584638e-05
0,0,9.225713e-06
0,0,8.613985e-05
0,0,3.775659e-05
0,0,0.0012389785
0,0,1.5848094e-05
0,0,9.561511e-05
0,0,5.922522e-06
0,0,5.2869684e-05
0,0,1.6103466e-05
0,0,0.0006940415
0,0,5.79958e-06
0,0,1.15926405e-05
0,0,7.247468e-05
0,0,7.917541e-05
0,0,1.3556427e-05
0,0,7.512496e-05
0,0,3.6926896e-05
0,0,0.00012668532
0,0,0.00033363514
0,0,0.00018073128
0,0,7.385076e-06
0,0,0.0036476764
0,0,7.1428614e-05
0,0,7.429871e-06
0,0,4.8774364e-05
0,0,7.244573e-05
0,0,5.6076737e-05
0,0,2.2978595e-05
0,0,1.2918061e-05
0,0,1.8689583e-05
0,0,2.2506303e-05
0,0,1.2030867e-05
0,0,2.2731998e-05
0,0,1.24964035e-05
0,0,8.309857e-05
0,0,4.903215e-06
0,0,1.5493815e-05
0,0,2.1149743e-05
0,0,4.1368916e-05
0,0,1.4594191e-05
0,0,9.2160364e-05
0,0,9.039505e-05
0,0,1.10280325e-05
0,0,0.00016701788
0,0,8.908628e-05
0,0,3.5915444e-05
0,0,2.0929356e-05
0,0,1.00588595e-05
0,0,3.0471651e-06
0,0,2.6482357e-05
0,0,3.979046e-05
0,0,4.263023e-05
0,0,7.9905e-05
0,0,1.0805599e-05
0,0,8.4049e-05
0,0,2.135057e-05
0,0,5.384354e-05
0,0,0.0003505888
0,0,6.1776365e-05
0,0,6.136784e-06
0,0,9.629857e-06
0,0,5.52637e-05
0,0,5.8167436e-05
0,0,3.581523e-05
0,0,0.00015821702
0,0,8.534992e-06
0,0,1.7713295e-05
0,0,2.4245173e-05
0,0,2.1489825e-05
0,0,1.2472401e-05
0,0,9.799871e-05
0,0,6.511945e-06
0,0,0.00011579053
0,0,4.291383e-06
0,0,1.6709006e-05
0,0,8.704174e-06
0,0,0.021550918
0,0,4.8615686e-05
0,0,4.228802e-06
0,0,4.3553096e-06
0,0,1.0149882e-05
0,0,0.00013467956
0,0,5.768002e-06
0,0,0.0005695006
0,0,3.19385e-05
0,0,8.496781e-06
0,0,3.011708e-05
0,0,5.8079248e-05
0,0,0.00016761679
0,0,3.481828e-05
0,0,0.00010271822
0,0,7.040759e-05
0,0,0.00021521992
0,0,2.6384812e-06
0,0,8.713305e-05
0,0,2.3158198e-05
0,0,3.1064297e-05
0,0,0.00011733471
0,0,3.4526944e-05
0,0,2.8222366e-05
0,0,0.00021444952
0,0,2.1651551e-05
0,0,2.0454212e-05
0,0,0.00058474776
0,0,0.0023097696
0,0,0.00010794019
0,0,0.00018705113
0,0,7.336131e-05
0,0,8.460468e-06
0,0,3.1622737e-06
0,0,0.0002502056
0,0,4.5123576e-05
0,0,3.350458e-05
0,0,8.053299e-06
0,0,0.00013551704
0,0,5.3641204e-05
0,0,4.5394623e-05
0,0,5.6197105e-06
0,0,1.4618139e-06
0,0,3.5082354e-05
0,0,0.0022858093
0,0,3.5583693e-05
0,0,1.3368779e-05
0,0,3.1833988e-05
0,0,0.00017784498
0,0,3.1645868e-05
0,0,0.00017535138
0,0,1.0939802e-05
0,0,4.0454448e-05
0,0,5.199667e-05
0,0,2.2047945e-05
0,0,2.7563174e-05
0,0,1.889723e-05
0,0,4.2730385e-06
0,0,3.597485e-05
0,0,2.7003347e-05
0,0,0.0002980812
0,0,5.110386e-05
0,0,0.0002493742
0,0,0.00013790926
0,0,0.001039767
0,0,0.00025776128
0,0,6.901507e-05
0,0,5.676683e-05
0,0,1.9948875e-06
0,0,0.00038932505
0,0,7.4279604e-05
0,0,5.4094567e-06
0,0,2.5202793e-05
0,0,1.19338965e-05
0,0,6.051902e-06
0,0,0.00033484728
0,0,0.00025220454
0,0,4.7931342e-05
0,0,4.5584628e-05
0,0,0.0002550745
0,0,2.0817208e-05
0,0,0.00019866362
0,0,2.7211992e-05
0,0,2.329705e-06
0,0,1.3317294e-05
0,0,3.343076e-05
0,0,2.3837742e-06
0,0,5.2543533e-06
0,0,5.6233315e-05
0,0,0.0003545979
0,0,8.153895e-06
0,0,3.0481582e-05
0,0,1.2500265e-05
0,0,4.8630383e-05
0,0,3.5286157e-05
0,0,9.694876e-06
0,0,3.409737e-06
0,0,2.9772576e-05
0,0,3.8796798e-06
0,0,1.6938593e-05
0,0,0.0022470462
0,0,9.640002e-06
0,0,8.113118e-05
0,0,1.6026741e-05
0,0,0.00020836966
0,0,3.8107046e-06
0,0,5.8007695e-06
0,0,4.0475054e-05
0,0,0.00063062616
0,0,4.5922066e-06
0,0,3.5026525e-05
0,0,5.487446e-05
0,0,0.00047607502
0,0,4.6957986e-05
0,0,4.3322674e-05
0,0,9.281087e-05
0,0,4.5332934e-05
0,0,2.8635315e-05
0,0,3.393692e-06
0,0,1.8779558e-05
0,0,1.8901628e-05
0,0,3.2691383e-05
0,0,7.5008443e-06
0,0,1.3007289e-05
0,0,0.00011155486
0,0,0.00021046483
0,0,0.00010562882
0,0,8.9240575e-06
0,0,1.0767097e-05
0,0,5.948444e-05
0,0,0.00010918347
0,0,0.0010700612
0,0,9.726084e-06
0,0,1.946546e-05
0,0,3.3729318e-06
0,0,9.212803e-05
0,0,9.024768e-05
0,0,2.2782675e-05
0,0,5.2547193e-06
0,0,0.00018376039
0,0,2.2841541e-05
0,0,1.5651562e-05
0,0,1.0564264e-05
0,0,5.585093e-05
0,0,1.4491796e-05
0,0,1.9780384e-05
0,0,0.00047416473
0,0,1.6297374e-05
0,0,3.1534913e-05
0,0,1.9636995e-05
0,0,2.674068e-05
0,0,5.4633597e-06
0,0,1.4925409e-05
0,0,0.00024112817
0,0,8.980385e-05
0,0,3.8411024e-05
0,0,7.955275e-05
0,0,9.105831e-06
0,0,1.3553453e-05
0,0,0.00028632235
0,0,3.1975345e-05
0,0,2.0674306e-05
0,0,6.0768803e-06
0,0,4.77655e-06
0,0,1.6070297e-05
0,0,0.00015269392
0,0,4.546151e-05
0,0,4.960836e-05
0,0,2.9189443e-05
0,0,1.4728379e-06
0,0,0.00026884684
0,0,8.362644e-06
0,0,8.340796e-06
0,0,0.00033107057
0,0,9.394286e-05
0,0,3.307613e-05
0,0,9.275469e-05
0,0,0.00015571546
0,0,3.594107e-05
0,0,0.00013358092
0,0,1.9708776e-05
0,0,3.6676807e-05
0,0,5.8364963e-05
0,0,0.0006573692
0,0,3.8775826e-05
0,0,4.3495547e-05
0,0,1.0991818e-05
0,0,0.00011212039
0,0,3.507359e-05
0,0,1.7774042e-05
0,0,7.355759e-06
0,0,7.785387e-06
0,0,0.00013979289
0,0,0.0014212852
0,0,4.231269e-05
0,0,8.704153e-05
0,0,0.0004448069
0,0,2.8359096e-05
0,0,0.00024503586
0,0,6.502073e-05
0,0,5.2655887e-05
0,0,0.00026206285
0,0,0.000116817486
0,0,3.521801e-05
0,0,0.0007363489
0,0,0.00045370267
0,0,0.00023042675
0,0,0.00018869883
0,0,0.0003953228
0,0,6.869032e-05
0,0,3.2940898e-05
0,0,1.23691125e-05
0,0,0.0010165869
0,0,2.7520333e-05
0,0,2.4749818e-06
0,0,0.00010045302
0,0,6.870709e-05
0,0,3.4832694e-05
0,0,1.9836167e-05
0,0,2.6143478e-05
0,0,1.1083787e-06
0,0,6.988143e-05
0,0,1.607787e-05
0,0,4.9947954e-05
0,0,1.4500117e-05
0,0,0.000111919355
0,0,1.1562145e-05
0,0,2.609593e-06
0,0,1.299566e-05
0,0,3.8842405e-05
0,0,2.2422902e-05
0,0,0.0003456639
0,0,6.783792e-06
0,0,5.9582424e-05
0,0,1.2943032e-05
0,0,0.00015672078
0,0,1.7822536e-05
0,0,0.00012320986
0,0,3.5125806e-05
0,0,0.00015247233
0,0,1.248685e-05
0,0,0.00017127325
0,0,9.183885e-06
0,0,0.00011261145
0,0,9.250013e-05
0,0,1.9599614e-05
0,0,9.876834e-06
0,0,1.5522995e-05
0,0,0.0012828613
0,0,3.5689084e-06
0,0,0.000107883796
0,0,5.722409e-05
0,0,4.675414e-05
0,0,1.2345283e-05
0,0,5.7793888e-05
0,0,0.00021017766
0,0,3.190386e-05
0,0,3.5081986e-05
0,0,0.00012042976
0,0,1.09405955e-05
0,0,7.1516064e-05
0,0,0.00014169049
0,0,1.2900014e-05
0,0,6.0259492e-05
0,0,1.7660146e-05
0,0,3.219289e-05
0,0,1.21178955e-05
0,0,2.0621042e-05
0,0,6.498124e-05
0,0,7.4975974e-06
0,0,0.00023115774
0,0,1.6920672e-05
0,0,1.2411497e-05
0,0,1.1240671e-05
0,0,8.94698e-05
0,0,3.275742e-05
0,0,4.53191e-05
0,0,2.1757778e-05
0,0,0.0005799939
0,0,2.8913666e-06
0,0,1.3926136e-05
0,0,1.1914053e-05
0,0,0.00012906286
0,0,0.00012641381
0,0,3.0222758e-05
0,0,5.932311e-05
0,0,3.392695e-06
0,0,3.0210567e-05
0,0,1.4395499e-05
0,0,1.6057353e-05
0,0,6.0827777e-05
0,0,6.370397e-06
0,0,2.1418828e-05
0,0,1.3938173e-05
0,0,0.0001234772
0,0,3.9419087e-05
0,0,7.710147e-05
0,0,9.925141e-06
0,0,4.5930177e-05
0,0,2.144405e-05
0,0,6.9682214e-06
0,0,4.1741463e-05
0,0,1.8440587e-05
0,0,3.145925e-05
0,0,3.5837194e-05
0,0,6.288764e-05
0,0,2.4007111e-05
0,0,2.9350815e-06
0,0,5.1952713e-05
0,0,1.2122011e-05
0,0,6.405371e-05
0,0,7.984884e-06
0,0,8.869003e-06
0,0,1.9833727e-05
0,0,0.00228582
0,0,0.00013203769
0,0,0.00041878448
0,0,8.004212e-05
0,0,1.9398358e-05
0,0,4.628161e-05
0,0,4.696654e-05
0,0,4.2231706e-05
0,0,4.9259605e-05
0,0,0.00013993558
0,0,6.891806e-05
0,0,4.3449072e-05
0,0,1.6503243e-05
0,0,4.215469e-05
0,0,9.409904e-05
0,0,0.00013052314
0,0,6.399235e-05
0,0,4.187814e-06
0,0,6.608951e-05
0,0,1.0109107e-05
0,0,1.0143351e-05
0,0,5.4426062e-05
0,0,0.00027674882
0,0,0.0005275659
0,0,2.0516884e-05
0,0,5.460375e-05
0,0,5.0552168e-05
0,0,7.0952185e-05
0,0,5.6800942e-05
0,0,0.0003890071
0,0,6.488475e-06
0,0,3.087993e-05
0,0,1.440275e-05
0,0,9.2256916e-05
0,0,8.68266e-06
0,0,2.3488803e-05
0,0,5.70543e-05
0,0,0.00012675153
0,0,7.486344e-06
0,0,0.00012689254
0,0,3.7203786e-06
0,0,4.897299e-06
0,0,1.2334256e-05
0,0,8.748681e-05
0,0,4.349119e-05
0,0,2.1471325e-05
0,0,7.6204946e-05
0,0,0.0001293149
0,0,3.052388e-05
0,0,1.5880683e-05
0,0,1.40477305e-05
0,0,5.640446e-06
0,0,1.8402658e-05
0,0,7.889097e-06
0,0,6.5653153e-06
0,0,6.0583866e-06
0,0,2.8073466e-05
0,0,0.0001297962
0,0,6.703326e-06
0,0,9.241881e-06
0,0,0.00020166974
0,0,0.00025982797
0,0,0.001237701
0,0,9.515217e-06
0,0,2.0276815e-05
0,0,0.00011465282
0,0,0.00012154688
0,0,4.6237757e-05
0,0,0.00063941686
0,0,9.483049e-05
0,0,5.1316976e-05
0,0,5.5642595e-06
0,0,3.7530067e-06
0,0,4.1250736e-05
0,0,9.101912e-05
0,0,1.7534736e-05
0,0,0.002456086
0,0,4.4149852e-05
0,0,1.4391038e-05
0,0,3.7858405e-05
0,0,3.7481032e-06
0,0,0.00023820285
0,0,7.254362e-05
0,0,4.797611e-05
0,0,0.00028703356
0,0,1.402325e-05
0,0,0.0007958558
0,0,2.0753874e-05
0,0,4.835445e-05
0,0,0.0004472263
0,0,7.36763e-05
0,0,1.2182459e-05
0,0,5.106966e-05
0,0,2.2186374e-05
0,0,4.6393412e-05
0,0,9.604466e-07
0,0,1.3238558e-05
0,0,0.000111887246
0,0,8.5442596e-05
0,0,6.306035e-06
0,0,1.782461e-05
0,0,0.0004350705
0,0,6.455157e-05
0,0,3.3424607e-05
0,0,4.8539678e-06
0,0,0.00064893335
0,0,0.0005382983
0,0,0.0018774316
0,0,8.757362e-05
0,0,1.0172257e-05
0,0,2.690921e-05
0,0,1.3280844e-05
0,0,5.165024e-05
0,0,1.7107084e-05
0,0,1.9657044e-05
0,0,0.00022224656
0,0,3.509191e-06
0,0,1.5568183e-05
0,0,9.992727e-05
0,0,0.00022250183
0,0,4.315692e-06
0,0,8.952332e-06
0,0,5.1046973e-05
0,0,0.00010601014
0,0,0.00018746394
0,0,8.5515785e-05
0,0,0.00015691007
0,0,3.8908172e-05
0,0,1.3195891e-05
0,0,2.7189712e-06
0,0,1.8635745e-05
0,0,5.0375797e-06
0,0,0.00010881387
0,0,7.0129418e-06
0,0,0.00014472335
0,0,5.9678758e-05
0,0,7.0701685e-06
0,0,8.835253e-05
0,0,2.71942e-06
0,0,6.261116e-06
0,0,3.722705e-05
0,0,3.6758112e-05
0,0,2.8536875e-05
0,0,3.5805737e-05
0,0,0.00035322216
0,0,1.1215603e-05
0,0,0.00016812755
0,0,9.791768e-07
0,0,2.2183749e-05
0,0,5.369704e-05
0,0,1.9532683e-05
0,0,2.8783239e-05
0,0,3.742174e-06
0,0,0.0022166164
0,0,4.9983264e-05
0,0,6.962322e-05
0,0,4.1619995e-05
0,0,8.506488e-05
0,0,0.0006053503
0,0,1.1425178e-05
0,0,4.2165986e-05
0,0,0.00021532294
0,0,6.6078405e-06
0,0,1.7738685e-05
0,0,0.00020230874
0,0,2.0220506e-05
0,0,0.00015847429
0,0,0.00014369328
0,0,5.066177e-05
0,0,5.3586755e-05
0,0,2.196886e-05
0,0,2.8240162e-05
0,0,7.037362e-05
0,0,5.808924e-06
0,0,1.2200969e-05
0,0,0.00043547695
0,0,8.4922154e-05
0,0,0.00011712343
0,0,3.2525513e-05
0,0,0.00320575
0,0,3.511539e-05
0,0,7.0461588e-06
0,0,1.4403944e-05
0,0,2.777179e-06
0,0,5.0225175e-05
0,0,5.181113e-06
0,0,5.8214905e-06
0,0,3.392496e-05
0,0,2.5724505e-05
0,0,6.0567367e-05
0,0,7.084394e-05
0,0,1.3267273e-05
0,0,1.2926775e-05
0,0,9.984725e-05
0,0,0.00028340958
0,0,5.993895e-05
0,0,1.9796482e-05
0,0,0.0020769483
0,0,3.5166027e-05
0,0,0.00011612911
0,0,3.0994375e-05
0,0,1.34320235e-05
0,0,5.0843264e-05
0,0,2.8199525e-05
0,0,1.78759e-05
0,0,0.00029874124
0,0,9.233577e-05
0,0,2.0404084e-05
0,0,0.0027598303
0,0,2.950114e-05
0,0,1.4625957e-05
0,0,1.7963637e-05
0,0,2.4563498e-05
0,0,1.6977261e-05
0,0,2.2446695e-05
0,0,0.000254846
0,0,0.00016802242
0,0,1.9541254e-05
0,0,5.2587493e-05
0,0,6.985412e-05
0,0,0.0011900568
0,0,0.00010564292
0,0,8.00641e-05
0,0,7.800653e-06
0,0,0.00012216224
0,0,0.00012336916
0,0,1.9034109e-05
0,0,2.6223957e-05
0,0,5.9003487e-05
0,0,1.748921e-05
0,0,2.254953e-05
0,0,5.3546548e-05
0,0,4.668001e-05
0,0,0.00010344078
0,0,0.000108681765
0,0,0.0002656124
0,0,2.048818e-05
0,0,0.00063666404
0,0,4.4899767e-05
0,0,9.592379e-06
0,0,4.0340034e-05
0,0,1.1243973e-05
0,0,0.00012762427
0,0,8.729255e-06
0,0,2.3355944e-05
0,0,0.00018272585
0,0,6.406483e-05
0,0,0.00028748627
0,0,1.8861312e-05
0,0,2.1838956e-05
0,0,8.38085e-05
0,0,2.147786e-05
0,0,9.534088e-05
0,0,8.877871e-06
0,0,5.16147e-06
0,0,0.00038775863
0,0,2.8542157e-05
0,0,3.921912e-05
0,0,5.2168557e-06
0,0,4.2791726e-05
0,0,8.8634464e-05
0,0,4.737435e-05
0,0,4.6557347e-05
0,0,1.1772601e-05
0,0,0.00015197317
0,0,3.036875e-06
0,0,7.4963887e-06
0,0,0.00013196898
0,0,0.00010826388
0,0,0.00025154054
0,0,1.43276775e-05
0,0,1.9622617e-05
0,0,1.8305287e-05
0,0,8.3433086e-05
0,0,1.1405354e-05
0,0,6.342536e-06
0,0,3.9770126e-05
0,0,1.9006648e-05
0,0,5.7121392e-06
0,0,1.622294e-05
0,0,3.8105285e-05
0,0,3.6798727e-05
0,0,5.0521094e-06
0,0,3.9332834e-05
0,0,0.0021455768
0,0,2.3222663e-05
0,0,3.3479126e-05
0,0,1.1589479e-05
0,0,8.8285815e-06
0,0,6.65225e-05
0,0,3.5440746e-05
0,0,6.615256e-05
0,0,0.00014493684
0,0,0.0001332175
0,0,3.138009e-05
0,0,4.47333e-05
0,0,5.7994976e-06
0,0,1.94665e-05
0,0,1.9624995e-06
0,0,2.0960617e-05
0,0,8.989698e-05
0,0,6.131114e-05
0,0,3.835625e-06
0,0,3.873735e-05
0,0,0.0006578737
0,0,3.1829433e-05
0,0,0.00011893079
0,0,0.0006000009
0,0,0.0025346086
0,0,1.4645376e-06
0,0,0.0021038814
0,0,2.746216e-05
0,0,3.6987585e-05
0,0,1.21281855e-05
0,0,4.882434e-05
0,0,8.228236e-05
0,0,0.0008555264
0,0,4.7232075e-05
0,0,2.9449026e-05
0,0,7.9890815e-06
0,0,4.6022382e-05
0,0,2.3454735e-05
0,0,1.932551e-06
0,0,8.619515e-05
0,0,1.8302931e-05
0,0,2.132481e-05
0,0,5.7783805e-06
0,0,0.028173622
0,0,5.5743612e-06
0,0,1.1766765e-05
0,0,0.0004463949
0,0,8.932104e-06
0,0,7.1887e-05
0,0,0.00011408931
0,0,0.00023566552
0,0,0.0034922594
0,0,6.2650697e-06
0,0,8.658878e-05
0,0,3.6267193e-05
0,0,0.00018573845
0,0,7.726788e-05
0,0,3.34196e-05
0,0,8.536205e-06
0,0,0.00030839097
0,0,1.5847974e-05
0,0,1.2447578e-05
0,0,0.00029889026
0,0,0.00029464907
0,0,2.000181e-05
0,0,1.4460871e-05
0,0,1.6182194e-05
0,0,2.182178e-05
0,0,1.3859268e-05
0,0,1.05622585e-05
0,0,1.799776e-05
0,0,1.3316621e-05
0,0,8.559974e-05
0,0,5.998716e-06
0,0,2.4806746e-05
0,0,0.0001772653
0,0,0.00012099988
0,0,1.316836e-05
0,0,6.11325e-06
0,0,0.00020279507
0,0,1.44583755e-05
0,0,4.9526345e-05
0,0,0.00021564777
0,0,2.4284116e-05
0,0,7.0628565e-05
0,0,7.0472674e-06
0,0,5.2170362e-05
0,0,4.517636e-05
0,0,1.70891e-05
0,0,6.243893e-05
0,0,0.00012240268
0,0,0.00042447206
0,0,7.734388e-05
0,0,3.7469636e-05
0,0,0.0022961895
0,0,0.00014079432
0,0,8.905646e-05
0,0,1.16776355e-05
0,0,7.420198e-06
0,0,4.0982463e-06
0,0,3.414593e-05
0,0,2.1475805e-06
0,0,0.00076579937
0,0,6.6769826e-06
0,0,0.0032038128
0,0,0.0005536582
0,0,4.1521478e-05
0,0,1.6840697e-05
0,0,6.3887956e-06
0,0,0.0012853079
0,0,2.0033212e-05
0,0,1.7773229e-05
0,0,4.1399504e-05
0,0,0.00093394984
0,0,9.844439e-06
0,0,0.00078250095
0,0,9.1551774e-05
0,0,1.579988e-05
0,0,1.4498693e-05
0,0,8.772199e-06
0,0,3.2890235e-05
0,0,4.8070404e-05
0,0,5.4196134e-06
0,0,4.0132178e-05
0,0,4.5808967e-05
0,0,3.102445e-05
0,0,9.431523e-06
0,0,0.00016193738
0,0,1.0853251e-05
0,0,0.000115815594
0,0,1.2165475e-05
0,0,8.347982e-06
0,0,2.128385e-05
0,0,7.14755e-05
0,0,0.00010508059
0,0,1.0657451e-05
0,0,0.0027893863
0,0,0.00029900623
0,0,7.792704e-05
0,0,0.000107163825
0,0,2.300357e-05
0,0,5.1455263e-05
0,0,3.1651693e-05
0,0,1.3267184e-05
0,0,6.5589447e-06
0,0,1.8270197e-05
0,0,2.6011425e-05
0,0,7.994699e-05
0,0,8.199068e-05
0,0,1.998688e-05
0,0,0.00036016645
0,0,0.0016864946
0,0,0.000112894006
0,0,7.722747e-06
0,0,0.0013409972
0,0,1.3038835e-05
0,0,6.5072956e-05
0,0,4.545637e-06
0,0,2.0977795e-05
0,0,0.00022997853
0,0,8.949285e-05
0,0,4.347564e-05
0,0,1.1016134e-05
0,0,3.346556e-05
0,0,8.48839e-06
0,0,0.00012436735
0,0,1.2478305e-06
0,0,1.8444472e-06
0,0,6.694089e-06
0,0,2.3140557e-05
0,0,1.1393373e-05
0,0,6.248843e-05
0,0,1.3118836e-05
0,0,6.195595e-05
0,0,7.703394e-06
0,0,0.00021378214
0,0,1.5992092e-06
0,0,3.3850858e-05
0,0,0.00010483288
0,0,3.6811614e-06
0,0,5.2013787e-05
0,0,5.020114e-05
0,0,1.592998e-05
0,0,0.0061660926
0,0,0.0002146457
0,0,1.2732411e-05
0,0,4.742268e-06
0,0,0.00018056764
0,0,5.3472508e-05
0,0,6.372642e-05
0,0,0.0010511215
0,0,8.105834e-05
0,0,0.00036415845
0,0,0.00089628575
0,0,1.612572e-05
0,0,5.670628e-05
0,0,7.806346e-06
0,0,2.630506e-05
0,0,3.4634057e-05
0,0,0.0006278884
0,0,6.0722705e-05
0,0,4.8854363e-06
0,0,0.00044654368
0,0,4.419012e-05
0,0,2.6207557e-05
0,0,1.230837e-05
0,0,2.8805674e-05
0,0,0.00010667271
0,0,3.632949e-06
0,0,3.749569e-05
0,0,5.281356e-06
0,0,1.998338e-06
0,0,0.00016105671
0,0,1.20416e-05
0,0,2.8103199e-05
0,0,1.1267459e-05
0,0,0.00018724635
0,0,0.000104071325
0,0,0.00016679203
0,0,5.9498678e-05
0,0,0.00014723242
0,0,4.0558898e-05
0,0,8.2426095e-06
0,0,1.480549e-05
0,0,8.257917e-05
0,0,1.8915134e-05
0,0,5.623337e-05
0,0,8.78402e-06
0,0,2.7020917e-05
0,0,0.0003220396
0,0,7.2079506e-06
0,0,1.875772e-05
0,0,0.0004991814
0,0,2.394919e-05
0,0,9.875168e-06
0,0,7.962278e-06
0,0,3.0089232e-05
0,0,0.00090939214
0,0,5.048266e-06
0,0,0.00023190609
0,0,0.002464323
0,0,7.41804e-06
0,0,2.7287328e-05
0,0,4.1614076e-05
0,0,5.471133e-05
0,0,3.5145844e-05
0,0,1.550385e-05
0,0,3.901761e-06
0,0,2.4246814e-05
0,0,0.0013074154
0,0,5.489786e-05
0,0,8.8029934e-05
0,0,6.463386e-05
0,0,0.00013428985
0,0,5.2344283e-05
0,0,1.9019793e-05
0,0,0.0006233619
0,0,3.640094e-05
0,0,8.951555e-05
0,0,1.2364653e-05
0,0,0.00022886274
0,0,6.514486e-05
0,0,4.006373e-05
0,0,3.892469e-05
0,0,3.1981222e-06
0,0,3.4288627e-05
0,0,6.807851e-05
0,0,1.2669994e-05
0,0,5.789997e-05
0,0,2.8804494e-05
0,0,0.00010319921
0,0,1.04390565e-05
0,0,0.00013271793
0,0,0.0005908568
0,0,2.6822e-05
0,0,2.3887807e-05
0,0,5.2275736e-06
0,0,9.954023e-06
0,0,7.498303e-05
0,0,4.947377e-06
0,0,2.5825525e-06
0,0,4.1702306e-06
0,0,0.00010982775
0,0,0.0006794886
0,0,2.7524138e-05
0,0,0.0015359342
0,0,7.011392e-05
0,0,7.654227e-06
0,0,3.442332e-05
0,0,5.251563e-05
0,0,4.1443665e-05
0,0,6.8813904e-05
0,0,6.520825e-05
0,0,9.509112e-06
0,0,0.0001285155
0,0,1.2437421e-05
0,0,0.00014702816
0,0,1.7832073e-05
0,0,2.3041332e-05
0,0,0.00030374908
0,0,5.238178e-06
0,0,0.00014157259
0,0,4.7947924e-06
0,0,2.6978047e-05
0,0,0.00014036162
0,0,6.35354e-05
0,0,7.895646e-05
0,0,0.00014773067
0,0,3.1912714e-05
0,0,0.00028627898
0,0,3.3402204e-05
0,0,9.622713e-05
0,0,5.6229994e-05
0,0,4.799684e-05
0,0,8.873536e-05
0,0,5.6836972e-05
0,0,0.00012532054
0,0,5.0188977e-05
0,0,2.8058637e-06
0,0,2.4127792e-05
0,0,8.1576014e-05
0,0,0.00018502609
0,0,8.5535785e-06
0,0,3.2322798e-05
0,0,1.8336877e-05
0,0,9.852615e-05
0,0,3.9414535e-05
0,0,2.385184e-05
0,0,9.55428e-06
0,0,0.00020461342
0,0,3.163416e-05
0,0,2.5172792e-05
0,0,1.4336889e-05
0,0,0.00012292013
0,0,0.00021282383
0,0,1.7962437e-05
0,0,2.1802725e-05
0,0,1.821694e-05
0,0,6.9546375e-05
0,0,0.0011746706
0,0,9.434473e-06
0,0,2.6232086e-05
0,0,9.736782e-05
0,0,4.0773044e-05
0,0,2.3480114e-05
0,0,4.6561257e-05
0,0,0.0006336141
0,0,2.428854e-05
0,0,6.575623e-06
0,0,1.1446717e-05
0,0,3.9236063e-05
0,0,7.377044e-05
0,0,1.1930312e-05
0,0,0.000115628005
0,0,3.9356357e-05
0,0,9.95018e-06
0,0,1.3169049e-06
0,0,1.8304396e-05
0,0,0.00025152133
0,0,1.6843973e-05
0,0,2.074145e-05
0,0,1.6356275e-05
0,0,3.935981e-05
0,0,2.5873302e-05
0,0,1.607373e-05
0,0,0.0003031598
0,0,1.2442712e-05
0,0,4.7846537e-05
0,0,2.4549681e-05
0,0,6.643426e-05
0,0,1.48125655e-05
0,0,2.0591566e-05
0,0,6.8332492e-06
0,0,3.699877e-05
0,0,5.3503518e-05
0,0,6.706525e-05
0,0,2.8784174e-05
0,0,0.0003157724
0,0,9.450884e-05
0,0,3.0996416e-05
0,0,1.053712e-06
0,0,5.4528664e-05
0,0,0.00014616818
0,0,0.00024603127
0,0,6.9102375e-06
0,0,5.8872815e-06
0,0,0.00019314943
0,0,9.972571e-06
0,0,0.00017594661
0,0,1.574244e-05
0,0,0.00015172905
0,0,2.9329685e-05
0,0,3.2580803e-05
0,0,1.5365005e-05
0,0,1.695993e-05
0,0,0.00011947752
0,0,1.824088e-05
0,0,6.0875474e-05
0,0,3.2243304e-05
0,0,2.7468943e-05
0,0,4.7209964e-05
0,0,3.5490124e-05
0,0,3.161272e-05
0,0,2.3551158e-05
0,0,6.4874686e-05
0,0,0.00013846927
0,0,9.165852e-05
0,0,2.3351735e-05
0,0,9.909053e-05
0,0,2.658607e-06
0,0,1.3163977e-05
0,0,1.4524006e-05
0,0,3.593344e-06
0,0,2.4263793e-05
0,0,0.00022605083
0,0,1.9683079e-05
0,0,5.121196e-06
0,0,4.1031613e-05
0,0,7.9495385e-06
0,0,0.0002510958
0,0,0.0008573364
0,0,1.4289933e-05
0,0,4.1010967e-06
0,0,3.3142056e-05
0,0,3.7680908e-05
0,0,9.288613e-05
0,0,6.125698e-06
0,0,3.250899e-06
0,0,0.00026678955
0,0,0.00016781237
0,0,3.7919733e-06
0,0,0.00011192758
0,0,0.0007397351
0,0,0.0001437063
0,0,0.0005044686
0,0,1.295133e-05
0,0,1.9137931e-05
0,0,0.0015402649
0,0,5.599882e-05
0,0,1.3804723e-05
0,0,1.0611033e-05
0,0,1.3799313e-05
0,0,3.7650087e-05
0,0,3.2716127e-06
0,0,2.2700413e-05
0,0,0.0028235028
0,0,8.4246e-05
0,0,2.6941872e-05
0,0,1.5716714e-05
0,0,1.1542524e-05
0,0,5.5591838e-05
0,0,6.410284e-06
0,0,5.7553316e-06
0,0,0.0002425728
0,0,0.00020622909
0,0,4.7492967e-06
0,0,0.00010273322
0,0,3.1460336e-06
0,0,0.00019739024
0,0,4.4230466e-05
0,0,0.00039130586
0,0,5.090711e-05
0,0,2.3892435e-05
0,0,1.1890229e-05
0,0,4.0245177e-06
0,0,3.4762445e-05
0,0,3.2737527e-05
0,0,1.214681e-05
0,0,1.3185022e-05
0,0,9.163981e-06
1,1,0.92277837
0,0,4.4912616e-05
0,0,8.248151e-05
0,0,4.2178337e-05
0,0,0.00010931692
0,0,8.797568e-06
0,0,7.260729e-06
0,0,1.1855389e-05
0,0,4.4072453e-06
0,0,9.576338e-06
0,0,4.90077e-06
0,0,0.000107391235
0,0,2.0846133e-05
0,0,0.00020915073
0,0,4.4700635e-05
0,0,2.6226035e-05
0,0,0.0008500718
0,0,3.628525e-05
0,0,2.6534131e-05
0,0,1.39781205e-05
0,0,0.00060413475
0,0,1.1734861e-05
0,0,0.0004757527
0,0,8.18663e-05
0,0,6.229583e-05
0,0,0.00013902229
0,0,6.850318e-06
0,0,1.3451341e-05
0,0,2.1176525e-05
0,0,0.00020136096
0,0,0.00032465399
0,0,3.7624282e-05
0,0,2.7823038e-05
0,0,1.7576943e-06
0,0,8.65698e-06
0,0,0.00011374247
0,0,9.980743e-06
0,0,7.652797e-06
0,0,1.8305776e-05
0,0,1.6371896e-05
0,0,2.5155608e-05
0,0,0.00042543397
0,0,3.693367e-06
0,0,1.1706582e-05
0,0,4.194681e-06
0,0,9.223646e-06
0,0,3.3162007e-05
0,0,5.9750902e-05
0,0,0.0009401875
0,0,1.9099807e-05
0,0,0.00041607482
0,0,0.0038263588
0,0,0.00012647494
0,0,1.1605416e-05
0,0,0.006355203
0,0,0.0035780696
0,0,1.4308123e-05
0,0,0.00050072087
0,0,6.5061664e-05
0,0,2.25828e-05
0,0,3.4410088e-05
0,0,1.02970525e-05
0,0,7.542918e-05
0,0,6.7717796e-05
0,0,3.5687583e-05
0,0,9.906114e-06
0,0,0.00010146928
0,0,3.9888175e-05
0,0,0.007760881
0,0,1.6078498e-05
0,0,0.000115520335
0,0,9.868891e-05
0,0,2.3879837e-05
0,0,1.33950425e-05
0,0,5.8785355e-07
0,0,4.6725792e-05
0,0,4.924148e-05
0,0,3.1640677e-05
0,0,5.0245584e-05
0,0,0.0004615504
0,0,7.991192e-06
0,0,0.0014943947
0,0,2.2817921e-06
0,0,8.541254e-06
0,0,6.457511e-06
0,0,2.0246478e-05
0,0,0.00019016475
0,0,1.3499108e-05
0,0,6.9241374e-05
0,0,7.7972014e-05
0,0,0.00027070747
0,0,0.00014831232
0,0,9.035547e-06
0,0,0.002294295
0,0,2.193541e-05
0,0,5.486661e-05
0,0,1.9460782e-05
0,0,6.868744e-05
0,0,0.00077245093
0,0,9.9446836e-05
0,0,0.00026074643
0,0,1.2997309e-05
0,0,3.3514682e-06
0,0,1.13076e-05
0,0,1.4628608e-05
0,0,5.7447935e-05
0,0,2.1718266e-05
0,0,7.370997e-05
0,0,0.00010101255
0,0,0.000112997404
0,0,2.1891942e-06
0,0,2.5841196e-05
0,0,8.091438e-05
0,0,2.4020555e-05
0,0,2.3159433e-05
0,0,7.097174e-05
0,0,2.3676004e-05
0,0,0.0001351182
0,0,3.5211553e-06
0,0,0.00019501125
0,0,2.5596495e-05
0,0,9.00427e-06
0,0,1.41935025e-05
0,0,4.113693e-05
0,0,0.00014887993
0,0,0.00016315046
0,0,2.5425661e-05
0,0,1.2029169e-05
0,0,5.578754e-05
0,0,0.0008336258
0,0,2.6123544e-06
0,0,8.840241e-06
0,0,0.00010931974
0,0,3.2712498e-05
0,0,0.003149681
0,0,4.4838835e-05
0,0,0.0001356004
0,0,9.193235e-06
0,0,5.653188e-06
0,0,3.8283347e-06
0,0,9.198918e-06
0,0,2.5580195e-05
0,0,1.7846858e-05
0,0,3.741447e-05
0,0,1.6107768e-05
0,0,4.5676617e-05
0,0,9.139065e-06
0,0,0.0023305092
0,0,3.638324e-05
0,0,2.9980534e-05
0,0,5.5799508e-05
0,0,1.1431706e-05
0,0,2.3136674e-05
0,0,7.402208e-05
0,0,3.7913105e-05
0,0,5.5426313e-05
0,0,2.6939508e-05
0,0,2.3116869e-05
0,0,4.343586e-05
0,0,5.4016444e-05
0,0,0.00018845376
0,0,3.3937904e-05
0,0,1.7154625e-05
0,0,8.6951775e-05
0,0,0.0060880044
0,0,9.574541e-05
0,0,0.00054475816
0,0,8.28062e-05
0,0,0.0001892713
0,0,0.00014123644
0,0,6.1276594e-05
0,0,1.3309994e-05
0,0,7.6477045e-06
0,0,1.920012e-05
0,0,1.6252921e-05
0,0,2.1372816e-05
0,0,5.1182822e-05
0,0,0.0001563597
0,0,7.6279216e-06
0,0,0.00076707016
0,0,0.00014934986
0,0,1.634603e-05
0,0,5.6201792e-05
0,0,2.3491963e-05
0,0,0.0003175548
0,0,7.7028635e-05
0,0,1.6204433e-05
0,0,5.4385957e-05
0,0,1.9929095e-05
0,0,6.4833416e-06
0,1,0.7583258
0,0,2.5002542e-05
0,0,3.6620746e-05
0,0,3.7176174e-05
0,0,1.5672396e-05
0,0,1.3691588e-05
0,0,7.283628e-05
0,0,1.7366985e-05
0,0,1.829335e-05
0,0,2.5003641e-05
0,0,1.8159564e-05
0,0,0.00012193006
0,0,5.984945e-06
0,0,4.7834128e-05
0,0,1.7194654e-05
0,0,0.00036108814
0,0,3.093685e-05
0,0,0.0002337143
0,0,0.00010427774
0,0,1.4863846e-05
0,0,2.1569096e-05
0,0,0.001146362
0,0,2.6934424e-05
0,0,1.3245782e-05
0,0,7.119747e-05
0,0,7.192876e-05
0,0,1.605077e-05
0,0,3.6222707e-05
0,0,9.39718e-05
0,0,0.00014008631
0,0,7.295294e-06
0,0,0.00033658504
0,0,1.2840522e-05
0,0,2.3007606e-05
0,0,1.563703e-05
0,0,1.5265221e-05
0,0,0.00019709066
0,0,6.3127496e-05
0,0,3.4206652e-05
0,0,5.0875396e-06
0,0,1.7165983e-05
0,0,8.363143e-05
0,0,5.1605093e-05
0,0,8.1480626e-05
0,0,7.75329e-06
0,0,1.9936071e-05
0,0,0.00015059426
0,0,0.0002666713
0,0,5.837969e-06
0,0,3.150368e-05
0,0,1.1418283e-05
0,0,1.0564264e-05
0,0,1.4344807e-05
0,0,2.9053032e-05
0,0,2.6847181e-05
0,0,9.8649776e-05
0,0,0.010036774
0,0,1.2145975e-05
0,0,0.00016608312
0,0,0.00010623358
0,0,4.743751e-05
0,0,9.922028e-06
0,0,0.00011291899
0,0,2.349053e-05
0,0,7.945594e-05
0,0,0.00025835916
0,0,5.8147358e-05
0,0,0.00010337964
0,0,7.890376e-06
0,0,6.5630934e-06
0,0,6.551885e-05
0,0,3.2981006e-05
0,0,5.833261e-06
0,0,0.00014121085
0,0,2.3843768e-05
0,0,1.0470264e-05
0,0,2.3987523e-05
0,0,0.0014519417
0,0,0.00011876804
0,0,1.3071555e-05
0,0,5.4137504e-06
0,0,0.0068692076
0,0,6.819896e-06
0,0,4.7509217e-05
0,0,3.1091742e-05
0,0,2.4912504e-05
0,0,1.6744913e-05
0,0,9.3951545e-05
0,0,6.138614e-05
0,0,0.0001316707
0,0,5.3783197e-06
0,0,6.191879e-06
0,0,7.2257344e-06
0,0,0.00051819626
0,0,2.2103568e-05
0,0,1.1333522e-05
0,0,6.8912545e-05
0,0,0.00010833999
0,0,6.911465e-05
0,0,0.0002202394
0,0,2.8211925e-05
0,0,7.433261e-05
0,0,4.5472218e-05
0,0,2.4751238e-05
0,0,0.000106705884
0,0,3.025439e-05
0,0,0.00012355576
0,0,0.00014010875
0,0,0.00016725309
0,0,2.8060698e-05
0,0,1.7441624e-05
0,0,5.9020145e-05
0,0,6.3531666e-06
0,0,2.1581114e-05
0,0,3.5569577e-05
0,0,9.274195e-05
0,0,9.986037e-06
0,0,4.550597e-05
0,0,7.852351e-05
0,0,7.632098e-06
0,0,1.4888518e-05
0,0,1.998379e-05
0,0,2.625559e-06
0,0,5.4353863e-05
0,0,9.650271e-05
0,0,1.2274131e-05
0,0,0.0010254268
0,0,2.0969514e-05
0,0,4.483054e-05
0,0,0.000497072
0,0,6.328264e-05
0,0,0.00019774838
0,0,5.4763113e-05
0,0,3.1645326e-05
0,0,5.4931074e-06
0,0,6.38463e-05
0,0,3.788419e-05
0,0,5.773869e-06
0,0,7.0660426e-05
0,0,2.7428265e-05
0,0,2.221309e-05
0,0,2.3376802e-05
0,0,0.00029804994
0,0,6.746661e-05
0,0,0.00018194073
0,0,1.468288e-05
0,0,0.00056017045
0,0,0.00024765328
0,0,6.986158e-05
0,0,9.472936e-05
0,0,1.2933334e-05
0,0,4.4252456e-06
0,0,2.7560163e-06
0,0,9.6737655e-05
0,0,0.00079429126
0,0,1.4464114e-06
0,0,0.00021530633
0,0,1.3894404e-05
0,0,0.0019223244
0,0,1.4213129e-05
0,0,1.7557023e-06
0,0,2.9966128e-05
0,0,0.00014934516
0,0,0.00013136733
0,0,2.4092549e-06
0,0,0.0004141015
0,0,0.00024066353
0,0,2.0660056e-05
0,0,2.0922971e-05
0,0,0.0010779481
0,0,9.4338924e-05
0,0,2.8930166e-05
0,0,6.490332e-06
0,0,0.000121898214
0,0,0.00024281857
0,0,0.00013869087
0,0,1.5873036e-05
0,0,1.5715095e-05
0,0,1.4947445e-05
0,0,0.00010770834
0,0,3.466376e-05
0,0,8.833129e-06
0,0,4.565532e-05
0,0,6.4025255e-05
0,0,7.862486e-06
0,0,2.587397e-05
0,0,2.135837e-05
0,0,4.378595e-05
0,0,0.00042712686
0,0,3.3481138e-05
0,0,6.4622914e-06
0,0,3.48772e-05
0,0,1.011937e-05
0,0,3.0137219e-06
0,0,5.0319236e-06
0,0,9.958505e-06
0,0,2.133557e-05
0,0,2.557873e-05
0,0,3.4527275e-05
0,0,6.311408e-06
0,0,0.001668289
0,0,6.0774832e-06
0,0,9.351314e-05
0,0,0.0001306818
0,0,5.2411662e-05
0,0,6.251656e-05
0,0,2.4901388e-05
0,0,1.8276993e-05
0,0,0.00044560566
0,0,3.3421962e-05
0,0,2.202462e-05
0,0,9.166166e-06
0,0,4.6359666e-05
0,0,6.02198e-05
0,0,1.103223e-05
0,0,6.237438e-06
0,0,5.4918957e-05
0,0,2.1358981e-05
0,0,3.4541405e-05
0,0,8.076606e-05
0,0,2.0096972e-05
0,0,0.00036797015
0,0,8.0341044e-05
0,0,3.5227006e-06
0,0,9.736608e-06
0,0,6.0087114e-05
0,0,5.7855206e-05
0,0,0.00012003399
0,0,0.00020740497
0,0,0.00021300267
0,0,0.0001982494
0,0,0.0008607796
0,0,8.977577e-05
0,0,2.2422775e-05
0,0,7.3306066e-05
0,0,0.00011291651
0,0,0.000118929194
0,0,1.3499057e-05
0,0,7.805266e-05
0,0,0.00022399674
0,0,3.306757e-06
0,0,9.521986e-05
0,0,4.48143e-05
0,0,3.2986402e-06
0,0,3.2066396e-06
0,0,0.0001119642
0,0,0.00014457935
0,0,0.00022965731
0,0,0.00029070218
0,0,0.00039166788
0,0,3.5330904e-05
0,0,0.0012306859
0,0,3.4091237e-05
0,0,2.0859994e-05
0,0,1.4418678e-05
0,0,5.5322635e-06
0,0,6.9977627e-06
0,0,4.7888057e-06
0,0,5.8798696e-06
0,0,3.120542e-05
0,0,0.00043172017
0,0,2.7438597e-05
0,0,6.871162e-05
0,0,7.026298e-05
1,1,0.9503589
0,0,6.882244e-05
0,0,7.275319e-05
0,0,5.5191176e-05
0,0,2.763658e-05
0,0,0.0006544159
0,0,3.117886e-05
0,0,0.000539681
0,0,1.29793225e-05
0,0,8.631549e-06
0,0,7.060062e-05
0,0,7.543441e-06
0,0,4.9890452e-05
0,0,4.662773e-05
0,0,0.00013340359
0,0,6.250166e-05
0,0,3.0274305e-05
0,0,3.907211e-05
0,0,2.1842123e-05
0,0,1.0000857e-05
0,0,0.00036593172
0,0,2.0607417e-06
0,0,3.54123e-05
0,0,0.0009756493
0,0,3.5073357e-05
0,0,3.0664127e-05
0,0,0.0005099112
0,0,3.8474373e-05
0,0,9.99221e-06
0,0,2.580736e-05
0,0,8.379632e-06
0,0,9.082934e-06
0,0,4.5913657e-06
0,0,3.294404e-05
0,0,3.7529462e-05
0,0,3.5265297e-05
0,0,0.00011229683
0,0,4.3274158e-05
0,0,2.6561042e-05
0,0,1.1550916e-05
0,0,2.1261068e-05
0,0,3.7360598e-05
0,0,4.4273427e-05
0,0,7.508643e-05
0,0,1.4698681e-05
0,0,4.1341784e-05
0,0,3.1797e-05
0,0,1.8459978e-05
0,0,0.00015987869
0,0,6.111058e-06
0,0,0.00038059303
0,0,0.000119811346
0,0,2.0444304e-05
0,0,8.854518e-06
0,0,1.6988599e-05
0,0,2.0856214e-05
0,0,1.6273967e-05
0,0,2.3704968e-05
0,0,1.3496327e-05
0,0,9.990867e-06
0,0,0.0001518764
0,0,5.976846e-05
0,0,0.00024063003
0,0,1.9437079e-05
0,0,5.5645352e-05
0,0,2.4027198e-05
0,0,7.210739e-05
0,0,5.05747e-06
0,0,0.00029102413
0,0,0.00045361705
0,0,4.7550602e-05
0,0,8.810727e-05
0,0,4.4991488e-05
0,0,1.8466228e-05
0,0,7.23735e-05
0,0,2.5452735e-05
0,0,1.796021e-05
0,0,4.970321e-05
0,0,3.0949628e-05
0,0,3.9272414e-05
0,0,2.6674714e-05
0,0,4.2532687e-05
0,0,0.0010529988
0,0,2.0402507e-05
0,0,2.4928165e-06
0,0,0.00010475694
0,0,3.0759606e-05
0,0,2.2061617e-05
0,0,3.7993566e-05
0,0,5.9794278e-05
0,0,3.6418754e-05
0,0,5.4539112e-05
0,0,4.2451968e-05
0,0,1.1677591e-05
0,0,3.5375267e-06
0,0,1.7285936e-05
0,0,4.427199e-05
0,0,4.082191e-05
0,0,2.034133e-05
0,0,3.3184024e-05
0,0,2.3169663e-05
0,0,4.277503e-06
0,0,0.0001301658
0,0,7.790022e-05
0,0,3.8334798e-05
0,0,0.021329882
0,0,1.9550032e-06
0,0,2.3129172e-05
0,0,1.6691105e-05
0,0,1.2136018e-05
0,0,1.894559e-05
0,0,0.00022659938
0,0,7.0046867e-06
0,0,6.1794326e-06
0,0,3.7090867e-05
0,0,3.364633e-05
0,0,7.157357e-05
0,0,1.2339904e-05
0,0,4.6897107e-06
0,0,9.662451e-06
0,0,5.2021922e-05
0,0,4.8843904e-05
0,0,1.217469e-05
0,0,9.767609e-05
0,0,3.642007e-05
0,0,4.0984924e-05
0,0,4.0434894e-05
0,0,1.1972825e-05
0,0,4.215397e-05
0,0,7.719725e-05
0,0,3.4541863e-05
0,0,0.0036095595
0,0,6.069739e-06
0,0,6.2496e-05
0,0,6.7416067e-06
0,0,2.8998447e-05
0,0,9.394305e-06
0,0,2.2098719e-05
0,0,1.3415074e-05
0,0,4.0428145e-05
0,0,1.2135185e-05
0,0,0.00051591
0,0,2.0841004e-05
0,0,1.0142374e-05
0,0,2.6387704e-06
0,0,0.00015884312
0,0,0.00062906457
0,0,0.00018922097
0,0,2.2007047e-05
0,0,3.8144517e-05
0,0,1.7175382e-05
0,0,3.973908e-05
0,0,0.00012632295
0,0,5.7479716e-05
0,0,0.00010563587
0,0,6.3590282e-06
0,0,4.70492e-05
0,0,3.230788e-06
0,0,0.00034156928
0,0,1.8370098e-05
0,0,3.2450353e-05
0,0,3.796745e-05
0,0,3.939586e-05
0,0,1.4915293e-05
0,0,0.00015162115
0,0,2.2994773e-05
0,0,0.0017078746
0,0,0.00014591585
0,0,6.2345002e-06
0,0,1.8075403e-05
0,0,0.00021400485
0,0,2.390205e-05
0,0,7.862794e-06
0,0,0.0001439927
0,0,4.194293e-06
0,0,4.0838033e-05
0,0,1.9898254e-05
0,0,5.9783956e-06
0,0,1.3069897e-05
0,0,8.902819e-05
0,0,0.000113492635
0,0,2.450739e-05
0,0,8.736975e-06
0,0,7.0637245e-05
0,0,0.0005612452
0,0,0.00028534894
0,0,8.45075e-05
0,0,4.1883213e-05
0,0,4.639239e-05
0,0,0.00020178918
0,0,4.511316e-05
0,0,3.4212287e-06
0,0,4.2218066e-06
0,0,1.9011823e-06
0,0,1.1855547e-05
0,0,0.00037759525
0,0,0.00033095694
0,0,0.00022149534
0,0,9.043221e-05
0,0,0.0013425862
0,0,5.6003253e-05
0,0,3.7068097e-05
0,0,0.00015465361
0,0,3.512735e-05
0,0,1.0569936e-05
0,0,0.0001118738
0,0,0.00035409303
0,0,2.5406973e-05
0,0,4.391081e-05
0,0,4.9248565e-06
0,0,4.5006596e-05
0,0,0.002906
0,0,8.560099e-06
0,0,0.00035198446
0,0,7.4692502e-06
0,0,0.0015027105
0,0,9.627801e-06
0,0,0.00021820064
0,0,1.0944331e-05
0,0,5.1528084e-05
0,0,3.484871e-05
0,0,2.3840948e-05
0,0,3.9643088e-05
0,0,1.6502661e-05
0,0,2.568543e-05
0,0,3.3099954e-05
0,0,0.00012417644
0,0,0.0001713041
0,0,1.6511682e-05
0,0,1.51405075e-05
0,0,7.976781e-05
0,0,8.827234e-06
0,0,4.0508457e-05
0,0,1.7599721e-05
0,0,1.0930562e-05
0,0,0.00052112417
0,0,4.1122847e-05
0,0,1.7515082e-05
0,0,1.5530235e-05
0,0,0.00026635797
0,0,0.00023628536
0,0,4.892464e-05
0,0,6.707144e-06
0,0,9.279654e-06
0,0,5.5297332e-05
0,0,0.00035653205
0,0,0.006305485
0,0,1.6192707e-05
0,0,6.218289e-05
0,0,8.56014e-06
0,0,9.04153e-06
0,0,9.358912e-06
0,0,1.880194e-05
0,0,0.0015974758
0,0,4.1720647e-05
0,0,6.76054e-05
0,0,0.00019019196
0,0,3.5668392e-05
0,0,1.1913655e-05
0,0,1.860577e-05
0,0,2.8353228e-05
0,0,9.035004e-06
0,0,5.7130575e-05
0,0,3.8685557e-05
0,0,6.786393e-06
0,0,0.00019958541
0,0,0.00010540564
0,0,9.661588e-05
0,0,0.00064260897
0,0,4.7611447e-05
0,0,0.00022309004
0,0,1.7344144e-05
0,0,1.2711858e-05
0,0,3.9546453e-06
0,0,6.879556e-06
0,0,1.7590844e-05
0,0,8.606856e-06
0,0,3.7080754e-05
0,0,9.64683e-05
0,0,3.5560523e-05
0,0,4.3573305e-05
0,0,5.477826e-05
0,0,1.05502695e-05
0,0,0.08731859
0,0,7.1430445e-06
0,0,1.7151086e-06
0,0,6.988359e-06
0,0,0.000269702
0,0,6.9509647e-06
0,0,1.6469849e-05
0,0,5.6894846e-06
0,0,0.00017090506
0,0,8.036065e-05
0,0,4.9877394e-06
0,0,9.520173e-06
0,0,1.7111532e-06
0,0,6.905977e-05
0,0,1.5780002e-05
0,0,6.521888e-05
0,0,2.3084991e-05
0,0,0.00010452065
0,0,0.00028625413
0,0,6.7143305e-06
0,0,7.5154576e-06
0,0,4.1902827e-06
0,0,8.6084015e-05
0,0,3.3617816e-05
0,0,5.957186e-05
0,0,0.00034262138
0,0,0.00054899656
0,0,6.2538475e-06
0,0,3.4527606e-05
0,0,4.9228896e-05
0,0,9.6453485e-05
0,0,0.00011062309
0,0,8.375951e-07
0,0,4.8539805e-05
0,0,3.8341383e-05
0,0,2.2436165e-05
0,0,1.079569e-05
0,0,0.000194925
0,0,1.9221923e-05
0,0,0.0009892159
0,0,0.00026376767
0,0,0.00031097024
0,0,2.6707701e-05
0,0,3.2988242e-05
0,0,2.9058905e-05
0,0,1.9634992e-05
0,0,5.339342e-06
0,0,1.0093212e-05
0,0,3.9742754e-06
0,0,0.000510727
0,0,2.85162e-05
0,0,0.00013342255
0,0,4.89977e-06
0,0,7.088307e-05
0,0,2.382531e-06
0,0,0.0005074128
0,0,4.2413385e-06
0,0,1.0489132e-05
0,0,6.4719065e-06
0,0,2.250325e-06
0,0,0.0060038804
0,0,0.0025834376
0,0,1.9952524e-05
0,0,8.424672e-06
0,0,7.874387e-06
0,0,1.2094667e-05
0,0,0.00029854337
0,0,0.0001353751
0,0,3.477846e-05
0,0,1.3102006e-05
0,0,4.502235e-05
0,0,2.979365e-05
0,0,7.148858e-06
0,0,1.2462057e-05
0,0,7.702856e-05
0,0,8.338848e-06
0,0,7.639744e-06
0,0,2.0280122e-05
0,0,2.3805962e-05
0,0,1.5118087e-05
0,0,2.7028185e-05
0,0,3.8946973e-06
0,0,6.57885e-05
0,0,0.00010853977
0,0,7.434296e-05
0,0,6.2927347e-06
0,0,5.1141986e-05
0,0,6.702834e-06
0,0,5.6760276e-05
0,0,1.7596198e-05
0,0,4.0040404e-06
0,0,1.6261789e-05
0,0,0.00033586912
0,0,3.4972372e-06
0,0,5.9147653e-05
0,0,3.9131883e-05
0,0,0.00016081425
0,0,0.00045061918
0,0,1.1967562e-05
0,0,1.8002944e-05
0,0,1.93722e-05
0,0,7.768694e-05
0,0,2.8416842e-05
0,0,0.00010730095
0,0,0.00016323605
0,0,1.008164e-05
0,0,0.00056871085
0,0,1.5202664e-05
0,0,7.3868373e-06
0,0,1.9079125e-05
0,0,0.0018908675
0,0,1.8746043e-05
0,0,0.0001087256
0,0,9.8511024e-05
0,0,0.00016974773
0,0,2.212878e-06
0,0,1.4281976e-05
0,0,0.00013288802
0,0,1.5934933e-05
0,0,7.3566924e-05
0,0,2.268217e-05
0,0,1.2959669e-05
0,0,0.00012879595
0,0,8.46092e-06
0,0,9.748491e-06
0,0,2.5625488e-05
0,0,0.00010446565
0,0,1.50306805e-05
0,0,1.2245604e-05
0,0,0.0001490204
0,0,1.256405e-05
0,0,8.53802e-05
0,0,1.6785074e-05
0,0,2.0044488e-05
0,0,0.00019945148
0,0,0.00032180295
0,0,0.00010817048
0,0,0.00062191125
0,0,0.000101300575
0,0,3.825555e-05
0,0,1.2554253e-05
0,0,6.250008e-06
0,0,6.934432e-05
0,0,0.0012827647
0,0,3.315274e-05
0,0,0.00016659955
0,0,0.00015885389
0,0,4.7949903e-05
0,0,3.5387755e-05
0,0,3.394234e-05
0,0,0.0001052018
0,0,1.5240929e-05
0,0,1.9646322e-06
0,0,7.607694e-05
0,0,9.8578974e-05
0,0,0.0002780609
0,0,1.2490732e-05
0,0,1.3034882e-05
0,0,4.4946806e-05
0,0,7.656644e-06
0,0,0.00010997174
0,0,0.00036791278
0,0,3.8347378e-05
0,0,6.520552e-05
0,0,1.1846257e-05
0,0,5.8594487e-06
0,0,1.4933211e-05
0,0,7.738963e-05
0,0,0.00016316354
0,0,3.3916614e-05
0,0,1.360135e-05
0,0,9.058238e-05
0,0,2.3909437e-05
0,0,4.0478244e-06
0,0,7.0178717e-06
0,0,1.2361953e-05
0,0,2.556861e-05
0,0,3.12945e-06
0,0,4.596054e-05
0,0,1.5522995e-05
0,0,6.4448104e-05
0,0,4.004308e-06
0,0,7.639605e-06
0,0,7.985472e-05
0,0,4.3175187e-05
0,0,0.00011087539
0,0,0.004254096
0,0,1.8204906e-05
0,0,9.705459e-06
0,0,7.55034e-07
0,0,0.00038429484
0,0,4.0645828e-05
0,0,0.00018316509
0,0,1.7773229e-05
0,0,6.6031794e-06
0,0,0.003194268
0,0,9.695459e-05
0,0,1.7564342e-05
0,0,4.897205e-06
0,0,0.002248951
0,0,1.6436365e-05
0,0,4.03627e-05
0,0,0.00045306282
0,0,0.00020835834
0,0,0.00023027806
0,0,7.6909215e-05
0,0,6.494135e-05
0,0,7.057403e-06
0,0,2.7131173e-05
0,0,3.23624e-05
0,0,1.7770959e-05
0,0,8.2666076e-05
0,0,0.00011876668
0,0,3.1838435e-06
0,0,6.359926e-06
0,0,0.00054991327
0,0,1.202215e-05
0,0,1.07590495e-05
0,0,6.6320645e-05
0,0,1.0063235e-05
0,0,1.5205898e-05
0,0,6.0959654e-05
0,0,2.0303209e-05
0,0,5.746766e-05
0,0,2.6645144e-05
0,0,2.8316752e-05
0,0,1.883965e-05
0,0,0.00016661608
0,0,6.850847e-05
0,0,0.0001294853
0,0,8.901737e-06
0,0,1.8975932e-05
0,0,4.473478e-06
0,0,0.000116208415
0,0,1.6749884e-06
0,0,1.5536916e-05
0,0,0.00025745598
0,0,9.976557e-06
0,0,0.0001094064
0,0,0.0001366307
0,0,6.005005e-05
0,0,0.00033090648
0,0,2.3758108e-05
0,0,4.186744e-05
0,0,4.649324e-05
0,0,0.00015554999
0,0,6.637113e-05
0,0,2.7154883e-05
0,0,0.00014142241
0,0,1.4787612e-05
0,0,0.00049425964
0,0,3.3740635e-05
0,0,4.9504295e-05
0,0,1.855272e-05
0,0,0.00018451166
0,0,7.40494e-05
0,0,1.1880287e-05
0,0,7.063159e-05
0,0,5.9167073e-06
0,0,1.7291493e-05
0,0,0.00018286303
0,0,0.00041790673
0,0,9.269554e-05
0,0,7.9725374e-05
0,0,4.7029903e-06
0,0,2.594825e-05
0,0,7.220913e-06
0,0,0.0006968513
0,0,8.392447e-05
0,0,1.388345e-05
0,0,0.00012349263
0,0,3.4039215e-06
0,0,0.0025625473
0,0,1.9919005e-05
0,0,0.0002045898
0,0,0.0001779001
0,0,2.3662189e-05
0,0,9.8477874e-05
0,0,3.952716e-05
0,0,0.0001471078
0,0,7.133958e-05
0,0,5.4303696e-06
0,0,0.0005086023
0,0,1.0315668e-05
0,0,0.0001942691
0,0,1.09811945e-05
0,0,2.864221e-06
0,0,1.1117377e-05
0,0,2.1066806e-05
0,0,0.00034849092
0,0,6.476151e-05
0,0,2.8058052e-05
0,0,4.2967804e-05
0,0,0.0002669697
0,0,2.8900302e-05
0,0,8.993377e-05
0,0,1.8790664e-05
0,0,2.01023e-05
0,0,2.4501198e-05
0,0,3.68292e-05
0,0,9.409886e-05
0,0,3.4335157e-05
0,0,0.000111551664
0,0,5.2736043e-05
0,0,1.4781464e-05
0,0,9.678663e-06
0,0,0.00011867781
0,0,8.910055e-05
0,0,4.650348e-05
0,0,0.00017404028
0,0,0.000105342035
0,0,3.6446305e-05
0,0,0.00395955
0,0,8.381502e-06
0,0,0.00028673952
0,0,3.6305708e-05
0,0,2.8471717e-05
0,0,0.00064178294
0,0,1.4951181e-05
0,0,7.007021e-05
0,0,0.0004261457
0,0,5.7055404e-06
0,0,6.865345e-05
0,0,4.2628886e-05
0,0,1.9201825e-05
0,0,5.580073e-05
0,0,2.6305986e-05
0,0,0.00021528476
0,0,4.4783956e-06
0,0,6.6336455e-05
0,0,0.0002653684
0,0,5.7993137e-05
0,0,1.5452924e-05
0,0,9.659714e-06
0,0,1.4023557e-05
0,0,0.00067660044
0,0,1.3379057e-05
0,0,5.4585526e-06
0,0,3.6589016e-05
0,0,5.749134e-05
0,0,0.000120318306
0,0,2.782211e-05
0,0,3.6931793e-05
0,0,0.00026486337
0,0,8.717327e-05
0,0,9.2473325e-05
0,0,8.984695e-06
0,0,1.0606318e-05
0,0,5.939131e-05
0,0,7.974545e-05
0,0,8.952844e-05
0,0,3.954767e-05
0,0,1.1913189e-05
0,0,9.990209e-06
0,0,4.422625e-05
0,0,9.519193e-06
0,0,0.00012093945
0,0,9.861996e-05
0,0,0.0006720181
0,0,9.274682e-05
0,0,0.00019838611
0,0,7.268544e-06
0,0,0.00022201358
0,0,3.8356084e-05
0,0,2.352207e-05
0,0,5.6584635e-05
0,0,7.1549216e-06
0,0,4.378152e-05
0,0,0.00017979211
0,0,0.0010064379
0,0,7.901159e-05
0,0,2.6051692e-05
0,0,1.5706331e-05
0,0,6.697993e-05
0,0,4.941567e-05
0,0,9.905369e-05
0,0,3.421585e-05
0,0,3.1959247e-05
0,0,2.0612864e-05
0,0,3.205115e-05
0,0,4.772541e-05
0,0,2.3674718e-05
0,0,0.00024508027
0,0,0.002002669
0,0,4.6876063e-05
0,0,0.00025268373
0,0,2.4651876e-05
0,0,0.00016206126
0,0,4.0489143e-05
0,0,1.2723623e-05
0,0,2.325595e-05
0,0,1.7737231e-05
0,0,1.2696653e-05
0,0,3.3652235e-05
0,0,0.00042113208
0,0,3.5863384e-05
0,0,2.4542263e-05
0,0,2.5828114e-05
0,0,3.9068623e-06
0,0,0.00014630888
0,0,2.143213e-05
0,0,8.0810205e-05
0,0,2.4968898e-05
0,0,0.0014272531
0,0,0.000111265465
0,0,3.6339792e-05
0,0,4.4968154e-05
0,0,1.9939627e-05
0,0,2.3669772e-05
0,0,4.5902198e-05
0,0,0.00015407486
0,0,0.00012202125
0,0,1.1083512e-05
0,0,3.5568664e-05
0,0,0.0006993505
0,0,4.1677267e-05
0,0,6.0874545e-06
0,0,0.00032549014
0,0,2.570486e-05
0,0,4.845406e-05
0,0,3.0781674e-05
0,0,0.0020449103
0,0,2.503086e-05
0,0,2.607941e-06
0,0,1.1606357e-05
0,0,2.9214007e-05
0,0,0.00031873773
0,0,1.2180124e-05
0,0,1.7281716e-05
0,0,0.012195575
0,0,0.000105350475
0,0,4.6152032e-05
0,0,6.4305066e-05
0,0,0.00056812004
0,0,0.0012294983
0,0,0.00054127723
0,0,1.7349768e-05
0,0,4.28214e-05
0,0,9.3514915e-05
0,0,0.00013139538
0,0,4.1339576e-05
0,0,1.4002857e-05
0,0,4.2210122e-05
0,0,1.709143e-05
0,0,1.6065364e-05
0,0,2.9397757e-05
0,0,5.1058167e-05
0,0,4.1668998e-05
0,0,1.25282395e-05
0,0,1.92908e-06
0,0,2.5578634e-05
0,0,0.0023260424
0,0,1.9659312e-05
0,0,2.9176086e-05
0,0,7.8362755e-05
0,0,1.963162e-05
0,0,7.537001e-05
0,0,5.0798453e-06
0,0,1.0910452e-05
0,0,1.6700706e-05
0,0,2.5839521e-05
0,0,0.00010421214
0,0,7.116163e-05
0,0,6.691174e-05
0,0,1.7391498e-05
0,0,1.1516257e-05
0,0,7.8981604e-05
0,0,1.7806939e-05
0,0,1.3905473e-05
0,0,4.6318964e-05
0,0,8.8091314e-05
0,0,7.771828e-06
0,0,0.00030902907
0,0,6.6175904e-05
0,0,7.2265575e-05
0,0,0.0011603251
0,0,3.202007e-06
0,0,3.3684086e-05
0,0,0.00013098582
0,0,0.00014237591
0,0,6.5226727e-06
0,0,4.3332508e-05
0,0,0.00012594204
0,0,1.1040924e-05
0,0,4.698768e-05
0,0,6.4499036e-06
0,0,7.581846e-05
0,0,3.6859205e-05
0,0,7.976345e-06
0,0,0.000561253
0,0,0.00014761477
0,0,0.0052885637
0,0,2.3585975e-05
0,0,3.8744925e-05
0,0,7.831408e-06
0,0,2.9488454e-05
0,0,5.0206498e-05
0,0,6.377059e-06
0,0,3.5961623e-06
0,0,2.0975833e-05
0,0,1.372372e-05
0,0,2.6512378e-05
0,0,2.796493e-05
0,0,1.24964035e-05
0,0,0.00012370276
0,0,1.9150437e-05
0,0,0.00033092225
0,0,0.00026929192
0,0,1.1306964e-05
0,0,2.9542101e-05
0,0,8.0384416e-05
0,0,8.548148e-06
0,0,0.0006587671
0,0,7.0303317e-06
0,0,0.00039440603
0,0,0.00022704032
0,0,5.163735e-06
0,0,5.063454e-06
0,0,3.7958434e-05
0,0,0.012582917
0,0,5.122246e-06
0,0,0.00024097993
0,0,0.0015511749
0,0,9.671393e-06
0,0,6.5376685e-06
0,0,1.9770181e-05
0,0,1.9967218e-05
0,0,8.927854e-06
0,0,7.272565e-06
0,0,0.00026619295
0,0,0.00029355078
0,0,6.583768e-06
0,0,2.0532601e-05
0,0,2.9040926e-05
0,0,5.274203e-05
0,0,0.00023770961
0,0,1.1391298e-05
0,0,1.7419017e-05
0,0,1.3141963e-05
0,0,7.7548015e-05
0,0,4.1185995e-05
0,0,0.00089520524
0,0,5.7436414e-06
0,0,2.3957919e-06
0,0,1.1482589e-05
0,0,1.8254187e-06
0,0,7.167063e-05
0,0,2.0727095e-05
0,0,1.9129993e-05
0,0,6.277893e-06
0,0,0.00010958599
0,0,0.00071251794
0,0,0.00013698566
0,0,6.624043e-06
0,0,0.0016887343
0,0,3.586627e-06
0,0,1.9350633e-05
0,0,0.00010033067
0,0,2.9224288e-05
0,0,6.77144e-06
0,0,1.0522867e-05
0,0,0.0002525722
0,0,1.6125334e-05
0,0,0.00010255321
0,0,2.7471982e-05
0,0,7.643366e-06
0,0,1.607246e-05
0,0,0.00011188842
0,0,0.0002055181
0,0,0.00013704118
0,0,2.4489143e-05
0,0,0.0006722628
0,0,4.311339e-05
0,0,0.0005164987
0,0,4.6522553e-05
0,0,3.9845486e-06
0,0,2.8017115e-05
0,0,0.0052995263
0,0,5.6097913e-05
0,0,1.311741e-05
0,0,7.390077e-05
0,0,4.066749e-06
0,0,0.0010934325
0,0,0.00023028487
0,0,1.1709652e-05
0,0,3.1620195e-05
0,0,1.8095187e-05
0,0,6.639449e-05
0,0,9.956681e-06
0,0,1.301327e-05
0,0,3.0338526e-05
0,0,4.2780342e-05
0,0,5.7280627e-06
0,0,1.3489957e-05
0,0,2.8425191e-05
0,0,5.930537e-06
0,0,6.846157e-05
0,0,4.124853e-05
0,0,5.2597523e-05
0,0,3.378004e-05
0,0,0.0009637241
0,0,4.9609065e-05
0,0,2.7183305e-05
0,0,2.3361203e-05
0,0,0.00024621267
0,0,1.6549247e-05
0,0,1.8709805e-05
0,0,7.5494e-06
0,0,0.00024882556
0,0,1.7924335e-06
0,0,4.8336105e-06
0,0,4.6769925e-05
0,0,1.814573e-05
0,0,1.1702306e-05
0,0,2.544804e-06
0,0,5.2835006e-05
0,0,9.0833055e-05
0,0,5.6160006e-05
0,0,1.8786006e-05
0,0,5.6435024e-06
0,0,8.520678e-06
0,0,0.0014724201
0,0,2.7366967e-05
0,0,1.1724961e-05
0,0,2.8766475e-05
0,0,1.4507918e-05
0,0,2.0100344e-05
0,0,0.0010336929
0,0,0.00010453541
0,0,0.0009239475
0,0,8.289303e-05
0,0,5.7731586e-06
0,0,0.00020997356
0,0,2.8073413e-05
0,0,5.1884832e-05
0,0,0.0012982665
0,0,9.2902e-06
0,0,3.319947e-05
0,0,2.8707826e-05
0,0,4.936782e-06
0,0,0.0035684127
0,0,2.5082234e-05
0,0,5.7950356e-06
0,0,5.741577e-06
0,0,1.8718836e-05
0,0,3.8853967e-05
0,0,0.00060882606
0,0,0.0003440403
0,0,2.5461062e-05
0,0,0.00023244778
0,0,5.2960262e-05
0,0,1.3475158e-05
0,0,3.34819e-05
0,0,1.7156015e-05
0,0,2.3299972e-05
0,0,6.3388885e-05
0,0,5.7591427e-05
0,0,5.738765e-05
0,0,9.7397526e-05
0,0,0.00073319895
0,0,0.000174838
0,0,2.34871e-05
0,0,2.5204692e-05
0,0,2.9813687e-05
0,0,6.11315e-05
0,0,7.770169e-05
0,0,2.0367885e-05
0,0,8.884407e-05
0,0,0.00017539888
0,0,0.0002020094
0,0,1.2817057e-05
0,0,1.085938e-05
0,0,1.7586784e-05
0,0,0.00014498786
0,0,0.00013210067
0,0,0.000113113616
0,0,0.0003533463
0,0,2.5906164e-05
0,0,4.260977e-06
0,0,0.001987553
0,0,4.0953396e-06
0,0,4.6387613e-05
0,0,5.053409e-05
0,0,0.00018349967
0,0,7.0260234e-05
0,0,1.9213383e-05
0,0,8.433345e-05
0,0,6.403863e-05
0,0,3.7564016e-05
0,0,1.6971628e-05
0,0,9.581901e-06
0,0,7.8390185e-05
0,0,8.609256e-05
0,0,7.295461e-06
0,0,0.0018871758
0,0,3.544355e-05
0,0,9.439671e-05
0,0,0.0007740337
0,0,5.0059014e-05
0,0,0.00011136142
0,0,1.6208945e-05
0,0,3.9128154e-05
0,0,0.00010233488
0,0,7.868081e-06
0,0,7.838794e-05
0,0,3.6117744e-05
0,0,0.0004841976
0,0,0.02769411
0,0,6.0189554e-06
0,0,1.7161547e-05
0,0,0.00010863337
0,0,8.135742e-06
0,0,3.0992218e-05
0,0,0.00014924507
0,0,0.0001596724
0,0,3.5541675e-06
0,0,0.00030962005
0,0,3.1538133e-05
0,0,0.0050764065
0,0,7.461618e-05
0,0,0.0009727445
0,0,2.6317304e-05
0,0,4.047332e-05
0,0,7.439182e-05
0,0,0.00016303507
0,0,0.00010631841
0,0,4.7285168e-05
0,0,0.00012162838
0,0,4.1843054e-05
0,0,1.9014697e-05
0,0,2.9318446e-06
0,0,0.00027338913
0,0,0.00057315757
0,0,5.6420457e-05
0,0,2.7614873e-05
0,0,3.684118e-05
0,0,6.681623e-05
0,0,2.527476e-05
0,0,1.2190106e-05
0,0,1.467427e-05
0,0,1.825447e-05
0,0,6.2327226e-06
0,0,2.4507695e-05
0,0,2.0357806e-05
0,0,1.0280558e-05
0,0,5.5508503e-06
0,0,2.815441e-05
0,0,9.240958e-05
0,0,2.3451963e-05
0,0,7.202451e-05
0,0,8.797802e-06
0,0,2.292167e-06
0,0,1.11576965e-05
0,0,0.0026636804
0,0,5.3243316e-06
0,0,2.2049922e-05
0,0,1.8944686e-05
0,0,2.161947e-05
0,0,3.637856e-05
0,0,1.9648234e-05
0,0,1.5751302e-05
0,0,5.8773865e-05
0,0,7.746276e-06
0,0,0.00015468651
0,0,4.2706277e-05
0,0,0.00042335896
0,0,0.0009267613
0,0,0.0051075225
0,0,5.36564e-05
0,0,1.1254776e-05
0,0,7.393545e-05
0,0,8.149674e-06
0,0,7.533333e-06
0,0,0.00013583983
0,0,3.4800454e-05
0,0,7.150351e-05
0,0,2.4485466e-06
0,0,3.7217915e-06
0,0,9.963749e-06
0,0,6.75136e-06
0,0,2.263653e-06
0,0,2.4049434e-05
0,0,3.078703e-06
0,0,3.6350295e-05
0,0,0.00046093995
0,0,1.8278493e-05
0,0,6.9844086e-06
0,0,2.5462252e-05
0,0,1.9598903e-05
0,0,2.348298e-05
0,0,0.00035420276
0,0,3.0378304e-05
0,0,4.4727756e-05
0,0,6.6484404e-06
0,0,0.0003556859
0,0,5.112419e-05
0,0,1.3701594e-05
0,0,0.00013766304
0,0,0.0016009826
0,0,9.864644e-06
0,0,1.1448453e-05
0,0,8.650848e-06
0,0,0.00013216479
0,0,4.407897e-06
0,0,1.0196071e-05
0,0,5.7531693e-06
0,0,0.005984762
0,0,4.4954737e-05
0,0,8.4014144e-05
0,0,2.021776e-06
0,0,0.00013944235
0,0,7.078438e-05
0,0,4.2102633e-06
0,0,0.0001707179
0,0,3.213841e-05
0,0,2.1076112e-05
0,0,3.1608408e-05
0,0,0.00010777502
0,0,8.014049e-05
0,0,0.00012541175
0,0,0.00018984608
0,0,4.0058317e-06
0,0,5.9132144e-05
0,0,0.00031380157
0,0,4.604323e-05
0,0,1.4436468e-05
0,0,3.9214818e-05
0,0,7.03294e-06
0,0,0.00015712088
0,0,0.00018056315
0,0,6.324923e-06
0,0,5.3341362e-05
0,0,0.004288153
0,0,2.1123902e-05
0,0,5.43366e-05
0,0,0.0004689582
0,0,3.33641e-05
0,0,1.7684668e-05
0,0,3.190048e-05
0,0,0.00012659741
0,0,2.9293712e-06
0,0,0.00016408936
0,0,4.6815083e-05
0,0,7.5355388e-06
0,0,3.0584983e-05
0,0,0.005288032
0,0,0.003395055
0,0,1.5157671e-05
0,0,1.3091253e-05
0,0,6.14196e-06
0,0,0.0001220656
0,0,9.676006e-06
0,0,0.00046341747
0,0,0.000119146105
0,0,2.1264617e-05
0,0,1.4372345e-05
0,0,9.1264046e-05
0,0,0.00010900569
0,0,2.8830847e-05
0,0,7.749531e-05
0,0,0.0007142567
0,0,0.0068347636
0,0,6.733369e-05
0,0,1.4270431e-05
0,0,0.00026507684
0,0,4.395099e-05
0,0,4.564087e-05
0,0,0.00025669349
0,0,0.000112155365
0,0,6.691015e-05
0,0,1.351557e-05
0,0,1.4042266e-05
0,0,0.005007221
0,0,6.307214e-05
0,0,2.0525787e-05
0,0,3.092104e-05
0,0,1.1562476e-05
0,0,2.6465972e-05
0,0,0.00015201158
0,0,0.00014057767
0,0,6.5325767e-06
0,0,1.7731632e-05
0,0,5.034693e-05
0,0,1.891021e-05
0,0,7.529472e-05
0,0,2.6253409e-05
0,0,3.249361e-05
0,0,0.00017130918
0,0,2.5929843e-05
0,0,8.352059e-06
0,0,2.0096011e-05
0,0,2.1724252e-05
0,0,5.5582555e-06
0,0,1.4442307e-05
0,0,1.8412016e-05
0,0,0.0010096389
0,0,2.9749672e-05
0,0,8.646526e-06
0,0,3.2971006e-05
0,0,2.4633993e-05
0,0,0.00014994602
0,0,0.0002000438
0,0,4.741503e-05
0,0,0.000116016876
0,0,7.019427e-05
0,0,0.00022312535
0,0,6.2348314e-05
0,0,2.3327942e-05
0,0,2.830425e-05
0,0,6.947552e-06
0,0,1.6698905e-05
0,0,0.0005173748
0,0,7.28624e-05
0,0,0.00021812202
0,0,1.4557188e-05
0,0,6.8972013e-06
0,0,5.2113414e-06
0,0,0.00081582065
0,0,4.1819435e-06
0,0,5.6174013e-06
0,0,0.005056617
0,0,3.1554957e-06
0,0,0.00487922
0,0,1.2864815e-05
0,0,4.074801e-05
0,0,3.474926e-06
0,0,0.0003416147
0,0,5.7183013e-05
0,0,3.8965914e-05
0,0,4.5943056e-05
0,0,9.1517904e-05
0,0,6.335089e-06
0,0,4.8357495e-05
0,0,3.174911e-06
0,0,3.4212287e-06
0,0,0.00016217316
0,0,0.0012933778
0,0,4.020362e-05
0,0,1.2872301e-05
0,0,8.992711e-06
0,0,2.5715813e-06
0,0,0.00022887364
0,0,4.0304232e-05
0,0,2.5646217e-05
0,0,0.00014064726
0,0,0.0009274217
0,0,0.00050188205
0,0,4.604951e-06
0,0,0.00010767968
0,0,6.3578154e-06
0,0,1.7272376e-05
0,0,0.002400277
0,0,6.891461e-06
0,0,3.4347046e-05
0,0,3.241132e-05
0,0,0.0012495463
0,0,0.00071568176
0,0,1.4022835e-05
0,0,2.269368e-05
0,0,1.5720223e-05
0,0,5.3224496e-05
0,0,7.893071e-06
0,0,5.0272947e-06
0,0,2.8484807e-05
0,0,3.578969e-05
0,0,4.190079e-05
0,0,1.4960879e-05
0,0,3.3049978e-06
0,0,9.8699544e-05
0,0,1.5185016e-05
0,0,0.00039865368
0,0,9.8531506e-05
0,0,0.0005578508
0,0,9.003382e-05
0,0,4.6864083e-05
0,0,2.263854e-05
0,0,1.529896e-05
0,0,0.00022382401
0,0,0.00039643404
0,0,0.00022114358
0,0,1.086599e-05
0,0,1.10129295e-05
0,0,0.00011022539
0,0,1.9388983e-05
0,0,1.641788e-05
0,0,0.00038758197
0,0,6.138265e-06
0,0,1.7448294e-06
0,0,4.5746496e-05
0,0,3.2103733e-05
0,0,0.00026751647
0,0,2.6578247e-05
0,0,0.00038777583
0,0,1.2967321e-05
0,0,0.000119476616
0,0,0.00010609731
0,0,1.7391829e-05
0,0,4.641129e-05
0,0,5.2786105e-05
0,0,4.985994e-06
0,0,0.00023067294
0,0,3.716547e-05
0,0,8.156582e-05
0,0,0.00010098115
0,0,2.3003964e-05
0,0,3.07147e-05
0,0,0.001408429
0,0,5.926048e-06
0,0,1.5251236e-06
0,0,2.6574293e-05
0,0,2.3490036e-05
0,0,9.412366e-06
0,0,1.4142738e-05
0,0,0.00013641537
0,0,6.4898677e-06
0,0,6.359668e-05
0,0,2.1430209e-05
0,0,3.7520982e-05
0,0,8.459e-06
0,0,2.0318355e-05
0,0,1.5130157e-05
0,0,0.00010450649
0,0,0.00075137184
0,0,0.00027252643
0,0,5.8214846e-06
0,0,0.00032926758
0,0,0.00037726262
0,0,6.902488e-05
0,0,2.7858112e-05
0,0,9.531883e-06
0,0,0.00048040255
0,0,8.372655e-05
0,0,7.680302e-06
0,0,7.7460216e-05
0,0,1.3021177e-05
0,0,0.00012216212
0,0,0.0006103669
0,0,0.0004593013
0,0,6.856781e-05
0,0,3.0615572e-06
0,0,0.0008846489
0,0,8.404433e-06
0,0,3.658462e-05
0,0,0.00016454262
0,0,0.00010946578
0,0,1.9755575e-05
0,0,4.529996e-05
0,0,4.619995e-06
0,0,2.7182581e-05
0,0,0.0011593739
0,0,3.471196e-05
0,0,2.0971254e-05
0,0,1.8662779e-05
0,0,7.4877215e-05
0,0,5.7480815e-05
0,0,8.438228e-05
0,0,0.0004264021
0,0,7.7968525e-06
0,0,1.3803407e-05
0,0,1.2040612e-05
0,0,1.7259828e-05
0,0,3.4622071e-06
0,0,4.1614236e-05
0,0,2.811695e-05
0,0,2.0095225e-05
0,0,4.7202225e-06
0,0,6.031902e-06
0,0,8.342759e-05
0,0,6.138684e-05
0,0,0.0001049364
0,0,8.585709e-05
0,0,3.4624054e-06
0,0,0.00014821066
0,0,3.467639e-05
0,0,7.786947e-06
0,0,0.00084575295
0,0,0.0001657038
0,0,6.259811e-05
0,0,6.29411e-05
0,0,8.3409774e-05
0,0,1.6192753e-05
0,0,4.4103986e-06
0,0,8.511828e-05
0,0,1.5746571e-05
0,0,1.8345341e-05
0,0,0.0024606872
0,0,3.5556048e-05
0,0,0.0017992827
0,0,0.0001274805
0,0,6.959487e-05
0,0,0.000113401766
0,0,0.0001691925
0,0,3.3209984e-05
1,0,0.0056877243
0,0,0.00030658516
0,0,0.00020295463
0,0,0.00061724684
0,0,0.00014831232
0,0,2.0521109e-05
0,0,1.3431538e-05
0,0,0.000947857
0,0,0.00012797548
0,0,1.6633392e-05
0,0,8.24451e-05
0,0,3.3058815e-05
0,0,6.542981e-05
0,0,0.0001721656
0,0,2.5975953e-05
0,0,8.669257e-06
0,0,1.2940242e-05
0,0,0.00024500105
0,0,0.00016735726
0,0,3.1639953e-05
0,0,3.9674214e-05
0,0,1.0789957e-05
0,0,1.9754803e-05
0,0,2.4092085e-05
0,0,4.2530173e-05
0,0,0.00021237746
0,0,1.0183575e-05
0,0,7.449865e-06
0,0,3.717341e-05
0,0,8.30256e-06
0,0,9.756857e-05
0,0,9.600304e-05
0,0,0.00012078708
0,0,2.098878e-05
0,0,7.6390264e-05
0,0,2.2006627e-05
0,0,7.5621116e-05
0,0,9.0713336e-05
0,0,5.5033353e-05
0,0,0.00015268358
0,0,1.5621394e-05
0,0,1.7726479e-06
0,0,0.008249862
0,0,5.4168202e-05
0,0,5.8395366e-05
0,0,0.00033971577
0,0,1.8989274e-05
0,0,3.9589402e-05
0,0,0.00016138967
0,0,1.2901453e-05
0,0,3.8754533e-06
0,0,0.00022167304
0,0,2.0774489e-05
0,0,2.209152e-06
0,0,1.4050099e-06
0,0,1.9032948e-05
0,0,1.1408138e-05
0,0,0.0001183274
0,0,1.3615092e-05
0,0,1.8573628e-05
0,0,1.4972226e-05
0,0,4.365707e-05
0,0,6.128004e-05
0,0,2.9741246e-05
0,0,4.837336e-05
0,0,0.21959491
0,0,5.5868353e-05
0,0,1.2534585e-05
0,0,4.846612e-05
0,0,8.5782696e-05
0,0,2.9875047e-05
0,0,0.043136545
0,0,1.5590438e-05
0,0,1.2247624e-05
0,0,7.608717e-05
0,0,2.7488726e-05
0,0,0.00013655619
0,0,0.00035054833
0,0,1.6464432e-05
0,0,0.00069586054
0,0,1.9892468e-05
0,0,0.00044041016
0,0,4.9465412e-05
0,0,3.3879485e-06
0,0,1.4799548e-05
0,0,6.768728e-06
0,0,1.6478882e-05
0,0,7.881804e-05
0,0,7.5649245e-05
0,0,2.7248609e-05
0,0,7.536088e-05
0,0,3.2720673e-05
0,0,3.2035525e-06
0,0,4.0612226e-06
0,0,0.00024511392
0,0,2.7113609e-05
0,0,4.059028e-05
0,0,8.3159675e-06
0,0,4.1615745e-05
0,0,0.000102953374
0,0,3.994894e-06
0,0,5.5750148e-05
0,0,0.00020985887
0,0,2.2366074e-05
0,0,0.00024045297
0,0,7.978858e-05
0,0,2.7246062e-05
0,0,7.0275896e-06
0,0,8.0634236e-05
0,0,5.1780637e-05
0,0,4.518403e-05
0,0,4.1264582e-05
0,0,8.011092e-06
0,0,5.0812727e-05
0,0,0.0009981518
0,0,2.2380305e-05
0,0,3.8676815e-05
0,0,5.138225e-06
0,0,2.9367724e-05
0,0,0.0020755827
0,0,0.00011741552
0,0,5.319679e-05
0,0,6.997005e-05
0,0,2.5643063e-05
0,0,4.6063873e-05
0,0,1.3092414e-05
0,0,4.336471e-05
0,0,0.00024049608
0,0,0.00012353715
0,0,0.0009114619
0,0,2.7700831e-05
0,0,3.7791026e-05
0,0,6.172431e-05
0,0,8.167557e-05
0,0,3.192524e-06
0,0,1.3925924e-05
0,0,3.9106184e-05
0,0,5.5412715e-06
0,0,6.372374e-05
0,0,6.5185995e-05
0,0,1.891407e-05
0,0,5.78117e-06
0,0,0.00011917202
0,0,6.862851e-05
0,0,6.627038e-06
0,0,3.5423276e-05
0,0,9.406461e-06
0,0,4.864399e-06
0,0,3.8573347e-05
0,0,0.0005177687
0,0,1.225079e-05
0,0,0.00026013362
0,0,7.048054e-05
0,0,7.675258e-05
0,0,8.524475e-05
0,0,3.7271348e-05
0,0,1.9440602e-05
0,0,0.0001683544
0,0,8.945488e-05
0,0,1.7566872e-05
0,0,0.00073019083
0,0,0.00033265722
0,0,1.1405668e-05
0,0,9.824816e-05
0,0,4.014125e-05
0,0,4.4719054e-05
0,0,9.50747e-05
0,0,6.5454085e-05
0,0,6.4101246e-06
0,0,0.0011596704
0,0,7.8666935e-06
0,0,4.3686214e-06
0,0,0.0004641962
0,0,3.7445952e-05
0,0,0.0005152357
0,0,0.00015468533
0,0,0.0014397228
0,0,3.5816287e-05
0,0,1.889723e-05
0,0,3.4210825e-05
0,0,0.00041700638
0,0,0.00017334684
0,0,9.861996e-05
0,0,6.779326e-05
0,0,4.17942e-05
0,0,5.996439e-06
0,0,0.00017217924
0,0,4.8852195e-05
0,0,2.3735774e-06
0,0,7.0400333e-06
0,0,5.5203946e-06
0,0,1.1701637e-05
0,0,1.4256176e-05
0,0,4.0769548e-05
0,0,2.3308685e-05
0,0,7.981354e-05
0,0,1.63212e-05
0,0,0.00017800937
0,0,9.189578e-05
0,0,1.120408e-05
0,0,3.612908e-05
0,0,1.8132093e-06
0,0,0.00024718503
0,0,8.223522e-06
0,0,3.834237e-05
0,0,0.00023361939
0,0,0.00022948242
0,0,0.00023081923
0,0,2.9827965e-05
0,0,2.2864993e-05
0,0,0.0001553681
0,0,5.7056914e-05
0,0,3.198239e-05
0,0,0.000119446646
0,0,0.00010207359
0,0,1.7756982e-05
0,0,2.6368603e-05
0,0,0.00017639175
0,0,2.4829253e-05
0,0,6.718969e-05
0,0,2.0946469e-05
0,0,1.0158269e-06
0,0,6.6061766e-06
0,0,4.3448123e-05
0,0,3.2854434e-05
0,0,9.858193e-06
0,0,3.2115033e-05
0,0,7.956668e-06
0,0,5.288799e-05
0,0,3.2372493e-05
0,0,3.537928e-06
0,0,0.00016960551
0,0,7.0131823e-06
0,0,6.3502957e-06
0,0,0.001247363
0,0,7.360145e-05
0,0,3.595636e-05
0,0,1.2310999e-05
0,0,0.00030475302
0,0,4.0500036e-05
0,0,8.533592e-05
0,0,2.633393e-06
0,0,1.2091253e-05
0,0,3.2708223e-05
0,0,4.2823926e-06
0,0,1.5081999e-05
0,0,8.102827e-05
0,0,4.4733674e-06
0,0,7.556474e-05
0,0,2.141891e-05
0,0,4.0195642e-05
0,0,6.386427e-05
0,0,2.467288e-05
0,0,2.232637e-05
0,0,8.425202e-06
0,0,1.7540573e-05
0,0,3.159575e-05
0,0,2.5582709e-05
0,0,0.00011838845
0,0,1.9060722e-05
0,0,2.3425651e-05
0,0,6.0400243e-06
0,0,8.4708714e-05
0,0,2.0492422e-05
0,0,0.00020166974
0,0,3.5933906e-05
0,0,1.23724385e-05
0,0,3.090898e-05
0,0,0.00016897678
0,0,0.00011296972
0,0,0.00022567247
0,0,4.220022e-05
0,0,1.8486175e-05
0,0,9.778968e-06
0,0,1.8473009e-05
0,0,1.8624445e-05
0,0,0.000112674184
0,0,0.00012245393
0,0,3.5975223e-05
0,0,0.00015780554
0,0,1.2523664e-05
0,0,0.00019197876
0,0,3.987259e-06
0,0,0.00046318467
0,0,4.4599852e-05
0,0,4.924608e-05
0,0,1.6205979e-05
0,0,0.00063579174
0,0,7.361015e-05
0,0,0.00020588841
0,0,0.0003812007
0,0,3.0956035e-05
0,0,3.2236203e-05
0,0,1.1784723e-05
0,0,3.0027659e-05
0,0,9.611608e-05
0,0,0.00015824854
0,0,4.6882364e-05
0,0,0.00011496351
0,0,4.142371e-05
0,0,9.890627e-05
0,0,1.5417185e-05
0,0,3.326231e-05
0,0,2.1487549e-05
0,0,4.567766e-05
0,0,1.27643125e-05
0,0,1.5496844e-05
0,0,6.584754e-06
0,0,6.922322e-05
0,0,0.00054578984
0,0,0.00010281622
0,0,6.212143e-05
0,0,2.1838956e-05
0,0,6.279947e-06
0,0,9.530084e-06
0,0,1.7356388e-05
0,0,1.4362699e-05
0,0,4.5861067e-05
0,0,2.0897467e-05
0,0,1.8905131e-06
0,0,0.019590782
0,0,1.6650707e-05
0,0,3.802434e-05
0,0,0.00032816757
0,0,1.5160775e-06
0,0,8.820099e-06
0,0,3.3435637e-05
0,0,2.5073698e-05
0,0,1.4384905e-05
0,0,0.00015770867
0,0,2.5854828e-05
0,0,1.7859235e-05
0,0,7.4396856e-05
0,0,8.336494e-06
0,0,6.097343e-05
0,0,8.0292324e-05
0,0,1.6634422e-05
0,0,2.963403e-05
0,0,7.786153e-05
0,0,0.0012892871
0,0,1.2146625e-05
0,0,2.3362238e-06
0,0,2.6286225e-05
0,0,2.4718656e-06
0,0,1.2882543e-05
0,0,9.07252e-06
0,0,0.00022532202
0,0,2.2092083e-05
0,0,5.956809e-06
0,0,7.0526867e-06
0,0,2.533591e-05
0,0,0.00081811484
0,0,0.00015291072
0,0,1.043613e-05
0,0,7.3934334e-06
0,0,3.5772664e-05
0,0,7.2514426e-06
0,0,7.241755e-05
0,0,3.9235652e-05
0,0,6.3355906e-06
0,0,4.519101e-05
0,0,2.4958876e-05
0,0,2.675675e-05
0,0,0.00091320433
0,0,1.032875e-05
0,0,0.008307922
0,0,2.5512188e-06
0,0,4.4736582e-05
0,0,9.96879e-05
0,0,6.6064413e-06
0,0,0.0006750755
0,0,3.7661077e-05
0,0,0.0015788226
0,0,7.392939e-05
0,0,4.1082516e-05
0,0,6.048419e-05
0,0,6.477454e-05
0,0,1.9233401e-05
0,0,5.1577495e-05
0,0,4.3469026e-06
0,0,2.8190436e-05
0,0,6.6180764e-05
0,0,1.5620843e-05
0,0,2.025627e-05
0,0,3.2515745e-05
0,0,8.161165e-05
0,0,1.6926564e-05
0,0,4.4181234e-06
0,0,3.5186185e-05
0,0,4.936551e-05
0,0,1.0891948e-05
0,0,9.527454e-05
0,0,2.8978846e-05
0,0,6.463386e-05
0,0,7.905334e-06
0,0,0.00015552984
0,0,3.151459e-05
0,0,0.0002542165
0,0,4.288074e-05
0,0,9.681507e-06
0,0,5.5988196e-05
0,0,2.8494125e-05
0,0,1.5691181e-05
0,0,0.00016983354
0,0,0.00012141887
0,0,2.3333147e-05
0,0,1.7823539e-05
0,0,0.0009319991
0,0,6.910753e-05
0,0,1.4409126e-06
0,0,1.6816832e-05
0,0,3.0737e-05
0,0,9.355066e-06
0,0,1.1071121e-05
0,0,0.0005388016
0,0,0.00040663785
0,0,0.00035564468
0,0,3.146885e-05
0,0,2.5843588e-05
0,0,4.020615e-05
0,0,4.924279e-05
0,0,1.9118905e-05
0,0,0.00023706409
0,0,1.2445738e-05
0,0,5.3431927e-06
0,0,1.3372259e-05
0,0,1.1894889e-05
0,0,3.2208303e-05
0,0,2.746272e-06
0,0,2.036876e-05
0,0,0.00027858524
0,0,4.692705e-05
0,0,6.6155326e-06
0,0,5.8896174e-05
0,0,7.450298e-06
0,0,0.00038435566
0,0,1.944787e-05
0,0,0.00024080194
0,0,3.4375582e-06
0,0,0.0005174961
0,0,6.275513e-05
0,0,4.7464987e-06
0,0,0.00012613446
0,0,0.00063540344
0,0,1.5947338e-05
0,0,0.0012623895
0,0,4.6289646e-05
0,0,0.00011718219
0,0,3.1781903e-05
0,0,3.427264e-05
0,0,0.00035378482
0,0,1.5207189e-05
0,0,2.253777e-05
0,0,2.209027e-05
0,0,0.00010460002
0,0,9.326694e-06
0,0,3.7738806e-05
1,1,0.99261534
0,0,5.0954317e-05
0,0,3.7820155e-05
0,0,1.2185748e-05
0,0,0.000110544424
0,0,0.0001420598
0,0,2.1436872e-05
0,0,3.3086162e-05
0,0,2.7534745e-05
0,0,7.748715e-06
0,0,8.603978e-05
0,0,4.44591e-06
0,0,2.17968e-05
0,0,1.868331e-05
0,0,1.6937722e-05
0,0,3.263236e-05
0,0,1.0787519e-05
0,0,2.9117296e-05
0,0,8.80688e-05
0,0,4.5852015e-05
0,0,0.0021944593
0,0,0.00017201366
0,0,4.791466e-05
0,0,0.0007639531
0,0,1.6663002e-05
0,0,7.0747483e-06
0,0,2.4478566e-05
0,0,6.829112e-06
0,0,1.2946094e-05
0,0,3.2543354e-05
0,0,4.5644483e-05
0,0,8.207836e-06
0,0,8.380146e-05
0,0,9.450025e-06
0,0,4.411105e-05
0,0,1.9446685e-05
0,0,1.3934624e-05
0,0,4.4868604e-05
0,0,6.115202e-05
0,0,4.2357507e-05
0,0,2.4651876e-05
0,0,2.6512378e-05
0,0,0.00013708236
0,0,3.5973937e-06
0,0,1.3102006e-05
0,0,4.6543766e-05
0,0,3.0530868e-05
0,0,5.457038e-05
0,0,1.7540271e-05
0,0,0.00046770083
0,0,2.3903918e-05
0,0,0.00014779154
0,0,3.173502e-05
0,0,1.86005e-06
0,0,3.7932925e-05
0,0,4.6511996e-05
0,0,7.552073e-05
0,0,0.0004326952
0,0,1.2772691e-05
0,0,6.279925e-05
0,0,6.9480616e-06
0,0,0.0021641336
0,0,3.6052294e-05
0,0,2.033341e-06
0,0,2.3870774e-05
0,0,3.7887443e-05
0,0,1.00594925e-05
0,0,0.00031348583
0,0,7.1090726e-06
0,0,3.4664395e-06
0,0,1.2492959e-05
0,0,1.7033015e-05
0,0,1.7341215e-05
0,0,1.8795055e-05
0,0,5.7042944e-06
0,0,1.8415018e-05
0,0,0.00048589677
0,0,0.000102211125
0,0,2.0896749e-05
0,0,0.00010192303
0,0,3.809893e-05
0,0,1.2829175e-05
0,0,0.0007960117
0,0,9.1132415e-06
0,0,8.404041e-06
0,0,1.45324975e-05
0,0,0.0004435593
0,0,0.00025326986
0,0,6.3250365e-05
0,0,2.2026972e-05
0,0,6.743477e-05
0,0,1.1545133e-05
0,0,2.2970751e-05
0,0,3.537794e-05
0,0,7.1564705e-06
0,0,7.2449725e-06
0,0,3.018016e-05
0,0,1.2429726e-05
0,0,2.0295813e-05
0,0,1.6666736e-05
0,0,0.00013047934
0,0,3.059178e-05
0,0,9.357743e-06
0,0,0.00010083729
0,0,8.5885506e-05
0,0,2.3335662e-05
0,0,5.274521e-06
0,0,0.00010617565
0,0,0.00051779684
0,0,0.0020488745
0,0,0.00012887224
0,0,2.3373994e-05
0,0,2.5392876e-05
0,0,5.5410877e-05
0,0,0.0015543604
0,0,1.310227e-05
0,0,2.6074958e-06
0,0,2.6658947e-05
0,0,1.47987e-05
0,0,2.3944416e-05
0,0,6.103335e-05
0,0,3.102155e-05
0,0,0.00023399612
0,0,0.00012731613
0,0,5.4044416e-05
0,0,0.00018439488
0,0,3.8161947e-05
0,0,5.019893e-06
0,0,0.0019571884
0,0,2.8794635e-05
0,0,3.2682233e-06
0,0,0.0023320809
0,0,2.3318498e-06
0,0,0.00022418582
0,0,1.0743885e-05
0,0,3.344699e-05
0,0,0.00011514058
0,0,5.431353e-06
0,0,2.6633688e-05
0,0,5.1314328e-06
0,0,8.0316395e-06
0,0,3.5097913e-05
0,0,0.00015696799
0,0,1.9822437e-05
0,0,2.890606e-05
0,0,0.0025320144
0,0,1.6433904e-05
0,0,1.9618483e-05
0,0,1.1894424e-05
0,0,5.5277877e-05
0,0,6.081171e-05
0,0,1.5092474e-05
0,0,4.188269e-06
0,0,2.220592e-06
0,0,2.4433857e-05
0,0,4.8075908e-05
0,0,0.0006067083
0,0,9.917372e-05
0,0,8.92063e-05
0,0,1.7380571e-05
0,0,6.8655354e-05
0,0,4.2468328e-05
0,0,2.5053308e-05
0,0,7.739169e-05
0,0,3.25896e-05
0,0,0.00021680704
0,0,0.00013551627
0,0,4.9203878e-05
0,0,0.0004756221
0,0,2.1834041e-05
0,0,9.8052085e-05
0,0,6.6079425e-05
0,0,5.3028078e-05
0,0,0.00012654587
0,0,0.0010099751
0,0,3.5338384e-05
0,0,4.8248738e-05
0,0,6.282608e-05
0,0,5.702047e-05
0,0,3.8887436e-05
0,0,1.0126475e-05
0,0,0.0014776017
0,0,3.0400706e-05
0,0,9.12174e-05
0,0,0.00015559659
0,0,0.0002758061
0,0,1.7658448e-06
0,0,0.0002503717
0,0,4.7676964e-05
0,0,0.00012714496
0,0,6.0668854e-06
0,0,3.596603e-05
0,0,0.00015367474
0,0,2.4887808e-05
0,0,4.886477e-05
0,0,0.00068232015
0,0,2.3174507e-06
0,0,0.00012453528
0,0,0.0003669602
0,0,0.00010321712
0,0,5.410839e-06
0,0,7.0076756e-05
0,0,9.434806e-06
0,0,4.0496983e-05
0,0,1.4660352e-05
0,0,1.9758496e-05
0,0,3.94384e-06
0,0,9.638761e-06
0,0,1.6600603e-05
0,0,3.0615806e-06
0,0,0.00023266887
0,0,0.00017346324
0,0,2.740395e-05
0,0,1.4299816e-05
0,0,0.00035090564
0,0,5.800487e-06
0,0,1.2434409e-05
0,0,0.0002958372
0,0,2.3497878e-05
0,0,0.005568129
0,0,2.1388843e-05
0,0,0.0021440417
0,0,3.2253578e-05
0,0,1.6133317e-05
0,0,1.7590392e-05
0,0,3.6429897e-06
0,0,2.4528505e-05
0,0,9.022184e-06
0,0,2.4861429e-05
0,0,3.5615638e-05
0,0,9.791716e-05
0,0,0.0002771589
0,0,1.7715257e-06
0,0,1.668022e-05
0,0,4.034663e-06
0,0,9.18759e-06
0,0,4.766401e-05
0,0,8.401038e-05
0,0,2.387148e-05
0,0,0.00017782328
0,0,8.67611e-05
0,0,0.00046331808
0,0,0.00034176878
0,0,1.4123479e-05
0,0,3.8889375e-06
0,0,4.4902765e-05
0,0,0.00010955642
0,0,6.2435797e-06
0,0,4.5218087e-05
0,0,1.5151847e-05
0,0,8.6455526e-05
0,0,0.00047180022
0,0,4.4808057e-05
0,0,4.2637657e-06
0,0,0.00012383223
0,0,0.00014310914
0,0,3.155429e-05
0,0,3.9067305e-05
0,0,3.595945e-05
0,0,2.7511624e-05
0,0,4.399145e-06
0,0,3.751347e-05
0,0,2.577654e-05
0,0,1.6213135e-05
0,0,0.0009850548
0,0,0.0019370902
0,0,4.6497138e-05
0,0,3.1658637e-05
0,0,5.1536488e-05
0,0,9.284238e-05
0,0,9.262184e-06
0,0,3.066129e-05
0,0,0.0010249951
0,0,7.031533e-05
0,0,6.2443837e-06
0,0,0.00010445798
0,0,0.00055637513
0,0,4.366836e-05
0,0,4.5769142e-05
0,0,0.00021182818
0,0,2.197844e-05
0,0,9.231904e-05
0,0,6.022393e-05
0,0,0.00011349555
0,0,1.7344475e-05
0,0,3.6228063e-05
0,0,5.3389754e-06
0,0,5.7179903e-05
0,0,0.0020643284
0,0,0.0013889181
0,0,5.0557905e-05
0,0,2.0071688e-05
0,0,4.3159635e-06
0,0,7.851659e-06
0,0,4.552578e-06
0,0,4.9316714e-05
0,0,9.798506e-06
0,0,0.00010736564
0,0,0.00011705332
0,0,0.00050040643
0,0,2.5302228e-05
0,0,0.017566174
0,0,1.5927671e-05
0,0,2.0969255e-05
0,0,0.00030813678
0,0,0.00045527643
0,0,0.0016638411
0,0,1.4159231e-05
0,0,1.956307e-05
0,0,0.0007317791
0,0,1.2066498e-05
0,0,1.6355432e-05
0,0,3.6719608e-05
0,0,3.169292e-05
0,0,1.1554617e-05
0,0,1.6594986e-05
0,0,8.233149e-05
0,0,0.001285499
0,0,0.0011062067
0,0,3.809973e-05
0,0,4.2170974e-05
0,0,3.515788e-05
0,0,8.524304e-05
0,0,5.0491173e-05
0,0,8.322426e-06
0,0,0.00041522313
0,0,0.0005391625
0,0,0.00016656508
0,0,7.403005e-05
0,0,2.8662009e-05
0,0,2.363407e-05
0,0,1.3947309e-05
0,0,6.583161e-05
0,0,4.5238314e-05
0,0,8.513831e-06
0,0,1.5944677e-05
0,0,4.104707e-05
0,0,1.3270362e-05
0,0,0.00063615787
0,0,9.4563175e-06
0,0,0.00075158133
0,0,3.7913367e-06
0,0,8.352839e-06
0,0,9.895929e-05
0,0,4.4692923e-05
0,0,4.8068932e-06
0,0,4.8302052e-05
0,0,2.6287837e-06
0,0,0.00015076452
0,0,5.1878003e-05
0,0,0.00013875979
0,0,9.169882e-06
0,0,7.98787e-06
0,0,2.4653335e-05
0,0,0.00017822253
0,0,0.00012543985
0,0,2.4212062e-05
0,0,7.978104e-05
0,0,1.2547048e-05
0,0,9.534406e-05
0,0,0.00015180922
0,0,6.2480685e-05
0,0,2.7062953e-05
0,0,2.2194077e-05
0,0,5.7666442e-05
0,0,7.0350598e-06
0,0,5.865728e-06
0,0,4.5200064e-05
0,0,0.000285476
0,0,8.935351e-05
0,0,1.6626287e-05
0,0,6.711008e-06
0,0,4.964543e-06
0,0,0.00022164092
0,0,2.0320098e-05
0,0,5.749304e-05
0,0,6.157669e-05
0,0,5.0905924e-06
0,0,2.2669823e-05
0,0,2.1331623e-05
0,0,3.3138327e-05
0,0,9.8733435e-05
0,0,8.749574e-05
0,0,6.1951345e-05
0,0,1.3499867e-05
0,0,2.4450475e-05
0,0,4.4453653e-05
0,0,1.0613137e-05
0,0,2.6211155e-05
0,0,0.0007522441
0,0,2.8344606e-05
0,0,3.6233178e-05
0,0,5.263149e-05
0,0,9.638711e-05
0,0,7.382731e-05
0,0,6.431488e-05
0,0,2.5319076e-05
0,0,0.00062644546
0,0,1.0887108e-05
0,0,1.4478934e-05
0,0,0.00017506587
0,0,4.675396e-05
0,0,6.946909e-05
0,0,1.4184314e-05
0,0,6.41328e-06
0,0,1.6321635e-05
0,0,0.00011994784
0,0,0.00029697266
0,0,5.983341e-06
0,0,8.406742e-06
0,0,8.558058e-06
0,0,3.448808e-06
0,0,2.3451516e-05
0,0,0.0009999593
0,0,6.62165e-05
0,0,1.2895265e-05
0,0,8.770508e-05
0,0,0.00017068404
0,0,0.00015159167
0,0,2.4435605e-05
0,0,0.00010283759
0,0,3.7746404e-06
0,0,1.1755246e-05
0,0,1.5941956e-05
0,0,1.1640332e-05
0,0,0.00019813167
0,0,0.000593358
0,0,0.00011144949
0,0,0.0001522364
0,0,4.3865024e-05
0,0,0.00022641948
0,0,1.2676823e-05
0,0,0.00042760494
0,0,0.002451991
0,0,1.5611207e-05
0,0,3.92559e-05
0,0,0.00012792839
0,0,0.00013780368
0,0,2.0185826e-05
0,0,3.3847824e-05
0,0,7.440133e-05
0,0,0.008734994
0,0,1.6174079e-05
0,0,7.21531e-06
0,0,4.052695e-06
0,0,0.00027457584
0,0,4.2071606e-06
0,0,2.4874143e-05
0,0,4.3001743e-05
0,0,0.0006912575
0,0,0.0006266599
0,0,0.00063490105
0,0,0.00010828752
0,0,1.590378e-05
0,0,7.5877697e-06
0,0,0.000150703
0,0,5.5121905e-05
0,0,9.890794e-06
0,0,0.00020911785
0,0,0.00010566116
0,0,0.00029307595
0,0,1.3929031e-05
0,0,0.0001017332
0,0,0.00041879408
0,0,5.3235308e-05
0,0,3.1378833e-05
0,0,4.060379e-05
0,0,9.08684e-05
0,0,6.4494916e-06
0,0,6.9359335e-06
0,0,1.8938365e-05
0,0,4.97221e-07
0,0,2.5332141e-05
0,0,0.015367404
0,0,6.5797474e-05
0,0,7.767665e-05
0,0,8.073624e-06
0,0,2.905054e-05
0,0,2.5558835e-05
0,0,0.0034636734
0,0,1.2378446e-05
0,0,0.00025707434
0,0,8.6022716e-05
0,0,0.00013462397
0,0,1.752026e-05
0,0,0.00061444857
0,0,6.839358e-05
0,0,1.2314053e-05
0,0,0.00010867098
0,0,3.5581044e-05
0,0,8.429743e-05
0,0,5.537892e-05
0,0,6.1769692e-06
0,0,0.00028213573
0,0,9.041471e-05
0,0,0.00040789985
0,0,5.8753747e-05
0,0,2.2618126e-05
0,0,0.00068469415
0,0,5.7213033e-06
0,0,0.0001519865
0,0,3.6787183e-05
0,0,2.0152973e-05
0,0,2.7723258e-06
0,0,1.7844985e-05
0,0,0.000113114475
0,0,7.203735e-05
0,0,2.764184e-06
0,0,0.00076597085
0,0,0.0015122226
0,0,4.879716e-05
0,0,0.0018158928
0,0,0.0008120505
0,0,0.00012649412
0,0,4.7662554e-05
0,0,9.971972e-06
0,0,1.45173435e-05
0,0,1.6963617e-05
0,0,1.0992752e-05
0,0,2.0691012e-05
0,0,3.0991567e-05
0,0,7.7575205e-06
0,0,3.5594487e-05
0,0,1.8151062e-05
0,0,5.414393e-05
0,0,0.00030345673
0,0,7.691457e-05
0,0,3.4101482e-05
0,0,2.4558065e-05
0,0,0.00014611258
0,0,3.6230653e-05
0,0,3.7140704e-05
0,0,4.9387545e-05
0,0,0.0121440515
0,0,0.00019670598
0,0,0.000117298696
0,0,1.524788e-05
0,0,3.7442453e-05
0,0,0.0036160941
0,0,0.0002008737
0,0,0.00018367193
0,0,5.542171e-05
0,0,0.0001836721
0,0,1.9965486e-05
0,0,1.47290475e-05
0,0,8.199834e-05
0,0,1.4649214e-05
0,0,2.3968658e-05
0,0,2.0443622e-05
0,0,8.379244e-05
0,0,2.5845979e-05
0,0,0.00017670283
0,0,9.8184195e-05
0,0,0.00040300202
0,0,0.000121279896
0,0,1.3177317e-05
0,0,0.004450887
0,0,7.925661e-05
0,0,7.4395275e-06
0,0,7.879383e-06
0,0,0.00046163093
0,0,1.1142841e-05
0,0,1.1357964e-05
0,0,1.25879415e-05
0,0,4.831541e-06
0,0,0.000837627
0,0,3.080442e-06
0,0,1.1545133e-05
0,0,1.6162545e-05
0,0,1.7140266e-05
0,0,7.0303526e-05
0,0,1.4931133e-05
0,0,1.5603706e-05
0,0,0.00010635511
0,0,5.5403478e-05
0,0,1.0136562e-05
0,0,6.8257075e-05
0,0,9.547668e-06
0,0,0.00024241145
0,0,2.8301765e-05
0,0,0.00028618673
0,0,1.4221034e-05
0,0,8.352415e-05
0,0,3.2473108e-05
0,0,0.0007241215
0,0,2.2273802e-05
0,0,0.00013801633
0,0,3.7956854e-06
0,0,1.6864948e-05
0,0,0.0014622282
0,0,1.4795158e-05
0,0,6.583161e-05
0,0,3.2331922e-05
0,0,0.00010421184
0,0,0.0018996585
0,0,9.642696e-06
0,0,9.847218e-06
0,0,0.0003087349
0,0,0.0001179002
0,0,9.045082e-06
0,0,6.384032e-06
0,0,6.656686e-05
0,0,1.6520486e-05
0,0,5.483167e-05
0,0,2.5871377e-06
0,0,2.1714372e-05
0,0,6.8330926e-05
0,0,1.999481e-05
0,0,6.854865e-05
0,0,7.4827676e-06
0,0,3.1517866e-05
0,0,6.568719e-05
0,0,1.27458725e-05
0,0,9.110183e-06
0,0,4.338913e-06
0,0,0.00018431315
0,0,6.36049e-06
0,0,2.2111051e-05
0,0,0.00020229525
0,0,9.251219e-06
0,0,6.3429716e-06
0,0,3.149437e-05
0,0,5.1577248e-05
0,0,0.00019817628
0,0,6.769178e-05
0,0,2.2200702e-05
0,0,5.306207e-05
0,0,0.00064619246
0,0,3.161676e-05
0,0,7.6531935e-05
0,0,4.495808e-05
0,0,5.9246295e-06
0,0,7.3958736e-06
0,0,6.85395e-05
0,0,1.8553163e-05
0,0,9.3819675e-05
0,0,4.1364852e-05
0,0,1.07649e-05
0,0,7.669432e-06
0,0,7.853097e-06
0,0,3.0409143e-05
0,0,1.7031147e-05
0,0,6.880479e-05
0,0,2.969549e-06
0,0,6.1427076e-05
0,0,0.00012590374
0,0,0.00016903432
0,0,0.00041586012
0,0,5.6250316e-05
0,0,0.0003913857
0,0,6.409862e-06
0,0,6.0638686e-05
0,0,5.827659e-05
0,0,6.160879e-06
0,0,0.00015426362
0,0,0.00042317578
0,0,1.40919965e-05
0,0,7.26862e-05
0,0,1.14801915e-05
0,0,4.7955436e-05
0,0,0.00010002899
0,0,0.0006307834
0,0,0.00062355027
0,0,9.584059e-05
0,0,2.3464669e-05
0,0,9.752913e-05
0,0,6.333976e-05
0,0,6.272808e-05
0,0,2.007856e-05
0,0,2.0912958e-05
0,0,3.3260435e-06
0,0,1.1060178e-05
0,0,0.00012582993
0,0,6.389453e-06
0,0,7.902975e-06
0,0,2.8532659e-05
0,0,2.9841705e-05
0,0,9.100715e-05
0,0,1.0728465e-05
0,0,8.82578e-05
0,0,0.00015020848
0,0,3.0889976e-05
0,0,0.00040193193
0,0,5.196319e-06
0,0,1.2487755e-05
0,0,0.00029474546
0,0,2.48342e-06
0,0,2.2230957e-05
0,0,4.6911064e-06
0,0,1.0361614e-05
0,0,6.848129e-05
0,0,0.0018097123
0,0,7.763545e-06
0,0,4.6821674e-06
0,0,0.0025277596
0,0,3.7522128e-05
0,0,0.0001161445
0,0,2.6210308e-05
0,0,2.8557539e-05
0,0,4.0762816e-06
0,0,1.5419464e-05
0,0,5.086108e-06
0,0,2.766345e-05
0,0,3.8540216e-05
0,0,0.00012082175
0,0,1.1254948e-05
0,0,2.0248468e-05
0,0,3.9209393e-05
0,0,2.650932e-05
0,0,7.8664634e-05
0,0,0.00041682814
0,0,3.1714237e-05
0,0,0.00015095151
0,0,1.419988e-05
0,0,1.8639406e-05
0,0,6.369069e-05
0,0,2.0094076e-05
0,0,0.00026892606
0,0,3.4099074e-05
0,0,9.763685e-06
0,0,1.378411e-05
0,0,0.00028975916
0,0,0.00016552568
0,0,4.9114387e-05
0,0,1.2414408e-05
0,0,0.00013523383
0,0,0.00017641715
0,0,0.0030782642
0,0,7.91647e-06
0,0,4.263763e-05
0,0,0.0015879901
0,0,7.768368e-05
0,0,5.4367483e-06
0,0,2.4907255e-05
0,0,0.00033336776
0,0,2.678795e-05
0,0,4.453255e-06
0,0,7.28394e-05
0,0,0.00016377127
0,0,2.3665914e-05
0,0,4.611486e-06
0,0,2.4274516e-06
0,0,5.935728e-05
0,0,3.4915486e-06
0,0,8.739142e-06
0,0,5.2033927e-05
0,0,1.8387761e-06
0,0,3.3900997e-05
0,0,3.7243085e-06
0,0,9.2644805e-06
0,0,3.7243194e-06
0,0,0.000121434736
0,0,7.846767e-05
0,0,3.964702e-05
0,0,0.00025653225
0,0,0.00044987473
0,0,0.00017835785
0,0,1.288419e-05
0,0,4.0490922e-05
0,0,6.835856e-05
0,0,0.00018199642
0,0,4.9106275e-06
0,0,0.00030852098
0,0,1.675643e-05
0,0,2.6839654e-05
0,0,3.192315e-05
0,0,1.3652278e-05
0,0,5.027976e-05
0,0,6.2606505e-06
0,0,0.00013626847
0,0,0.00018256878
0,0,5.4550455e-05
0,0,2.320971e-05
0,0,1.0918103e-05
0,0,0.00028046168
0,0,5.7447603e-05
0,0,6.3557214e-05
0,0,0.00021206542
0,0,1.1164593e-05
0,0,9.505295e-06
0,0,1.6428123e-05
0,0,0.00640198
0,0,0.00017640858
0,0,3.524015e-05
0,0,3.3690252e-05
0,0,5.6386136e-05
0,0,2.9924313e-06
0,0,1.2047056e-05
0,0,9.515051e-05
0,0,0.00017127766
0,0,2.3641778e-05
0,0,4.286667e-06
0,0,0.00042857637
0,0,0.00012509178
0,0,2.8217926e-05
0,0,2.2690954e-05
0,0,0.0006643308
0,0,5.012264e-05
0,0,0.00012382669
0,0,1.654426e-05
0,0,4.558091e-06
0,0,0.00014540722
0,0,1.6271733e-05
0,0,1.9216077e-05
0,0,4.893755e-06
0,0,8.3543346e-05
0,0,4.5141483e-06
0,0,3.5971247e-05
0,0,1.7338025e-05
0,0,0.00014511193
0,0,0.00016511047
0,0,0.00022271408
0,0,5.5189e-06
0,0,7.3256866e-05
0,0,0.00012814143
0,0,3.9795657e-05
0,0,6.7270346e-05
0,0,1.780794e-05
0,0,0.00018522257
0,0,3.414199e-05
0,0,0.00069947913
0,0,3.524871e-06
0,0,3.4402838e-05
0,0,4.5346e-06
0,0,4.7254285e-05
0,0,1.5422787e-05
0,0,0.00019799778
0,0,0.00010941527
0,0,1.3973456e-05
0,0,5.4213368e-05
0,0,0.0022920782
0,0,1.186524e-05
0,0,1.2431456e-05
0,0,0.0012617115
0,0,9.477534e-06
0,0,2.768492e-06
0,0,0.0006072952
0,0,0.0003312919
0,0,0.0003155449
0,0,1.29458585e-05
0,0,8.651969e-05
0,0,2.2205912e-05
0,0,3.2963304e-05
0,0,0.00018028155
0,0,3.256649e-06
0,0,1.1762917e-05
0,0,5.1698236e-05
0,0,5.8580017e-06
0,0,0.00020510113
0,0,2.4924815e-05
0,0,2.8703655e-06
0,0,8.309183e-05
0,0,2.5955473e-05
0,0,1.4286335e-05
0,0,9.471924e-05
0,0,6.4812084e-06
0,0,2.2300666e-05
0,0,0.00030039976
0,0,2.2644263e-05
0,0,0.0002931774
0,0,3.7983496e-05
0,0,6.549542e-05
0,0,5.3291184e-05
0,0,0.0002112884
0,0,0.00061224645
0,0,2.8873332e-05
0,0,5.1987205e-05
0,0,7.2717194e-06
0,0,3.1320327e-05
0,0,1.3230354e-05
0,0,1.5070493e-06
0,0,5.2605497e-05
0,0,3.0207948e-05
0,0,0.00025158105
0,0,6.694876e-05
0,0,0.0001383609
0,0,1.7999733e-05
0,0,0.0001750088
0,0,0.00108766
0,0,1.2266385e-05
0,0,0.00036149388
0,0,7.54922e-06
0,0,1.0181127e-05
0,0,1.8860537e-05
0,0,2.6288657e-05
0,0,0.00014129934
0,0,5.71114e-05
0,0,5.6040294e-06
0,0,0.00024863868
0,0,7.9974825e-06
0,0,0.00012851477
0,0,0.00035963874
0,0,0.0007907064
0,0,1.5476418e-05
0,0,5.000796e-05
0,0,2.156198e-05
0,0,1.2445738e-05
0,0,0.00017434373
0,0,7.461811e-05
0,0,3.6746125e-05
0,0,1.3907157e-05
0,0,0.00012199113
0,0,3.0624303e-06
0,0,9.746368e-05
0,0,0.00013752331
0,0,3.2274715e-05
0,0,0.00015158053
0,0,1.5563877e-05
0,0,6.478683e-05
0,0,9.2356466e-05
0,0,2.0708503e-05
0,0,4.3959957e-05
0,0,6.348906e-05
0,0,0.0004835063
0,0,0.003715545
0,0,6.885867e-05
0,0,7.828694e-05
1,0,0.0030129463
0,0,1.3683103e-05
0,0,2.5871206e-05
0,0,3.6497226e-05
0,0,4.9612474e-05
0,0,5.394216e-05
0,0,0.000108249726
0,0,1.5181425e-05
0,0,3.321714e-05
0,0,1.5492855e-05
0,0,3.2504374e-06
0,0,0.00024817922
0,0,6.8155596e-06
0,0,2.6666878e-05
0,0,2.9500521e-05
0,0,0.00017727324
0,0,4.791538e-06
0,0,0.00011099122
0,0,2.941408e-05
0,0,7.961962e-05
0,0,1.0215089e-05
0,0,1.980179e-06
0,0,3.4953617e-05
0,0,3.816136e-05
0,0,8.0496975e-06
0,0,1.1647916e-05
0,0,3.2108477e-05
0,0,3.15815e-05
0,0,0.00010299148
0,0,0.0009537971
0,0,1.6444377e-05
0,0,2.4921628e-05
0,0,5.4272645e-05
0,0,0.000101562604
0,0,0.0003093887
0,0,5.0003666e-05
0,0,3.286058e-05
0,0,1.4990313e-05
0,0,3.112556e-05
0,0,0.00011277286
0,0,0.00015486772
0,0,0.000120230456
0,0,0.0002931176
0,0,0.001720652
0,0,4.1446707e-05
0,0,2.0061621e-05
0,0,0.00070800626
0,0,4.477026e-05
0,0,1.0961504e-05
0,0,3.9164774e-05
0,0,1.629916e-05
0,0,4.054218e-06
0,0,0.00021203246
0,0,2.3733242e-05
0,0,9.8748e-06
0,0,0.00047105268
0,0,2.5348503e-05
0,0,1.1117122e-05
0,0,0.000164021
0,0,3.4491797e-05
0,0,0.00019793039
0,0,9.020936e-06
0,0,9.180347e-06
0,0,2.2740107e-05
0,0,1.1211626e-05
0,0,3.8142734e-05
0,0,2.6407433e-05
0,0,0.00012526367
0,0,6.427724e-06
0,0,1.1191969e-05
0,0,3.471073e-05
0,0,2.5398009e-05
0,0,2.6657675e-05
0,0,0.0003167937
0,0,0.00015040972
0,0,6.2458785e-06
0,0,2.5860845e-05
0,0,6.0918275e-05
0,0,6.632222e-05
0,0,8.039515e-05
0,0,2.2330567e-05
0,0,4.267383e-05
0,0,1.3988361e-05
0,0,1.466149e-06
0,0,7.997856e-05
0,0,1.4881874e-05
0,0,0.0001641911
0,0,4.9911006e-05
0,0,0.0003765277
0,0,3.580915e-05
0,0,3.79521e-05
0,0,0.0007130872
0,0,0.000102655955
0,0,1.8563871e-05
0,0,9.399153e-06
0,0,2.7071135e-06
0,0,1.7360146e-05
0,0,0.0003195236
0,0,1.057751e-05
0,0,0.00015806095
0,0,1.6031128e-05
0,0,0.00011426666
0,0,0.001358205
0,0,3.7700604e-05
0,0,8.925004e-05
0,0,0.00011643182
0,0,5.929332e-06
0,0,4.182813e-05
0,0,6.422792e-06
0,0,4.268189e-05
0,0,7.806374e-05
0,0,0.00013316581
0,0,3.7734128e-05
0,0,4.421954e-05
0,0,1.6273687e-05
0,0,0.0019959186
0,0,0.00037293977
0,0,1.2060976e-05
0,0,6.938977e-05
0,0,0.00016833641
0,0,9.650165e-06
0,0,9.692325e-06
0,0,3.6939295e-05
0,0,0.00010401139
0,0,0.0007592248
0,0,1.1645229e-05
0,0,1.1272382e-05
0,0,0.0002452951
0,0,7.6009135e-05
0,0,0.00016508401
0,0,9.7414095e-06
0,0,6.693019e-05
0,0,6.258973e-06
0,0,7.053911e-05
0,0,2.683996e-05
0,0,3.4021767e-05
0,0,6.525995e-05
0,0,9.974039e-05
0,0,3.1971227e-05
0,0,1.9287072e-05
0,0,1.1553207e-05
0,0,1.1893018e-05
0,0,0.01008681
0,0,6.4358996e-05
0,0,0.0010518639
0,0,5.2570093e-05
0,0,0.00025316072
0,0,1.6828832e-05
0,0,0.00230427
0,0,7.996979e-06
0,0,6.7581304e-06
0,0,7.2880553e-06
0,0,2.9936167e-05
0,0,0.00012480358
0,0,4.546476e-05
0,0,9.073739e-06
0,0,4.1800376e-05
0,0,3.0493271e-05
0,0,6.753144e-06
0,0,6.084036e-05
0,0,2.621868e-05
0,0,0.0025538127
0,0,8.014371e-06
0,0,3.7377085e-06
0,0,5.0780174e-05
0,0,2.7281474e-05
0,0,5.071723e-06
0,0,4.2675447e-06
0,0,0.00011714499
0,0,0.00019409283
0,0,2.8688588e-05
0,0,0.000111750654
0,0,4.467183e-05
0,0,8.623017e-06
0,0,5.34513e-05
0,0,0.0017720247
0,0,1.9054489e-05
0,0,0.00076383515
0,0,0.00014085892
0,0,2.2755116e-06
0,0,6.3614876e-05
0,0,0.0012907843
0,0,7.0177316e-06
0,0,0.00072439696
0,0,0.00014140515
0,0,5.32446e-05
0,0,0.00012839118
0,0,5.316616e-05
0,0,0.0011974204
0,0,1.20661425e-05
0,0,3.3473511e-06
0,0,0.0004991445
0,0,3.671348e-05
0,0,1.2707349e-05
0,0,4.506621e-05
0,0,6.709237e-05
0,0,0.000110242625
0,0,0.000110059016
0,0,7.504183e-05
0,0,4.1787305e-05
0,0,6.515958e-05
0,0,9.940031e-06
0,0,0.0001654534
0,0,0.00017586275
0,0,0.00044271513
0,0,8.075425e-06
0,0,0.0017094811
0,0,1.2655383e-05
0,0,0.00022320494
0,0,1.1394927e-05
0,0,2.1243739e-05
0,0,0.00043866882
0,0,3.170589e-05
0,0,0.00013301999
0,0,0.00093559705
0,0,1.8687088e-05
0,0,8.785935e-05
0,0,3.056233e-05
0,0,1.0565694e-05
0,0,2.177509e-05
0,0,0.00014182403
0,0,2.6801104e-06
0,0,0.00047845845
0,0,2.0377786e-06
0,0,2.2468517e-05
0,0,0.0004576687
0,0,1.4227491e-05
0,0,3.7419893e-05
0,0,0.00047348632
0,0,1.9145744e-05
0,0,3.7578564e-05
0,0,5.8837004e-06
0,0,1.3531318e-05
0,0,1.6675338e-05
0,0,3.0527197e-05
0,0,1.9118777e-05
0,0,3.09809e-05
0,0,9.344954e-06
0,0,1.8522314e-05
0,0,4.043042e-05
0,0,0.00016885453
0,0,8.402967e-06
0,0,0.00016351475
0,0,2.8940146e-06
0,0,3.152845e-05
0,0,9.169795e-06
0,0,0.008149196
0,0,4.1634034e-06
0,0,1.9387187e-05
0,0,5.376719e-05
0,0,2.2278484e-06
0,0,1.27643125e-05
0,0,8.7712186e-05
0,0,0.00015657082
0,0,9.6829855e-05
0,0,3.109222e-05
0,0,5.6141075e-06
0,0,8.737317e-06
0,0,9.510572e-06
0,0,2.0483238e-05
0,0,1.04232395e-05
0,0,2.2673865e-05
0,0,2.0290406e-06
0,0,2.3927412e-05
0,0,1.0626263e-05
0,0,0.00011140592
0,0,0.0029839352
0,0,3.5073055e-05
0,0,2.095544e-05
0,0,6.649593e-05
0,0,1.3292615e-05
0,0,4.47329e-06
0,0,5.4793094e-05
0,0,2.8548444e-05
0,0,2.7675324e-05
0,0,2.0301428e-05
0,0,8.160756e-06
0,0,1.0522997e-05
0,0,3.4342884e-05
0,0,3.3251465e-05
0,0,3.7052703e-06
0,0,1.4737309e-05
0,0,0.0003719371
0,0,0.00018781498
0,0,0.00030242422
0,0,3.387238e-06
0,0,0.00012612557
0,0,8.794695e-05
0,0,0.0017737435
0,0,3.890287e-06
0,0,3.8579416e-05
0,0,6.1954e-05
0,0,6.2126106e-05
0,0,1.9959945e-05
0,0,1.5359732e-05
0,0,0.00012430036
0,0,2.2386153e-05
0,0,1.3362775e-05
0,0,3.267611e-05
0,0,3.7906128e-05
1,1,0.9867895
0,0,0.00013403119
0,0,1.142387e-05
0,0,0.0001448925
0,0,7.6697484e-05
0,0,8.714823e-06
0,0,1.5656757e-05
0,0,9.7932105e-05
0,0,5.3503776e-05
0,0,0.00018078143
0,0,0.00034056275
0,0,1.6851314e-05
0,0,6.126411e-06
0,0,0.0001130569
0,0,0.00021380986
0,0,1.1006505e-05
0,0,4.3100035e-06
0,0,1.7645583e-05
0,0,1.5081625e-05
0,0,3.6658625e-05
0,0,2.9149582e-05
0,0,3.1176747e-05
0,0,6.43171e-06
0,0,0.00014466498
0,0,3.3343708e-06
0,0,6.985707e-06
0,0,0.00016364452
0,0,7.42903e-05
0,0,4.395002e-05
0,0,2.6575612e-05
0,0,0.0012625952
0,0,7.630475e-06
0,0,0.0002523539
0,0,0.0001367368
0,0,1.2477005e-05
0,0,6.0207338e-05
0,0,0.00081993407
0,0,3.152541e-05
0,0,9.897599e-05
0,0,2.3408771e-05
0,0,0.00041098878
0,0,1.3355207e-05
0,0,0.00021982276
0,0,5.759076e-06
0,0,4.4779823e-05
0,0,0.00016163393
0,0,7.5830096e-05
0,0,0.00015158473
0,0,0.00021787967
0,0,7.469165e-05
0,0,2.1984333e-06
0,0,0.00027310153
0,0,3.1550524e-05
0,0,3.139745e-05
0,0,0.00019166144
0,0,6.2017665e-05
0,0,9.778932e-05
0,0,2.2246755e-05
0,0,6.044611e-06
0,0,3.3522927e-05
0,0,0.00056808704
0,0,4.218257e-06
0,0,0.00057239487
0,0,8.057844e-05
0,0,0.0062404107
0,0,1.9071376e-05
0,0,0.0001212444
0,0,5.1320935e-06
0,0,3.3119686e-05
0,0,6.117565e-05
0,0,0.00010733688
0,0,2.5458972e-05
0,0,2.4827925e-06
0,0,3.1148753e-05
0,0,6.939758e-06
0,0,2.560128e-05
0,0,0.000112871945
0,0,1.0249526e-05
0,0,2.9940393e-05
0,0,1.1506816e-05
0,0,4.6393412e-05
0,0,5.6766665e-05
0,0,5.9838774e-05
0,0,1.7286975e-05
0,0,1.4767698e-05
0,0,0.0005170004
0,0,1.9165227e-06
0,0,3.4592795e-05
0,0,0.0006072092
0,0,2.8798726e-05
0,0,5.70411e-06
0,0,5.0616773e-06
0,0,1.5406986e-05
0,0,0.00027630304
0,0,2.334903e-06
0,0,7.315139e-05
0,0,9.056261e-05
0,0,9.8670625e-06
0,0,0.00023292635
0,0,9.542361e-06
0,0,3.6305708e-05
0,0,9.000347e-06
0,0,0.00049135386
0,0,1.44437945e-05
0,0,8.542271e-05
0,0,1.7219745e-05
0,0,2.2505596e-05
0,0,1.7978118e-05
0,0,7.904438e-06
0,0,9.095642e-06
0,0,4.8706916e-05
0,0,1.9726226e-06
0,0,7.0128764e-05
0,0,0.00018165921
0,0,4.4707114e-05
0,0,1.4548929e-05
0,0,5.6559106e-06
0,0,0.00015041846
0,0,0.000107187545
0,0,0.002103423
0,0,8.432436e-05
0,0,0.0002648288
0,0,0.0006215308
0,0,0.00013840829
0,0,4.207862e-05
0,0,1.0732323e-05
0,0,1.7814464e-05
0,0,2.945922e-05
0,0,5.5972196e-06
0,0,1.635406e-05
0,0,0.00015586536
0,0,2.8089027e-05
0,0,0.00010957689
0,0,3.3594933e-05
0,0,0.00013633344
0,0,2.973203e-05
0,0,0.00013714995
0,0,0.00010056852
0,0,5.6759465e-05
0,0,0.00066267216
0,0,3.628975e-05
0,0,2.1737433e-05
0,0,1.6402808e-05
0,0,3.145634e-05
0,0,0.0007488767
0,0,3.5263583e-05
0,0,5.313938e-06
0,0,2.440149e-05
0,0,0.00011558611
0,0,9.204163e-05
0,0,9.194075e-05
0,0,0.000105243445
0,0,2.7217104e-05
0,0,6.8354195e-05
0,0,9.548755e-05
0,0,3.581796e-05
0,0,1.1245432e-05
0,0,0.00018848394
0,0,0.00037295825
0,0,7.6073766e-06
0,0,0.0005354142
0,0,5.4682696e-06
0,0,0.00019633536
0,0,0.021895519
0,0,5.806391e-05
0,0,5.77186e-05
0,0,5.210066e-05
0,0,5.76345e-05
0,0,2.1528365e-05
0,0,3.839063e-05
0,0,2.2208389e-05
0,0,1.2480146e-05
0,0,0.0001192426
0,0,1.10960555e-05
0,0,6.020827e-06
0,0,4.843854e-05
0,0,1.9325571e-05
0,0,7.030889e-05
0,0,3.194782e-05
0,0,1.6049758e-05
0,0,6.40153e-05
0,0,4.3724017e-06
0,0,0.00040051926
0,0,8.2258666e-05
0,0,3.4449524e-05
0,0,5.2979426e-06
0,0,3.1114552e-05
0,0,2.1629057e-05
0,0,0.00011647401
0,0,1.2748522e-05
0,0,0.0007253592
0,0,0.00017553607
0,0,1.5157671e-05
0,0,5.5741593e-06
0,0,0.00014458846
0,0,4.2881635e-05
0,0,5.3224496e-05
0,0,0.00016339972
0,0,1.6843747e-05
0,0,0.00016374612
0,0,1.8959596e-05
0,0,0.000105506406
0,0,0.0002618119
0,0,2.170754e-05
0,0,0.0021960991
0,0,1.01472015e-05
0,0,4.6831738e-05
0,0,0.00051710877
0,0,0.00032000465
0,0,2.629425e-05
0,0,4.9462393e-05
0,0,0.0003722869
0,0,6.8475216e-05
0,0,0.00014698778
0,0,8.344774e-06
0,0,1.2517884e-05
0,0,0.0006315022
0,0,3.4893103e-05
0,0,1.2575641e-05
0,0,0.00030126478
0,0,2.8730588e-05
0,0,0.00012050339
0,0,6.72563e-05
0,0,6.767597e-05
0,0,0.00010062636
0,0,3.6541453e-05
0,0,0.00022611982
0,0,2.5366568e-05
0,0,3.9737256e-06
0,0,0.00012412127
0,0,2.6802713e-06
0,0,2.2998567e-05
0,0,2.291861e-05
0,0,8.691243e-06
0,0,6.0837465e-05
0,0,0.00011249898
0,0,8.105277e-06
0,0,5.327289e-05
0,0,0.0003843218
0,0,1.8239018e-05
0,0,8.478209e-05
0,0,1.5332116e-05
0,0,1.4734429e-05
0,0,2.9398741e-05
0,0,0.00011288852
0,0,5.497497e-05
0,0,0.00013903169
0,0,4.0006846e-05
0,0,0.0010431882
0,0,0.00012697255
0,0,1.8606213e-05
0,0,0.00021514339
0,0,9.168326e-05
0,0,3.6657293e-05
0,0,2.9087048e-05
0,0,8.397271e-06
0,0,0.00220291
0,0,0.00014889498
0,0,5.0449644e-06
0,0,2.8527244e-05
0,0,0.0003394262
0,0,3.154292e-06
0,0,0.00083841785
0,0,4.1796073e-05
0,0,0.001454139
0,0,8.75222e-06
0,0,1.719513e-05
0,0,2.8769271e-05
0,0,1.7424534e-05
0,0,0.0002133181
0,0,0.00047202333
0,0,4.820914e-05
0,0,2.784077e-05
0,0,6.9223286e-05
0,0,0.00063739956
0,0,1.0462947e-05
0,0,1.052094e-05
0,0,0.00017161817
0,0,0.0012087219
0,0,4.0712353e-06
0,0,3.0854677e-05
0,0,2.1574033e-05
0,0,0.000134296
0,0,2.1526108e-05
0,0,8.307058e-06
0,0,1.27046715e-05
0,0,8.9545e-06
0,0,2.7649023e-05
0,0,4.205764e-05
0,0,6.244644e-05
0,0,0.00017393014
0,0,7.382731e-05
0,0,0.0008808139
0,0,4.3183216e-05
0,0,2.7927192e-05
0,0,7.309334e-06
0,0,7.9502475e-05
0,0,1.4047945e-05
0,0,5.7947636e-05
0,0,0.00013808491
0,0,0.00012901967
0,0,8.274881e-05
0,0,0.00633588
0,0,6.027922e-06
0,0,0.000112811584
0,0,7.4083755e-06
0,0,6.5451655e-05
0,0,0.00029552123
0,0,3.9032115e-05
0,0,1.1904139e-05
0,0,3.21538e-05
0,0,0.000120982586
0,0,0.00012330954
0,0,3.6062127e-05
0,0,5.837643e-05
0,0,1.774559e-05
0,0,1.3773255e-05
0,0,6.0893068e-05
0,0,9.315574e-06
0,0,3.7885602e-05
0,0,3.885426e-05
0,0,3.9621727e-06
0,0,4.790187e-05
0,0,0.000739753
0,0,7.756899e-06
0,0,3.1994317e-05
0,0,9.03229e-06
0,0,2.3559807e-05
0,0,0.00014849486
0,0,0.00013814971
0,0,2.1726097e-05
0,0,5.799767e-05
0,0,4.008735e-05
0,0,0.00023108414
0,0,3.7010803e-05
0,0,0.00014366163
0,0,0.00012656844
0,0,2.2066435e-05
0,0,1.7140708e-05
0,0,1.5127664e-05
0,0,2.6282467e-05
0,0,4.043434e-06
0,0,0.00025167703
0,0,0.0003354107
0,0,2.4134886e-06
0,0,0.00314332
0,0,0.0006965741
0,0,5.404782e-05
0,0,0.0004514008
0,0,0.00019480127
0,0,1.9584722e-06
0,0,9.200293e-05
0,0,1.6218053e-05
0,0,0.0019706432
0,0,1.0149612e-05
0,0,0.0042737178
0,0,0.00024582492
0,0,3.630678e-05
0,0,0.0013459668
0,0,0.00033363068
0,0,1.5969725e-05
0,0,2.1348453e-05
0,0,1.9762434e-05
0,0,0.0004077682
0,0,0.00029446962
0,0,3.552148e-05
0,0,2.055772e-05
0,0,8.823615e-06
0,0,1.9704903e-05
0,0,0.00011357816
0,0,0.00012421956
0,0,0.00057401013
0,0,2.3867862e-05
0,0,6.2494537e-06
0,0,0.00030551956
0,0,0.00010740455
0,0,1.4011821e-05
0,0,7.2563336e-05
0,0,7.090297e-06
0,0,8.433177e-06
0,0,2.24279e-06
0,0,4.7281424e-05
0,0,0.00031014622
0,0,0.00014334213
0,0,0.00010460361
0,0,0.00012725995
0,0,6.877645e-05
0,0,4.8940787e-05
0,0,2.1652626e-05
0,0,1.0304941e-05
0,0,6.0752238e-05
0,0,0.00010399781
0,0,4.74135e-06
0,0,4.870195e-05
0,0,6.6282264e-05
0,0,1.169259e-05
0,0,5.1902075e-06
0,0,6.7692513e-06
0,0,6.1801584e-05
0,0,3.883385e-05
0,0,0.0002537888
0,0,6.6668085e-06
0,0,4.0224713e-05
0,0,9.608227e-06
0,0,5.485735e-05
0,0,5.4039856e-06
0,0,7.1971594e-06
0,0,4.5468667e-05
0,0,0.005901002
0,0,2.1072956e-05
0,0,4.01552e-06
0,0,1.8945573e-05
0,0,2.6323001e-05
0,0,3.1459913e-05
0,0,8.339228e-05
0,0,1.2751695e-05
0,0,3.34587e-05
0,0,1.6526159e-05
0,0,0.00012418759
0,0,3.7449525e-05
0,0,0.00021921912
0,0,7.106255e-05
0,0,2.0881409e-05
0,0,1.1424306e-05
0,0,0.00018947264
0,0,8.058466e-05
0,0,4.023075e-06
0,0,2.3796517e-06
0,0,0.00011461598
0,0,0.00015880572
0,0,7.1281436e-05
0,0,2.1473252e-05
0,0,1.9364552e-05
0,0,9.129912e-05
0,0,0.00036909632
0,0,2.9447176e-06
0,0,1.2321302e-06
0,0,1.0205819e-05
0,0,0.00012642551
0,0,0.00010109851
0,0,1.0505751e-05
0,0,7.29098e-05
0,0,3.0839674e-05
0,0,4.592215e-06
0,0,0.00036688233
0,0,3.986844e-05
0,0,5.1569034e-05
0,0,7.081071e-05
0,0,0.00043827886
0,0,0.0001552298
0,0,8.831934e-05
0,0,2.5840507e-05
0,0,0.00027053256
0,0,7.746634e-05
0,0,2.7737415e-05
0,0,3.2403317e-05
0,0,5.8761758e-05
0,0,9.95606e-05
0,0,7.6222605e-05
0,0,9.5589865e-05
0,0,4.2116077e-05
0,0,8.144939e-05
0,0,2.3423889e-05
0,0,8.417461e-05
0,0,0.0020460424
0,0,0.00012418379
0,0,2.1708947e-05
0,0,6.5176486e-05
0,0,1.5218228e-05
0,0,3.670354e-06
0,0,1.42737645e-05
0,0,0.00022575553
0,0,1.8662317e-05
0,0,4.8143946e-05
0,0,0.00085275597
0,0,0.00018632985
0,0,0.0001655754
0,0,0.0006434543
0,0,4.0147274e-06
0,0,6.581429e-05
0,0,1.2082055e-05
0,0,3.7678394e-05
0,0,5.7783636e-05
0,0,0.00015117392
0,0,2.7919017e-05
0,0,4.897272e-05
0,0,4.438554e-05
0,0,9.043937e-05
0,0,1.6815933e-05
0,0,1.2121004e-05
0,0,9.516658e-05
0,0,0.014479105
0,0,5.8953887e-05
0,0,4.1772524e-05
0,0,7.046407e-06
0,0,2.591086e-05
0,0,0.00010817266
0,0,1.7279492e-05
0,0,2.2139945e-06
0,0,1.09340135e-05
0,0,1.0537368e-05
0,0,0.00027966304
0,0,0.00018061086
0,0,4.865432e-05
0,0,3.3322733e-05
0,0,9.053869e-05
0,0,2.286822e-05
0,0,6.195944e-05
0,0,1.4210663e-05
0,0,1.7851045e-05
0,0,3.1594816e-05
0,0,9.862329e-07
0,0,0.00029886945
0,0,0.00022300541
0,0,6.244116e-06
0,0,6.0944363e-05
0,0,0.0047503007
0,0,3.333878e-05
0,0,4.6932364e-06
0,0,1.3229433e-05
0,0,4.1734856e-05
0,0,4.140799e-05
0,0,0.00022951304
0,0,3.7356845e-06
0,0,6.4617243e-06
0,0,3.7060992e-05
0,0,1.08677505e-05
0,0,9.122515e-05
0,0,2.1110349e-05
0,0,6.347135e-06
0,0,5.124182e-05
0,0,8.49235e-06
0,0,6.6675755e-05
0,0,3.8513066e-05
0,0,7.903246e-06
0,0,3.543449e-06
0,0,5.383312e-05
0,0,1.6127504e-05
0,0,1.26786e-05
0,0,2.2112063e-05
0,0,0.00016289756
0,0,0.00014838645
0,0,8.1805505e-05
0,0,0.00022944676
0,0,1.8531273e-05
0,0,4.7596986e-06
0,0,5.544693e-05
0,0,6.567129e-05
0,0,3.6199708e-05
0,0,0.00016269591
0,0,0.0016742239
0,0,1.345265e-05
0,0,2.5497084e-06
0,0,0.00013519605
0,0,9.532679e-05
0,0,2.976748e-06
0,0,6.227227e-06
0,0,0.00030564368
0,0,5.4665492e-05
0,0,3.536448e-05
0,0,8.803547e-05
0,0,0.00010278525
0,0,4.083838e-05
0,0,1.5615482e-05
0,0,0.00015577115
0,0,6.704287e-05
0,0,9.7358345e-05
0,0,2.206292e-05
0,0,5.68656e-05
0,0,1.7681616e-05
0,0,1.6635628e-05
0,0,2.3794477e-05
0,0,0.0016176493
0,0,2.0218444e-05
0,0,2.4902007e-05
0,0,2.2568936e-05
0,0,3.9594648e-05
0,0,0.00031448322
0,0,1.1644763e-05
0,0,2.7762793e-05
0,0,1.8126733e-06
0,0,1.4931416e-05
0,0,0.0005595701
0,0,2.2998458e-05
0,0,1.9796971e-05
0,0,0.00016010173
0,0,0.00014940284
0,0,2.0127457e-06
0,0,7.52524e-06
0,0,3.0260942e-05
0,0,4.575752e-06
0,0,2.173905e-05
0,0,4.6802434e-06
0,0,1.8305864e-05
0,0,6.376998e-06
0,0,0.000119741446
0,0,3.122534e-05
0,0,2.3817678e-05
0,0,4.2602675e-05
0,0,0.0002677196
0,0,0.00011347012
0,0,0.0022221897
0,0,8.09566e-05
0,0,2.2934155e-05
0,0,2.4799958e-05
0,0,6.799092e-05
0,0,7.325785e-05
0,0,0.00012182082
0,0,0.000115071336
0,0,5.333403e-06
0,0,1.3457013e-05
0,0,0.00036389643
0,0,1.235804e-05
0,0,1.584353e-05
0,0,1.0878069e-05
0,0,0.000577048
0,0,3.0108005e-05
0,0,0.00016948023
0,0,4.237797e-06
0,0,8.294717e-06
0,0,0.00028314785
0,0,1.5413452e-05
0,0,6.852996e-05
0,0,3.3736582e-05
0,0,2.6961536e-05
0,0,0.0003373086
0,0,3.217211e-05
0,0,8.995181e-06
0,0,8.436233e-06
0,0,2.8173801e-05
0,0,0.00040218473
0,0,5.4109064e-06
0,0,5.033224e-05
0,0,1.8865898e-05
0,0,2.8896802e-05
0,0,0.00025442164
0,0,0.00015921994
0,0,1.9485333e-05
0,0,0.0003145252
0,0,0.00042063955
0,0,2.3193006e-05
0,0,1.6581063e-05
0,0,0.00014289096
0,0,2.2784021e-05
0,0,0.0007760079
0,0,0.0002835028
0,0,0.0001500463
0,0,8.939714e-06
0,0,3.292152e-05
0,0,2.7612843e-05
0,0,2.2404009e-05
0,0,0.0001831595
0,0,0.00019303273
0,0,0.00019246612
0,0,3.0672025e-05
0,0,2.4207306e-05
0,0,2.099893e-05
0,0,0.0008587611
0,0,0.0010415
0,0,6.0157407e-05
0,0,9.7879165e-05
0,0,2.3538742e-05
0,0,5.5675606e-05
0,0,3.2252283e-06
0,0,3.4503937e-05
0,0,4.5183297e-05
0,0,0.0025923625
0,0,4.345307e-06
0,0,7.885894e-05
0,0,2.279593e-06
0,0,8.273453e-05
0,0,2.3309107e-05
0,0,9.861324e-06
0,0,1.3808318e-05
0,0,5.1829003e-05
0,0,1.525972e-05
0,0,9.666997e-05
0,0,0.00026039613
0,0,1.6465781e-05
0,0,9.960248e-05
0,0,1.5124531e-05
0,0,3.069956e-05
0,0,1.0527284e-05
0,0,0.0001713144
0,0,0.00030400086
0,0,0.0014751835
0,0,7.8859075e-06
0,0,5.626923e-06
0,0,7.0173584e-05
0,0,2.233097e-05
0,0,0.00010289331
0,0,0.00025049658
0,0,2.2165015e-05
0,0,5.0295484e-06
0,0,1.6749549e-06
0,0,2.9778907e-05
0,0,1.1421082e-05
0,0,2.280565e-05
0,0,3.0832467e-05
0,0,8.016265e-05
0,0,8.40098e-06
0,0,6.30238e-06
0,0,1.0903337e-05
0,0,5.3044087e-06
0,0,9.194443e-05
0,0,0.001561962
0,0,4.3084743e-05
0,0,6.9882126e-06
0,0,4.87183e-05
0,0,0.00016408467
0,0,5.5156295e-05
0,0,7.68862e-06
0,0,9.356307e-06
1,1,0.959067
0,0,4.301421e-05
0,0,4.055503e-05
0,0,0.0013804204
0,0,5.288955e-05
0,0,1.748901e-05
0,0,9.204245e-06
0,0,3.4806e-05
0,0,6.8704294e-06
0,0,6.2235044e-06
0,0,2.153385e-05
0,0,2.2102647e-06
0,0,0.0004177498
0,0,3.4782813e-06
0,0,6.186402e-06
0,0,1.0477845e-05
0,0,0.00017861484
0,0,4.1638013e-05
0,0,0.0001032117
0,0,7.862309e-05
1,1,0.9543483
0,0,1.5849335e-05
0,0,1.0694296e-05
0,0,2.683412e-06
0,0,2.4782768e-05
0,0,2.4848205e-05
0,0,4.1996438e-05
0,0,3.5735156e-05
0,0,9.6439144e-05
0,0,0.00025735953
0,0,0.0007662987
0,0,5.9716498e-05
0,0,1.1218e-05
0,0,0.00088250585
0,0,0.00030755097
0,0,4.479553e-06
0,0,0.0028019673
0,0,0.00910416
0,0,3.6069487e-05
0,0,1.0384663e-05
0,0,9.606669e-06
0,0,0.0012660193
0,0,2.4002671e-05
0,0,7.929615e-05
0,0,2.7155688e-06
0,0,2.6223957e-05
0,0,4.5396714e-06
0,0,5.3233227e-05
0,0,0.0001209812
0,0,7.97449e-06
0,0,1.8396006e-06
0,0,3.8248313e-06
0,0,9.177564e-06
0,0,4.3582157e-05
0,0,3.5676418e-05
0,0,0.00036408938
0,0,6.091979e-05
0,0,0.00012979769
0,0,6.151371e-05
0,0,0.00022530052
0,0,1.9994124e-05
0,0,4.90497e-05
0,0,0.0001434834
0,0,1.4947901e-05
0,0,1.775302e-05
0,0,1.0325087e-05
0,0,0.00047724615
0,0,0.0001394212
0,0,0.00017403315
0,0,1.518102e-05
0,0,2.9110523e-05
0,0,0.00079902005
0,0,0.000117412164
0,0,0.00053355604
0,0,2.2882006e-05
0,0,5.104559e-06
0,0,4.6874542e-05
0,0,5.295336e-06
0,0,0.00021755043
0,0,4.5088906e-05
0,0,0.00031056846
0,0,9.1405134e-05
0,0,0.0024762542
0,0,7.5199285e-05
0,0,4.167027e-05
0,0,9.348657e-07
0,0,7.0184295e-05
0,0,4.23961e-05
0,0,6.506043e-05
0,0,7.7917815e-07
0,0,1.7662825e-05
0,0,5.7276447e-05
0,0,9.05981e-05
0,0,1.0827416e-05
0,0,0.00012378088
0,0,3.4276788e-06
0,0,1.279278e-05
0,0,5.170287e-05
0,0,7.554282e-06
0,0,2.406616e-05
0,0,0.00026734182
0,0,3.892543e-05
0,0,1.3945485e-05
0,0,3.1446507e-06
0,0,2.0279465e-05
0,0,7.3867726e-05
0,0,2.3027691e-05
0,0,1.7306043e-05
0,0,2.7277596e-05
0,0,5.0076345e-05
0,0,5.130186e-05
0,0,3.7819507e-05
0,0,0.00027110294
0,0,3.2047206e-05
0,0,0.00012377261
0,0,0.00058686605
0,0,1.8968241e-05
0,0,1.7391463e-05
0,0,0.00031494652
0,0,2.741064e-05
0,0,2.0493848e-05
0,0,4.558867e-05
0,0,6.742822e-06
0,0,5.2196738e-05
0,0,1.5591211e-05
0,0,8.262439e-05
0,0,6.5723165e-05
0,0,2.0415568e-05
0,0,0.00012933154
0,0,5.01908e-05
0,0,1.0542001e-05
0,0,8.933315e-05
0,0,6.926746e-05
0,0,1.3711986e-05
0,0,0.00012366845
0,0,0.0009267093
0,0,1.42967065e-05
0,0,1.919875e-05
0,0,8.80058e-06
0,0,2.81528e-06
0,0,4.65589e-05
0,0,0.00038113308
0,0,2.2903098e-06
0,0,1.593191e-05
0,0,4.385958e-06
0,0,1.5397849e-05
0,0,0.00012896715
0,0,8.7479975e-06
0,0,1.5524327e-05
0,0,7.971463e-06
0,0,5.036316e-05
0,0,8.44739e-05
0,0,5.844827e-06
0,0,2.8655832e-05
0,0,1.5910531e-05
0,0,9.0907226e-05
0,0,1.1633917e-05
0,0,4.632444e-05
0,0,0.00015164906
0,0,2.284629e-05
0,0,8.868993e-05
0,0,5.403414e-06
0,0,1.20680525e-05
0,0,2.7210697e-05
0,0,3.77558e-06
0,0,4.8728525e-05
0,0,3.8963983e-05
0,0,9.744932e-06
0,0,0.02678177
0,0,4.733028e-06
0,0,5.2724226e-05
0,0,8.786371e-05
0,0,6.7717796e-05
0,0,1.0225937e-05
0,0,0.00021521992
0,0,9.3166804e-05
0,0,7.865691e-05
0,0,0.00020292717
0,0,1.553896e-05
0,0,1.2124473e-05
0,0,7.878122e-05
0,0,8.245031e-06
0,0,0.00012994766
0,0,1.1993476e-05
0,0,0.0005532794
0,0,0.0008559047
0,0,0.0006597589
0,0,9.757061e-05
0,0,8.763779e-06
0,0,1.0163036e-05
0,0,8.588534e-05
0,0,0.0015925545
0,0,4.69164e-05
0,0,2.8731107e-05
0,0,5.3231993e-06
0,0,2.7252687e-05
0,0,3.6662434e-05
0,0,0.00016747699
0,0,3.0593626e-06
0,0,0.00039968092
0,0,0.0012476274
0,0,8.770769e-06
0,0,1.6022186e-05
0,0,0.00020891416
0,0,2.5466841e-05
0,0,0.003981094
0,0,4.0163304e-05
0,0,2.7102727e-05
0,0,2.0801015e-05
0,0,2.062301e-05
0,0,9.011718e-06
0,0,8.5695625e-05
0,0,0.00026317785
0,0,7.230776e-05
0,0,1.728607e-05
0,0,0.0014837232
0,0,6.587859e-05
0,0,0.00030917788
0,0,3.0409085e-05
0,0,0.00014967119
0,0,8.3663654e-05
0,0,0.00063686585
0,0,0.00021496764
0,0,3.0005333e-05
0,0,2.4975686e-06
0,0,4.8058948e-05
0,0,0.00027143164
0,0,1.3245958e-05
0,0,5.1340525e-05
0,0,2.1449796e-05
0,0,9.477968e-06
0,0,9.632995e-05
0,0,0.00019620566
0,0,2.8724286e-05
0,0,0.00015062743
0,0,6.7722917e-06
0,0,4.988755e-05
0,0,0.0001701071
0,0,0.00010384609
0,0,7.156238e-05
1,1,0.980378
0,0,4.690607e-05
0,0,0.00036447658
0,0,4.6484063e-05
0,0,6.3542698e-06
0,0,0.0006119664
0,0,1.1636847e-05
0,0,3.232674e-05
0,0,0.0002478314
0,0,2.6776654e-06
0,0,1.8891555e-05
0,0,0.00055218936
0,0,2.9742492e-05
0,0,1.0480104e-05
0,0,5.7914003e-06
0,0,1.144413e-05
0,0,0.00015564436
0,0,8.048615e-06
1,1,0.97615504
0,0,6.961797e-05
0,0,5.283118e-05
0,0,4.000486e-05
0,0,0.00043103984
0,0,0.0012040421
0,0,1.710361e-05
0,0,0.00012766114
0,0,2.187466e-05
0,0,2.1510923e-05
0,0,2.0683692e-05
0,0,3.984837e-05
0,0,0.00023750504
0,0,3.3702046e-05
0,0,3.0421299e-05
0,0,5.3470874e-05
0,0,3.3661287e-05
0,0,0.00021383107
0,0,1.4875446e-05
0,0,0.00012667844
0,0,0.00012419587
0,0,0.00034321524
0,0,0.004578917
0,0,0.00013824723
0,0,7.588566e-06
0,0,0.0003659743
0,0,2.0239528e-05
0,0,0.00010242001
0,0,0.00010364961
0,0,0.00013230123
0,0,4.9107453e-05
0,0,4.6943155e-06
0,0,3.7089456e-05
0,0,0.00030313115
0,0,5.0946087e-06
0,0,3.623967e-05
0,0,0.00017968638
0,0,2.0640953e-05
0,0,2.484048e-05
0,0,0.006712763
0,0,3.720533e-05
0,0,0.0001456966
0,0,0.00012747954
0,0,3.3827528e-05
0,0,9.747348e-06
0,0,1.7043983e-05
0,0,3.1488755e-05
0,0,9.411484e-05
0,0,1.0507153e-05
0,0,0.00026192822
0,0,5.5595597e-06
0,0,2.2596567e-05
0,0,2.9257388e-05
0,0,0.00010313192
0,0,2.7417072e-05
0,0,0.00032735296
0,0,4.6906607e-05
0,0,6.4945975e-06
0,0,0.00017505768
0,0,6.694644e-06
0,0,1.078936e-05
0,0,0.00054454274
0,0,2.1956987e-05
0,0,0.00032602026
0,0,0.00058674946
0,0,0.00011042506
0,0,0.0006721994
0,0,7.7598e-06
0,0,0.0002581883
0,0,0.00013405815
0,0,0.00015758841
0,0,1.40305265e-05
0,0,3.5848854e-05
0,0,2.5675561e-05
0,0,3.7229202e-06
0,0,7.31606e-05
0,0,4.3481235e-05
0,0,0.00015460039
0,0,5.7246984e-06
0,0,3.2054235e-05
0,0,2.7538765e-05
0,0,1.0604832e-05
0,0,3.8970084e-06
0,0,7.431189e-06
0,0,3.5352743e-05
0,0,3.5407065e-05
0,0,0.00015390335
0,0,0.00017213933
0,0,8.6653534e-05
0,0,2.0143309e-05
0,0,0.00030312943
0,0,1.5795691e-05
0,0,1.0442969e-05
0,0,0.00025224927
0,0,0.00029448423
0,0,4.415049e-06
0,0,0.0018454865
0,0,1.2749483e-05
0,0,0.00015396325
0,0,9.352836e-06
0,0,1.9068104e-05
0,0,6.48511e-06
0,0,2.5733114e-05
0,0,9.982324e-06
0,0,1.8969742e-05
0,0,1.233508e-05
0,0,1.6089052e-05
0,0,4.1091527e-05
0,0,4.0940817e-05
0,0,1.794595e-05
0,0,0.00015686714
0,0,7.085572e-06
0,0,1.2610481e-05
0,0,7.2665753e-06
0,0,2.665264e-05
0,0,6.4304772e-06
0,0,8.985792e-06
0,0,6.900737e-05
0,0,8.6525055e-05
0,0,2.7875069e-05
0,0,6.315351e-05
0,0,6.173432e-05
0,0,0.0003134915
0,0,7.1645896e-05
0,0,0.00030342495
0,0,1.37395e-05
0,0,8.206874e-06
0,0,2.608421e-05
0,0,4.36791e-05
0,0,1.5167431e-05
0,0,6.487788e-06
0,0,5.6576217e-05
0,0,0.00034462707
0,0,0.00022494487
0,0,0.00016586806
0,0,4.2797187e-06
0,0,7.036577e-05
0,0,6.796771e-05
0,0,3.055746e-05
0,0,0.00016977313
0,0,4.1213105e-05
0,0,0.00015253384
0,0,6.100699e-05
0,0,0.0005188828
0,0,1.260489e-05
0,0,0.00041346406
0,0,1.7659828e-05
0,0,7.998016e-06
0,0,5.1506913e-06
0,0,9.99019e-06
0,0,0.0028953943
0,0,2.3981711e-05
0,0,0.00075646094
0,0,1.4527717e-05
0,0,0.00042537923
0,0,2.1519909e-05
0,0,9.741206e-06
0,0,1.244479e-05
0,0,0.0005582024
0,0,5.217e-06
0,0,6.999941e-05
0,0,0.0002552981
0,0,4.5986537e-05
0,0,0.00016699222
0,0,3.2292726e-05
0,0,0.0002662813
0,0,0.0002782813
0,0,8.112198e-06
0,0,5.811033e-05
0,0,9.506909e-06
0,0,7.439634e-06
0,0,3.3718377e-05
0,0,0.00023800966
0,0,6.3830055e-05
0,0,1.1884152e-05
0,0,0.0008721768
0,0,3.465629e-05
0,0,1.013955e-05
0,0,0.00031127426
0,0,0.00041332477
0,0,5.270196e-05
0,0,8.9127625e-06
0,0,0.00011161433
0,0,1.2090826e-05
0,0,1.9796009e-05
0,0,1.148098e-05
0,0,6.909896e-05
0,0,1.1339359e-05
0,0,9.41505e-06
0,0,1.4098825e-05
0,0,4.711448e-06
0,0,2.6694815e-05
0,0,1.7311293e-05
0,0,6.1190054e-05
0,0,1.4074899e-05
0,0,0.00013433724
0,0,0.00074164756
0,0,0.00046383927
0,0,0.0002238522
0,0,1.4429435e-05
0,0,2.3832561e-05
0,0,0.0001160504
0,0,9.535825e-05
0,0,1.40632665e-05
0,0,6.389593e-06
0,0,1.2987615e-06
0,0,1.1090163e-05
0,0,3.5896748e-05
0,0,1.9012412e-05
0,0,0.0008501484
0,0,4.6613946e-05
0,0,1.34148695e-05
0,0,1.9592177e-05
0,0,3.4354678e-05
0,0,3.292174e-05
0,0,3.1261003e-05
0,0,3.9265822e-05
0,0,2.5944635e-05
0,0,0.0008977191
0,0,0.0002022592
0,0,9.422367e-05
0,0,0.0015206852
0,0,3.0547e-05
0,0,2.1061303e-05
0,0,3.5845023e-05
0,0,2.9378256e-05
0,0,4.7087397e-05
0,0,4.108335e-06
0,0,9.404836e-05
0,0,7.2975396e-05
0,0,0.00038148244
0,0,0.0005733201
0,0,0.00021143611
0,0,8.227923e-06
0,0,0.00014795693
0,0,5.715477e-05
0,0,8.0347476e-05
0,0,2.6106682e-06
0,0,0.00029294242
0,0,0.00046692617
0,0,8.7378066e-07
0,0,9.3199684e-05
0,0,1.6058792e-05
0,0,1.268893e-05
0,0,0.00074068486
0,0,8.558401e-06
0,0,1.7270793e-05
0,0,0.0007334677
0,0,1.2011894e-05
0,0,2.4252502e-05
0,0,5.4958044e-05
0,0,0.0014685785
0,0,0.0018065271
0,0,4.2155814e-05
0,0,2.144045e-05
0,0,8.245306e-06
0,0,0.0018299887
0,0,2.972361e-05
0,0,7.5089505e-05
0,0,3.831024e-05
0,0,1.3273981e-05
0,0,0.00057486864
0,0,1.3147053e-05
0,0,4.629314e-06
0,0,1.5298625e-05
0,0,0.00019774119
0,0,0.00014760914
0,0,4.521114e-05
0,0,5.1559593e-05
0,0,2.4971161e-05
0,0,1.69379e-05
0,0,2.7253856e-05
0,0,1.3707658e-05
0,0,3.6721294e-06
0,0,6.572943e-05
0,0,8.8021035e-05
0,0,1.4083895e-05
0,0,8.17703e-06
0,0,7.084457e-06
0,0,2.990073e-05
0,0,1.2033288e-05
0,0,1.3248473e-05
0,0,0.0004673873
0,0,1.7743896e-05
0,0,0.0004501995
0,0,0.00018587912
0,0,1.7322836e-05
0,0,1.9665444e-05
0,0,4.6432992e-06
0,0,2.7821845e-05
0,0,0.00017443918
0,0,2.0585203e-06
0,0,1.4280042e-05
0,0,0.00020091412
0,0,3.0356208e-05
0,0,0.00023562551
0,0,3.0175755e-05
0,0,8.4663254e-05
0,0,4.8889477e-05
0,0,2.1445645e-05
0,0,0.0002771663
0,0,5.610209e-05
0,0,7.46164e-05
0,0,7.295252e-06
0,0,1.5612652e-05
0,0,0.00017645668
0,0,3.654905e-05
0,0,1.0053068e-05
0,0,4.8259182e-05
0,0,3.4053921e-06
0,0,3.8449434e-05
0,0,1.5336605e-05
0,0,3.0279156e-05
0,0,2.8336985e-05
0,0,6.6103303e-06
0,0,3.9222672e-05
0,0,5.1224024e-06
0,0,6.9121747e-06
0,0,1.0249272e-05
0,0,4.854661e-05
0,0,1.2959373e-05
0,0,4.049531e-06
0,0,1.6490532e-05
0,0,2.8058266e-05
0,0,3.833429e-05
0,0,4.2392097e-05
0,0,2.9414556e-05
0,0,0.00011780042
0,0,6.0155973e-05
0,0,0.0017126641
0,0,0.00034691973
0,0,1.6928856e-05
0,0,8.248182e-05
0,0,0.000104286395
0,0,4.4046108e-05
0,0,0.00021571276
0,0,0.00015830032
0,0,8.076922e-05
0,0,1.4761136e-05
0,0,5.154298e-05
0,0,5.8290763e-05
0,0,5.090337e-05
0,0,6.6904763e-06
0,0,0.00013959254
0,0,4.069539e-05
0,0,5.215599e-05
0,0,1.4226419e-05
0,0,1.4438781e-05
0,0,4.921866e-05
0,0,5.3566723e-06
0,0,1.0158278e-05
0,0,2.3677743e-05
0,0,0.00014775209
0,0,0.0009261518
0,0,2.9392327e-06
0,0,0.043826777
0,0,2.6893278e-05
0,0,2.5412206e-05
0,0,7.239642e-05
0,0,3.690771e-05
0,0,8.185756e-05
0,0,3.7501988e-05
0,0,1.3826264e-05
0,0,5.2201804e-06
0,0,0.00010085422
0,0,2.1175758e-05
0,0,5.3383395e-05
0,0,3.099399e-05
0,0,0.000105452185
0,0,7.443586e-06
0,0,2.6027528e-05
0,0,1.098286e-05
0,0,6.03897e-06
0,0,0.0008095696
0,0,0.00014842534
0,0,0.00012391066
0,0,0.00041829335
0,0,5.5422453e-05
0,0,2.7542662e-06
0,0,3.2692973e-05
0,0,3.7643014e-05
0,0,5.501462e-05
0,0,1.6107768e-05
0,0,8.80212e-05
0,0,6.734165e-05
0,0,1.6343178e-05
0,0,1.4964802e-05
0,0,2.4900153e-05
0,0,2.4810839e-05
0,0,0.00010792579
0,0,0.0005484756
0,0,2.4003219e-05
0,0,7.720153e-05
0,0,0.00031366042
0,0,4.5468667e-05
0,0,3.0350072e-06
0,0,4.2602147e-05
0,0,4.6926245e-05
0,0,0.0009587859
0,0,2.3244176e-05
0,0,1.518868e-05
0,0,5.966408e-05
0,0,2.008399e-06
0,0,0.000128961
0,0,0.000116328054
0,0,0.00013581716
0,0,0.000104883075
0,0,0.00061197166
0,0,3.157629e-05
0,0,5.4902255e-05
0,0,1.2747549e-05
0,0,2.3996423e-05
0,0,3.175773e-05
0,0,0.008599133
0,0,2.429021e-05
0,0,1.9956768e-05
0,0,2.0154184e-05
0,0,5.4243465e-05
0,0,0.001988764
0,0,4.934861e-05
0,0,3.886282e-05
0,0,4.110391e-05
0,0,3.3223794e-05
0,0,3.3561024e-05
0,0,9.102011e-06
0,0,2.1041067e-05
0,0,2.1708307e-05
0,0,0.0014622401
0,0,6.945378e-05
0,0,2.632999e-06
0,0,2.1793703e-05
0,0,0.00020444159
0,0,0.00040945117
0,0,0.00033708807
0,0,4.470656e-05
0,0,0.00024708867
0,0,0.0020619624
0,0,8.934745e-06
0,0,2.571763e-06
0,0,1.3471458e-05
0,0,1.2327907e-05
0,0,1.3680899e-05
0,0,5.811111e-05
0,0,3.9850078e-05
0,0,5.9565955e-05
0,0,4.1515064e-05
0,0,6.569453e-05
0,0,5.646486e-05
0,0,6.918382e-05
0,0,4.346366e-05
0,0,8.5839325e-05
0,0,0.00015387197
0,0,7.4223954e-07
0,0,0.0012851726
0,0,1.718041e-05
0,0,0.00016990854
0,0,4.8312642e-05
0,0,5.8329413e-05
0,0,0.000120230456
0,0,2.7480522e-05
0,0,3.424536e-05
0,0,4.8225094e-05
0,0,4.0031267e-05
0,0,4.2422464e-05
0,0,1.8418847e-05
0,0,5.7759726e-06
0,0,4.2569723e-06
0,0,7.0996044e-05
0,0,0.0005016771
0,0,9.381735e-06
0,0,2.7790898e-05
0,0,8.987481e-06
0,0,2.8368619e-05
0,0,0.0004012597
0,0,3.6221983e-05
0,0,3.521301e-05
0,0,2.8633185e-05
0,0,3.861122e-05
0,0,7.550091e-06
0,0,4.3959786e-05
0,0,7.436111e-05
0,0,7.129884e-05
0,0,8.9162175e-05
0,0,3.160856e-05
0,0,6.147044e-05
0,0,0.00017234578
0,0,3.5325684e-05
0,0,0.00024536854
0,0,0.0007094006
0,0,1.8553801e-06
0,0,6.614247e-05
0,0,1.4344602e-05
0,0,5.7928974e-06
0,0,2.628881e-05
0,0,4.4524928e-05
0,0,6.19253e-05
0,0,2.2882445e-05
0,0,1.1190517e-05
0,0,0.00017036
0,0,0.00057287794
0,0,9.970327e-06
0,0,7.83716e-06
0,0,3.285321e-05
0,0,0.00040449345
0,0,8.2598735e-06
0,0,0.00012814229
0,0,2.2265964e-05
0,0,2.2457873e-05
0,0,0.0003757777
0,0,0.0001347127
0,0,1.3084275e-05
0,0,0.00044386386
0,0,0.00012901622
0,0,3.6695277e-05
0,0,0.00011223036
0,0,0.000249142
0,0,6.562465e-05
0,0,1.2220311e-05
0,0,6.989925e-06
0,0,0.0001252214
0,0,4.8182803e-05
0,0,5.4273267e-05
0,0,1.8791687e-05
0,0,0.0002773331
0,0,6.801232e-05
0,0,2.9713663e-05
0,0,1.4833501e-05
0,0,0.00021137584
0,0,0.00016745942
0,0,0.000115673996
0,0,3.5653564e-05
0,0,0.00016677311
0,0,0.0016257309
0,0,4.4789474e-05
0,0,0.0007602409
0,0,2.1911135e-05
0,0,9.05632e-06
0,0,2.5317264e-05
0,0,4.8602244e-05
0,0,1.74198e-05
0,0,0.0006647228
0,0,0.00032712586
0,0,2.401721e-05
0,0,1.426888e-05
0,0,9.254679e-06
0,0,7.141704e-05
0,0,5.3082822e-05
0,0,0.0005229311
0,0,2.2659211e-05
0,0,0.00016797853
0,0,2.0631467e-05
0,0,9.314318e-05
0,0,0.0006645914
0,0,0.0005455873
0,0,0.00014695288
0,0,5.6056415e-05
0,0,3.1371143e-05
0,0,7.048901e-05
0,0,8.884712e-05
0,0,1.4710812e-05
0,0,7.21649e-05
0,0,0.00016317707
0,0,2.3680406e-05
0,0,3.3425276e-05
0,0,6.1813254e-05
0,0,4.5897865e-05
0,0,3.5589567e-06
0,0,0.0022597765
0,0,7.950448e-06
0,0,2.2676635e-05
0,0,4.8260288e-05
0,0,1.4776869e-05
0,0,2.3479755e-05
0,0,3.948003e-05
0,0,2.044684e-05
0,0,0.00018436764
0,0,2.8725985e-05
0,0,1.4529131e-05
0,0,4.04563e-05
0,0,0.0006890995
0,0,0.00010393446
0,0,6.5426148e-06
0,0,5.4551758e-05
0,0,9.780238e-05
0,0,7.5359344e-06
0,0,4.4824727e-05
0,0,8.028123e-05
0,0,0.00066228514
0,0,4.9681075e-05
0,0,7.754696e-06
0,0,1.2827988e-05
0,0,6.9540015e-06
0,0,0.00027855605
0,0,5.1311938e-05
0,0,1.8577153e-05
0,0,2.0876134e-05
0,0,7.997086e-06
0,0,1.5300068e-06
0,0,2.213468e-05
0,0,0.0007516866
0,0,0.0011805609
0,0,6.569236e-06
0,0,3.787166e-05
0,0,0.00012938064
0,0,1.9757874e-05
0,0,2.9852208e-05
0,0,4.165739e-06
0,0,5.7960247e-06
0,0,0.00013290791
0,0,8.990247e-05
0,0,0.00036464847
0,0,6.922586e-05
0,0,1.7180164e-05
0,0,2.4293196e-05
0,0,4.0746305e-05
0,0,6.9451205e-05
0,0,0.00018853841
0,0,6.453064e-05
0,0,1.2941723e-05
0,0,6.492581e-05
0,0,2.9203615e-05
0,0,3.0099623e-05
0,0,2.3230594e-05
0,0,0.00011707643
0,0,0.0011469459
0,0,1.1583125e-05
0,0,3.2428634e-05
0,0,0.0012729628
0,0,3.926983e-05
0,0,5.318891e-06
0,0,3.6661557e-05
0,0,0.00051515445
0,0,0.00011514312
0,0,6.6375314e-06
0,0,0.0001342174
0,0,5.1268253e-06
0,0,1.8504712e-05
0,0,4.1144187e-05
0,0,0.0001656861
0,0,0.0004490014
0,0,0.00026749403
0,0,1.9919367e-05
0,0,1.6017817e-05
0,0,7.770531e-06
0,0,5.2293595e-05
0,0,3.068659e-05
0,0,4.1458275e-06
0,0,5.318386e-05
0,0,7.514641e-06
0,0,9.234401e-06
0,0,1.0799953e-05
0,0,1.5713464e-05
0,0,1.6704369e-05
0,0,0.00074142637
0,0,2.814096e-05
0,0,1.0185498e-05
0,0,1.7391978e-05
0,0,1.7676726e-05
0,0,0.0020054851
0,0,8.982449e-05
0,0,0.00010101004
0,0,0.0012905495
0,0,0.029155405
0,0,2.9995319e-05
0,0,4.5322436e-06
0,0,0.00082380476
0,0,7.0117844e-06
0,0,5.5338798e-05
0,0,9.727807e-05
0,0,6.3991196e-05
0,0,0.00011327293
0,0,2.526315e-06
0,0,5.879993e-05
0,0,0.00082860363
0,0,8.62963e-06
0,0,1.2734694e-05
0,0,1.3030655e-05
0,0,9.8946635e-05
0,0,7.4358984e-05
0,0,1.0382059e-05
0,0,3.5756195e-06
0,0,1.1978639e-05
0,0,1.6004442e-05
0,0,3.8802204e-06
0,0,2.2170827e-05
0,0,4.403804e-05
0,0,5.887405e-06
0,0,7.980439e-06
0,0,0.00017045229
0,0,8.987153e-05
0,0,1.7235747e-05
0,0,0.00013264203
0,0,3.2175147e-05
0,0,2.5553547e-05
0,0,9.190796e-05
0,0,3.3253495e-05
0,0,4.332697e-05
0,0,1.6829168e-05
0,0,6.460662e-05
0,0,2.7336893e-05
0,0,7.2399314e-05
0,0,8.7488064e-05
0,0,6.5759086e-05
0,0,0.00018103224
0,0,0.0001278535
0,0,2.8350341e-06
0,0,8.818601e-06
0,0,3.0094081e-05
0,0,1.39346375e-05
0,0,0.0011016426
0,0,3.916713e-05
0,0,4.9346163e-05
0,0,8.382608e-05
0,0,1.2923569e-05
0,0,5.53331e-05
0,0,4.346047e-05
0,0,4.2571305e-06
0,0,2.552517e-05
0,0,1.5028503e-05
0,0,2.330564e-05
0,0,0.00014935498
0,0,0.00074431475
0,0,0.0003412848
0,0,0.00013357672
0,0,0.000114387134
0,0,2.7166046e-05
0,0,2.97926e-05
0,0,7.1500376e-06
0,0,3.016002e-05
0,0,4.21715e-05
0,0,3.748621e-06
0,0,2.3154485e-05
0,0,2.0648198e-05
0,0,0.00022074122
0,0,7.283942e-06
0,0,1.9489013e-05
0,0,1.4872596e-05
0,0,1.7573575e-05
0,0,1.0843867e-05
0,0,8.288225e-06
0,0,1.3386104e-06
0,0,9.022562e-06
0,0,2.9408582e-05
0,0,1.4348775e-05
0,0,2.6069387e-05
0,0,0.00020630538
0,0,2.6752872e-05
0,0,0.00011769329
0,0,1.2814454e-05
0,0,0.00020961132
0,0,1.0507514e-05
0,0,1.8847646e-05
0,0,1.26854575e-05
0,0,2.4515664e-05
0,0,8.903698e-06
0,0,1.2081767e-05
0,0,1.4218851e-05
0,0,3.4974124e-05
0,0,1.251286e-05
0,0,4.63104e-06
0,0,4.3663942e-05
0,0,7.5645854e-05
0,0,0.0006801449
0,0,2.0135607e-05
0,0,3.4621902e-05
0,0,9.294542e-06
0,0,0.00035973423
0,0,1.5056491e-05
0,0,8.185363e-06
0,0,0.0007486352
0,0,2.4263167e-05
0,0,0.0008217581
0,0,7.176829e-05
0,0,0.00096139155
0,0,0.000121854624
0,0,0.00016758498
0,0,0.0004299673
0,0,1.9069576e-05
0,0,3.7067035e-05
0,0,8.2854585e-06
0,0,8.6493215e-05
0,0,5.5894947e-05
0,0,0.00013525704
0,0,4.1625262e-06
0,0,8.487338e-06
0,0,2.4685023e-05
0,0,7.704531e-05
0,0,8.674026e-05
0,0,0.00043876562
0,0,2.8678987e-05
0,0,4.6531845e-06
0,0,1.0044423e-05
0,0,8.0296795e-06
0,0,4.0090716e-05
0,0,9.61091e-05
0,0,5.3684395e-05
0,0,0.00043964526
0,0,2.2620821e-05
0,0,8.024366e-06
0,0,0.00010786138
0,0,4.439629e-05
0,0,9.873689e-06
0,0,1.5160446e-05
0,0,0.00010720205
0,0,9.42967e-06
0,0,0.0010695491
0,0,9.384715e-06
0,0,0.00015941243
0,0,0.00014773278
0,0,1.9135321e-05
0,0,0.0001359483
0,0,0.00017498092
0,0,8.69738e-06
0,0,2.719819e-05
0,0,0.000113685855
0,0,1.24964035e-05
0,0,0.00017311262
0,0,0.00021743035
0,0,4.5354695e-06
0,0,9.072822e-05
0,0,0.00091269636
0,0,0.0015747233
0,0,6.233517e-05
0,0,1.0753736e-05
0,0,2.2422795e-05
0,0,0.00046681712
0,0,1.9914332e-05
0,0,2.1423302e-05
0,0,5.3947992e-06
0,0,0.00011449092
0,0,0.00011070793
0,0,1.854255e-05
0,0,4.428564e-06
0,0,0.00073938054
0,0,1.9057214e-05
0,0,6.3063294e-06
0,0,8.021107e-06
0,0,3.8655056e-05
0,0,2.4939174e-05
0,0,2.5324918e-05
0,0,5.463125e-05
0,0,0.0002487404
0,0,3.964895e-05
0,0,1.492111e-05
0,0,0.00012416235
1,1,0.96545917
0,0,3.2903725e-05
0,0,6.4447454e-06
0,0,2.591884e-05
0,0,2.8656214e-05
0,0,0.0018201683
0,0,0.00027841612
0,0,0.00016770774
0,0,0.00016061595
0,0,1.1459223e-05
0,0,4.8106353e-06
0,0,0.0002951965
0,0,4.8482775e-06
0,0,3.4037443e-05
0,0,2.6360834e-05
0,0,7.511371e-05
0,0,7.016716e-05
0,0,2.550235e-05
0,0,5.2999367e-05
0,0,1.1053798e-05
0,0,2.5150357e-05
0,0,0.00015657827
0,0,0.00022063663
0,0,1.34672055e-05
0,0,1.596818e-06
0,0,4.6151064e-05
0,0,0.002018446
0,0,0.0011833457
0,0,1.2456437e-05
0,0,3.3195323e-05
0,0,4.9135466e-05
0,0,9.985231e-05
0,0,2.1619735e-06
0,0,8.93231e-05
0,0,2.6113728e-05
0,0,1.1216886e-05
0,0,1.664069e-05
0,0,4.69091e-06
0,0,2.7341483e-05
0,0,0.0002037698
0,0,0.0006846139
0,0,7.746735e-06
0,0,4.0520397e-05
0,0,2.7624697e-05
0,0,6.75708e-06
0,0,9.356038e-06
0,0,9.406927e-06
0,0,7.810172e-05
0,0,7.116122e-05
0,0,0.00010415322
0,0,0.000102460064
0,0,1.9522124e-05
0,0,5.020343e-06
0,0,8.951597e-06
0,0,0.00045155376
0,0,1.5923646e-05
0,0,0.00023639823
0,0,0.00017427841
0,0,0.00035358823
0,0,2.2421385e-05
0,0,2.0462523e-05
0,0,0.000108431974
0,0,1.028809e-05
0,0,6.926561e-05
0,0,0.0008426977
0,0,1.3451522e-05
0,0,3.4644327e-05
0,0,7.2460643e-06
0,0,6.408689e-05
0,0,9.5483e-05
0,0,0.0011054045
0,0,4.3439046e-05
0,0,9.995043e-05
0,0,1.077217e-05
0,0,0.00039257098
0,0,8.916809e-06
0,0,8.7855246e-05
0,0,1.2394003e-05
0,0,1.19482675e-05
0,0,0.00013129132
0,0,3.1366148e-05
0,0,7.313025e-05
0,0,2.0102241e-05
0,0,4.3739252e-05
0,0,1.8292374e-05
0,0,1.1742921e-05
0,0,0.00011421416
0,0,2.986128e-06
0,0,1.7281716e-05
0,0,1.3997009e-05
0,0,0.00074515684
0,0,2.2549315e-05
0,0,8.336135e-05
0,0,0.00010281759
0,0,0.00018361362
0,0,1.0673846e-05
0,0,6.943101e-05
0,0,9.601605e-06
0,0,1.8433677e-05
0,0,2.650391e-05
0,0,1.828871e-05
0,0,4.1950247e-05
0,0,4.4336848e-05
0,0,1.2163155e-05
0,0,8.827403e-06
0,0,4.775594e-06
0,0,4.5413286e-05
0,0,0.00012837649
0,0,6.833034e-06
0,0,6.4826486e-06
0,0,3.0934432e-05
0,0,1.3579484e-05
0,0,1.5235421e-05
0,0,2.7089782e-05
0,0,4.5138768e-05
0,0,0.00014939487
0,0,6.875153e-05
0,0,0.0001011364
0,0,2.5973377e-06
0,0,9.381395e-06
0,0,0.00017073435
0,0,2.3607436e-06
0,0,9.45302e-05
0,0,2.0023166e-05
0,0,2.4063498e-05
0,0,6.178249e-05
0,0,1.0247796e-05
0,0,4.2167998e-05
0,0,1.0203289e-05
0,0,7.269687e-06
0,0,3.618563e-05
0,0,1.8799376e-05
0,0,0.00012179748
0,0,1.5761719e-06
0,0,0.0004113784
0,0,1.9569618e-05
0,0,1.2244739e-05
0,0,3.6170826e-05
0,0,3.7203963e-06
0,0,0.00018574094
0,0,1.0463186e-05
0,0,2.6639188e-06
0,0,0.00011665341
0,0,1.2181984e-05
0,0,3.3646431e-06
0,0,4.3858206e-05
0,0,2.6034108e-05
0,0,0.0011197728
0,0,2.3181265e-05
0,0,2.2485281e-05
0,0,0.00024563467
0,0,2.6470745e-05
0,0,0.00019589368
0,0,8.205301e-06
0,0,5.8212274e-05
0,0,4.8854945e-05
0,0,0.00072825095
0,0,2.1095645e-06
0,0,7.347228e-05
0,0,4.7207264e-05
0,0,6.115558e-05
0,0,6.7548746e-05
0,0,3.750703e-05
0,0,0.00012348592
0,0,3.4522567e-05
0,0,7.3403644e-05
0,0,1.7854842e-05
0,0,0.005098877
0,0,3.6160032e-05
0,0,1.6747115e-05
0,0,0.00016251994
0,0,1.0548317e-05
0,0,1.0325156e-05
0,0,3.6359514e-05
0,0,3.3929248e-06
0,0,0.0002197532
0,0,3.312834e-05
0,0,7.198443e-06
0,0,0.013688415
0,0,0.00020416226
0,0,3.6059841e-06
0,0,3.3320948e-06
0,0,1.1241754e-05
0,0,2.7802105e-06
0,0,1.3596588e-05
0,0,2.1436237e-05
0,0,0.00016460806
0,0,1.857664e-05
0,0,2.9977848e-05
0,0,3.1211016e-06
0,0,0.00015190161
0,0,2.195596e-05
0,0,7.1220085e-05
0,0,0.00023862292
0,0,2.7882485e-05
0,0,5.1526073e-05
0,0,4.850774e-05
0,0,0.00019122424
0,0,0.000113205126
0,0,0.0001036007
0,0,0.00018255886
0,0,3.0877723e-05
0,0,3.970309e-06
0,0,5.6572057e-06
0,0,1.2810336e-05
0,0,9.405805e-05
0,0,7.633481e-06
0,0,0.001353115
0,0,2.1018725e-05
0,0,8.226e-06
0,0,9.84898e-05
0,0,0.00013243388
0,0,2.2422391e-05
0,0,7.0543883e-06
0,0,3.9963754e-05
0,0,2.1742802e-05
0,0,0.00021476278
0,0,1.1557989e-05
0,0,0.00015137326
0,0,2.6233287e-05
0,0,6.384168e-05
0,0,7.5017383e-06
0,0,1.193451e-05
0,0,0.00012573386
0,0,2.6475489e-05
0,0,0.00020408111
0,0,0.0002126792
0,0,2.8252984e-05
0,0,5.3063897e-05
0,0,0.00023340521
0,0,3.1294232e-05
0,0,2.0364136e-05
0,0,1.1940203e-05
0,0,5.0545573e-06
0,0,5.2938347e-05
0,0,0.000103643775
0,0,7.117473e-05
0,0,2.7577107e-05
0,0,1.3628902e-05
0,0,4.1646552e-05
0,0,0.00026990572
0,0,1.02482945e-05
0,0,0.0016696951
0,0,9.1449074e-05
0,0,2.1164633e-05
0,0,4.4274144e-05
0,0,0.00035475258
0,0,4.2625554e-05
0,0,0.00022909613
0,0,1.3212992e-05
0,0,3.1523457e-05
0,0,1.2950918e-06
0,0,2.1332356e-05
0,0,1.600415e-05
0,0,8.518274e-06
0,0,0.00057270157
0,0,8.837806e-06
0,0,5.550628e-06
0,0,2.1139862e-05
0,0,5.0053272e-06
0,0,5.4100627e-05
0,0,5.2683266e-05
0,0,9.765194e-06
0,0,0.0021690754
0,0,1.3565428e-05
0,0,7.3171905e-05
0,0,3.184926e-05
0,0,0.00010633271
0,0,9.056243e-05
0,0,1.5953347e-05
0,0,0.0011158921
0,0,8.2744355e-06
0,0,0.00042324033
0,0,1.4897764e-05
0,0,7.070249e-05
0,0,1.7326818e-05
0,0,6.56443e-05
0,0,0.00045370267
0,0,3.389227e-05
0,0,1.2932285e-05
0,0,0.00014967119
0,0,6.3704697e-06
0,0,0.00021791333
0,0,0.00013957378
0,0,0.00020528426
0,0,1.5844937e-05
0,0,0.00017057618
0,0,8.221978e-06
0,0,0.00030864688
0,0,0.0008341594
0,0,4.176188e-06
0,0,6.20195e-05
0,0,7.5024655e-05
0,0,6.930731e-05
0,0,5.6185985e-05
0,0,3.0755145e-05
0,0,1.2145675e-05
0,0,0.00020551145
0,0,2.2721442e-05
0,0,0.00018510991
0,0,0.0001443109
0,0,5.757972e-06
0,0,0.00011673086
0,0,0.0002803371
0,0,4.7156424e-05
0,0,0.000121531346
0,0,1.9897685e-05
0,0,4.0957686e-05
0,0,3.1084626e-05
0,0,1.9561241e-05
0,0,3.2489832e-05
0,0,2.0188694e-05
0,0,1.7040164e-05
0,0,0.00012777794
0,0,0.00024348508
0,0,6.325145e-05
0,0,1.21493695e-05
0,0,3.7521128e-05
0,0,1.7754797e-05
0,0,6.2317464e-05
0,0,8.591188e-05
0,0,2.2602515e-05
0,0,0.00010399027
0,0,7.986165e-05
0,0,1.4638367e-06
0,0,3.7943453e-05
0,0,0.00035752458
0,0,6.595444e-06
0,0,0.00040579675
0,0,1.612189e-05
0,0,0.0019131366
0,0,7.4916e-06
0,0,3.6645444e-05
0,0,2.5688443e-05
0,0,1.0231215e-05
0,0,9.6724834e-05
0,0,4.8421312e-05
0,0,1.2654864e-05
0,0,1.9488642e-05
0,0,7.0352676e-06
1,1,0.903298
0,0,1.8447093e-06
0,0,8.736093e-05
0,0,6.92306e-06
0,0,3.6002817e-05
0,0,7.834871e-05
0,0,0.001571588
0,0,1.2022678e-05
0,0,1.2211213e-05
0,0,8.051702e-06
0,0,3.1587555e-05
0,0,5.3778265e-05
0,0,7.035738e-05
0,0,1.1452887e-05
0,0,8.435026e-05
0,0,4.6967838e-05
0,0,0.0002640117
0,0,9.659708e-05
0,0,5.4776694e-05
0,0,0.00015977841
0,0,0.00020224627
0,0,3.4197128e-05
0,0,2.901363e-05
0,0,1.6073593e-05
0,0,9.381654e-06
0,0,1.760375e-05
0,0,2.2870096e-05
0,0,3.35057e-05
0,0,4.3311948e-06
0,0,1.0190327e-05
0,0,0.00020169781
0,0,0.000102246806
0,0,6.314683e-06
0,0,1.2104636e-05
0,0,8.027794e-05
0,0,0.00094294926
0,0,1.5763163e-06
0,0,0.00010879841
0,0,9.412932e-06
0,0,6.601493e-05
0,0,1.605922e-05
0,0,1.0564878e-05
0,0,4.2244716e-05
0,0,1.0253553e-05
0,0,4.406653e-06
0,0,6.948347e-05
0,0,4.0957882e-05
0,0,2.3685332e-05
0,0,5.059355e-05
0,0,0.000120678866
0,0,1.5819496e-05
0,0,7.147952e-05
0,0,0.00019199011
0,0,6.9300106e-05
0,0,7.516437e-05
0,0,0.00052189664
0,0,7.787601e-05
0,0,0.00352264
0,0,1.6804646e-05
0,0,3.671166e-05
0,0,0.000879439
0,0,0.00019879892
0,0,7.961962e-05
0,0,1.0516115e-05
0,0,7.896316e-05
0,0,1.0704489e-05
0,0,9.6919925e-05
0,0,0.00015601896
0,0,0.0031547546
0,0,0.00013391633
0,0,0.00010422883
0,0,4.832817e-05
0,0,1.3390214e-05
0,0,3.5770213e-06
0,0,0.002435158
0,0,8.305277e-05
0,0,0.00013433724
0,0,0.00025877284
0,0,2.1090345e-05
0,0,0.00029449884
0,0,2.0587933e-05
0,0,9.693296e-05
0,0,0.00030827546
0,0,8.123082e-06
0,0,0.00026489721
0,0,0.0001829675
0,0,1.373189e-05
0,0,4.969223e-06
0,0,0.00037089115
0,0,7.070875e-05
0,0,0.0001671375
0,0,1.30512135e-05
0,0,9.2494465e-06
0,0,5.5201548e-05
0,0,6.7558944e-06
0,0,3.3811757e-05
0,0,2.7046284e-05
0,0,2.0214298e-05
0,0,5.248364e-06
0,0,0.0003223652
0,0,1.5528873e-05
0,0,0.00015388252
0,0,0.00016700353
0,0,0.0002788954
0,0,2.5100828e-05
0,0,1.0529e-05
0,0,6.180989e-05
0,0,3.7385819e-06
0,0,3.342486e-05
0,0,6.7006375e-05
0,0,0.00084194686
0,0,0.0009497024
0,0,5.1918905e-06
0,0,3.4046563e-05
0,0,3.8655056e-05
0,0,2.0962016e-05
0,0,4.5540633e-06
0,0,7.67018e-05
0,0,3.766467e-05
0,0,0.00029840137
0,0,0.0012905495
0,0,2.1489433e-05
0,0,0.00013702198
0,0,3.98967e-05
0,0,8.928075e-06
0,0,6.133979e-05
0,0,1.1873628e-05
0,0,7.907347e-05
0,0,8.500885e-05
0,0,0.00026786665
0,0,0.00013993891
0,0,4.294261e-05
0,0,0.00013297572
0,0,8.807141e-05
0,0,3.5987476e-05
0,0,0.0021096768
0,0,0.00024988805
0,0,1.1923067e-05
0,0,3.729563e-05
0,0,2.674453e-05
0,0,0.0001505858
0,0,4.7056556e-06
0,0,1.2215254e-05
0,0,3.870338e-05
0,0,1.9298941e-05
0,0,7.7543555e-06
0,0,0.007858755
0,0,0.00018440755
0,0,2.8772783e-05
0,0,1.6436928e-05
0,0,0.00089263427
0,0,3.6262212e-05
0,0,0.004164033
0,0,7.128917e-06
0,0,1.7327611e-05
0,0,1.1949601e-05
0,0,5.8759964e-05
0,0,1.261053e-05
0,0,6.4167856e-05
0,0,0.00024592128
0,0,2.783121e-05
0,0,1.6527136e-05
0,0,3.631509e-05
0,0,1.2375896e-05
0,0,1.2476267e-05
0,0,3.9637493e-05
0,0,1.0836858e-05
0,0,1.5365724e-05
0,0,2.3665372e-05
0,0,0.0017763339
0,0,1.2157101e-05
0,0,0.000354769
0,0,0.00068926567
0,0,3.7408794e-05
0,0,2.969808e-05
0,0,0.0001271526
0,0,1.7206727e-05
0,0,5.6431058e-05
0,0,1.4005901e-05
0,0,3.513549e-05
0,0,5.194206e-05
0,0,3.178151e-05
0,0,1.4799152e-05
0,0,3.2264375e-06
0,0,0.00029397564
0,0,0.00025638088
0,0,1.5746811e-05
0,0,3.7618112e-05
0,0,4.762827e-06
0,0,2.92159e-05
0,0,1.7017963e-05
0,0,5.516303e-05
0,0,1.06687985e-05
0,0,5.378319e-05
0,0,5.437268e-05
0,0,5.900822e-06
0,0,4.8316513e-05
0,0,0.000164333
0,0,8.943849e-06
0,0,0.00059928506
0,0,2.2654565e-05
0,0,1.9948875e-06
0,0,1.3098934e-05
0,0,1.5839709e-05
0,0,0.00042664303
0,0,0.00033540273
0,0,0.00021590824
0,0,0.00011931665
0,0,2.9707544e-05
0,0,4.5739955e-05
0,0,6.6301104e-06
0,0,3.5106685e-05
0,0,0.000160604
0,0,1.7684246e-05
0,0,0.0001638714
0,0,8.664538e-06
0,0,2.125059e-05
0,0,3.23244e-06
0,0,2.1100746e-05
0,0,1.6999895e-05
0,0,3.6509056e-05
0,0,0.00016711201
0,0,3.071268e-05
0,0,0.0017625012
0,0,2.307053e-05
0,0,5.194607e-05
0,0,6.054883e-05
0,0,8.984685e-05
0,0,1.809291e-05
0,0,4.2067186e-05
0,0,1.2159025e-05
0,0,1.6117125e-05
0,0,3.6536298e-05
0,0,1.6794682e-05
0,0,4.5761983e-05
0,0,6.194006e-05
0,0,0.0008004771
0,0,0.0013639606
0,0,0.00016388138
0,0,0.00019973695
0,0,1.2417866e-05
0,0,9.314105e-05
0,0,1.0862104e-05
0,0,1.7451457e-05
0,0,0.000120883415
0,0,3.7869202e-05
0,0,1.862242e-05
0,0,1.4559784e-05
0,0,1.0977844e-05
0,0,3.7167156e-06
0,0,9.101044e-05
0,0,2.1993346e-05
0,0,0.0012172121
0,0,7.6035617e-06
0,0,8.0362035e-05
0,0,9.160679e-06
0,0,6.3975815e-05
0,0,9.766795e-06
0,0,0.0012002348
0,0,7.08924e-05
0,0,7.5768507e-06
0,0,7.204404e-06
0,0,1.6349632e-05
0,0,4.683254e-05
0,0,0.0009812359
0,0,0.00016094864
0,0,2.832064e-05
0,0,7.3454817e-06
0,0,6.4554275e-05
0,0,1.5345398e-05
0,0,0.00017250922
0,0,0.0017362515
0,0,2.7500116e-06
0,0,4.331649e-06
0,0,2.7819138e-05
0,0,7.371946e-06
0,0,0.0012150095
0,0,0.00011188052
0,0,0.000890485
0,0,0.00015839514
0,0,2.26955e-05
0,0,5.5596818e-05
0,0,4.409414e-05
0,0,0.00013794226
0,0,3.1099036e-05
0,0,1.1275607e-05
0,0,6.9096066e-05
0,0,1.3038835e-05
0,0,1.8665234e-05
0,0,3.1780815e-05
0,0,5.3587573e-05
0,0,7.4874933e-06
0,0,5.1179064e-05
0,0,5.8062527e-05
0,0,2.7638926e-05
0,0,4.091053e-05
0,0,6.9142843e-06
0,0,0.00024199969
0,0,8.193386e-05
0,0,0.00033458436
0,0,0.00035278284
0,0,6.498905e-05
0,0,2.1388556e-05
0,0,1.34693255e-05
0,0,3.1784177e-05
0,0,0.00017290427
0,0,1.387486e-05
0,0,3.9176353e-05
0,0,1.2967284e-05
0,0,9.506544e-05
0,0,8.555194e-06
0,0,7.553118e-05
0,0,7.717591e-05
0,0,3.0665308e-06
0,0,7.707037e-05
0,0,0.000106437394
0,0,0.0003278658
0,0,1.260489e-05
0,0,0.00023156518
0,0,3.9086794e-05
0,0,1.6469958e-05
0,0,5.5456498e-05
0,0,9.794535e-06
0,0,2.6645677e-05
0,0,1.7761402e-05
0,0,0.0002814933
0,0,0.0033376126
0,0,1.528321e-05
0,0,2.7452284e-05
0,0,6.729742e-05
0,0,6.731379e-06
0,0,9.583345e-06
0,0,0.00012277183
0,0,0.0005449394
0,0,9.236771e-06
0,0,4.486835e-05
0,0,1.4107688e-05
0,0,9.869706e-06
0,0,7.57592e-05
0,0,0.0013340813
0,0,0.00012978556
0,0,7.637675e-06
0,0,6.798876e-06
0,0,1.97206e-05
0,0,7.480242e-06
0,0,4.5240642e-05
0,0,0.00024027925
0,0,0.00038640565
0,0,6.660769e-05
0,0,1.00181915e-05
0,0,7.317107e-05
0,0,3.2872016e-05
0,0,0.00015027681
0,0,2.0015224e-05
0,0,9.518584e-06
0,0,0.0058662756
0,0,5.0740142e-05
0,0,0.0002878996
0,0,1.7874587e-05
0,0,4.8872276e-05
0,0,1.7776976e-05
0,0,0.0013018994
0,0,0.00026477702
0,0,1.6378955e-05
0,0,6.940096e-05
0,0,0.000118873075
0,0,1.5186089e-05
0,0,1.0672564e-05
0,0,2.746441e-05
0,0,2.1070786e-05
0,0,0.00022172778
0,0,0.00045406137
0,0,5.881732e-05
0,0,1.7722503e-05
0,0,4.907632e-05
0,0,9.61138e-06
0,0,4.2280382e-05
0,0,4.8130998e-05
0,0,0.0013925259
0,0,3.738882e-05
0,0,1.1674946e-06
0,0,0.00021795552
0,0,1.1560514e-05
0,0,0.00025478963
0,0,0.0027557558
0,0,4.7609403e-05
0,0,1.4116811e-06
0,0,3.138407e-05
0,0,2.575811e-05
0,0,0.00043700912
0,0,9.215241e-06
0,0,2.315442e-05
0,0,0.02490097
0,0,5.0665636e-05
0,0,3.5931338e-05
0,0,2.0525338e-05
0,0,0.00014437478
0,0,1.608327e-05
0,0,3.377885e-05
0,0,1.4956315e-05
0,0,5.63187e-05
0,0,0.00018951258
0,0,4.0475466e-06
0,0,7.2072357e-06
0,0,0.0026709044
0,0,3.748168e-05
0,0,0.00023380188
0,0,3.515741e-05
0,0,5.367298e-05
0,0,0.00016952629
0,0,7.397129e-06
0,0,4.0742845e-05
0,0,6.45583e-06
0,0,3.9489405e-05
0,0,1.7492963e-05
0,0,0.0009096642
0,0,6.579647e-05
0,0,3.5258337e-05
0,0,2.4368373e-05
0,0,1.23226055e-05
0,0,0.00035279526
0,0,0.0006892659
0,0,0.00012959017
0,0,8.509634e-06
0,0,7.382731e-05
0,0,7.097783e-05
0,0,5.0252005e-05
0,0,2.6084905e-05
0,0,1.25453125e-05
0,0,5.7577476e-05
0,0,6.87895e-05
0,0,1.847315e-05
0,0,3.8175887e-05
0,0,3.1181386e-05
0,0,1.814073e-05
0,0,0.00087293796
0,0,4.778507e-05
0,0,3.4615863e-05
0,0,0.00016879095
0,0,2.8371243e-05
0,0,8.813178e-06
0,0,1.4369301e-05
0,0,2.5370195e-05
0,0,5.7059904e-05
0,0,3.988563e-05
0,0,7.73814e-06
0,0,0.0003589422
0,0,0.00012854848
0,0,5.729958e-06
0,0,0.00020397722
0,0,2.2409991e-05
0,0,3.7235284e-05
0,0,3.0094081e-05
0,0,2.011444e-05
0,0,3.181514e-05
0,0,6.710069e-05
0,0,2.0294923e-05
0,0,1.4143791e-05
0,0,4.944137e-06
0,0,0.0003390428
0,0,0.00011083416
0,0,1.849866e-05
0,0,1.1278737e-05
0,0,4.086686e-05
0,0,5.1126524e-05
0,0,4.268005e-06
0,0,7.5107505e-06
0,0,9.51116e-05
0,0,8.1706814e-05
0,0,2.4341665e-05
0,0,0.00017465504
0,0,8.363143e-05
0,0,0.0005010804
0,0,4.933299e-06
0,0,0.00010819503
0,0,2.2174507e-05
0,0,3.2695003e-05
0,0,1.9100607e-05
0,0,4.767353e-06
0,0,2.6600816e-05
0,0,5.5219236e-05
0,0,0.00012759227
0,0,7.862486e-06
0,0,9.880046e-07
0,0,3.451292e-05
0,0,8.172692e-05
0,0,1.8828838e-05
0,0,1.789973e-05
0,0,1.7717839e-05
0,0,4.3232536e-05
0,0,3.2462827e-05
0,0,0.00017180991
0,0,2.9170102e-05
0,0,1.4071034e-05
0,0,5.1933293e-05
0,0,3.2372554e-05
0,0,4.277475e-05
0,0,0.00010625323
0,0,0.0033618656
0,0,1.0377001e-05
0,0,1.8576196e-05
0,0,0.00015861141
0,0,4.796024e-05
0,0,2.0551446e-05
0,0,2.224928e-05
0,0,1.57401e-05
0,0,7.401128e-05
0,0,1.0130455e-05
0,0,4.6450827e-05
0,0,1.9523091e-05
0,0,0.00011588861
0,0,6.2235517e-06
0,0,2.9534835e-05
0,0,4.753106e-05
0,0,1.0877871e-05
0,0,1.2469986e-05
0,0,0.00010575843
0,0,1.0972109e-05
0,0,0.0001626725
0,0,6.5732e-05
0,0,0.00018582719
0,0,9.7025895e-06
0,0,9.27332e-06
0,0,0.00031064043
0,0,0.0006408979
0,0,1.9418163e-05
0,0,1.6653135e-05
0,0,2.2430302e-05
0,0,5.4449472e-05
0,0,0.00010043875
0,0,0.0001267061
0,0,3.201779e-05
0,0,0.000105321546
0,0,2.2454694e-06
0,0,1.2495474e-05
0,0,4.439299e-05
0,0,0.00029612024
0,0,4.594945e-05
0,0,2.1187434e-05
0,0,5.2452717e-05
0,0,0.00022401275
0,0,0.00023999168
0,0,2.933973e-05
0,0,7.298688e-05
0,0,0.000144585
0,0,7.993387e-06
0,0,1.5867141e-06
0,0,1.1232558e-05
0,0,0.00016677311
0,0,2.5102026e-05
0,0,1.4756844e-05
0,0,0.00017385684
0,0,1.023221e-05
0,0,7.172642e-05
0,0,3.5534285e-06
0,0,6.663192e-06
0,0,2.6210006e-05
0,0,8.954748e-05
0,0,0.00095413614
0,0,9.317089e-05
0,0,5.7535317e-06
0,0,2.5942605e-05
0,0,1.3069611e-05
0,0,1.73756e-05
0,0,3.2291588e-05
0,0,9.167862e-06
0,0,0.00014906233
0,0,4.3317676e-05
0,0,6.828103e-06
0,0,0.0001185829
0,0,6.1084365e-06
0,0,2.2488734e-05
0,0,1.5606713e-05
0,0,1.9697576e-05
0,0,4.1381583e-05
0,0,4.4854137e-06
0,0,1.1757713e-05
0,0,0.00010688654
0,0,0.00017436851
0,0,4.1024025e-05
0,0,6.343e-05
0,0,3.9056165e-05
0,0,1.10293895e-05
0,0,0.00017556352
0,0,0.00012134792
0,0,5.1045557e-05
0,0,0.00032155056
0,0,2.7640295e-05
0,0,2.2881875e-05
0,0,2.0135723e-05
0,0,4.9131577e-05
0,0,0.0011855006
0,0,0.00030246458
0,0,8.5388265e-06
0,0,9.753532e-06
0,0,0.00015047785
0,0,1.1112268e-05
0,0,5.5788012e-05
0,0,4.606506e-05
0,0,0.004518632
0,0,3.6559926e-05
0,0,3.208433e-05
0,0,4.4501644e-06
0,0,1.6646292e-05
0,0,4.70096e-05
0,0,1.9333645e-05
0,0,0.001252613
0,0,6.100885e-06
0,0,2.329393e-05
0,0,0.0013481928
0,0,4.3602733e-05
0,0,4.2627667e-05
0,0,1.8977904e-05
0,0,2.9729988e-05
0,0,8.423467e-05
0,0,0.00038414026
0,0,9.680899e-05
0,0,4.745416e-05
0,0,1.2317365e-05
0,0,2.6972e-05
0,0,1.5520123e-05
0,0,7.8874575e-05
0,0,3.499441e-05
0,0,0.00044119213
0,0,3.5800203e-05
0,0,1.6182561e-06
0,0,3.790534e-06
0,0,2.0937501e-05
0,0,0.00017207254
0,0,0.0002148738
0,0,0.00026136893
0,0,0.00017937175
0,0,9.622254e-05
0,0,3.1024915e-06
0,0,1.7370694e-05
0,0,1.7168748e-05
0,0,3.8232287e-05
0,0,8.262064e-06
0,0,2.1796614e-05
0,0,4.0475466e-06
0,0,0.0031932069
0,0,5.9693375e-06
0,0,0.00024378985
0,0,0.00012303106
0,0,8.382137e-05
0,0,7.822585e-06
0,0,1.3369428e-05
0,0,0.00018324754
0,0,0.00011713852
0,0,1.5881124e-05
0,0,6.797763e-05
0,0,0.00013287763
0,0,1.2772641e-05
0,0,0.00038586935
0,0,8.455629e-06
0,0,0.00022499313
0,0,2.9524357e-05
0,0,3.6988433e-05
0,0,0.0002127865
0,0,2.9697938e-05
0,0,4.5454097e-05
0,0,9.0569854e-05
0,0,9.7412296e-05
0,0,3.8049307e-06
0,0,2.8069397e-05
0,0,0.00010665868
0,0,1.3681812e-05
0,0,0.00035023852
0,0,0.00011632484
0,0,0.0003408541
0,0,1.2654778e-05
0,0,9.713282e-06
0,0,4.5977547e-05
0,0,0.0016140123
0,0,0.00015438192
0,0,0.00020161302
0,0,7.0385235e-05
0,0,3.1478066e-05
0,0,0.00025804012
0,0,8.0653466e-05
0,0,2.9600898e-05
0,0,8.1122744e-05
0,0,7.808817e-05
0,0,3.7793692e-05
0,0,1.0437355e-05
0,0,2.2623972e-05
0,0,5.9381828e-06
0,0,0.00031297636
0,0,2.5878042e-05
0,0,5.4846064e-06
0,0,0.00012332493
0,0,0.00024832832
0,0,0.0012531535
0,0,3.8919974e-05
0,0,7.242404e-05
0,0,4.3232994e-05
0,0,1.5844937e-05
0,0,5.2671667e-06
0,0,6.1207975e-05
0,0,0.00026274836
0,0,0.00025981286
0,0,1.4361096e-05
0,0,7.529307e-05
0,0,0.00023546696
0,0,5.030153e-06
0,0,0.00019482448
0,0,1.6929695e-05
0,0,8.2785744e-05
0,0,0.00022952794
0,0,1.5723206e-05
0,0,1.3676624e-06
0,0,0.00018723868
0,0,6.305837e-06
0,0,7.267144e-06
0,0,1.0339473e-05
0,0,9.018944e-05
0,0,2.7082908e-05
0,0,9.547021e-06
0,0,0.00024095581
0,0,3.1503983e-05
0,0,1.4299161e-05
0,0,8.269951e-05
0,0,1.923918e-05
0,0,3.8967855e-06
0,0,0.00056501763
0,0,2.7643646e-05
0,0,8.88889e-05
0,0,1.9515666e-05
0,0,0.00017098818
0,0,7.3921634e-05
0,0,2.5308984e-05
0,0,3.595636e-05
0,0,2.6384927e-05
0,0,7.359562e-05
0,0,5.3628773e-05
0,0,9.384661e-06
0,0,0.0001115571
0,0,0.0024289223
0,0,0.000112021655
0,0,2.3367543e-06
0,0,9.2290175e-05
0,0,1.7381499e-05
0,0,2.4841664e-05
0,0,1.1522046e-05
0,0,1.30839635e-05
0,0,3.1141386e-05
0,0,6.0694623e-05
0,0,0.0003063453
0,0,0.00021845233
0,0,1.781866e-05
0,0,1.2370657e-05
0,0,2.0790325e-05
0,0,1.6623131e-05
0,0,0.00041167418
0,0,2.521746e-05
0,0,0.00071570737
0,0,0.00029774662
0,0,0.00012358946
0,0,0.00014696438
0,0,0.00012786973
0,0,1.0872935e-05
0,0,1.9568015e-05
0,0,1.1597229e-05
0,0,0.0020642832
0,0,9.5834e-06
0,0,1.8590568e-05
0,0,3.5991811e-06
0,0,0.0003617447
0,0,0.0011960992
0,0,0.00014785383
0,0,1.9116189e-05
0,0,3.5117218e-06
0,0,3.7457346e-05
0,0,7.0029e-05
0,0,0.00028517135
0,0,0.00020253091
0,0,9.941062e-05
0,0,1.2946958e-05
0,0,1.287413e-05
0,0,2.757879e-05
0,0,0.00051902427
0,0,0.000105609884
0,0,7.630333e-05
0,0,0.00017090912
0,0,0.00010336949
0,0,4.672154e-06
0,0,1.4573231e-05
0,0,9.413943e-05
0,0,2.574551e-05
0,0,4.0029217e-06
0,0,7.4309187e-06
0,0,2.8424512e-05
0,0,0.00042128522
0,0,0.0010282035
0,0,3.686866e-05
0,0,3.3088178e-05
0,0,1.6178106e-05
0,0,1.7587321e-05
0,0,9.638711e-05
0,0,6.264481e-05
0,0,9.801656e-06
0,0,6.9158937e-06
0,0,0.00014747522
0,0,1.4271833e-05
0,0,1.3175633e-05
0,0,0.0013582328
0,0,2.5400794e-05
0,0,0.0006966982
0,0,0.000155124
0,0,4.0270806e-05
0,0,7.5100843e-06
0,0,1.8797367e-05
0,0,2.7038419e-05
0,0,2.4075853e-06
0,0,0.00017038306
0,0,9.9548175e-05
0,0,1.6018366e-05
0,0,0.005671349
0,0,2.743306e-06
0,0,2.6101352e-05
0,0,0.00027027243
0,0,1.9495148e-05
0,0,4.400215e-05
0,0,3.3188517e-05
0,0,2.664212e-05
0,0,3.110322e-05
0,0,3.8277303e-05
0,0,2.6675376e-05
0,0,0.0204983
0,0,9.210514e-06
0,0,1.9422127e-05
0,0,1.1912247e-05
0,0,0.0002197532
0,0,2.3942272e-05
0,0,2.3610908e-05
0,0,5.7228094e-06
0,0,5.7991532e-05
0,0,8.4614825e-05
0,0,3.5512163e-05
0,0,6.690549e-05
0,0,2.2034326e-05
0,0,5.7688387e-05
0,0,0.002137591
0,0,1.0887459e-06
0,0,5.568883e-05
0,0,0.0011947904
0,0,1.2670441e-05
0,0,9.072615e-06
0,0,1.3155343e-05
0,0,0.0010147102
0,0,5.4795288e-05
0,0,3.1631174e-05
0,0,2.6487285e-05
0,0,5.7456245e-06
0,0,7.035752e-05
0,0,8.776005e-05
0,0,0.00044914483
0,0,3.2574342e-05
0,0,0.0033269597
0,0,2.6248833e-06
0,0,3.0550993e-05
0,0,6.4323785e-06
0,0,1.3023214e-05
0,0,0.00012800917
0,0,1.6491364e-05
0,0,0.00018460899
0,0,2.219816e-05
0,0,1.8437106e-05
0,0,2.1298389e-05
0,0,7.934018e-05
0,0,3.2917378e-05
0,0,4.2772794e-05
0,0,9.521369e-05
0,0,1.2079406e-05
0,0,3.3140284e-05
0,0,3.0009798e-05
0,0,0.00048692542
0,0,0.00018012707
0,0,6.43628e-05
0,0,2.4679892e-05
0,0,0.00032412919
0,0,2.6405822e-05
0,0,2.881435e-06
0,0,0.00022699097
0,0,6.8702398e-06
0,0,6.469836e-05
0,0,0.00014946026
0,0,8.778306e-05
0,0,0.00019401309
0,0,5.2350926e-05
0,0,1.3325145e-05
0,0,0.000111575595
0,0,1.2716623e-05
0,0,2.2908687e-05
0,0,2.7061586e-05
0,0,4.2465717e-06
0,0,3.0186839e-05
0,0,1.1747727e-05
0,0,2.4521136e-05
0,0,6.882119e-05
0,0,7.1331606e-06
0,0,0.00015726057
0,0,1.938107e-05
0,0,5.236121e-05
0,0,3.4522567e-05
0,0,0.0017119511
0,0,0.0007238004
0,0,4.80594e-06
0,0,0.00015909884
0,0,0.00010166793
0,0,8.9795976e-05
0,0,2.0735735e-05
0,0,1.3733958e-05
0,0,2.0404024e-05
0,0,6.643065e-05
0,0,0.00027969957
0,0,0.0010830371
0,0,2.9434452e-05
0,0,1.6503243e-05
0,0,1.5248563e-05
0,0,0.00019880783
0,0,9.294745e-05
0,0,4.5416622e-05
0,0,6.0724036e-05
0,0,3.4905617e-05
0,0,2.394622e-05
0,0,0.00016693157
0,0,3.568159e-05
0,0,0.0006679788
0,0,2.4176852e-05
0,0,7.166154e-05
0,0,0.00016547406
0,0,1.3183777e-05
0,0,8.840967e-06
0,0,3.776649e-05
0,0,1.9420331e-05
0,0,3.535015e-05
0,0,0.00032018777
0,0,4.793599e-06
0,0,1.25662555e-05
0,0,1.4493939e-05
0,0,1.1306457e-05
0,0,4.2527212e-05
0,0,3.9122833e-06
0,0,0.0001003389
0,0,0.0035681839
0,0,4.7121894e-06
0,0,3.681438e-05
0,0,9.644867e-06
0,0,3.7005335e-05
0,0,2.7099497e-05
0,0,3.2041797e-05
0,0,6.0330003e-06
0,0,2.4663117e-05
0,0,0.00010287271
0,0,6.619907e-05
0,0,5.148069e-06
0,0,0.00013358792
0,0,3.0608877e-05
0,0,9.120954e-06
0,0,0.00014934986
0,0,1.0189054e-05
0,0,0.00018305458
0,0,1.1222515e-05
0,0,6.355243e-05
0,0,0.00040992742
0,0,0.0025025704
0,0,1.7197475e-05
0,0,5.2322026e-05
0,0,8.115803e-05
0,0,2.6954698e-05
0,0,2.0444539e-05
0,0,7.3170784e-05
0,0,0.00016594476
0,0,7.275e-06
0,0,2.734414e-05
0,0,1.3696329e-05
0,0,2.574831e-05
0,0,6.464939e-05
0,0,0.00072102144
0,0,3.5361947e-05
0,0,2.1372021e-05
0,0,0.00017189479
0,0,3.8234874e-05
0,0,1.9382137e-06
0,0,0.00019117759
0,0,6.6039033e-06
0,0,4.3300784e-05
0,0,6.687073e-05
0,0,4.1993633e-05
0,0,4.4217572e-06
0,0,0.00017098084
0,0,4.7862508e-05
0,0,0.00018745037
0,0,8.6653126e-05
0,0,3.4630295e-06
0,0,0.0003178989
0,0,2.3293263e-05
0,0,2.948308e-05
0,0,1.05364325e-05
0,0,0.00026527987
0,0,8.231824e-06
0,0,4.6567828e-05
0,0,1.4158636e-05
0,0,4.1195734e-05
0,0,0.00023441906
0,0,1.2495319e-05
0,0,1.4224533e-05
0,0,6.007772e-05
0,0,1.1900915e-05
0,0,6.2751955e-05
0,0,0.00019798474
0,0,5.8814116e-05
0,0,3.943721e-05
0,0,2.0799289e-05
0,0,1.043822e-05
0,0,0.00024031156
0,0,9.878401e-05
0,0,5.062725e-06
0,0,4.0037565e-05
0,0,0.0009547454
0,0,0.0018862223
0,0,1.5228086e-05
0,0,4.9320337e-05
0,0,2.1327656e-05
0,0,0.00012529928
0,0,0.00052490045
0,0,2.493958e-05
0,0,3.9900504e-05
0,0,1.0851129e-05
0,0,1.8039378e-05
0,0,2.2540586e-05
0,0,1.6513271e-05
0,0,0.00011221591
0,0,0.00026812422
0,0,0.00034976404
0,0,2.0467578e-05
0,0,2.4386043e-05
0,0,9.741568e-06
0,0,3.2915024e-05
0,0,1.6100012e-05
0,0,2.2047736e-05
0,0,3.8932187e-05
0,0,3.6705358e-05
0,0,1.2601994e-05
0,0,9.4132876e-05
0,0,0.0003747749
0,0,6.015993e-05
0,0,1.6935475e-05
0,0,0.00034573243
0,0,3.0597817e-05
0,0,1.016544e-05
0,0,2.2602966e-05
0,0,6.594459e-05
0,0,7.984109e-05
0,0,0.00011735351
0,0,1.2939786e-05
0,0,0.000101006386
0,0,4.0472198e-05
0,0,3.365432e-05
0,0,2.2569e-05
0,0,2.228606e-05
0,0,3.3654673e-05
0,0,4.070738e-06
0,0,0.00010682174
0,0,6.6283656e-06
0,0,1.5058415e-05
0,0,0.00027628246
0,0,7.720153e-05
0,0,0.000108322216
0,0,1.4546184e-05
0,0,2.3266155e-05
0,0,3.3875822e-05
0,0,6.138432e-05
0,0,0.0004087219
0,0,3.2099906e-05
0,0,0.00045932079
0,0,1.4181325e-05
0,0,1.8670005e-05
0,0,2.4455549e-06
0,0,0.00075537787
0,0,8.7627996e-05
0,0,2.3133165e-05
0,0,0.0005874072
0,0,8.755484e-06
0,0,4.4174318e-05
0,0,3.9421266e-05
0,0,1.7966531e-05
0,0,0.00012500142
0,0,1.214849e-05
0,0,4.9751245e-05
0,0,2.7024964e-05
0,0,5.2504365e-06
0,0,1.0451019e-05
0,0,4.889437e-05
0,0,2.9011192e-06
0,0,5.962682e-05
0,0,9.038528e-06
0,0,6.211438e-05
0,0,0.00020450419
0,0,0.00027274244
0,0,3.791976e-05
0,0,1.1981986e-05
0,0,4.5787333e-06
0,0,4.1238894e-05
0,0,0.0017692188
0,0,4.499917e-06
0,0,5.0295484e-06
0,0,3.202124e-05
0,0,1.7997829e-05
0,0,0.002210365
0,0,2.7963408e-05
0,0,0.0002783118
0,0,1.8635425e-05
0,0,0.00026430967
0,0,9.08996e-05
0,0,1.5168604e-05
0,0,1.5371792e-05
0,0,0.00010121724
0,0,8.704884e-05
0,0,2.7586208e-05
0,0,0.0002974578
0,0,7.888623e-06
0,0,2.485868e-05
0,0,9.426978e-05
0,0,6.5344457e-06
0,0,6.7717796e-05
0,0,0.00012543304
0,0,4.266549e-05
0,0,6.280104e-05
0,0,5.377202e-06
0,0,9.988554e-05
0,0,1.041242e-05
0,0,8.270184e-06
0,0,3.9314305e-05
0,0,3.9642633e-05
0,0,6.5024315e-06
0,0,2.0898942e-05
0,0,1.7887376e-05
0,0,2.4184601e-05
0,0,5.8646983e-06
0,0,0.000760754
0,0,4.224548e-05
0,0,8.764448e-06
0,0,0.00037351402
0,0,2.1386191e-05
0,0,3.198608e-05
0,0,2.6912263e-05
0,0,5.566865e-05
0,0,3.771772e-05
0,0,3.8529157e-05
0,0,2.4317977e-05
0,0,8.7830536e-05
0,0,2.7793973e-05
0,0,6.65821e-05
0,0,8.981252e-06
0,0,1.1415266e-05
0,0,6.5243953e-06
0,0,0.00015650662
0,0,7.0285414e-06
0,0,0.0021540597
0,0,3.1303962e-06
0,0,4.7005477e-05
0,0,3.1217237e-06
0,0,8.847478e-05
0,0,9.013919e-06
0,0,0.00063524063
0,0,0.00013251929
0,0,0.0128937
0,0,5.0983774e-05
0,0,0.008535589
0,0,8.9312874e-05
0,0,4.0701332e-05
0,0,8.61456e-05
0,0,7.2882012e-06
0,0,2.1250607e-05
0,0,1.2067396e-05
0,0,0.00019566648
0,0,4.925735e-06
0,0,1.6253789e-05
0,0,7.0788024e-05
0,0,0.005891904
0,0,6.371436e-06
0,0,8.530712e-06
0,0,1.334557e-05
0,0,0.00013827057
0,0,0.00018697802
0,0,0.0007259761
0,0,5.3426586e-05
0,0,0.0006884781
0,0,0.00022943428
0,0,1.1119551e-05
0,0,3.7405432e-06
0,0,3.6054596e-05
0,0,1.5337366e-05
0,0,9.1899565e-06
0,0,6.1546602e-06
0,0,2.6119853e-05
0,0,5.2028812e-05
0,0,3.657262e-05
0,0,1.8773415e-05
0,0,0.00037519206
0,0,6.1055005e-05
0,0,4.0084533e-06
0,0,1.1957295e-05
0,0,9.664054e-06
0,0,6.113326e-06
0,0,0.00015971535
0,0,0.00070883427
0,0,4.195449e-05
0,0,1.252186e-05
0,0,1.6467273e-05
0,0,3.5432095e-05
0,0,3.465444e-05
0,0,4.008549e-06
0,0,7.185352e-07
0,0,2.459559e-05
0,0,3.1951844e-05
0,0,0.0007304807
0,0,9.126905e-06
0,0,2.7976852e-05
0,0,3.6466678e-05
0,0,4.6308363e-05
0,0,2.4173232e-05
0,0,5.5631826e-05
0,0,3.4057506e-05
0,0,2.0082246e-06
0,0,2.540724e-05
0,0,1.4741527e-05
0,0,1.1246042e-05
0,0,3.3956683e-05
0,0,0.0005562569
0,0,5.2675136e-06
0,0,7.781008e-06
0,0,4.0730607e-05
0,0,1.5208407e-05
0,0,5.1455168e-06
0,0,1.4777011e-05
0,0,0.000652889
0,0,2.1393658e-05
0,0,5.6359586e-05
0,0,9.265708e-06
0,0,1.993341e-05
0,0,2.239965e-05
0,0,1.6981747e-05
0,0,0.0002981318
0,0,3.434816e-05
0,0,9.343065e-06
0,0,0.00018156225
0,0,1.710666e-05
0,0,2.1626685e-05
0,0,3.4868435e-06
0,0,4.199432e-06
0,0,1.2724436e-05
0,0,3.5140012e-05
0,0,0.0002523474
0,0,1.8281351e-05
0,0,4.4698718e-05
0,0,0.0021425325
0,0,0.0025954847
0,0,0.00015925852
0,0,3.3129352e-05
0,0,1.2230606e-05
0,0,7.820511e-06
0,0,7.116656e-06
0,0,0.0001982494
0,0,2.2641174e-05
0,0,7.814709e-05
0,0,2.5609354e-06
0,0,1.87686e-05
0,0,0.00033203242
0,0,6.9228886e-06
0,0,3.282033e-05
0,0,1.9433557e-05
0,0,7.758559e-05
0,0,0.0002555504
0,0,4.396339e-05
0,0,6.678059e-06
0,0,2.9043087e-05
0,0,4.4771412e-05
0,0,9.361688e-06
0,0,1.7997228e-05
0,0,3.5334073e-05
0,0,8.831934e-05
0,0,4.8248185e-05
0,0,1.035378e-05
0,0,2.2583274e-05
0,0,9.055172e-05
0,0,8.897094e-06
0,0,5.2702304e-05
0,0,4.0558127e-05
0,0,2.3821995e-05
0,0,0.0006067042
0,0,4.442132e-05
0,0,3.2086653e-05
0,0,2.9662417e-05
0,0,0.00023757841
0,0,9.4898605e-05
0,0,7.794771e-06
1,1,0.98064697
0,0,3.9757274e-06
0,0,1.666421e-05
0,0,5.035975e-05
0,0,4.717306e-06
0,0,2.235458e-05
0,0,9.3172675e-05
0,0,2.2205784e-05
0,0,0.000121033125
0,0,2.1040807e-05
0,0,0.00016574078
0,0,2.1106121e-05
0,0,8.558503e-07
0,0,9.978041e-06
0,0,8.300693e-05
0,0,1.1373074e-06
0,0,1.947287e-05
0,0,2.3030041e-05
0,0,1.4079666e-05
0,0,8.4582476e-05
0,0,2.733658e-05
0,0,6.763914e-06
0,0,4.939136e-05
0,0,2.1136133e-05
0,0,6.5918853e-06
0,0,1.735915e-06
0,0,9.285798e-06
0,0,4.4374633e-06
0,0,2.1205766e-05
0,0,1.1698401e-05
0,0,0.00015972769
0,0,5.1856064e-06
0,0,3.7190253e-05
0,0,0.00020285057
0,0,1.3526917e-05
0,0,5.5316003e-05
0,0,1.74457e-05
0,0,1.4252315e-05
0,0,5.3202507e-06
0,0,8.871354e-06
0,0,0.000100986355
0,0,3.091827e-05
0,0,4.9866096e-05
0,0,3.3607623e-05
0,0,1.3906758e-05
0,0,5.2290205e-05
0,0,5.364361e-06
0,0,0.00041018796
0,0,3.3600667e-05
0,0,3.832168e-05
0,0,5.0881895e-06
0,0,3.093688e-05
0,0,0.00022025935
0,0,4.436751e-05
0,0,0.00014226192
0,0,0.00054389227
0,0,2.6638563e-05
0,0,9.7769276e-05
0,0,0.0016917547
0,0,4.359716e-05
0,0,2.1532145e-05
0,0,1.9062849e-05
0,0,4.2615256e-06
0,0,3.751504e-05
0,0,0.00012843404
0,0,8.495938e-06
0,0,2.6923633e-06
0,0,4.9555165e-05
0,0,4.3862133e-06
0,0,3.894381e-05
0,0,0.00013118595
0,0,3.2793207e-05
0,0,3.1477677e-05
0,0,8.333687e-05
0,0,9.766491e-05
0,0,7.752825e-06
0,0,1.5200998e-05
0,0,4.163602e-06
0,0,0.00013719063
0,0,5.7094867e-06
0,0,0.00021349188
0,0,0.0002470034
0,0,3.6928057e-05
0,0,3.3176017e-05
0,0,2.2762933e-05
0,0,1.5582977e-05
0,0,6.62817e-05
0,0,3.200161e-05
0,0,0.00054393505
0,0,7.836702e-05
0,0,5.226149e-05
0,0,3.0774423e-05
0,0,1.1998246e-05
0,0,0.0002830221
0,0,6.3422136e-05
0,0,1.8996447e-05
0,0,3.3488068e-05
0,0,2.8759744e-06
0,0,1.0869203e-05
0,0,4.6461548e-05
0,0,2.7715407e-06
0,0,3.3774857e-05
0,0,7.6128704e-06
0,0,1.0711664e-06
0,0,0.0021736212
0,0,1.656341e-05
0,0,3.0196425e-06
0,0,0.011315557
0,0,0.00044032806
0,0,0.00032142337
0,0,8.26591e-06
0,0,5.7338366e-05
0,0,7.5379676e-06
0,0,3.6491307e-05
0,0,3.0314692e-05
0,0,0.00026224207
0,0,2.9308298e-05
0,0,7.026873e-06
0,0,0.00060804404
0,0,7.697857e-06
0,0,0.0006702387
0,0,3.904138e-05
0,0,0.00096127565
0,0,1.1707296e-05
0,0,1.54646e-05
0,0,4.34001e-06
0,0,0.00054475816
0,0,7.937687e-05
0,0,4.2104116e-06
0,0,5.5424884e-05
0,0,3.4184606e-05
0,0,5.857365e-06
0,0,0.00020928819
0,0,3.7521128e-05
0,0,3.5425908e-06
0,0,0.00014026088
0,0,0.0015210522
0,0,0.00084710226
0,0,3.216125e-05
0,0,4.8162085e-05
0,0,0.00020371657
0,0,3.3752294e-06
0,0,3.2090906e-05
0,0,1.03555285e-05
0,0,5.249515e-05
0,0,0.000614416
0,0,4.9081144e-05
0,0,0.00016124448
0,0,6.626735e-05
0,0,0.00022867581
0,0,3.1338877e-05
0,0,2.2845397e-05
0,0,5.0483763e-05
0,0,5.84072e-06
0,0,8.926602e-06
0,0,0.0015875862
0,0,4.5652363e-05
0,0,0.00037129535
0,0,4.387862e-05
0,0,0.00030535707
0,0,4.1881535e-06
0,0,2.8474187e-05
0,0,0.00088108843
0,0,2.7870761e-05
0,0,0.0010293865
0,0,1.4984139e-05
0,0,9.010279e-05
0,0,6.7256874e-06
0,0,3.1288084e-05
0,0,1.5245568e-05
0,0,2.2454637e-05
0,0,7.052068e-05
0,0,2.320781e-05
0,0,0.00027588423
0,0,2.6135029e-05
0,0,1.5324777e-05
0,0,4.5993907e-05
0,0,0.00032450515
0,0,5.6309298e-05
0,0,3.1156355e-06
0,0,4.1668165e-05
0,0,6.609814e-05
0,0,4.3484884e-05
0,0,5.3798644e-06
0,0,0.00021967274
0,0,5.938743e-06
0,0,9.7560805e-06
0,0,1.4372632e-05
0,0,1.257256e-05
0,0,9.0808455e-05
0,0,5.3209373e-05
0,0,1.9553836e-05
0,0,1.3073412e-05
0,0,7.975746e-05
0,0,0.0001605152
0,0,4.401923e-05
0,0,8.597175e-06
0,0,3.1589723e-05
0,0,0.004237851
0,0,9.6652366e-05
0,0,0.00024304299
0,0,0.0003592729
0,0,7.826211e-06
0,0,2.6668074e-05
0,0,0.00023215765
0,0,3.8901086e-05
0,0,8.3381e-06
0,0,1.725578e-05
0,0,0.00023414253
0,0,7.0523434e-05
0,0,4.6393412e-05
0,0,0.00014002314
0,0,9.794535e-06
0,0,0.015478282
0,0,0.00025806326
0,0,3.343417e-05
0,0,2.7289148e-05
0,0,0.00025191877
0,0,9.164025e-06
0,0,2.8047833e-05
0,0,0.000114812996
0,0,0.0002853065
0,0,7.4566096e-06
0,0,1.5934007e-05
0,0,2.1721351e-05
0,0,3.5028097e-05
0,0,1.2207009e-05
0,0,4.505697e-06
0,0,5.8860634e-05
0,0,6.1259784e-06
0,0,0.010504935
0,0,0.0006336621
0,0,0.00013671997
0,0,0.001335682
0,0,2.4173355e-06
0,0,9.253955e-06
0,0,1.4900464e-05
0,0,0.0007094953
0,0,6.4360465e-05
0,0,1.4397832e-05
0,0,0.00014320346
0,0,0.00018769556
0,0,1.4797684e-05
0,0,8.863903e-05
0,0,3.0094916e-05
0,0,0.0002850531
0,0,0.00021281469
0,0,2.710053e-06
0,0,1.09948805e-05
0,0,4.493849e-05
0,0,0.00010463324
0,0,8.5544025e-06
0,0,1.6077456e-05
0,0,8.986399e-05
0,0,1.377126e-05
0,0,0.00013399388
0,0,4.9422033e-05
0,0,5.763654e-05
0,0,4.9040473e-06
0,0,2.6312235e-05
0,0,6.143934e-06
0,0,0.00020054205
0,0,2.4860932e-05
0,0,0.0001671101
0,0,2.6390313e-05
0,0,0.00015846931
0,0,1.6469865e-05
0,0,1.0826353e-05
0,0,1.638933e-05
0,0,0.00011807414
0,0,0.00077363185
0,0,1.2017153e-05
0,0,0.00020798757
0,0,1.5862142e-05
0,0,4.135681e-05
0,0,1.8960049e-05
0,0,2.9426763e-05
0,0,8.802665e-05
0,0,8.0024565e-06
0,0,8.961163e-05
0,0,3.291562e-05
0,0,0.00011648445
0,0,2.0333688e-05
0,0,1.1467849e-05
0,0,1.8384224e-05
0,0,0.000108830165
0,0,0.00015490377
0,0,0.0026645432
0,0,1.03940465e-05
0,0,6.8168665e-06
0,0,0.00016963738
0,0,7.122692e-06
0,0,9.685904e-05
0,0,6.53768e-05
0,0,5.95776e-05
0,0,3.8639464e-06
0,0,0.00066476496
0,0,3.9003844e-06
0,0,1.4275699e-05
0,0,0.00018972284
0,0,0.00012864596
0,0,1.4257862e-05
0,0,2.1078282e-05
0,0,3.2627846e-05
0,0,0.00013266607
0,0,7.868344e-06
0,0,7.8487945e-05
0,0,3.0070812e-06
0,0,2.3818793e-05
0,0,6.857567e-06
0,0,2.3242026e-05
0,0,7.0696697e-06
0,0,7.82353e-05
0,0,9.652669e-06
0,0,1.6362343e-05
0,0,0.00021955716
0,0,3.783112e-05
0,0,4.394956e-06
0,0,7.357738e-05
0,0,0.0015862687
0,0,2.528416e-05
0,0,9.056268e-06
0,0,2.1048974e-05
0,0,8.941768e-06
0,0,7.2423195e-06
0,0,0.00026185607
0,0,2.3951727e-06
0,0,0.00019916319
0,0,2.5808147e-05
0,0,6.3085495e-06
0,0,2.2926413e-05
0,0,3.8952057e-05
0,0,2.255994e-05
0,0,1.5373345e-05
0,0,3.0584542e-05
0,0,0.0001074568
0,0,7.6908855e-06
0,0,1.0623689e-05
0,0,2.6201807e-05
0,0,0.00011766804
0,0,6.0896027e-06
0,0,5.8259448e-06
0,0,8.564312e-06
0,0,6.946982e-05
0,0,2.0418254e-05
0,0,3.9359697e-05
0,0,6.22579e-06
0,0,1.587985e-05
0,0,3.5369572e-05
0,0,2.7768594e-05
0,0,4.0389492e-05
0,0,1.3481701e-05
0,0,0.00056346477
0,0,3.683173e-05
0,0,5.5898527e-06
0,0,1.2417406e-06
0,0,2.0066253e-05
0,0,1.0448817e-05
0,0,0.00013845686
0,0,2.8805674e-05
0,0,2.6572417e-05
0,0,5.6782093e-05
0,0,1.5983134e-05
0,0,3.9499424e-05
0,0,2.1981603e-05
0,0,3.3934994e-05
0,0,3.95416e-05
0,0,4.0087005e-05
0,0,3.6371584e-05
0,0,8.610042e-06
0,0,0.00090934016
0,0,1.815984e-05
0,0,3.0241988e-06
0,0,0.0006147695
0,0,8.824288e-06
0,0,1.22642905e-05
0,0,4.810668e-05
0,0,7.025132e-05
0,0,0.00020530364
0,0,2.289995e-05
0,0,2.5827843e-05
0,0,3.7303063e-05
0,0,0.00010731323
0,0,1.1837708e-05
0,0,7.1147624e-06
0,0,0.0004031163
0,0,5.3729415e-05
0,0,0.0001387971
0,0,0.0005493027
0,0,4.095816e-06
0,0,6.128725e-06
0,0,6.135655e-06
0,0,5.4468688e-05
0,0,5.314401e-05
0,0,9.209202e-05
0,0,2.2000415e-05
0,0,3.210502e-05
0,0,9.64862e-06
0,0,1.3038723e-05
0,0,0.0003231634
0,0,0.00057640235
0,0,2.1582102e-05
0,0,3.7547758e-05
0,0,0.0002556915
0,0,3.7130187e-05
0,0,6.5712097e-06
0,0,0.00047100664
0,0,4.240657e-05
0,0,6.193782e-05
0,0,3.952757e-05
0,0,0.00063382456
0,0,2.1709693e-05
0,0,0.00014310259
0,0,5.3802078e-06
0,0,0.0019017229
0,0,0.00028137257
0,0,0.00011132883
0,0,0.00017427643
0,0,6.086033e-05
0,0,9.020944e-06
0,0,0.0010910732
0,0,1.000785e-05
0,0,1.305063e-05
0,0,0.00039835414
0,0,1.2447044e-05
0,0,1.0141735e-05
0,0,7.114471e-06
0,0,1.806839e-05
0,0,1.3168548e-05
0,0,5.701722e-06
0,0,9.059958e-05
0,0,0.0010946108
0,0,5.8641683e-05
0,0,0.0027213087
0,0,6.7846166e-05
0,0,1.1917655e-05
0,0,4.6902533e-05
0,0,0.00018908354
0,0,0.0002358071
0,0,7.965672e-06
0,0,0.00031619327
0,0,2.8783159e-05
0,0,2.9304438e-05
0,0,0.00015193869
0,0,1.7857326e-05
0,0,0.00020514593
0,0,0.0015655659
0,0,0.0006277954
0,0,9.9725745e-05
0,0,2.2242215e-05
0,0,1.339074e-06
0,0,1.0553025e-05
0,0,3.4212287e-06
0,0,4.476501e-05
0,0,2.384611e-05
0,0,2.7731016e-05
0,0,2.3167673e-05
0,0,3.5512505e-05
0,0,3.7650305e-05
0,0,0.00010148525
0,0,2.4075642e-05
0,0,0.00037052113
0,0,0.00021072627
0,0,0.00013616613
0,0,3.168869e-05
0,0,3.017285e-06
0,0,1.4199243e-05
0,0,7.89755e-05
0,0,1.2069341e-05
0,0,8.960548e-06
0,0,5.2483436e-05
0,0,4.5425727e-06
0,0,5.8769433e-06
0,0,3.608084e-05
0,0,5.4740816e-05
0,0,1.632366e-05
0,0,2.3516955e-05
0,0,0.0005101293
0,0,6.1817445e-05
0,0,2.0411986e-05
0,0,1.2503496e-05
0,0,0.00023883482
0,0,7.640913e-05
0,0,4.610751e-06
0,0,5.1483294e-05
0,0,7.54681e-05
0,0,9.6915304e-05
0,0,0.00066413806
0,0,3.044368e-06
0,0,1.6228774e-05
0,0,9.241602e-05
0,0,1.7989814e-05
0,0,2.6713868e-05
0,0,1.1769201e-05
0,0,0.0008938015
0,0,3.2645403e-05
0,0,1.2879226e-05
0,0,1.1246322e-05
0,0,1.8787905e-05
0,0,2.2532031e-05
0,0,4.429586e-06
0,0,0.0001494768
0,0,0.00028572
0,0,3.4137858e-05
0,0,0.00020784444
0,0,0.00015894373
0,0,2.9410967e-05
0,0,5.527438e-06
0,0,0.00011164862
0,0,1.7185195e-05
0,0,9.241726e-05
0,0,8.8497145e-06
0,0,0.02895036
0,0,0.00011723372
0,0,2.2425427e-05
0,0,2.3807777e-05
0,0,0.000103269
0,0,0.00027877366
0,0,1.5588877e-05
0,0,3.4212287e-06
0,0,5.1207135e-05
0,0,4.2655927e-05
0,0,2.8179231e-06
0,0,2.0497328e-05
0,0,2.840175e-05
0,0,4.87327e-05
0,0,7.520345e-05
0,0,6.546139e-05
0,0,1.504584e-05
0,0,8.273237e-06
0,0,0.0001083437
0,0,0.00030175
0,0,4.3114705e-05
0,0,3.4270386e-05
0,0,0.00012219428
0,0,0.00036732174
0,0,3.2807973e-05
0,0,2.1192747e-05
0,0,2.1475627e-05
0,0,9.946954e-06
0,0,1.9939384e-06
0,0,7.528059e-07
0,0,0.00085464236
0,0,1.3203519e-05
0,0,9.4413626e-05
0,0,2.1955232e-06
0,0,0.00023428454
0,0,0.00015211597
0,0,2.5883075e-05
1,1,0.9958134
0,0,0.00017498076
0,0,0.00017593101
0,0,1.2566662e-05
0,0,0.00022428695
0,0,0.000113164104
0,0,0.00079681346
0,0,6.062155e-06
0,0,5.6142173e-05
0,0,0.00049461616
0,0,4.417382e-06
0,0,1.5675761e-05
0,0,9.445739e-05
0,0,1.0383158e-05
0,0,4.0339914e-05
0,0,6.851062e-05
0,0,6.525354e-05
0,0,0.00012702873
0,0,2.3018842e-05
0,0,1.40337925e-05
0,0,9.600239e-05
0,0,0.00065357285
0,0,3.0374076e-05
0,0,1.323371e-06
0,0,2.2173766e-05
0,0,1.6317075e-06
0,0,9.026789e-06
0,0,3.4271205e-05
0,0,4.7365506e-06
0,0,1.5025379e-05
0,0,1.3436238e-05
0,0,7.723576e-05
0,0,5.833656e-06
0,0,1.7359367e-05
0,0,2.3513674e-06
0,0,4.0832463e-05
0,0,2.4017122e-06
0,0,2.7726968e-05
0,0,0.0029198409
0,0,3.5419184e-06
0,0,5.9905804e-05
0,0,3.296104e-05
0,0,3.0415613e-05
0,0,4.0392617e-05
0,0,0.00011305603
0,0,2.5833042e-05
0,0,1.301394e-05
0,0,0.00016894762
0,0,1.5550688e-05
0,0,5.565294e-05
0,0,1.1221402e-05
0,0,2.8415432e-05
0,0,4.2897955e-05
0,0,5.3760217e-05
0,0,0.00056800555
0,0,1.3308737e-05
0,0,0.00010034531
0,0,5.668028e-05
0,0,6.30944e-06
0,0,8.8967165e-05
0,0,7.944627e-06
0,0,7.763693e-06
0,0,0.00011721069
0,0,0.00029922125
0,0,6.609216e-05
0,0,4.5234992e-05
0,0,0.0001991064
0,0,1.8940278e-05
0,0,6.7789966e-05
0,0,4.2151114e-05
0,0,4.7501788e-05
0,0,8.257424e-06
0,0,1.1205211e-05
0,0,0.0001869495
0,0,2.739496e-05
0,0,1.6632646e-05
0,0,1.7231425e-05
0,0,3.6365756e-05
0,0,8.464743e-05
0,0,1.6645325e-05
0,0,0.0009178
0,0,0.00020114795
0,0,3.0350015e-05
0,0,5.7156023e-05
0,0,0.00022815858
0,0,0.0017370566
0,0,0.00031531273
0,0,2.4824114e-06
0,0,9.803179e-05
0,0,3.7416718e-05
0,0,1.4787427e-05
0,0,0.00025643516
0,0,0.0011172902
0,0,4.7146976e-05
0,0,1.8419514e-05
0,0,9.767643e-06
0,0,4.6285273e-05
0,0,0.00027537442
0,0,1.0047134e-05
0,0,8.725917e-06
0,0,5.5149932e-05
0,0,0.0003813588
0,0,0.00017198725
0,0,2.1480297e-05
0,0,2.3393617e-05
0,0,3.1901625e-06
0,0,2.155717e-05
0,0,0.00013594946
0,0,0.00025938865
0,0,9.000003e-06
0,0,9.328072e-06
0,0,0.00035495558
0,0,5.81782e-05
0,0,2.6266305e-05
0,0,2.38287e-05
0,0,4.7492777e-05
0,0,7.7847864e-05
0,0,3.073958e-05
0,0,0.0001571507
0,0,1.835187e-05
0,0,0.0008357398
0,0,2.2354068e-05
0,0,2.0436541e-06
0,0,6.7674286e-05
0,0,1.7704107e-05
0,0,0.00015165629
0,0,3.7353282e-06
0,0,5.247883e-05
0,0,0.00040448687
0,0,0.0007123791
0,0,2.7285116e-05
1,1,0.98623544
0,0,2.5578536e-05
0,0,2.3338766e-06
0,0,2.249135e-05
0,0,8.862035e-05
0,0,7.112574e-05
0,0,1.2265729e-05
0,0,4.972688e-06
0,0,3.011194e-05
0,0,7.21543e-05
0,0,0.00020124273
0,0,0.00012162212
0,0,0.00010685617
0,0,7.62443e-06
0,0,4.9867474e-05
0,0,0.0011448315
0,0,0.00021057905
0,0,5.3685476e-06
0,0,2.8273578e-05
0,0,9.2913855e-05
0,0,2.3732699e-05
0,0,8.313423e-05
0,0,6.6649845e-06
0,0,0.0001324541
0,0,8.094778e-06
0,0,1.3475185e-05
0,0,2.9061675e-05
0,0,1.9180303e-05
0,0,9.0881134e-05
0,0,1.4694133e-06
0,0,6.1935694e-05
0,0,1.2081974e-05
0,0,0.00036081596
0,0,1.9578001e-05
0,0,1.9385987e-05
0,0,2.5650108e-05
0,0,1.8834135e-05
0,0,0.00025800345
0,0,3.088173e-05
0,0,2.4049687e-05
0,0,3.8184935e-06
0,0,0.00013898239
0,0,2.87353e-05
0,0,1.5032301e-05
0,0,8.194605e-05
0,0,0.00026117812
0,0,6.6282455e-06
0,0,3.587844e-05
0,0,0.0007499719
0,0,1.9447649e-05
0,0,1.1671924e-05
0,0,1.6255355e-05
0,0,0.0005100048
0,0,2.8961163e-05
0,0,2.5682637e-05
0,0,6.864488e-05
0,0,3.357338e-05
0,0,7.0266915e-06
0,0,8.3895815e-05
0,0,5.4083448e-05
0,0,9.955718e-05
0,0,0.001876224
0,0,6.188828e-05
0,0,4.619937e-05
0,0,0.00033915674
0,0,1.918687e-05
0,0,3.906857e-05
0,0,0.00034573243
0,0,1.778727e-05
0,0,5.8390746e-05
0,0,0.00029089348
0,0,2.508817e-05
0,0,1.9961906e-05
0,0,5.1632273e-06
0,0,6.691459e-06
0,0,4.4174656e-05
0,0,4.859869e-06
0,0,9.4249284e-05
0,0,4.034305e-06
0,0,4.0989846e-05
0,0,0.00013438002
0,0,1.20629775e-05
0,0,2.0594649e-05
0,0,4.109564e-05
0,0,8.775211e-06
0,0,3.5282723e-05
0,0,2.5067577e-05
0,0,0.00044908293
0,0,0.0007867429
0,0,0.00011202784
0,0,5.5532808e-05
0,0,0.0002569136
0,0,5.3077307e-05
0,0,0.0003389649
0,0,9.368272e-05
0,0,1.1859436e-05
0,0,3.5299618e-05
0,0,5.6178753e-05
0,0,5.401242e-05
0,0,0.002414423
0,0,0.00019594727
0,0,0.0017944196
0,0,3.6953152e-06
0,0,1.5330288e-05
0,0,2.313469e-05
0,0,1.0744213e-05
0,0,2.5896854e-05
0,0,8.545213e-05
0,0,0.00011554665
0,0,5.9004174e-06
0,0,2.6035772e-05
0,0,7.5947996e-06
0,0,4.4798735e-06
0,0,1.6368258e-05
0,0,0.00036996155
0,0,2.636267e-05
0,0,8.906372e-06
0,0,7.7969635e-05
0,0,4.93217e-05
0,0,6.6873695e-06
0,0,2.7185667e-06
0,0,2.1338703e-05
0,0,6.676155e-06
0,0,9.786209e-05
0,0,0.0004734403
0,0,2.0912344e-06
0,0,4.010184e-05
0,0,6.1211475e-05
0,0,2.4483703e-05
0,0,0.00016289072
0,0,1.9193129e-05
0,0,5.3902536e-06
0,0,1.013837e-05
0,0,7.844698e-06
0,0,7.896489e-06
0,0,2.6039248e-05
0,0,1.4500104e-05
0,0,4.2208914e-05
0,0,1.6280985e-05
0,0,1.1313349e-05
0,0,0.00020325443
0,0,4.0754036e-05
0,0,2.3720233e-05
0,0,1.7649674e-05
0,0,4.5362038e-05
0,0,0.0027726765
0,0,0.0006269792
0,0,0.00078668445
0,0,1.082498e-05
0,0,8.391846e-05
0,0,0.00023334891
0,0,1.1608261e-05
0,0,0.00030448177
0,0,4.232052e-05
0,0,5.1553698e-06
0,0,1.4018998e-05
0,0,0.00018290506
0,0,4.8960766e-05
0,0,0.04557889
0,0,6.3664615e-06
0,0,2.2861024e-05
0,0,1.5744468e-05
0,0,0.00048890436
0,0,3.821227e-05
0,0,4.922148e-05
0,0,0.00014287571
0,0,5.8561086e-06
0,0,3.06544e-06
0,0,0.00093162304
0,0,2.3210243e-05
0,0,1.0763965e-05
0,0,1.2454608e-05
0,0,1.2871394e-05
0,0,0.0006356557
0,0,0.0001467192
0,0,2.067756e-05
0,0,6.013934e-05
0,0,0.00020176801
0,0,7.893741e-05
0,0,1.9211533e-05
0,0,6.252318e-05
0,0,0.00012589413
0,0,0.00012505267
0,0,5.052677e-05
0,0,7.674086e-06
0,0,4.2090258e-05
0,0,1.1463343e-05
0,0,2.2729462e-05
0,0,0.00047351068
0,0,1.9059686e-05
0,0,0.00014792406
0,0,5.2410065e-05
0,0,4.6820398e-05
0,0,1.1701837e-05
0,0,2.052524e-05
0,0,0.00013397049
0,0,2.01372e-05
0,0,0.00022660823
0,0,2.3862558e-06
0,0,1.6247372e-05
0,0,2.895164e-05
0,0,2.2598957e-05
0,0,0.0013245032
0,0,9.3725874e-05
0,0,0.000104307386
0,0,1.1098215e-05
0,0,8.4287945e-05
0,0,1.5141428e-06
0,0,3.0083147e-06
0,0,2.8865788e-05
0,0,0.00012832398
0,0,0.00017057455
0,0,9.774541e-05
0,0,3.25536e-05
0,0,2.4664944e-06
0,0,0.00021854628
0,0,5.6753024e-06
0,0,0.00022671759
0,0,1.754638e-05
0,0,6.628271e-05
0,0,0.00021767885
0,0,0.0017028521
0,0,1.0059148e-05
0,0,4.4445555e-05
0,0,0.0006835134
0,0,3.434989e-06
0,0,2.5405118e-06
0,0,8.707798e-05
0,0,0.00012251432
0,0,1.0953959e-05
0,0,0.00027431943
0,0,2.986716e-05
0,0,9.155534e-06
0,0,0.00018478525
0,0,7.1063473e-06
0,0,0.000104578474
0,0,1.4178608e-05
0,0,7.762783e-06
0,0,9.534847e-06
0,0,0.000779982
0,0,6.501744e-05
0,0,3.1996056e-05
0,0,9.397962e-06
0,0,1.532767e-05
0,0,2.1876833e-06
0,0,0.0003043416
0,0,0.00011147074
0,0,7.0777096e-05
0,0,0.0010633923
0,0,3.2835594e-06
0,0,5.4528296e-05
0,0,5.102239e-05
0,0,0.00013156151
0,0,1.5280195e-05
0,0,0.0001029957
0,0,4.3099004e-05
0,0,3.005823e-05
0,0,8.354637e-05
0,0,6.2696067e-06
0,0,1.057868e-05
0,0,0.00029758087
0,0,1.6442023e-05
0,0,0.000126014
0,0,8.33054e-05
0,0,0.0011477399
0,0,6.965676e-06
0,0,4.6619393e-06
0,0,0.006000114
0,0,7.282996e-05
0,0,9.40778e-06
0,0,2.3130806e-05
0,0,2.4180686e-06
0,0,0.0006595979
0,0,8.6923086e-05
0,0,7.2750336e-05
0,0,6.622723e-05
0,0,0.00044461913
0,0,2.8219674e-05
0,0,1.6594035e-05
0,0,0.0018861307
0,0,1.4773577e-06
0,0,2.767117e-06
0,0,2.5155872e-05
0,0,1.3083903e-05
0,0,1.4472543e-05
0,0,4.8590005e-05
0,0,4.6729398e-05
0,0,9.066336e-06
0,0,9.3484334e-05
0,0,3.8755607e-06
0,0,4.886643e-06
0,0,1.2783999e-05
0,0,3.725674e-05
0,0,2.7037051e-06
0,0,1.4620952e-05
0,0,3.2474654e-05
0,0,0.00024510128
0,0,4.0413943e-06
0,0,6.787516e-05
0,0,0.00020625092
0,0,1.0894274e-05
0,0,1.7733222e-05
0,0,1.4801875e-05
0,0,9.0332205e-06
0,0,3.129229e-05
0,0,6.841432e-05
0,0,2.8946863e-05
0,0,2.4690627e-05
0,0,9.118953e-06
0,0,1.0549202e-05
0,0,2.0929796e-05
0,0,1.9382212e-06
0,0,5.3006365e-06
0,0,1.1552556e-05
0,0,8.005449e-05
0,0,2.5811814e-05
0,0,1.335061e-05
0,0,3.0234576e-05
0,0,0.00035471842
0,0,0.000553469
0,0,1.1039766e-05
0,0,0.00033473718
0,0,0.0006626823
0,0,0.0006222338
0,0,0.0002826904
0,0,3.0233452e-05
0,0,3.0909927e-05
0,0,4.708403e-05
0,0,2.9634737e-05
0,0,2.2398624e-05
0,0,7.195777e-05
0,0,3.7612444e-05
0,0,0.00016446169
0,0,8.418359e-05
0,0,5.813483e-05
0,0,2.6045505e-05
0,0,0.0022870286
0,0,3.0815918e-05
0,0,6.326027e-06
0,0,0.0005625713
0,0,1.3907343e-05
0,0,5.8973455e-06
0,0,3.0483503e-05
0,0,5.537892e-05
0,0,7.213476e-05
0,0,0.0002495892
0,0,2.7256405e-05
0,0,8.293896e-05
0,0,5.0297887e-05
0,0,0.00010848875
0,0,4.5047687e-05
0,0,1.21654975e-05
0,0,6.222091e-05
0,0,3.9753595e-06
0,0,1.198762e-05
0,0,6.169675e-06
0,0,5.8526766e-05
0,0,9.101655e-06
0,0,9.627168e-06
0,0,0.00012048489
0,0,1.2817839e-05
0,0,5.0859315e-05
0,0,1.4679126e-05
0,0,0.00017239098
0,0,1.7787726e-05
0,0,0.00010078423
0,0,5.2553555e-06
0,0,2.1254013e-05
0,0,0.00016292086
0,0,0.00045340584
0,0,7.678208e-05
0,0,9.538535e-05
0,0,8.77486e-06
0,0,2.135651e-06
0,0,1.7135086e-05
0,0,6.543731e-06
0,0,9.495093e-05
0,0,2.4000565e-05
0,0,0.0010402888
0,0,1.251236e-05
0,0,3.6660163e-05
0,0,9.890794e-06
0,0,3.489347e-05
0,0,2.6538079e-05
0,0,5.1718704e-05
0,0,0.0013007369
0,0,3.263124e-05
0,0,2.4193181e-05
0,0,1.4524198e-05
0,0,2.9530354e-05
0,0,7.217439e-05
0,0,1.9208253e-05
0,0,1.5909818e-05
0,0,2.4853158e-05
0,0,0.0008687075
0,0,0.00016863458
0,0,0.00027561843
0,0,0.00026171355
0,0,0.00013592586
0,0,0.0011171555
0,0,1.7047478e-05
0,0,1.1066328e-05
0,0,5.5895966e-06
0,0,7.3996625e-06
0,0,8.01405e-06
0,0,3.859141e-05
0,0,1.0774853e-05
0,0,3.1841046e-06
0,0,4.732396e-05
0,0,0.0008213972
0,0,3.2951015e-05
0,0,4.245861e-05
0,0,1.5240363e-05
0,0,5.2931655e-06
0,0,1.3193474e-05
0,0,2.597038e-05
0,0,1.2479242e-05
0,0,2.4094566e-05
0,0,1.5247545e-05
0,0,3.5011166e-05
0,0,1.5031283e-05
0,0,0.0002504665
0,0,2.1766806e-05
0,0,0.0001487406
0,0,5.3113814e-05
0,0,2.0966614e-05
0,0,0.00082548364
0,0,5.9004786e-05
0,0,0.000105574545
0,0,0.0002509845
0,0,1.870565e-05
0,0,2.7372328e-06
0,0,0.00021355662
0,0,4.846983e-06
0,0,7.65241e-06
0,0,5.825131e-05
0,0,0.00093149085
0,0,5.912814e-05
0,0,6.2590945e-05
0,0,9.582157e-06
0,0,1.6344347e-05
0,0,1.0436628e-05
0,0,2.081421e-05
0,0,0.00012888342
0,0,1.2734852e-05
0,0,8.460764e-05
0,0,1.4606791e-05
0,0,5.255415e-05
0,0,2.0719228e-06
0,0,0.0001935017
0,0,5.191316e-06
0,0,5.092085e-05
0,0,3.3465752e-05
0,0,1.6235756e-05
0,0,1.642488e-05
0,0,1.2591999e-05
0,0,1.2776711e-05
0,0,3.7640252e-06
0,0,3.368029e-05
0,0,5.148069e-06
0,0,5.9275117e-06
0,0,7.749476e-06
0,0,8.402919e-06
0,0,5.54747e-05
0,0,1.7354401e-05
0,0,4.368893e-05
0,0,2.4611496e-05
1,1,0.90653616
0,0,0.0017380607
0,0,1.611963e-05
0,0,0.0015768283
0,0,1.8556208e-05
0,0,0.00019200402
0,0,0.00013849171
0,0,2.1618045e-05
0,0,2.5689267e-06
0,0,0.0003882006
0,0,4.4662967e-05
0,0,0.00012069383
0,0,2.3722268e-05
0,0,0.005211731
0,0,2.0239702e-05
0,0,5.2510622e-06
0,0,2.0696736e-05
0,0,0.00015643978
0,0,0.00014658635
0,0,0.0013693509
0,0,5.2895404e-05
0,0,2.0072624e-05
0,0,0.02093812
0,0,3.7623206e-05
0,0,1.5708623e-05
0,0,4.235659e-06
0,0,1.1846866e-05
0,0,3.4447025e-05
0,0,2.6060836e-05
0,0,4.8192407e-05
0,0,3.0301313e-05
0,0,1.2527562e-06
0,0,2.8654873e-05
0,0,0.00021405566
0,0,3.329179e-05
0,0,0.0002348824
0,0,8.92536e-06
0,0,1.3601063e-05
0,0,0.0007142325
0,0,8.945769e-05
0,0,4.9214672e-05
0,0,5.159732e-05
0,0,0.0011108568
0,0,8.087011e-05
0,0,5.294415e-05
0,0,1.1359805e-05
0,0,2.5802801e-06
0,0,3.936259e-05
0,0,0.0002018167
0,0,1.07423275e-05
0,0,9.129734e-06
0,0,1.0451179e-05
0,0,6.1601124e-05
0,0,5.6885234e-05
0,0,3.9711384e-05
0,0,2.4829133e-06
0,0,0.0001957249
0,0,2.0585812e-05
0,0,9.028186e-05
0,0,1.8057356e-06
0,0,8.333291e-06
0,0,0.0020228915
0,0,2.9510293e-06
0,0,6.550879e-05
0,0,1.637808e-05
0,0,4.6972586e-05
0,0,2.3426792e-05
0,0,6.665058e-05
0,0,3.1260228e-05
0,0,6.811975e-05
0,0,1.2759396e-05
0,0,1.1640265e-05
0,0,0.00012694555
0,0,1.1898021e-05
0,0,2.584339e-05
0,0,4.8131824e-06
0,0,4.4609038e-05
0,0,0.00013980035
0,0,3.0176247e-05
0,0,1.8591332e-05
0,0,7.2194184e-06
0,0,4.1740466e-05
0,0,2.0163008e-05
0,0,9.7449556e-05
0,0,3.1229596e-05
0,0,0.00019433838
0,0,1.8717337e-05
0,0,0.00010979351
0,0,0.0043581966
0,0,5.9853897e-05
0,0,6.9510506e-06
0,0,2.8817103e-05
0,0,1.4945493e-05
0,0,7.626405e-05
0,0,1.9953e-05
0,0,3.060599e-05
0,0,4.949193e-05
0,0,2.4067973e-05
0,0,5.272503e-05
0,0,0.00017066323
0,0,0.0006924285
0,0,3.67768e-05
0,0,0.0001361334
0,0,8.4911386e-05
0,0,4.824984e-05
0,0,0.00021021294
0,0,4.216856e-05
0,0,0.00011229148
0,0,3.998293e-05
0,0,3.2478372e-05
0,0,1.282427e-05
0,0,2.2876508e-05
0,0,8.1885955e-06
0,0,5.2133246e-06
0,0,4.3743285e-06
0,0,0.0004159719
0,0,8.066328e-06
0,0,3.491817e-05
0,0,1.8636332e-05
0,0,0.00034855973
0,0,0.00021927911
0,0,0.00024989402
0,0,0.00036878526
0,0,9.530843e-05
0,0,6.271604e-06
0,0,0.0002814367
0,0,5.533959e-05
0,0,0.00017557824
0,0,0.00023622454
0,0,3.1099036e-05
0,0,2.4171342e-05
0,0,5.693082e-05
0,0,1.29486625e-05
0,0,3.832135e-05
0,0,3.1159154e-05
0,0,1.8796525e-05
0,0,7.134917e-05
0,0,2.9605219e-05
0,0,2.2616357e-05
0,0,0.00012978246
0,0,2.580817e-05
0,0,5.3707845e-05
0,0,5.3961303e-05
0,0,3.9990373e-06
0,0,6.143381e-05
0,0,8.8488196e-05
0,0,0.00032313136
0,0,3.842524e-05
0,0,0.00085792603
0,0,0.00033822103
0,0,0.00014870713
0,0,4.3970314e-05
0,0,0.0017156204
0,0,9.846557e-05
0,0,2.4621473e-05
0,0,0.0001359689
0,0,0.0001912465
0,0,5.0822437e-06
0,0,0.00069435016
0,0,8.446753e-05
0,0,7.556474e-05
0,0,2.4683235e-05
0,0,8.140896e-06
0,0,6.005005e-05
0,0,2.042953e-05
0,0,2.1247346e-05
0,0,0.00027028326
0,0,0.000549509
0,0,1.5031842e-05
0,0,4.946848e-05
0,0,9.4856e-05
0,0,1.5280966e-05
0,0,1.8412507e-05
0,0,2.0536752e-05
0,0,2.2641734e-05
0,0,3.437637e-06
0,0,1.411322e-05
0,0,0.0019869541
0,0,4.907248e-05
0,0,7.797321e-06
0,0,3.873218e-06
0,0,1.1468188e-05
0,0,7.128946e-05
0,0,1.5333286e-05
0,0,3.2061605e-05
0,0,0.00087044656
0,0,4.747883e-05
0,0,2.109079e-05
0,0,5.5064218e-05
0,0,4.991075e-06
0,0,5.2848864e-05
0,0,0.00012697134
0,0,0.0017951055
0,0,1.6842287e-05
0,0,1.220389e-05
0,0,2.9306955e-05
0,0,0.00016980973
0,0,0.0010515342
0,0,0.00028425874
0,0,9.144252e-06
0,0,3.5452475e-05
0,0,4.032063e-06
0,0,2.6476222e-05
0,0,6.5685467e-06
0,0,1.3440006e-05
0,0,5.0493294e-05
0,0,1.8920726e-05
0,0,0.00026955598
0,0,0.0014641728
0,0,3.5866055e-05
0,0,5.6385386e-05
0,0,1.23528325e-05
0,0,0.00010463813
0,0,6.0565785e-06
0,0,1.4834618e-05
0,0,4.5358403e-05
0,0,1.7507917e-05
0,0,7.47741e-05
0,0,4.0715542e-05
0,0,2.580817e-05
0,0,0.0003181915
0,0,1.909396e-05
0,0,0.00013420613
0,0,0.00048552154
0,0,7.270318e-05
0,0,1.9563908e-05
0,0,0.00015317369
0,0,1.0169639e-05
0,0,2.5902262e-05
0,0,1.3276335e-05
0,0,8.132738e-05
0,0,2.7062619e-05
0,0,1.3111543e-05
0,0,3.5162237e-05
0,0,4.8384163e-06
0,0,3.4942987e-05
0,0,0.00012382669
0,0,5.7395073e-06
0,0,3.2541866e-05
0,0,0.00015975053
0,0,3.6698533e-05
0,0,1.2445679e-05
0,0,3.3493336e-05
0,0,0.00081500324
0,0,1.6419131e-05
0,0,1.5588774e-05
0,0,0.0009241782
0,0,6.816926e-05
0,0,0.00016508653
0,0,2.9041812e-05
0,0,8.196127e-06
0,0,1.4659625e-05
0,0,3.007291e-05
0,0,0.00040982742
0,0,1.7883624e-05
0,0,3.7220627e-05
0,0,0.0017046502
0,0,2.0465899e-05
0,0,0.00030114016
0,0,0.003046107
0,0,4.600614e-06
0,0,1.3617404e-05
0,0,0.00017840206
0,0,6.6493776e-05
0,0,0.000121938676
0,0,1.6542983e-05
0,0,2.4403631e-05
0,0,5.8459045e-05
0,0,0.00028682893
0,0,9.916568e-05
0,0,6.1236344e-05
0,0,9.3787385e-05
0,0,0.00010122777
0,0,6.1102132e-06
0,0,0.00031152007
0,0,9.185672e-06
0,0,1.49190755e-05
0,0,1.0610385e-05
0,0,2.9180286e-05
0,0,9.442974e-05
0,0,5.9910377e-05
0,0,4.0866198e-05
0,0,3.102433e-05
0,0,0.0001680096
0,0,1.6537053e-05
0,0,0.0015811077
0,0,0.0003876363
0,0,4.7938152e-05
0,0,3.8464765e-05
0,0,0.00024215895
0,0,1.584353e-05
0,0,2.9965784e-05
0,0,2.5447262e-06
0,0,0.00021478551
0,0,4.366605e-06
0,0,1.792385e-05
0,0,8.311433e-06
0,0,9.364985e-05
0,0,6.483145e-05
0,0,3.6563413e-06
0,0,1.8486175e-05
0,0,3.9508617e-05
0,0,4.2607102e-05
0,0,0.0001894414
0,0,2.769161e-05
0,0,5.51452e-05
0,0,2.3930834e-05
0,0,2.2334167e-05
0,0,7.977342e-06
0,0,6.5594184e-05
0,0,5.166621e-06
0,0,5.9760473e-06
0,0,2.2056527e-05
0,0,0.00012640863
0,0,1.3145599e-05
0,0,0.0001672011
0,0,1.7102615e-05
0,0,4.481353e-05
0,0,3.080402e-05
0,0,9.961583e-06
0,0,5.869002e-05
0,0,3.0857824e-05
0,0,3.9503306e-05
0,0,2.440733e-05
0,0,8.920543e-06
0,0,5.383871e-05
0,0,0.00027277
0,0,0.00024087356
0,0,5.116867e-05
0,0,7.67927e-05
0,0,1.8155615e-05
0,0,1.0775263e-05
0,0,9.7385955e-06
0,0,1.692374e-05
0,0,0.0003535776
0,0,1.6401665e-06
0,0,0.00028209967
0,0,8.392454e-05
0,0,1.1898157e-05
0,0,3.0563988e-05
0,0,1.6286793e-05
0,0,4.4934848e-05
0,0,5.6017463e-05
0,0,4.928019e-05
0,0,0.0001164166
0,0,1.7599134e-05
0,0,5.970396e-06
0,0,4.615177e-05
0,0,0.00020824555
0,0,0.00048571342
0,0,2.350442e-05
0,0,5.484558e-05
0,0,0.00015085899
0,0,0.00020212193
0,0,5.2202315e-05
0,0,9.456122e-05
0,0,0.002410472
0,0,9.433169e-06
0,0,2.3805893e-05
0,0,0.00020951818
0,0,2.9971903e-05
0,0,4.029309e-05
0,0,3.284513e-05
0,0,6.2301835e-05
0,0,0.0026564128
0,0,4.8269263e-05
0,0,4.9074497e-05
0,0,0.0001680277
0,0,1.0412135e-06
0,0,5.5163135e-05
0,0,4.6367454e-06
0,0,2.5173487e-05
0,0,1.7355624e-06
0,0,1.959565e-06
0,0,1.4063588e-05
0,0,3.4268982e-05
0,0,1.7741088e-05
0,0,4.144572e-05
0,0,0.00035934075
0,0,0.00026596617
0,0,0.00043505433
0,0,1.2231994e-05
0,0,2.507949e-06
0,0,2.9292789e-05
0,0,3.7922724e-05
0,0,0.00016316664
0,0,0.00037180027
0,0,0.00022154202
0,0,0.00027807735
0,0,1.0818271e-05
0,0,0.00021987557
0,0,9.100362e-06
0,0,9.450001e-05
0,0,0.000121158984
0,0,0.00020917766
0,0,4.267488e-06
0,0,0.0006828721
0,0,0.00029538036
0,0,0.0001678935
0,0,3.8216995e-06
0,0,0.0005617962
0,0,1.7485808e-06
0,0,0.003765734
0,0,8.660463e-05
0,0,5.8518788e-05
0,0,9.544021e-05
0,0,8.372686e-05
0,0,0.00010871576
0,0,4.2417087e-05
0,0,5.3895117e-05
0,0,6.170489e-05
0,0,1.838959e-05
0,0,2.2760392e-05
0,0,1.36975705e-05
0,0,0.0010628864
0,0,4.938717e-05
0,0,0.00016995147
0,0,1.7605747e-05
0,0,0.00022772455
0,0,1.8422554e-05
0,0,9.071586e-06
0,0,4.016319e-05
0,0,0.0001259454
0,0,8.902916e-06
0,0,4.3025007e-06
0,0,2.863526e-05
0,0,9.19354e-05
0,0,1.0208225e-06
0,0,2.9384473e-05
0,0,5.780519e-05
0,0,7.4977455e-05
0,0,0.000588263
0,0,0.00032636826
0,0,0.00011313757
0,0,2.3240476e-05
0,0,1.5082964e-05
0,0,0.0011966805
0,0,0.00017171263
0,0,9.024533e-06
0,0,1.1212973e-05
0,0,2.1771788e-05
0,0,1.0295226e-05
0,0,0.00056870026
0,0,0.00055066065
0,0,3.868611e-05
0,0,1.7172286e-05
0,0,1.9329756e-05
0,0,3.5335725e-05
0,0,7.911873e-05
0,0,3.485901e-05
0,0,0.00010572888
0,0,6.0609873e-06
0,0,0.00042517995
0,0,3.6941092e-05
0,0,9.569685e-05
0,0,3.970415e-05
0,0,3.5115747e-06
0,0,1.9018235e-05
0,0,0.002271936
0,0,2.1482836e-05
0,0,9.900968e-06
0,0,1.2284097e-05
0,0,2.356037e-05
0,0,6.211532e-05
0,0,0.00017327958
0,0,4.525545e-06
0,0,1.509587e-05
0,0,5.99158e-05
0,0,5.1549905e-05
0,0,2.2097687e-05
0,0,4.2019477e-05
0,0,3.9611987e-05
0,0,0.004841539
0,0,2.4416364e-05
0,0,8.991936e-05
0,0,2.8442299e-05
0,0,2.6300719e-05
0,0,0.0011383888
0,0,1.29933915e-05
0,0,0.00070558407
0,0,2.3521061e-05
0,0,0.0013882873
0,0,0.004826743
0,0,3.133314e-05
0,0,5.7367244e-05
0,0,0.00016528249
0,0,5.482712e-05
0,0,0.00017762416
0,0,2.365341e-06
0,0,6.941479e-05
0,0,8.919267e-06
0,0,3.0937313e-06
0,0,1.6732398e-05
0,0,2.973749e-06
0,0,1.8983841e-05
0,0,0.000103225284
0,0,1.9379073e-05
0,0,0.00031509274
0,0,7.688884e-06
0,0,5.3614767e-05
0,0,0.00035293875
0,0,0.00024244263
0,0,4.01656e-05
0,0,3.5716046e-05
0,0,1.7254035e-05
0,0,7.646326e-06
0,0,3.4362904e-05
0,0,5.792671e-06
0,0,6.751069e-05
0,0,2.0234917e-05
0,0,4.011278e-05
0,0,0.0064550894
0,0,5.701722e-06
0,0,2.796405e-05
0,0,1.2429857e-05
0,0,2.4487625e-05
0,0,2.2067994e-05
0,0,7.889187e-06
0,0,1.05502695e-05
0,0,0.0006307353
0,0,2.5121279e-05
0,0,2.257042e-05
0,0,6.340605e-05
0,0,1.7774637e-05
0,0,3.3371736e-05
0,0,0.0006791047
0,0,4.0847804e-05
0,0,5.4698605e-05
0,0,0.00020306073
0,0,6.483115e-05
0,0,0.00015845978
0,0,0.0009302855
0,0,0.00012657097
0,0,5.6772078e-05
0,0,8.618214e-06
0,0,2.6777197e-05
0,0,5.8222653e-05
0,0,4.9004768e-05
0,0,0.00011468048
0,0,2.7970527e-06
0,0,9.1411755e-05
0,0,8.430852e-06
0,0,0.00027228516
0,0,2.9934672e-06
0,0,4.040113e-05
0,0,2.7841723e-05
0,0,0.00041688932
0,0,0.000118600314
0,0,2.8338902e-05
0,0,0.00024885545
0,0,1.2333045e-05
0,0,3.6817153e-05
0,0,1.1204293e-05
0,0,4.422165e-05
0,0,2.5181675e-05
0,0,1.0124109e-05
0,0,1.1576676e-05
0,0,5.0639115e-05
0,0,0.00013953599
0,0,0.0015441579
0,0,0.00022983739
0,0,7.546069e-05
0,0,4.8768037e-05
0,0,8.803031e-06
0,0,3.9475664e-05
0,0,9.495048e-06
0,0,6.53826e-05
0,0,1.0211515e-05
0,0,1.6584749e-05
0,0,9.088827e-06
0,0,4.772145e-05
0,0,1.14180975e-05
0,0,1.599254e-05
0,0,1.7036557e-05
0,0,5.6478852e-06
0,0,2.9949244e-05
0,0,5.379931e-06
0,0,0.0014079496
0,0,5.8179645e-05
0,0,0.0005416088
0,0,0.0007453638
0,0,1.2415464e-06
0,0,2.2522021e-05
0,0,5.523818e-06
0,0,6.742326e-05
0,0,1.0317371e-05
0,0,8.810548e-06
0,0,0.00011457981
0,0,0.00010784503
0,0,1.467896e-05
0,0,6.525385e-05
0,0,3.0964653e-05
0,0,1.8047775e-05
0,0,1.1669141e-05
0,0,0.00014690805
0,0,3.41127e-05
0,0,7.567586e-06
0,0,7.941575e-06
0,0,5.0244666e-06
0,0,5.728245e-05
0,0,1.3551011e-05
0,0,7.983674e-06
0,0,0.0001599197
0,0,6.8492072e-06
0,0,3.0035108e-05
0,0,6.513933e-05
0,0,1.6316842e-05
0,0,0.00014631418
0,0,4.216234e-06
0,0,3.937077e-05
0,0,5.2795418e-05
0,0,1.6387861e-05
0,0,3.5736488e-05
0,0,1.0069926e-05
0,0,3.2335312e-05
0,0,0.00011805635
0,0,1.966533e-05
0,0,3.9076804e-05
0,0,1.3735138e-05
0,0,7.2628545e-06
0,0,1.6224689e-05
0,0,1.5759535e-05
0,0,0.00018372307
0,0,0.0001765516
0,0,0.0025186052
0,0,4.309498e-06
0,0,7.84915e-06
0,0,6.983893e-05
0,0,2.3662078e-05
0,0,6.5405606e-05
0,0,8.495996e-06
0,0,7.398326e-05
0,0,3.365599e-05
0,0,5.8307746e-06
0,0,1.9919444e-05
0,0,0.0014959658
0,0,0.00016286122
0,0,6.179186e-05
0,0,1.2123421e-05
0,0,0.00013543862
0,0,2.1597214e-05
0,0,0.0002138229
0,0,1.4145059e-05
0,0,2.8493881e-05
0,0,9.9884106e-05
0,0,3.370613e-05
0,0,0.00088108843
0,0,0.0001310959
0,0,0.005130211
0,0,0.00021531802
0,0,6.6767407e-06
0,0,3.6510766e-05
0,0,1.8170529e-05
0,0,1.4643111e-05
0,0,0.00010720461
0,0,7.7872224e-05
0,0,3.156494e-05
0,0,0.000101142185
0,0,0.00035975102
0,0,3.1445034e-05
0,0,0.00025276977
0,0,9.220502e-05
0,0,5.083342e-05
0,0,1.6973376e-05
0,0,0.00013063519
0,0,0.00035798995
0,0,0.0019198213
0,0,4.14611e-05
0,0,1.7374966e-06
0,0,1.1740771e-05
0,0,4.9412565e-06
0,0,4.0410952e-05
0,0,4.3512496e-06
0,0,1.613001e-05
0,0,0.00017080877
0,0,0.00010038359
0,0,0.0002663839
0,0,1.1457628e-05
0,0,9.746093e-06
0,0,4.0296432e-05
0,0,9.517886e-06
0,0,0.00016126616
0,0,2.088641e-05
0,0,3.8260732e-05
0,0,2.5915382e-05
0,0,7.8503144e-05
0,0,7.498677e-06
0,0,1.0071866e-05
0,0,8.696143e-06
0,0,4.8704966e-05
0,0,9.1206704e-05
0,0,6.4555934e-05
0,0,3.3145596e-05
0,0,0.00013817329
0,0,7.1442446e-05
0,0,1.2363639e-05
0,0,1.259911e-05
0,0,8.716901e-06
0,0,2.9313522e-05
0,0,0.0007703501
0,0,8.6397995e-06
0,0,0.00072860846
0,0,1.3548581e-05
0,0,6.618341e-05
0,0,2.4438472e-05
0,0,3.152959e-05
0,0,4.562183e-06
0,0,0.00018072766
0,0,0.0074183
0,0,5.1374267e-05
0,0,9.44379e-06
0,0,2.21517e-05
0,0,1.0864197e-05
0,0,3.6250494e-05
0,0,0.00013231649
0,0,3.9322706e-05
0,0,3.9176542e-05
0,0,1.587602e-05
0,0,5.9172817e-05
0,0,1.1208632e-05
0,0,1.2583992e-05
0,0,0.00016176607
0,0,8.6710925e-06
0,0,9.0228805e-06
0,0,2.8772181e-05
0,0,2.1796136e-06
0,0,0.00017213802
0,0,1.2643645e-05
0,0,5.2530908e-05
0,0,7.0952934e-05
0,0,1.2333586e-05
0,0,0.00018610257
0,0,0.0049622287
0,0,1.5871403e-05
0,0,2.2690867e-05
0,0,0.0014386072
0,0,5.3833322e-05
0,0,4.8158912e-05
0,0,6.9264083e-06
0,0,9.816408e-06
0,0,7.412663e-05
0,0,5.2686187e-06
0,0,2.6242944e-05
0,0,1.1998487e-05
0,0,9.520715e-05
0,0,0.0008045853
0,0,1.3444595e-05
0,0,3.4727622e-05
0,0,3.7715134e-05
0,0,2.5189529e-05
0,0,1.0078977e-05
0,0,3.390869e-05
0,0,0.00017441523
0,0,0.0006234047
0,0,3.1057574e-05
0,0,0.00023104316
0,0,1.7850738e-05
0,0,5.2407566e-05
0,0,0.00022973573
0,0,4.0221563e-05
0,0,6.960225e-06
0,0,3.5711316e-06
0,0,5.750307e-05
0,0,1.4839217e-05
0,0,1.856035e-05
0,0,0.00014717472
0,0,3.1433885e-06
0,0,6.149512e-05
0,0,2.299337e-05
0,0,5.895675e-05
0,0,0.00024460262
0,0,1.2883636e-05
0,0,1.7794326e-05
0,0,0.00034303011
0,0,1.7057171e-05
0,0,0.000385306
0,0,0.00010888466
0,0,1.78513e-05
0,0,1.759806e-05
0,0,5.4678685e-06
0,0,0.00015015234
0,0,0.006791443
0,0,5.356683e-05
0,0,8.453258e-06
0,0,8.6106345e-05
0,0,0.00022318173
0,0,0.0004353074
0,0,6.2255467e-06
0,0,6.321745e-06
0,0,0.000117842654
0,0,7.087462e-05
0,0,1.8827273e-05
0,0,4.935402e-05
0,0,2.7816566e-05
0,0,4.1171937e-05
0,0,4.2672204e-05
0,0,0.00019507077
0,0,1.4789854e-05
0,0,1.7402064e-05
0,0,0.0005470098
0,0,0.00014716604
0,0,0.00025628167
0,0,0.00023124591
0,0,0.0003752969
0,0,2.959167e-05
0,0,1.2346214e-05
0,0,1.5411231e-05
0,0,6.8588156e-06
0,0,1.1649438e-05
0,0,9.081661e-06
0,0,0.00016725373
0,0,0.00012540146
0,0,0.0005915753
0,0,0.19125924
0,0,0.0015460412
0,0,1.3446737e-05
0,0,0.00036109076
0,0,0.0001863446
0,0,5.3951782e-05
0,0,4.060259e-05
0,0,1.8491446e-05
0,0,4.4693603e-05
0,0,7.518999e-06
0,0,5.0076298e-05
0,0,0.00018067063
0,0,4.9161197e-05
0,0,8.12075e-05
0,0,9.028923e-06
0,0,3.089263e-05
0,0,2.211392e-05
0,0,3.4499593e-05
0,0,0.00024708346
0,0,0.00042201258
0,0,4.5930177e-05
0,0,0.002066167
0,0,3.8535953e-05
0,0,1.1137985e-05
0,0,0.00036299144
0,0,0.00016684881
0,0,0.000757035
0,0,4.1747473e-05
0,0,1.9151368e-05
0,0,0.0001822835
0,0,5.2102845e-05
0,0,0.00024139315
0,0,0.00095726846
0,0,1.945286e-05
0,0,3.4788412e-05
0,0,7.418327e-05
0,0,1.632771e-05
0,0,6.482286e-05
0,0,5.6388504e-05
0,0,1.6947577e-05
0,0,1.5830075e-05
0,0,2.5682e-05
0,0,8.985064e-06
0,0,9.632944e-06
0,0,1.8786042e-05
0,0,9.450001e-05
0,0,0.00043912572
0,0,1.2866816e-05
0,0,7.0957694e-06
0,0,0.00010951443
0,0,0.00055956293
0,0,8.354831e-06
0,0,1.5086156e-05
0,0,2.3801582e-05
0,0,0.00026631102
0,0,4.5325454e-05
0,0,4.9635426e-05
0,0,1.1275586e-05
0,0,6.3416837e-06
0,0,1.5095236e-05
0,0,1.703961e-05
0,0,5.1045445e-06
0,0,0.00014315554
0,0,5.4183215e-06
0,0,7.362917e-06
0,0,8.00132e-05
0,0,9.42649e-07
0,0,2.0668589e-05
0,0,0.00017648394
0,0,1.5583422e-05
0,0,0.00013214463
0,0,7.2777893e-06
0,0,8.457854e-06
0,0,2.5721756e-05
0,0,0.0007277331
0,0,1.7154625e-05
0,0,2.3836992e-05
0,0,0.00015818203
0,0,3.8423812e-05
0,0,1.29783575e-05
0,0,0.00010159089
0,0,0.00010145071
0,0,0.00023125144
0,0,3.931682e-05
0,0,8.210255e-05
0,0,0.00027226337
0,0,5.8540438e-05
0,0,2.3703113e-05
0,0,2.0639733e-05
0,0,2.7856917e-05
0,0,9.336385e-06
0,0,4.194653e-05
0,0,1.7377835e-05
0,0,9.447916e-06
0,0,7.305728e-05
0,0,5.34433e-05
0,0,0.001134014
0,0,0.0011517534
0,0,2.8676908e-05
0,0,1.0046665e-05
0,0,1.4657879e-05
0,0,2.3582219e-05
0,0,2.9288376e-05
0,0,5.840639e-05
0,0,6.108856e-06
0,0,1.37492e-05
0,0,6.6196353e-06
0,0,7.4690574e-06
0,0,2.2059283e-05
0,0,6.6891516e-05
0,0,0.00021349473
0,0,0.0003469098
0,0,1.2767052e-05
0,0,3.2255823e-05
0,0,0.00014357454
0,0,0.00016294557
0,0,8.892222e-05
0,0,0.00035044344
0,0,8.366429e-05
0,0,0.0005318865
0,0,2.6125907e-05
0,0,4.98993e-05
0,0,6.449244e-05
0,0,3.3702752e-05
0,0,1.341203e-05
0,0,2.706974e-05
0,0,7.301377e-06
0,0,0.00027298258
0,0,6.5429624e-05
0,0,2.8372162e-05
0,0,0.00013433724
0,0,8.793931e-05
0,0,8.217893e-06
0,0,1.7590073e-05
0,0,9.178972e-05
0,0,1.3424007e-05
0,0,0.000115392075
0,0,1.685739e-05
0,0,8.734234e-06
0,0,6.124382e-05
0,0,8.215997e-06
0,0,1.59351e-05
0,0,6.5706085e-06
0,0,3.554052e-05
0,0,0.0002910913
0,0,5.1568895e-06
0,0,3.033835e-05
0,0,0.019903434
0,0,0.00019101924
0,0,7.992259e-06
0,0,2.091904e-05
0,0,5.984277e-05
0,0,0.00012016363
0,0,4.8830112e-05
0,0,8.130351e-05
0,0,8.879675e-06
0,0,2.509013e-05
0,0,2.5295963e-06
0,0,1.7877968e-06
0,0,1.9404371e-05
0,0,1.7498971e-05
0,0,6.212338e-05
0,0,3.8990074e-05
0,0,7.4654827e-06
0,0,5.471238e-06
0,0,0.00025672335
0,0,0.00047563983
0,0,5.1042636e-05
0,0,3.0735795e-05
0,0,0.0001503717
0,0,2.222059e-05
0,0,1.4537281e-05
0,0,5.0987787e-06
0,0,5.0701897e-06
0,0,0.00018169647
0,0,0.0009852059
0,0,1.4033484e-05
0,0,0.00011898783
0,0,9.45348e-05
0,0,8.80335e-06
0,0,1.954034e-05
0,0,2.7598667e-06
0,0,3.2220745e-05
0,0,0.00010744921
0,0,0.0018081873
0,0,3.007968e-05
0,0,1.4158717e-05
0,0,4.4313692e-06
0,0,2.0560913e-06
0,0,4.2319366e-06
0,0,5.2455516e-06
0,0,8.2451625e-05
0,0,0.0002145528
0,0,9.750793e-05
0,0,6.6602756e-06
0,0,0.000540079
0,0,9.3757335e-06
0,0,0.001005756
0,0,0.0016095157
0,0,3.8820854e-05
0,0,2.3568324e-05
0,0,1.6244352e-05
0,0,3.31787e-06
0,0,1.7411412e-05
0,0,0.00016852705
0,0,2.0748888e-05
0,0,0.0006314059
0,0,5.4422064e-05
0,0,9.36053e-05
0,0,5.527593e-05
0,0,1.6061334e-05
0,0,3.891411e-05
0,0,3.028158e-05
0,0,0.00012268066
0,0,0.00020110923
0,0,4.512887e-05
0,0,5.7496864e-06
0,0,0.00019839084
0,0,0.00014716336
0,0,0.0008980963
0,0,3.4814639e-06
0,0,3.1180287e-05
0,0,7.660838e-05
0,0,0.0002290802
0,0,0.00012731104
0,0,0.00010900859
0,0,1.4815631e-05
0,0,0.0002926097
0,0,4.5889414e-05
0,0,5.2881176e-05
0,0,0.00079188956
0,0,5.517271e-05
0,0,0.00010656982
0,0,1.4796597e-05
0,0,6.786833e-06
0,0,0.0004047812
0,0,2.9768997e-05
0,0,2.4449964e-05
0,0,9.9646655e-05
0,0,2.1721642e-05
0,0,4.922148e-05
0,0,8.244268e-06
0,0,8.106166e-05
0,0,0.0005948047
0,0,0.0022540821
0,0,9.759221e-05
0,0,1.3363336e-05
0,0,0.00041632718
0,0,0.00010345311
0,0,4.2498573e-06
0,0,0.0005634967
0,0,3.9668008e-05
0,0,6.221266e-05
0,0,9.0371956e-05
0,0,0.0010046024
0,0,1.869625e-05
0,0,0.00030708715
0,0,0.00048092598
0,0,3.2465767e-05
0,0,1.5802036e-05
0,0,4.3883683e-05
0,0,5.334131e-05
0,0,2.434257e-05
0,0,2.790318e-05
0,0,5.7900023e-05
0,0,1.49983925e-05
0,0,0.001055082
0,0,2.6285148e-05
0,0,3.179946e-05
0,0,1.3133231e-05
0,0,1.6145877e-05
0,0,9.100422e-06
0,0,6.142702e-05
0,0,2.5548476e-05
0,0,0.001504887
0,0,9.392253e-05
0,0,1.4738983e-05
0,0,0.00022149704
0,0,4.532097e-06
0,0,1.20390505e-05
0,0,0.00010722629
0,0,1.7037693e-05
0,0,2.8393491e-05
0,0,6.778441e-05
0,0,1.018273e-05
0,0,4.2438773e-05
0,0,6.7317e-05
0,0,6.0306975e-05
0,0,2.4033729e-05
0,0,6.4493914e-05
0,0,2.4677844e-05
0,0,4.081362e-05
0,0,0.0002675744
0,0,4.495465e-05
0,0,3.3699056e-05
0,0,8.365081e-05
0,0,7.100562e-06
0,0,2.6696394e-05
0,0,2.9575278e-05
0,0,8.557975e-05
0,0,1.0997627e-05
0,0,1.34431975e-05
0,0,0.0002306692
0,0,7.369134e-05
0,0,6.1958194e-06
0,0,5.7978097e-05
0,0,6.847293e-05
0,0,7.167795e-05
0,0,5.2367e-05
0,0,1.300296e-05
0,0,0.00012973124
0,0,1.6925336e-05
0,0,7.4652555e-05
0,0,1.593191e-05
0,0,1.6331865e-05
0,0,4.2713895e-05
0,0,8.0788945e-05
0,0,3.1294083e-05
0,0,4.465611e-05
0,0,1.9468876e-05
0,0,3.1858253e-05
0,0,1.2622646e-05
0,0,7.4454324e-06
0,0,5.8193345e-05
0,0,1.6410679e-05
0,0,1.9164048e-05
0,0,3.620465e-05
0,0,6.453476e-05
0,0,2.1884322e-05
0,0,0.00011704841
0,0,3.6742094e-05
0,0,5.9133497e-05
0,0,8.5319e-05
0,0,0.00010466997
0,0,4.6573573e-06
0,0,9.401888e-06
0,0,0.0004621364
0,0,4.4504086e-05
0,0,1.80813e-05
0,0,0.0002397241
0,0,7.659243e-06
0,0,1.5983256e-05
0,0,0.0005648209
0,0,5.1579853e-05
0,0,2.4735382e-05
0,0,0.00011667299
0,0,2.0985939e-05
0,0,2.5733829e-05
0,0,0.00014356482
0,0,9.651528e-06
0,0,4.115651e-05
0,0,4.671009e-06
0,0,0.00022931532
0,0,1.0543067e-05
0,0,2.2853548e-05
0,0,3.550424e-06
0,0,0.011871833
0,0,0.00014827456
0,0,6.3094274e-05
0,0,1.09433195e-05
0,0,2.5584625e-06
0,0,4.3306194e-05
0,0,0.00021108985
0,0,9.011005e-06
0,0,6.420801e-05
0,0,5.4165772e-05
0,0,2.6932394e-05
0,0,0.00044875705
0,0,2.6689006e-06
0,0,1.1271006e-05
0,0,1.4998621e-05
0,0,7.3599967e-06
0,0,6.1770355e-05
0,0,0.0001359689
0,0,0.00029563252
0,0,1.2603171e-05
0,0,0.00024795264
0,0,3.8793172e-05
0,0,5.8110295e-06
0,0,2.2516888e-05
0,0,2.4374487e-05
0,0,0.00019469095
0,0,9.672961e-06
0,0,5.3829176e-06
0,0,3.074588e-05
0,0,0.00048600585
0,0,4.5950943e-05
0,0,9.153954e-06
0,0,0.02954476
0,0,0.00011132405
0,0,5.071968e-05
0,0,1.2480932e-05
0,0,5.0128667e-05
0,0,3.6412224e-05
0,0,2.4221368e-05
0,0,1.992463e-05
0,0,2.3336863e-05
0,0,0.00017653257
0,0,0.0005974723
0,0,3.198297e-05
0,0,2.845798e-05
0,0,5.932525e-05
0,0,1.9996985e-05
0,0,1.2435974e-05
0,0,0.00022277822
0,0,0.00014766616
0,0,5.7987658e-05
0,0,2.6800572e-05
0,0,7.439061e-05
0,0,0.0004943848
0,0,0.0007124328
0,0,3.183766e-05
0,0,2.2609132e-05
0,0,1.1912793e-05
0,0,3.9032486e-05
0,0,0.00010391226
0,0,0.00018384312
0,0,6.541309e-05
0,0,6.922043e-06
0,0,2.7915396e-05
0,0,6.3519915e-06
0,0,6.449108e-05
0,0,2.9827565e-05
0,0,0.0001553059
0,0,1.8756791e-05
0,0,6.213796e-06
0,0,0.0073587066
0,0,1.5131328e-05
0,0,5.0908593e-06
0,0,6.431526e-06
0,0,0.0026691419
0,0,4.184664e-06
0,0,0.00025462353
0,0,4.363034e-06
0,0,0.0004168911
0,0,2.1441494e-05
0,0,8.031264e-06
0,0,3.1290856e-05
0,0,9.895117e-05
0,0,1.8280778e-05
0,0,7.085846e-05
0,0,7.958098e-05
0,0,0.0017901276
0,0,2.0802363e-05
0,0,1.9472387e-05
0,0,1.3419271e-05
0,0,1.3038587e-05
0,0,0.0001532222
0,0,0.021719795
0,0,1.6585856e-05
0,0,6.449281e-05
0,0,2.449517e-05
0,0,2.4650984e-05
0,0,0.00032746408
0,0,0.0015543486
0,0,0.00017650634
0,0,0.0003000989
0,0,1.8334586e-05
0,0,3.259774e-05
0,0,0.0019738944
0,0,6.743612e-05
0,0,8.921915e-05
0,0,7.329314e-05
0,0,1.4060356e-05
0,0,6.165825e-05
0,0,3.745502e-05
0,0,2.3402989e-05
0,0,2.7027076e-05
0,0,3.8360362e-05
0,0,0.00011372544
0,0,5.3810276e-05
0,0,1.6818018e-05
0,0,3.7387601e-06
0,0,3.0148917e-06
0,0,1.0255276e-05
0,0,1.2711604e-05
0,0,5.6208763e-05
0,0,1.1133047e-05
0,0,2.77941e-06
0,0,2.5811543e-05
0,0,0.00021012036
0,0,4.7598645e-05
0,0,1.8135024e-05
0,0,1.4947344e-05
0,0,3.6415524e-05
0,0,0.0001034986
0,0,0.00017165024
0,0,0.00023103677
0,0,4.1715157e-05
0,0,0.0007851312
0,0,0.00086148694
0,0,3.86286e-06
0,0,4.4964636e-06
0,0,0.00012477835
0,0,1.1361474e-05
0,0,0.00012254645
0,0,0.0012477409
0,0,6.934022e-06
0,0,4.42907e-05
0,0,0.00037182594
0,0,6.6638463e-06
0,0,9.177659e-06
0,0,1.0601464e-05
0,0,5.483685e-05
0,0,1.9292278e-05
1,0,0.0631458
0,0,2.0129712e-05
0,0,6.0115828e-05
0,0,0.00010484698
0,0,2.5815409e-05
0,0,3.7798163e-05
0,0,2.6158043e-05
0,0,5.0397466e-06
0,0,6.379275e-05
0,0,8.0475766e-05
0,0,4.8233695e-05
0,0,1.4911595e-05
0,0,8.667463e-06
0,0,2.979581e-05
0,0,0.00017218219
0,0,7.74031e-06
0,0,2.1752923e-05
0,0,0.0012022383
0,0,2.6063992e-05
0,0,6.259513e-05
0,0,0.0001241813
0,0,8.897395e-05
0,0,3.2499036e-05
0,0,0.0002961084
0,0,6.470499e-06
0,0,0.00017188184
0,0,4.352525e-05
0,0,5.0034373e-06
0,0,1.3855581e-05
0,0,0.0003601242
0,0,4.5752648e-05
0,0,0.0023100423
0,0,0.00020271308
0,0,2.1240841e-05
0,0,0.002219961
0,0,9.545004e-05
0,0,0.0002409064
0,0,4.790318e-06
0,0,1.0508005e-05
0,0,8.6857e-06
0,0,1.6472284e-06
0,0,0.0010610138
0,0,2.6097843e-05
0,0,0.00010947831
0,0,3.586342e-05
0,0,1.1674863e-05
0,0,6.584543e-05
0,0,1.0499841e-05
0,0,2.0316671e-05
0,0,1.0724057e-05
0,0,9.255799e-06
0,0,0.00019188561
0,0,2.65419e-05
0,0,4.6928082e-05
0,0,0.00084370526
0,0,1.7373379e-05
0,0,0.00046597086
0,0,3.1076182e-05
0,0,5.296632e-05
0,0,4.5461034e-05
0,0,5.3222873e-05
0,0,8.58025e-05
0,0,2.796997e-05
0,0,6.957868e-05
0,0,3.2450046e-06
0,0,3.1060597e-05
0,0,0.00041700696
0,0,7.4483587e-06
0,0,1.3202675e-05
0,0,0.00010616036
0,0,1.3762791e-05
0,0,1.31972e-05
0,0,0.00025163454
0,0,1.4772911e-05
0,0,2.535341e-05
0,0,3.7151476e-05
0,0,1.6759115e-05
0,0,0.00044900825
0,0,3.1476087e-05
0,0,2.7838989e-05
0,0,0.00027854304
0,0,3.0265675e-05
0,0,1.3241032e-05
0,0,7.257178e-05
0,0,0.0011723338
0,0,7.247723e-06
0,0,7.301054e-05
0,0,1.712375e-05
0,0,0.00011499553
0,0,3.193655e-05
0,0,3.070111e-05
0,0,4.968588e-06
0,0,1.0933107e-05
0,0,3.5428617e-05
0,0,1.2500408e-05
0,0,0.00020240137
0,0,0.00015382942
0,0,0.0002514216
0,0,6.9460807e-06
0,0,1.6276668e-05
0,0,5.209107e-05
0,0,6.8948495e-05
0,0,4.6377085e-05
0,0,3.6880135e-06
0,0,2.7959704e-05
0,0,6.876628e-05
0,0,2.9453918e-06
0,0,0.00013366641
0,0,9.093248e-06
0,0,0.00010420915
0,0,0.000103148144
0,0,2.6336787e-05
0,0,1.7728267e-05
0,0,8.810556e-06
0,0,2.0573723e-05
0,0,3.459131e-05
0,0,6.2300765e-05
0,0,2.8369863e-05
0,0,0.00013273503
0,0,3.6030278e-06
0,0,4.1037758e-05
0,0,0.00014944331
0,0,0.000116044095
0,0,6.7326882e-06
0,0,3.404231e-05
0,0,2.4152218e-05
0,0,6.824464e-06
0,0,6.0298004e-05
0,0,7.439366e-05
0,0,2.3208582e-05
0,0,0.00013379137
0,0,0.0008586367
0,0,1.5495676e-05
0,0,6.305007e-05
0,0,2.2308026e-05
0,0,6.2450184e-05
0,0,2.5286257e-05
0,0,5.3867883e-05
0,0,2.0974799e-06
1,1,0.99738973
0,0,0.00039303795
0,0,4.4219163e-05
0,0,8.503502e-06
0,0,0.000112010326
0,0,3.272479e-05
0,0,1.21198955e-05
0,0,0.00024308446
0,0,5.540158e-05
0,0,0.00021656862
0,0,0.00010601226
0,0,0.0029034617
0,0,0.0005663227
0,0,1.4028881e-05
0,0,6.652137e-05
0,0,0.0004301204
0,0,6.892263e-06
0,0,1.1100257e-05
0,0,4.601522e-06
0,0,2.7473081e-05
0,0,4.372653e-05
0,0,1.8767616e-05
0,0,2.8070095e-05
0,0,4.1324638e-05
0,0,5.9709382e-05
0,0,0.00015960362
0,0,2.2567127e-05
0,0,3.1461022e-05
0,0,7.007339e-06
0,0,1.1556324e-05
0,0,2.8109365e-05
0,0,2.9320821e-05
0,0,1.2799212e-05
0,0,0.00025605428
0,0,8.626949e-05
0,0,3.2654527e-05
0,0,3.422149e-06
0,0,0.00012267107
0,0,1.2074383e-05
0,0,4.2455613e-05
0,0,4.3555192e-05
0,0,5.723882e-05
0,0,1.0666602e-05
0,0,2.256928e-05
0,0,0.0007420672
0,0,1.7676726e-05
0,0,9.457871e-05
0,0,1.5645308e-05
0,0,5.5301447e-05
0,0,0.00012066655
0,0,9.139337e-05
0,0,4.99887e-05
0,0,2.7938831e-05
0,0,1.6734792e-05
0,0,5.8696614e-06
0,0,5.825973e-06
0,0,8.024879e-06
0,0,5.9124814e-05
0,0,1.2441941e-05
0,0,8.7709695e-06
0,0,2.9464848e-06
0,0,0.00012982641
0,0,2.4206506e-06
0,0,1.7611239e-05
0,0,2.4481928e-05
0,0,1.8064306e-05
0,0,2.4231187e-05
0,0,1.9414942e-05
0,0,7.9460035e-05
0,0,6.1918625e-05
0,0,1.9048855e-05
0,0,5.8831056e-06
0,0,2.8113038e-05
0,0,3.9095143e-05
0,0,6.330244e-05
0,0,5.4506152e-05
0,0,5.3238407e-05
0,0,2.1566506e-05
0,0,1.568958e-05
0,0,1.5780575e-05
0,0,6.909018e-06
0,0,0.00093354285
0,0,2.4449684e-05
0,0,5.792504e-05
0,0,7.940355e-06
0,0,2.99603e-05
0,0,1.837849e-05
0,0,1.9646286e-06
0,0,0.0001750874
0,0,0.00015390335
0,0,4.3458126e-06
0,0,2.041397e-05
0,0,1.3274259e-05
0,0,0.00014279685
0,0,9.383238e-05
0,0,0.00018098253
0,0,4.034884e-05
0,0,4.8706963e-05
0,0,1.908606e-05
0,0,1.3248093e-05
0,0,0.00016910525
0,0,9.835711e-06
0,0,0.00015136374
0,0,1.315666e-05
0,0,2.4321744e-06
0,0,8.127724e-06
0,0,3.983158e-05
0,0,0.00016448193
0,0,0.00016095999
0,0,2.3010502e-05
0,0,9.8429455e-06
0,0,1.6238188e-05
0,0,4.2322496e-05
0,0,1.7053575e-05
0,0,0.00020444159
0,0,1.7293933e-05
0,0,2.605614e-05
0,0,4.240999e-06
0,0,6.2938816e-05
0,0,0.00015224949
0,0,3.9549286e-06
0,0,0.0007563611
0,0,0.0004664835
0,0,3.5081386e-05
0,0,1.6469266e-05
0,0,3.7446633e-05
0,0,1.9984802e-05
0,0,4.3109198e-05
0,0,1.1334667e-05
0,0,2.6003687e-05
0,0,2.194589e-05
0,0,1.4014399e-05
0,0,0.001295082
0,0,6.694947e-05
0,0,1.1796146e-05
0,0,5.1161437e-06
0,0,2.4449264e-05
0,0,3.4704313e-05
0,0,2.8539163e-05
0,0,4.1113046e-05
0,0,8.644959e-05
0,0,9.1506045e-05
0,0,4.8261713e-06
0,0,1.5219841e-05
0,0,2.2139558e-05
0,0,9.847227e-06
0,0,1.6815067e-05
0,0,5.9280177e-05
0,0,8.635541e-06
0,0,8.289263e-05
0,0,4.0280716e-05
0,0,3.0475392e-05
0,0,3.7292061e-06
0,0,1.7376511e-05
0,0,1.1291705e-05
0,0,5.161612e-05
0,0,1.14882305e-05
0,0,8.665306e-06
0,0,5.58553e-05
0,0,2.2347388e-06
0,0,1.1863203e-05
0,0,2.0068339e-05
0,0,1.5311602e-05
0,0,6.943537e-05
0,0,1.278111e-05
0,0,2.3046035e-05
0,0,8.933374e-05
0,0,0.0053182887
0,0,0.00091421726
0,0,3.9403603e-05
0,0,1.2234783e-05
0,0,0.00024871386
0,0,4.808397e-06
0,0,0.00035833055
0,0,2.9303936e-05
0,0,2.308455e-05
0,0,6.2616e-06
0,0,0.00012501619
0,0,0.0007559951
0,0,1.0387011e-05
0,0,0.0015503989
0,0,3.78518e-05
0,0,5.0057424e-06
0,0,0.00029363757
0,0,3.6048994e-05
0,0,6.5226727e-06
0,0,0.0008895064
0,0,0.0005758302
0,0,2.0406205e-05
0,0,9.384303e-06
0,0,3.8224593e-05
0,0,6.177983e-06
0,0,3.2467222e-05
0,0,0.00033352574
0,0,0.00047102463
0,0,6.110551e-06
0,0,1.8496314e-05
0,0,0.00031037725
0,0,0.00012189077
0,0,5.2614687e-06
0,0,7.042196e-05
0,0,2.1794973e-05
0,0,0.00032365703
0,0,2.4453823e-06
0,0,1.4258283e-05
0,0,5.9863314e-06
0,0,8.5717526e-05
0,0,6.653723e-05
0,0,7.170105e-05
0,0,4.4696073e-05
0,0,2.9449026e-05
0,0,4.9893493e-05
0,0,4.3954507e-05
0,0,1.6514736e-05
0,0,8.5979955e-06
0,0,1.3008047e-05
0,0,0.00015544606
0,0,0.000880524
0,0,1.0641708e-05
0,0,0.002618595
0,0,1.2805768e-05
0,0,9.330088e-05
0,0,4.3316654e-06
0,0,9.1631955e-05
0,0,4.472049e-06
0,0,7.2738144e-06
0,0,5.3783857e-05
0,0,5.8462538e-06
0,0,0.00022730675
0,0,1.1059313e-05
0,0,7.683994e-06
0,0,6.278308e-05
0,0,2.1765021e-05
0,0,1.659728e-05
0,0,4.6042573e-05
0,0,4.358738e-06
0,0,3.760961e-05
0,0,0.00010101871
0,0,0.0037078923
0,0,6.8500034e-05
0,0,1.6628997e-05
0,0,4.700919e-06
0,0,7.134433e-06
0,0,2.1369107e-05
0,0,0.00012503145
0,0,2.4258123e-05
0,0,1.24964035e-05
0,0,0.00012228964
0,0,3.415056e-05
0,0,1.2623393e-05
0,0,8.661322e-05
0,0,4.8702783e-05
0,0,0.00015901314
0,0,6.729428e-05
0,0,0.00018606514
0,0,1.1799308e-05
0,0,1.8480428e-05
0,0,0.0007846861
0,0,0.00045067738
0,0,0.00024245211
0,0,2.4184832e-05
0,0,1.8669009e-05
0,0,6.8433044e-05
0,0,7.236983e-06
0,0,8.827817e-05
0,0,1.3918792e-05
0,0,9.827986e-06
1,1,0.98897225
0,0,9.3828625e-05
0,0,5.940598e-05
0,0,0.00055046944
0,0,0.0027882713
0,0,2.1871116e-05
0,0,0.00018474176
0,0,4.9845676e-06
0,0,0.00024660266
0,0,0.00018712373
0,0,0.00032060532
0,0,4.9014958e-05
0,0,2.5417467e-05
0,0,3.9467268e-05
0,0,4.027353e-05
0,0,2.9813687e-05
0,0,5.8464434e-06
0,0,1.090859e-05
0,0,3.0047971e-05
0,0,0.00013893482
0,0,5.3784433e-06
0,0,0.00014569702
0,0,0.00010856244
0,0,0.0029091905
0,0,0.00034320544
0,0,5.7936253e-05
0,0,0.00034382832
0,0,1.19176675e-05
0,0,0.00029515798
0,0,1.0315599e-05
0,0,3.484911e-05
0,0,1.2509162e-05
0,0,4.0108454e-05
0,0,2.086487e-06
0,0,3.1302498e-05
0,0,1.9649546e-05
0,0,4.6996644e-05
0,0,0.00054510025
0,0,1.3331855e-05
0,0,1.4091324e-05
0,0,3.2592146e-05
0,0,4.3744453e-06
0,0,6.4304772e-06
0,0,3.06479e-05
0,0,2.9030818e-05
0,0,0.00010269266
0,0,3.1940865e-06
0,0,1.6423171e-05
0,0,2.5567757e-05
0,0,0.0023353226
0,0,0.0011681464
0,0,0.000118322205
0,0,7.838891e-05
0,0,1.2551248e-05
0,0,2.9753885e-06
0,0,0.00013121359
0,0,0.0020382865
0,0,2.0323103e-05
0,0,3.2139236e-05
0,0,7.617392e-05
0,0,0.000186235
0,0,0.0015009722
0,0,3.952478e-05
0,0,4.6068093e-05
0,0,6.164825e-05
0,0,2.3176542e-06
0,0,1.0523278e-05
0,0,3.3086446e-05
0,0,0.00015682526
0,0,6.609436e-05
0,0,1.052635e-05
0,0,0.00017815203
0,0,0.00060865143
0,0,2.7783295e-05
0,0,0.000122022764
0,0,0.00018718708
0,0,7.24487e-05
0,0,8.695389e-06
0,0,0.00013800435
0,0,1.04916735e-05
0,0,0.0130687365
0,0,0.00015847717
0,0,0.00014716673
0,0,1.0822967e-05
0,0,6.227309e-05
0,0,0.00011739055
0,0,1.7832786e-05
0,0,1.51827435e-05
0,0,5.276985e-05
0,0,0.0001344654
0,0,8.206264e-05
0,0,6.6979475e-05
0,0,0.0008197888
0,0,7.1493356e-05
0,0,2.1052969e-05
0,0,3.7403365e-06
0,0,6.1277766e-05
0,0,2.1895217e-05
0,0,0.00025645888
0,0,9.537872e-05
0,0,9.2218914e-05
0,0,9.230132e-06
0,0,1.3180445e-05
0,0,0.00023326748
0,0,1.7057788e-05
0,0,1.2484564e-05
0,0,1.2499085e-05
0,0,0.00013505302
0,0,5.5444234e-05
0,0,1.0061277e-05
0,0,0.00013459714
0,0,2.0356543e-05
0,0,0.00023510825
0,0,4.7111516e-05
0,0,2.5724694e-06
0,0,1.319798e-05
0,0,2.9795838e-05
0,0,0.0001111627
0,0,6.6114284e-05
0,0,1.2458444e-05
0,0,0.00014298216
0,0,8.799623e-06
0,0,3.1928237e-05
0,0,2.3339357e-05
0,0,6.350759e-05
0,0,9.866008e-06
0,0,3.4460103e-05
0,0,2.495045e-05
0,0,5.1429215e-06
0,0,4.293663e-05
0,0,1.246491e-05
0,0,0.00025100508
0,0,2.193541e-05
0,0,2.5940355e-05
0,0,5.419212e-05
0,0,8.999248e-06
0,0,9.268104e-05
0,0,3.0560957e-05
0,0,3.799448e-06
0,0,8.9165205e-06
0,0,8.692184e-05
0,0,1.34788215e-05
0,0,0.00010381213
0,0,3.0412188e-05
0,0,5.3492095e-05
0,0,6.301244e-05
0,0,2.458126e-05
0,0,7.489827e-05
0,0,1.1846438e-05
0,0,0.002372387
0,0,1.7097724e-05
0,0,5.223482e-06
0,0,0.0010140955
0,0,4.3511518e-05
0,0,0.00018158492
0,0,7.8029145e-05
0,0,1.5228159e-05
0,0,9.036589e-06
0,0,2.9843386e-05
0,0,0.0011758064
0,0,6.398851e-05
0,0,8.024014e-06
0,0,6.4047413e-06
0,0,0.00039078508
0,0,6.1302606e-05
0,0,0.00015408985
0,0,0.00021503346
0,0,0.00017188674
0,0,0.0012656039
0,0,0.00022430856
0,0,2.2160553e-05
0,0,8.740626e-05
0,0,5.87673e-06
0,0,1.6073624e-05
0,0,0.00020651107
0,0,2.6224357e-05
0,0,2.2996177e-05
0,0,8.326165e-06
0,0,0.000329073
0,0,2.4458116e-06
0,0,4.8718208e-05
0,0,0.00039849125
0,0,1.2194083e-05
0,0,0.0007075304
0,0,9.469348e-06
0,0,2.2631157e-05
0,0,1.40026295e-05
0,0,2.0861586e-05
0,0,4.4329066e-05
0,0,2.7373391e-05
0,0,9.20932e-06
0,0,2.5344585e-05
0,0,4.3276855e-06
0,0,0.00012566014
0,0,2.9388148e-05
0,0,1.5690837e-05
0,0,5.7185414e-05
0,0,5.8068026e-06
0,0,4.31451e-05
0,0,0.00020602488
0,0,9.950892e-06
0,0,3.7477173e-05
0,0,0.0007914757
0,0,1.0012681e-05
0,0,1.842786e-05
0,0,3.537206e-06
0,0,0.0011641352
0,0,0.00015729146
0,0,3.3833272e-05
0,0,6.893479e-06
0,0,1.3980133e-05
0,0,0.00017058235
0,0,1.1808292e-05
0,0,2.4099072e-05
0,0,1.9695002e-05
0,0,0.00012129806
0,0,9.478347e-06
0,0,0.0011436832
0,0,0.0005206803
0,0,2.5969612e-05
0,0,1.5644771e-05
0,0,2.8149683e-05
0,0,4.7741273e-06
0,0,3.207142e-05
0,0,9.664386e-06
0,0,0.00016768856
0,0,0.0006976673
0,0,0.00062013324
0,0,6.277727e-05
0,0,4.3648164e-05
0,0,4.957133e-05
0,0,4.5944143e-06
0,0,3.20028e-05
0,0,3.577611e-05
0,0,3.3064774e-05
0,0,0.00016419312
0,0,8.604681e-06
0,0,0.00023919992
0,0,0.00044159734
0,0,8.932188e-06
0,0,1.0594429e-05
0,0,2.3387518e-06
0,0,0.0002173802
0,0,4.8089572e-05
0,0,7.2086965e-05
0,0,7.715942e-05
0,0,5.0895e-06
0,0,3.416238e-05
0,0,0.0002584523
0,0,6.272256e-06
0,0,0.00015684575
0,0,0.0005151881
0,0,0.00048002353
0,0,6.9494396e-05
0,0,0.0001453127
0,0,2.5531817e-05
0,0,2.9164598e-06
0,0,0.0016586232
0,0,0.000109355715
0,0,1.668154e-05
0,0,5.329601e-05
0,0,3.2457596e-05
0,0,2.0335181e-05
0,0,3.118888e-05
0,0,7.1499417e-06
0,0,1.7733966e-05
0,0,0.003961371
0,0,2.5243594e-06
0,0,8.708784e-06
0,0,1.6599717e-05
0,0,6.5977906e-06
0,0,5.521666e-05
0,0,8.172224e-05
0,0,2.4795938e-05
0,0,0.00039674176
0,0,2.3128645e-05
0,0,9.990066e-06
0,0,0.00047984396
0,0,1.8025174e-05
0,0,0.0004152251
0,0,3.786877e-05
0,0,0.00024737837
0,0,0.00012464874
0,0,3.925798e-06
0,0,4.1947687e-06
0,0,4.072525e-05
0,0,0.0021170054
0,0,8.409957e-06
0,0,4.0797586e-05
0,0,3.718419e-05
0,0,1.2908209e-05
0,0,1.1663311e-05
0,0,2.3164226e-05
0,0,0.00012399422
0,0,0.00045948
0,0,2.3453707e-05
0,0,4.7467247e-06
0,0,8.333545e-06
0,0,2.022502e-05
0,0,1.4752031e-05
0,0,3.127797e-05
0,0,2.6203734e-05
0,0,0.00024297326
0,0,1.0665046e-05
0,0,6.602179e-05
0,0,7.491714e-05
0,0,7.9932055e-05
0,0,1.443399e-05
0,0,1.6520502e-05
0,0,8.437383e-05
0,0,4.36373e-05
0,0,0.0034064937
0,0,0.0035034153
0,0,1.5448828e-05
0,0,1.5587197e-05
0,0,6.8211198e-06
0,0,1.4404701e-05
0,0,0.00087696384
0,0,1.9273099e-05
0,0,6.6585358e-06
0,0,0.0003666465
0,0,2.1585105e-05
0,0,0.0010877304
0,0,4.074335e-06
0,0,0.00018741962
0,0,4.6346454e-06
0,0,6.199762e-05
0,0,3.845984e-06
0,0,0.00016399818
0,0,0.00015967744
0,0,1.5759506e-05
0,0,1.7423901e-05
0,0,4.000604e-05
0,0,3.1051444e-05
0,0,0.00034933968
0,0,0.00020756501
0,0,6.1636085e-05
0,0,3.0044763e-05
0,0,0.00019046
0,0,0.00016043028
0,0,8.204135e-06
0,0,2.0525906e-05
0,0,5.9025384e-05
0,0,1.5268845e-06
0,0,1.552615e-05
0,0,9.826841e-05
0,0,4.1356984e-06
0,0,1.4292358e-05
0,0,0.00013389897
0,0,0.00016886597
0,0,1.4335563e-05
0,0,1.924898e-05
0,0,7.659828e-06
0,0,8.423829e-05
0,0,6.0372688e-05
0,0,1.0511513e-05
0,0,3.2239033e-05
0,0,6.344216e-05
0,0,4.318371e-05
0,0,3.1030602e-05
0,0,0.0012668365
0,0,6.3448875e-05
0,0,0.0002028463
0,0,6.339082e-05
0,0,1.5594556e-05
0,0,4.685926e-05
0,0,0.00021651082
0,0,1.0433055e-05
0,0,7.866876e-05
0,0,0.0019744649
0,0,1.870902e-05
0,0,0.003087343
0,0,4.957095e-05
0,0,1.1497195e-05
0,0,0.00011395764
0,0,8.699502e-06
0,0,0.0002734251
0,0,3.1332183e-05
0,0,5.169845e-06
0,0,2.3077442e-05
0,0,1.1230267e-05
0,0,7.113775e-05
0,0,1.925247e-05
0,0,2.0353864e-05
0,0,1.206109e-05
0,0,4.0057654e-05
0,0,7.479036e-05
0,0,7.2410716e-05
0,0,4.951204e-05
0,0,9.433907e-06
0,0,2.4907373e-05
0,0,1.8465524e-05
0,0,1.433466e-05
0,0,0.00035952593
0,0,9.873786e-05
0,0,1.3078338e-05
0,0,2.1330361e-05
0,0,5.7892514e-05
0,0,0.00021911463
0,0,3.941559e-05
0,0,0.0005069782
0,0,4.4450473e-05
0,0,4.6453526e-05
0,0,9.788421e-05
0,0,9.452855e-06
0,0,0.00026049596
0,0,0.00010207826
0,0,3.3888067e-05
0,0,3.8395337e-06
0,0,4.459755e-05
0,0,1.4915719e-05
0,0,1.4053479e-05
0,0,0.0003097857
0,0,0.0018484885
0,0,2.5960326e-06
0,0,5.5521585e-05
0,0,2.2924096e-05
0,0,1.2783718e-05
0,0,3.3168799e-06
0,0,0.00012892706
0,0,1.8254366e-05
0,0,0.000119186334
0,0,2.913049e-05
0,0,4.796271e-05
0,0,0.0008213013
0,0,5.6223425e-06
0,0,8.840074e-05
0,0,6.1442835e-05
0,0,0.00042666437
0,0,3.588073e-05
0,0,7.5796626e-05
0,0,8.60812e-06
0,0,7.006981e-05
0,0,2.2596696e-05
0,0,1.4001931e-06
0,0,1.5967853e-05
0,0,8.213365e-06
0,0,2.8594084e-05
0,0,3.4075278e-05
0,0,5.067167e-05
0,0,5.969179e-05
0,0,0.00030024687
0,0,3.5453082e-05
0,0,0.0012272969
0,0,0.0009941132
0,0,1.0034993e-05
0,0,2.057131e-05
0,0,0.00010161559
0,0,3.750238e-05
0,0,6.2799113e-06
0,0,9.090211e-05
0,0,0.00056497566
0,0,1.3281654e-05
0,0,8.025275e-05
0,0,6.0529022e-05
0,0,0.00019839048
0,0,1.7656357e-05
0,0,0.0011671581
0,0,7.4893787e-06
0,0,2.0458778e-05
0,0,2.0388328e-05
0,0,3.474187e-06
0,0,2.2136497e-05
0,0,5.195385e-05
0,0,0.0001217782
0,0,0.00023962381
0,0,5.9807684e-05
0,0,8.161866e-05
0,0,1.6216336e-05
0,0,2.3605911e-05
0,0,9.321062e-05
0,0,0.00031340844
0,0,2.0459343e-05
0,0,1.5494052e-05
0,0,3.076084e-05
0,0,3.892529e-06
0,0,3.0165109e-05
0,0,9.734739e-05
0,0,9.67889e-07
0,0,9.450001e-05
0,0,3.31425e-05
0,0,0.004216785
0,0,1.8842793e-05
0,0,6.0203047e-06
0,0,0.00064336084
0,0,0.00045568324
0,0,1.1933225e-05
0,0,2.2148914e-05
0,0,0.0002131148
0,0,9.433255e-05
0,0,8.378628e-05
0,0,3.0143858e-05
0,0,7.4054155e-06
0,0,0.0009170399
0,0,7.147359e-05
0,0,0.00012403502
0,0,0.00022656309
0,0,2.956961e-05
0,0,1.299566e-05
0,0,3.1103726e-05
0,0,0.00053305586
0,0,7.952367e-06
0,0,2.8759974e-05
0,0,9.773747e-06
0,0,8.357339e-05
0,0,0.024408046
0,0,0.0016873763
0,0,2.1064538e-05
0,0,8.237053e-06
0,0,7.141329e-05
0,0,2.1638609e-05
0,0,0.000121704485
0,0,0.00010834712
0,0,0.0001143988
0,0,4.4791173e-06
0,0,0.00084219844
0,0,6.479274e-06
0,0,1.6544276e-05
0,0,0.0001460779
0,0,2.0941196e-05
0,0,0.00012961873
0,0,4.99391e-05
0,0,0.00016894295
0,0,7.521158e-06
0,0,8.227923e-06
0,0,1.8298708e-05
0,0,4.2986656e-05
0,0,5.487285e-06
0,0,1.34226875e-05
0,0,3.7242175e-05
0,0,0.0010925356
0,0,3.1077543e-05
0,0,2.033912e-05
0,0,3.1889715e-05
0,0,0.00014138992
0,0,1.3238961e-05
0,0,5.774783e-05
0,0,1.0837944e-05
0,0,0.0003893818
0,0,0.00012250064
0,0,9.181135e-06
0,0,1.1437911e-05
0,0,0.0005941973
0,0,0.0002868374
0,0,2.361377e-05
0,0,3.1221407e-05
0,0,0.0005790846
0,0,2.3108933e-05
0,0,5.798849e-05
0,0,0.000118680866
0,0,5.4814063e-06
0,0,5.8711623e-05
0,0,4.0752053e-05
0,0,0.00034734348
0,0,1.0221053e-05
0,0,2.8435204e-06
0,0,0.00025647695
0,0,2.6034008e-05
0,0,0.0006511627
0,0,0.00093052705
0,0,0.00028377215
0,0,1.404343e-05
0,0,4.2252814e-05
0,0,0.00014090686
0,0,9.668976e-06
0,0,7.604308e-06
0,0,6.656039e-05
0,0,1.2229125e-05
0,0,2.9149971e-05
0,0,0.0046318215
0,0,2.2634697e-05
0,0,2.6913316e-05
0,0,8.26811e-06
0,0,0.00039002733
0,0,1.266916e-05
0,0,1.8703116e-05
0,0,8.357801e-05
0,0,3.0155015e-05
0,0,3.8411355e-05
0,0,1.3402018e-05
0,0,1.3024046e-05
0,0,0.00017677296
0,0,0.0003444006
0,0,0.00035510768
0,0,7.1179525e-06
0,0,3.7101625e-05
0,0,1.975145e-05
0,0,0.00087828963
0,0,0.00025036308
0,0,0.00021758591
0,0,2.8995375e-05
0,0,1.3551643e-05
0,0,6.192972e-05
0,0,4.4515523e-06
0,0,0.00011930801
0,0,1.2849257e-05
0,0,1.6531738e-05
0,0,1.8598585e-05
0,0,2.449155e-05
0,0,0.0032423555
0,0,3.0941927e-05
0,0,5.330094e-05
0,0,9.403663e-06
0,0,1.5055873e-05
0,0,0.00013467083
0,0,4.929725e-05
0,0,1.593495e-05
0,0,2.2561619e-05
0,0,1.868568e-05
0,0,1.08538925e-05
0,0,0.00023623243
0,0,2.6572978e-05
0,0,7.690775e-05
0,0,7.226075e-05
0,0,0.000113125694
0,0,1.1384782e-05
0,0,0.00026243392
0,0,3.6562958e-06
0,0,0.0011659542
0,0,3.4561766e-05
0,0,9.097429e-06
0,0,0.00027317784
0,0,2.4229894e-05
0,0,0.00026846517
0,0,4.6524903e-05
0,0,1.1740951e-05
0,0,1.845329e-05
0,0,5.0708572e-06
0,0,2.2092041e-05
0,0,2.0443837e-05
0,0,2.5503492e-05
0,0,0.00019966211
0,0,3.658741e-05
0,0,1.4964588e-05
0,0,1.5797907e-05
0,0,2.240138e-05
0,0,1.1118427e-05
0,0,8.1819555e-05
0,0,1.0408578e-05
0,0,1.9541496e-05
0,0,2.7712288e-06
0,0,4.7512935e-05
0,0,6.4927044e-05
0,0,0.002488902
0,0,0.00022230887
0,0,0.00014343332
0,0,5.366843e-06
0,0,9.512741e-06
0,0,3.4876882e-06
0,0,0.00090593623
0,0,4.7707206e-05
0,0,0.0001415985
0,0,2.3400022e-05
0,0,6.738842e-05
0,0,0.0015737384
0,0,2.1523558e-06
0,0,0.00018385853
0,0,1.4275453e-05
0,0,7.0618803e-06
0,0,6.9188245e-05
0,0,4.085334e-05
0,0,7.819698e-06
0,0,6.0304696e-06
0,0,0.00010785274
0,0,9.163972e-06
0,0,0.00080015033
0,0,6.201175e-06
0,0,0.00060896797
0,0,9.68717e-05
0,0,4.2431107e-06
0,0,8.550797e-06
0,0,8.6551794e-05
0,0,0.0012780123
0,0,2.0766547e-05
0,0,1.7178903e-05
0,0,1.4876838e-05
0,0,0.00069907366
0,0,8.2243765e-05
0,0,9.233621e-05
0,0,6.086026e-06
0,0,0.00017123797
0,0,0.00034876712
0,0,5.173725e-05
0,0,1.0855259e-05
0,0,2.6060688e-05
1,0,0.022817383
0,0,4.4841872e-05
0,0,2.7524611e-05
0,0,4.9528095e-05
0,0,5.4106486e-06
0,0,8.94472e-05
0,0,4.777992e-05
0,0,1.5370839e-05
0,0,3.0014147e-05
0,0,9.6127e-06
0,0,4.544998e-05
0,0,1.5699981e-05
0,0,5.2274486e-06
0,0,5.5987875e-05
0,0,0.0041111396
0,0,4.791544e-05
0,0,6.4808314e-06
0,0,4.4607248e-05
0,0,5.061735e-06
1,1,0.8745111
0,0,0.00011408931
0,0,3.866398e-06
0,0,2.7132104e-05
0,0,6.400267e-05
0,0,2.3255197e-05
0,0,1.1121502e-05
0,0,0.00087618496
0,0,4.9048576e-05
0,0,2.7623817e-06
0,0,3.964479e-05
0,0,0.00018516641
0,0,1.6487638e-05
0,0,1.4770614e-05
0,0,7.5596094e-05
0,0,0.00012671226
0,0,2.1854603e-05
0,0,1.4159649e-05
0,0,1.8470824e-05
0,0,0.00016025324
0,0,4.5740503e-06
0,0,3.0084497e-05
0,0,0.000179598
0,0,3.8066933e-05
0,0,3.1058225e-05
0,0,1.3502699e-05
0,0,0.00016968866
0,0,1.4333662e-05
0,0,0.0006384343
0,0,4.4071483e-05
0,0,0.00057974487
0,0,0.00019367227
0,0,1.7541057e-05
0,0,0.00019199798
0,0,0.00011534367
0,0,0.0001222353
0,0,2.5669235e-06
0,0,9.67753e-05
0,0,0.0013944361
0,0,7.066433e-05
0,0,7.881622e-06
0,0,7.3668784e-06
0,0,9.54111e-05
0,0,1.4246281e-05
0,0,0.00033983658
0,0,1.9713287e-05
0,0,0.00011614838
0,0,0.0001826304
0,0,1.9642108e-05
0,0,0.0002846566
0,0,3.808516e-05
0,0,0.00039612688
0,0,0.00018960386
0,0,2.1841892e-05
0,0,0.00013081719
0,0,6.2771105e-05
0,0,1.1103115e-05
0,0,2.2184024e-05
0,0,3.2758515e-05
0,0,1.7237189e-06
0,0,0.0002687748
0,0,0.00037187096
0,0,5.420804e-05
0,0,5.009956e-05
0,0,7.662262e-05
0,0,2.7372138e-05
0,0,9.984523e-06
0,0,1.0060615e-05
0,0,2.6125286e-05
0,0,5.135041e-05
0,0,2.6032072e-05
0,0,2.8149578e-05
0,0,3.7272377e-05
0,0,0.00019025346
0,0,0.0006036956
0,0,1.0015049e-05
0,0,1.2743222e-05
0,0,1.556266e-05
0,0,9.0425056e-05
0,0,7.994813e-06
0,0,9.908789e-05
0,0,0.00016777652
0,0,4.5174853e-05
0,0,1.8718729e-05
0,0,4.4861503e-05
0,0,9.988447e-06
0,0,5.6476547e-05
0,0,4.6783866e-06
0,0,1.9501469e-05
0,0,0.000446363
0,0,2.1070042e-05
0,0,0.0008094516
0,0,8.829162e-06
0,0,0.00032425587
0,0,0.00010374801
0,0,4.8592978e-05
0,0,3.8081837e-06
0,0,0.00016536475
0,0,0.00023529684
0,0,2.5591442e-05
0,0,0.00015977338
0,0,7.4154195e-05
0,0,6.8363124e-06
0,0,3.7040532e-05
0,0,0.0001585284
0,0,4.0026458e-05
0,0,6.5208874e-06
0,0,2.2325628e-05
0,0,1.1797305e-05
0,0,0.00035731398
0,0,6.609443e-05
0,0,0.0001933031
0,0,1.33314115e-05
0,0,0.000285589
0,0,3.3070737e-05
0,0,8.524433e-06
0,0,1.6503998e-05
0,0,5.6812537e-06
0,0,3.979031e-05
0,0,7.455906e-06
0,0,4.800691e-05
0,0,2.4442597e-05
0,0,2.2381628e-05
0,0,9.313633e-05
0,0,1.448678e-05
0,0,0.0004477429
0,0,0.0004813273
0,0,6.9766525e-06
0,0,1.27643125e-05
0,0,0.000100803845
0,0,7.616673e-05
0,0,0.00025230795
0,0,1.967955e-05
0,0,0.0004276496
0,0,1.335452e-05
0,0,0.0002425728
0,0,0.00010120702
0,0,1.2657265e-05
0,0,6.4655155e-06
0,0,0.0001985606
0,0,5.576233e-06
0,0,3.097564e-05
0,0,2.0943891e-05
0,0,0.0013962919
0,0,0.0003791015
0,0,3.450749e-05
0,0,8.7575545e-06
0,0,7.1772342e-06
0,0,1.3379722e-05
0,0,0.0001442827
0,0,2.4727338e-05
0,0,0.0018104127
0,0,1.8089733e-05
0,0,3.7596918e-05
0,0,3.2131231e-06
0,0,9.211313e-06
0,0,7.4434874e-06
0,0,2.0669457e-05
0,0,3.0469117e-05
0,0,1.6391472e-05
0,0,8.250102e-05
0,0,1.2249084e-05
0,0,4.935661e-05
0,0,4.8055466e-05
0,0,3.724782e-05
0,0,1.21978865e-05
0,0,1.7117693e-05
0,0,4.617026e-06
0,0,6.393343e-05
0,0,2.615712e-05
0,0,4.0959217e-06
0,0,0.00011536324
0,0,0.00017387938
0,0,0.0003822101
0,0,1.7038685e-05
0,0,2.6145348e-05
0,0,5.636184e-05
0,0,4.560387e-06
0,0,5.958809e-06
0,0,8.2976934e-05
0,0,5.5773444e-06
0,0,2.1001493e-05
0,0,1.833352e-05
0,0,0.00032325767
0,0,1.2558719e-05
0,0,7.314528e-06
0,0,0.00013083367
0,0,3.643066e-06
0,0,0.0002543302
0,0,0.00031041456
0,0,2.2044142e-05
0,0,0.002544017
0,0,2.001297e-05
0,0,3.5873065e-05
0,0,6.7207126e-05
0,0,0.00037154282
0,0,6.879974e-05
0,0,0.00013339368
0,0,9.946827e-05
0,0,0.0001399073
0,0,0.012800017
0,0,6.387304e-05
0,0,0.00012686435
0,0,1.1882532e-05
0,0,0.004569598
0,0,6.2905024e-06
0,0,1.2920611e-05
0,0,0.00035334376
0,0,2.1646927e-05
0,0,5.8251535e-05
0,0,6.815098e-06
0,0,8.333497e-06
0,0,1.544217e-05
0,0,0.00032243863
0,0,6.143551e-05
0,0,4.7079677e-05
0,0,1.2546234e-05
0,0,5.7367244e-05
0,0,4.1491817e-06
0,0,9.996299e-06
0,0,8.0887075e-05
0,0,2.6429982e-05
0,0,2.260577e-05
0,0,0.0003562764
0,0,9.049509e-06
0,0,8.330811e-05
0,0,8.084936e-05
0,0,1.2863331e-05
0,0,9.621027e-06
0,0,3.814217e-06
0,0,0.0009063524
0,0,4.761572e-05
0,0,0.00087525294
0,0,4.7012512e-05
0,0,3.2800588e-05
0,0,7.4110154e-05
0,0,1.8473926e-05
0,0,0.00017501246
0,0,3.7401805e-05
0,0,2.9389854e-05
0,0,0.0002962007
0,0,1.8751729e-05
0,0,2.515364e-05
0,0,8.1553924e-05
0,0,0.00014644917
0,0,0.0019677456
0,0,9.234722e-05
0,0,2.691858e-05
0,0,4.4812547e-05
0,0,7.209195e-06
0,0,1.6539718e-05
0,0,6.1311507e-06
0,0,0.0006734061
0,0,2.0198931e-06
0,0,2.0435144e-05
0,0,8.707023e-06
0,0,6.416296e-05
0,0,7.918048e-06
0,0,1.401202e-05
0,0,1.5645655e-06
0,0,0.0050993776
0,0,0.00054711645
0,0,5.9023412e-05
0,0,2.4627627e-05
0,0,0.00015408338
0,0,2.620366e-05
0,0,1.4728893e-05
0,0,0.00030647032
0,0,1.798045e-05
0,0,0.00072915683
0,0,1.6847041e-05
0,0,0.00014311555
0,0,4.6771916e-06
0,0,4.4226804e-06
0,0,1.1408008e-05
0,0,5.1412004e-05
0,0,4.818087e-05
0,0,0.00018557187
0,0,1.7093207e-05
0,0,3.2473323e-05
0,0,1.4834534e-05
0,0,1.7676726e-05
0,0,1.0248871e-05
0,0,7.245616e-05
0,0,2.5312773e-05
0,0,1.9962363e-05
0,0,6.5169334e-06
0,0,1.4082283e-05
0,0,2.8072182e-05
0,0,1.0857734e-05
0,0,6.332563e-05
0,0,1.7970748e-05
0,0,3.6188732e-05
0,0,0.00043678694
0,0,0.00024358724
0,0,2.5606507e-05
0,0,0.00011879636
0,0,1.4644367e-05
0,0,0.00017107608
0,0,2.3910257e-05
0,0,1.966685e-05
0,0,3.967652e-05
0,0,0.00016028227
0,0,4.061568e-05
0,0,0.000240804
0,0,1.0264884e-05
0,0,8.852828e-05
0,0,2.9008374e-05
0,0,6.443053e-05
0,0,1.811708e-05
0,0,1.8412016e-05
0,0,3.4689162e-06
0,0,0.000392104
0,0,1.3264578e-05
0,0,0.00028689456
0,0,5.984123e-05
0,0,9.442016e-06
0,0,6.904186e-05
0,0,6.724918e-05
0,0,8.70596e-06
0,0,0.0001978672
0,0,2.2078202e-05
0,0,0.000101645724
0,0,1.8006704e-05
0,0,1.0336112e-05
0,0,0.00017679774
0,0,2.7456423e-05
0,0,8.362181e-06
0,0,1.7573173e-05
0,0,1.4481986e-05
0,0,7.7205055e-05
0,0,5.38267e-05
0,0,4.612603e-06
0,0,4.2519573e-06
0,0,1.623351e-05
0,0,4.8606416e-05
0,0,1.5713433e-05
0,0,0.00047212074
0,0,2.957996e-05
0,0,1.7720069e-05
0,0,0.0005930855
0,0,0.00011632095
0,0,0.00017455498
0,0,3.0787603e-05
0,0,3.7332495e-05
0,0,6.400303e-06
0,0,0.00011088162
0,0,0.00024060182
0,0,0.00012456377
0,0,2.2281492e-05
0,0,9.6807424e-05
0,0,4.5630597e-05
0,0,1.411576e-06
0,0,3.7791644e-06
0,0,0.0005253179
0,0,4.7714126e-05
0,0,8.766176e-05
0,0,0.00010031565
0,0,1.26898385e-05
0,0,2.830676e-05
0,0,0.0001699479
0,0,3.7636626e-05
0,0,1.0548458e-05
0,0,0.00017402187
0,0,0.0001527178
0,0,1.4900272e-06
0,0,1.19323595e-05
0,0,5.1285915e-05
0,0,0.0007722674
0,0,8.097743e-06
0,0,1.36199105e-05
0,0,0.00024562553
0,0,0.00014829719
0,0,9.495328e-05
0,0,0.0039337254
0,0,1.329813e-05
0,0,0.00013585616
0,0,3.5712612e-06
0,0,1.3909451e-05
0,0,2.3581588e-05
0,0,1.851119e-05
0,0,0.00013659931
0,0,2.5640813e-05
0,0,1.65257e-05
0,0,3.357812e-05
0,0,6.283535e-06
0,0,7.266949e-05
0,0,0.00013661155
0,0,0.000109088345
0,0,0.00015357308
0,0,1.3811742e-05
0,0,6.290125e-06
0,0,2.9550329e-05
0,0,0.00066485745
0,0,6.225515e-05
0,0,0.017194733
0,0,3.185646e-05
0,0,0.00015452331
0,0,4.0363735e-05
0,0,0.00028177229
0,0,2.3878447e-05
0,0,6.2191364e-05
0,0,3.613466e-05
0,0,3.616393e-05
0,0,3.188117e-05
0,0,0.00010220488
0,0,7.04284e-05
0,0,2.1021291e-05
0,0,0.00015035436
0,0,4.520502e-05
0,0,3.8530958e-05
0,0,9.5329015e-06
0,0,2.588942e-05
0,0,1.7348875e-05
0,0,4.4204196e-05
0,0,9.089563e-06
0,0,6.135485e-06
0,0,0.014217285
0,0,1.3925804e-05
0,0,3.359458e-05
0,0,0.00011074996
0,0,0.00024499965
0,0,9.131538e-07
0,0,3.1105654e-05
0,0,4.3216958e-05
0,0,0.00012830844
0,0,5.1780257e-06
0,0,5.0322116e-05
0,0,8.794229e-06
0,0,6.176924e-05
0,0,2.7374224e-05
0,0,6.469077e-05
0,0,5.190519e-06
0,0,1.3100507e-05
0,0,8.491227e-05
0,0,0.00012369934
0,0,3.8862116e-05
0,0,0.00071874657
0,0,6.802244e-05
0,0,1.612704e-05
0,0,6.641424e-05
0,0,1.0162512e-05
0,0,8.970662e-05
0,0,1.4450877e-05
0,0,2.1409944e-05
0,0,8.3037645e-05
0,0,9.9796336e-05
0,0,3.114777e-06
0,0,4.272302e-05
0,0,5.7931284e-05
0,0,4.8757945e-05
0,0,0.00056200346
0,0,4.2075208e-05
0,0,3.1043057e-06
0,0,0.00015054616
0,0,0.00017654807
0,0,2.7550925e-05
0,0,9.253752e-06
0,0,6.0637987e-05
0,0,5.7856476e-05
0,0,0.0017240347
0,0,4.1776108e-05
0,0,5.5092896e-05
0,0,5.1011106e-05
0,0,1.7248178e-05
0,0,1.45395115e-05
0,0,0.00017229271
0,0,2.6332718e-05
0,0,2.6004232e-05
0,0,5.8542788e-05
0,0,0.0020408905
0,0,3.9294253e-05
0,0,0.0007601134
0,0,4.940111e-05
0,0,8.69298e-05
0,0,0.00044312296
0,0,0.00024452872
0,0,2.7372007e-05
0,0,8.488993e-05
0,0,2.2469996e-05
0,0,0.00010931505
0,0,2.8856128e-05
0,0,7.616196e-06
0,0,0.00025145564
0,0,2.94626e-06
0,0,9.127706e-06
0,0,3.436346e-05
0,0,0.00022274106
0,0,0.0010320722
0,0,1.7328322e-05
0,0,2.2680571e-05
0,0,5.6934296e-05
0,0,9.736837e-05
0,0,3.9919647e-05
0,0,1.5968766e-05
0,0,0.001999102
0,0,0.0036246774
0,0,9.6547075e-05
0,0,5.747155e-05
0,0,0.00050077075
0,0,1.7811119e-05
0,0,1.617243e-05
0,0,0.0003774871
0,0,1.2008675e-05
0,0,3.4530271e-06
0,0,0.00044788973
0,0,0.0003317445
0,0,6.323131e-05
0,0,1.5128398e-05
0,0,7.358468e-05
0,0,8.714856e-06
0,0,3.5663465e-06
0,0,3.8695187e-05
0,0,1.2047192e-05
0,0,0.00014022624
0,0,3.837438e-05
0,0,5.2129435e-05
0,0,4.7440717e-05
0,0,3.53747e-05
0,0,1.996699e-05
0,0,0.00010121928
0,0,9.382629e-06
0,0,0.00091122783
0,0,0.00028940328
0,0,6.290736e-06
0,0,3.7198624e-05
0,0,0.00022961966
0,0,2.7169492e-05
0,0,1.3151015e-05
0,0,1.400991e-05
0,0,3.85145e-05
0,0,1.3181955e-05
0,0,9.390175e-05
0,0,1.2147574e-05
0,0,0.00010007289
0,0,0.00026993608
0,0,3.35057e-05
0,0,4.6638626e-05
0,0,2.8406193e-05
0,0,2.2897462e-05
0,0,5.1490162e-05
0,0,2.8152635e-05
0,0,8.126375e-06
0,0,0.00016911249
0,0,1.1557118e-05
0,0,2.7366661e-06
0,0,5.2439013e-05
0,0,1.2344648e-05
0,0,7.778301e-06
0,0,0.0004098225
0,0,3.186038e-05
0,0,0.0011001534
0,0,7.168102e-05
0,0,0.00017510743
0,0,0.00045239992
0,0,4.646032e-06
0,0,1.8648492e-06
0,0,0.0001304348
0,0,1.437203e-05
0,0,6.2696067e-06
0,0,6.8915106e-05
0,0,2.0631644e-05
0,0,1.3684853e-05
0,0,3.2437263e-05
0,0,4.6322994e-06
0,0,2.763608e-05
0,0,0.00034080766
0,0,3.7521128e-05
0,0,0.00014145748
0,0,3.949012e-05
0,0,0.00031951233
0,0,9.091867e-05
0,0,8.308248e-05
0,0,3.1083227e-06
0,0,8.453522e-05
0,0,3.077736e-05
0,0,2.282717e-05
0,0,0.00025933178
0,0,9.582797e-05
0,0,2.7900114e-06
0,0,6.3670136e-06
0,0,2.0418254e-05
0,0,3.0485564e-05
0,0,2.0541394e-05
0,0,6.485295e-06
0,0,0.00030944272
0,0,4.9861723e-05
0,0,4.277597e-06
0,0,2.0405465e-05
0,0,5.322372e-06
0,0,6.088233e-05
0,0,4.446828e-05
0,0,0.0006762607
0,0,2.191588e-05
0,0,6.192972e-05
0,0,3.966566e-06
0,0,3.3230601e-06
0,0,3.772067e-05
0,0,9.366903e-06
0,0,7.115491e-05
0,0,1.8038725e-05
0,0,9.330461e-05
0,0,4.5277502e-05
0,0,1.1106102e-05
0,0,3.2418586e-05
0,0,2.9128714e-05
0,0,2.3340404e-05
0,0,9.586554e-05
0,0,2.8752092e-06
0,0,7.398976e-05
0,0,1.8549908e-05
0,0,0.00013414165
0,0,2.5737976e-05
0,0,0.0001799125
0,0,1.9046947e-05
0,0,9.3192575e-05
0,0,6.361879e-06
0,0,1.6887914e-05
0,0,6.5454724e-06
0,0,0.00010781325
0,0,0.0082865255
0,0,6.292051e-05
0,0,3.3646073e-05
0,0,8.747831e-06
0,0,0.00046627613
0,0,1.7856186e-05
0,0,1.3906905e-05
0,0,1.5252547e-05
0,0,1.5732641e-05
0,0,0.00020554631
0,0,5.119654e-05
0,0,0.00014952397
0,0,0.0019429798
0,0,5.440349e-05
0,0,8.271895e-06
0,0,8.213725e-05
0,0,3.6776204e-05
0,0,1.0070061e-05
0,0,0.00017785754
0,0,7.190882e-06
0,0,4.47916e-06
0,0,7.872345e-06
0,0,6.8656745e-06
0,0,3.070319e-05
0,0,7.0738242e-06
0,0,2.8975442e-06
0,0,2.3436356e-05
0,0,0.00051262986
0,0,8.8381435e-05
0,0,2.0206435e-05
0,0,0.00023323546
0,0,3.8315065e-05
0,0,3.3411954e-05
0,0,1.3202512e-05
0,0,7.2279014e-05
0,0,5.4343494e-05
0,0,2.4781848e-05
0,0,5.1605584e-05
0,0,0.00014757269
0,0,1.6379705e-05
0,0,0.0005682963
0,0,1.5013004e-05
0,0,0.000103657614
0,0,6.0906426e-05
0,0,2.256463e-05
0,0,0.00021550656
0,0,1.5420318e-06
0,0,3.1772845e-05
0,0,0.00011937708
0,0,1.980294e-05
0,0,7.5925105e-05
0,0,6.9143107e-06
0,0,3.037613e-05
0,0,5.4143284e-06
0,0,3.446842e-05
0,0,1.0231069e-05
0,0,8.542597e-05
0,0,1.668321e-05
0,0,1.0516315e-05
0,0,0.00021591339
0,0,0.0002798647
0,0,0.00012421032
0,0,7.515064e-06
0,0,2.510916e-05
0,0,4.2424366e-05
0,0,3.3414693e-05
0,0,0.0004288473
0,0,0.014695374
0,0,1.987749e-06
0,0,3.0528856e-05
0,0,0.00060813274
0,0,0.00012915753
0,0,5.035087e-06
0,0,4.486715e-05
0,0,6.971942e-05
0,0,1.8707076e-05
0,0,4.6257563e-05
0,0,3.4433888e-06
0,0,8.225718e-06
0,0,0.0038612722
0,0,2.7048633e-05
0,0,7.0890933e-06
0,0,1.857967e-05
0,0,7.77394e-06
0,0,0.00012164311
0,0,1.0102312e-05
0,0,3.2881613e-05
0,0,1.044063e-05
0,0,7.757531e-05
0,0,1.7746083e-06
0,0,2.888958e-05
0,0,0.00023052233
0,0,4.56234e-06
0,0,5.2157975e-05
0,0,5.1032956e-05
0,0,4.4217857e-05
0,0,0.0002587615
0,0,0.00017917107
0,0,4.3225817e-05
0,0,3.1523155e-05
0,0,4.1774514e-05
0,0,1.7466175e-05
0,0,6.6434135e-05
0,0,2.1221911e-05
0,0,2.9790013e-05
0,0,9.920608e-06
0,0,1.5107651e-05
0,0,3.523313e-05
0,0,1.1734861e-05
0,0,9.0983114e-05
0,0,5.368286e-05
0,0,6.029231e-05
0,0,0.00017628833
0,0,0.0002673426
0,0,5.3701497e-05
0,0,2.446272e-05
0,0,1.1465071e-05
0,0,6.4520915e-05
0,0,5.2078335e-06
0,0,0.0046850275
0,0,0.00023820714
0,0,9.022867e-05
0,0,0.00041356322
0,0,2.2677477e-05
0,0,1.3325958e-06
0,0,6.939043e-06
0,0,0.00030706872
0,0,1.6486003e-05
0,0,0.00035725918
0,0,0.00027357138
0,0,0.00010088971
0,0,3.7718587e-06
0,0,0.00032181246
0,0,2.4071003e-05
0,0,2.9106472e-05
0,0,0.0011282278
0,0,2.3932844e-06
0,0,4.66109e-06
0,0,1.4052984e-05
0,0,0.00012612183
0,0,0.00017288103
0,0,4.0165294e-05
0,0,1.0427326e-05
0,0,1.4155666e-05
0,0,0.00014913426
0,0,1.1711584e-05
0,0,1.5993013e-05
0,0,0.00029912885
0,0,6.4599226e-05
0,0,0.00041608536
0,0,6.900833e-06
0,0,0.00025428584
0,0,1.8926701e-05
0,0,0.0017596018
0,0,2.888795e-06
0,0,0.00041535002
0,0,2.5848985e-05
0,0,0.0017200427
0,0,1.1529047e-05
0,0,0.00017122866
0,0,3.2812633e-05
0,0,0.0022811454
0,0,2.2624554e-05
0,0,0.00028713566
0,0,4.6729398e-05
0,0,7.6655e-05
0,0,0.00068194664
0,0,0.00010034474
0,0,0.00038174164
0,0,3.6677575e-05
0,0,6.978968e-06
0,0,9.513137e-05
0,0,1.6948126e-05
0,0,0.00013627393
0,0,2.6019861e-05
0,0,1.8496314e-05
0,0,0.00083890295
0,0,3.575561e-05
0,0,4.725442e-05
0,0,1.6116033e-05
0,0,9.92287e-06
0,0,8.13081e-06
0,0,6.236342e-05
0,0,3.4967954e-05
0,0,4.2125717e-05
0,0,0.00031737896
0,0,0.00018373026
0,0,0.00014826085
0,0,2.3272523e-05
0,0,0.000111346766
0,0,0.0010396488
0,0,3.6742553e-05
0,0,2.3074388e-06
0,0,0.0001141914
0,0,2.2983373e-05
0,0,0.00025339398
0,0,9.163046e-06
0,0,0.00013301442
0,0,2.2408965e-05
0,0,2.0797563e-05
0,0,2.7569666e-05
0,0,1.02717195e-05
0,0,0.00016547297
0,0,2.0017706e-05
0,0,9.697391e-05
0,0,6.7526984e-05
0,0,0.00022907821
0,0,0.00063887594
0,0,4.0036734e-06
0,0,1.1421572e-05
0,0,1.7471823e-06
0,0,1.697893e-05
0,0,3.1763422e-05
0,0,0.00025438063
0,0,7.5069765e-06
0,0,0.00044463415
0,0,8.144264e-05
0,0,3.2536744e-05
0,0,3.9118167e-06
0,0,5.4582768e-05
0,0,5.656709e-06
0,0,4.5694287e-06
0,0,2.2529324e-05
0,0,3.413499e-05
0,0,1.6192955e-05
0,0,0.00010446834
0,0,0.00021353932
0,0,2.3994295e-05
0,0,3.6800102e-06
0,0,4.4701856e-06
0,0,0.00015677966
0,0,9.587102e-06
0,0,1.3740522e-05
0,0,2.353721e-06
0,0,0.0004312743
0,0,3.9290433e-05
0,0,3.0353745e-05
0,0,8.714491e-06
0,0,5.5763336e-05
0,0,1.5591599e-05
0,0,2.747439e-05
0,0,1.9659125e-05
0,0,0.0006465165
0,0,0.00011763775
0,0,0.00010153113
0,0,3.5881516e-05
0,0,3.814157e-05
0,0,7.835439e-05
0,0,0.0073718247
0,0,1.6922239e-05
0,0,1.0107478e-05
0,0,2.2987319e-05
0,0,9.963055e-06
0,0,7.802067e-06
0,0,1.2630051e-05
0,0,3.3830238e-05
0,0,2.8408198e-05
0,0,1.711596e-05
0,0,9.626056e-06
0,0,0.00014992016
0,0,0.00013739079
0,0,5.596866e-05
0,0,0.00010017094
0,0,6.052574e-05
0,0,0.0012373733
0,0,0.00027491822
0,0,7.529709e-05
0,0,0.00012619208
0,0,4.5165332e-05
0,0,1.319798e-05
0,0,6.141928e-05
0,0,5.7576544e-05
0,0,3.1617812e-05
0,0,0.00025037074
0,0,2.4438472e-05
0,0,0.00020679952
0,0,1.943669e-05
0,0,1.9264235e-06
0,0,7.532733e-05
0,0,1.8002856e-05
0,0,0.00016123294
0,0,2.5965923e-05
0,0,0.00033302215
0,0,0.0004067867
0,0,3.6506135e-05
0,0,7.5922435e-06
0,0,5.1543568e-05
0,0,4.2960182e-05
0,0,6.5893205e-06
0,0,0.0006366094
0,0,5.0477887e-05
0,0,7.519814e-05
0,0,9.322599e-05
0,0,3.7141467e-06
0,0,5.191653e-06
0,0,4.326504e-05
0,0,2.424797e-05
0,0,0.00019097372
0,0,6.1378787e-06
0,0,6.4483516e-05
0,0,8.74622e-06
0,0,2.9070603e-05
0,0,4.773497e-05
0,0,9.690598e-05
0,0,7.359702e-06
0,0,2.0897247e-05
0,0,0.00020142319
0,0,3.1156418e-05
0,0,1.6220543e-05
0,0,1.0459126e-05
0,0,3.3433756e-05
0,0,2.0838203e-05
0,0,4.275962e-05
0,0,8.612751e-06
0,0,2.43916e-05
0,0,1.6905478e-05
0,0,4.168414e-05
0,0,2.6844875e-05
0,0,2.23455e-05
0,0,1.6353046e-05
0,0,7.941488e-05
0,0,0.00018325681
0,0,0.0004367628
0,0,6.1500046e-05
0,0,4.4420176e-05
0,0,2.3005746e-06
0,0,4.5788962e-05
0,0,0.00018425884
0,0,7.289313e-06
0,0,2.0698137e-05
0,0,2.1546211e-06
0,0,3.369174e-06
0,0,0.00012930737
0,0,1.7552604e-05
0,0,1.0107063e-05
0,0,2.1038139e-05
0,0,6.3702115e-05
0,0,0.00017967421
0,0,1.12795005e-05
0,0,2.60964e-05
0,0,0.00030500125
0,0,6.624839e-06
0,0,1.3607784e-05
0,0,1.011092e-05
0,0,0.000115579285
0,0,6.426026e-05
0,0,1.816812e-05
0,0,4.0712548e-05
0,0,0.00073118904
0,0,0.000115265495
0,0,1.5565154e-05
0,0,4.4251352e-05
0,0,0.00067778374
0,0,7.9655154e-05
0,0,1.2100735e-05
0,0,4.9160495e-05
0,0,1.9262257e-05
0,0,9.32926e-05
1,1,0.9932134
0,0,2.3531067e-05
0,0,0.00018002337
0,0,5.9858407e-06
0,0,0.00013619638
0,0,3.424278e-05
0,0,0.00014491516
0,0,6.344851e-05
0,0,7.2555034e-05
0,0,3.4090783e-05
0,0,9.684425e-06
0,0,1.6838254e-05
0,0,4.7383533e-06
0,0,7.633746e-05
0,0,0.00012459073
0,0,2.1902944e-05
0,0,1.3587607e-05
0,0,3.6712117e-06
0,0,2.4924125e-06
0,0,1.046658e-05
0,0,1.7480239e-05
0,0,0.0031092125
0,0,5.0477556e-06
0,0,4.8733218e-05
0,0,3.8261718e-05
0,0,3.1985895e-05
0,0,1.1498884e-05
0,0,0.00030856804
0,0,8.707914e-05
0,0,4.5830498e-06
0,0,7.06642e-05
0,0,0.0012537935
0,0,3.9472e-06
0,0,2.1039803e-05
0,0,8.2472725e-06
0,0,0.00018539732
0,0,3.265883e-06
0,0,0.0033212246
0,0,2.325715e-05
0,0,2.5202e-05
0,0,2.9785344e-06
0,0,4.934367e-05
0,0,1.5897138e-05
0,0,6.8606937e-06
0,0,5.6616045e-06
0,0,1.1272027e-05
0,0,0.00026631102
0,0,1.4539623e-05
0,0,7.283419e-05
0,0,4.8837733e-06
0,0,6.1573635e-05
0,0,0.0002756686
0,0,4.752272e-05
0,0,3.5676221e-06
0,0,1.0612055e-05
0,0,5.326114e-06
0,0,4.7230904e-05
0,0,0.0001169809
0,0,1.8355177e-05
0,0,3.6350608e-05
0,0,2.8540086e-05
0,0,1.8882405e-05
0,0,8.115657e-06
0,0,2.4977233e-05
0,0,5.8191683e-05
0,0,6.148069e-05
0,0,5.2747823e-06
0,0,1.147172e-05
0,0,3.9877792e-05
0,0,1.3610899e-05
0,0,2.5299163e-05
0,0,0.00052083516
0,0,7.447201e-06
0,0,0.001512188
0,0,3.6451205e-05
0,0,0.0018176404
0,0,1.4236326e-05
0,0,0.00035526653
0,0,2.8625895e-05
0,0,7.923547e-06
0,0,1.0023027e-05
0,0,3.2116218e-06
0,0,1.4921651e-05
0,0,4.6109803e-06
0,0,3.716494e-05
0,0,1.1772601e-05
0,0,1.0483413e-05
0,0,3.0313478e-05
0,0,2.3396362e-05
0,0,3.4230376e-05
0,0,0.00013566793
0,0,5.6906174e-05
0,0,1.2513683e-05
0,0,6.9591097e-06
0,0,1.4954061e-05
0,0,8.0957216e-05
0,0,0.0137372995
0,0,7.62443e-06
0,0,1.8203344e-05
0,0,9.502703e-06
0,0,0.00011651989
0,0,4.7090587e-05
0,0,3.9563285e-05
0,0,1.4129798e-05
0,0,0.00010002833
0,0,8.106946e-05
0,0,0.00013395937
0,0,3.637481e-05
0,0,9.726872e-06
0,0,1.976215e-05
0,0,8.366038e-05
0,0,2.7594155e-05
0,0,1.2460061e-05
0,0,7.0391274e-05
0,0,1.4560839e-05
0,0,0.0034709247
0,0,0.000313513
0,0,2.7094044e-05
0,0,0.0003812743
0,0,4.087329e-05
0,0,1.6441976e-05
0,0,2.57559e-05
0,0,8.6381115e-06
0,0,1.636562e-05
0,0,4.205748e-05
0,0,2.9366855e-05
0,0,4.724555e-06
0,0,1.2811155e-05
0,0,4.186081e-05
0,0,4.521498e-05
0,0,2.7011873e-05
0,0,0.00059508765
0,0,1.2437658e-05
