actual,predicted,probability
0,0,0.00015458852283331027
0,0,0.00022592449771222873
0,0,0.00014530102151209017
0,0,0.00017570649784110965
0,0,0.00017474069102776542
0,0,0.00015584025445612452
0,0,0.0006968872219761283
0,0,0.0001396578999750273
0,0,0.0001722879950242608
0,0,0.00014633696744101361
0,0,0.00019376016575232914
0,0,0.00018168069873030344
0,0,0.00015472681858361696
0,0,0.00020818602041884263
0,0,0.00016436469829550027
0,0,0.00014447438016367486
0,0,0.0002041762098826665
0,0,0.00022379115620672102
0,0,0.0001380355974004089
0,0,0.00013871967570109668
0,0,0.00027411949259436154
0,0,0.00015696531564661454
0,0,0.0001580559511050152
0,0,0.00017618184479448241
0,0,0.00014868976838511427
0,0,0.00021106230785633895
0,0,0.00027683890679056815
0,0,0.0017763706770110032
0,0,0.00014788386473998155
0,0,0.00017745677617820256
0,0,0.00014814481879253725
0,0,0.00014685602117161243
0,0,0.0001709412135857727
0,0,0.00014705058919071734
0,0,0.00020957418025441336
0,0,0.010676720249007066
0,0,0.0003245820096626225
0,0,0.0001593052592549647
0,0,0.00017693165523768387
0,0,0.0003343411775146419
0,0,0.00019836747749957893
0,0,0.0005516125972466237
0,0,0.00014334782964214429
0,0,0.0001396578999750273
0,0,0.0007168779430515395
0,0,0.00017078328908328526
0,0,0.0001600850536654129
0,0,0.0003218429765254354
0,0,0.00015789798271739796
0,0,0.00019850482116574953
0,0,0.00014099872594252705
0,0,0.00016279211921543183
0,0,0.00016012185860107952
0,0,0.0001782965264175529
0,0,0.0001510734039112801
0,0,0.0001976084247696474
0,0,0.00015914522429619606
0,0,0.00016462373444070207
0,0,0.0001824376739135984
0,0,0.00013805881935076143
0,0,0.00015677350601012998
0,0,0.0002691168469489994
0,0,0.0005646830796762461
0,0,0.00016084405075046483
0,0,0.0006093642083685793
0,0,0.0001634389723221445
0,0,0.00014620490030006883
0,0,0.00015772749800299147
0,0,0.00048597737110276106
0,0,0.00016450536032538854
0,0,0.00022131588723403286
0,0,0.00015617731682521254
0,0,0.00016387717837558483
0,0,0.00015461064755156707
0,0,0.00015480051966874605
0,0,0.00020259618468330439
0,0,0.000157056277262657
0,0,0.0001511014058052781
0,0,0.00024276144327847434
0,0,0.00014788386473998155
0,0,0.00030242603998553757
0,0,0.0001497274902586435
0,0,0.00015910725188466663
0,0,0.00015390515970088438
0,0,0.00031701177470906856
0,0,0.0001508076364918607
0,0,0.0001608832170438457
0,0,0.00017464523292531195
0,0,0.00016255823871904013
0,0,0.0004091939552845229
0,0,0.0005082065185715108
0,0,0.0001624717814186217
0,0,0.0001625140210710844
0,0,0.00020351607786211977
0,0,0.00045711006550318566
0,0,0.0005797819979172707
0,0,0.00015572847165698194
0,0,0.0002570986011525019
0,0,0.00015343314861577585
0,0,0.0001499595957475563
0,0,0.0001572392913904751
0,0,0.00025356298036157185
0,0,0.00015267056301990808
0,0,0.00015416711040389022
0,0,0.00030119514325771204
0,0,0.0001508056566674261
0,0,0.00015944269270008288
0,0,0.00014877194851953417
0,0,0.00015119020700508164
0,0,0.00014158000713529182
0,0,0.00015293189568383534
0,0,0.0001949470399101424
0,0,0.0001464052040254732
0,0,0.0001448949106010871
0,0,0.00014740918464108488
0,0,0.0001470254701658288
0,0,0.00019746201765864503
0,0,0.007757799889310093
0,0,0.00016718586208263792
0,0,0.00019546368530573723
0,0,0.00014985577151336793
0,0,0.00014746530203127507
0,0,0.00015379332471362797
0,0,0.00019536626605210408
0,0,0.00016941825354589376
0,0,0.000164548013242802
0,0,0.00016203022932076473
0,0,0.00015240226079622088
0,0,0.0003510088561325387
0,0,0.0003595714518242712
0,0,0.0001517506834205244
0,0,0.0001482043750348122
0,0,0.00017796941956989943
0,0,0.00014932537306140985
0,0,0.00015154702461690083
0,0,0.0001459111871060663
0,0,0.00035100828149065705
0,0,0.0002507739925902803
0,0,0.00014541632384782447
0,0,0.00019043899372394937
0,0,0.00015419885020676575
0,0,0.08720468355547122
0,0,0.00019613906604488992
0,0,0.00019742446678995253
0,0,0.00016941357797059493
0,0,0.00019224028826928004
0,0,0.0002741895317714895
0,0,0.00016179030577593399
0,0,0.00014777325075672956
0,0,0.00013879278113887583
0,0,0.00019466218541719515
0,0,0.0001444364445974783
0,0,0.0001908586099666735
0,0,0.00014842654197132443
0,0,0.0001596250653313328
0,0,0.000168920793914767
0,0,0.000518607280473006
0,0,0.00017308413592149647
0,0,0.00018156912855022252
0,0,0.0001584032221113916
0,0,0.00016325835018738191
0,0,0.0001472622594360538
0,0,0.00016657400593846376
0,0,0.00015208534636364888
0,0,0.0003424042618270337
0,0,0.00014734024993451192
0,0,0.000221496352478667
0,0,0.0016089550496679518
0,0,0.00017295361983998465
0,0,0.0003300521627189018
0,0,0.00015159556303431392
0,0,0.00015463457297317632
0,0,0.0002942955385793536
0,0,0.0004331415004822349
0,0,0.0001759345285634697
0,0,0.00015337435778327787
0,0,0.0001381230639826946
0,0,0.00014961205115894416
0,0,0.00017535951663934417
0,0,0.00015910791204503657
0,0,0.0003524499439126628
0,0,0.0002688020586200415
0,0,0.00017649547234796097
0,0,0.0001551690158709427
0,0,0.00014651247188089212
0,0,0.0001831596630997523
0,0,0.00015880101987812104
0,0,0.00015452905029483255
0,0,0.00015939610029252596
0,0,0.00014478261264816035
0,0,0.00030288908629875913
0,0,0.00014832108805911228
0,0,0.000172764495619468
0,0,0.0005239172528219046
0,0,0.00014247352368644553
0,0,0.00014243814300623464
0,0,0.0001515502148153862
0,0,0.00014549269452468589
0,0,0.0002577988017061637
0,0,0.0001522988179742336
0,0,0.00015088604045592141
0,0,0.00022270571293229148
0,0,0.00037096011829334695
0,0,0.00015201321810929259
0,0,0.0001497430902217946
0,0,0.0001417416965324757
0,0,0.00015078825661098111
0,0,0.00017796233018695386
0,0,0.0002991854825553881
0,0,0.00015781597539796504
0,0,0.00015509177455697777
0,0,0.0001480636171888958
0,0,0.00016444210497040443
0,0,0.00030170614878779193
0,0,0.000154956179309862
0,0,0.0009058331656867641
0,0,0.0001688210061364588
0,0,0.00014521122170881723
0,0,0.0002946311317890603
0,0,0.00015741231192103412
0,0,0.0001743549236126131
0,0,0.000813701273707201
0,0,0.00015101077928780581
0,0,0.00017346988390269937
0,0,0.00015586950160463675
0,0,0.0001574362980728658
0,0,0.00017076268898486962
0,0,0.00021021287147469445
0,0,0.00044149629303557333
0,0,0.00015760883668598013
0,0,0.00015827848794367335
0,0,0.0003228390335787787
0,0,0.00014213219300613985
0,0,0.00016618489968162536
0,0,0.00014819926465317387
0,0,0.00014529541188649817
0,0,0.00016391644832695293
0,0,0.00014115975391331727
0,0,0.00015489288370293126
0,0,0.0001625140210710844
0,0,0.00017869364750126664
0,0,0.0001631847367528667
0,0,0.00015061944389528886
0,0,0.0001485267630290608
0,0,0.0001645113617900618
0,0,0.000159869547461081
0,0,0.00017950130625131284
0,0,0.0001532372307363591
0,0,0.00015558910469807346
0,0,0.00015194950369763622
0,0,0.00015346232042103347
0,0,0.0003185209004463742
0,0,0.00015098027600279573
0,0,0.00016039260271201732
0,0,0.0002559094153785838
0,0,0.00015725462029228364
0,0,0.0001874390296435419
0,0,0.0004741190213014566
0,0,0.00014817686216990006
0,0,0.00014563875296776511
0,0,0.013856970183965431
0,0,0.0001540634181383346
0,0,0.00015919185199150224
0,0,0.00014951488929776084
0,0,0.00019221461497443294
0,0,0.00017423848744057438
0,0,0.0001620344606471348
0,0,0.0001594809910705955
0,0,0.00015815641222944243
0,0,0.00019041249974964712
1,1,0.5103410445077473
0,0,0.00015124323732852807
0,0,0.00018213935183865998
0,0,0.00015956094115813702
0,0,0.00021284700533094419
0,0,0.00017016140833175795
0,0,0.00019813331019104502
0,0,0.00015574762999687986
0,0,0.00016211797927710708
0,0,0.00015264714154244013
0,0,0.00016188619486635843
0,0,0.00016515061572966498
0,0,0.00017250146233763615
0,0,0.00013727743377678364
0,0,0.00024373295779665682
0,0,0.00014804570549669215
0,0,0.00020019442840585124
0,0,0.00013860749546694052
0,0,0.0003965215072322791
0,0,0.00019494235086494737
0,0,0.00013879278113887583
0,0,0.0001542401893310066
0,0,0.00015829173789574927
0,0,0.00015487673970838393
0,0,0.00014928565186154709
0,0,0.009207152407594454
0,0,0.00017184842418976673
0,0,0.00014319630662985988
0,0,0.00020342496421809977
0,0,0.0012446362736794794
0,0,0.00022575070754071784
0,0,0.00015191423789444943
0,0,0.0001440718212896606
0,0,0.0001407665813985055
0,0,0.00044467233121741836
0,0,0.00020043138297357128
0,0,0.0001517152652700891
0,0,0.0008302953012650846
0,0,0.00015243862621967883
0,0,0.0001549442559552314
0,0,0.0004780009689261542
0,0,0.0001572427245518154
0,0,0.00013727743377678364
0,0,0.0001588658034875789
0,0,0.003778494205840251
0,0,0.00020966290985660838
0,0,0.00014712616415620466
0,0,0.00015182306608904457
0,0,0.00014534914342016872
0,0,0.00014501346549957526
0,0,0.016382562321415915
0,0,0.00016261843495759003
0,0,0.00019673012721086437
0,0,0.00019046884887091432
0,0,0.0001686838428305592
0,0,0.00014456023416507927
0,0,0.0001506717351012673
1,1,0.9557581518395472
0,0,0.00017781534455479228
0,0,0.0005151547670982694
0,0,0.00014862839298962726
0,0,0.00016696852498033674
0,0,0.00015543562462519325
0,0,0.00017882197702885955
0,0,0.0001722767168255469
0,0,0.00015698982125892318
0,0,0.00018963381099093373
0,0,0.00015956815949198701
0,0,0.00019445402939518853
0,0,0.0001398799390150415
0,0,0.00015529599275210764
0,0,0.0001502417830662209
0,0,0.00015015170634695896
0,0,0.03358321725392285
0,0,0.00015979853500563783
0,0,0.0004443325496628705
0,0,0.00015583552002769585
0,0,0.00015049199071064787
0,0,0.0001381230639826946
0,0,0.00016043818879212074
0,0,0.00042074493595132656
0,0,0.0001761006810602549
0,0,0.00015186257925683163
0,0,0.0001433191538923565
0,0,0.00014771440458325347
0,0,0.00017343103291953696
0,0,0.00024098215462079974
0,0,0.00019453505931739997
0,0,0.00016206742623396935
0,0,0.00015027813353848772
0,0,0.00016231806669191528
0,0,0.00015497303573072665
0,0,0.0001525025536313674
0,0,0.0001508735553811199
0,0,0.00020343070623709606
0,0,0.0006871981978222054
0,0,0.00014972890406989
0,0,0.0001519788530588191
0,0,0.00022164823588788213
0,0,0.0001448949106010871
0,0,0.0002876437125742122
0,0,0.00014319630662985988
0,0,0.00014841327960937902
0,0,0.0001505797111822979
0,0,0.0001370508371363575
0,0,0.0019668452942715087
0,0,0.00017452880450713755
0,0,0.0001610379707477975
0,0,0.00013596334657907684
0,0,0.00019050901860656077
0,0,0.00014951647408735597
0,0,0.0001448412152787238
0,0,0.00018033145266580175
0,0,0.00015947075642009455
0,0,0.00015366687184084935
0,0,0.00016101079308764038
0,0,0.00015873141680221477
0,0,0.00023610862001956126
0,0,0.0002609460313979093
0,0,0.00017035720603964763
0,0,0.00015423907394261223
0,0,0.00014521122170881723
0,0,0.0001783458170919139
0,0,0.00022328773802926253
0,0,0.00015520248644077027
0,0,0.0014603600009968417
0,0,0.00015892269249062193
0,0,0.0001596599969347102
0,0,0.00014553006654134575
0,0,0.00016168810210154963
0,0,0.00016269684901080148
0,0,0.000148940807429987
0,0,0.0001784557083795302
0,0,0.00027798625697934577
0,0,0.00020329423529681528
0,0,0.00016515603576654114
0,0,0.00015467942916591997
0,0,0.0003800085519213278
0,0,0.00015132003125717015
0,0,0.00014762024321440353
0,0,0.00014577232363889453
0,0,0.0004131551650201554
0,0,0.00015427420198954272
0,0,0.00014298093029415957
0,0,0.00032086346192093
0,0,0.00014319630662985988
0,0,0.00031524118182296284
0,0,0.00015641867291161363
0,0,0.0001785565402943251
0,0,0.0005385520744222695
0,0,0.00014705987325199188
0,0,0.00014854827853927427
0,0,0.00016691866208058464
0,0,0.00015449709285863844
0,0,0.00019648694844299588
0,0,0.0001533690626930799
0,0,0.0006385280401642307
0,0,0.00023526552192343727
0,0,0.0001985326950315519
0,0,0.0001943395962039131
0,0,0.0002725644887678297
0,0,0.00014884874331079907
0,0,0.000252977741198066
0,0,0.0006402386102202234
0,0,0.0006244778626901238
0,0,0.00013778479892447192
0,0,0.0001725585390471863
0,0,0.00015425870753637514
0,0,0.0001623820899015075
0,0,0.00017388553860956253
0,0,0.00016119578113226064
0,0,0.00035524400525544826
0,0,0.00015028657913537485
0,0,0.00018627782788013388
0,0,0.00016767467708857505
0,0,0.00013879278113887583
0,0,0.0001812474158506179
0,0,0.0002406429004667589
0,0,0.00014884874331079907
0,0,0.00020300656460873394
0,0,0.0001452648964424219
0,0,0.0006167645913977394
0,0,0.0002453814704983369
0,0,0.00015265568793666976
0,0,0.00015679175270144182
0,0,0.00017490210440759777
0,0,0.00015580623225362462
0,0,0.0001526783188201397
0,0,0.00017057720559107917
0,0,0.00014516283116556943
0,0,0.00031011326831032436
0,0,0.00016320727847130045
0,0,0.00020624666232606733
0,0,0.00020223757154760934
0,0,0.0001629156484987922
0,0,0.0001513776075189141
0,0,0.0001492556137502139
0,0,0.00014357049575624848
0,0,0.00015489272040799078
0,0,0.00047622629485807123
0,0,0.00016239327403873066
0,0,0.0003429783636082368
0,0,0.0001506971738332091
0,0,0.00019459617208450057
0,0,0.0001753209856957148
0,0,0.00016544982719483267
0,0,0.000146752100346228
0,0,0.00015039978751909283
0,0,0.0007142700430599974
0,0,0.0001488574840578579
0,0,0.00015464619216570854
0,0,0.00014442378506276693
0,0,0.00018608995668387487
0,0,0.0002595831923370611
0,0,0.00015739332055767185
0,0,0.00016179463155145232
0,0,0.00016729623203353032
0,0,0.00018847843930915113
0,0,0.0001679520100398427
0,0,0.00014037998581068793
0,0,0.00017736325056695758
0,0,0.000299973788035961
0,0,0.0001503072933998723
0,0,0.00014599941669831497
0,0,0.0001527485204062666
0,0,0.00015563044665414938
0,0,0.0001398799390150415
0,0,0.00015387132457267416
0,0,0.0003393710426000495
0,0,0.00015636299990514884
0,0,0.0001381230639826946
0,0,0.00015969276116026897
0,0,0.0001435579747432405
0,0,0.00014510283332567914
0,0,0.0001651951821963883
0,0,0.00016883263266959632
0,0,0.00013879278113887583
0,0,0.00015332233461780016
0,0,0.0001780697353932667
0,0,0.0007903191713489065
0,0,0.00031360715297875123
0,0,0.00016146492214043421
0,0,0.0001778419211739239
0,0,0.00018774622596792336
0,0,0.00017805012067808245
0,0,0.00015442255552330193
0,0,0.00014611973814393316
0,0,0.00019822895025614078
0,0,0.000155753767277872
0,0,0.0001610529637399874
0,0,0.000396087903299055
0,0,0.00015389308949816254
0,0,0.00015803295797428213
0,0,0.0001476386520740539
0,0,0.0007599812641235304
0,0,0.000967849246851689
0,0,0.0010093923528184572
0,0,0.00014113621350420006
0,0,0.0001967782496919172
0,0,0.00015065498991810862
0,0,0.0001531954987648353
0,0,0.00034773249298912246
0,0,0.00015565618417869657
0,0,0.00015892493342148465
0,0,0.00016524652095054444
0,0,0.00017877094215182162
0,0,0.0001578269026874322
0,0,0.00014400100759110149
0,0,0.0002247428385551406
0,0,0.00014421858522255352
0,0,0.00030180412595745467
0,0,0.00021480087001309872
0,0,0.0007285421712669735
0,0,0.00031925356199783675
0,0,0.00018495651205942758
0,0,0.00015717006058415034
0,0,0.00016768027313373126
0,0,0.00019015996352252023
0,0,0.00015028176831512544
0,0,0.00017924243940295532
0,0,0.00020059614339784656
0,0,0.0011465629456254237
0,0,0.0001703181872473459
0,0,0.00015076112025934604
0,0,0.00021087811848222176
0,0,0.0006141797345905667
0,0,0.00015747571384461067
0,0,0.00013669125056300118
0,0,0.00014474177208833556
0,0,0.00016182814980924092
0,0,0.00025384140674636487
0,0,0.00015425537037468804
0,0,0.00015141844443200463
0,0,0.00035174947958727077
0,0,0.00015712028448737218
0,0,0.00015648805993645585
0,0,0.00019116012699488656
0,0,0.00016448519473111786
0,0,0.00014973729366504784
0,0,0.00016425204458249892
0,0,0.00016279974331851203
0,0,0.00045845223738010996
0,0,0.0001490751726560055
0,0,0.00013860749546694052
0,0,0.00013927445598676586
0,0,0.00016009631563089935
0,0,0.00016228678288773883
0,0,0.0002715243473593367
0,0,0.000141560514055103
0,0,0.00017855050016174994
0,0,0.0001455559765163592
0,0,0.0001602864399630347
0,0,0.00014139072137298337
0,0,0.00021324832297464906
0,0,0.00017377035545144834
0,0,0.00015614018070536794
0,0,0.0001607979000231614
0,0,0.00015785152400221318
0,0,0.00017059588055375378
0,0,0.000148204329981042
0,0,0.00015320985758435346
0,0,0.00024342297406427317
0,0,0.00016201751216807206
0,0,0.00018068010022717488
0,0,0.00017277184175341003
0,0,0.00014134535363272683
0,0,0.00016320834189418213
0,0,0.0002896053776390418
0,0,0.00015658942491749607
0,0,0.0004052687345693194
0,0,0.00017031672245638424
0,0,0.00017011415974215927
0,0,0.000348628984705626
0,0,0.00020528529892424678
0,0,0.0001461105472370915
0,0,0.00014037291453990422
0,0,0.00018223189398157324
0,0,0.0001395509447625011
0,0,0.00016307490394186006
0,0,0.0001543408150574973
0,0,0.0001643101270349222
0,0,0.00015151279405936535
0,0,0.000159455462336027
0,0,0.00020185083429967869
0,0,0.00013888122760631987
0,0,0.00013594246962237517
0,0,0.00023314954482570177
0,0,0.00014328358501021114
0,0,0.00027325496508911914
0,0,0.000159986033980569
0,0,0.0001641041426856118
0,0,0.0001632860731278362
0,0,0.00044589446493551317
0,0,0.00014972186516693837
0,0,0.00015206824658282013
0,0,0.00016379413846526764
0,0,0.00020947795765519848
0,0,0.0002729971178887428
0,0,0.0002889823987197611
0,0,0.00016421882371127174
0,0,0.00018566281697229611
0,0,0.00016049762505249333
0,0,0.0001699522671997798
0,0,0.00018919492654600708
0,0,0.00019555432891723106
0,0,0.0001476760215730159
0,0,0.00020281829155461252
0,0,0.0001486292919583386
0,0,0.0003378815628491397
0,0,0.00015228175661170456
0,0,0.0004169532096084181
0,0,0.00014832145988608075
0,0,0.00017033441880500872
0,0,0.00043755289528904154
0,0,0.0004845009999380583
0,0,0.00017443367769343226
0,0,0.00020435970844303496
0,0,0.00024102170503998395
0,0,0.00015505774278685107
0,0,0.0001556560262741602
0,0,0.00015027198119383202
0,0,0.00015848174209474894
0,0,0.00015202948300055533
0,0,0.00016780304843175219
0,0,0.00015086150313439636
0,0,0.00016824607729926092
0,0,0.00029277205151280277
0,0,0.0001465510123189649
0,0,0.00017543151931424992
0,0,0.00014279981111961523
0,0,0.0005774327021269734
0,0,0.0012753971370948812
0,0,0.00016809616783155823
0,0,0.00015101077928780581
0,0,0.0001650943559273528
0,0,0.0001466034546882501
0,0,0.0002774035632870366
0,0,0.0001513549275888336
0,0,0.00017135273720804905
0,0,0.0005439322422382882
0,0,0.00015100841378524508
0,0,0.00022080055180344698
0,0,0.00013778479892447192
0,0,0.00014000841777488026
0,0,0.0001439302684179743
0,0,0.00015605543618510585
0,0,0.0001466561231318152
0,0,0.00014982682221899795
0,0,0.00019865606835744385
0,0,0.00017932157835498258
0,0,0.00016119321379203243
0,0,0.0001570818684252669
0,0,0.0001469831999190625
0,0,0.00015258751840986488
0,0,0.00015763579088731388
0,0,0.00018364929185501393
0,0,0.00016397126860426321
0,0,0.0001479572103282654
0,0,0.00015335132257571208
0,0,0.001230243716107172
0,0,0.00015609683519086082
0,0,0.000174766086355452
0,0,0.0001476777800441807
0,0,0.00014895177767359786
0,0,0.00014803239144387656
0,0,0.0002845298385161639
0,0,0.00022771569376130608
0,0,0.00016942610361863063
0,0,0.00017716094571022366
0,0,0.00016285098098702398
0,0,0.00016321502506369312
0,0,0.00022327958497092104
0,0,0.00019601657462362483
0,0,0.0001875379576092749
0,0,0.00023423390231704856
0,0,0.0001485580565801462
0,0,0.00020737473806491395
0,0,0.00015390936719269528
0,0,0.00015529394697610238
0,0,0.00014267133235977648
0,0,0.0006406636124788218
0,0,0.00020395298855416217
0,0,0.00014319630662985988
0,0,0.0003655097676021607
0,0,0.0006098937858381027
0,0,0.00013805881935076143
0,0,0.00016215016761860648
0,0,0.0001601113085855888
0,0,0.00014734561036345385
0,0,0.00017830620294354254
0,0,0.0001589998281483811
0,0,0.00015176841593565212
0,0,0.00018400811122794536
0,0,0.0003018729519154348
0,0,0.0001484114006570919
0,0,0.00014789086103874665
0,0,0.0001396578999750273
0,0,0.00017936181642008538
0,0,0.00014003261961039113
0,0,0.00026638290457648713
0,0,0.0001494393532821042
0,0,0.00017484142823443347
0,0,0.00016102606465970233
0,0,0.00016804549965023709
0,0,0.00022455420937050075
0,0,0.0001799437447845267
0,0,0.00016486353300049084
0,0,0.00013805881935076143
0,0,0.0001828494315701987
0,0,0.0002373724381759167
0,0,0.12008450201226166
0,0,0.00013574130753906262
0,0,0.00016355958611569092
0,0,0.00016297129275530774
0,0,0.0001604731212736032
0,0,0.00016572006923660726
0,0,0.00014173268773064144
0,0,0.00021963795442179256
0,0,0.0001637735206801122
0,0,0.00019865458117709875
0,0,0.00046635778509014197
0,0,0.00014000841777488026
0,0,0.00014578773754484993
0,0,0.00015728139908006888
0,0,0.00018412912593043838
0,0,0.00014918719721153267
0,0,0.007888020446595777
0,0,0.0004384503656502668
0,0,0.00025469192498996204
0,0,0.00014289726978561638
0,0,0.0001576525766613757
0,0,0.00024914430481304435
0,0,0.00015360276548894333
0,0,0.0002586386300056523
0,0,0.00014681132182967714
0,0,0.00018352886492010632
0,0,0.00015704689792987522
0,0,0.00014566247462798244
0,0,0.00014757696102010037
0,0,0.00014329235586895737
0,0,0.00015292418082422357
0,0,0.0001760274232917796
0,0,0.00036319751254309905
0,0,0.0001514490349346846
0,0,0.0001719720013068338
0,0,0.00015340612003875989
0,0,0.00014459465846799625
0,0,0.0001712115410028781
0,0,0.0005286686916405304
0,0,0.00014730130294300525
0,0,0.000157002919737479
0,0,0.005351183208528872
0,0,0.0007127303122882482
0,0,0.000193784975238207
0,0,0.00026580696280085054
0,0,0.004290350519938299
0,0,0.0001562153851645945
0,0,0.0003068543957167705
0,0,0.00015913107878441754
0,0,0.00015337832303217997
0,0,0.00708731632814624
0,0,0.0002983348855539607
0,0,0.0001723457915460673
0,0,0.0004452086985330673
0,0,0.000174348381021765
0,0,0.00014297426758984568
0,0,0.00016430346122958423
0,0,0.00014673134024316067
0,0,0.0002802559575207529
0,0,0.00026859091742246794
0,0,0.00015712603483055093
0,0,0.00020713260141832756
0,0,0.00014504415080451356
0,0,0.0003996202436055587
0,0,0.00016642832581600375
0,0,0.0003630593768942626
0,0,0.00014139072137298337
0,0,0.00017835226844449144
0,0,0.00014462530830604346
0,0,0.0002233178252173463
0,0,0.00015099782371513605
0,0,0.00017206882555785344
0,0,0.0001560399140490517
0,0,0.0006339080411002511
0,0,0.0002918133068132956
0,0,0.00014074358392220028
0,0,0.00016537896457329425
0,0,0.00016151699148161011
0,0,0.00017777985139173576
0,0,0.0001710395773048541
0,0,0.00015366462372630522
0,0,0.0001956721551547376
0,0,0.00014179351643294264
0,0,0.00014210351725635207
0,0,0.0001631238437342956
0,0,0.00016991301785208745
0,0,0.00017622412210083994
0,0,0.00015101077928780581
0,0,0.0001710014324908401
0,0,0.00014897110823147028
0,0,0.00017196384205588844
0,0,0.00015174827690121013
0,0,0.00015397298221735614
0,0,0.00023041124329182538
0,0,0.0001436898232746525
0,0,0.00014836298583115532
0,0,0.00014319630662985988
0,0,0.0004709589581966243
0,0,0.0003309856511838407
0,0,0.00015241757731426775
0,0,0.00016801181425100338
0,0,0.00017746922906863993
0,0,0.00020882529446629596
0,0,0.00016640527691710598
0,0,0.0001567929789353712
0,0,0.00017578912734638588
0,0,0.00015680237479826734
0,0,0.00017481114733584478
0,0,0.00017608486569888732
0,0,0.0003192776783605293
0,0,0.0001956301589608437
0,0,0.0002034452595156262
0,0,0.00016450536032538854
0,0,0.00014319630662985988
0,0,0.00013805881935076143
0,0,0.00015030172867117387
0,0,0.00015580961714850455
0,0,0.00017934851221087906
0,0,0.0001678523159649197
0,0,0.00022112881595014327
0,0,0.00013990229726067911
0,0,0.00018262344767554418
0,0,0.00017570811396712817
0,0,0.00016219008130606428
0,0,0.00015220372517017562
0,0,0.00015444719406615433
0,0,0.0001448412152787238
0,0,0.0001518317848934631
0,0,0.0001634405202075956
0,0,0.00017019744346246325
0,0,0.00017391450295811393
0,0,0.00016359893297204133
0,0,0.00014884374041389
0,0,0.0001631894621406711
0,0,0.00015236777186568445
0,0,0.0001424756583205901
0,0,0.00016025499584654254
0,0,0.00017163729187107604
0,0,0.00017831771693856398
0,0,0.00018128926685244173
0,0,0.0001485360091299335
0,0,0.00014139072137298337
0,0,0.0006408054738429695
0,0,0.00015328367409106903
0,0,0.0001503072933998723
0,0,0.000150011459868287
0,0,0.0001471569568846677
0,0,0.00016185721733762663
0,0,0.00014808070531669435
0,0,0.0004341814914801842
0,0,0.0001775890652628754
0,0,0.00017057152897455378
0,0,0.00015274835298155067
0,0,0.00015297676780897363
0,0,0.00016008294784637976
0,0,0.00044375828580471815
0,0,0.0001444302114874812
0,0,0.00031346419575892476
0,0,0.0002025744420519439
0,0,0.00022361278553911942
0,0,0.00022760838697565895
0,0,0.0001523307203772446
0,0,0.00014003261961039113
0,0,0.00021098833724596922
0,0,0.00015684312446350901
0,0,0.0001407665813985055
0,0,0.0004722681854513634
0,0,0.00014579526950286387
0,0,0.00013927445598676586
0,0,0.00044007643526692756
0,0,0.0004063040389317113
0,0,0.00016322508553772054
0,0,0.00020325656548586575
0,0,0.00014541126610605068
0,0,0.0007000245386612096
0,0,0.0001635379928895863
0,0,0.00020216145017715883
0,0,0.00020177906101152902
0,0,0.00018861855643363242
0,0,0.00015344842599659077
0,0,0.00014815181831570481
0,0,0.000171157536866062
0,0,0.00018198339179029894
0,0,0.0006834137902990062
0,0,0.00015196867879793663
0,0,0.00015555951433283136
0,0,0.00015711114334398494
0,0,0.00015189661876423305
0,0,0.00020429855614021667
0,0,0.00015674175205649627
0,0,0.0001694479235659436
0,0,0.0001868396142724495
0,0,0.00016489283337825595
0,0,0.00016618001714888093
0,0,0.0001771450826884842
0,0,0.011639080484232862
0,0,0.00015838011046999623
0,0,0.00015252845829764913
0,0,0.00016626371300496593
0,0,0.00015653431354932187
0,0,0.00017503399148479043
0,0,0.0008476086112682551
0,0,0.0002886409790619997
0,0,0.00015279237105815494
0,0,0.00022521622031126815
0,0,0.0001667731184005088
0,0,0.00013888122760631987
0,0,0.00017997747378820214
0,0,0.00015280214271800682
0,0,0.00014864965265712403
0,0,0.00014384215210300484
0,0,0.0001436898232746525
0,0,0.0009080883979248726
0,0,0.00015144777488888968
0,0,0.00014751808895595582
0,0,0.00016181171997930424
0,0,0.00020703659234982624
0,0,0.00017511892688007057
0,0,0.00015710246133010725
0,0,0.00015272245263361282
0,0,0.000193289801643021
0,0,0.0005208515281218813
0,0,0.00014057787979693823
0,0,0.00013888122760631987
0,0,0.00015724185271054946
0,0,0.00014418967734830185
0,0,0.00016900376236023
0,0,0.00013902492568289738
0,0,0.0001513615683523989
0,0,0.00020783085924898066
0,0,0.00018971283938347622
0,0,0.00015642507849962604
0,0,0.00013879278113887583
0,0,0.0001662763059778942
0,0,0.0001657430296374735
0,0,0.0001477943066438649
0,0,0.000146021544786962
0,0,0.0002984365779767331
0,0,0.00015226221487798792
0,0,0.0001638214290325769
0,0,0.0005049091623302074
0,0,0.00016123049679966786
0,0,0.00013879278113887583
0,0,0.00017444315021903584
0,0,0.00014623859522140963
0,0,0.00015039978751909283
0,0,0.000351620904639477
0,0,0.00018485216672223785
0,0,0.00016112329210727413
0,0,0.00016140013630014578
0,0,0.00015374331324922332
0,0,0.00017735793077963447
0,0,0.00016814318135322887
0,0,0.00031008038911725563
0,0,0.0001524204520065368
0,0,0.0002736160677808466
0,0,0.00029575542209669953
0,0,0.006930405363118393
0,0,0.004690003529978924
0,0,0.00019816776875127047
0,0,0.0001651343176054603
0,0,0.00014593753664064052
0,0,0.00017117115256044116
0,0,0.00014892266143913313
0,0,0.00023922567118330056
0,0,0.0001722073427570583
0,0,0.00014641785702361918
0,0,0.000144637999523602
0,0,0.00018670701644317978
0,0,0.0002729544947800014
0,0,0.00016348894315867108
0,0,0.00016099150038583062
0,0,0.0004696750877696136
0,0,0.00018758361033560555
0,0,0.00023205475349687295
0,0,0.00015469855442823996
0,0,0.00024685267673616113
0,0,0.0003686484181120903
0,0,0.00018231065519629585
0,0,0.00015803164521729595
0,0,0.0003745810260940196
0,0,0.0002245300331172638
0,0,0.00016638795874401386
0,0,0.0001528890929442226
0,0,0.0001514140301599823
0,0,0.00017620868390065414
0,0,0.00014993728696977888
0,0,0.00018441770630936265
0,0,0.0001893838126928501
0,0,0.0001543197712436997
0,0,0.00020811751498416478
0,0,0.00016831768385705995
0,0,0.00015736593405891167
0,0,0.0002560469535821531
0,0,0.00028936852321064053
0,0,0.00017697248121175833
0,0,0.0001626026696462931
0,0,0.00027242331623450835
0,0,0.00016852651619977344
0,0,0.00018052938502589617
0,0,0.00016964637151071252
0,0,0.000147423101132094
0,0,0.0002955100174598214
0,0,0.0001626638053553555
0,0,0.0003053344298036577
0,0,0.0001425580961547636
0,0,0.00018923995968084763
0,0,0.00017934181323822374
0,0,0.00017660657594160595
0,0,0.0001642293463276391
0,0,0.0006061917769759464
0,0,0.00020427002280051378
0,0,0.00015838251746310125
0,0,0.0001522532195978528
0,0,0.0001580044773133667
0,0,0.0034098533137777785
0,0,0.00016706704935808342
0,0,0.00017380673009610836
0,0,0.00014688058286654564
0,0,0.00022759294268855876
0,0,0.00015694713701929004
0,0,0.00018280845132758402
0,0,0.00014374289999152733
0,0,0.0002729088719765572
0,0,0.0015692426969201299
0,0,0.0002313160212898055
0,0,0.0001570222633469026
0,0,0.00016116775038754503
0,0,0.00016535519624653983
0,0,0.00017168609159520437
0,0,0.00021329884952415862
0,0,0.00048165271765762387
0,0,0.00015389767822016157
0,0,0.00015543894776620852
0,0,0.0001538857827941254
0,0,0.00014249674563679809
0,0,0.00018710404183194302
0,0,0.00018702792314841075
0,0,0.00015893031436535566
0,0,0.00023966354878867034
0,0,0.00014074358392220028
0,0,0.00015412084237037142
0,0,0.00015316361607811465
0,0,0.0003010044329650216
0,0,0.00015933359030004013
0,0,0.0001446474198640465
0,0,0.00015194147544002866
0,0,0.00016354668904968082
0,0,0.0001486292919583386
0,0,0.00022655398177071493
0,0,0.0001560769530694559
0,0,0.00014311061256227592
0,0,0.00015766684370362359
0,0,0.00018856914488158137
0,0,0.0004345254470071426
0,0,0.0001704724763870613
0,0,0.00020961382952121275
0,0,0.00015809513949336016
0,0,0.0001586477026682584
0,0,0.00016608107255951815
0,0,0.00023371447073705518
0,0,0.00017879021261707072
0,0,0.00016294842496969084
0,0,0.025670446132153083
0,0,0.00016220181670227927
0,0,0.00014833507235753162
0,0,0.0001958469262396474
0,0,0.00016648139378137595
0,0,0.00016878396668364403
0,0,0.00014822051901611306
0,0,0.0004548749375630302
0,0,0.00014155746772665873
0,0,0.00018848838348367169
0,0,0.0001521436997375684
0,0,0.00014940380725928442
0,0,0.00014922541608427623
0,0,0.00017008474989179762
0,0,0.00013475301918551688
0,0,0.00015982748494665315
0,0,0.000304860178706518
0,0,0.00020577641505402857
0,0,0.00015123747972430352
0,0,0.0004233512636198423
0,0,0.00015003888131491313
0,0,0.0003136163710788276
0,0,0.00015159543412736538
0,0,0.0001407665813985055
0,0,0.0001468331419785714
0,0,0.00014825334941426512
0,0,0.000148140527355158
0,0,0.0003758354416673572
0,0,0.0004287338684027185
0,0,0.00021147263204440885
0,0,0.0006154642796703452
0,0,0.0004875991219961061
0,0,0.00036808844964725674
0,0,0.00015189692255918803
0,0,0.00019240799486023745
0,0,0.0002019791870021057
0,0,0.0001716157912908371
0,0,0.00014712736999934119
0,0,0.0001442392145498558
0,0,0.00016480852669185052
0,0,0.00014681493917964103
0,0,0.0003158870903783754
0,0,0.00014152573412980814
0,0,0.00018045985697332973
0,0,0.00014078725451467948
0,0,0.00015406950419898414
0,0,0.0001535146973505109
0,0,0.00025234613789924077
0,0,0.0003200494552293619
0,0,0.00018925550088127658
0,0,0.00015109540889075048
0,0,0.00015298804106006226
0,0,0.0002444244661751757
0,0,0.00015984494864206534
0,0,0.00015547434417237954
0,0,0.00015552388610625664
0,0,0.00018043650877517565
0,0,0.00022827904625942198
0,0,0.00015548931994755657
0,0,0.00018539052236108276
0,0,0.0001575535758423378
0,0,0.0001558954825223421
0,0,0.000144344133703287
0,0,0.0003966999825764065
0,0,0.00016495507016104613
0,0,0.00015405938613614304
0,0,0.00016684010560934768
0,0,0.00022529166649123974
0,0,0.00014074358392220028
0,0,0.00020108798871688445
0,0,0.00029250113209104093
0,0,0.00018034371521313244
0,0,0.00015114166227742724
0,0,0.00015777456237263998
0,0,0.000391829880143511
0,0,0.00014488795400322585
0,0,0.00021547382356407708
0,0,0.00016080913114118993
0,0,0.0001453813816521609
0,0,0.0002364337752991381
0,0,0.0001639238774341595
0,0,0.00013727743377678364
1,0,0.0028299897319449636
0,0,0.0001465710434818939
0,0,0.0004961222049043644
0,0,0.00022577595853660033
0,0,0.00014936165271972572
0,0,0.000218306035143066
0,0,0.00015215976933372573
0,0,0.00016702937190498377
0,0,0.0002189263044050506
0,0,0.00014658497115485958
0,0,0.00015952562593937776
0,0,0.0001705945480519905
0,0,0.00017922049124119175
0,0,0.00016832265938356873
0,0,0.00016023397597482398
0,0,0.0001633621347528173
0,0,0.00013727743377678364
0,0,0.00021529728118528532
0,0,0.00013690742734669018
0,0,0.00015377583694916824
0,0,0.00016667830841335485
0,0,0.0001529321027452832
0,0,0.00016716088603717876
0,0,0.000902684576792086
0,0,0.00019404909684454102
0,0,0.00014841327960937902
0,0,0.0001407665813985055
0,0,0.00018989748738791726
0,0,0.00018668549209551467
0,0,0.00015787314031716324
0,0,0.00014509190643472957
0,0,0.00016928617348212056
0,0,0.0001648565513496534
0,0,0.00014280648529150093
0,0,0.00015316736023719726
0,0,0.00023505577186875432
0,0,0.00020032122753689899
0,0,0.0001636756351365373
0,0,0.00022433734994601462
0,0,0.00015747566974800485
0,0,0.00016429440861842875
0,0,0.00014078725451467948
0,0,0.00015945347852648148
0,0,0.0001942741235276531
0,0,0.0001557155026499034
0,0,0.0001649615898983362
0,0,0.00047227437593088013
0,0,0.00027340589391734895
0,0,0.00018813106975081698
0,0,0.0001608338929399322
0,0,0.0001413621354435966
0,0,0.0001811915171300972
0,0,0.00014980977167320075
0,0,0.00020336677795990935
0,0,0.0002800890021405361
0,0,0.00014274711219253107
0,0,0.00014758720389817194
0,0,0.00032205961511898155
0,0,0.00022050052448169927
0,0,0.00015185674252784565
0,0,0.0001432118410372634
0,0,0.00024971227127122144
0,0,0.0001486292919583386
0,0,0.00019002452446528585
0,0,0.0006228990265419399
0,0,0.00014243814300623464
0,0,0.0001570960826518613
0,0,0.00016750347780495982
0,0,0.00022493551617744722
0,0,0.00021795388943218524
0,0,0.00019576437349363564
0,0,0.00014534914342016872
0,0,0.00015191143619658551
0,0,0.0001697501695650273
0,0,0.0001485580565801462
0,0,0.00015553051889888507
0,0,0.00019220056900230386
0,0,0.00017241389947610672
0,0,0.0001497949603063711
0,0,0.0001442756770367932
0,0,0.0001906719683112052
0,0,0.00019128228936779684
0,0,0.0007155896603244602
0,0,0.00018058139994772378
0,0,0.00014442128372076592
0,0,0.00021063675840269884
0,0,0.00016219868633385992
0,0,0.00015793262130434232
0,0,0.00014581571120601754
0,0,0.0001725412098120493
0,0,0.00018359334202616655
0,0,0.00015867171428740934
0,0,0.0001587022106452961
0,0,0.00036618838346742154
0,0,0.0001634022378196282
0,0,0.00016535154695136711
0,0,0.0005363756349142276
0,0,0.0001683313816165271
0,0,0.00015132728285372269
0,0,0.00015449993022152982
0,0,0.00020284343789809197
0,0,0.00017843566116402393
0,0,0.00014936712926769732
0,0,0.0001636624019045654
0,0,0.00015151736530717827
0,0,0.00020664688621761554
0,0,0.00015923069521964496
0,0,0.00018515136572608206
0,0,0.0001578869489799717
0,0,0.00014171536006282027
0,0,0.00017522329932567632
0,0,0.00022332586905683774
0,0,0.00016043600159106907
0,0,0.00016000602430998892
0,0,0.00038395042167899287
0,0,0.009529017855810184
0,0,0.00015282549233474184
0,0,0.00015073052593376525
0,0,0.00025174442454465993
0,0,0.00018775671771814576
0,0,0.0003413052241809252
0,0,0.00032073147714380433
0,0,0.00014969897105361225
0,0,0.004274762685028777
0,0,0.00014585343925551715
0,0,0.00014870988489967392
0,0,0.00017209410151218464
0,0,0.019670941341876882
0,0,0.0005258824054429398
0,0,0.0005481606066545317
0,0,0.0001381230639826946
0,0,0.00015496644276512283
0,0,0.0005438828594368227
0,0,0.00014115171772308193
0,0,0.0001568285613773765
0,0,0.00014256099026873124
0,0,0.0001762935482490839
0,0,0.00014869050226838632
0,0,0.00014256957360451997
0,0,0.00015999631524498252
0,0,0.0001476992135356126
0,0,0.00014556069820108712
0,0,0.00015175741056749122
0,0,0.0001546406580386561
0,0,0.0002370948193988944
0,0,0.00034073504255936065
0,0,0.00018138451842225113
0,0,0.00014607454758632998
0,0,0.00014502456031245274
0,0,0.000179648696688296
0,0,0.00015851273391376418
0,0,0.00014806316889363357
0,0,0.00026625206177060374
0,0,0.00015954106268280797
0,0,0.0002242939394970305
0,0,0.00013879278113887583
0,0,0.00028485204377644974
0,0,0.00017213745383636318
0,0,0.00020315717745827912
0,0,0.0001423568277051193
0,0,0.00020637335477375078
0,0,0.00015028657913537485
0,0,0.0001422227666705343
0,0,0.00018757957759743483
0,0,0.0001872637362740512
0,0,0.0003381315885044104
0,0,0.00024530380346356504
0,0,0.0001430436260345103
0,0,0.00019743038143773533
0,0,0.0001486292919583386
0,0,0.0001512771287072872
0,0,0.00018459663948014102
0,0,0.0002735559879625207
0,0,0.00017720669887668307
0,0,0.00014593753664064052
0,0,0.00017270720891446632
0,0,0.0002609418418768041
0,0,0.0001652092208627689
0,0,0.00015976630179730022
0,0,0.00015398160034981663
0,0,0.00016235343737160037
0,0,0.00016972257430440042
0,0,0.0001603504847355833
0,0,0.00016122815994358103
0,0,0.00015518555473875825
0,0,0.00014424478765452702
0,0,0.0014932574233573195
0,0,0.0001451324846112208
0,0,0.00038083220766535605
0,0,0.0001749368748753804
0,0,0.0004888219071726138
0,0,0.00018487871152021403
0,0,0.00015157624055323854
0,0,0.00014389745193568897
0,0,0.00014962574843513802
0,0,0.00015525873349218493
0,0,0.00015342178519222487
0,0,0.00014324856852180532
0,0,0.00015339343537672812
0,0,0.0010185460441975275
0,0,0.0001851970502495627
0,0,0.0001506139200220786
0,0,0.00024866299952672254
0,0,0.00015060122403559058
0,0,0.0001682427775628148
0,0,0.00040771215107227005
0,0,0.00018226121750668274
0,0,0.0006639717981027596
0,0,0.00015169039958315596
0,0,0.00016576696847116294
0,0,0.00017312182912084708
0,0,0.00015029185530239704
0,0,0.0001486559987152907
0,0,0.00016927513267469193
0,0,0.00015634482538589092
0,0,0.00024181203377118132
0,0,0.00014624329843880083
0,0,0.00015738471090503256
0,0,0.0001605653755684932
0,0,0.0001497430902217946
0,0,0.0001588658755584464
0,0,0.00018173706443844342
0,0,0.00014052069147750838
0,0,0.00015191423789444943
0,0,0.0001583652287959184
0,0,0.0001467484016182016
0,0,0.0002671642901504649
0,0,0.00018465118034359667
0,0,0.0001854033101996484
0,0,0.00016889340974885796
0,0,0.00023672749191488323
0,0,0.0005098412318355788
0,0,0.00017449743621051386
0,0,0.00018476532641442057
0,0,0.00014777325075672956
0,0,0.0001642876174799926
0,0,0.00015213530081229125
0,0,0.0001505551992633557
0,0,0.0002489134497321384
0,0,0.00015719678239211327
0,0,0.00019302976950210415
0,0,0.00015883985566732554
0,0,0.0002088759808504883
0,0,0.00015546511811204573
0,0,0.0006447732613647292
0,0,0.00014686981350052372
0,0,0.0001729159986164795
0,0,0.000141552740358552
0,0,0.000148625325611254
0,0,0.004191971168347316
0,0,0.00015459749821764845
0,0,0.00014328358501021114
0,0,0.00016002919159835045
0,0,0.00014962146220542274
0,0,0.00019647042910194633
0,0,0.0001751537315080601
0,0,0.0001508056566674261
0,0,0.00014749513347890584
0,0,0.00016289429804323656
0,0,0.00014319630662985988
0,0,0.00015330913506806613
0,0,0.0002630949962096283
0,0,0.00016959851961547958
0,0,0.0002580059751727422
0,0,0.00015124759289123155
0,0,0.0001534334927112092
0,0,0.00027443622283439625
0,0,0.00014000841777488026
0,0,0.00017253372415679992
0,0,0.00014985365189002954
0,0,0.00014158000713529182
0,0,0.00020865801511677753
0,0,0.0001838304239724978
0,0,0.00015834258243081005
0,0,0.00014854946692505365
0,0,0.0001599575546761143
0,0,0.00036546558946134376
0,0,0.00014701541087544208
0,0,0.0001600540102478687
0,0,0.00020089724112559956
0,0,0.00022290471077960158
0,0,0.00019201965113427224
0,0,0.00022045791230583515
0,0,0.00019091566291047112
0,0,0.0003193828009436273
0,0,0.00015284162467939908
0,0,0.0001471854559106794
0,0,0.00017691892394580282
0,0,0.10232764609164521
0,0,0.00014952983272076623
0,0,0.00020134889260168051
0,0,0.0001601960462647372
0,0,0.00016040304948372594
0,0,0.0002065524136455061
0,0,0.00013805881935076143
0,0,0.00017463271882024443
0,0,0.00014919709750076343
0,0,0.0001654687017909723
0,0,0.0003895260615800153
0,0,0.00014340424933837056
0,0,0.00015806935244079185
0,0,0.0004311558415806178
0,0,0.00022995097462429073
0,0,0.00015334262031535203
0,0,0.00034491800912391386
0,0,0.00014116928257015335
0,0,0.00015441764789916637
0,0,0.00014034937413078704
0,0,0.00018096554633535039
0,0,0.00015164203122369305
0,0,0.00015358285831234265
0,0,0.00016572280782512484
0,0,0.00044068546263267854
0,0,0.00015149171103941912
0,0,0.00014521122170881723
0,0,0.0006594614276042537
0,0,0.0021799774190023346
0,0,0.00015234801220741283
0,0,0.00016526641053942872
0,0,0.0001506717351012673
0,0,0.0001486292919583386
0,0,0.0001567664988020486
0,0,0.0009716152720257256
0,0,0.00015096489639497817
0,0,0.00013805881935076143
0,0,0.00015119020700508164
0,0,0.00032870614527747674
0,0,0.0002579716817350307
0,0,0.003763359473943975
0,0,0.00018708023094594228
0,0,0.0001762162603518394
0,0,0.00014173268773064144
0,0,0.001271569672536608
0,0,0.0001659811823597759
0,0,0.00013888122760631987
0,0,0.00015421320155874116
0,0,0.0003678730943749124
0,0,0.00015961886627711828
0,0,0.00014184596205793726
0,0,0.00014210351725635207
0,0,0.00038344530348503127
0,0,0.00014837222989313038
0,0,0.00014557962631729033
0,0,0.00015163440676135015
0,0,0.00017724431001138254
0,0,0.00015896601345473713
0,0,0.00016635013252525849
0,0,0.0001381230639826946
0,0,0.00018214908225818504
0,0,0.00021222818510428348
0,0,0.0005100936746474764
0,0,0.0001943846398649487
0,0,0.0006576508062776132
0,0,0.00018560613769287706
0,0,0.00015739061581140446
0,0,0.00016537717937910727
0,0,0.00014567505092201804
0,0,0.00017618416029823697
0,0,0.0002202536371101226
0,0,0.0001504946633587009
0,0,0.0001832896367392877
0,0,0.00016501721730667918
0,0,0.00014062867359606744
0,0,0.00020292516107224862
0,0,0.00040667929242017365
0,0,0.00014097452410701618
0,0,0.00015670721581135472
0,0,0.00017577719731740182
0,0,0.00014835111923010226
0,0,0.00017106037832497582
0,0,0.00017000485093213557
0,0,0.00014954311138726587
0,0,0.0001496837773998296
0,0,0.00019528786745307258
0,0,0.00018041928519387884
0,0,0.0001492499213446442
0,0,0.00015661785931733423
0,0,0.0001762835241411779
0,0,0.0001368672649860203
0,0,0.00015917633732733826
0,0,0.0001928228707389515
0,0,0.00016447976173180015
0,0,0.00021728690043607118
0,0,0.00015918805249475135
0,0,0.00014865915406169172
0,0,0.00020355465898930114
0,0,0.00015951717385937367
0,0,0.00013879278113887583
0,0,0.000782168502650023
0,0,0.00014984664700387759
0,0,0.00015092943544175248
0,0,0.00015633385564208538
0,0,0.00029449077190884664
0,0,0.00015170423232836887
0,0,0.00017831884186646847
0,0,0.00014480578307777503
0,0,0.0004486119252431512
0,0,0.0001515240812804046
0,0,0.00015174827690121013
0,0,0.00015725345625149662
0,0,0.00035551290209154187
0,0,0.00016998036200636856
0,0,0.00019599375008403267
0,0,0.00017265392861253587
0,0,0.00016772306447475444
0,0,0.00014073428750712504
0,0,0.00015035154763919746
0,0,0.00014319630662985988
0,0,0.000147630423109055
0,0,0.00015422707071176584
0,0,0.00016058312102207198
0,0,0.00018540951773574996
0,0,0.0001884622282741816
0,0,0.0010987483985337033
0,0,0.000418709680101897
0,0,0.00019799859340433133
0,0,0.00015228175661170456
0,0,0.00018635333824461452
0,0,0.00015862693052759542
0,0,0.0002146863900355076
0,0,0.0001486292919583386
0,0,0.00018278862614518315
0,0,0.0001577032812825323
0,0,0.00014972011934918336
0,0,0.0004864650627188985
0,0,0.0001671517724198429
0,0,0.00015197653061078527
0,0,0.00018433489291913823
0,0,0.00016767795481346687
0,0,0.00014160266958277597
0,0,0.0001564291440632145
0,0,0.00014086987229667647
0,0,0.0001553802116689098
0,0,0.00021624552353401925
0,0,0.00029827099563005225
0,0,0.0001505551992633557
0,0,0.00018678186304427275
0,0,0.00016935360683502729
0,0,0.00014804570549669215
0,0,0.0001898913312234354
0,0,0.00018193197346785212
0,0,0.0002126464213939198
0,0,0.0001675265645035357
0,0,0.00040581498648715005
0,0,0.00027100526948071124
0,0,0.00015222318983768731
0,0,0.00014328358501021114
0,0,0.00021296877367914542
0,0,0.000153102405436957
0,0,0.0001398195618400677
0,0,0.00015672485929210206
0,0,0.00018202824997204262
0,0,0.00021654019142792292
0,0,0.00019373100679292814
0,0,0.0001381230639826946
0,0,0.00016644237888133382
0,0,0.00021244065714290627
0,0,0.00015986652260365828
0,0,0.00020512980962870476
0,0,0.00015971428183645804
0,0,0.00014292098526827487
0,0,0.00018434818034800032
0,0,0.0005616528190809626
0,0,0.0003315133894299682
0,0,0.00015345395672500137
0,0,0.00016728541221167976
0,0,0.00015403031058679626
0,0,0.0001433931973824008
0,0,0.0001428240129551261
0,0,0.0005188237642000977
0,0,0.0001671961713324908
0,0,0.00027206794298376163
0,0,0.000155774572558101
0,0,0.00015925484598841634
0,0,0.00015303925372250521
0,0,0.0002716120429058122
0,0,0.00017594628989843258
0,0,0.00018216802037750358
0,0,0.0001629652728399488
0,0,0.00018592509986252442
0,0,0.00017935475672657333
0,0,0.00031456229024024216
0,0,0.0001551433996490637
0,0,0.00016383412426530173
0,0,0.00016205147436414605
0,0,0.00015466691169199815
0,0,0.00016936141466738082
0,0,0.00015355483650775044
0,0,0.0003531730315251068
0,0,0.00015658642117748016
0,0,0.001794780418642911
0,0,0.006929850636526453
0,0,0.0006754519033920241
0,0,0.00014668577216254034
0,0,0.00034590494366528465
0,0,0.00020620293473392132
0,0,0.0004038080360046128
0,0,0.0001531203365468656
0,0,0.00013885702577080898
0,0,0.00013918698940448016
0,0,0.0004659012623027191
0,0,0.0011523150664789494
0,0,0.00014177738874069314
0,0,0.00015252868700978283
0,0,0.0003323272493269537
0,0,0.00015532777563992623
0,0,0.00018049728807026516
0,0,0.00016915273017436674
0,0,0.0001478376900090109
0,0,0.00017465880303481365
0,0,0.0001721617758670619
0,0,0.00028198720887104707
0,0,0.00017136250718866776
0,0,0.0001692184285778124
0,0,0.0001722419577200152
0,0,0.000178021632368826
0,0,0.00016621112573115507
0,0,0.0001858342140490449
0,0,0.00015979909467232965
0,0,0.00021129932604162807
0,0,0.0002100205500091321
0,0,0.000155822766275723
0,0,0.00014716148572986752
0,0,0.00015961259825995314
0,0,0.00015544598626545712
0,0,0.0003444531911454697
0,0,0.00018336347380054936
0,0,0.0001732113261277988
0,0,0.0001381485790227714
0,0,0.00032880346229873165
0,0,0.0001494003752300661
0,0,0.00022186525456217534
0,0,0.0001527385051460044
0,0,0.0001603011343876858
0,0,0.00017113713321159773
0,0,0.0001407665813985055
0,0,0.0004459594211859616
0,0,0.000150054683867043
0,0,0.00015553996840676098
0,0,0.00014355968803153585
0,0,0.00016123197883845638
0,0,0.00016289176875126338
0,0,0.00022254921880493579
0,0,0.00017821259931401226
0,0,0.0001537864191491378
0,0,0.0001661767356630842
0,0,0.000930423080173607
0,0,0.00015549704286662292
0,0,0.00014241321553179768
0,0,0.00025780065527961386
0,0,0.00029898317504172353
0,0,0.0004940748127363318
0,0,0.00014954911929329715
0,0,0.0003279577166405992
0,0,0.00013727743377678364
0,0,0.00018228542097545954
0,0,0.0001856585185807824
0,0,0.00014310930250901154
0,0,0.00037899027697047184
0,0,0.00015863096414354063
0,0,0.0001485283412624712
0,0,0.0004089327775147202
0,0,0.00016963659163718808
0,0,0.0004531980915096778
0,0,0.00021809618589359162
0,0,0.0001489215696429172
0,0,0.0004551285150676191
0,0,0.00015105116802909953
0,0,0.00013751291037496582
0,0,0.000147588184722231
0,0,0.0003606343335913752
0,0,0.0004984193991011299
0,0,0.00017246040732025786
0,0,0.0001630543162713891
0,0,0.00016268477588123346
0,0,0.00014977380593881372
0,0,0.0001455569659460584
0,0,0.0001484610531552924
0,0,0.0001413345191065598
0,0,0.00014319630662985988
0,0,0.0002605164652675528
0,0,0.00015338621312223772
0,0,0.0002639361070236646
0,0,0.00014682820031172895
0,0,0.00014937818181835733
0,0,0.00017249060726080818
0,0,0.0001396578999750273
0,0,0.0001515601768911608
0,0,0.0001517488002623063
0,0,0.00021805152691054694
0,0,0.00018954741506999197
0,0,0.00016248160114254364
0,0,0.00016293176979603646
0,0,0.0001632679997719124
0,0,0.00014042769093001702
0,0,0.0001447188395385136
0,0,0.00023005418229969497
0,0,0.00016696782708669301
0,0,0.00015097287848255664
0,0,0.00015927282165977295
0,0,0.0001463177515259825
0,0,0.00014294978205053806
0,0,0.00017221651450845255
0,0,0.00014414369561191516
0,0,0.00018637022180098951
0,0,0.00016446284752364207
0,0,0.00014758720389817194
0,0,0.00029323136093095306
0,0,0.00014222440865696722
0,0,0.0001588712329668614
0,0,0.0002640198204964965
0,0,0.000322403634975669
0,0,0.00015581138852948487
0,0,0.000153858577543435
0,0,0.00014319630662985988
0,0,0.00014185670230771732
0,0,0.0001505412966418421
0,0,0.00014253045969769894
0,0,0.00015164541543351317
0,0,0.00016710881010236481
0,0,0.00014813184575222655
0,0,0.0001562872267178577
0,0,0.00014289035662976512
0,0,0.00017566119658172084
0,0,0.002235848730384112
0,0,0.000162494622965705
0,0,0.00015576456063982316
0,0,0.0001451324846112208
0,0,0.00015507564953112167
0,0,0.00037052876963605916
0,0,0.0008281839205435477
0,0,0.00016452862449566717
0,0,0.00013879278113887583
0,0,0.00015380755788115645
0,0,0.00020029730302676915
0,0,0.00015701470447493913
0,0,0.00014033734565775888
0,0,0.0001400612953601789
0,0,0.00019676205999659573
0,0,0.006681181943413779
0,0,0.0001611834834828828
0,0,0.0001657315148291126
0,0,0.00018765626546096717
0,0,0.00014349903949614293
0,0,0.00016798959043111208
0,0,0.0010093795717203726
0,0,0.00014891117646092012
0,0,0.0001525925357086911
0,0,0.0006048173913283116
0,0,0.00044513678539768434
0,0,0.00015606686487956
0,0,0.00016833331121227378
0,0,0.00015237727908595344
0,0,0.00015663857751025862
0,0,0.00016841413402222363
0,0,0.0001588298532896315
0,0,0.00016326539418751244
0,0,0.00015217918186091883
0,0,0.00018274483721493026
0,0,0.00015256853991323544
0,0,0.00021298927990572944
0,0,0.00015031021008751852
0,0,0.00035628603750666854
0,0,0.0002020154611749597
0,0,0.00021292713087662173
0,0,0.00020351404450634242
0,0,0.00019674880858038413
0,0,0.00175357652967377
0,0,0.0002007246522109595
0,0,0.00016337047912118368
0,0,0.0007423156833167975
0,0,0.0005836725884314498
0,0,0.00015893730217544127
0,0,0.00019106311978261297
0,0,0.00014936712926769732
0,0,0.00015747566974800485
0,0,0.0001869096031688443
0,0,0.00032406601823362975
0,0,0.0008102728199274402
0,0,0.00015186024328469314
0,0,0.00013879278113887583
0,0,0.00016119147193583092
0,0,0.00015004245312362694
0,0,0.0002567188192166809
0,0,0.0002641466910435838
0,0,0.0002037920164038349
0,0,0.0003707190858861819
0,0,0.00019605437406551373
0,0,0.0004904090674892002
0,0,0.0001706213149474357
0,0,0.00014222440865696722
0,0,0.00073393637696162
0,0,0.00015564399907605776
0,0,0.0002500635276814803
0,0,0.00015312827762401304
0,0,0.00014581985648429982
0,0,0.00016390097129673973
0,0,0.00015133417335846589
0,0,0.00015075774925130472
0,0,0.00018711801976649108
0,0,0.00017049664812438144
0,0,0.00018011762905234763
0,0,0.00019453206115037282
0,0,0.00032685259838044706
0,0,0.00022258839756061493
0,0,0.00016705226076199232
0,0,0.00014976212980399384
0,0,0.0001837417201048663
0,0,0.0003575936615293136
0,0,0.017062600363967007
0,0,0.00014405475844898034
0,0,0.00026221640122357087
0,0,0.00017279555684321255
0,0,0.0001506950562397083
0,0,0.00015679757943377177
0,0,0.00014664795993736917
0,0,0.000168769678496405
0,0,0.00014577232363889453
0,0,0.00015132163395640622
0,0,0.00017654405153266306
0,0,0.00023282368882363366
0,0,0.0005824493196130545
0,0,0.00019916028573212094
0,0,0.00014319630662985988
0,0,0.00022585114406652954
0,0,0.0001686838428305592
0,0,0.0004098694262595116
0,0,0.0001580851299653016
0,0,0.000151147042676128
0,0,0.00014428685440530983
0,0,0.0001460519338250451
0,0,0.00015087263516016904
0,0,0.00016968726744455125
0,0,0.00016131078832065792
0,0,0.00017429594674453488
0,0,0.00017053453250196002
0,0,0.00023761531524377845
0,0,0.0001595016420055522
0,0,0.00014195922055820466
0,0,0.00017849233857566827
0,0,0.00015530171001588807
0,0,0.00014517330173545944
0,0,0.0006596799728851491
0,0,0.00015699817431132453
0,0,0.00016997097625480364
0,0,0.0001918610466492961
0,0,0.00015001718907321882
0,0,0.00016620694098583096
0,0,0.00039982119180242325
0,0,0.00015419858318820614
0,0,0.0001604322968145009
0,0,0.0001784708467985907
0,0,0.00014909489347370028
0,0,0.000164346398392053
0,0,0.007333877878516605
0,0,0.00022639219401969436
0,0,0.00017931792424295348
0,0,0.00032201867637404594
0,0,0.0001727447963352928
0,0,0.0005272882263854749
0,0,0.00042318207389227297
0,0,0.00015933822089601974
0,0,0.00015525787883790637
0,0,0.00017632106528597466
0,0,0.000141560514055103
0,0,0.0001541822795737943
0,0,0.00019009587840485776
0,0,0.00015035498871035594
0,0,0.0003074162815419203
0,0,0.0002398248418311658
0,0,0.0002763134758033953
0,0,0.00016338492057913192
0,0,0.00017036530482696045
0,0,0.00015302913043361904
0,0,0.0003032167092198138
0,0,0.00016894819256895084
0,0,0.0001388169829743867
0,0,0.0007684974463022911
0,0,0.00015332846616787277
0,0,0.00029388644322460885
0,0,0.00016914067866050567
0,0,0.002534079746199455
0,0,0.00014968789151771576
0,0,0.0002223713750891135
0,0,0.00014873397689730222
0,0,0.00015121933243406104
0,0,0.00014173268773064144
0,0,0.0001588063769536785
0,0,0.000161160642261223
0,0,0.00015655377849706892
0,0,0.00014173224925248615
0,0,0.00015954179852976992
0,0,0.00027473227627343807
0,0,0.00016242234860780488
0,0,0.00019674394323077236
0,0,0.0001731756348218308
0,0,0.0003197416370219533
0,0,0.0001873833493147763
0,0,0.00018521360264808954
0,0,0.009895805298572525
0,0,0.00018136802835513237
0,0,0.00016348434069915604
0,0,0.00015116812173555165
0,0,0.00015654342753246715
0,0,0.0002638298295290495
0,0,0.0001575333900699698
0,0,0.00015400175044665617
0,0,0.00028331811046093143
0,0,0.00017300434277512126
0,0,0.0001684735386968556
0,0,0.0005832582797032553
0,0,0.0017310648560068384
0,0,0.0001619585934340407
0,0,0.00018341024872239352
0,0,0.00015877434281966446
0,0,0.0001398799390150415
0,0,0.00015498421264040964
0,0,0.00019041773538842465
0,0,0.00016136668544442816
0,0,0.00023683808149356028
0,0,0.00015692906897153247
0,0,0.0005220900251366278
0,0,0.0004931780966222017
0,0,0.00018289741377274595
0,0,0.0001514490349346846
0,0,0.00015282619758641647
0,0,0.00015434333130715533
0,0,0.00014405982970474597
0,0,0.00016344181858693276
0,0,0.00016447991505044618
0,0,0.00020160790508323665
0,0,0.00021294296695862993
0,0,0.0001644065168079185
0,0,0.00015393305562216224
0,0,0.0001498326045218758
0,0,0.00015794189247216945
0,0,0.00027255365523829144
0,0,0.00016292197907807286
0,0,0.00014970944858421745
0,0,0.0006758680902198035
0,0,0.0001625140210710844
0,0,0.00020146197375851919
0,0,0.00014173268773064144
0,0,0.0001545382085720946
0,0,0.000170709976796459
0,0,0.0001710395773048541
0,0,0.0001485437220433197
0,0,0.00018586504906085744
0,0,0.00016514347172001716
0,0,0.00015862739911340167
0,0,0.0001743334158018441
0,0,0.0001626475250129063
0,0,0.00016949893602397818
0,0,0.00015727918479271663
0,0,0.00016067123785900737
0,0,0.0001751908374139995
0,0,0.00015259689643092674
0,0,0.00025114264309413425
0,0,0.00016228363157223637
0,0,0.00024049849055945177
0,0,0.0002126118788978773
0,0,0.00017665060306600798
0,0,0.0003311874276071535
0,0,0.0002165747841764035
0,0,0.0001803790165445122
0,0,0.0001402271031759505
0,0,0.00018488241517320404
0,0,0.00014751808895595582
0,0,0.00014818047113875226
0,0,0.00016101079308764038
0,0,0.00017834065023765187
0,0,0.0003537356746199521
0,0,0.00014665311161252592
0,0,0.00015732857413056694
0,0,0.0001844037891190402
0,0,0.00030074879977060867
0,0,0.00016686989069627617
0,0,0.00018104698374598674
0,0,0.00015724486656120936
0,0,0.00017164093265743634
0,0,0.0001448949106010871
0,0,0.00028777582986422084
0,0,0.00014710262190655986
0,0,0.0001402405623189018
0,0,0.00016341937640246046
0,0,0.0001590989778775183
0,0,0.00020604611819245383
0,0,0.00018052886131012446
0,0,0.0001548175497597683
0,0,0.00014749518579063985
0,0,0.00015011954918770057
0,0,0.00014940380725928442
0,0,0.00018243651394713118
0,0,0.00014099872594252705
0,0,0.00041861566930321745
0,0,0.0005840591824711576
0,0,0.0001559330509530691
0,0,0.00020794734688604899
0,0,0.00015449993022152982
0,0,0.00014289035662976512
0,0,0.00014567505092201804
0,0,0.00014177095743479268
0,0,0.00016610355598511663
0,0,0.00016768883239829917
0,0,0.0001398799390150415
0,0,0.00015421374489383818
0,0,0.0005337642247848902
0,0,0.0001452026534573798
0,0,0.00017416322794646264
0,0,0.0002761554381429542
0,0,0.0006715182556593592
0,0,0.0001439936327918177
0,0,0.0006869010364568996
0,0,0.00019522282435284512
0,0,0.0002896942482782201
0,0,0.00016721130841259332
0,0,0.00016607415668048396
0,0,0.0001853827173082187
0,0,0.0005895260202032023
0,0,0.0001529406132807487
0,0,0.00015898615656899202
0,0,0.00013876955918852327
0,0,0.00017431201105505635
0,0,0.00014934404627038207
0,0,0.00014817873073062694
0,0,0.00019507732272215061
0,0,0.00014392992220319605
0,0,0.00014727884475155428
0,0,0.00015257013347281232
0,0,0.0006479207108210145
0,0,0.00017439212220464426
0,0,0.00015524119346621557
0,0,0.00015850144700633564
0,0,0.00014132334042267678
0,0,0.00015324575810228593
0,0,0.0001682049203453878
0,0,0.0002578137287343983
0,0,0.0010850989485620547
0,0,0.00015179066377019347
0,0,0.00015701470447493913
0,0,0.0001513776075189141
0,0,0.00018940173776275989
0,0,0.00016032273988383705
0,0,0.00014975111191678841
0,0,0.0004494411748136449
0,0,0.00018917356532474055
0,0,0.0001635478027584861
0,0,0.00030283431569067703
0,0,0.00046659159028785736
0,0,0.0002470435631394116
0,0,0.00015284374950013863
0,0,0.00016698845707870496
0,0,0.00016245008389707897
0,0,0.0001523607845202322
0,0,0.00016858924297730022
0,0,0.00015745074824758125
0,0,0.000154591824524307
0,0,0.00014502456031245274
0,0,0.0001530349164333
0,0,0.00015650848228126524
0,0,0.00014694104991198737
0,0,0.0005235716360096516
0,0,0.00016192334069888836
0,0,0.00016438277153230948
0,0,0.00019421487404803282
0,0,0.00036025391931509507
0,0,0.0001670925345967194
0,0,0.00025112229124357586
0,0,0.0002153541271508337
0,0,0.00013751291037496582
0,0,0.00019316600080117457
0,0,0.0001950442819769419
0,0,0.0001577817394579513
0,0,0.00016015593313417823
0,0,0.0002704264021335423
0,0,0.00017069303940979455
0,0,0.00044132165378586366
0,0,0.0005144683470918817
0,0,0.00016495507016104613
0,0,0.00015186024328469314
0,0,0.00019071396571833745
0,0,0.00015221890885883698
0,0,0.00033590847508312827
0,0,0.00014319630662985988
0,0,0.0001521436997375684
0,0,0.00015566267231032461
0,0,0.00016148157298417852
0,0,0.00016229092383638038
0,0,0.0002245374806601538
0,0,0.00014843955776440646
0,0,0.0005010460134206468
0,0,0.0005341520203276539
0,0,0.00015513332073246157
0,0,0.00015270938325903308
0,0,0.00018778800026730594
0,0,0.0004068043255828843
0,0,0.00018581978077472357
0,0,0.00013727743377678364
0,0,0.00019424127531787047
0,0,0.00036184575348239645
0,0,0.00014071485588621846
0,0,0.0022596901297036506
0,0,0.00015421277988061582
0,0,0.00015154956669829813
0,0,0.00015465439016506535
0,0,0.00014869267217930117
0,0,0.0002227825022487026
0,0,0.00018176731915228318
0,0,0.00015516155500987819
0,0,0.00015964823561625201
0,0,0.00015022566383088661
0,0,0.00014489556044721834
0,0,0.00014961198343790193
0,0,0.0001676117657974234
0,0,0.00015019881674559665
0,0,0.00016949461063106558
0,0,0.0001747217109465291
0,0,0.00017196687499107155
0,0,0.00014234233810723608
0,0,0.0001523665363356714
0,0,0.00022571113786990966
0,0,0.00017706701188745523
0,0,0.0019919180700946047
0,0,0.00043437409404603177
0,0,0.0001660483685509806
0,0,0.0001518381541021895
0,0,0.00014843631476720544
0,0,0.00015612733185375657
0,0,0.00016424339410805178
0,0,0.0002123388470787337
0,0,0.0001709902628080215
0,0,0.0001691429005153712
0,0,0.00016204621036833118
0,0,0.00015282549233474184
0,0,0.00015800441117628052
0,0,0.00015601014278772147
0,0,0.0003615996847807329
0,0,0.00018126007209712556
0,0,0.0002562902306002578
0,0,0.00016510062037899755
0,0,0.00037799152667393753
0,0,0.000141560514055103
0,0,0.0001684602975832472
0,0,0.0001503072933998723
0,0,0.00015358349767523674
0,0,0.0002922717635182408
0,0,0.010671859781312928
0,0,0.00015608078859530387
0,0,0.00014903913158983265
0,0,0.00014977017225251845
0,0,0.00014537806582035114
0,0,0.00024391278698652675
0,0,0.00016688024385669322
0,0,0.00018314102071910926
0,0,0.00014859165106406323
0,0,0.0001448412152787238
0,0,0.00014084595989089977
0,0,0.0001803698923796553
0,0,0.00015542160784404394
0,0,0.0002500329021530564
0,0,0.00015233495952399429
0,0,0.0011837223965170038
0,0,0.0001529524013668501
0,0,0.00017738206113172204
0,0,0.00014800665100774622
0,0,0.0001359499268924418
0,0,0.0001697949971539004
0,0,0.00016097215185476433
0,0,0.00016107695296637938
0,0,0.0011370370132723219
0,0,0.000699596187691813
0,0,0.0002908743869141889
0,0,0.00015511173153297928
0,0,0.00017579996422109698
0,0,0.00015475961090874622
0,0,0.00036091943450861834
0,0,0.0001783201824723937
0,0,0.00014404741184621732
0,0,0.0001779767406845354
0,0,0.0019151767967600093
0,0,0.0001454913136727976
0,0,0.0001702053259546644
0,0,0.00020138932362491268
0,0,0.00015649511592675326
0,0,0.0003099445415648953
0,0,0.0004322174782727195
0,0,0.00015144686010706623
0,0,0.00014897728004349586
0,0,0.0001759357797821048
0,0,0.00020623703298987964
0,0,0.00014305624239722368
0,0,0.00016015699462258243
0,0,0.0001460568519147282
0,0,0.00018557663292218256
0,0,0.0001470541982018106
0,0,0.00018153163952913174
0,0,0.00015344025334885914
0,0,0.00014702994037211434
0,0,0.00016668655056240947
0,0,0.00017149888914595694
0,0,0.0001438989310991473
0,0,0.00016044801668108028
0,0,0.0002180816310654492
0,0,0.00024269404030713825
0,0,0.00040429170061873044
0,0,0.0001451324846112208
0,0,0.0007129594584756771
0,0,0.00014861828899508995
0,0,0.00016450965652000678
0,0,0.00016734839447981028
0,0,0.0003529364322081954
0,0,0.0001602352985903275
0,0,0.0001975644054366646
0,0,0.0001573768828891679
0,0,0.00016619602180465787
0,0,0.0002771789297407212
0,0,0.00014897728004349586
0,0,0.00014541214767945648
0,0,0.00015413879781471838
0,0,0.00014256099026873124
0,0,0.00015318948493465236
0,0,0.0001637300983522266
0,0,0.00013975888747101177
0,0,0.02040991999862543
0,0,0.00015233495952399429
0,0,0.000390798624285804
0,0,0.00026031709914436094
0,0,0.00014972491149538262
0,0,0.00014687488347798878
0,0,0.00014521122170881723
0,0,0.00017134023516919965
0,0,0.00016869159801801518
0,0,0.00014711660343145065
0,0,0.00014865617215216106
0,0,0.00014608534725822888
0,0,0.0002621930339046672
0,0,0.00024309411822561212
0,0,0.000513224218581643
0,0,0.00018672841284828772
0,0,0.0001530589221685402
0,0,0.00017286935795566622
0,0,0.00014507973498997836
0,0,0.0001455563106791891
0,0,0.0001497386402882888
0,0,0.00015632044843192738
0,0,0.0001628227378148717
0,0,0.00017362253505210794
0,0,0.00014722191638924544
0,0,0.00016804304300799188
0,0,0.00014983798124415827
0,0,0.00014754823298411857
0,0,0.00014886217011977163
0,0,0.00014531828562804869
0,0,0.0001472212255733068
0,0,0.0002564813084710609
0,0,0.00014099872594252705
0,0,0.00024175909025631715
0,0,0.0001598706694941583
0,0,0.00014317137915542292
0,0,0.0001579211525335281
0,0,0.0001858342140490449
0,0,0.00015270913858079723
0,0,0.00016248867735199518
0,0,0.00014866317475865475
0,0,0.000164346398392053
0,0,0.00015827146642303003
0,0,0.00021127193433210451
0,0,0.0001473634108826955
0,0,0.00014955661886267784
0,0,0.0002871072045983818
0,0,0.0001578536718798611
0,0,0.00020100089331239197
0,0,0.00015312827762401304
0,0,0.00014949447394850982
0,0,0.00014744321242363327
0,0,0.0001456871434503212
0,0,0.00014639431865158642
0,0,0.0001861989683705222
0,0,0.00014442378506276693
0,0,0.00025982969762249964
0,0,0.00015734687676010136
0,0,0.00014037366420326474
0,0,0.00015093147869384388
0,0,0.00015346232042103347
0,0,0.00016691406293231671
0,0,0.00015355875005527598
0,0,0.00028375265809932885
0,0,0.00023339087566767182
0,0,0.00017531510374157693
0,0,0.0001436898232746525
0,0,0.00015042401106242997
0,0,0.0002012374993576
0,0,0.0001866515970326579
0,0,0.00014137877845105625
0,0,0.00015911019922269293
0,0,0.00015578734831215563
0,0,0.0002673288478146088
0,0,0.00019026898899916083
0,0,0.00017200978476231762
0,0,0.00014948308434432466
0,0,0.0001447397557853949
0,0,0.0003552307736163792
0,0,0.00017369904379209577
0,0,0.00014942751551410196
0,0,0.00014629465998920152
0,0,0.00013927445598676586
0,0,0.00018563417484689513
0,0,0.00017416322794646264
0,0,0.0001496033102684502
0,0,0.00015568338536494673
0,0,0.00015541857125913892
0,0,0.00015574342285798885
0,0,0.00014707824775004482
0,0,0.00019640851922609167
0,0,0.0001441281234611119
0,0,0.00019087180746119845
0,0,0.00015380755788115645
0,0,0.00016547793965764187
0,0,0.00017271901231535468
0,0,0.00017201179531615917
0,0,0.0001653250765911396
0,0,0.00021122140830795514
0,0,0.00019252279627928503
0,0,0.00022399371659547474
0,0,0.0003620151819121855
0,0,0.00040897747032738623
0,0,0.00015523405627470446
0,0,0.00015510177095487355
0,0,0.0002587149458368902
0,0,0.00016226234246823662
0,0,0.00015343314861577585
0,0,0.00015816341312097838
0,0,0.00016260993697975133
0,0,0.008501022033362655
0,0,0.0001649410812250373
0,0,0.0001503007342103331
0,0,0.00016147550309482357
0,0,0.00015244655360997244
0,0,0.0001531902838770922
0,0,0.00018171473501348164
0,0,0.00018075636594389863
0,0,0.000218060946304047
0,0,0.0001455804777906844
0,0,0.00014775398801532502
0,0,0.0002886759980072731
0,0,0.00015422707071176584
0,0,0.00015969176644319675
0,0,0.00016457202464956368
0,0,0.0001428468921481671
0,0,0.00017541566829190852
0,0,0.00013879278113887583
0,0,0.00032735505876773274
0,0,0.00015045942273730862
0,0,0.00015319118086382782
0,0,0.00040458820935247193
0,0,0.00015187430236269193
0,0,0.00014433015950273415
0,0,0.00015086738798296908
0,0,0.00020245260462945161
0,0,0.00015865549989661253
0,0,0.00015824650256319642
0,0,0.00017740984138699616
0,0,0.00017787535906961546
0,0,0.0003431626465834895
0,0,0.00015135490574632462
0,0,0.00015441907180693582
0,0,0.00016819483097929783
0,0,0.0003169390947090765
0,0,0.00018538236568349978
0,0,0.00036965485773877976
0,0,0.00015735938262046763
0,0,0.00015676505063799776
0,0,0.00026352001107185583
0,0,0.00015922187102775776
0,0,0.00022168517092439343
0,0,0.00015183043414104198
0,0,0.0006079581881099156
0,0,0.00015388749095496276
0,0,0.00016282550025817116
0,0,0.00013805881935076143
0,0,0.000160360651889138
0,0,0.00017186132667276456
0,0,0.0002335140794387725
0,0,0.00017829220042950443
0,0,0.00016061596781220087
0,0,0.00016209836392399985
0,0,0.00015431954412709146
0,0,0.0001515042959325985
0,0,0.00019992416637559132
0,0,0.0001538573764243889
0,0,0.00016005294904625734
0,0,0.00026758245708993
0,0,0.00015750342838971517
0,0,0.00015372200284817668
0,0,0.0001524391226579625
0,0,0.00015686441697200995
0,0,0.00015161816605361602
0,0,0.00015728195530016628
0,0,0.00019025991194282697
0,0,0.0001684394598564806
0,0,0.00048701225648425597
0,0,0.00013879278113887583
0,0,0.00014730104491153097
0,0,0.00015174827690121013
0,0,0.00014673556973476628
0,0,0.0002274419823870374
0,0,0.00018982558515620316
0,0,0.00015345930497765378
0,0,0.00013727743377678364
0,0,0.00016099983850646272
0,0,0.0001555428473056031
0,0,0.0011194199893563522
0,0,0.00014741670165077845
0,0,0.00015018343116684148
0,0,0.00022201204788272798
0,0,0.010562704488221964
0,0,0.0006900220717072644
0,0,0.00045128460102761004
0,0,0.00034043588299817484
0,0,0.0001582305604602816
0,0,0.00021840548531425733
0,0,0.00015211228190242765
0,0,0.00016596949781324128
0,0,0.0016866053470893224
0,0,0.00015498478440544253
0,0,0.0001695736712243004
0,0,0.00014795725902924816
0,0,0.00015611632346652373
0,0,0.00014996955701136126
0,0,0.0001486292919583386
0,0,0.0008910188508523039
0,0,0.0026897253956930075
0,0,0.0002066610582536011
0,0,0.00015487673120324048
0,0,0.0001381230639826946
0,0,0.00014795580659699985
0,0,0.00017035049914653896
0,0,0.0001394867106345955
0,0,0.00014837175058975935
0,0,0.00017649547234796097
0,0,0.0003377102270482851
0,0,0.00014503882464205882
0,0,0.00021665666881493694
0,0,0.00014817873073062694
0,0,0.001521864219901624
0,0,0.00014999193642978547
0,0,0.0001839798684577157
0,0,0.00016009288206679008
0,0,0.00015893361520623645
0,0,0.0001914057421800294
0,0,0.00016626571593370028
0,0,0.00015303627555830215
0,0,0.000196691969859321
0,0,0.0002080619246281378
0,0,0.00017001623998060502
0,0,0.00015648994533712553
1,1,0.7117962247962248
0,0,0.0002775218354204999
0,0,0.0001859525557165373
0,0,0.00015288834697579567
0,0,0.00018787204102489323
0,0,0.00015439055461170795
0,0,0.00025032557309909035
0,0,0.00014882970290550955
0,0,0.0001686971943223556
0,0,0.00018288774159304493
0,0,0.00022879447905862664
0,0,0.00020646213474318295
0,0,0.00014792593135207918
0,0,0.0001503784721697244
0,0,0.00014173268773064144
0,0,0.00015789072475680068
0,0,0.00027891270218964695
0,0,0.00016589726339553263
0,0,0.00014968003951709938
0,0,0.00017225216738688153
0,0,0.00042907024617703035
0,0,0.0001429748513002405
0,0,0.00035457524762981735
0,0,0.0005069940801819711
0,0,0.00017698437402462758
0,0,0.0002656572653805718
0,0,0.00014164144401774376
0,0,0.00015363058887355165
0,0,0.00015479939783314163
0,0,0.00016253316699966442
0,0,0.00045186674703267057
0,0,0.00016218480970659575
0,0,0.00014221312962854176
0,0,0.00016022443010446668
0,0,0.00015062385818455408
0,0,0.0008311340471798261
0,0,0.00017444625221297054
0,0,0.0001539748434291645
0,0,0.0001544694599559269
0,0,0.0001396578999750273
0,0,0.00014074358392220028
0,0,0.0007830976445979173
0,0,0.00014377781923702275
0,0,0.00016584661420505792
0,0,0.0001458991971866461
0,0,0.00016222074762250771
0,0,0.00015334434855198355
0,0,0.0001591374485772969
0,0,0.0003509448770685928
0,0,0.00014789360137368464
0,0,0.0001761908092226664
0,0,0.0006020128089795578
0,0,0.00017497622667906568
0,0,0.00019406075444941686
0,0,0.000321153291746516
0,0,0.0012140679623393307
0,0,0.00014992249911694233
0,0,0.0002416232175713523
0,0,0.00017695539964075407
0,0,0.00018397265651518428
0,0,0.0004233091501385503
0,0,0.0005796247599653879
0,0,0.00019319949003654562
0,0,0.00015935273421993266
0,0,0.00015180915218194734
0,0,0.0001780751346391912
0,0,0.000164833114631123
0,0,0.00014000841777488026
0,0,0.0008691522147172988
0,0,0.00020044856744513153
0,0,0.00016613570149312342
0,0,0.0002409247097107962
0,0,0.000210442164828231
0,0,0.00015572657732927108
0,0,0.0001436625086465855
0,0,0.00031148400475141264
0,0,0.00015560031340211352
0,0,0.00015318057225644955
0,0,0.0001698956654663627
0,0,0.000200945367340069
0,0,0.00016945518801532737
0,0,0.0002298298374359723
0,0,0.00015487998321929043
0,0,0.00018479626685660315
0,0,0.00016320339817112593
0,0,0.0001953791193278828
0,0,0.00015251889031792199
0,0,0.0001450994661442399
0,0,0.00015551857462315225
0,0,0.0001799154530326969
0,0,0.0004568110122193051
0,0,0.00016412569828725855
0,0,0.00015122414917429468
0,0,0.0002497642796201602
0,0,0.00016480852669185052
0,0,0.00017869364750126664
0,0,0.00016652164020372316
0,0,0.00015867979266793983
0,0,0.0003775875183934044
0,0,0.014042817849947958
0,0,0.00018466260086675055
0,0,0.00015851273391376418
0,0,0.00015663207794630306
0,0,0.00014961205115894416
0,0,0.00028129661861669227
0,0,0.00025387711271553575
0,0,0.00015850482568026302
0,0,0.00018587589657872061
0,0,0.00016905271849415316
0,0,0.00015570533214692085
0,0,0.00015132587251808025
0,0,0.00014638824589579587
0,0,0.00014000841777488026
0,0,0.00015750961912972718
0,0,0.00014249674563679809
0,0,0.0001626534400910605
0,0,0.0001474849349669735
0,0,0.00017881036401445877
0,0,0.0001585266287868296
0,0,0.0003620151819121855
0,0,0.00018103786348223853
0,0,0.00015209454722215143
0,0,0.00013888122760631987
0,0,0.0001571132095916446
0,0,0.0004474867049154356
0,0,0.00016923593759406755
0,0,0.00014917144323300428
0,0,0.0001457349636190924
0,0,0.00014183932268227285
0,0,0.005399591095983978
0,0,0.00016901122496830256
0,0,0.0001794955071494873
0,0,0.0001927954027766927
0,0,0.0001570943134176623
0,0,0.00020229645722067652
0,0,0.00016203807013659985
0,0,0.00024269404030713825
0,0,0.00016612281845811323
0,0,0.0001394266932045539
0,0,0.0001475859405839808
0,0,0.00014183932268227285
0,0,0.0001490225203387846
0,0,0.0001421233869966012
0,0,0.00018434837981880662
0,0,0.0001495956332351278
0,0,0.00017219965042725258
0,0,0.0001468760692922713
0,0,0.0002833664569004331
0,0,0.00036774934351836014
0,0,0.00045572408816492465
0,0,0.00015903900379759397
0,0,0.00016360974142521446
0,0,0.00022256126917405726
0,0,0.00016331218399927918
0,0,0.00017254173197476407
0,0,0.00015650685941065857
0,0,0.00016223708991626586
0,0,0.00014947492216424956
0,0,0.004612036675074081
0,0,0.0001498801708539931
0,0,0.00020497265798031112
0,0,0.0001550409857528829
0,0,0.00014173268773064144
0,0,0.0005223736616458752
0,0,0.025639920039914575
0,0,0.0001451324846112208
0,0,0.0003647220173835762
0,0,0.00020029707802495517
0,0,0.0001735700775656953
0,0,0.00015543894776620852
0,0,0.00018450117586412443
0,0,0.00015002478623515585
0,0,0.00013927445598676586
0,0,0.0001649137246264109
0,0,0.0001705591967775288
0,0,0.0001555376292802084
0,0,0.00016074651520346902
0,0,0.0006638080128688684
0,0,0.0001697089380691369
0,0,0.00029687745718219284
0,0,0.00016561439224430238
0,0,0.00015238559675899592
0,0,0.0001435724643411237
0,0,0.00019425399267672158
0,0,0.00035434591637698514
0,0,0.00015484410742878674
0,0,0.00014213219300613985
0,0,0.0003112194081559816
0,0,0.00016761504233238212
0,0,0.00016253501459973375
0,1,0.7332252683374658
0,0,0.00014707006066309864
0,0,0.00013727743377678364
0,0,0.000152311736441931
0,0,0.00016204554798042448
0,0,0.00014289726978561638
0,0,0.0003730290420181348
0,0,0.00017232242235272908
0,0,0.0001381230639826946
0,0,0.00015174827690121013
0,0,0.0001623733937407684
0,0,0.00018705260754682326
0,0,0.00015431649208507822
0,0,0.00015454037048909637
0,0,0.00017019808322710797
0,0,0.00020854570270221814
0,0,0.00014241321553179768
0,0,0.0004506110520260585
0,0,0.00017540870494362588
0,0,0.0001639060512130581
0,0,0.0001508652197930254
0,0,0.000441539206839024
0,0,0.00014231381751514556
0,0,0.00015347920916707907
0,0,0.00018719586715566832
0,0,0.00016155093389858102
0,0,0.0001845310798116145
0,0,0.00033821412317013803
0,0,0.00015164541543351317
0,0,0.00020135081741159936
0,0,0.00015409515306245012
0,0,0.0006780337038993473
0,0,0.0001568171733572473
0,0,0.00014934404627038207
0,0,0.00015234771603407193
0,0,0.00014066677838845453
0,0,0.0005603672898535151
0,0,0.0001530256943667632
0,0,0.00014442378506276693
0,0,0.00016641641352980284
0,0,0.00015469805826646117
0,0,0.00017622497272971706
0,0,0.00014789241688775115
0,0,0.00021261868521217577
0,0,0.00017543569694819495
0,0,0.00014650917738148072
0,0,0.00016123685886668652
0,0,0.0007489076923004752
0,0,0.00014055323862184594
0,0,0.00014229920749758986
0,0,0.00014507973498997836
0,0,0.00014822925065959334
0,0,0.00014243814300623464
0,0,0.00014781366101496407
0,0,0.00017554294516280113
0,0,0.0002524284708812676
0,0,0.0013226472448064723
0,0,0.0001598995260654322
0,0,0.00017744086507026182
0,0,0.00014343653346193572
0,0,0.0002028489006784747
0,0,0.00018929183319524656
0,0,0.0002788820016912637
0,0,0.0002005512228664525
0,0,0.00014074358392220028
0,0,0.0007043986276142084
0,0,0.00017679243153064113
0,0,0.00019456954194202979
0,0,0.00019868624835826345
0,0,0.0001885901903822716
0,0,0.00018727446819627152
0,0,0.00014961205115894416
0,0,0.0001462563391122971
0,0,0.00019729769359016588
0,0,0.0001451324846112208
0,0,0.00014931816997040657
0,0,0.0001530986867446073
0,0,0.000516111142427201
0,0,0.00030975845722545773
0,0,0.00017222204889374594
0,0,0.00014730119099010984
0,0,0.0028566773378463656
0,0,0.0001642678682381664
0,0,0.00016108301724527543
0,0,0.00015425007874867857
0,0,0.00016835820669194743
0,0,0.00017027002085690768
0,0,0.0001460568519147282
0,0,0.00019306376983822013
0,0,0.00016353763844501891
0,0,0.00014074358392220028
0,0,0.00015156056539634952
0,0,0.00016640753755773808
0,0,0.00018699694953225082
0,0,0.00015499656374156685
0,0,0.0001632215119097959
0,0,0.00017940700393915654
0,0,0.00015025141055653217
0,0,0.00015570785811863202
0,0,0.00018643834712954316
0,0,0.00016849261371200622
0,0,0.0002219689951811214
0,0,0.00015178145707604412
0,0,0.0001494076838141931
0,0,0.00020581796457851202
0,0,0.00020907653141302978
0,0,0.00023612582752859156
0,0,0.000162336649853505
0,0,0.0002863856510474494
0,0,0.0001723976226380168
0,0,0.00031620414449851
0,0,0.00017436126170549825
0,0,0.00021052410938034722
0,0,0.00015833063452082841
0,0,0.00014865783974407022
0,0,0.00015222086658855344
0,0,0.00017612358777618396
0,0,0.00014817486527440372
0,0,0.00014877966728480657
0,0,0.00014841327960937902
0,0,0.0001520552106330661
0,0,0.00014804570549669215
0,0,0.00014203467239818976
0,0,0.00018241739972577772
0,0,0.00017397163382981478
0,0,0.0001565976759627735
0,0,0.0005414058813147158
0,0,0.00018998879129526928
0,0,0.00018652787587718076
0,0,0.0002084631284983092
0,0,0.00016694927931936612
0,0,0.0002854273072377937
0,0,0.00014712682374207073
0,0,0.0001577048298894217
0,0,0.0001407665813985055
0,0,0.00014756892078773715
0,0,0.00015117226454226058
0,0,0.00014319630662985988
0,0,0.0002354173124204725
0,0,0.00015635323822345198
0,0,0.0001484918111086853
0,0,0.0001565400117753969
0,0,0.00015315615163464592
0,0,0.0001533203548945872
0,0,0.00032812206457824133
0,0,0.00015167854833169115
0,0,0.00017116463198902602
0,0,0.00016562763084294665
0,0,0.00017564220911066248
0,0,0.0001663378026277574
0,0,0.0001473819217254836
0,0,0.00016042604887024555
0,0,0.0001438549900600767
0,0,0.00015427306799476235
0,0,0.0009207433342940058
0,0,0.00014996511742960554
0,0,0.00014674280664225066
0,0,0.00016686978232956836
0,0,0.0006946200337092661
0,0,0.00018193563595497812
0,0,0.00021713192108295217
0,0,0.00028383611805408407
0,0,0.0002154470017990661
0,0,0.00014351031628363165
0,0,0.00017909495952461683
0,0,0.00018319868855690402
0,0,0.00027233914796619314
0,0,0.00014226498235636495
0,0,0.00016230367603930888
0,0,0.0030112934862558394
0,0,0.00023205697616194773
0,0,0.00015012179438724367
0,0,0.00015789072475680068
0,0,0.00015596381509791677
0,0,0.0002308202570342657
0,0,0.00019358490559406112
0,0,0.00014825334941426512
0,0,0.00015626433087400317
0,0,0.00014424046414469857
0,0,0.00042206725541541227
0,0,0.00016603257417728632
0,0,0.00021126558932944452
0,0,0.00014297426758984568
0,0,0.00022978252428819428
0,0,0.00013690742734669018
0,0,0.00016572280782512484
0,0,0.00015214798061246844
0,0,0.0008547730708119135
0,0,0.0007299461131644987
0,0,0.00015552741852034095
0,0,0.0001440891732394825
0,0,0.00016206782825248272
0,0,0.0001489504860516659
0,0,0.00016477882165341832
0,0,0.00015073290776876401
0,0,0.00016141443109742484
0,0,0.00017771740931067398
0,0,0.00016858924297730022
0,0,0.0001454308316261517
0,0,0.00016456681179642898
0,0,0.00023098019900105117
0,0,0.0001532120530478959
0,0,0.00047632500773724947
0,0,0.0005331985298290044
0,0,0.00027440828170540625
0,0,0.000528630292994407
0,0,0.00014978313301821687
0,0,0.00015922857820735933
0,0,0.00018661986613250134
0,0,0.00018252325100467587
0,0,0.0001498326045218758
0,0,0.0001660039198616408
0,0,0.00015446209433059207
0,0,0.0004147001601424427
0,0,0.0001439168479752164
0,0,0.00017859248786965146
0,0,0.0002787796568808581
0,0,0.0002003216651028154
0,0,0.0001417416965324757
0,0,0.0008801197232904739
0,0,0.00014328505259340705
0,0,0.0001642023746463343
0,0,0.0002926085246533719
0,0,0.0001565997179512398
0,0,0.0001524659737553503
0,0,0.0001525062977503959
0,0,0.00038393939699509345
0,0,0.0001628751616936222
0,0,0.0001560696398116967
0,0,0.00016611292636140867
0,0,0.00014222440865696722
0,0,0.0001734918781658507
0,0,0.00015005503131705508
0,0,0.0001513571593686527
0,0,0.0001632644354071823
0,0,0.00015965450544863248
0,0,0.00024193238887658183
0,0,0.0001785324888928289
0,0,0.0060347147543266515
0,0,0.00015750784159254376
0,0,0.00016041913153933237
0,0,0.0002274129958013976
0,0,0.00014538171228544716
0,0,0.0001568035546710281
0,0,0.00014231948915714666
0,0,0.00015828552421660118
0,0,0.00024768728952219795
0,0,0.00035211949363569294
0,0,0.0001590159642037309
0,0,0.0004422813809465408
0,0,0.00015238167626153033
0,0,0.0006242979036279995
0,0,0.00014250718794859638
0,0,0.00015380217263254083
0,0,0.0001675175706651187
0,0,0.00017985112942874403
0,0,0.00016250055242053197
0,0,0.00015055996736391158
0,0,0.00016275183034051977
0,0,0.0001485580565801462
0,0,0.00072366110609129
0,0,0.00015078833620768987
0,0,0.00014478372759367533
0,0,0.00015145667360210886
1,1,0.9578246341899094
0,0,0.0001396578999750273
0,0,0.00016063580609661606
0,0,0.00015903217861600375
0,0,0.00016908943920576738
0,0,0.00022625838694934902
0,0,0.00015307191912613283
0,0,0.0003008143246751216
0,0,0.0002898389525016535
0,0,0.00015563631384236243
0,0,0.00023014452195990197
0,0,0.00016576216893970062
0,0,0.0001414549660049165
0,0,0.00015577760893417488
0,0,0.00018565888194449666
0,0,0.00015046895785554562
0,0,0.00015186103257492126
0,0,0.00022900510285109147
0,0,0.00015340989543330888
0,0,0.00017369650243811093
0,0,0.00016071710552919722
0,0,0.00014547987328465605
0,0,0.0001487848476451867
0,0,0.00032991313831215793
0,0,0.0001460568519147282
0,0,0.0002235391602103307
0,0,0.00036812785362320716
0,0,0.00016977931524233243
0,0,0.00019525295254285306
0,0,0.0001545909879414316
0,0,0.00015658247369860424
0,0,0.00015566467729454672
0,0,0.00015135551338052057
0,0,0.00014913520698605587
0,0,0.00017754019422875264
0,0,0.0001871560105858127
0,0,0.0001506717351012673
0,0,0.00021856380047271913
0,0,0.0001654282226314588
0,0,0.00014880203754875787
0,0,0.00015434474918301703
0,0,0.00035118651504010277
0,0,0.00017485964412473898
0,0,0.00015745893982735743
0,0,0.0001513776075189141
0,0,0.000150750218848224
0,0,0.00015346232042103347
0,0,0.00014319630662985988
0,0,0.0004681130951919934
0,0,0.00013805881935076143
0,0,0.0002954996751025821
0,0,0.00017608826687945164
0,0,0.00015174827690121013
0,0,0.00013727743377678364
0,0,0.00015468920507800634
0,0,0.0001489215696429172
0,0,0.0001430436260345103
0,0,0.0001459253651958893
0,0,0.00014226498235636495
0,0,0.0001503072933998723
0,0,0.00019730401854624205
0,0,0.00014003261961039113
0,0,0.00017013648560620055
0,0,0.0001402405623189018
0,0,0.0001396578999750273
0,0,0.00014000032571901067
0,0,0.00018596817029826643
0,0,0.00014483928446866034
0,0,0.0001611473680536983
0,0,0.00029115865190487434
0,0,0.0001982709930070754
0,0,0.00017147663600234218
0,0,0.00014511840200239878
0,0,0.00021734873216974643
0,0,0.00014222440865696722
0,0,0.00015447634556776718
0,0,0.0001452573852698408
0,0,0.00015078866912791966
0,0,0.00015803170593462238
0,0,0.00017907163752941098
0,0,0.00019059385437871458
0,0,0.00015708165711858412
0,0,0.00047856223459869987
0,0,0.00014203741377800922
0,0,0.0001684918774828976
0,0,0.00015815386725089346
0,0,0.0001668204317523618
0,0,0.00038976775994509086
0,0,0.0002038936730570424
0,0,0.00019452011063944143
0,0,0.0001595634311003888
0,0,0.00034558287402633095
0,0,0.0001920466134586201
0,0,0.0005188600450295895
0,0,0.0001485633816027317
0,0,0.0001562787559608647
0,0,0.0001468760692922713
0,0,0.00014271234453732952
0,0,0.0005529579575738158
0,0,0.0001460824217752337
0,0,0.0001485806155782962
0,0,0.000150794729629546
0,0,0.00020376501630734958
0,0,0.00014521122170881723
0,0,0.00053134304717704
0,0,0.04074436102255867
0,0,0.00015322775930545852
0,0,0.00017698581070052182
0,0,0.00016822870580077303
0,0,0.00015573560543227224
0,0,0.00016220781482218614
0,0,0.0006185028152381764
0,0,0.0001627336926906657
0,0,0.0002576182460384519
0,0,0.00014257777207960103
0,0,0.00015656785708190494
0,0,0.0001520065782535234
0,0,0.00014817623223718738
0,0,0.00013778479892447192
0,0,0.00018445338876580718
0,0,0.00019086089909365833
0,0,0.00022808711569298612
0,0,0.00016665384314208686
0,0,0.0002365743276644201
0,0,0.00014206584933150083
0,0,0.0003139976889955665
0,0,0.0001625140210710844
0,0,0.000393702790994759
0,0,0.00014325490926042335
0,0,0.00029024983199964997
0,0,0.000149746096920978
0,0,0.0002240019972764746
0,0,0.00013778479892447192
0,0,0.00016295022770091032
0,0,0.00015380255777323198
0,0,0.00017584468681241933
0,0,0.00017029056262877302
0,0,0.0001595058362896539
0,0,0.00015340892544345844
0,0,0.00019681687733884556
0,0,0.00017464020124147582
0,0,0.00047885956561792136
0,0,0.00015146160209158978
0,0,0.00015144972760479044
0,0,0.00016571462760108186
0,0,0.0001473073826313839
0,0,0.0008530349979908018
0,0,0.00018932964844626328
0,0,0.00014134535363272683
0,0,0.00016855219353256482
0,0,0.000155477222294141
0,0,0.0001854133702327803
0,0,0.00015680661861511316
0,0,0.00015160613565023945
0,0,0.00016715073013832482
0,0,0.00029938396806881415
0,0,0.00020520208146390325
0,0,0.00015527523905977886
0,0,0.00019027013850150568
0,0,0.0001510734039112801
0,0,0.00015903900379759397
0,0,0.0001468331419785714
0,0,0.00018549114659336058
0,0,0.0001488033792872737
0,0,0.00014449846377794585
0,0,0.00014507973498997836
0,0,0.0008031087153586148
0,0,0.00016939708992055194
0,0,0.0001548860601853284
0,0,0.0003092626602238395
0,0,0.0004627490150698705
0,0,0.0001531045287670424
0,0,0.00014074358392220028
0,0,0.00018043701839838317
0,0,0.00018670190938204886
0,0,0.00020306487216681065
0,0,0.00014685602117161243
0,0,0.00015100135418556526
0,0,0.0001589533804396881
0,0,0.00016464658865950432
0,0,0.00015748542409440005
0,0,0.0001501904765316203
0,0,0.00015023339829868017
0,0,0.0001606881067592749
0,0,0.0002990129363921243
0,0,0.0005743184972529326
0,0,0.00016929536123816468
0,0,0.00015416900086364908
0,0,0.00014414369561191516
0,0,0.00018222648623162052
0,0,0.00016145781262419832
0,0,0.0001425671990371074
0,0,0.00020949745199307974
0,0,0.00015915555353583074
0,0,0.0002212676387403569
0,0,0.000568417702170678
0,0,0.0001683606348195063
0,0,0.0002962743167372487
0,0,0.00016964401547150439
0,0,0.003369262209316366
0,0,0.00014973729366504784
0,0,0.00016896978854285944
0,0,0.0001560696398116967
0,0,0.0006627839184322417
0,0,0.00015725487010154537
0,0,0.0003718322723249414
0,0,0.00018114620371696507
0,0,0.00017493490651413377
0,0,0.00016445380220330292
0,0,0.00015006831853580564
0,0,0.0001696027433627408
0,0,0.00022165603079370928
0,0,0.00019355313563208196
0,0,0.0005543397728879518
0,0,0.0002081649950858813
0,0,0.0008294436826266075
0,0,0.00014319630662985988
0,0,0.0001520065782535234
0,0,0.00015042427496676734
0,0,0.00016485874941334915
0,0,0.000142199754697384
0,0,0.00014598641971290917
0,0,0.00015072818845555656
0,0,0.00015131592967565066
0,0,0.00015779835662197458
0,0,0.00016424221837063529
0,0,0.00016568843044092101
0,0,0.00020453932898644039
0,0,0.00015500836925991186
0,0,0.00017492860978287337
0,0,0.00016382422480945954
0,0,0.0001792134305735144
0,0,0.00016530761049977452
0,0,0.00016963002072036635
0,0,0.0001580726948791115
0,0,0.0002865408775719852
0,0,0.00015416479166622976
0,0,0.0001544676048509452
0,0,0.00015135139993056288
0,0,0.00020863939597956903
0,0,0.0001592677388780472
0,0,0.00034464685535790803
0,0,0.00013876955918852327
0,0,0.00017872539970141288
0,0,0.00014698641138331654
0,0,0.00020212909340630285
0,0,0.0022044097943870484
0,0,0.0001642816983623152
0,0,0.00014521112278810237
0,0,0.00014380178965813553
0,0,0.00015302545993866904
0,0,0.0001578742505120326
0,0,0.0001449402783413436
0,0,0.0002138565995138631
0,0,0.00015495394977730327
0,0,0.00014552188929717978
0,0,0.0005709395519974574
0,0,0.00020752832710753234
0,0,0.00014862176019699884
0,0,0.00021287254145709223
0,0,0.0001407665813985055
0,0,0.00015096180608327792
0,0,0.00015622966579394404
0,0,0.00015425007874867857
0,0,0.0001545385717488389
0,0,0.0001691047476666763
0,0,0.00015035542399353713
0,0,0.00032085987501244645
0,0,0.003178916407218557
0,0,0.00015124759289123155
0,0,0.00021660893313332337
0,0,0.0001695936175783685
0,0,0.0001777730394778338
0,0,0.00014673133081418943
0,0,0.00015487909008438287
0,0,0.00014243814300623464
0,0,0.00016179996468547307
0,0,0.00015464878525178023
0,0,0.00018716301436911797
0,0,0.0009752069268126855
0,0,0.0001593805802189649
0,0,0.0002671642901504649
0,0,0.00014825334941426512
0,0,0.44295413877766815
0,0,0.00014941728200303626
0,0,0.00018221746137596215
0,0,0.0001459344470677936
0,0,0.004619244501847073
0,0,0.00014045749994045207
0,0,0.00017380911424186735
0,0,0.00020326565620678498
0,0,0.0006380680194932835
0,0,0.0001708791080145436
0,0,0.00019386853406396895
0,0,0.00016329376321011935
0,0,0.0001585815307852148
0,0,0.0001900759140560913
0,0,0.00014945201272470237
0,0,0.00021585292610902613
0,0,0.00015545156429918347
0,0,0.00017048094193180646
0,0,0.00016973766002600723
0,0,0.00017364792978425577
0,0,0.0001632565536823015
0,0,0.00015162012215690695
0,0,0.0012733764639650325
0,0,0.00016331683975826612
0,0,0.00016736986721189851
0,0,0.0007139941974664679
0,0,0.00032385191481763847
0,0,0.00022310552674083031
0,0,0.0001485580565801462
0,0,0.00015796831250563528
0,0,0.0001688126131529337
0,0,0.0002613673947808463
0,0,0.0001478457374679809
0,0,0.0001482827070175326
0,0,0.00016296307199835437
0,0,0.00017070975065328883
0,0,0.00017886574820322716
0,0,0.00040984725073398167
0,0,0.00015452477170407053
0,0,0.0005839968708777095
0,0,0.00028305226283393203
0,0,0.00043088055458264377
0,0,0.0001398799390150415
0,0,0.00019141451659929068
0,0,0.00016524444723904925
0,0,0.00013975888747101177
0,0,0.0001526656214325426
0,0,0.00014522328397089136
0,0,0.00015726143516687772
0,0,0.00038099339673963115
0,0,0.00016522066646843124
0,0,0.00015267436685906745
0,0,0.0001632565536823015
0,0,0.00014772549574881505
0,0,0.00014675149335455085
0,0,0.0002267281656278119
0,0,0.00017250587797368363
0,0,0.00016288709758321938
0,0,0.000146965088782164
0,0,0.0001474025030752128
0,0,0.0004902933833350716
0,0,0.00019586274263625378
0,0,0.00014303337016099437
0,0,0.00018787041464631452
0,0,0.00015191108722940853
0,0,0.0001486292919583386
0,0,0.00041463806208274346
0,0,0.00019767529620278964
0,0,0.00017144370615041328
0,0,0.00014319630662985988
0,0,0.00016170114633378752
0,0,0.00016284098201522132
0,0,0.0001564584231494922
0,0,0.00014815181831570481
0,0,0.00015932918123439462
0,0,0.0001495893284126597
0,0,0.00014534045240749156
0,0,0.00017228536515096087
0,0,0.0002535350231971999
0,0,0.0001641105653693004
0,0,0.000429110151440115
0,0,0.00015992678518385423
0,0,0.00019261576083101734
0,0,0.0001523959127423394
0,0,0.0003832299531117246
0,0,0.00015039882281131495
0,0,0.0001603981016200299
0,0,0.00015449993022152982
0,0,0.00014945072032873871
0,0,0.00017835226844449144
0,0,0.00015519587631762747
0,0,0.0001505370418935136
0,0,0.0002715719617820099
0,0,0.00016901236506817877
0,0,0.00015191111906975386
0,0,0.00014710262190655986
0,0,0.0004339672378493399
0,0,0.0005822222179311265
0,0,0.00013872854701097026
0,0,0.00020717048403603598
0,0,0.00014333764899152163
0,0,0.0003690261536932331
0,0,0.0004393680566949784
0,0,0.0001795617843822298
0,0,0.00043766428389377436
0,0,0.0001450994661442399
0,0,0.00019956249769408936
0,0,0.0001620205512216532
0,0,0.00019070911051646683
0,0,0.0001497019138863713
0,0,0.0009205707888611484
0,0,0.00017558992510096098
0,0,0.00019087602019258494
0,0,0.00014526491703118052
0,0,0.00016494592139070714
0,0,0.00030832659521528384
0,0,0.00013927445598676586
0,0,0.00023863353583402825
0,0,0.00016440389757544204
0,0,0.00018200208891878248
0,0,0.00014450675340755526
0,0,0.00017285770789767267
0,0,0.00028741457327279766
0,0,0.00016052919873301599
0,0,0.00018723997497658407
0,0,0.00014898615756106897
0,0,0.00047439020284598067
0,0,0.00015383185776252835
0,0,0.0001588197710352408
0,0,0.00027684440285589214
0,0,0.0001529321027452832
0,0,0.0005342474633189075
0,0,0.00016414104821813998
0,0,0.00019952590589971628
0,0,0.0001954078635065122
0,0,0.0005654254331956086
0,0,0.0002680945350262313
0,0,0.0001685055455777539
0,0,0.00017045010888646167
0,0,0.00014589311089056528
0,0,0.00016452411457202752
0,0,0.000162576032942222
0,0,0.00026341449083190285
0,0,0.00021332985891351649
0,0,0.00017247941191400173
0,0,0.00026710082460062
0,0,0.0005385266565785088
0,0,0.0001487049207726221
0,0,0.00032358615920001553
0,0,0.00014335393560068092
0,0,0.00017578993086840323
0,0,0.0001665232864861138
0,0,0.00014892565928768283
0,0,0.0012760735743869154
0,0,0.0008715603114831385
0,0,0.007915021833148968
0,0,0.00015748122336300185
0,0,0.00016405096529161712
0,0,0.00018456583549350907
0,0,0.0001519928734226776
0,0,0.0001456659107100711
0,0,0.0001526414392145485
0,0,0.00014824661374788784
0,0,0.0002724571580875799
0,0,0.00016663315704147503
0,0,0.00019803832611942917
0,0,0.00015496775546028818
0,0,0.00017725232333015147
0,0,0.00015216264137425404
0,0,0.00017015637140301436
0,0,0.00015050100757988
0,0,0.00014582864765902003
0,0,0.0002038126925484353
0,0,0.00014533115855861004
0,0,0.0001505098831746096
0,0,0.00015001993747911993
0,0,0.00015233692310867098
0,0,0.00015852507689823994
0,0,0.00016390097129673973
0,0,0.00016749262778776978
0,0,0.0001396578999750273
0,0,0.0001540666272350976
0,0,0.00013805881935076143
0,0,0.0004212586065219362
0,0,0.0001593901955711488
0,0,0.00016321037257196642
0,0,0.0004978565389825332
0,0,0.00013885702577080898
0,0,0.00015432682732718092
0,0,0.00014749923610827726
0,0,0.00033078754912453775
0,0,0.00015233714883524613
0,0,0.00016132203877650256
0,0,0.00013727743377678364
0,0,0.00015796663726606695
0,0,0.00019059794842275028
0,0,0.00019607379796672496
0,0,0.0001381230639826946
0,0,0.00018749453870971398
0,0,0.00020534248057626795
0,0,0.00017241169851630122
0,0,0.00015298237905023233
0,0,0.00016443332426099202
0,0,0.00015304968077472022
0,0,0.0003661767738953449
0,0,0.0001458073216108597
0,0,0.00018713362889501189
0,0,0.00016176148817754246
0,0,0.00014618849788330986
0,0,0.0001508883016376711
0,0,0.0001803263276866426
0,0,0.0001468760692922713
0,0,0.00020054684035976378
0,0,0.00014850927485937822
0,0,0.00015368744374522804
0,0,0.0004138104728099511
0,0,0.00015176093763713137
0,0,0.00013574130753906262
0,0,0.0001501656191642718
0,0,0.0001533318519961129
0,0,0.00014319630662985988
0,0,0.0001396578999750273
0,0,0.00018914145355362273
0,0,0.0002038499775385778
0,0,0.0001679520100398427
0,0,0.00015901511200927518
0,0,0.00014795725902924816
0,0,0.00015247589249096558
0,0,0.0001549681623738007
0,0,0.0006103352147750317
0,0,0.0001388169829743867
0,0,0.00013727743377678364
0,0,0.00016072726629109708
0,0,0.0002398497165915632
0,0,0.00014873756195137969
0,0,0.00015315670565166934
0,0,0.0001935355683509548
0,0,0.00015039978751909283
0,0,0.00016366441447905218
0,0,0.00017810044295612533
0,0,0.0001451324846112208
0,0,0.00017605552328213425
0,0,0.00014358836378132364
0,0,0.00020181307408917857
0,0,0.00015938007159056308
0,0,0.00028900906905654706
0,0,0.00015777754885643047
0,0,0.00014173268773064144
0,0,0.00020164769942810924
0,0,0.0001400612953601789
0,0,0.00017254034239872908
0,0,0.00014000841777488026
0,0,0.00016144287107442662
0,0,0.0001535062574587573
0,0,0.0002022774334476275
0,0,0.00016949279536363884
0,0,0.00016204473176714126
0,0,0.00014795725902924816
0,0,0.00017110191127509512
0,0,0.00014577670031011472
0,0,0.00023722674242799747
0,0,0.000401749880985833
0,0,0.00016294842496969084
0,0,0.00015673558882424167
0,0,0.0001394266932045539
0,0,0.00014074358392220028
0,0,0.0002024703590264401
0,0,0.00017700792828564306
0,0,0.0004252108531298159
0,0,0.00016567037916511646
0,0,0.00014741973395065473
0,0,0.00014858930360194363
0,0,0.000199967084664982
0,0,0.00015809715242461926
0,0,0.0004928569536214612
0,0,0.0003305842625132202
0,0,0.00014262030419744576
0,0,0.0001633440401929775
0,0,0.0001626475250129063
0,0,0.00015589996051036233
0,0,0.00014003261961039113
0,0,0.00015191108722940853
0,0,0.00029404977764222617
0,0,0.00019027631959223703
0,0,0.00020035033568305762
0,0,0.00019945435427128254
0,0,0.00018824182922116525
0,0,0.0001481006688189155
0,0,0.0003876272608586935
0,0,0.00034021773362364455
0,0,0.00015187551834726313
0,0,0.00015119446733172177
0,0,0.0001708170494207035
0,0,0.00015704766063418614
0,0,0.00015060755034135826
0,0,0.0001460168549104057
0,0,0.00017590445281012235
0,0,0.00022779863117594108
0,0,0.00015453578820587703
0,0,0.00016942542990799368
0,0,0.000147242615559717
0,0,0.0012216551745565759
0,0,0.00023805972218969028
0,0,0.0001579035813040812
0,0,0.00015101077928780581
0,0,0.00015342289047609283
0,0,0.0003946998248974043
0,0,0.0008602322306009817
0,0,0.0001432495325597875
0,0,0.00023524499218896032
0,0,0.00015346514750657887
0,0,0.00020427800591128788
0,0,0.0005797225140841828
0,0,0.00019612575869207928
0,0,0.0004014383014194096
0,0,0.00018119721140153513
0,0,0.00017230843755963705
0,0,0.0017454162111099666
0,0,0.00017695825273265586
0,0,0.00016339354344314163
0,0,0.00020452809849071178
0,0,0.00014966377874231168
0,0,0.00015499462425021355
0,0,0.0001548421968585612
0,0,0.00023242398036924433
0,0,0.0004795821244222876
0,0,0.0001381230639826946
0,0,0.00016598822864851098
0,0,0.00014820559020588186
0,0,0.00016294842496969084
0,0,0.00020491816654277873
0,0,0.00032316996990839665
0,0,0.00014218526972301467
0,0,0.00017360526896235815
0,0,0.00017037311003033673
0,0,0.00026179009539185004
0,0,0.00013727743377678364
0,0,0.00014819044067008284
0,0,0.00014650070249965386
0,0,0.0001539851172313048
0,0,0.00016677697177208125
0,0,0.0002620227982865143
0,0,0.0001474388132087815
0,0,0.00033242185849903516
0,0,0.0001651439268373527
0,0,0.00014955875172544523
0,0,0.0001646592795141057
0,0,0.00021278687647219362
0,0,0.0001491598262906728
0,0,0.00015747566974800485
0,0,0.00038754724848328865
0,0,0.00015117558428644104
0,0,0.0001571395561401305
0,0,0.0001666972240021182
0,0,0.00015410389522513656
0,0,0.00014697628040313986
0,0,0.0004512916951266214
0,0,0.00016816495739352928
0,0,0.003927275882208044
0,0,0.00015281436124366663
0,0,0.000294060960818452
0,0,0.00018136304908371407
0,0,0.00018828830011663995
0,0,0.0002746756127810808
0,0,0.00015364482851540925
0,0,0.00020382283294288083
0,0,0.00033957515250572257
0,0,0.00014777325075672956
0,0,0.00015708840626960425
0,0,0.00044342675781524916
0,0,0.0001638521981439651
0,0,0.00019246508197030883
0,0,0.0001895170765937494
0,0,0.00014861844716743778
0,0,0.00015010143242599424
0,0,0.00017095375530081901
0,0,0.00016415836278525322
0,0,0.0001573282565126784
0,0,0.00016670578841435676
0,0,0.00036451359077797034
0,0,0.0001508650454996503
0,0,0.00014803797914625087
0,0,0.0007793556883457999
0,0,0.00041052500202247254
0,0,0.00015546072012139712
0,0,0.0010015884547243524
0,0,0.00020232779572522543
0,0,0.00019106752297801062
0,0,0.00014137877845105625
0,0,0.00016226234246823662
0,0,0.0001525412225207417
0,0,0.0002377779051165895
0,0,0.00013805881935076143
0,0,0.0001509006756924653
0,0,0.007060449228082242
0,0,0.0001566165102067038
0,0,0.0001640738391889787
0,0,0.00017380467747092634
0,0,0.00015591036228736733
0,0,0.00015439935039090682
0,0,0.00014775192815557703
0,0,0.00015694627265556876
0,0,0.0001471646946105703
0,0,0.0002917304180673876
0,0,0.0005546278108967573
0,0,0.0010780155914970296
0,0,0.000166202118277392
0,0,0.00014064070520413164
0,0,0.00014687488347798878
0,0,0.00015353266185828647
0,0,0.00015627471040057328
0,0,0.00036656454668697027
0,0,0.00015218345695532123
0,0,0.0001549606996076917
0,0,0.00017084273711113693
0,0,0.00015868599545277247
0,0,0.0001626500690916867
0,0,0.00020448649963072517
0,0,0.00013872854701097026
0,0,0.0001479962441443498
0,0,0.00015574551755101286
0,0,0.00038840174056112113
0,0,0.00015972228780455596
0,0,0.00014719861827808714
0,0,0.0001476703696941466
0,0,0.0001396578999750273
0,0,0.00017462712648651037
0,0,0.0001846689574988228
0,0,0.00014450675340755526
0,0,0.010744215781132932
0,0,0.000153377913312234
0,0,0.0001540277167226513
0,0,0.00018264247981330687
0,0,0.00027755096819269995
0,0,0.0002860777853322734
0,0,0.00029534325699225245
0,0,0.00017855579472173227
0,0,0.00016842630641536972
0,0,0.0001719227458259421
0,0,0.0005292688068362688
0,0,0.00014796756839456204
0,0,0.00021987588510184985
0,0,0.00020798913224396646
0,0,0.00015259342110909217
0,0,0.00016124099947224465
0,0,0.00020068808662032677
0,0,0.00017289283740921064
0,0,0.00019019236470290495
0,0,0.00023785188775356797
0,0,0.00014400764733488693
0,0,0.0001530986867446073
0,0,0.0002170816106743109
0,0,0.00016355030931966094
0,0,0.00018163250985060006
0,0,0.0001503784721697244
0,0,0.00015633345974982635
0,0,0.00019058101283692716
0,0,0.00015568338536494673
0,0,0.0001797277786725127
0,0,0.00016505395376728202
0,0,0.00015199523720439
0,0,0.00015716909326379827
0,0,0.0004474559107669615
0,0,0.00016692291077433866
0,0,0.00013961518939443422
0,0,0.00017371906113709907
0,0,0.00020004319015862573
0,0,0.00016199162566071687
0,0,0.0001515375989898927
0,0,0.0002087010195259498
0,0,0.0001517953478183023
0,0,0.00017734740288058052
0,0,0.00023787302455509544
0,0,0.00017891070032767344
0,0,0.00014641364644549438
0,0,0.0003670299070542099
0,0,0.00015705446858908372
0,0,0.00018383044295491535
0,0,0.00018194703347929487
0,0,0.00017937339507690053
0,0,0.00016724676411616703
0,0,0.0007643419354555121
0,0,0.0002834812291939022
0,0,0.00014795580659699985
0,0,0.0003992942227262687
0,0,0.0001603373753895722
0,0,0.00016766347280811004
0,0,0.00020292715320468764
0,0,0.00015063942467153656
0,0,0.0001934562658250991
0,0,0.00020941436754361192
0,0,0.000758337904275621
0,0,0.00017682182484881248
0,0,0.00014297426758984568
0,0,0.00015918737246634073
0,0,0.00019197036414149787
0,0,0.0001396578999750273
0,0,0.00014404232379731488
0,0,0.00016898334956512274
0,0,0.00014668475236407776
0,0,0.00015938445054433973
0,0,0.0001628120935986283
0,0,0.00015015628822166008
0,0,0.00014686981350052372
0,0,0.0001646117204341658
0,0,0.00015242178032462398
0,0,0.0002691465866151152
0,0,0.0003161979226194223
0,0,0.00016841791206802245
0,0,0.0001644982568309653
0,0,0.00017170879804412134
0,0,0.00016124034454373688
0,0,0.00041476173243813064
0,0,0.00026988842255898523
0,0,0.0004853679147102951
0,0,0.00017577027102497894
0,0,0.0001621848036502831
0,0,0.00014510283332567914
0,0,0.00014134535363272683
0,0,0.012622595544370806
0,0,0.00014444508741521568
0,0,0.00034841334204919973
0,0,0.000861028695226731
0,0,0.00016710428257199622
0,0,0.0001458931640924068
0,0,0.00015380217263254083
0,0,0.0001770539888076901
0,0,0.00015901678487881667
0,0,0.0001560310394493965
0,0,0.000170116998819013
0,0,0.0005332358037816299
0,0,0.0001631186742618913
0,0,0.00013879278113887583
0,0,0.0001669093880844508
0,0,0.00014419501803858154
0,0,0.0004617563332161083
0,0,0.00016537307780105208
0,0,0.00014480252127243854
0,0,0.0001746794867405468
0,0,0.0001641006943029644
0,0,0.0001446906229642926
0,0,0.00033418585314094767
0,0,0.00014487015278289074
0,0,0.00023142510001300482
0,0,0.00014546036078061717
0,0,0.00017261248500050882
0,0,0.0001678068283809618
0,0,0.00019922947398064573
0,0,0.00015458713701355429
0,0,0.000148310034809266
0,0,0.00019921940323266353
0,0,0.007369860739683299
0,0,0.00016137973525626583
0,0,0.00015429091839862672
0,0,0.0001806050286496762
0,0,0.00014351297699489616
0,0,0.0001534718681629621
0,0,0.00015458852283331027
0,0,0.0001574306135118903
0,0,0.00028759838440958166
0,0,0.0001438304654079233
0,0,0.0003488484738523875
0,0,0.0001698872125808662
0,0,0.00041585438119824984
0,0,0.0001675135298699786
0,0,0.00015228175661170456
0,0,0.00014902454762267173
0,0,0.00018288981849997173
0,0,0.00017015155547426232
0,0,0.0001439918600708733
0,0,0.0002359938561365125
0,0,0.000691585370678918
0,0,0.00015124759289123155
0,0,0.0005094977444076966
0,0,0.00015257741570916142
0,0,0.00015150026610255405
0,0,0.0001676530175865084
0,0,0.0006513430462220698
0,0,0.0001514490349346846
0,0,0.00014573262103531728
0,0,0.00014904337467335573
0,0,0.00013805881935076143
0,0,0.00040670952040295895
0,0,0.0004281913799752668
0,0,0.00015489654599153368
0,0,0.00015415332359429443
0,0,0.00014119211705469173
0,0,0.000153507850577174
0,0,0.0001624066154764982
0,0,0.00014429314138990793
0,0,0.00014033734565775888
0,0,0.0001651720388220654
0,0,0.00014740032234593296
0,0,0.000209679937125638
0,0,0.00015507621575042203
0,0,0.00014948153719720466
0,0,0.00018987232366595745
0,0,0.00015415821623803184
0,0,0.0001535007163887242
0,0,0.00014279981111961523
0,0,0.000692952108401661
0,0,0.00023035119907742837
0,0,0.00014753902557683527
0,0,0.00015339752440329915
0,0,0.0001779619264745032
0,0,0.00015101077928780581
0,0,0.00014688869499178208
0,0,0.00015872610902361496
0,0,0.0003029301479569611
0,0,0.00014130397253531968
0,0,0.0002289018032115844
0,0,0.00016061187557498622
0,0,0.00016563576357546498
0,0,0.00017426362478288013
0,0,0.000181619355245479
0,0,0.00016090769640793074
0,0,0.00019063641843881932
0,0,0.0004009762383489312
0,0,0.00014795725902924816
0,0,0.00017190049779040108
0,0,0.00015833070895963707
0,0,0.000858526317177664
0,0,0.0003847501384986029
0,0,0.00015887415234061854
0,0,0.00017490210440759777
0,0,0.00017404479400179754
0,0,0.0001638466655055084
0,0,0.00043789164022566994
0,0,0.0001636488838820511
0,0,0.0002923541957068183
0,0,0.00016893879604353194
0,0,0.0001612760279734013
0,0,0.0003810293790477986
0,0,0.0001409576349173503
0,0,0.00014604554651745545
0,0,0.0003739841382882022
0,0,0.00016026716000873826
0,0,0.0001704965861040187
0,0,0.0002126390652628631
0,0,0.00026422439262332813
0,0,0.0009785922531413745
0,0,0.00014000841777488026
0,0,0.00016568079620556123
0,0,0.00014672213924525943
0,0,0.00013961518939443422
0,0,0.0001573879667848224
0,0,0.0002583419900774958
0,0,0.00031183770866649634
0,0,0.00018741083231214582
0,0,0.0074844268632385195
0,0,0.00018095529330550226
0,0,0.0002917045761663843
0,0,0.00014636734994654532
0,0,0.0002799446057666276
0,0,0.00014841327960937902
0,0,0.0003500077574303764
0,0,0.00014553276411054757
0,0,0.0001584201504936817
0,0,0.00016726787574894856
0,0,0.00016143207036102705
0,0,0.0004259545445820723
0,0,0.00016150128017624056
0,0,0.0001521436997375684
0,0,0.0001381230639826946
0,0,0.00043735160816235944
0,0,0.0002993130105925252
0,0,0.00015431625860136105
0,0,0.00015419962950215883
0,0,0.00015293617409188937
0,0,0.0002431476559620689
0,0,0.00015101077928780581
0,0,0.00015780866969083266
0,0,0.0001498462633359903
0,0,0.00015534719358549246
0,0,0.00016951212449549765
0,0,0.00018427839579024423
0,0,0.00018948547904567697
0,0,0.00014389745193568897
0,0,0.0001585266287868296
0,0,0.00021919900958219455
0,0,0.00014171536006282027
0,0,0.00017294406127508564
0,0,0.0001435579747432405
0,0,0.00014577232363889453
0,0,0.00015897555183178649
0,0,0.00015416479166622976
0,0,0.00018119651163681061
0,0,0.0002945615283806271
0,0,0.0001555289918914708
0,0,0.00016567277792008673
0,0,0.00015106545702349756
0,0,0.0003265776855227209
0,0,0.00035462822526444914
0,0,0.00016939181031336937
0,0,0.00023761561032245397
0,0,0.00016295908237656296
0,0,0.00016061316386964297
0,0,0.0001603468986227144
0,0,0.00014842028140523225
0,0,0.0001862125596902055
0,0,0.00015754402767098125
0,0,0.00015571727810886326
0,0,0.00017993043675156947
0,0,0.00015064653160123552
0,0,0.0001565510285742061
0,0,0.00015226837895061354
0,0,0.00023341149406149014
0,0,0.00038816545603528315
0,0,0.00015001497877130065
0,0,0.00014553648306055294
0,0,0.0004578825972501737
0,0,0.00014825334941426512
0,0,0.00016511422383984407
0,0,0.000733839208384098
0,0,0.00017618274317112085
0,0,0.0001486292919583386
0,0,0.00015289904119865274
0,0,0.00014990932472563147
0,0,0.00035670954292154044
0,0,0.00019347369457677543
0,0,0.00017117384223479378
0,0,0.0001381230639826946
0,0,0.0001447397557853949
0,0,0.00017907749419067483
0,0,0.00016624750909607873
0,0,0.00016632276836185754
0,0,0.0001496009692813147
0,0,0.00018057975463322073
0,0,0.00016924847312787438
0,0,0.00014509190643472957
0,0,0.00013475301918551688
0,0,0.00016754618343313058
0,0,0.0001712115410028781
0,0,0.00014173268773064144
0,0,0.00016949874465537932
0,0,0.0001550716151017877
0,0,0.00019468992370466645
0,0,0.00014645756790683217
0,0,0.0001640130310684476
0,0,0.00020059181050488073
0,0,0.0001545219593153366
0,0,0.00014596645316628909
0,0,0.00015257741570916142
0,0,0.0003945854433370368
0,0,0.000156634009413253
0,0,0.00014893863476237752
0,0,0.000151843453921047
0,0,0.0001628751616936222
0,0,0.0001653784423602285
0,0,0.00017981059569950917
0,0,0.00022416886440049393
0,0,0.00014654232938031772
0,0,0.00016285272526835563
0,0,0.0006095875175892948
0,0,0.00015409515306245012
0,0,0.00016776954843471055
0,0,0.00015063543761914205
0,0,0.00014660725379682176
0,0,0.00018494422665719392
0,0,0.00016010661256196114
0,0,0.0001398799390150415
0,0,0.00018874657523968642
0,0,0.0001620263821446222
0,0,0.00024128039563392465
0,0,0.00014627724896830948
0,0,0.0015423190154255169
0,0,0.00018368003547541154
0,0,0.004640277243206948
0,0,0.00017550723020329036
0,0,0.00013924961450422515
0,0,0.00015095293030105224
0,0,0.00032221347028944304
0,0,0.00015198060262914444
0,0,0.00014978313301821687
0,0,0.0001527199325686029
0,0,0.0001600060308950845
0,0,0.00014510627151715223
0,0,0.00019210761473639187
0,0,0.0001639851190093082
0,0,0.0001560902686029883
0,0,0.00019828379046055682
0,0,0.0001407665813985055
0,0,0.00014642605730835442
0,0,0.00014428685440530983
0,0,0.00016418293241655187
0,0,0.00016697694638611525
0,0,0.0001405764605721985
0,0,0.00014490545991065692
0,0,0.00018477394974856864
0,0,0.00016060043934135635
0,0,0.00016045890277368636
0,0,0.0001791934206546491
0,0,0.0002063571198242956
0,0,0.00015328190109621843
0,0,0.00026517988026942163
0,0,0.0001434274433547797
0,0,0.00014164621025603314
0,0,0.0003553863888880744
0,0,0.0003690321750596013
0,0,0.00017525692903408723
0,0,0.00016616337850300643
0,0,0.00014758211150412524
0,0,0.0005662198907519828
0,0,0.00014910076774249663
0,0,0.00013975888747101177
0,0,0.00016789270088797353
0,0,0.0003313261422408479
0,0,0.00030158759769525003
0,0,0.0007002424999262101
0,0,0.0001659076664434218
0,0,0.00020504702450765012
0,0,0.0001471744939135562
0,0,0.00014242828339115679
0,0,0.0002573315843749392
0,0,0.00014256099026873124
0,0,0.00014880284053417638
0,0,0.0002861853836142781
0,0,0.00017768880299302045
0,0,0.00015133240293927844
0,0,0.00014989418682759994
0,0,0.00018516235146168192
0,0,0.0001586761806355154
0,0,0.00020409283828812897
0,0,0.00042230081157936536
0,0,0.00015017632176940205
0,0,0.00015455417839683935
0,0,0.00017470839167748697
0,0,0.00014867770968131892
0,0,0.00027642011087098463
0,0,0.0003361781064472078
0,0,0.000164760247866358
0,0,0.0008075972424917676
0,0,0.00029291860818685643
0,0,0.0001503072933998723
0,0,0.00015392216306409567
0,0,0.00023572785217318006
0,0,0.0001533671058633811
0,0,0.00015980940056058366
0,0,0.00016706629698513486
0,0,0.00033700331383889183
0,0,0.00016022443010446668
0,0,0.00015733884893286482
0,0,0.0001444253808240323
0,0,0.0001473634108826955
0,0,0.0005929387821289539
0,0,0.00033764181642557506
0,0,0.0005188084127989343
0,0,0.00014535859238184236
0,0,0.0001503072933998723
0,0,0.00017016140833175795
0,0,0.0001542326163826453
0,0,0.00015310370123740354
0,0,0.0011172032812003998
0,0,0.0003733641287599229
0,0,0.00015741548029231405
0,0,0.0001902356161223048
0,0,0.0001697135761700421
0,0,0.00017655374286727188
0,0,0.00016599567177658892
0,0,0.0001829357881334577
0,0,0.0002553586587945037
0,0,0.0015858171251493835
0,0,0.00016399773414222334
0,0,0.00021850342915373777
0,0,0.00014624681217031808
0,0,0.00023027789788011824
0,0,0.00016307925569681743
0,0,0.00017933432518697396
0,0,0.00038974724856070784
0,0,0.0001653738584727015
0,0,0.0002015238677283488
0,0,0.0001407661429203502
0,0,0.0004272237228862061
0,0,0.000178088991731829
0,0,0.00016101964152808208
0,0,0.00015359162600004167
0,0,0.00014607190523706248
0,0,0.00018231482608553222
0,0,0.0001781323038595599
0,0,0.00042189452260613694
0,0,0.00014581669023235673
0,0,0.0001547371427464682
0,0,0.00016130267987617635
0,0,0.00015858434373683234
0,0,0.00014826855961624122
0,0,0.00015903357556910417
0,0,0.00018338918754845165
0,0,0.00041802287418329085
0,0,0.00015174827690121013
0,0,0.00013690742734669018
0,0,0.0001743617804819683
0,0,0.00014934572936257148
0,0,0.00015305570440068348
0,0,0.00014498185741199457
0,0,0.00015101077928780581
0,0,0.0010073272602199373
0,0,0.00017798697100605845
0,0,0.0001517506834205244
0,0,0.00015299590133060716
0,0,0.0001428240129551261
0,0,0.00014735548931872158
0,0,0.0001603842758052579
0,0,0.00015940168812011396
0,0,0.0007000472105217274
0,0,0.00016023013848511156
0,0,0.00016998249049080387
0,0,0.0001486245384004507
0,0,0.00015800468637137033
0,0,0.00015981326223436405
0,0,0.00019896749576951746
0,0,0.0001457934709457969
0,0,0.0006813705268434413
0,0,0.00015093452502228815
0,0,0.0001539805674255737
0,0,0.00018847777896837604
0,0,0.00015422363850703844
0,0,0.0002130905913833635
0,0,0.00019821006171919439
0,0,0.00020004000578705333
0,0,0.0001527935407324821
0,0,0.0003334266233209733
0,0,0.00014062738930393278
0,0,0.00021263231397780177
0,0,0.00015343314861577585
0,0,0.00014826855961624122
0,0,0.00015558546560339248
0,0,0.00018255580507087996
0,0,0.00017135657313892196
0,0,0.0004097032698399376
0,0,0.00019961758839378953
0,0,0.00015585800435103145
0,0,0.0001547942012083335
0,0,0.00016067453205108396
0,0,0.00015470002349539768
0,0,0.0001425671990371074
0,0,0.00016081682561837153
0,0,0.00034932642773772025
0,0,0.00015657920397728125
0,0,0.00014999193642978547
0,0,0.00027611113316525676
0,0,0.00014345703136652203
0,0,0.0001447397557853949
0,0,0.00015421998798918884
0,0,0.00015867891273904574
0,0,0.00015462422326485833
0,0,0.0002811070135172158
0,0,0.0003825825288258094
0,0,0.00015226432548852604
0,0,0.00015591967096874806
0,0,0.00017126247862834688
0,0,0.00016062684271581478
0,0,0.0010819329664805996
0,0,0.00014741219387588234
0,0,0.00015421053021813096
0,0,0.00014645756790683217
0,0,0.0006363816721979489
0,0,0.0016061355288890832
0,0,0.0001661449280542292
0,0,0.0002685614751912019
0,0,0.0001805405337050295
0,0,0.00015187551834726313
0,0,0.00015121705714388344
0,0,0.00013866430237903708
0,0,0.00015061944389528886
0,0,0.00014543425923745955
0,0,0.0001505558434237585
0,0,0.0001529321027452832
0,0,0.00016104695482713403
0,0,0.00014665879470325826
0,0,0.00015082484375675466
0,0,0.0004778433215672521
0,0,0.00015014829570136589
0,0,0.0003330695523937654
0,0,0.0003442229027424553
0,0,0.00016801762653387005
0,0,0.0001611989472192173
0,0,0.0001506981881425445
0,0,0.00018375540840838257
0,0,0.0002288168674025511
0,0,0.0001774993671873868
0,0,0.00014559173780774666
0,0,0.00016416304112193422
0,0,0.00021214944464133158
0,0,0.00016767838373556827
0,0,0.00017103827921955987
0,0,0.00023412229691146567
0,0,0.00014231606732495458
0,0,0.00014182385372750052
0,0,0.00015604064830116365
0,0,0.00014743081381943897
0,0,0.0004063061352426788
0,0,0.00015343314861577585
0,0,0.0001579184909074197
0,0,0.00013847901670710177
0,0,0.00015706788032625467
0,0,0.00014920313648963282
0,0,0.0001402405623189018
0,0,0.00016923022770022028
0,0,0.00017544279753767953
0,0,0.00014602434524438394
0,0,0.0007395539112937479
0,0,0.00017776242879299195
0,0,0.0001599001604131287
0,0,0.00015387132457267416
0,0,0.00015684551984034202
0,0,0.0001546685879088483
0,0,0.004272380507412851
0,0,0.00016951659535377069
0,0,0.00015216556199343706
0,0,0.0001594709121124095
0,0,0.0001485580565801462
0,0,0.00013893619092854317
0,0,0.00028543383703915807
0,0,0.00015561549018025438
0,0,0.0001713985106966752
0,0,0.00016711464563428228
0,0,0.0001503890102964985
0,0,0.00017983391516472318
0,0,0.00015843091514447695
0,0,0.00014289726978561638
0,0,0.00014319630662985988
0,0,0.00016574895474829278
0,0,0.0005408799999833113
0,0,0.00023586653457495193
0,0,0.0001514654885205412
0,0,0.00035385047460813297
0,0,0.00017616667281355038
0,0,0.0001820575006939875
0,0,0.0001605123992607675
0,0,0.00018097937818527336
0,0,0.0001719007254982077
0,0,0.00017727691908945607
0,0,0.00018478795690932397
0,0,0.00014314010604912837
0,0,0.0001615903096071142
0,0,0.00014764970402861806
0,0,0.0003951991099489632
0,0,0.0005018792494391076
0,0,0.00015788149015993737
0,0,0.0001614707581368069
0,0,0.00040093536410682124
0,0,0.00015927282165977295
0,0,0.00015413136186878172
0,0,0.00017100343850826432
0,0,0.00017980846086986007
0,0,0.00015271171124030795
0,0,0.00025086007516549193
0,0,0.00014748378147721777
0,0,0.00015768709579035424
0,0,0.0018829572342353043
0,0,0.00017831901575473543
0,0,0.0001605436651288799
0,0,0.0001735651626695508
0,0,0.0001661880770491805
0,0,0.0001533846254144857
0,0,0.0002668742182313633
0,0,0.0002784287767272845
0,0,0.0001593592892062745
0,0,0.00013805881935076143
0,0,0.00019809646250376555
0,0,0.00015638139351877137
0,0,0.00014811784161362438
0,0,0.00023199662465176347
0,0,0.00015700491953961186
0,0,0.00016089855935803683
0,0,0.00016704993359146502
0,0,0.0001697701889385358
0,0,0.00015164203122369305
0,0,0.000161392437466906
0,0,0.0002840413194647987
0,0,0.00015625467365900812
0,0,0.00015574967901061014
0,0,0.00015151028070933074
0,0,0.00015916779946025534
0,0,0.00014481506116221783
0,0,0.0007086423499232687
0,0,0.0002034700341146698
0,0,0.00015400424888677684
0,0,0.00018652650910045505
0,0,0.00015117016671354028
0,0,0.00015021017634832764
0,0,0.00016200573261115304
0,0,0.00015387132457267416
0,0,0.00020296226793288573
0,0,0.00020101659353152955
0,0,0.00028008720482750683
0,0,0.0002084729430416131
0,0,0.022227518274981033
0,0,0.00016475541851074333
0,0,0.00018779687605718738
0,0,0.00032881292262291394
0,0,0.0004769696649694239
0,0,0.00018855707873044198
1,0,0.012590929127550018
0,0,0.00018474310817050618
0,0,0.00015332773017075505
0,0,0.0004402969754789331
0,0,0.00016412569828725855
0,0,0.00015494266039758783
0,0,0.00014743406676940072
0,0,0.00020776140413936135
0,0,0.00016742633765083034
0,0,0.00015224342649285198
0,0,0.0001643931177233401
0,0,0.00014249674563679809
0,0,0.00029669680500359345
0,0,0.00014804570549669215
0,0,0.00026803585529601545
0,0,0.00015927282165977295
0,0,0.00017218854165524763
0,0,0.008817809588521984
0,0,0.00023919463045568926
0,0,0.00014249251931643705
0,0,0.0001407665813985055
0,0,0.00016263570918576914
0,0,0.0002137464295630417
0,0,0.00015911513461410907
0,0,0.00014018312710248852
0,0,0.0001883890066391803
0,0,0.00016044331227079692
0,0,0.00014063702059811386
0,0,0.00015510502377406003
0,0,0.00014927984075971637
0,0,0.00015684374472202468
0,0,0.00014427705788868148
0,0,0.0001801498941964247
0,0,0.00015540907248395245
0,0,0.00016943600124694522
0,0,0.00017958231541009031
0,0,0.00015866428784727367
0,0,0.00036909001849491765
0,0,0.00017996789719910094
0,0,0.000309573007190352
0,0,0.00015156142677022952
0,0,0.00014399479002857773
0,0,0.00047056316514546253
0,0,0.0002909097834405221
0,0,0.00015543562462519325
0,0,0.00018146782698357907
0,0,0.00017459290362570128
0,0,0.0001559650536007486
0,0,0.00019959686123285957
0,0,0.00014299301899463055
0,0,0.00018693776556694009
0,0,0.00027277777158886055
0,0,0.0001640050773320243
0,0,0.00015788505300259897
0,0,0.000141881797306356
0,0,0.0001384288257808549
0,0,0.00019784358382504943
0,0,0.00015913343693116017
0,0,0.00017198066510533546
0,0,0.0003652612573705468
0,0,0.00016025467284432046
0,0,0.00016968638856452027
0,0,0.00016056212342007036
0,0,0.00015296391353721454
0,0,0.00017809389344396
0,0,0.0033593851847319046
0,0,0.00016371315537001428
0,0,0.00015795320214010027
0,0,0.0001538093636595379
0,0,0.00016234449207069504
0,0,0.00015416711040389022
0,0,0.000655556225959586
0,0,0.00017550646205614562
0,0,0.0001710834724423152
0,0,0.00019870387917325747
0,0,0.00015309789597441395
0,0,0.00023151868830541887
0,0,0.0003323079892713886
0,0,0.00038936004435104063
0,0,0.001067185312791061
0,0,0.00013879278113887583
0,0,0.0001730554620099262
0,0,0.0001407665813985055
0,0,0.00014965877573545867
0,0,0.00016076419451870974
0,0,0.0001431543580283685
0,0,0.00020666338166932293
0,0,0.00014018312710248852
0,0,0.00028253515695606066
0,0,0.00014562805465213682
0,0,0.00014099872594252705
0,0,0.000198930119448863
0,0,0.00015104780427451964
0,0,0.00014428937026287058
0,0,0.00017546085302183666
0,0,0.0001435579747432405
0,0,0.00014815181831570481
0,0,0.00014649277388294286
0,0,0.000972278561966485
0,0,0.0002708011473614393
0,0,0.00015808297641404205
0,0,0.00018138016804971732
0,0,0.00016082859977035278
0,0,0.0001510734039112801
0,0,0.002100184385114514
0,0,0.00016712382985334956
0,0,0.00019720280529689324
0,0,0.0001698584706955033
0,0,0.00016380319583113057
0,0,0.00017065163788294963
0,0,0.0001579119916969885
0,0,0.0003621867013558052
0,0,0.0001399754924114471
0,0,0.00016208222280034902
0,0,0.0004470432801184604
0,0,0.00014319630662985988
0,0,0.00014924308912828824
0,0,0.0001428215117716028
0,0,0.00015685289685371108
0,0,0.002296174816359819
0,0,0.00015510502377406003
0,0,0.00024818300386459486
0,0,0.00014694867643795393
0,0,0.00016535228570554037
0,0,0.00016046231342786927
0,0,0.00014710127895221185
0,0,0.00013832293582061885
0,0,0.00014826855961624122
0,0,0.0008658053883595244
0,0,0.00018858549424887323
0,0,0.0003817442949097683
0,0,0.0004536382629141241
0,0,0.00015174827690121013
0,0,0.00017568012238388615
0,0,0.00015105428455640526
0,0,0.00014023932936891212
0,0,0.0003940973462240495
0,0,0.00017132000040998477
0,0,0.00024357282991077306
0,0,0.00014864965265712403
0,0,0.00015325672584666294
0,0,0.00016547732994064778
0,0,0.0005624040468320611
0,0,0.0002541292493153502
0,0,0.00014450675340755526
0,0,0.00016330380250355211
0,0,0.00015671494214477728
0,0,0.00018316016999053828
0,0,0.00018374411297115086
0,0,0.00025227134026499146
0,0,0.0006001593684528774
0,0,0.00030938840970159395
0,0,0.0003169044177876427
0,0,0.00015296391353721454
0,0,0.00015308555118963483
0,0,0.0001613948988635241
0,0,0.00019584362990520248
0,0,0.0013626848505043597
0,0,0.00015475916978963415
0,0,0.00017510850449887238
0,0,0.000329883042354003
0,0,0.00036909983544624285
0,0,0.000184424675135303
0,0,0.00015035835445916497
0,0,0.0003622262321027582
0,0,0.00017971517730013602
0,0,0.00019172331102077801
0,0,0.0001460568519147282
0,0,0.00019052450885649095
0,0,0.00048124593564609835
0,0,0.00016690217863158023
0,0,0.00015984590483785464
0,0,0.00021165329901751693
0,0,0.00015145667360210886
0,0,0.00018979477534529127
0,0,0.00029266761089211856
0,0,0.0003450729825678845
0,0,0.00019845313049145742
0,0,0.00014959456158051076
0,0,0.0001499472058073826
0,0,0.000210631937701103
0,0,0.00022231780184884557
0,0,0.00016816495739352928
0,0,0.00022922370008085553
0,0,0.0001489215696429172
0,0,0.00014978610979887152
0,0,0.0003659249359819403
0,0,0.00015669192079964192
0,0,0.0001567126313924346
0,0,0.00019604462139874207
0,0,0.00015599534296251483
0,0,0.00015935627615345005
0,0,0.00015490406405672646
0,0,0.00015734783780094874
0,0,0.00014738049413965095
0,0,0.000187289600329113
0,0,0.0001747350157925629
0,0,0.00025308306581480774
0,0,0.00019164805763119787
0,0,0.00019053656379835026
0,0,0.0001771073525759047
0,0,0.00026204086654485416
0,0,0.0045240976938956895
0,0,0.00014193286572608888
0,0,0.00014626835466891117
0,0,0.00022976222260944984
0,0,0.00017070869280148986
0,0,0.00017805759380829287
0,0,0.00016947300283020374
0,0,0.00015406565091056131
0,0,0.00042715689225448274
0,0,0.00017896962742804698
0,0,0.0001430833643983208
0,0,0.000147242615559717
0,0,0.0002450146083458384
0,0,0.0001513615683523989
0,0,0.0002872053429274158
0,0,0.0003369146858954738
0,0,0.0001976084247696474
0,0,0.00015819121936413817
0,0,0.00015048950743531213
0,0,0.00015424969416549475
0,0,0.00014379151249887086
0,0,0.00017567919070085223
0,0,0.00015788138482340387
0,0,0.00018496312683864512
0,0,0.00014961205115894416
0,0,0.00016022441779689895
0,0,0.00014050435852786442
0,0,0.0001588827120776277
0,0,0.0001459912593840944
0,0,0.00021772332913969628
0,0,0.00018571845594927755
0,0,0.00015330913506806613
0,0,0.0005591689187390284
0,0,0.0001746794867405468
0,0,0.00018607023904796224
0,0,0.00021505205698351093
0,0,0.0005065093806448119
0,0,0.002965422076275238
0,0,0.00021224978233926338
0,0,0.00016058521057189806
0,0,0.00015586873007941997
0,0,0.00014042269639128098
0,0,0.0001422030209394808
0,0,0.00016745757488428786
0,0,0.000176115699372326
0,0,0.00020355056708082432
0,0,0.00018207249086806798
0,0,0.0001413988688277569
0,0,0.0009662266335340976
0,0,0.00030192065546864985
0,0,0.00013975888747101177
0,0,0.00014311061256227592
0,0,0.00018975323430284077
0,0,0.0001458025864075633
0,0,0.00016734763108139586
0,0,0.00015364075578606662
0,0,0.00017898464504359482
0,0,0.0001448949106010871
0,0,0.0002866464849649962
0,0,0.00015263564632871896
0,0,0.0013586283601586355
0,0,0.00036540066191745313
0,0,0.00018691234065565656
0,0,0.00014003261961039113
0,0,0.00014573817922141396
0,0,0.0001513549275888336
0,0,0.00017823762230364867
0,0,0.00015409816689166783
0,0,0.00034653041720551883
0,0,0.00024072045231206428
0,0,0.00015252201355309185
0,0,0.0001517506834205244
0,0,0.000195739897930405
0,0,0.00014719646757174645
0,0,0.00015580961714850455
0,0,0.00016593811484177354
0,0,0.0001465603653910273
0,0,0.00014364203347137926
0,0,0.00014571738237327124
0,0,0.00023019439006663052
0,0,0.00014776679846229592
0,0,0.0007104732956487923
0,0,0.00014490545991065692
0,0,0.0001530256943667632
0,0,0.00015483228805979047
0,0,0.0002107146088799974
0,0,0.0001498152109122367
0,0,0.0001429973540620085
0,0,0.0001929428349010967
0,0,0.00015519723698582106
0,0,0.00015403507652737115
0,0,0.00017077989553979412
0,0,0.00014606918179819938
0,0,0.00023841092292608805
0,0,0.0002848480352848631
0,0,0.00015571596432867847
0,0,0.0001799141629735972
0,0,0.0002833971866745796
0,0,0.00016164689769971281
0,0,0.00015188292503542033
0,0,0.00014535238361346623
0,0,0.0002003224500021807
0,0,0.00014000841777488026
0,0,0.00013574130753906262
0,0,0.0001489215696429172
0,0,0.00022233350300419937
0,0,0.00032064462426124727
0,0,0.0005524778176033768
0,0,0.0002731189203214419
0,0,0.00015145667360210886
0,0,0.0001626475250129063
0,0,0.00016141202859895444
0,0,0.00014277338540025648
0,0,0.00017648263595600145
0,0,0.00015160099773587986
0,0,0.0003128246986646459
0,0,0.00014398314600327293
0,0,0.00015389118481266468
0,0,0.003096398533093316
0,0,0.00013955050628434583
0,0,0.0001510337995488847
0,0,0.00026004650866290585
0,0,0.0001481080155762205
0,0,0.00014254141884590624
0,0,0.0001603504847355833
0,0,0.00015225824265815293
0,0,0.00014243814300623464
0,0,0.0001550205733382502
0,0,0.00014867970929154748
0,0,0.00014328358501021114
0,0,0.00022597919795614498
0,0,0.00016082773345299416
0,0,0.00017591646341346388
0,0,0.0003612239076672274
0,0,0.0001594230456394689
0,0,0.0001548031660029835
0,0,0.00014236684650870487
0,0,0.0008685682269873007
0,0,0.00015768426587612394
0,0,0.00015118780786767475
0,0,0.00016178230486752382
0,0,0.00014856452380912507
0,0,0.00016218977464605943
0,0,0.0001435895350103059
0,0,0.0005444341897572163
0,0,0.000146752100346228
0,0,0.00014896557010404
0,0,0.0001513076860596565
0,0,0.00017081356998056548
0,0,0.000511707666033953
0,0,0.00014184596205793726
0,0,0.00014624601002391821
0,0,0.0001489637015433131
0,0,0.00014222440865696722
0,0,0.0001414007292504804
0,0,0.0002884653754327242
0,0,0.0001548822956971727
0,0,0.0001543551765481807
0,0,0.0001775698037783126
0,0,0.0001560376429143741
0,0,0.0001526737247673107
0,0,0.00038388082983006574
0,0,0.000154348762320625
0,0,0.0004694843738374086
0,0,0.00014515475808757344
0,0,0.00016148603825271343
0,0,0.0001611088657484398
0,0,0.00015104541342904806
0,0,0.002138157378396119
0,0,0.00022554858071015862
0,0,0.002368998748301331
0,0,0.00016684326357647387
0,0,0.00015990896765216407
0,0,0.00016505521555647723
0,0,0.00016320834189418213
0,0,0.00016371315537001428
0,0,0.00014645756790683217
0,0,0.00016818535041186115
0,0,0.0001401288939011052
0,0,0.00018931468686060802
0,0,0.00014507618622588544
0,0,0.00015101077928780581
0,0,0.00017791623260254396
0,0,0.00013962182218706266
0,0,0.00016402023420881656
0,0,0.00014319630662985988
0,0,0.0001668858826068927
0,0,0.00014733373330599013
0,0,0.00017308212936249285
0,0,0.0001482827070175326
0,0,0.00014000841777488026
0,0,0.0001461054754283337
0,0,0.00015011954918770057
0,0,0.0007464905075571892
0,0,0.00014687153380828403
0,0,0.00015518728843978743
0,0,0.00019200973489216937
0,0,0.0001454789877824082
0,0,0.00017221633748751172
0,0,0.0001381230639826946
0,0,0.00015267588364566221
0,0,0.00014298093029415957
0,0,0.00015250538928309154
0,0,0.00014736902995437845
0,0,0.00039938849299112685
0,0,0.0003711953164141718
0,0,0.00014678820240659942
0,0,0.00015071215612888367
0,0,0.000157716261786804
0,0,0.0001838725136970837
0,0,0.0001527846673781869
0,0,0.00017130931878182103
0,0,0.00016754608711458545
0,0,0.00015398054180130446
0,0,0.0003620598028630216
0,0,0.0001458799558379507
0,0,0.00014888657325800293
0,0,0.00015724041323761975
0,0,0.00019299456488431347
0,0,0.00015082484375675466
0,0,0.00021967360537726978
0,0,0.00014259748630589812
0,0,0.00015064535088033605
0,0,0.00017038928448734182
0,0,0.00016756330053660365
0,0,0.00015467803707250503
0,0,0.00014865251390869117
0,0,0.00030591123263266163
0,0,0.0008641178992637017
0,0,0.0001498510240545088
0,0,0.00015825492251385763
0,0,0.000261489732619885
0,0,0.00014074358392220028
0,0,0.0001726169045127536
0,0,0.00016852863008121882
0,0,0.0007181034272271649
0,0,0.00015158651437077644
0,0,0.0003293211864559041
0,0,0.00017284042979335453
0,0,0.0001565561559267564
0,0,0.0002614626301001368
0,0,0.00025771116284975445
0,0,0.00015277954595391694
0,0,0.00044694886909706733
0,0,0.00018571930711684749
0,0,0.00015919208017686003
0,0,0.0004126113420157664
0,0,0.00014718492304773205
0,0,0.00016274283090589797
0,0,0.00015228175661170456
0,0,0.00016864883755640756
0,0,0.00015209334944733024
0,0,0.0001800023517387834
0,0,0.00016351264906956897
0,0,0.00015711895206770455
1,1,0.941629891129891
0,0,0.00018371011940891438
0,0,0.00016642625661465545
0,0,0.0001460221007696475
0,0,0.0003581777822328094
0,0,0.00014490545991065692
0,0,0.00014526491703118052
0,0,0.00014848512531006138
0,0,0.00014256099026873124
0,0,0.00014412288765958952
0,0,0.0001755603544454808
0,0,0.0001658311680504469
0,0,0.00016040368913075579
0,0,0.00031840757718174184
0,0,0.00015677817420125904
0,0,0.0001611377074877377
0,0,0.0001470481569905551
0,0,0.00016993636787083547
0,0,0.00017673113614181932
0,0,0.00017430647871199452
0,0,0.0006407915666596139
0,0,0.0001824277674664644
0,0,0.00014531380496606708
0,0,0.0001898284936277139
0,0,0.00013876955918852327
0,0,0.0001635143439876305
0,0,0.00015861954244961063
0,0,0.00015028657913537485
0,0,0.000157938070183471
0,0,0.00014970854303540605
0,0,0.00016822641700954346
0,0,0.00015517352710910543
0,0,0.0018553964910336075
0,0,0.00014213556724730354
0,0,0.0003401578819734626
0,0,0.00015608451860454412
0,0,0.0001459752144845195
0,0,0.00017621450696601662
0,0,0.004633520881304228
0,0,0.0003399561250128207
0,0,0.00016165216387782332
0,0,0.0001628120935986283
0,0,0.00021306525372251099
0,0,0.00015845596295150713
0,0,0.00014319630662985988
0,0,0.0001402405623189018
0,0,0.00014387625755440877
0,0,0.001903576671027947
0,0,0.0001574057845569263
0,0,0.0005182662684883425
0,0,0.00018326781312044975
0,0,0.00033946963733822523
0,0,0.00014223669279853847
0,0,0.00015298303000535983
0,0,0.00030179406820927924
0,0,0.00015194950369763622
0,0,0.00014521122170881723
0,0,0.00041575586579013584
0,0,0.00014319630662985988
0,0,0.00015480223216450073
0,0,0.00014319630662985988
0,0,0.0010902101198921998
0,0,0.0001493291898166503
0,0,0.00014868332021492187
0,0,0.0001662230519974996
0,0,0.0001506842339678847
0,0,0.00016868946279849692
0,0,0.0001538998199161748
0,0,0.0002132099865467114
0,0,0.0001463688158311979
0,0,0.00016445162534745608
0,0,0.00016849076190370404
0,0,0.00016251422474272969
0,0,0.0001697701889385358
0,0,0.0001575997667668865
0,0,0.0001588658034875789
0,0,0.0009056196805444178
0,0,0.0001506227136150633
0,0,0.00014934404627038207
0,0,0.00025402383615835255
0,0,0.00018818812712535922
0,0,0.00014707675719996058
0,0,0.0002491656079139211
0,0,0.00015953007877963254
0,0,0.00018604108545009794
0,0,0.00016372996964902407
0,0,0.0005228418154433478
0,0,0.0007922241919775784
0,0,0.00015344553655312996
0,0,0.00039927080672866967
0,0,0.0001461947736260797
0,0,0.00015365237127154955
0,0,0.0002676224227015835
0,0,0.0001498840959472314
0,0,0.0001513375395989087
0,0,0.00018758532116863004
0,0,0.00014707675719996058
0,0,0.00014303337016099437
0,0,0.00015979909467232965
0,0,0.00015659722442060096
0,0,0.00027052038414635324
0,0,0.00015151736530717827
0,0,0.0001546182508569148
0,0,0.00040706220255533657
0,0,0.00016661186145150482
0,0,0.00014666391485719315
0,0,0.00015362572701929704
0,0,0.00036407009361967416
0,0,0.002133913148589057
0,0,0.05548495143501776
0,0,0.00020314015815235608
0,0,0.00016597586438358317
0,0,0.00015753035893400927
0,0,0.000184166011458931
0,0,0.00048537192878652286
0,0,0.00016032468534255928
0,0,0.000155628282970581
0,0,0.0001544305507936961
0,0,0.0001406447354312952
0,0,0.0001642205794578332
0,0,0.0001468760692922713
0,0,0.00019075215695509864
0,0,0.000275410962919252
0,0,0.00017279335373462815
0,0,0.00014092926424091426
0,0,0.0003132074074021452
0,0,0.00018561282504610618
0,0,0.00015572839238089868
0,0,0.0006039751879279146
0,0,0.00014968193951313562
0,0,0.00015719016236088925
0,0,0.00021622644746575748
0,0,0.00016242317032749205
0,0,0.0003712801384734915
0,0,0.0001471341583483011
0,0,0.00017850789440038682
0,0,0.00017031831140893898
0,0,0.00015998628470942475
0,0,0.00027565284156033665
0,0,0.00015245817938316553
0,0,0.00015340413292675472
0,0,0.00016451954389917083
0,0,0.00017716282819404763
0,0,0.00015712401994140762
0,0,0.00015976931172203453
0,0,0.0002147638234615179
0,0,0.00017428553523698648
0,0,0.00015965869055234395
0,0,0.00018032626632343834
0,0,0.00015682170393153122
0,0,0.00014940654055098596
0,0,0.00013902492568289738
0,0,0.00014319630662985988
0,0,0.00014819044067008284
0,0,0.00015258751840986488
0,0,0.000155622225979761
0,0,0.00031115763980159555
0,0,0.00016319075490806473
0,0,0.0006524023943867758
0,0,0.0001466601313821204
0,0,0.00017138362523391146
0,0,0.0001939776969903913
0,0,0.0001573067904146397
0,0,0.00014789241688775115
0,0,0.00013975888747101177
0,0,0.00015770994957733917
0,0,0.0001498473164878476
0,0,0.00015141438793365758
0,0,0.00022556810855453506
0,0,0.0001481812872196763
0,0,0.0001881726316985894
0,0,0.00021111252881968732
0,0,0.00015475961090874622
0,0,0.00019410616509208395
0,0,0.0008637398683942569
0,0,0.00018543390902918476
0,0,0.00016009700176249062
0,0,0.0003857686998767464
0,0,0.00031738343448622366
0,0,0.0002653963677728804
0,0,0.00014181882410442635
0,0,0.0024562768383266263
0,0,0.00014279981111961523
0,0,0.0001532448168883827
0,0,0.00023991478710380616
0,0,0.00015230511235501222
0,0,0.00017426001024356368
0,0,0.0002278493257463261
0,0,0.00014173268773064144
0,0,0.00035329552228939153
0,0,0.000161395160355061
0,0,0.00018140201126883677
0,0,0.0017601075502904177
0,0,0.00014975559382967963
0,0,0.00016207398190883554
0,0,0.0002261833643798948
0,0,0.00015577947773157363
0,0,0.00016040443154408885
0,0,0.0005053239157917625
0,0,0.00016746270827419798
0,0,0.00014822632733135367
0,0,0.0001448949106010871
0,0,0.00014134535363272683
0,0,0.0001569347889880612
0,0,0.0001610626738740643
0,0,0.00015227521133024562
0,0,0.00014797527246251162
0,0,0.00014319630662985988
0,0,0.0001795875369311874
0,0,0.00017521621706276155
0,0,0.00015128922217026115
0,0,0.00016550842060911343
0,0,0.00014824744776024295
0,0,0.0001485283412624712
0,0,0.00071995394241214
0,0,0.0001485930236845065
0,0,0.0001604219732623883
0,0,0.0002784062593575035
0,0,0.00014510220040745943
0,0,0.0012199329801019215
0,0,0.00014226498235636495
0,0,0.0002466027517386143
0,0,0.00019514852072593955
0,0,0.00014691121226602467
0,0,0.00014534914342016872
0,0,0.0001449685178655005
0,0,0.00013805881935076143
0,0,0.00014412288765958952
0,0,0.00019334041099184485
0,0,0.00019407357848697112
0,0,0.00016491695765110556
0,0,0.00019216118947989411
0,0,0.0001458991971866461
0,0,0.00015423828976685305
0,0,0.00014922192310482343
0,0,0.00014452588343430835
0,0,0.00015040196268532058
0,0,0.00016454813719707023
0,0,0.00017479330068902863
0,0,0.00026639417261938264
0,0,0.00016836831806853897
0,0,0.0002840985724313972
0,0,0.0003385544951422684
0,0,0.00015710388538338763
0,0,0.00015377583694916824
0,0,0.00014419501803858154
0,0,0.00022492721481044077
0,0,0.00016823818625542585
0,0,0.0001396578999750273
0,0,0.00014710262190655986
0,0,0.0001957822722917041
0,0,0.00017237853122787958
0,0,0.0001650833392131828
0,0,0.00018369710520423288
0,0,0.00014648408254154467
0,0,0.00018221508383675205
0,0,0.0001384288257808549
0,0,0.00015567601669911273
0,0,0.00015330913506806613
0,0,0.00016147908900362634
0,0,0.0001491652492774804
0,0,0.00014221312962854176
0,0,0.00017781182497371927
0,0,0.00014912200723036785
0,0,0.00037326168314971925
0,0,0.00021560320862471616
0,0,0.00015257741570916142
0,0,0.0001621378988798911
0,0,0.0001448412152787238
0,0,0.00018426344508951548
0,0,0.00015001598799287746
0,0,0.00018516499089143494
0,0,0.0018706315043495417
0,0,0.00018666869537714513
0,0,0.0001481831518991813
0,0,0.00014819954899462638
0,0,0.00014199109058852754
0,0,0.0001491009495578663
0,0,0.00015945887188799108
0,0,0.00033450132338686185
0,0,0.0001553066649251327
0,0,0.00020846553063081082
0,0,0.00014066480195037856
0,0,0.00019178105719166454
0,0,0.00014267133235977648
0,0,0.00023192778683559244
0,0,0.00014917144323300428
0,0,0.000990987779897709
0,0,0.0004348464394430349
0,0,0.0004068473393738983
0,0,0.0001521950755308369
0,0,0.00014541126610605068
0,0,0.0001503446495958654
0,0,0.00015336113970251832
0,0,0.00015927294814837198
0,0,0.00015353045265656366
0,0,0.00013908619286335383
0,0,0.00015240357905713843
0,0,0.0005047491319004225
0,0,0.0005891834457433094
0,0,0.0001858533784556134
0,0,0.0006357778386447103
0,0,0.00015480970720639425
0,0,0.00015589189023690905
0,0,0.00038911594354493515
0,0,0.00022974213186680413
0,0,0.0002195408658492733
0,0,0.000153804512698956
0,0,0.0001596944355330523
0,0,0.0028531237711789353
0,0,0.0002789308417178489
0,0,0.0001439168479752164
0,0,0.00038171615382580305
0,0,0.00016718586208263792
0,0,0.00018004763362838594
0,0,0.0001485806155782962
0,0,0.0004692115505387098
0,0,0.0007315686846723538
0,0,0.00020841288786402183
0,0,0.00014252759674441423
0,0,0.00015234053812067584
0,0,0.0007577730423414356
0,0,0.00022264925738201292
0,0,0.00015913502572412758
0,0,0.00021563930219981755
0,0,0.00015539566677810927
0,0,0.00018563938648648718
0,0,0.00018350416339066932
0,0,0.00015565450828149987
0,0,0.00014297426758984568
0,0,0.00015673391746438668
0,0,0.0001402271031759505
0,0,0.00016789674923355604
0,0,0.0001407665813985055
0,0,0.0001495101409772445
0,0,0.00013805881935076143
0,0,0.0001460568519147282
0,0,0.000176916214204048
0,0,0.0016755791076207617
0,0,0.00014113621350420006
0,0,0.00045046759487463
0,0,0.00018329072932547487
0,0,0.00015940978171117878
0,0,0.00034103925852697057
0,0,0.00014961309555838167
0,0,0.0003169641274709024
0,0,0.0001665431011486242
0,0,0.00018112352521664618
0,0,0.000370310906570494
0,0,0.00018536820179003744
0,0,0.00014405475844898034
0,0,0.00013924961450422515
0,0,0.00020171464253764538
0,0,0.00015306502547978386
0,0,0.00020073615316290664
0,0,0.0002292931131113839
0,0,0.00016818412315740375
0,0,0.0002803244670198592
0,0,0.00017981708134346726
0,0,0.0002408147162623827
0,0,0.00016530383381640416
0,0,0.00015329419341269217
0,0,0.00014918296243395763
0,0,0.0001721595799389669
0,0,0.0002404322102244022
0,0,0.00013690742734669018
0,0,0.0002079331990738783
0,0,0.0009619516442236248
0,0,0.00016117248849318368
0,0,0.0001847371805745493
0,0,0.0002847031548090795
0,0,0.00014203467239818976
0,0,0.00015592500484810362
0,0,0.0003066816990785714
0,0,0.00021028134213839044
0,0,0.00015248766142960402
0,0,0.00016091974622731115
0,0,0.00017979079251977654
0,0,0.00017484444925805785
0,0,0.00014549269452468589
0,0,0.0001784141343648177
0,0,0.0001530991018710501
0,0,0.0003753212602436203
0,0,0.0003370815145097917
0,0,0.00014312873900249385
0,0,0.0002193463810650672
0,0,0.00018716763369682211
0,0,0.0001943964417415425
0,0,0.00015209847344596622
0,0,0.00017388195767712694
0,0,0.00016215549459938834
0,0,0.00014376771981068309
0,0,0.00019106955304818373
0,0,0.0001515042959325985
0,0,0.0001460568519147282
0,0,0.00015657310348032378
0,0,0.00014973323221357287
0,0,0.00017008498821535084
0,0,0.00014617031130308175
0,0,0.00014934404627038207
0,0,0.00022943512021261303
0,0,0.0001645444901581487
0,0,0.00017820866305318415
0,0,0.00014634116456129802
0,0,0.0001688542829999878
0,0,0.0001595997786676439
0,0,0.0001679447956390054
0,0,0.0005977179803581278
0,0,0.00017799064496351578
0,0,0.00014328358501021114
0,0,0.00016137175427850586
0,0,0.00016144311699550402
0,0,0.00019517303548132316
0,0,0.0003560512537904915
0,0,0.0001578548332518562
0,0,0.00025168320920585397
0,0,0.00016026706309273984
0,0,0.0001885438453856377
0,0,0.0001592599432578048
0,0,0.0001807692992768416
0,0,0.00016458094910689925
0,0,0.0001623991317804629
0,0,0.0001539212610916767
0,0,0.00015703632908617182
0,0,0.00013879278113887583
0,0,0.00014624681217031808
0,0,0.0007261421082305098
0,0,0.00040922672005742314
0,0,0.00015711417576874038
0,0,0.0001651214035767417
0,0,0.00015086498964206858
0,0,0.0001423169330733576
0,0,0.00046731789601598675
0,0,0.0004345710608843531
0,0,0.00016734431287238456
0,0,0.00024404363602874114
0,0,0.00021862904162629445
0,0,0.00015124323732852807
0,0,0.00014428685440530983
0,0,0.00020603278848430894
0,0,0.00018772919035084384
0,0,0.00020789557419539993
0,0,0.00017113444232326442
0,0,0.00017301615732618253
0,0,0.00013924961450422515
0,0,0.00017956040159299426
0,0,0.00016178110395581385
0,0,0.0001962132143724124
0,0,0.0001514490349346846
0,0,0.00040057336342529565
0,0,0.0003148987267161441
0,0,0.00044261229857156016
0,0,0.00019416161206207516
0,0,0.00014811547747581083
0,0,0.0001610241908235665
0,0,0.008912188010967053
0,0,0.00015824294876748367
0,0,0.0001436898232746525
0,0,0.00017123867597166372
0,0,0.00014819848214183643
0,0,0.0004717992685419763
0,0,0.00019273277398398217
0,0,0.00017869364750126664
0,0,0.00016566231516493838
0,0,0.00014385962767272462
0,0,0.00013927445598676586
0,0,0.00018526944799302568
0,0,0.00018492708611037413
0,0,0.00015133355165500786
0,0,0.0001912289403718816
0,0,0.00016029241958355703
0,0,0.00014270359805600545
0,0,0.00015174827690121013
0,0,0.00873788606565568
0,0,0.0001460568519147282
0,0,0.00015764707717982174
0,0,0.00015850619024481859
0,0,0.0001436898232746525
0,0,0.000163079367706123
0,0,0.0002125525758499074
0,0,0.0001558700922982801
0,0,0.0003311378606253966
0,0,0.00018050771987571286
0,0,0.0001450110196767959
0,0,0.00016099667803252555
0,0,0.0006214571922625507
0,0,0.00031957386240341314
0,0,0.0002878483497574719
0,0,0.00017164051102330194
0,0,0.00028988708755392544
0,0,0.00021435936986694164
0,0,0.0001451324846112208
0,0,0.00021656087916240846
0,0,0.00014490545991065692
0,0,0.00022312711544169897
0,0,0.00040381431351018304
0,0,0.0001559929621822335
0,0,0.0001877701362034204
0,0,0.0006742844518174868
0,0,0.0001539929990829449
0,0,0.00021680549912993382
0,0,0.0001699081414751397
0,0,0.0001610294954537181
0,0,0.00015170423232836887
0,0,0.00017522225308093774
0,0,0.00043791245678884795
0,0,0.00014645756790683217
0,0,0.00014623960788593887
0,0,0.0003167877069355042
0,0,0.001219896097352084
0,0,0.00019183432054303612
0,0,0.00036382798524256895
0,0,0.00017746211900078175
0,0,0.0001629695928340483
0,0,0.00015489272040799078
0,0,0.00015191423789444943
0,0,0.00016160099306679874
0,0,0.00029761330101493115
0,0,0.00017113713321159773
0,0,0.00014625777788536745
0,0,0.00019629711296347983
0,0,0.00014249674563679809
0,0,0.0003657946697550442
0,0,0.00015101077928780581
0,0,0.00015166119781560673
0,0,0.00021964058991696443
0,0,0.00015971716287626226
0,0,0.00015649854522951315
0,0,0.00016337415940683236
0,0,0.0001591404076315403
0,0,0.00014858590166097656
0,0,0.00018971961648532351
0,0,0.0005071038361081948
0,0,0.02068667263762944
0,0,0.00031150848130487296
0,0,0.00022808369988352051
0,0,0.0002175360704411354
0,0,0.00014195922055820466
0,0,0.0003818603639355541
0,0,0.000273222677806135
0,0,0.00016233942199902799
0,0,0.00020587501696098568
0,0,0.00018741408336712088
0,0,0.00015000049103782522
0,0,0.00014924798122551962
0,0,0.00015205236122134807
0,0,0.00013893619092854317
0,0,0.00014631551249412548
0,0,0.00017302042544696492
0,0,0.00014179351643294264
0,0,0.00014701594150899272
0,0,0.0001753839659225654
0,0,0.0004006966668487867
0,0,0.00037830108102219427
0,0,0.00020086878304458115
0,0,0.00015295004049878575
0,0,0.00027465701730922153
0,0,0.00015587386178043768
0,0,0.00017615871724539282
0,0,0.00021953118601334207
0,0,0.0005932970388619754
0,0,0.00016276778267955536
0,0,0.00015876004410124848
0,0,0.00014252803681682325
0,0,0.00014961205115894416
0,0,0.0004020518091758806
0,0,0.00014961271597324052
0,0,0.00014934404627038207
0,0,0.00018561876211194874
0,0,0.00015383814603900627
0,0,0.0001558888268105532
0,0,0.00014956366469362394
0,0,0.0001930550938047694
0,0,0.00014416241296199582
0,0,0.00020731867535184512
0,0,0.00013879278113887583
0,0,0.00015931479907630062
0,0,0.00016101964152808208
0,0,0.00025055462646615624
0,0,0.00015447164902698831
0,0,0.0005476974364951967
0,0,0.00014242044403273577
0,0,0.0001899917510198083
0,0,0.00015206135023459663
0,0,0.00041406051973196336
0,0,0.00016045866681733964
0,0,0.0001618588048255893
0,0,0.00015535055681642972
0,0,0.00014674806240317856
0,0,0.018573168114446054
0,0,0.00014000841777488026
0,0,0.00016789674923355604
0,0,0.00017570016435601414
0,0,0.00019674482329129172
0,0,0.0006823023297810311
0,0,0.0002148977266792439
0,0,0.0001608179060160904
0,0,0.00035692798550581166
0,0,0.0002693105294908745
0,0,0.0001406139008031559
0,0,0.0001417997803166617
0,0,0.00016666296700583975
0,0,0.00019376262382273887
0,0,0.00016025607308546808
0,0,0.0005968352990804481
0,0,0.00017782319796008297
0,0,0.00014226498235636495
0,0,0.00015133787480592313
0,0,0.00031024674832243
0,0,0.00014777229666134833
0,0,0.00017052112491370387
0,0,0.00018338762468880708
0,0,0.00014319630662985988
0,0,0.00017804155140994417
0,0,0.00014749355002282907
0,0,0.0002693105294908745
0,0,0.00015746627573189656
0,0,0.0003221575929922871
0,0,0.00030293134334292857
0,0,0.00016214061852479165
0,0,0.00014898738685470165
0,0,0.0001599712632022366
0,0,0.0001623349615353881
0,0,0.0004507978993223742
0,0,0.00034945749797902473
0,0,0.00015186990491758195
0,0,0.00020872348312749248
0,0,0.00036605434175131517
0,0,0.0001407661429203502
0,0,0.0001939384363346358
0,0,0.00015106030282292535
0,0,0.00014385603431188874
0,0,0.00015182306608904457
0,0,0.0010303189372954903
0,0,0.00015174827690121013
0,0,0.00018058330074157252
0,0,0.00014932379142402664
0,0,0.00013820222914042877
0,0,0.00014984137977239886
0,0,0.0001566797200045454
0,0,0.00016580503730401742
0,0,0.0001607615240341999
0,0,0.0001961761067607194
0,0,0.00015216151341763124
0,0,0.000161935668498834
0,0,0.0001549040792836214
0,0,0.00037353942090761604
0,0,0.0005615208908186767
0,0,0.00016391813036293002
0,0,0.0003270501553493184
0,0,0.00016372598879804703
0,0,0.00015684136974012525
0,0,0.00014416241296199582
0,0,0.0002724003591730521
0,0,0.0005256980881856066
0,0,0.0003338659785649518
0,0,0.00020392379272645637
0,0,0.00031963854019277025
0,0,0.00014681772107767352
0,0,0.00015730739796154195
0,0,0.00024171375868242936
0,0,0.00017899639177326328
0,0,0.0003592858649609417
0,0,0.00019245085883609237
0,0,0.0001902844484782707
0,0,0.00022444384383031645
0,0,0.000179793401751935
0,0,0.00018255426688381187
0,0,0.00013879278113887583
0,0,0.0001559644522771346
0,0,0.00016354584096827984
0,0,0.0001589673962637292
0,0,0.00015751908184463129
0,0,0.0001514612394129545
0,0,0.0001410013757238406
0,0,0.00017196928570421938
0,0,0.00015313741815363736
0,0,0.0001450110196767959
0,0,0.00018122683987774655
0,0,0.00020403508366006646
0,0,0.00015606548915513083
0,0,0.00027242331623450835
0,0,0.00018883437376944313
0,0,0.00015925995714724672
0,0,0.00014195418091370425
0,0,0.00019786387767701662
0,0,0.00015255554537081924
0,0,0.0002005512228664525
0,0,0.0001540993644449487
0,0,0.00014598769997459487
0,0,0.0002381553286004349
0,0,0.00017699573690241224
0,0,0.0002693436818955989
0,0,0.0001482010737197281
0,0,0.00048293525597473943
0,0,0.00015347492804691822
0,0,0.00016418572223411628
0,0,0.00014158000713529182
0,0,0.00015014829570136589
0,0,0.00015918805249475135
0,0,0.0001446906229642926
0,0,0.00016952348130531823
0,0,0.00015646286153284691
0,0,0.00039863220803718367
0,0,0.00013154996708994525
0,0,0.00014032664198141982
0,0,0.00015162336256765215
0,0,0.0003395820236957919
0,0,0.00015527618099960708
0,0,0.0002257913158247415
0,0,0.00027551594067372863
0,0,0.00015962253723699618
0,0,0.0005575247449890206
0,0,0.00017028331218936135
0,0,0.00018781738025637392
0,0,0.00015952249566745274
0,0,0.0001574647372199046
0,0,0.0006176363442314064
0,0,0.00018434782638724942
0,0,0.00019106241146907293
0,0,0.00014368132215017516
0,0,0.0001969046659814433
0,0,0.0002534903765706768
0,0,0.0005992368907059425
0,0,0.00015288403344110782
0,0,0.00035005201323166826
0,0,0.00035628603750666854
0,0,0.0007042882364461865
0,0,0.0001549763389429251
0,0,0.00016678756863499524
0,0,0.0002031353854902624
0,0,0.00016818396505915797
0,0,0.00023119161077956132
0,0,0.0001541670890670837
0,0,0.0006668183657675325
0,0,0.0001686571581497933
0,0,0.00019960123767445674
0,0,0.00036556521472160035
0,0,0.00036676899790237836
0,0,0.00014659335197766033
0,0,0.00014538577635581876
0,0,0.00015436342945031393
0,0,0.0001571270959396021
0,0,0.0001552582143868657
0,0,0.00016227910198655617
0,0,0.00014762683225823272
0,0,0.00014767412725477232
0,0,0.00017284401104501355
0,0,0.00014556069820108712
0,0,0.00014425530187595
0,0,0.00014561474982247946
0,0,0.00030037596678944865
0,0,0.0001696635533416738
0,0,0.00015414975543462403
0,0,0.0005648390496102689
0,0,0.00016998996515565971
0,0,0.00017608826687945164
0,0,0.00014450168159879748
0,0,0.0002126605303375243
0,0,0.0002082145940322148
0,0,0.00016185560511117672
0,0,0.00014904148779834285
0,0,0.0002504520121698976
0,0,0.00015867421564902515
0,0,0.00014670895504795858
0,0,0.00017068283344423682
0,0,0.00014134535363272683
0,0,0.00014468687820009627
0,0,0.00016457569108305567
0,0,0.00015232371396625377
0,0,0.00016375996382656668
0,0,0.00017251814579870872
0,0,0.00014227810397933049
0,0,0.0001592897034851977
0,0,0.00016946630968653443
0,0,0.00017568019132498913
0,0,0.00015014829570136589
0,0,0.00018136226833940263
0,0,0.00018747981433838137
0,0,0.00014795498710776868
0,0,0.00016036182052056664
0,0,0.0017886420876640015
0,0,0.00022891034904693524
0,0,0.0006198644197250872
0,0,0.00015685316338943565
0,0,0.0001494144987848517
0,0,0.00014180745705779182
0,0,0.00019410720882727535
0,0,0.00015270015012811485
0,0,0.00014624681217031808
0,0,0.0001603277311696193
0,0,0.0001398573800168915
0,0,0.0003182526386782335
0,0,0.0001396578999750273
0,0,0.00014448932218277694
0,0,0.00015069338137024742
0,0,0.00029255259050952926
0,0,0.0003891166373794252
0,0,0.00015003888131491313
0,0,0.0001436898232746525
0,0,0.00025862241964915
0,0,0.00016565826490555073
0,0,0.00015600841771193946
0,0,0.00017889041311145522
0,0,0.0001526383931523873
0,0,0.00015811136640958646
0,0,0.00013805881935076143
0,0,0.00015294482306160313
0,0,0.00013902492568289738
0,0,0.0001461105472370915
0,0,0.0004985000195324665
0,0,0.00023725447148193458
0,0,0.0001584668082423112
0,0,0.00016258211781314637
0,0,0.0001437123822728025
0,0,0.00020603563932071806
0,0,0.0001723370575683043
0,0,0.00019305863689492305
0,0,0.00016122889401078011
0,0,0.00045188940996297706
0,0,0.00019713105284118522
0,0,0.0001793137415038204
0,0,0.00015154206371717255
0,0,0.00014515003521124685
0,0,0.00016557601204424347
0,0,0.0001608663902432864
0,0,0.00014624681217031808
0,0,0.0001513776075189141
0,0,0.000142343509058763
0,0,0.00020861008516223615
0,0,0.000531938291896602
0,0,0.0001728429669932396
0,0,0.0001407661429203502
0,0,0.0002031353854902624
0,0,0.00013876955918852327
0,0,0.0001688967918746737
0,0,0.00020918185169688328
0,0,0.0003861993770236558
0,0,0.00018042598797593517
0,0,0.00015895645355757174
0,0,0.00014919325110900216
0,0,0.00014813145281196145
0,0,0.0001508822529977489
0,0,0.00014577232363889453
0,0,0.00015466691169199815
0,0,0.00015372594081873646
0,0,0.00016828036352977658
0,0,0.00016492082977934497
0,0,0.00019936569231800128
0,0,0.00014659318300287052
0,0,0.0001458378986136036
0,0,0.00028246622359334603
0,0,0.00014202300880223476
0,0,0.0001750846308477882
0,0,0.00032335414949880963
0,0,0.00021626162943883822
0,0,0.0001501168289069167
0,0,0.0001824424617495544
0,0,0.00018634365562390453
0,0,0.00017755473578598397
0,0,0.00014679240093583648
0,0,0.00027035440028303794
0,0,0.00018658658564629066
0,0,0.00019941988426732781
0,0,0.0015286652713498953
0,0,0.00014825334941426512
0,0,0.00016711499826539526
0,0,0.0001774610693955244
0,0,0.00014805411301887207
0,0,0.0001530986867446073
0,0,0.0001601195803532917
0,0,0.00016009026981692834
0,0,0.00014173268773064144
0,0,0.00033650452436271384
0,0,0.00017076708444971689
0,0,0.00020560040509149736
0,0,0.00014319630662985988
0,0,0.00020145436912220288
0,0,0.00018611644087248552
0,0,0.00014442279060192616
0,0,0.00015496354288070804
0,0,0.00016144972110953594
0,0,0.00014482916317072792
0,0,0.0001500368002122895
0,0,0.00015567241663615516
0,0,0.00014222440865696722
0,0,0.0002849974106915404
0,0,0.00013839911428027458
0,0,0.00016543837378696905
0,0,0.00016123714168324836
0,0,0.00016044711532440427
0,0,0.00023393796378938574
0,0,0.00026570375128813517
0,0,0.00014066677838845453
0,0,0.00028157186914408997
0,0,0.00015293968904610085
0,0,0.00015899030001359626
0,0,0.0006020339039570919
0,0,0.0011410893425406494
0,0,0.0001496320115149926
0,0,0.00015823300778834321
0,0,0.0001396578999750273
0,0,0.00014936363198425102
0,0,0.00015387132457267416
0,0,0.0005674469087800603
0,0,0.00015393645239131622
0,0,0.00018619807499787469
0,0,0.00016625104968233642
0,0,0.00020190770745495
0,0,0.00022498678759311677
0,0,0.00016825422259582868
0,0,0.00016377476173959796
0,0,0.00014521122170881723
0,0,0.010714758714777247
0,0,0.0004066422868709166
0,0,0.00017663699306873275
0,0,0.00015664594249491676
1,0,0.001880139113700519
0,0,0.00014735257196399524
0,0,0.00015651555741007787
0,0,0.00015351367458420504
0,0,0.0001613453967934477
0,0,0.00016217774814871074
0,0,0.00016984138806568687
0,0,0.00015565312156761945
0,0,0.0001503784721697244
0,0,0.00013975888747101177
0,0,0.00013475301918551688
0,0,0.0005783532017206337
0,0,0.00019797184197328216
0,0,0.0001592513233084062
0,0,0.00018123328720072947
0,0,0.00019329736770743787
0,0,0.0001908913119429197
0,0,0.00017702766088320096
0,0,0.00014522239155117392
0,0,0.0001628120935986283
0,0,0.00014816009723716566
0,0,0.0001414952405246167
0,0,0.006873064055792403
0,0,0.00040731322131924756
0,0,0.00016658804804013948
0,0,0.00014196629182898837
0,0,0.0001753864176997959
0,0,0.00018160873610420584
0,0,0.00019283354303123695
0,0,0.00015957383320755993
0,0,0.000145388095676436
0,0,0.00015392609995435635
0,0,0.00015573697197285083
0,0,0.00015380130357551495
0,0,0.00015164932960008712
0,0,0.00021586402775942236
0,0,0.00014684369128814125
0,0,0.0002483267198696177
0,0,0.00016212630368653397
0,0,0.0002575479765321523
0,0,0.0001606486978252454
0,0,0.00016800724909039376
0,0,0.00016225596004575582
0,0,0.00020818226321716582
0,0,0.0001568059966884294
0,0,0.00015553051889888507
0,0,0.00042409456876521485
0,0,0.0001460568519147282
0,0,0.0001436898232746525
0,0,0.00016520039008746708
0,0,0.00014736902995437845
0,0,0.0001395509447625011
0,0,0.0003948882509135849
0,0,0.00015187551834726313
0,0,0.00014598769997459487
0,0,0.0002877138625998802
0,0,0.0001619863235672063
0,0,0.00019152757295536242
0,0,0.0005813119036191336
0,0,0.0003732800395082898
0,0,0.00015338698617673433
0,0,0.00018207785852902023
0,0,0.00017540978923946899
0,0,0.0001489215696429172
0,0,0.00014760645450695282
0,0,0.0001916944902837493
0,0,0.0001498438008174485
0,0,0.00015029489229436907
0,0,0.0001761222564321382
0,0,0.00015571343233552806
0,0,0.00016352031849836186
0,0,0.00032321436928390337
0,0,0.00015799924229789196
0,0,0.0003757968086068427
0,0,0.00017722181359038213
0,0,0.0001490978568143531
0,0,0.00014134535363272683
0,0,0.00018098423504963302
0,0,0.00018029042034169653
0,0,0.000151918764453006
0,0,0.002254172286915563
0,0,0.00015193414954951508
0,0,0.00013902492568289738
0,0,0.00018179053179921098
0,0,0.0009726474427138998
0,0,0.00015257741570916142
0,0,0.00020123450376577533
0,0,0.00014965553143103162
0,0,0.0124986288316233
0,0,0.00014694867643795393
0,0,0.00031767984832847406
0,0,0.00039525447446997307
0,0,0.00014883562946061131
0,0,0.0002752084232419115
0,0,0.0001644677446961005
0,0,0.0001497660009508846
0,0,0.0002032494990177196
0,0,0.00020695767040201964
0,0,0.00015996388305060266
0,0,0.00036701779481378903
0,0,0.00017124627291074333
0,0,0.0005196320251185293
0,0,0.00019406638930454653
0,0,0.00016060545591433924
0,0,0.0001630762084570189
0,0,0.00016433983383364127
0,0,0.00015126941535104893
0,0,0.00017784215776638372
0,0,0.00015383185776252835
0,0,0.00042141613565050096
0,0,0.0001591934775490446
0,0,0.00014937318891995253
0,0,0.00016918663235739493
0,0,0.00014780919186081594
0,0,0.0001588413249575273
0,0,0.005541051137947609
0,0,0.0006321428980870226
0,0,0.0001410066770595296
0,0,0.00014414369561191516
0,0,0.0001532402595385103
0,0,0.00016316090006422598
0,0,0.00015099276170057883
0,0,0.00015820797048782901
0,0,0.00045422846210854695
0,0,0.0001645333343673833
0,0,0.00015432845779126455
0,0,0.00014961205115894416
0,0,0.00016110864835920856
0,0,0.00019419946102992738
0,0,0.00030172660889578155
0,0,0.00014372107853615713
0,0,0.00015279438229412064
0,0,0.00018595957224676836
0,0,0.00014769505289876728
0,0,0.00015111595966525065
0,0,0.0002962252977931212
0,0,0.00024301626037571925
0,0,0.00032879159565687435
0,0,0.00018760683520721526
0,0,0.00015161234730905868
0,0,0.00014055323862184594
0,0,0.00023577638280021897
0,0,0.00042928657088329037
0,0,0.0001559280253012362
0,0,0.0008699104207967889
0,0,0.00015309350800299352
0,0,0.0001813909673224258
0,0,0.00015039978751909283
0,0,0.00020818226321716582
0,0,0.00014559173780774666
0,0,0.00015949968557110158
0,0,0.00016755941870739643
0,0,0.0001620184531123688
0,0,0.00015881320140705054
0,0,0.00015267114593457297
0,0,0.00017181268109116936
0,0,0.00014924802807988097
0,0,0.00015668524011443603
0,0,0.00014918099024199515
0,0,0.0001595016420055522
0,0,0.00015369504029896878
0,0,0.0006620921211954326
0,0,0.0001458435091380686
0,0,0.0001500518737889138
0,0,0.0002313487659265071
0,0,0.00014410484435946975
0,0,0.0001456189729257629
0,0,0.0024190274627755434
0,0,0.0001707628976276368
0,0,0.0001954524849344199
0,0,0.00014173268773064144
0,0,0.00018245324830466758
0,0,0.00015513260559785232
0,0,0.0001632070541962783
0,0,0.0001816436936054766
0,0,0.0002245076550577014
0,0,0.00013725002117708204
0,0,0.0010516239627347012
0,0,0.00024025353531074555
0,0,0.0007420860649554238
0,0,0.00015916707302802524
0,0,0.00025316942269877244
0,0,0.00014446595452343008
0,0,0.0003797051026492905
0,0,0.0005208097957324283
0,0,0.00015582772779895067
0,0,0.00015154566888887975
0,0,0.0001712973339855693
0,0,0.0007645204179563432
0,0,0.00014626131761714207
0,0,0.00017109125332321443
0,0,0.0004988197565759995
0,0,0.00015132359968334828
0,0,0.0002075851774589068
0,0,0.00019299456488431347
0,0,0.00016477431026148536
0,0,0.00017330244466910998
0,0,0.0002140014518080306
0,0,0.00022256115852846024
0,0,0.00017528530453456997
0,0,0.00016766897935044023
0,0,0.0001459253651958893
0,0,0.00018560766521579959
0,0,0.0005172108409847184
0,0,0.00028875303719895794
0,0,0.00013879278113887583
0,0,0.0006744611756993039
0,0,0.00016030212128010144
0,0,0.00019422618917496826
0,0,0.00015377583694916824
0,0,0.00016858924297730022
0,0,0.00021563098250406272
0,0,0.00016016216608484712
0,0,0.00013885702577080898
0,0,0.0001766067795716214
0,0,0.0001526737247673107
0,0,0.00018907218178942524
0,0,0.00014097452410701618
0,0,0.00014884988859617147
0,0,0.00014817311730094574
0,0,0.0001601732536755696
0,0,0.00014634753757450015
0,0,0.0003254246662706518
0,0,0.00015886643289127919
0,0,0.00014940665499677417
0,0,0.00022786393086458222
0,0,0.00015001598799287746
0,0,0.00015066234207773078
0,0,0.00032747286619959034
0,0,0.00015688830923127773
0,0,0.00014256099026873124
0,0,0.0001571117584865897
0,0,0.00019523654355836184
0,0,0.00024810591356328116
0,0,0.00016731309483129355
0,0,0.00016419620651755092
0,0,0.00014490545991065692
0,0,0.0001781505438480863
0,0,0.00014202300880223476
0,0,0.00015564357407367414
0,0,0.0001517708358993601
0,0,0.0001671857144155656
0,0,0.0001508919511068694
0,0,0.00013805881935076143
0,0,0.00015204945532614795
0,0,0.00016772164703679384
0,0,0.0001970257056979963
0,0,0.00017372696294045068
0,0,0.0001495188094333011
0,0,0.0001632500972831392
0,0,0.0003017055895629443
0,0,0.0001402271031759505
0,0,0.00015764707717982174
0,0,0.00018026290880585136
0,0,0.0001430390504819612
0,0,0.0001784141343648177
0,0,0.00015315799015845342
0,0,0.00015918805249475135
0,0,0.0001423494026102064
0,0,0.00015032237517978656
0,0,0.00017986398105766295
0,0,0.00013925189698861586
0,0,0.00015415268394726458
0,0,0.00017299987677565933
0,0,0.0001694021146361031
0,0,0.0001615542480093256
0,0,0.00024683910893902994
0,0,0.0003822247781989686
0,0,0.0001406139008031559
0,0,0.0002754734153429579
0,0,0.00013888122760631987
0,0,0.00015439479628589
0,0,0.0001818692192481039
0,0,0.00017889329558432932
0,0,0.00048401299195932536
0,0,0.00018683259130328658
0,0,0.00015860983213011605
0,0,0.00015915957118014246
0,0,0.000153377913312234
0,0,0.00020190509929798338
0,0,0.00013805881935076143
0,0,0.00015800409883929214
0,0,0.00015016171106042902
0,0,0.00028223458921626396
0,0,0.00029540888351595505
0,0,0.00014854627132735625
0,0,0.0007505050498690847
0,0,0.00031185725825825524
0,0,0.0007868442276393609
0,0,0.0001614518870833917
0,0,0.00015603681340534305
0,0,0.009939885292430865
0,0,0.00017802579569104208
0,0,0.00013975888747101177
0,0,0.000159044003357025
0,0,0.0001448412152787238
0,0,0.00022405823497717825
0,0,0.0001997462891055913
0,0,0.00018122087731112677
0,0,0.00014826437171485313
1,1,0.9669574842487464
0,0,0.00021159901772863736
0,0,0.00016845783442042604
0,0,0.00016160261630718026
0,0,0.00019170240285325255
0,0,0.0001637781210819588
0,0,0.00016274755379403407
0,0,0.00017638396224286024
0,0,0.00018295028071392278
0,0,0.00019967119549666097
0,0,0.005424898388236213
0,0,0.00013590441118958813
0,0,0.00015138895170622302
0,0,0.008292674978812451
0,0,0.000690212334173314
0,0,0.00016918481099948088
0,0,0.00014976004059768011
0,0,0.0001440948453346298
0,0,0.0001541670890670837
0,0,0.00019520540421708585
0,0,0.00015899072375698237
0,0,0.00014562805465213682
0,0,0.00015866616217640792
0,0,0.00018888443874120423
0,0,0.00015672429025783303
0,0,0.0001648147971008313
0,0,0.0002033531060346894
0,0,0.00015014829570136589
0,0,0.00015501706236587516
0,0,0.00015240344450367918
0,0,0.00017146373107192067
0,0,0.00015982760458719327
0,0,0.0001960171450298534
0,0,0.00018602392777109834
0,0,0.00013879278113887583
0,0,0.00028704422704419234
0,0,0.005295894020197788
0,0,0.00017392179688383307
0,0,0.00018287773167165037
0,0,0.00016019519188907635
0,0,0.0001793768429120089
0,0,0.00016126368433635354
0,0,0.0005899169324841308
0,0,0.00015592391950412608
0,0,0.00014963658587558283
0,0,0.00021596831924284627
0,0,0.00037882982518648844
0,0,0.0004910559308953628
0,0,0.000285945574149055
0,0,0.00017011415974215927
0,0,0.000586613744810103
0,0,0.000186721430200887
0,0,0.00014854827853927427
0,0,0.00014919829253234797
0,0,0.00019545349010864128
0,0,0.0001559182031177885
0,0,0.00017308759600831274
0,0,0.00015640435105332575
0,0,0.00014319630662985988
0,0,0.00015092963257436093
0,0,0.00032742232392730063
0,0,0.00016700090794652801
0,0,0.00022931376161082725
0,0,0.00015277513626636415
0,0,0.0032775943545819645
0,0,0.0001539481038508457
0,0,0.00022980368874906445
0,0,0.00022032231303267282
0,0,0.00014692043953971564
0,0,0.00015767211572181972
0,0,0.000146155914977348
0,0,0.00017746497700402877
0,0,0.00016034537385013563
0,0,0.0002146707761208359
0,0,0.00016557946745977245
0,0,0.00015160099773587986
0,0,0.0001613327915249752
0,0,0.0001558067822998146
0,0,0.00016260033736393596
0,0,0.0001445073693061621
0,0,0.00016390097129673973
0,0,0.0002912549837938857
0,0,0.0001527058734906041
0,0,0.00016175740679947212
0,0,0.00029965187012141975
0,0,0.00032294789688102536
0,0,0.0001637525945190144
0,0,0.00016879706988888961
0,0,0.00028583053549961096
0,0,0.0001527379063748477
0,0,0.00014884301341661513
0,0,0.0001458891367003253
0,0,0.00015908398996831248
0,0,0.00017131854916821473
0,0,0.00017442655500991762
0,0,0.00014606841963026195
0,0,0.0001982996446902205
0,0,0.00014074358392220028
0,0,0.0001793647410715253
0,0,0.00014965565829164052
0,0,0.00018119721140153513
0,0,0.00015753565679374798
0,0,0.0003464760116542903
0,0,0.00019871831330625056
0,0,0.00036546558946134376
0,0,0.00014241321553179768
0,0,0.0002004282010792062
0,0,0.00014580067014196793
0,0,0.00015850826198179611
0,0,0.0001560376429143741
0,0,0.00014961205115894416
0,0,0.00015469173799532258
0,0,0.00017712878392315737
0,0,0.0003630777451205272
0,0,0.0001486563815441547
0,0,0.00015449320810364804
0,0,0.0003070083051280934
0,0,0.00016542185241187791
0,0,0.00015662880327473448
0,0,0.003925041415712192
0,0,0.00017494764299703255
0,0,0.0002180715516178472
0,0,0.0021588892828577084
0,0,0.00016294967492027016
0,0,0.0003646158004742408
0,0,0.0001732960519217667
0,0,0.00015060122403559058
0,0,0.0001721693355527922
0,0,0.00014702205935498657
0,0,0.0001482341623249365
0,0,0.00037106896243054726
0,0,0.00015403031058679626
0,0,0.00015327439853770033
0,0,0.00018545876949696007
0,0,0.002320643689137124
0,0,0.0001407665813985055
0,0,0.0001628936545070671
0,0,0.00015536995061666276
0,0,0.0011955914302334992
0,0,0.001225489217149785
0,0,0.00015329994357035547
0,0,0.00015466691169199815
0,0,0.00015525873349218493
0,0,0.00029048189535653965
0,0,0.0006141523049727168
0,0,0.0001505551992633557
0,0,0.00015465439016506535
0,0,0.00023841799507467852
0,0,0.00016358257450198711
0,0,0.00013978637873486604
0,0,0.00022934098082448456
0,0,0.0001942363062843071
0,0,0.00014360193123795018
0,0,0.00015829041881439715
0,0,0.0003293068337765954
0,0,0.00018711160609210834
0,0,0.000182177664001211
0,0,0.0001796756212379863
0,0,0.000381365273475313
0,0,0.0001524615369767209
0,0,0.00016278543615226042
0,0,0.00016023735145015346
0,0,0.0001559929621822335
0,0,0.0008819751237777749
0,0,0.00017867690223244867
0,0,0.0005482638880421283
0,0,0.00015733235346621684
0,0,0.00015002223955816652
0,0,0.00016076988348074928
0,0,0.0001669792285279115
0,0,0.00016233982615425778
0,0,0.00013978637873486604
0,0,0.00015468078414258325
0,0,0.00015182063892229774
0,0,0.00014319630662985988
0,0,0.00015139356288594973
0,0,0.00016969365971095628
0,0,0.00021906545092425725
0,0,0.00015108300958790354
0,0,0.00015621298362360138
0,0,0.0005280562317790504
0,0,0.0001534049560628896
0,0,0.00034980077059637777
0,0,0.00019473868957952723
0,0,0.00015687793805316846
0,0,0.0005591505622130381
0,0,0.00014703541259193474
0,0,0.00014425530187595
0,0,0.0002680314298954227
0,0,0.00015723577698217292
0,0,0.00018685189455073915
0,0,0.00018547181302950476
0,0,0.00014535859238184236
0,0,0.00015494464761102642
0,0,0.00016436751300461425
0,0,0.00017096917773942638
0,0,0.00015421998798918884
0,0,0.0001649249296937849
0,0,0.0002606455859922921
0,0,0.00014835756923592497
0,0,0.00014257777207960103
0,0,0.00016600304872364623
0,0,0.00016841618135458977
0,0,0.0001510734039112801
0,0,0.020042651069419215
0,0,0.0001851983204436054
0,0,0.00018327181852894963
0,0,0.00017040099384195401
0,0,0.00018341050844233747
0,0,0.00017550002393413176
0,0,0.0001513776075189141
0,0,0.0003704536388911132
0,0,0.00015293991549601612
0,0,0.00015899040287967804
0,0,0.00013927445598676586
0,0,0.00016505605491972593
0,0,0.00015455383698275565
0,0,0.0001619863235672063
0,0,0.00014884301341661513
0,0,0.00020311925034544382
0,0,0.0008917290256469415
0,0,0.0005790696409008486
0,0,0.00017797874764657792
0,0,0.000146752100346228
0,0,0.0001784270325030213
0,0,0.00023306084338399472
0,0,0.00020839359548028926
0,0,0.00014173268773064144
0,0,0.00015515055470424012
0,0,0.0051615516385874124
0,0,0.00015216556199343706
0,0,0.00015271029146639412
0,0,0.0001696287574529566
0,0,0.00018107454527362783
0,0,0.00026958380793969144
0,0,0.00021314865221058017
0,0,0.00015871951673836703
0,0,0.0001530991018710501
0,0,0.00018498345217325926
0,0,0.00016563576357546498
0,0,0.00015353261759412851
0,0,0.0001748716548133375
0,0,0.00015119864032987342
0,0,0.0002615993359765405
0,0,0.0001635556581313992
0,0,0.00020684423221699894
0,0,0.00015009916755136102
0,0,0.0001861739907460516
0,0,0.0001773384960521558
0,0,0.00018307091690422127
0,0,0.00015737467373974222
0,0,0.00017013648560620055
0,0,0.00016972460151257196
0,0,0.00014410579798052815
0,0,0.00014336452163261302
0,0,0.0001561168490719311
0,0,0.00026289610349032426
0,0,0.00017075088706812078
0,0,0.00013879278113887583
0,0,0.00020555976573185858
0,0,0.0005706476515344737
0,0,0.00024341025579834955
0,0,0.0017935298410219306
0,0,0.00014643828660232112
0,0,0.0004089900652201613
0,0,0.0001844940251755322
0,0,0.0002025621108583877
0,0,0.0001898243658781762
0,0,0.00014685602117161243
0,0,0.00014748314969889638
0,0,0.000248591259774303
0,0,0.0001714921507765119
0,0,0.00018976362051720567
0,0,0.0002639199190162393
0,0,0.0006324017217015539
0,0,0.00014681753717163529
0,0,0.00018021895908881285
0,0,0.00014918719721153267
0,0,0.0005280887481345537
0,0,0.0001580042693209273
0,0,0.00035059032361290407
0,0,0.00015886934462323586
0,0,0.0016222711985149824
0,0,0.00025644641189910864
0,0,0.0001757767298147666
0,0,0.00016856593263831133
0,0,0.00015207794411564564
0,0,0.0001596820012285283
0,0,0.00022211447762090413
0,0,0.00019805697446885598
0,0,0.0004587261683310417
0,0,0.0001460568519147282
0,0,0.0004061222810353518
0,0,0.00016247597031580826
0,0,0.000182092668804925
0,0,0.00015288741927583358
0,0,0.00018752793878845333
0,0,0.00013727743377678364
0,0,0.00016913132271482076
0,0,0.00044249959073709
0,0,0.00016784830252261943
0,0,0.00035434234390227824
0,0,0.0005136245039845726
0,0,0.0001528849651362673
0,0,0.00016929808477239526
0,0,0.00015012656264084366
0,0,0.00022741434225015728
0,0,0.006354107836623431
0,0,0.00017975671780424727
0,0,0.0001565572405900808
0,0,0.00016144028172516094
0,0,0.0003640615224273815
0,0,0.00016241253966101847
0,0,0.00015552552994800358
0,0,0.00030656994044846
0,0,0.00015350267462972713
0,0,0.0001578807199604903
0,0,0.000149579133929694
0,0,0.00015217718933187698
0,0,0.00015341450065940637
0,0,0.00017554000128393855
0,0,0.0001469380035835431
0,0,0.0002462635338216531
0,0,0.00016321302957958018
0,0,0.00014112275861002715
0,0,0.000198275993377717
0,0,0.00014583093351149803
0,0,0.0001448412152787238
0,0,0.00016176685359335334
0,0,0.00046835668944022785
0,0,0.014595153780502293
0,0,0.0003956700966488014
0,0,0.0001439168479752164
0,0,0.00015534247882603253
0,0,0.00014710262190655986
0,0,0.0004404728988610463
0,0,0.00020125821674815057
0,0,0.00015406803486370723
0,0,0.00021858357379018326
0,0,0.0001522380987864614
0,0,0.0001877183864545584
0,0,0.00016013521034251887
0,0,0.00017903875203995975
0,0,0.00042029803024920396
0,0,0.00015558060129303614
0,0,0.02383883630759663
0,0,0.0002869073923332584
0,0,0.00014959296361404453
0,0,0.0005018792494391076
0,0,0.0002242351729065585
0,0,0.00014918325389635278
0,0,0.00016347834689189923
0,0,0.00014526147073096331
0,0,0.0005460197658242674
0,0,0.000151335185823705
0,0,0.001987386719534436
0,0,0.0001759691204746237
0,0,0.0001986458100323386
0,0,0.005856198839685714
0,0,0.000464865175749102
0,0,0.00020725907076568812
0,0,0.00014033734565775888
0,0,0.00014504185430493517
0,0,0.00023386719565573908
0,0,0.00017667281665919446
0,0,0.00034997143051961646
0,0,0.00018131666505301133
0,0,0.00017044586774453378
0,0,0.0001502314636394822
0,0,0.00026726824022121095
0,0,0.00018594242967881082
0,0,0.0006509717258701385
0,0,0.00016816334353931422
0,0,0.00017394432261952497
0,0,0.00019742816575782525
0,0,0.00031904954844456696
0,0,0.00014274299953606178
0,0,0.00021396552906375723
0,0,0.0001652731222744519
0,0,0.0001630454138318056
0,0,0.0001498134526997216
0,0,0.00016367436554187074
0,0,0.00017242785658725366
0,0,0.0001566790363225286
0,0,0.00015761071108997177
0,0,0.00015014829570136589
0,0,0.00016383498910879307
0,0,0.00019563210512859718
0,0,0.0001555170835729423
0,0,0.00015819722675742136
0,0,0.00044351376452192594
0,0,0.0001542233111302041
0,0,0.00015990007871344105
0,0,0.00013865918856630565
0,0,0.00017035143454354162
0,0,0.0001878063519959185
0,0,0.00016149085633141675
0,0,0.00014319630662985988
0,0,0.0017051784263901173
0,0,0.0001596899910052091
0,0,0.002667794256326598
0,0,0.00014749518579063985
0,0,0.00014941372386076068
0,0,0.00019803324706605394
0,0,0.0001754117060508642
0,0,0.0001462896650735556
0,0,0.0001436898232746525
0,0,0.00014521122170881723
0,0,0.00031436853007395726
0,0,0.00016252782267183727
0,0,0.0001555030680654783
0,0,0.00015434939997544276
0,0,0.00017360463672787434
0,0,0.0002133562575581116
0,0,0.00017769207942822373
0,0,0.0001667726808600216
0,0,0.00024459912066851166
0,0,0.00015794927809435627
0,0,0.00015409816689166783
0,0,0.0002615638506233575
0,0,0.0002071336479066771
0,0,0.00015475961090874622
0,0,0.00016453564049368426
0,0,0.00019601405713496733
0,0,0.00020540427115865663
0,0,0.00016205875846976985
0,0,0.00015966945487698073
0,0,0.00014667846265786205
0,0,0.00015780335855334612
0,0,0.00017592755471947856
0,0,0.00018649057442812148
0,0,0.00021083258064358236
0,0,0.0001407665813985055
0,0,0.0003247554716670759
0,0,0.00021506167375475463
0,0,0.0001592227787657552
0,0,0.00018297445569061363
0,0,0.0001567799598437122
0,0,0.00015291393880218586
0,0,0.00014195589420199962
0,0,0.00016483424770795082
0,0,0.00017076330582336584
0,0,0.00018989716222157118
0,0,0.00015200670135906907
0,0,0.00016973172692015453
0,0,0.00017068613719972044
0,0,0.00018691831865727765
0,0,0.00015132939624009503
0,0,0.00027841294061360796
0,0,0.0003016188758293887
0,0,0.00015328367409106903
0,0,0.0001582022721251834
0,0,0.0002300090448554128
0,0,0.00015877591018574304
0,0,0.00015759777762713783
0,0,0.0001505259758841272
0,0,0.00016485065907095108
0,0,0.00015954237936279358
0,0,0.00014234233810723608
0,0,0.0001603504847355833
0,0,0.00019882407286960085
0,0,0.00016545474451959966
0,0,0.00015088462421764415
0,0,0.00019444960120329206
0,0,0.000490581516835444
0,0,0.0002761745846322652
0,0,0.00014221312962854176
0,0,0.00018038184878566723
0,0,0.00018653331599045666
0,0,0.00015461261548609692
0,0,0.00019116771112661008
0,0,0.00014357975061812133
0,0,0.00015830717715569514
0,0,0.00014414369561191516
0,0,0.00021362873906723617
0,0,0.00014419501803858154
0,0,0.00031352956502359004
0,0,0.0006483797734683927
0,0,0.0003420230540436887
0,0,0.00018607023904796224
0,0,0.00014610196018603156
0,0,0.0001687266178526125
0,0,0.00014891117646092012
0,0,0.0005217331914646305
0,0,0.0001509420280034137
0,0,0.00021471223448870893
0,0,0.00014394761507629286
0,0,0.0001767108015548624
0,0,0.00015180915218194734
0,0,0.00014494925233540887
0,0,0.0003188948720631801
0,0,0.0018415671314792603
0,0,0.00015733565910506535
0,0,0.00015692906897153247
0,0,0.0001669643140820275
0,0,0.0020278735246754315
0,0,0.0003620151819121855
0,0,0.00014000841777488026
0,0,0.00015137757789942779
0,0,0.00015028657913537485
0,0,0.00019260091414084003
0,0,0.003823604396735413
0,0,0.0001546406580386561
0,0,0.0001645996399699718
0,0,0.00015224807878636752
0,0,0.0002152705220031875
0,0,0.0001785439736064688
0,0,0.00016550915885319903
0,0,0.0001600944773625285
0,0,0.00014833169234025338
0,0,0.0001494899216245794
0,0,0.00016448660533357473
0,0,0.0003086913951122092
0,0,0.0003440985280648771
0,0,0.0001582383597624015
0,0,0.00015421998798918884
0,0,0.0006079354749697831
0,0,0.00015468554584474904
0,0,0.0002017692800115526
0,0,0.0001669552463087711
0,0,0.00015133899778734788
0,0,0.00014780402245121306
0,0,0.0004245930241196464
0,0,0.00014725909328554547
0,0,0.00014479310886567637
0,0,0.00015571005336530055
0,0,0.0001503072933998723
0,0,0.0002828302392801765
0,0,0.00017349539941146852
0,0,0.0002250413175768656
0,0,0.00018211337475673183
0,0,0.0001546619569140512
0,0,0.00017703279106760601
0,0,0.00014645756790683217
0,0,0.00017149380218987948
0,0,0.00014527121092536093
0,0,0.00021143519596352088
0,0,0.00014707675719996058
0,0,0.00015323575786048587
0,0,0.0001488760023233283
0,0,0.0001594975993784115
0,0,0.0001609913898579997
0,0,0.00016639695744623397
0,0,0.0003816668589659094
0,0,0.00016052953743252477
0,0,0.00017472601025786237
0,0,0.0003042866389974283
0,0,0.0001923923700619024
0,0,0.0005070826692824974
0,0,0.0001443968212634929
0,0,0.00018781932883454115
0,0,0.00014074358392220028
0,0,0.00014555121077413635
0,0,0.00027326810657547415
0,0,0.00014448932218277694
0,0,0.00015707781720551112
0,0,0.00017418085381445272
0,0,0.00017455549442011096
0,0,0.00015587386178043768
0,0,0.00022473814996201312
0,0,0.00026568386350204104
0,0,0.00015685194398289295
0,0,0.00018908268384297704
0,0,0.0001406447354312952
0,0,0.0003211541229377241
0,0,0.00016353945126414094
0,0,0.00014222440865696722
0,0,0.00016414267781134832
0,0,0.0003998974411563859
0,0,0.00015932654328822276
0,0,0.00014319630662985988
0,0,0.0001884221448050042
0,0,0.0006272623674533805
0,0,0.00015265535909407129
0,0,0.00015133859513059378
0,0,0.00018647864736775718
0,0,0.00018575671584085795
0,0,0.0001530747593064788
0,0,0.00016853102075789703
0,0,0.0001465710434818939
0,0,0.0001605494944867293
0,0,0.0001626655422394027
0,0,0.00022980354520790405
0,0,0.00015703560405368785
0,0,0.00015101077928780581
0,0,0.00015607886657477695
0,0,0.00015313479263469234
0,0,0.00016020318589616157
0,0,0.00015917703570172251
0,0,0.00028616294635425534
0,0,0.00016144972110953594
0,0,0.0002672159589111562
0,0,0.00015330913506806613
0,0,0.00016814572803997916
0,0,0.0004048268644392649
0,0,0.00023339130374479521
0,0,0.0001406139008031559
0,0,0.0002016476359673704
0,0,0.00015751105351574353
0,0,0.0001784353883005542
0,0,0.00015531908149476852
0,0,0.00025063179722029414
0,0,0.00016936209334267625
0,0,0.00017803354256942826
0,0,0.00016428757538556138
0,0,0.0002882464549636838
0,0,0.0002618774826553765
0,0,0.00016493360515254166
0,0,0.00017602593831778982
0,0,0.00015178434355562936
0,0,0.00014171536006282027
0,0,0.00015778839971663654
0,0,0.00015299676304542247
0,0,0.00014319630662985988
0,0,0.00018858326229446515
0,0,0.0001646117204341658
0,0,0.0002043574169267616
0,0,0.00021689204562477346
0,0,0.00015164411792130712
0,0,0.00014796263099568186
0,0,0.0001500291134644417
0,0,0.00015157840321533875
0,0,0.00021637667206452095
0,0,0.00020186847052030375
0,0,0.00018075547945282307
0,0,0.00016127080736381695
0,0,0.0001407665813985055
0,0,0.00015257741570916142
0,0,0.00015158929965028314
0,0,0.00015719678239211327
0,0,0.0005136714921453996
0,0,0.00017296822862075318
0,0,0.00014643704484409038
0,0,0.0001529120372199197
0,0,0.00016370873787368662
0,0,0.00016040832146861856
0,0,0.00021959301177383575
0,0,0.00015454958092154467
0,0,0.00019208397536627758
0,0,0.00028778647024957273
0,0,0.0001459046944155952
0,0,0.00014458862903154857
0,0,0.0001536119508677951
0,0,0.00015521528010462601
0,0,0.00047024896679343474
0,0,0.0003064227481170846
0,0,0.0010040218175429167
0,0,0.00014247652974765738
0,0,0.00015366261817629059
0,0,0.00014804570549669215
0,0,0.00019466218541719515
0,0,0.00017912752855607156
0,0,0.0003717661053551252
0,0,0.0001525033452552262
0,0,0.00015324223572552031
0,0,0.0001487817575859152
0,0,0.00014844150663197284
0,0,0.00022460197282836954
0,0,0.00019284548996860201
0,0,0.0001743269655311257
0,0,0.0001914493069866139
0,0,0.00014872656355806026
0,0,0.00014694867643795393
0,0,0.00014519012466587822
0,0,0.00020831535875535348
0,0,0.00015608591492290017
0,0,0.00023701873620718758
0,0,0.0001478244507042844
0,0,0.0002759044810086711
0,0,0.00013596334657907684
0,0,0.00014685090208431845
0,0,0.00014554494169098694
0,0,0.00015929657765777224
0,0,0.00014078725451467948
0,0,0.0001697956471223824
0,0,0.00014576530898384988
0,0,0.0001396578999750273
0,0,0.0002797209073257514
0,0,0.00017505348160394034
0,0,0.0001820524269481935
0,0,0.00014884301341661513
0,0,0.0001450580641472941
0,0,0.00020427205726511553
0,0,0.00015001938270441312
0,0,0.0001500291134644417
0,0,0.00017741232672914466
0,0,0.0001514519920686368
0,0,0.00015247902493746284
0,0,0.00018714773890085524
0,0,0.00015050723238125936
0,0,0.0003845444611490477
0,0,0.0004253711569228661
0,0,0.00013839911428027458
0,0,0.0001634022378196282
0,0,0.00015626774356567504
0,0,0.00017084011225340686
0,0,0.0001439302684179743
0,0,0.00015377583694916824
0,0,0.00015410527456656713
0,0,0.00016838464964629365
0,0,0.0001458398607553344
0,0,0.000141552740358552
0,0,0.0001458630329427487
0,0,0.00014841327960937902
0,0,0.0004317763053063394
0,0,0.00023916892638680825
0,0,0.0001488095641944999
0,0,0.00017343395345592138
0,0,0.00014565834921400714
0,0,0.0005511244323772736
0,0,0.00027062640829837617
0,0,0.00014379151249887086
0,0,0.0001610876015541312
1,1,0.7070623993409303
0,0,0.00014655449117533344
0,0,0.00014623002349423955
0,0,0.000533839821196357
0,0,0.00015151736530717827
0,0,0.00026130992639242386
0,0,0.00016514371525732478
0,0,0.00015187551834726313
0,0,0.00014319630662985988
0,0,0.00016510554054881084
0,0,0.000151335185823705
0,0,0.0001695224479461824
0,0,0.00039686273175338894
0,0,0.00014920320505048968
0,0,0.0001503070850041065
0,0,0.00014521112278810237
0,0,0.0001546406580386561
0,0,0.00015740328529071206
0,0,0.00017875323403544524
0,0,0.0002736129185645638
1,0,0.4785631744996168
0,0,0.00014942122684188626
0,0,0.00016327261601569565
0,0,0.00015717202285089651
0,0,0.0001829566107082256
0,0,0.00014331550894234235
0,0,0.00017062402072788544
0,0,0.00019202336824358318
0,0,0.000151147042676128
0,0,0.00016953891921528698
0,0,0.00036153707894575926
0,0,0.00015624565875761473
0,0,0.00014841327960937902
0,0,0.0003527917742811185
0,0,0.0001691920251663701
0,0,0.00019543171832082752
0,0,0.00022349803256351862
0,0,0.010506053258044403
0,0,0.0004841307950655956
0,0,0.00014994967490713303
0,0,0.00015068179524103825
0,0,0.0002051548103335675
0,0,0.0001423568277051193
0,0,0.0001530256943667632
0,0,0.0001485012439566665
0,0,0.00016447991505044618
0,0,0.00014893863476237752
0,0,0.00015507618769487603
0,0,0.0002768695955068566
0,0,0.0001449979148143983
0,0,0.00014856452380912507
0,0,0.00015846104756776902
0,0,0.00014259380688833484
0,0,0.000228726200677703
0,0,0.00017601375038821016
0,0,0.00029932999904320513
0,0,0.0001535007163887242
0,0,0.00014700497579394335
0,0,0.00015702045765164473
0,0,0.0005844400157278205
0,0,0.00015101077928780581
0,0,0.00016574052830722026
0,0,0.0004611863126747139
0,0,0.0001799115033279101
0,0,0.00016589860269718504
0,0,0.00014139072137298337
0,0,0.0002897727374288488
0,0,0.00016810599816188734
0,0,0.00014222440865696722
0,0,0.00024595221913721127
0,0,0.0002969419367505798
0,0,0.00038783165591147877
0,0,0.00014826855961624122
0,0,0.0002446116839399704
0,0,0.0001520557316518285
0,0,0.00013692945291121278
0,0,0.00015903900379759397
0,0,0.00015277935065937206
0,0,0.00022841113636949188
0,0,0.00022635285129504228
0,0,0.00015713372358658464
0,0,0.0001506227136150633
0,0,0.0020055254935877724
0,0,0.00015231092065381762
0,0,0.00016856948958491428
0,0,0.0001440329716225794
0,0,0.0004973138058123795
0,0,0.00026836009564927115
0,0,0.0001405772197243343
0,0,0.00014626247958960848
0,0,0.00031738937887281236
0,0,0.00016086387225225642
0,0,0.00019792535985906477
0,0,0.0001558124606088165
0,0,0.00025587261901232223
0,0,0.00013794806439483215
0,0,0.00015807849822133002
0,0,0.0001563204422846511
0,0,0.00019857377599534563
0,0,0.0001542686085355598
0,0,0.00014639416750285324
0,0,0.00017318918406944683
0,0,0.0001485170853711575
0,0,0.0001513463647765331
0,0,0.0001384288257808549
0,0,0.00020720396794488916
0,0,0.00019036583677720036
0,0,0.00027570000608020696
0,0,0.00015817785795088168
0,0,0.0001938593255213314
0,0,0.00014961205115894416
0,0,0.00019071102879863447
0,0,0.00021003640231732882
0,0,0.00014627724896830948
0,0,0.0002939631642059515
0,0,0.0002078740442049267
0,0,0.00021127554266439687
0,0,0.00014737887199125837
0,0,0.00018103169543249564
0,0,0.00015430702396476852
0,0,0.00016716916268197165
0,0,0.00018010970964879602
0,0,0.00014949051392668336
0,0,0.00015089599378981515
0,0,0.0001965869938521701
0,0,0.00014477589862388525
0,0,0.00016320834189418213
0,0,0.00014084309931901033
0,0,0.00015256283628854606
0,0,0.000276811553084395
0,0,0.00013839911428027458
0,0,0.00015379502783274514
0,0,0.00016415996918673001
0,0,0.0002029872791394986
0,0,0.00021179777360821393
0,0,0.0003241730995052577
0,0,0.00016817118350806356
0,0,0.00015818776426782368
0,0,0.00017463417451247973
0,0,0.00019113558502456164
0,0,0.00019904664268115185
0,0,0.0002548887610347469
0,0,0.0001754513092667353
0,0,0.00019999746959787989
0,0,0.00014652068112792902
0,0,0.00015543505687155973
0,0,0.00014554821326756415
0,0,0.00021899332561671782
0,0,0.00014841327960937902
0,0,0.00047004250273794356
0,0,0.00016131500957576524
0,0,0.0009380302087669475
0,0,0.0001697701889385358
0,0,0.00014702857047720595
0,0,0.00014319630662985988
0,0,0.00018504374246263003
0,0,0.00015133355165500786
0,0,0.00015880639976462407
0,0,0.00019525568006153123
0,0,0.00017074452045765044
0,0,0.00014936230804533216
0,0,0.00016146828689994505
0,0,0.00017299589952218897
0,0,0.00014347214567291138
0,0,0.00015628766537672699
0,0,0.00018459664011699685
0,0,0.0001396578999750273
0,0,0.00015837643636591807
0,0,0.0009325865298245195
0,0,0.0001605870921011757
0,0,0.0001632891641203601
0,0,0.00015752792968543898
0,0,0.00015935273421993266
0,0,0.00015179567861637745
0,0,0.00034491800912391386
0,0,0.00016036903427528952
0,0,0.00021534591142519896
0,0,0.0003864907678411958
0,0,0.00015713639915149275
0,0,0.0001398799390150415
0,0,0.00016841157260072748
0,0,0.00016519513424821303
0,0,0.00015147289863097426
0,0,0.00014324700937246636
0,0,0.00016794396039105145
0,0,0.0010157870655626712
0,0,0.00025310824222261733
0,0,0.00019357400413905657
0,0,0.00017274375343508407
0,0,0.00015191069287571272
0,0,0.0001505797111822979
0,0,0.00019237729522168676
0,0,0.0001709433174378535
0,0,0.00014838810965732662
0,0,0.00014987092527650632
0,0,0.0004648989411793941
0,0,0.0002011909354540944
0,0,0.0001789981767185252
0,0,0.0001701247215091908
0,0,0.0009953555795647016
0,0,0.0005697655739149207
0,0,0.0003827800146595809
0,0,0.0001451635392733233
0,0,0.0001600334162909639
0,0,0.000224863348208939
0,0,0.000428409282575128
0,0,0.0002430723244808204
0,0,0.00015593607463068284
0,0,0.00016415836278525322
0,0,0.00015491855899488208
0,0,0.00014544476749693599
0,0,0.00015383515393667228
0,0,0.00045457557276759765
0,0,0.00020128022505477259
0,0,0.00015046291169568674
0,0,0.010800523759465016
0,0,0.0001493944797932378
0,0,0.00018000730088476495
0,0,0.0001645321423843013
0,0,0.0003472646894704836
0,0,0.00014200740897769815
0,0,0.0003951991099489632
0,0,0.0007358172327104425
0,0,0.00017491034423332228
0,0,0.00017187069407438054
0,0,0.00017027276635899564
0,0,0.010364001027931214
0,0,0.00015331185129154954
0,0,0.00017188766750224964
0,0,0.00017550536406007425
0,0,0.00014940158608201301
0,0,0.000151093901550881
0,0,0.00019733409634296235
0,0,0.000157104356176366
0,0,0.00015914149651512368
0,0,0.00015717112679300606
0,0,0.00014234233810723608
0,0,0.00015964823561625201
0,0,0.001095114554236693
0,0,0.00014478372759367533
1,1,0.898241739614397
0,0,0.00015210871823841262
0,0,0.0005035772705821338
0,0,0.00016705814294382538
0,0,0.00016794729489631177
0,0,0.0004352027329452888
0,0,0.00014213219300613985
0,0,0.00019299456488431347
0,0,0.000280264169878572
0,0,0.00017549535515623148
0,0,0.0001481482909491355
0,0,0.0007921061689735973
0,0,0.00019431748564589614
0,0,0.00013846565781308647
0,0,0.00013888122760631987
0,0,0.00014074358392220028
0,0,0.00014222440865696722
0,0,0.00015428432947369385
1,1,0.8745193269508081
0,0,0.0001483671235345287
0,0,0.00021933796720114405
0,0,0.00015337658731583663
0,0,0.006914155744642529
0,0,0.00024379401913556513
0,0,0.00016689681851258042
0,0,0.0002703001677051253
0,0,0.00014848512531006138
0,0,0.00015013601423935076
0,0,0.00014854827853927427
0,0,0.0001726815927965827
0,0,0.00014222440865696722
0,0,0.00014933875141210092
0,0,0.00018694628837746604
0,0,0.0004914141746449805
0,0,0.00016044982702148863
0,0,0.00018375411103401808
0,0,0.0002464721857965016
0,0,0.0004207211968457845
0,0,0.00019465632431933173
0,0,0.0009121802527365454
0,0,0.0006516362437654719
0,0,0.000165895274790795
0,0,0.00015552958150973883
0,0,0.00016095243947739383
0,0,0.00017289942611739353
0,0,0.00014922927972715048
0,0,0.00015996831826731961
0,0,0.000181280176403782
0,0,0.00014256099026873124
0,0,0.00019190526557504237
0,0,0.0001623288065176447
0,0,0.0004209177772237484
0,0,0.00016427002712138212
0,0,0.00015548931994755657
0,0,0.0001429973540620085
0,0,0.00017039076288367298
0,0,0.0001553330005242605
0,0,0.039419781590680894
0,0,0.00017234179638341915
0,0,0.00015680757618276783
0,0,0.0003832944058136756
0,0,0.00014179363495629984
0,0,0.00014846749384688475
0,0,0.00015654355329693521
0,0,0.0001613767594152446
0,0,0.00016909541607137103
0,0,0.00017686439307021545
0,0,0.00015091178036158028
0,0,0.0002494458547133583
0,0,0.00015895807086348585
0,0,0.0001398799390150415
0,0,0.00021121640918817587
0,0,0.000198762061379866
0,0,0.000193922481854112
0,0,0.000207782792209615
0,0,0.00017843391680064886
0,0,0.0002662183346322373
0,0,0.00014897728004349586
0,0,0.00019675563454150946
0,0,0.001045399057695644
0,0,0.0001630768735954988
0,0,0.00015941462757296346
0,0,0.0002153257160478706
0,0,0.00018651533280178738
0,0,0.00024032239790127812
0,0,0.00015351180815806586
0,0,0.0001622248835715912
0,0,0.0004125996325845386
0,0,0.0001610454877545475
0,0,0.00016942838886165848
0,0,0.00015386551358737298
0,0,0.000154428440731213
0,0,0.00017179614284243457
0,0,0.00015230515328645288
0,0,0.0002025418276467945
0,0,0.00045792677518893555
0,0,0.0001418877766257548
0,0,0.00015799656896757554
0,0,0.00014312566588461022
0,0,0.00013764138913480457
0,0,0.00015643198861967926
0,0,0.0001511763439268073
0,0,0.00018430958518213144
0,0,0.00023765219658304377
0,0,0.00017242111004439793
0,0,0.00021490938891393095
0,0,0.0005840605992257519
0,0,0.00013884565872417448
0,0,0.00031875621371104036
0,0,0.00016099667803252555
0,0,0.00018635708602272083
0,0,0.00017351066805623288
0,0,0.00020023689416061405
0,0,0.00017759535712589072
0,0,0.0002576422227821046
0,0,0.0002115405496108799
0,0,0.00018933574728434533
0,0,0.00015499986352520095
0,0,0.0001488095641944999
0,0,0.00016196766516719994
0,0,0.0001554451538685116
0,0,0.00014243814300623464
0,0,0.00014247198781860176
0,0,0.00013975888747101177
0,0,0.00021001618716165894
0,0,0.0001625140210710844
0,0,0.00015289966890528139
0,0,0.0002127190560504493
0,0,0.0001717642929580471
0,0,0.0001605963297993234
0,0,0.00016755030018370963
0,0,0.00017050383884067703
0,0,0.0001423568277051193
0,0,0.00015073290776876401
0,0,0.00015388959374881164
0,0,0.0001690300094302514
0,0,0.0001577721690217999
0,0,0.00014982682221899795
0,0,0.00014562805465213682
0,0,0.000161741678464604
0,0,0.00037460579045806665
0,0,0.000164550221851068
0,0,0.00026499149191454177
0,0,0.0002441706908675022
0,0,0.00018281850627588594
0,0,0.0001898679659464644
0,0,0.00022325658803339568
0,0,0.0001548390896513836
0,0,0.0001683525303851237
0,0,0.00017517179565185745
0,0,0.0001975027278209165
0,0,0.0003979662236533909
0,0,0.0005066632077741662
0,0,0.00015798992832690591
0,0,0.0001920466134586201
0,0,0.0001740092447725501
0,0,0.00015230663091937266
0,0,0.0001558659043259641
0,0,0.00016075124588135222
0,0,0.00017477721236851298
0,0,0.0001398799390150415
0,0,0.0003148519090665245
0,0,0.0001495956332351278
0,0,0.0007812463157915733
0,0,0.0001605671931890016
0,0,0.00018627622183509197
0,0,0.00017982185105888836
0,0,0.00018857984260725548
0,0,0.0003298365733278707
0,0,0.00014973729366504784
0,0,0.0006050649613508211
0,0,0.0001644459295542087
0,0,0.00018150967921010865
0,0,0.0001530986867446073
0,0,0.00016193336781464648
0,0,0.00014003261961039113
0,0,0.000193200726061592
0,0,0.00017631373887452284
0,0,0.0005952890494288754
0,0,0.0004930191759076936
0,0,0.0001618827643733266
0,0,0.0001920474850990545
0,0,0.0001870892354943769
0,0,0.00025678658152268716
0,0,0.00017454805550744224
0,0,0.00016149913233666708
0,0,0.0001586393164147006
0,0,0.00014983243545044062
0,0,0.00015135551338052057
0,0,0.0001517796766585052
0,0,0.0001583696719213016
0,0,0.00015241514126682054
0,0,0.00016156869724313598
0,0,0.002181379011835054
0,0,0.00015900467706927868
0,0,0.0001624819976773544
0,0,0.000385201259842157
0,0,0.00019433354399068183
0,0,0.00015960930846547133
0,0,0.00014476506345687857
0,0,0.00018034932634781266
0,0,0.0001596899910052091
0,0,0.00015248762909032986
0,0,0.010330187231855206
0,0,0.00016427939082443567
0,0,0.0001525412225207417
0,0,0.00017159341970796445
0,0,0.00013992095119259453
0,0,0.00014427705788868148
0,0,0.00015589189023690905
0,0,0.00014667522285297048
0,0,0.00016073436916651867
0,0,0.0001849143637437617
0,0,0.00022716999144784298
0,0,0.00040643737888764603
0,0,0.00020519118461800396
0,0,0.0002349014453847971
0,0,0.0001502480632607354
0,0,0.0003010696981678739
0,0,0.0003205959552342046
0,0,0.000172228395435021
0,0,0.00016226085772530778
0,0,0.0002185176374481936
0,0,0.00015494143685224242
0,0,0.0002000131421612386
0,0,0.0001631109836959167
0,0,0.0001491435582016469
0,0,0.001646989465111594
0,0,0.00034519662755494186
0,0,0.00014818439945882736
0,0,0.0002712993163924443
0,0,0.00028666738834251374
0,0,0.00015626433087400317
0,0,0.00014297426758984568
0,0,0.0001908462093273108
0,0,0.00016804549965023709
0,0,0.002223926398860063
0,0,0.00039279500052089716
0,0,0.000629701194225409
0,0,0.0006393658282280263
0,0,0.000173116843726057
0,0,0.00014480252127243854
0,0,0.00014796063268480397
0,0,0.0001553721977303248
0,0,0.00015464436327953775
0,0,0.00015768534876813811
0,0,0.00019714561742926475
0,0,0.000504908929199278
0,0,0.000162217106315748
0,0,0.0005127398342639301
0,0,0.00021563836799675537
0,0,0.0001511763439268073
0,0,0.00017189704166716235
0,0,0.0001435579747432405
0,0,0.00015872781377094386
0,0,0.00014797527246251162
0,0,0.0004769376034165949
0,0,0.00015446801191517205
0,0,0.00015883721449602738
0,0,0.00016449918240806936
0,0,0.00018613525945888022
0,0,0.00014735987876832426
0,0,0.00018686321567682094
0,0,0.00015134753671236818
0,0,0.0001555376292802084
0,0,0.0015086131464148353
0,0,0.00015864141794667597
0,0,0.00015838230506727292
0,0,0.00013955050628434583
0,0,0.018983498501860867
0,0,0.000495148542486049
0,0,0.00015701313874667865
0,0,0.0020988056002982374
0,0,0.00014825334941426512
0,0,0.0058423817360827215
0,0,0.00015969552384594146
0,0,0.00016945737694938227
0,0,0.00016264449898097406
0,0,0.00014139072137298337
0,0,0.00039708952250291755
0,0,0.00014904212041369418
0,0,0.00014501346549957526
0,0,0.00023599534699203167
0,0,0.00015629300945300216
0,0,0.00014886930398827768
0,0,0.00014707824775004482
0,0,0.0002325589803911037
0,0,0.00015163160462038165
0,0,0.0001514755678966167
0,0,0.0002927866696555922
0,0,0.00020533372094527446
0,0,0.0001438550542359348
0,0,0.0001428240129551261
0,0,0.00015793559353840427
0,0,0.00016711562660053506
0,0,0.00019759016928117316
0,0,0.00014696947655083015
0,0,0.00014589064823484606
0,0,0.0001436898232746525
0,0,0.0001598046412019647
0,0,0.0005985580097451107
0,0,0.00016235942243200045
0,0,0.00018307959495566086
0,0,0.00020365168753858464
0,0,0.0003817148066627809
0,0,0.00015292773971071948
0,0,0.00015351109446157496
0,0,0.0001587341393114326
0,0,0.0001526283801318525
0,0,0.00015191751183458175
0,0,0.0001646594088251024
0,0,0.00019180049381862813
0,0,0.0002996980769060027
0,0,0.0001596292949742234
0,0,0.00014980943992625598
0,0,0.0001819476503105451
0,0,0.00015641609401691804
0,0,0.0001726764367432585
0,0,0.0003606890264395974
0,0,0.00015203364500182014
0,0,0.000168855515294211
0,0,0.00015527947929074886
0,0,0.00015918821263672102
0,0,0.00016880518523817602
0,0,0.00016431960878272842
0,0,0.00014649461972860095
0,0,0.00014864965265712403
0,0,0.00015791391590131194
0,0,0.00017384440621702457
0,0,0.00014374289999152733
0,0,0.00015258751840986488
0,0,0.00015511561671751996
0,0,0.00016868218064978592
0,0,0.00014707824775004482
0,0,0.0001806428078456927
0,0,0.00017402568815886977
0,0,0.0001465997715178757
0,0,0.0001540213061481751
0,0,0.00014395666905844354
0,0,0.00015019667495809322
0,0,0.0001573254558137829
0,0,0.00015151736530717827
0,0,0.00014857449313616526
0,0,0.00014000841777488026
0,0,0.0002498320013942857
0,0,0.0005011625451787479
0,0,0.00019061100457943954
0,0,0.00037628881308654174
0,0,0.0005714292034677539
0,0,0.0001509701257536238
0,0,0.0003286993137176622
0,0,0.00014918719721153267
0,0,0.00014720940477093677
0,0,0.000812460143117533
0,0,0.00016588434089897828
0,0,0.0002659446528220611
0,0,0.000161182718350135
0,0,0.00015277342297079905
0,0,0.00018899840984552127
0,0,0.0001615282497927104
0,0,0.00015127568914576533
0,0,0.00043120681600672384
0,0,0.00018638301178931443
0,0,0.00014366218707603112
0,0,0.00015561036556379322
0,0,0.0005408772779255598
0,0,0.00014384215210300484
0,0,0.00017513177371545523
0,0,0.00015064085106800696
0,0,0.00015966082701747281
0,0,0.00017822422815999157
0,0,0.0005448988721106373
0,0,0.00014712684240968438
0,0,0.0008392544225303807
0,0,0.00014840708258781658
0,0,0.0001565434138963469
0,0,0.00018500840050882046
0,0,0.0003178089569890325
0,0,0.00015519713064011498
0,0,0.0001809819366065612
0,0,0.00017290854159337043
0,0,0.00014839964951444894
0,0,0.00016193878457758308
0,0,0.0002405396199474293
0,0,0.00014630358543796495
0,0,0.0003393710426000495
0,0,0.00020711616468589854
0,0,0.00014625495006461746
0,0,0.00018445475875322506
0,0,0.00014397597863808698
0,0,0.00014163806066799404
0,0,0.022557362421144537
0,0,0.0001540924703834456
0,0,0.00016499357246831304
0,0,0.000179246937460952
0,0,0.00015916040068917353
0,0,0.00014913318771926932
0,0,0.00019095286456468678
0,0,0.0004319610098377739
0,0,0.00019383172404430053
0,0,0.000184093261523183
0,0,0.00024555422272778407
0,0,0.00014882459654690783
0,0,0.000289666170503129
0,0,0.0002678918057898007
0,0,0.00015865616561733245
0,0,0.00016303741699634673
0,0,0.00017378743929261306
0,0,0.00022782463258966813
0,0,0.00014880642699836052
0,0,0.00014490545991065692
0,0,0.0002987912201125767
0,0,0.00014521122170881723
0,0,0.0001451631152957698
0,0,0.00019682585867861703
0,0,0.00014670881018603315
0,0,0.0005335407467258718
0,0,0.00014786213334635497
0,0,0.0001429283655696594
0,0,0.00016734742238978857
0,0,0.00014278923807712157
0,0,0.0002672655731009664
0,0,0.00035651369620853096
0,0,0.0001824376739135984
0,0,0.00016677577691719082
0,0,0.0010672952056028848
0,0,0.0001995215585171753
0,0,0.00017409031955508902
0,0,0.00013727743377678364
0,0,0.00020079989316891975
0,0,0.0001828466812113385
0,0,0.00021843426967110493
0,0,0.00015190130632460595
0,0,0.00014964339893494633
0,0,0.00026056195631165907
0,0,0.0001802870008467328
0,0,0.0003067589909850194
0,0,0.0060794897565559424
0,0,0.00014171536006282027
0,0,0.00017258832347329366
0,0,0.00014432456052292282
0,0,0.0001944173860473342
0,0,0.00015231143370586606
0,0,0.0001571332227264606
0,0,0.00015036885143137623
0,0,0.0002406407803097325
0,0,0.00016162240169529516
0,0,0.00015454166600822633
0,0,0.0001450110196767959
0,0,0.00016793234286219963
0,0,0.00018009290651973425
0,0,0.00043630514569918574
0,0,0.00014412149367174236
0,0,0.00028182790155437695
0,0,0.0022227675414586666
0,0,0.00019923076144639297
0,0,0.00014278923807712157
0,0,0.00014478939072895628
0,0,0.00028197777342635127
0,0,0.00016089084525469242
0,0,0.00016373379595567032
0,0,0.00014000841777488026
0,0,0.0001880254775148026
0,0,0.0001756860024148828
0,0,0.00022840293255548983
0,0,0.00015581336171732973
0,0,0.00016490293758083778
0,0,0.00018579670446197785
0,0,0.0001557492749409962
0,0,0.0005503800010459051
0,0,0.00015109704946093157
0,0,0.000517862686130527
0,0,0.00017026455655502493
0,0,0.00036656717619060165
0,0,0.00015431353261041839
0,0,0.00015052034806127041
0,0,0.00016800724909039376
0,0,0.00014447666264806556
0,0,0.0002701027450183535
0,0,0.00015151736530717827
0,0,0.00015711968750751383
0,0,0.00019822298855065818
0,0,0.00015162620291181173
0,0,0.00017934990351707928
0,0,0.00015231092065381762
0,0,0.0001500962008871603
0,0,0.00036540731170778035
0,0,0.00014584371127272018
0,0,0.0001447204748658318
0,0,0.00015936837015862785
0,0,0.00014976133768351314
0,0,0.00039617394790355257
0,0,0.00014097452410701618
0,0,0.00015211453245575563
0,0,0.00017345081879092882
0,0,0.00015242340137271442
0,0,0.0001591944533245363
0,0,0.00014651778310748886
0,0,0.00015692906897153247
0,0,0.0001456871434503212
0,0,0.00017764983851820167
0,0,0.0001586949496514054
0,0,0.00018981101439007156
0,0,0.000320173744841319
0,0,0.00014003261961039113
0,0,0.00016379803324947066
0,0,0.00015980918809652969
0,0,0.00015369924200299957
0,0,0.000199910762771171
0,0,0.00016495105094108088
0,0,0.00014234233810723608
0,0,0.00016105817758431761
0,0,0.00014898982800906434
0,0,0.00015274660283326865
0,0,0.00018140646743627323
0,0,0.00014396493903154152
0,0,0.0001572632305552239
0,0,0.0004886531094537581
0,0,0.00041041645602639415
0,0,0.00020732709388327308
0,0,0.00042011358627753776
0,0,0.0001833220975844235
0,0,0.00020317024219913848
0,0,0.00019508599211189183
0,0,0.00014279981111961523
0,0,0.0001482438514335688
0,0,0.0002172493938832437
0,0,0.0001436898232746525
0,0,0.0001581161969389214
0,0,0.0002801851473844943
0,0,0.00035628603750666854
0,0,0.00014898615756106897
0,0,0.00018027119443540644
0,0,0.0001807187575566449
0,0,0.00015521528010462601
0,0,0.0003174412601890532
0,0,0.00014925288312423536
0,0,0.00014462530830604346
0,0,0.0001407665813985055
0,0,0.00018066925652800435
0,0,0.00014195922055820466
0,0,0.00021430821500287897
0,0,0.00036047683760523114
0,0,0.0001497415840516582
0,0,0.00013727743377678364
0,0,0.0001668087241436433
0,0,0.0002842947880851329
0,0,0.0001609816455817001
0,0,0.00016181866265646964
0,0,0.00014222440865696722
0,0,0.0005371757834896658
0,0,0.00018732426306769789
0,0,0.0003490241995662148
0,0,0.00015890594427209813
0,0,0.00014003261961039113
0,0,0.00015233182675203843
0,0,0.0001470529229802368
0,0,0.00014999193642978547
0,0,0.0006007286214683642
0,0,0.000683767943898929
0,0,0.00019192362624315768
0,0,0.0001445403178755464
0,0,0.00014319630662985988
0,0,0.00014744186168662643
0,0,0.00016272362630518776
0,0,0.000651669756963284
0,0,0.00018525374232365306
0,0,0.000159584501226853
0,0,0.00014078725451467948
0,0,0.0001804512933614532
0,0,0.00021229801708300003
0,0,0.00044743162488752625
0,0,0.00017766483872961426
0,0,0.00019445814584529323
0,0,0.00015540018693974681
0,0,0.00019848959756121345
0,0,0.00015160684197563698
0,0,0.00018924875096293375
0,0,0.00027698038755131463
0,0,0.0002150440163067401
0,0,0.00014319630662985988
0,0,0.00014691588170966967
0,0,0.0003209362520754701
0,0,0.0001528884303070993
0,0,0.00019737771698130803
0,0,0.0011465629456254237
0,0,0.00016409209666387933
0,0,0.00015992750207723046
0,0,0.0001407665813985055
0,0,0.00014841327960937902
0,0,0.0001736781266393552
0,0,0.00018250345977199734
0,0,0.00014929015329760869
0,0,0.00015641575526522831
0,0,0.00014581562759523995
0,0,0.0001593875388985439
0,0,0.00014946965139756352
0,0,0.00047098754647235876
0,0,0.0005742205644247823
0,0,0.00017734510139119742
0,0,0.00015978589095344962
0,0,0.0001832082159898564
0,0,0.0002800073196586119
0,0,0.00014744615136068283
0,0,0.00016289424851743682
0,0,0.00023037405847107516
0,0,0.0005134544692870035
0,0,0.00015187551834726313
0,0,0.00014171536006282027
0,0,0.00021024881681918134
0,0,0.00019480969171755777
0,0,0.0001429760447612272
0,0,0.00014807540649771345
0,0,0.00015039978751909283
0,0,0.00019133655123114852
0,0,0.00014192744619377862
0,0,0.00038266541679393077
0,0,0.000666132998914692
0,0,0.00041149936426293347
0,0,0.00015254160294106374
0,0,0.00016567062727891921
0,0,0.00017701147990594306
0,0,0.00024031975105282834
0,0,0.00014746006322673353
0,0,0.00016568272481771033
0,0,0.0001514299620349185
0,0,0.0001544220867422866
0,0,0.00014780485884431025
0,0,0.00020820980346461485
0,0,0.0001684279800799241
0,0,0.0008799168520797738
0,0,0.00016083873423187377
0,0,0.00015554052879557064
0,0,0.00018179138069036302
0,0,0.00016469015021622894
0,0,0.00021142136027183173
0,0,0.00014139843034960165
0,0,0.00014521122170881723
0,0,0.0012470936698329963
0,0,0.00019570214949889077
0,0,0.000140425007255136
0,0,0.0001688096367625496
0,0,0.0003286703993154341
0,0,0.00014787112833471335
0,0,0.00015766340106937774
0,0,0.0023751290344647285
0,0,0.00016286217157685082
0,0,0.00014955261734726042
0,0,0.0006823620642314976
0,0,0.0005495523544354816
0,0,0.0005770051345723257
0,0,0.00014319630662985988
0,0,0.0005488907878031628
0,0,0.0001448313158152852
0,0,0.00014795725902924816
0,0,0.00015893721315482097
0,0,0.00015646889066019958
0,0,0.0001526494732329172
0,0,0.00018655695320090047
0,0,0.0001524367119553164
0,0,0.00014447666264806556
0,0,0.00015419125995320707
0,0,0.00014779388159183725
0,0,0.0001436898232746525
0,0,0.00015062908335374586
0,0,0.00014790464478403367
0,0,0.00017838330327298643
0,0,0.00014804570549669215
0,0,0.00018158775423291832
0,0,0.0001688266800414622
0,0,0.00015323485979981528
0,0,0.00015375661491896306
0,0,0.0001652794570532021
0,0,0.0001977536880528982
0,0,0.0001448412152787238
0,0,0.0001585221165224189
0,0,0.0003610998312796972
0,0,0.00020669147584010766
0,0,0.00017996247483198586
0,0,0.0005412575380601821
0,0,0.004042381121829485
0,0,0.00017222620163823412
0,0,0.0003488452908452619
0,0,0.00026562939817754543
0,0,0.00015590331519114693
0,0,0.00015174827690121013
0,0,0.00014732714479098494
0,0,0.00039422146632212836
0,0,0.00019617592202168398
0,0,0.00014715953080414354
0,0,0.00015850482568026302
0,0,0.0005375124742848634
0,0,0.00014383179312871562
0,0,0.0001571117584865897
0,0,0.0001868351957291001
0,0,0.0002611478047159227
0,0,0.00015308301393901036
0,0,0.00017547231465488798
0,0,0.00019965432793508497
0,0,0.00015396025072261443
0,0,0.00017647436477761022
0,0,0.00014555121077413635
0,0,0.0001553307865301462
0,0,0.0001634176036247242
0,0,0.00014841327960937902
0,0,0.00014634753757450015
0,0,0.0001750889547442578
0,0,0.00017531743203349205
0,0,0.00016276961395399628
0,0,0.00020138051159899155
0,0,0.0001741207608256445
0,0,0.00014495318166220678
0,0,0.00014669570026426578
0,0,0.00017193934598595256
0,0,0.00018354046754613773
0,0,0.00016143159830834058
0,0,0.00022829963779745564
0,0,0.00014418967734830185
0,0,0.0001690843885583409
0,0,0.00018885237792203399
0,0,0.00015565450828149987
0,0,0.0001805740625163395
0,0,0.00017796076957500895
0,0,0.00014617910885707445
0,0,0.00017922242635987523
0,0,0.00018607023904796224
0,0,0.00014003261961039113
0,0,0.0003097245799718288
0,0,0.00023055360656859216
0,0,0.0003573636938000455
0,0,0.00017327170725308258
0,0,0.00019799859340433133
0,0,0.00015337079444360154
0,0,0.00015257741570916142
0,0,0.00027299031389687266
0,0,0.00013975888747101177
0,0,0.00015894644977431448
0,0,0.00014526261644312436
0,0,0.000162439628960987
0,0,0.0013606994830338605
0,0,0.0008117754875691726
0,0,0.0001722713546586239
0,0,0.0001588950597379765
0,0,0.00014788386473998155
0,0,0.00014074358392220028
0,0,0.00015677360126771956
0,0,0.0001587884392570063
0,0,0.0001830802497059187
0,0,0.00015086320087499637
0,0,0.00014888760200766193
0,0,0.00014816106519294984
0,0,0.00022686116583381973
0,0,0.00016052968402621376
0,0,0.00018303105149961987
0,0,0.00015719904404794488
0,0,0.0001586102512638343
0,0,0.00019965703351169353
0,0,0.0001483453675217972
0,0,0.00015668150076647466
0,0,0.00016224766953060828
0,0,0.00016142963700054323
0,0,0.0001586203586457351
0,0,0.00016552519475151472
0,0,0.00028401345732069575
0,0,0.0001462635390176464
0,0,0.0001577883417970169
0,0,0.00016641737212552303
0,0,0.00032540992810902
0,0,0.00015399520136697356
0,0,0.000169589856203921
0,0,0.0001405118225640912
0,0,0.0001398799390150415
0,0,0.00016732276639742428
0,0,0.00013902492568289738
0,0,0.00015307558550024133
0,0,0.00014507973498997836
0,0,0.00014210351725635207
0,0,0.00014966377874231168
0,0,0.0001544659244466482
0,0,0.0002449996351942709
0,0,0.002881502096891977
0,0,0.00036106621631319305
0,0,0.00015757608749145802
0,0,0.00013778479892447192
0,0,0.00015511165771197417
0,0,0.00013876955918852327
0,0,0.00014349903949614293
0,0,0.00020299177273559038
0,0,0.00018250465136251552
0,0,0.0015257648573168343
0,0,0.0001515410773096454
0,0,0.000189772807385087
0,0,0.00019416033474391181
0,0,0.00015269055835930088
0,0,0.00033381116704048907
0,0,0.0001927598506875672
0,0,0.0002431098574520904
0,0,0.0002790907177527774
0,0,0.0001629248582367674
0,0,0.00015258751840986488
0,0,0.00015435893576591484
0,0,0.0001448226094691331
0,0,0.0001800870373247985
0,0,0.00016568644522989528
0,0,0.00016483225547132604
0,0,0.0001707530764314482
0,0,0.0003808632390428325
0,0,0.00016063528587580448
0,0,0.00014566856847778514
0,0,0.00014891082395801448
0,0,0.00024321230817084215
0,0,0.00016127679307897943
0,0,0.0001717974092036087
0,0,0.0001549445782143666
0,0,0.0001840325305903963
0,0,0.00014652820865208182
0,0,0.0001384288257808549
0,0,0.00020417596018705038
0,0,0.00014221788113760194
0,0,0.00017462959582167809
0,0,0.00014493047283156647
0,0,0.0001535138157425134
0,0,0.0002106808727626945
0,0,0.00016799830125480798
0,0,0.00013727743377678364
0,0,0.00019279020014264682
0,0,0.00015279699266626117
0,0,0.0001560834408541955
0,0,0.00015670412809959871
0,0,0.00016206448931245342
0,0,0.00017519073914727549
0,0,0.0001487049207726221
0,0,0.00044659185130294115
0,0,0.00014686981350052372
0,0,0.0006277529382188862
0,0,0.00014421554953641686
0,0,0.0001573062844121147
0,0,0.000158161572610194
0,0,0.000402742806897073
0,0,0.0006882663173634462
0,0,0.0009217605753735206
0,0,0.0001436898232746525
0,0,0.0001899678022805886
0,0,0.0006213500471018706
0,0,0.0001709875769843707
0,0,0.00015572868546979174
0,0,0.00016021489382131074
0,0,0.00014387625755440877
0,0,0.0001559458372533641
0,0,0.00014895081788993605
0,0,0.00016205029341924938
0,0,0.00018974712976105055
0,0,0.0001652502480311638
0,0,0.00016418201394036264
0,0,0.00014762009801925368
0,0,0.0002738791543418775
0,0,0.00030658998823996356
0,0,0.0001392170207703526
0,0,0.00015694818172289662
0,0,0.00017191808874750627
0,0,0.0002360770698182144
0,0,0.00014746530203127507
0,0,0.00015202263542349223
1,1,0.8572211986276502
0,0,0.00014297426758984568
0,0,0.00017012940386860486
0,0,0.0001795061200088977
0,0,0.00021085696025335872
0,0,0.0005704640885658776
0,0,0.0005609054273487509
0,0,0.00017360290339499932
0,0,0.00017695716020564892
0,0,0.00015377583694916824
0,0,0.00015314115575252376
0,0,0.0002006938437982219
0,0,0.00017350147556766194
0,0,0.00016516408457727767
0,0,0.00014795725902924816
0,0,0.00016259458764315127
0,0,0.00016585016575145837
0,0,0.00026539065361046003
0,0,0.000175493330348533
0,0,0.00015329311611011096
0,0,0.00014284593272260844
0,0,0.00014079525714829328
0,0,0.0001469392750829454
0,0,0.00016246679041436766
0,0,0.00015725595400290992
0,0,0.00017702965587181765
0,0,0.00021599635874021823
0,0,0.0007316294649830346
0,0,0.00014735257196399524
0,0,0.00015476973779964974
0,0,0.00030320595975897495
0,0,0.00024030414327549807
0,0,0.00015536841737476842
0,0,0.00015843391655323476
0,0,0.00014336452163261302
0,0,0.00013879278113887583
0,0,0.00016707582897381213
0,0,0.00015617005272091123
0,0,0.0001545446280816212
0,0,0.00026503757742631117
0,0,0.007357556562371104
0,0,0.00018418540473625448
0,0,0.00020092690174506185
0,0,0.00015415730672233187
0,0,0.0001493653738492149
0,0,0.00014767000049609175
0,0,0.00015612744928245655
0,0,0.0001828641044670102
0,0,0.0001897107950623208
0,0,0.00018670119718920778
0,0,0.00023952845264525665
0,0,0.00015465810781809536
0,0,0.00017411456469469612
0,0,0.00015267523064344202
0,0,0.00017823209554612896
0,0,0.0001591084136251062
0,0,0.0003401014154557614
0,0,0.00020490138316023808
0,0,0.00019950797010248692
0,0,0.00015767237762542478
0,0,0.0002426984900535337
0,0,0.0004747947029553783
0,0,0.00018216009089644627
0,0,0.00014736497894229177
0,0,0.0027695433568938428
0,0,0.00014999193642978547
0,0,0.00016606347435133432
0,0,0.0001491909646229534
0,0,0.0001480487786145758
0,0,0.00015291393880218586
0,0,0.00023827878679972606
0,0,0.00017129628688375035
0,0,0.00031434666041197935
0,0,0.000159119296276972
0,0,0.0006032718438100456
0,0,0.00015192992865411585
0,0,0.00037758998502998966
0,0,0.0001643468563159026
0,0,0.00013893619092854317
0,0,0.00015380590376767896
0,0,0.00016226883723832183
0,0,0.0002191702285415735
0,0,0.0001448412152787238
0,0,0.00015682170393153122
0,0,0.00014526261644312436
0,0,0.006806748442691563
0,0,0.001169418613147602
0,0,0.0001684449820839216
0,0,0.00014450675340755526
0,0,0.0001805793877925711
0,0,0.0005260006615756592
0,0,0.00014791644078453504
0,0,0.0001583617511707261
0,0,0.0001621580525331941
0,0,0.00026524633143077596
0,0,0.0001660732082112348
0,0,0.0001893887878449709
0,0,0.00014507973498997836
0,0,0.00016047717224440425
0,0,0.0003349054747584169
0,0,0.00014580030487298828
0,0,0.00014695238198300786
0,0,0.0001575042987478332
0,0,0.00014319630662985988
0,0,0.00015613026295677618
0,0,0.00014587898658400338
0,0,0.00015553357648697306
0,0,0.0005515501976513998
0,0,0.00014412288765958952
0,0,0.00016019231340707026
0,0,0.0002133403880253787
0,0,0.00015464878525178023
0,0,0.00015288084901451403
0,0,0.00028713232622766934
0,0,0.00016021423223167987
0,0,0.0001795684874711203
0,0,0.00017887189324997403
0,0,0.0002941040695914554
0,0,0.00015349143223769592
0,0,0.00014741670165077845
0,0,0.0001593318379651242
0,0,0.00015324684017753462
0,0,0.00015295336422764468
0,0,0.00015287140368361985
0,0,0.0001805475284689823
0,0,0.000148204329981042
0,0,0.0001606832819049774
0,0,0.0004827870200449518
0,0,0.00015191251226341732
0,0,0.00014487900305615152
0,0,0.00014098536562722085
0,0,0.0001513427515725537
0,0,0.0002370635273474049
0,0,0.00026203948140029754
0,0,0.00016611292636140867
0,0,0.00014256142874688652
0,0,0.00014793676343235787
0,0,0.00014886469512137793
0,0,0.0001520269834375542
0,0,0.00017270068841647958
0,0,0.00014076233178486012
0,0,0.00017013695538831575
0,0,0.004084258329766932
0,0,0.000148726587048205
0,0,0.00015553832155182587
0,0,0.00016597586438358317
0,0,0.00015331208045585212
0,0,0.00043222781077390427
0,0,0.000198275993377717
0,0,0.00015296391353721454
0,0,0.00027560716353168866
0,0,0.00023990425672212526
0,0,0.0001537421502474465
0,0,0.00013820222914042877
0,0,0.00016882313731316726
0,0,0.00020056886745443875
0,0,0.0008880020148171865
0,0,0.00015943058778230792
0,0,0.00021208375371162852
0,0,0.0001468760692922713
0,0,0.0003620151819121855
0,0,0.00014139072137298337
0,0,0.00015589831469947808
0,0,0.00020596672659432732
0,0,0.00014297426758984568
0,0,0.0062572649399175555
0,0,0.00014072539417443354
0,0,0.0005003161875422669
0,0,0.00015786213729785572
0,0,0.0001618099072990807
0,0,0.0002066253256463477
0,0,0.0001555379713344231
0,0,0.00014868455743714183
0,0,0.00014691588170966967
0,0,0.00014855618390502876
0,0,0.00018909374130893412
0,0,0.00015991474054071324
0,0,0.00028711877090285376
0,0,0.1252203863437211
0,0,0.00026805092345700925
0,0,0.00015904023912190502
0,0,0.00013879278113887583
0,0,0.000182414526392894
0,0,0.00014710127895221185
0,0,0.00014065447450255366
0,0,0.00029481960418747353
0,0,0.0002148962737130788
0,0,0.00020984992618513414
0,0,0.00015189692255918803
0,0,0.00029253646835620666
0,0,0.0010079165921234225
0,0,0.00014817311730094574
0,0,0.00026292313913068286
0,0,0.0003028430334694724
0,0,0.00014609289223738037
0,0,0.00021785907916476157
0,0,0.00015070769038379414
0,0,0.00017287361933649372
0,0,0.0001589716857069703
0,0,0.00017724024163671322
0,0,0.0001690098430980743
0,0,0.00015912458498035684
0,0,0.00014487015278289074
0,0,0.0001539385664246889
0,0,0.00014033734565775888
0,0,0.00017131523368156448
0,0,0.00013574130753906262
0,0,0.00043142384503822256
0,0,0.0001615182336671663
0,0,0.0002036069265241082
0,0,0.0002182105558537684
0,0,0.00021669165719235837
0,0,0.0001693368744116903
0,0,0.0001471063364559849
0,0,0.00014843893387713817
0,0,0.00016007840786966826
0,0,0.0007226196578963715
0,0,0.0001515502148153862
0,0,0.0002682324570268625
0,0,0.00016656497713084787
0,0,0.00016049894127556267
0,0,0.00014757696102010037
0,0,0.00016025357973995262
0,0,0.000168616238566138
0,0,0.00014593753664064052
0,0,0.00024553319173504953
0,0,0.0004327654031552756
0,0,0.00014516710776967386
0,0,0.0001465569627160841
0,0,0.0002794504974595862
0,0,0.00019710897194677828
0,0,0.00021378876323837262
0,0,0.00014249674563679809
0,0,0.00015161461753848557
0,0,0.0001785498035929587
0,0,0.0002117781699030768
0,0,0.00015998307878320784
0,0,0.00015794953704300566
0,0,0.0001407665813985055
0,0,0.0001648283639968265
0,0,0.0001645740670285613
0,0,0.00015482283167991451
0,0,0.0001824644198725336
0,0,0.0002102504630523086
0,0,0.00014804570549669215
0,0,0.00018794951457687053
0,0,0.00036062793485872074
0,0,0.00014865570341232994
0,0,0.00032495318780932306
0,0,0.0001660509979479038
0,0,0.00022891743428621246
0,0,0.00018517559107144755
0,0,0.00015714054256022012
0,0,0.0002902612832628862
0,0,0.00019790280086091477
0,0,0.0009042944892835622
0,0,0.0002575075570074233
0,0,0.0002709905603878225
0,0,0.00015274623593547343
0,0,0.0001586030669785053
0,0,0.00015609487411145681
0,0,0.0001489215696429172
0,0,0.0001468062482887653
0,0,0.0002128537720861794
0,0,0.00039394229797894305
0,0,0.00015499917567107156
0,0,0.00016500895283878312
0,0,0.0001909994620610244
0,0,0.00015315302864943892
0,0,0.0001556363073468885
0,0,0.00016867170982727545
0,0,0.00015375789922147953
0,0,0.00032372032605341197
0,0,0.00015260948013537756
0,0,0.0003800435096280789
0,0,0.00014003261961039113
0,0,0.00015543894776620852
0,0,0.0001545002448204863
0,0,0.00017876508927368664
0,0,0.0001724496272525399
0,0,0.00016943192384187753
0,0,0.0009728192903858875
0,0,0.00030719753766256014
0,0,0.0019476593936387317
0,0,0.00017314837364893113
0,0,0.0001464541358776138
0,0,0.0006661011809191722
0,0,0.00016785058738685635
0,0,0.00015960012503632903
0,0,0.00018943212532978145
0,0,0.0001527767196512312
0,0,0.00014481530757417055
0,0,0.00014328358501021114
0,0,0.0001615044690281774
0,0,0.0001538099236681587
0,0,0.0001398799390150415
0,0,0.00018328163751979437
0,0,0.000172954978106949
0,0,0.0001658204158430041
0,0,0.0005430295597882191
0,0,0.00025199002020016164
0,0,0.00013858782851898703
0,0,0.00018114296703855502
0,0,0.0001880526567139434
0,0,0.00015496079062346684
0,0,0.00016582237061103845
0,0,0.0001533714530999891
0,0,0.0001540127475987845
0,0,0.0001675303793520762
0,0,0.0006741504559622857
0,0,0.00015560429591088192
0,0,0.0001776363573626473
0,0,0.00019081765470475783
0,0,0.00020013833117855825
0,0,0.0002559153925351524
0,0,0.00014658237555291437
0,0,0.00016470355133152518
0,0,0.0001575042987478332
0,0,0.00013982250379862825
0,0,0.00014917289566525256
0,0,0.00015743671207120194
0,0,0.0001521287803245403
0,0,0.00021200114436826137
0,0,0.00014607190523706248
0,0,0.00018383038796297734
0,0,0.00016329730283359549
0,0,0.0068124325799590844
0,0,0.00016505605491972593
0,0,0.0004646810030296966
0,0,0.00034524024175192026
0,0,0.03093523557894443
0,0,0.00015329311611011096
0,0,0.00020199592079245995
0,0,0.0002965807333733444
0,0,0.0001522311314793725
0,0,0.00021598741796693892
0,0,0.0002313160212898055
0,0,0.0001414007292504804
0,0,0.00015260948013537756
0,0,0.00013888122760631987
1,1,0.6215125645226881
0,0,0.00014473484758477346
0,0,0.00017557281393385747
0,0,0.0001750560721014585
0,0,0.0001407665813985055
0,0,0.00015824244456840206
0,0,0.00047392856102505885
0,0,0.00018675009443834526
0,0,0.0001897567804834706
0,0,0.00028699520465019687
0,0,0.000161086533489592
0,0,0.00016142156923135517
0,0,0.00014861664735446958
0,0,0.00020784401219801335
0,0,0.00015270189561430623
0,0,0.00014720940477093677
0,0,0.00032971710185193914
0,0,0.00017745650883788376
0,0,0.00015392216306409567
0,0,0.00015563178111415636
0,0,0.00016541158998083138
0,0,0.0001452573852698408
0,0,0.00014311061256227592
0,0,0.00014815066343889288
0,0,0.00014814095063172904
0,0,0.00016093478949475375
0,0,0.00015293968904610085
0,0,0.00013955050628434583
0,0,0.00016803337405663527
0,0,0.0001601797478996228
0,0,0.00025498926439451784
0,0,0.00015243135274465867
0,0,0.00013727743377678364
0,0,0.00013876912071036798
0,0,0.00016621847520782726
0,0,0.0003781286358531817
0,0,0.00014508821588186762
0,0,0.00015449809371677103
0,0,0.00015399522035586125
0,0,0.0009408467292874948
0,0,0.0001436898232746525
0,0,0.00016757229812846546
0,0,0.00022733641687258384
0,0,0.00015191108722940853
0,0,0.00016078506030004717
0,0,0.00014835133705728043
0,0,0.00014733499326815237
0,0,0.00015101077928780581
0,0,0.0006042000743541845
0,0,0.0001396578999750273
0,0,0.00015387609052642525
0,0,0.0001396578999750273
0,0,0.00019373237322384347
0,0,0.00015789631653843103
0,0,0.00043560812676087467
0,0,0.0012953700480992892
0,0,0.00015343314861577585
0,0,0.0008087772386633588
0,0,0.0001548239350231098
0,0,0.0001601960462647372
0,0,0.00016198515883616575
0,0,0.00018081832331356927
0,0,0.0001628120935986283
0,0,0.00014789198836044897
0,0,0.00014943750671844556
0,0,0.00014627032366174687
0,0,0.00019520540421708585
0,0,0.00016662109156967569
0,0,0.0005666967057261047
0,0,0.00015428755576213726
0,0,0.00022740527892930088
0,0,0.00021025361189144814
0,0,0.0003440827117237691
0,0,0.00018119341613930364
0,0,0.002845394869347199
0,0,0.0001817044137425157
0,0,0.0001791060004137044
0,0,0.00016030173784778735
0,0,0.00015993607817066315
0,0,0.0005172153603546664
0,0,0.00016384459583425838
0,0,0.0004747803598466032
0,0,0.0001850803303394495
0,0,0.00016137953840520593
0,0,0.00020793339349275145
0,0,0.00017527651653303136
0,0,0.0001444190987188814
0,0,0.00014770956572147478
0,0,0.00022260200104513262
0,0,0.00019425647384089777
0,0,0.0003437975205891973
0,0,0.000181733999270043
0,0,0.00016499233892628174
0,0,0.00016260785379428817
0,0,0.00027042714045550666
0,0,0.00021433268815815852
0,0,0.00015179241918867586
0,0,0.00016579208511505964
0,0,0.00014170419214776193
0,0,0.0002676928569029281
0,0,0.00019309606871580892
0,0,0.00015647989272925912
0,0,0.00023935981392785027
0,0,0.00020456025140533975
0,0,0.0001550438681268034
0,0,0.0001552499267980321
0,0,0.00021071285304303424
0,0,0.0001470450899079134
0,0,0.00015697953561951615
0,0,0.0001460568519147282
0,0,0.00018151567169221884
0,0,0.00030272662551011063
0,0,0.00016859112767168263
0,0,0.00015622503025283611
0,0,0.0002738791543418775
0,0,0.00016801934404825388
0,0,0.00018722335215330376
0,0,0.00018617657715428538
0,0,0.00026876590580226926
0,0,0.00016447926553754896
0,0,0.0005412575380601821
0,0,0.0001443465274049489
0,0,0.00015746146568562278
0,0,0.0001685914314336815
0,0,0.00014487015278289074
0,0,0.00017031898189054747
0,0,0.00013955050628434583
0,0,0.00015209334944733024
0,0,0.00018413217841322649
0,0,0.000154001811175938
0,0,0.00015591436635201014
0,0,0.00016416132199692393
0,0,0.0001448412152787238
0,0,0.0001448412152787238
0,0,0.00021058973155818904
0,0,0.00019853879892417836
0,0,0.00014853296752523557
0,0,0.00014507973498997836
0,0,0.0001697179478640682
0,0,0.00016515611969459296
0,0,0.000164022003831898
0,0,0.0001405250022116396
0,0,0.00014074358392220028
0,0,0.00015799656896757554
0,0,0.00015228175661170456
0,0,0.00015814125921313182
0,0,0.001036311369528763
0,0,0.00027699551470369653
0,0,0.00015421374489383818
0,0,0.00015352939442045795
0,0,0.0001616678231455985
0,0,0.00014874542380746217
0,0,0.0002141791885739921
0,0,0.00024881151642304396
0,0,0.00014365721533579786
0,0,0.00014431494629497005
0,0,0.00016452048219889814
0,0,0.00035226492367247046
0,0,0.0005912208201087
0,0,0.00017118230356623153
0,0,0.00015122841832119124
0,0,0.00017461883914713543
0,0,0.00019155501056197918
0,0,0.00016974687514698938
0,0,0.00014074358392220028
0,0,0.00018138810011552545
0,0,0.0001605220814098625
0,0,0.00019352935272899096
0,0,0.00018089311208488524
0,0,0.00018459121191271815
0,0,0.00016265107065402585
0,0,0.0003057496686253696
0,0,0.00044966549521010396
0,0,0.00015456128743738013
0,0,0.00014598816161879167
0,0,0.00016645001247197545
0,0,0.00014289726978561638
0,0,0.00025048399298558657
0,0,0.00021053648415687192
0,0,0.0001531909382377784
0,0,0.0001521874605861854
0,0,0.0001594833876188866
0,0,0.00018036806245724018
0,0,0.00014280556556932117
0,0,0.0003635854655687805
0,0,0.0001482827070175326
0,0,0.00014331365766603537
0,0,0.0001713797223314202
0,0,0.00015456774822777367
0,0,0.00015320641472614318
0,0,0.00016457391348045748
0,0,0.00018569926405170728
0,0,0.00016441007946446531
0,0,0.00015817725382857078
0,0,0.00016517711011530264
0,0,0.00015064964845233449
0,0,0.00016871641401233802
0,0,0.00015240083084657794
0,0,0.0001464429367248084
0,0,0.00016744213370614247
0,0,0.00015986522002576405
0,0,0.00014567505092201804
0,0,0.0001781202415708192
0,0,0.0001433322519738535
0,0,0.0002406324466209687
0,0,0.00017994113809243815
0,0,0.0003192558208371752
0,0,0.00014917289566525256
0,0,0.00015244334474794486
0,0,0.0001638528059136783
0,0,0.0001606821970600262
0,0,0.00029081150402414586
0,0,0.00033976597774373955
0,0,0.023852518306647676
0,0,0.0004712115287997072
0,0,0.0001765244634620139
0,0,0.00015728648914449615
0,0,0.00017363689278021511
0,0,0.00015080244207097733
0,0,0.00013805881935076143
0,0,0.00015542316686612074
0,0,0.00018547768942154733
0,0,0.0001855234417984881
0,0,0.00018036087151628014
0,0,0.00017465609910770704
0,0,0.00015620126772396425
0,0,0.0001732984737268028
0,0,0.00033739592416906364
0,0,0.00014509190643472957
0,0,0.00015432152982309513
0,0,0.00013805881935076143
0,0,0.00015248962767622475
0,0,0.0001900460594157753
0,0,0.00016807745679114892
0,0,0.00016353924789289063
0,0,0.00016506807152825217
0,0,0.0001934644977824316
0,0,0.00024031236251492995
0,0,0.0003348030800263581
0,0,0.00017360780975983294
0,0,0.00016496481311211518
0,0,0.0003586451546892229
0,0,0.00014202300880223476
0,0,0.00014841614776237995
0,0,0.0003630041082997327
0,0,0.00015293451958285897
0,0,0.0001679520100398427
0,0,0.00015038210307743085
0,0,0.00015152856588030217
0,0,0.00019990110552646956
0,0,0.00017933129801667625
0,0,0.00016725538942760363
0,0,0.00039373084408990703
0,0,0.00015071215612888367
0,0,0.000159996999915985
0,0,0.00016024374947936119
0,0,0.00014324730682738475
0,0,0.00016174409632851278
0,0,0.0002008194175537308
0,0,0.00014865798270782016
0,0,0.00018232024309989276
0,0,0.0001804433753463145
0,0,0.00014896427254337537
0,0,0.0002026263645559796
0,0,0.0007139262883836975
0,0,0.00016756650095496177
0,0,0.0001446474198640465
0,0,0.00013672385519635297
0,0,0.00015228501855437372
0,0,0.00015115292360578326
0,0,0.0003321823497108523
0,0,0.0008873592053127436
0,0,0.0001488347249210935
0,0,0.00015099906182086578
0,0,0.00037231883228130183
0,0,0.00047460909819622087
0,0,0.0003390118373007413
0,0,0.00031984781502984543
0,0,0.0009394357435549505
0,0,0.00017416322794646264
0,0,0.00015896995028651673
0,0,0.00016473734919336813
0,0,0.0001497415840516582
0,0,0.0005241525755413012
0,0,0.00015303627555830215
0,0,0.00014627724896830948
0,0,0.00014909577524649406
0,0,0.00016563576357546498
0,0,0.00015016197088290969
0,0,0.0002307292366199667
0,0,0.00016720353838150454
0,0,0.00014664795993736917
0,0,0.00019209724979079332
0,0,0.0002160818354717893
0,0,0.0001523434376694618
0,0,0.00014003261961039113
0,0,0.00013759674611215313
0,0,0.00019843147968118727
0,0,0.0002146392712174551
0,0,0.0022088568030345134
0,0,0.00014644205885913002
0,0,0.00015301563790264748
0,0,0.00016590305201418662
0,0,0.00014952983272076623
0,0,0.00017110885334116745
0,0,0.00017587792869531914
0,0,0.00016560236084831254
0,0,0.00015071758614908833
0,0,0.0001488544395302273
0,0,0.00015131367297041229
0,0,0.00031485384330998405
0,0,0.0001517708358993601
0,0,0.0001604161328918583
0,0,0.00018556375046405876
0,0,0.0009134154608856591
0,0,0.00016320834189418213
0,0,0.0001804966443288452
0,0,0.0001495956332351278
0,0,0.00018948386444050163
0,0,0.00014819954899462638
0,0,0.00015640484046842057
0,0,0.00015591967096874806
0,0,0.00013574130753906262
0,0,0.00015452591140522657
0,0,0.00014073428750712504
0,0,0.00015298184403849985
0,0,0.00020636602702977198
0,0,0.00016899877613055266
0,0,0.000142950278389212
0,0,0.001384539184128413
0,0,0.00016152099462903656
0,0,0.00015606184320002175
0,0,0.00016482729024170056
0,0,0.00023879098609549325
0,0,0.00015237997108724077
0,0,0.00017873676439824306
0,0,0.000166367020523255
0,0,0.00014319630662985988
0,0,0.00015316685627141222
0,0,0.00023871747384317395
0,0,0.0010223651205304434
0,0,0.00014676767879449605
0,0,0.00014651091050442373
0,0,0.0001803263276866426
0,0,0.00025600022773812777
0,0,0.0001647027009572485
0,0,0.0001632497014279748
0,0,0.00023377383023407043
0,0,0.0001585248797468411
0,0,0.00015622194510263467
0,0,0.00020233656187921192
0,0,0.0006099672747101745
0,0,0.00016258731554064549
0,0,0.00014758078407369127
0,0,0.0001521220282002579
0,0,0.0003692557667626519
0,0,0.00014434531625482863
0,0,0.00019755149127831108
0,0,0.00013879278113887583
0,0,0.0001795352875533901
0,0,0.0001589558500015747
0,0,0.000251414292209167
0,0,0.00015124423987062367
0,0,0.0001618099072990807
0,0,0.00016571596643026465
0,0,0.0012034311246962427
0,0,0.0001591584879711814
0,0,0.0003793193868190116
0,0,0.00015737467373974222
0,0,0.00016285766200948326
0,0,0.0003897503011819856
0,0,0.00016902332775150437
0,0,0.00021363932066497033
0,0,0.00014992413363758286
0,0,0.0001472428202209321
0,0,0.00018030578291602212
0,0,0.00017922764697061872
0,0,0.000154704202920414
0,0,0.000421341762037598
0,0,0.00015482996764642823
0,0,0.000152479005140766
0,0,0.00015091178036158028
0,0,0.00014775862309513517
0,0,0.0004250227495263566
0,0,0.001817867721463304
0,0,0.0001715803640574761
0,0,0.00016971574858994583
0,0,0.00014804570549669215
0,0,0.00014658026241113988
0,0,0.00017648046315552995
0,0,0.00014707675719996058
0,0,0.00017861681728090743
0,0,0.10812401481517477
0,0,0.00015841761174628346
0,0,0.00028456191372258405
0,0,0.00015067395474980093
0,0,0.000221187527688264
0,0,0.00013961518939443422
0,0,0.0003787440502489528
0,0,0.00015201809720713147
0,0,0.00015145667360210886
0,0,0.0004958388412417083
0,0,0.0001880986067168612
0,0,0.00016429966283985486
0,0,0.005035979739372985
0,0,0.00015768505133449006
0,0,0.0005046631665887481
0,0,0.00015694302672875166
0,0,0.0001538924602559393
0,0,0.00016640666004509198
0,0,0.0002135831487452763
0,0,0.00014667522285297048
0,0,0.0001396403803376225
0,0,0.0003620151819121855
0,0,0.00017874600231228995
0,0,0.00023917805368514302
0,0,0.0001436898232746525
0,0,0.0003947025787333002
0,0,0.00016096310726523426
0,0,0.00018971770236323018
0,0,0.00019740480947914423
0,0,0.000699044022445544
0,0,0.00019382468087802976
0,0,0.000159974007224723
0,0,0.0001460568519147282
0,0,0.0001928377492459914
0,0,0.00026791188374661936
0,0,0.00014521122170881723
0,0,0.00029017056814380264
0,0,0.0001497007619460658
0,0,0.0006291379912785265
0,0,0.0001428015244079106
0,0,0.00014231146979300569
0,0,0.00017762665381999834
0,0,0.00015525873349218493
0,0,0.00032295274008957995
0,0,0.00016770849951292004
0,0,0.00015331402021305946
0,0,0.00016086387225225642
0,0,0.000155279054774339
0,0,0.0001505803934991792
0,0,0.0001510830655441689
0,0,0.0001398799390150415
0,0,0.00015257741570916142
0,0,0.0001561832014207185
0,0,0.0001423494026102064
0,0,0.00016905490445959007
0,0,0.0007155326273007506
0,0,0.00016228486722960026
0,0,0.0001556570946839305
0,0,0.00015974574352233694
0,0,0.00014256099026873124
0,0,0.00018607023904796224
0,0,0.0001426350529402148
0,0,0.00017647049069177418
0,0,0.00014761406626950511
0,0,0.00016653141720046475
0,0,0.00014854827853927427
0,0,0.00015211605248644248
0,0,0.00018216532029429516
0,0,0.00014962445975602977
0,0,0.000145077087729244
0,0,0.0001621232750541748
0,0,0.00015208154664234368
0,0,0.00014546623302478216
0,0,0.0001545513498339206
0,0,0.0001787358930591722
0,0,0.00017729131740742735
0,0,0.00020567023421666863
0,0,0.00014126927091201232
0,0,0.0003482057907258572
0,0,0.0001770118121031301
0,0,0.0002288168674025511
0,0,0.00021757012114122744
0,0,0.00016694805001755004
0,0,0.00014549606170612516
0,0,0.00015663319424951983
0,0,0.00015258751840986488
0,0,0.00015025669537601006
0,0,0.00015730880449757692
0,0,0.00015359117781437034
0,0,0.00020469377621301085
0,0,0.00013690742734669018
0,0,0.00019008327926625247
0,0,0.0001567347116823871
0,0,0.0007998962679838057
0,0,0.00014598769997459487
0,0,0.00015182306608904457
0,0,0.00014192607884280615
0,0,0.0001783591672418918
0,0,0.0002767065366233818
0,0,0.00025720527431341827
0,0,0.00017769560541284647
0,0,0.00014641364644549438
0,0,0.00014908009418284376
0,0,0.00015894790788492283
0,0,0.00016105979335189844
0,0,0.0005257780129869119
0,0,0.0010655416722636498
0,0,0.0001661936458540263
0,0,0.00014023932936891212
0,0,0.00046214155107361914
0,0,0.0002656433070750329
0,0,0.0002143085381598656
0,0,0.0001538876429777936
0,0,0.0001480487786145758
0,0,0.00021916685783084853
0,0,0.00013787353367882612
0,0,0.0003956432466247315
0,0,0.00017181363903298342
0,0,0.0005757632776725364
0,0,0.00015144972760479044
0,0,0.000164397094140432
0,0,0.00014741973395065473
0,0,0.00014527410793802221
0,0,0.00014861830484665036
0,0,0.0001651462311517843
0,0,0.00013927445598676586
0,0,0.00016363332531724745
0,0,0.00021110711283606648
0,0,0.00015003400890445203
0,0,0.0001553975444601195
0,0,0.0001727156129446109
0,0,0.00014222440865696722
0,0,0.0028462549510716913
0,0,0.00015272868031451385
0,0,0.0001706064747585975
0,0,0.0001686100339670882
0,0,0.00015393216783993324
0,0,0.0004249929185998335
0,0,0.0001657581468886862
0,0,0.00014507973498997836
0,0,0.00014961757872544514
0,0,0.00015333717759193467
0,0,0.0001469277610632874
0,0,0.0002141028839994729
0,0,0.00028567916940854785
0,0,0.00015870176518232464
0,0,0.00014582864765902003
0,0,0.00014498185741199457
0,0,0.0002782973987830769
0,0,0.0005864287124752283
0,0,0.0001686442888366052
0,0,0.0001864125934925343
0,0,0.0001801202231482563
0,0,0.00015901326531043682
0,0,0.00014683130575711867
0,0,0.00022456531887162453
0,0,0.00015003888131491313
0,0,0.000170464514203799
0,0,0.0001406447354312952
0,0,0.00018320862802928648
0,0,0.00015553855961606306
0,0,0.00016554704392340156
0,0,0.00014210351725635207
0,0,0.0001459961800907588
0,0,0.00016670734513772804
0,0,0.0001507686017641521
0,0,0.000168603727280645
0,0,0.0001796688639512987
0,0,0.0001838304239724978
0,0,0.00016583521336844536
0,0,0.00015320985758435346
0,0,0.0001514426653930271
0,0,0.00015132359968334828
0,0,0.00016737490056695288
0,0,0.0001635996808676876
0,0,0.0010070776340681102
0,0,0.00014380178965813553
0,0,0.0001724615279219612
0,0,0.00016009622926965053
0,0,0.00014139072137298337
0,0,0.00014067153983227093
0,0,0.00017867165481548605
0,0,0.0002358401590622051
0,0,0.0001694805348251466
0,0,0.004224530150176769
0,0,0.00024148365972751182
0,0,0.00016363332531724745
0,0,0.00046672884964928004
0,0,0.00015379502783274514
0,0,0.00014774762348478674
0,0,0.0001875600777690561
0,0,0.00032032671528564935
0,0,0.00015080626591136323
0,0,0.00027681507136704923
0,0,0.0004984193991011299
0,0,0.00015622253213732303
0,0,0.00014936145632795284
0,0,0.000178603055019607
0,0,0.00015946344189350734
0,0,0.0002850073091370664
0,0,0.0001749440286826817
0,0,0.00014850802468548819
0,0,0.00014920011898279204
0,0,0.00023982429834663388
0,0,0.0001402073289379994
0,0,0.00016567779165258177
0,0,0.0002144374564858032
0,0,0.0001877595361224531
0,0,0.0001517385916658162
0,0,0.00014975111191678841
0,0,0.00015316391459771616
0,0,0.00015422047628151414
0,0,0.00014310261065467343
0,0,0.00015579221637628644
0,0,0.00020841288786402183
0,0,0.00014509697511233153
0,0,0.00026824488646108087
0,0,0.00041961100693689265
0,0,0.00022403169435788174
0,0,0.0001773728716294903
0,0,0.00016238808249510476
0,0,0.0001998215090652157
0,0,0.00021968808256463094
0,0,0.0011380706514237762
0,0,0.001759857425617373
0,0,0.00016164780186981282
0,0,0.00015929925428660575
0,0,0.00014794589113139225
0,0,0.0001496129210393812
0,0,0.0001451695139658753
0,0,0.00014428685440530983
0,0,0.00015479005924371977
0,0,0.0001947609326444538
0,0,0.0003053322034860678
0,0,0.00015691399001422236
0,0,0.0008134516938814685
0,0,0.000233621019872433
0,0,0.00021302162826204756
0,0,0.0001625271261029371
0,0,0.00040239503697079844
0,0,0.00028970054308712263
0,0,0.00014721676078985224
0,0,0.00014786078553018513
0,0,0.00015202948300055533
0,0,0.00014311061256227592
0,0,0.0003449972158981249
0,0,0.00015296292455791252
0,0,0.0001486978355220785
0,0,0.00023796480620022178
0,0,0.00015159748329177585
0,0,0.0001705321263907335
0,0,0.0003433869611688861
0,0,0.00019019134207378852
0,0,0.00014347060756181955
0,0,0.0001604659613777491
0,0,0.0004540663730337092
0,0,0.0001523037670942062
0,0,0.00015187131040731602
0,0,0.00014000841777488026
0,0,0.0005091960504159387
0,0,0.00016223181090030774
0,0,0.00037267610644956206
0,0,0.00018118426421739127
0,0,0.00047687403506220944
0,0,0.00014707824775004482
0,0,0.0001511086450396381
0,0,0.00017518281671167416
0,0,0.0002845540715495916
0,0,0.0002458378932957735
0,0,0.0001455102051123976
0,0,0.00024030414327549807
0,0,0.00015440903694421442
0,0,0.0004829349550854667
0,0,0.00024452748478004133
0,0,0.0001511632976574883
0,0,0.002853895402222247
0,0,0.0001689111414665749
0,0,0.0002438189642091643
0,0,0.00015398208332636324
0,0,0.00015687126199245138
0,0,0.00015253228310632306
0,0,0.00023778562469777651
0,0,0.0005319312629359337
0,0,0.0003384220359692193
0,0,0.0005070999627042788
0,0,0.00015010220989400733
0,0,0.00018962933544058267
0,0,0.00027102733317671844
0,0,0.0001554186135213114
0,0,0.00023570328704506695
0,0,0.00026353814564860647
0,0,0.00014257777207960103
0,0,0.00016360691417357918
0,0,0.00014289726978561638
0,0,0.00014629447117406165
0,0,0.00015785424627548657
0,0,0.00014180326512326126
0,0,0.0001523512401755748
0,0,0.00014919325110900216
0,0,0.00015930003890153978
0,0,0.00045328571138519955
0,0,0.00019364963064251266
0,0,0.0001381230639826946
0,0,0.00015769948280470428
0,0,0.0001542686085355598
0,0,0.00014837175058975935
0,0,0.00016343687318016734
0,0,0.00031925356199783675
0,0,0.00014838605629183954
0,0,0.0001553330005242605
0,0,0.0006098227405170681
0,0,0.0004587166166331927
0,0,0.0001449685178655005
0,0,0.00018496726876871512
0,0,0.00019103245084093427
0,0,0.000521719465051748
0,0,0.0007235536036923305
0,0,0.0001808892779537449
0,0,0.00014728116930361234
0,0,0.0001657550402199055
0,0,0.00013778479892447192
0,0,0.00013902492568289738
0,0,0.00014967581513339738
0,0,0.00014700497579394335
0,0,0.00018243517205574468
0,0,0.00014316381809316106
0,0,0.00022471353774838326
0,0,0.00015151793309812312
0,0,0.00014249674563679809
0,0,0.00017580795810124037
0,0,0.00015272868031451385
0,0,0.00017690941747865697
0,0,0.00025126086075486057
0,0,0.0001604019910678108
0,0,0.0005597412446209499
0,0,0.00014641323591736818
0,0,0.00016652092672598954
0,0,0.00017402015220022298
0,0,0.0003253939955375956
0,0,0.00018607023904796224
0,0,0.0001486292919583386
0,0,0.00016383412426530173
0,0,0.00016107782062466339
0,0,0.0001468192856888004
0,0,0.0001920380250775061
0,0,0.00031042860909676474
0,0,0.00015416900086364908
0,0,0.0001454842994542548
0,0,0.00034935587205428624
0,0,0.00015773386895223074
0,0,0.00017025048937804418
0,0,0.00026439152690251754
0,0,0.00015529522817141493
0,0,0.0001479883468134573
0,0,0.00017115135247593527
0,0,0.0001805702590107625
0,0,0.00019036462835420525
0,0,0.00020095033557642549
0,0,0.00014567102698710902
0,0,0.00014751145616332737
0,0,0.00028243527370422133
0,0,0.00811441798225987
0,0,0.00022577636922206128
0,0,0.00032579568982095175
0,0,0.0005247556067344467
0,0,0.00016749262778776978
0,0,0.00015697445605056867
0,0,0.0001838433497365887
0,0,0.00015006848636724024
0,0,0.0001423418996290808
0,0,0.00016027179378793002
0,0,0.0002076700041482274
0,0,0.00015113618574140174
0,0,0.00015293768695829
0,0,0.0001642678682381664
0,0,0.0002811855549075073
0,0,0.00017125499286554154
0,0,0.00015012311885711233
0,0,0.00013927445598676586
0,0,0.0001765293195173466
0,0,0.00028985339686987227
0,0,0.0001528540810419349
0,0,0.00017746211900078175
0,0,0.0002050242955629934
0,0,0.00032874325548942713
0,0,0.00015010220989400733
0,0,0.00014531318563075173
0,0,0.00015174827690121013
0,0,0.0004058784930569602
0,0,0.00016797395961894575
0,0,0.00014604630260515834
0,0,0.00015953446996846846
0,0,0.00019700233675308155
0,0,0.00014476724719494815
0,0,0.00019812337427506979
0,0,0.00018243014480844768
0,0,0.0002423311511850057
0,0,0.00015073290776876401
0,0,0.0001410581354200885
0,0,0.00013975888747101177
0,0,0.00019028318968949251
0,0,0.0009208777248188697
0,0,0.0001402405623189018
0,0,0.00016379737649375458
0,0,0.00023547239955015416
0,0,0.00014319630662985988
0,0,0.0001436898232746525
0,0,0.00017202165525578115
0,0,0.00015423907394261223
0,0,0.00015469948987293684
0,0,0.0001607116933930135
0,0,0.0001436898232746525
0,0,0.00019633255017312645
0,0,0.00027372100347359824
0,0,0.00016804487197664216
0,0,0.000755648215644672
0,0,0.00016561142735885048
0,0,0.00014952983272076623
0,0,0.00014252726335552292
0,0,0.00014355968803153585
0,0,0.00014664089970877484
0,0,0.000183389960973364
0,0,0.00017227602890063093
0,0,0.00015434167588116346
0,0,0.0001527058734906041
0,0,0.00034567492333326393
0,0,0.000152479103647181
0,0,0.00015646905927686102
0,0,0.00016439487854509344
0,0,0.00015101077928780581
0,0,0.00014816009723716566
0,0,0.00015822775924451455
0,0,0.00018561731877247216
0,0,0.00018142206218124907
0,0,0.00019929702306745338
0,0,0.00013932515872937232
0,0,0.0009774824977043814
0,0,0.00016933022643744476
0,0,0.00014598769997459487
0,0,0.00014042269639128098
0,0,0.00022617129368503834
0,0,0.00015542160784404394
0,0,0.00016586639255628793
0,0,0.00020747053754997872
0,0,0.00014738306542250423
0,0,0.00022272063631588313
0,0,0.00021653287936064302
0,0,0.0001754123351848197
0,0,0.00014554391882093753
0,0,0.0002849436699469951
0,0,0.0005436759975815042
0,0,0.00015218914964017834
0,0,0.00015661785931733423
0,0,0.00457736052359145
0,0,0.00026975775564511953
0,0,0.00016087499014055093
0,0,0.00015706628395512434
0,0,0.00044519715046963847
0,0,0.0003183716096575186
0,0,0.0001473846864076856
0,0,0.00014641286273503457
0,0,0.0001523754950988493
0,0,0.00019071347361228756
0,0,0.0001646447999230857
0,0,0.0007039670803900387
0,0,0.00015141438793365758
0,0,0.0006905098437484921
0,0,0.00016238297080451727
0,0,0.00043169881857950317
0,0,0.00014820996084083024
0,0,0.00014624043222742007
0,0,0.00018550294404152837
0,0,0.00014000032571901067
0,0,0.00023644189814356383
0,0,0.00019912263306404054
0,0,0.00015360246366248457
0,0,0.000205843625359216
0,0,0.0002170494382422652
0,0,0.0004498164569090434
0,0,0.00017272122370154275
0,0,0.00017899460319381513
0,0,0.00014735257196399524
0,0,0.00013805881935076143
0,0,0.00016528719660653944
0,0,0.005917578080685622
0,0,0.00017550285550287946
0,0,0.00015780235312591853
0,0,0.00014237571442493886
0,0,0.00018773788665305292
0,0,0.0001525481007049122
0,0,0.00013805881935076143
0,0,0.000421643773727381
0,0,0.0001842263147177175
0,0,0.00015998577725808973
0,0,0.00015779991958635642
0,0,0.00014419501803858154
0,0,0.00021087811848222176
0,0,0.00015721152146784428
0,0,0.00015737206041237098
0,0,0.00014599143110973303
0,0,0.00015144972760479044
0,0,0.0001624402364359988
0,0,0.00015098514578261465
0,0,0.00016223632273661918
0,0,0.00015206824658282013
0,0,0.00013727743377678364
0,0,0.0001622297104478397
0,0,0.0005926253770055291
0,0,0.0001861610454940008
0,0,0.0008906673863543527
0,0,0.00014003261961039113
0,0,0.00014759605465494228
0,0,0.00014297426758984568
0,0,0.000918507394725998
0,0,0.00017503805909127246
0,0,0.00014714834588613188
0,0,0.00019311912547734258
0,0,0.00024318308188334072
0,0,0.00016046484795615812
0,0,0.00015070458460947526
0,0,0.00014167262095105484
0,0,0.00015180543139729682
0,0,0.0001645139943363536
0,0,0.0015333392715640368
0,0,0.0004515891431676812
0,0,0.00027663879549749633
0,0,0.00014319630662985988
0,0,0.00017396441708158837
0,0,0.0001964704121767894
0,0,0.00017993003422538882
0,0,0.00014975363953136442
0,0,0.00017123270355867416
0,0,0.00015312854723257614
0,0,0.00014598769997459487
0,0,0.00015534247882603253
0,0,0.00014139072137298337
0,0,0.0002608851956003468
0,0,0.0004484451664921564
0,0,0.00022863938731502485
0,0,0.0004378797807970078
0,0,0.00015101077928780581
0,0,0.00017351245194687488
0,0,0.00016685347645553996
0,0,0.0001468459551939448
0,0,0.00020504408183606395
0,0,0.0005235259270069564
0,0,0.00017622762192234443
0,0,0.00014833311369805437
0,0,0.0001597575327480206
0,0,0.00017083979031212173
0,0,0.00017674773878239956
0,0,0.00015249548608414426
0,0,0.0002175497763991127
0,0,0.00031903427195760145
0,0,0.00014692030419725737
0,0,0.0001848319221373658
0,0,0.00015620533605976617
0,0,0.0001625140210710844
0,0,0.00017060924775907918
0,0,0.00014562805465213682
0,0,0.0001699011391051627
0,0,0.0001407665813985055
0,0,0.00020849236229823894
0,0,0.00014679240093583648
0,0,0.00014242828339115679
0,0,0.0001448412152787238
0,0,0.00014786954217074164
0,0,0.0001436898232746525
0,0,0.00016561439224430238
0,0,0.00016866709817160575
0,0,0.00024384569970098218
0,0,0.0001519868539671974
0,0,0.0001643643103849146
0,0,0.00016173025782810117
0,0,0.0005163997366984769
0,0,0.00018741083231214582
0,0,0.00017754613565549004
0,0,0.00015151736530717827
0,0,0.0001635353463549756
0,0,0.00015491855899488208
0,0,0.0002201726432347489
0,0,0.00033840033666165953
0,0,0.00015273597295927395
0,0,0.00018720208858079746
0,0,0.0001611127810668635
0,0,0.0001709680383771207
0,0,0.00022066931091205467
0,0,0.000423340075634605
0,0,0.0006489053595803473
0,0,0.0001577045591872957
0,0,0.00016294842496969084
0,0,0.0001539439824787228
0,0,0.00016230574423022886
0,0,0.0002886456996611915
0,0,0.00016115200430157802
0,0,0.00016974476804803584
0,0,0.0001466298900034407
0,0,0.00019657300159995494
0,0,0.00015130202300295734
0,0,0.0003416002579765851
0,0,0.00019564317925232857
0,0,0.00017252136474587713
0,0,0.0001501656191642718
0,0,0.0001540924703834456
0,0,0.00019594237078970274
0,0,0.00018462830083052376
0,0,0.00014662344230150203
0,0,0.00014255168005656787
0,0,0.00019609803408302337
0,0,0.0001427963263130157
0,0,0.00017997629265235237
0,0,0.00014940380725928442
0,0,0.00014795725902924816
0,0,0.0001485405540858682
0,0,0.00015396065422682706
0,0,0.0001419838097978404
0,0,0.00014914182944035775
0,0,0.00015181925208553615
0,0,0.00039030405041157694
0,0,0.00037662981940660807
0,0,0.0002177003161357799
0,0,0.00016439847033232314
0,0,0.00015343188839093597
0,0,0.00014598769997459487
0,0,0.00036282541365758464
0,0,0.00046106671611337633
0,0,0.0001471165507979052
0,0,0.00025840617954564976
0,0,0.000210420890109439
0,0,0.00020719692630844104
0,0,0.00014098329903452353
0,0,0.00027919486017746205
0,0,0.00015104215798593404
0,0,0.00016954849258534073
0,0,0.000572281028209325
0,0,0.00016681343782387636
0,0,0.00016099667803252555
0,0,0.0001667086243669707
0,0,0.0001524245814872571
0,0,0.0001610164052761889
0,0,0.0003783747997539611
0,0,0.00017541498248283897
0,0,0.0001610454877545475
0,0,0.00018992772391304664
0,0,0.00017569549573745067
0,0,0.0001538573764243889
0,0,0.0001460568519147282
0,0,0.00014518622796828398
0,0,0.00014376973500797955
0,0,0.00015246356111226227
0,0,0.00015576267447546996
0,0,0.00020071497778178566
0,0,0.0001790223464231757
0,0,0.00014622910213557967
0,0,0.00015882098624576423
0,0,0.0001644122978944084
0,0,0.00018156797144016108
0,0,0.00023078002150479887
0,0,0.00016760399225103516
0,0,0.00016877893717260806
0,0,0.00015597496929324383
0,0,0.00015804011892379155
0,0,0.0001416054279187579
0,0,0.00014173268773064144
0,0,0.00014200740897769815
0,0,0.0001646959562911748
0,0,0.00014804694239312308
0,0,0.00013975888747101177
0,0,0.00016696008260955365
0,0,0.00014173268773064144
0,0,0.00015559221285023296
0,0,0.00014769903658761
0,0,0.0002918133068132956
0,0,0.00017986440551525702
0,0,0.0001537526357145988
0,0,0.00031550318037391846
0,0,0.0001825491894072776
0,0,0.00020738440159228663
0,0,0.0003676999936473344
0,0,0.0001556494857208423
0,0,0.00015875694203935597
0,0,0.00014448961425721687
0,0,0.0001514907714308312
0,0,0.0001517335150277601
0,0,0.00015668310799390328
0,0,0.00017759734450464916
0,0,0.00016263984341593197
0,0,0.0001461111646809204
0,0,0.00020320012862935595
0,0,0.000546989301504779
0,0,0.00020747983822601453
0,0,0.0003790295814193492
0,0,0.0001503072933998723
0,0,0.00014888984535068767
0,0,0.00018308428191257626
0,0,0.0001588467985266668
0,0,0.00015872966586055702
0,0,0.00015844250080069718
0,0,0.0002755025120038066
0,0,0.0001456659107100711
0,0,0.00014119801060613515
0,0,0.00016017640866232983
0,0,0.00041730553964045377
0,0,0.0001480476056947505
0,0,0.00021501440378945538
0,0,0.00015144972760479044
0,0,0.00017826271398238517
0,0,0.0003203191964088683
0,0,0.00017431828519865941
0,0,0.00015248766142960402
0,0,0.00018145074474628175
0,0,0.00015406681500728826
0,0,0.0001982554980805071
0,0,0.0011465629456254237
0,0,0.00015513639571695817
0,0,0.0001634022378196282
0,0,0.00014942559747683468
0,0,0.00015851273391376418
0,0,0.0002289291659343591
0,0,0.00014074358392220028
0,0,0.00018444581177199225
0,0,0.00014333764899152163
0,0,0.00021190663610463277
0,0,0.00016062582991440395
0,0,0.00016269403349532813
0,0,0.0001545219593153366
0,0,0.00026817832193792466
0,0,0.0001504738069813056
0,0,0.0001430436260345103
0,0,0.00016378722765514827
0,0,0.00018609515491896494
0,0,0.0001758173367192403
0,0,0.00029182026738185573
0,0,0.00017025265553102188
0,0,0.00015935273421993266
0,0,0.00015828564815215156
0,0,0.00018565354330853998
0,0,0.00016565594174275267
0,0,0.00014427705788868148
0,0,0.00036556473888054575
0,0,0.00019466206255693117
0,0,0.00015209582829571648
0,0,0.00015940006119294616
0,0,0.00015072818845555656
0,0,0.0001645370786552663
0,0,0.00023921872067303478
0,0,0.00015475895267582396
0,0,0.00014926299205467134
0,0,0.00015789504021589278
0,0,0.0005083431472746718
0,0,0.00016143631448659794
0,0,0.00015121835689830713
0,0,0.00023004086252609917
0,0,0.00018298725951730732
0,0,0.0001644411202366967
0,0,0.00017904414567482006
0,0,0.00030581891427034137
0,0,0.00015229168487827956
0,0,0.00012806865517433352
0,0,0.00020169009909936877
0,0,0.00035656386618489476
0,0,0.0003389687664106702
0,0,0.00014929195818664043
0,0,0.00016591484052676806
0,0,0.00016270797709875236
0,0,0.0001465118223469691
0,0,0.0004916735752530921
0,0,0.00015241751527035616
0,0,0.0001791923773205398
0,0,0.00014288899886745536
0,0,0.00018512491912222833
0,0,0.0001452324913781747
0,0,0.00015587386178043768
0,0,0.00015201987096193323
0,0,0.00020800861981218495
0,0,0.0001702851084994199
0,0,0.001567559935505524
0,0,0.00015544854543042788
0,0,0.00041411681036331217
0,0,0.000283280001541596
0,0,0.00015469054195021723
0,0,0.0001599494713682298
0,0,0.00014082699074514387
0,0,0.0001482341623249365
0,0,0.0001549807765135775
0,0,0.0003059089279068818
0,0,0.00014961402678542995
0,0,0.00013387906593787717
0,0,0.00015448548944687015
0,0,0.007989372430330342
0,0,0.00018151316904255896
0,0,0.00014854827853927427
0,0,0.00014853271714980394
0,0,0.0004989428730146398
0,0,0.00026742212497300885
0,0,0.000684296542652454
0,0,0.00014522239155117392
0,0,0.000790140156923778
0,0,0.00015986440105369634
0,0,0.00029733232061590625
0,0,0.0001470541982018106
0,0,0.00017053227312204293
0,0,0.00015106545702349756
0,0,0.00015377583694916824
0,0,0.00016943600124694522
0,0,0.0002274346025772519
0,0,0.00017645997676861224
0,0,0.0001461935332534343
0,0,0.00017560467734271257
0,0,0.00015006388871797538
0,0,0.0004055970836739069
0,0,0.00015216556199343706
0,0,0.00020855687370533333
0,0,0.00017400678081000258
0,0,0.0001539279951259368
0,0,0.00029397611373882206
0,0,0.00025730310791420054
0,0,0.00015843360330483684
0,0,0.0001762651965455551
0,0,0.00018847775908050976
0,0,0.00015794447018143413
0,0,0.0001807589844936491
0,0,0.00016178919356880895
0,0,0.00014672871550384866
0,0,0.0003872060203998065
0,0,0.00014980560201106768
0,0,0.0005023059927419404
0,0,0.0001403645949864019
0,0,0.00018435417436565298
0,0,0.0001439302684179743
0,0,0.00015493452291882892
0,0,0.00015093183828532915
0,0,0.00014964339893494633
0,0,0.0001407665813985055
0,0,0.00014780889872839962
0,0,0.00014173268773064144
0,0,0.0001495956332351278
0,0,0.0001581446757722505
0,0,0.0001681233569917245
0,0,0.0001786417792703669
0,0,0.0001577032812825323
0,0,0.00016787392680206082
0,0,0.00015916707302802524
0,0,0.0001453888796506331
0,0,0.00015372029752977256
0,0,0.0001586188784022444
0,0,0.00024880656418043264
0,0,0.0001513776075189141
0,0,0.00016486551305886852
0,0,0.00014710262190655986
0,0,0.0001530986867446073
0,0,0.00017075032904999762
0,0,0.00015107857903088562
0,0,0.0002334757386934233
0,0,0.00014630955621313128
0,0,0.00014707675719996058
0,0,0.00017464173291918374
0,0,0.00015678588224615986
0,0,0.0001738318673611671
0,0,0.00015876711966213408
0,0,0.00020408148275275512
0,0,0.0001541550152708195
0,0,0.00017489573683224208
0,0,0.00015906988291149098
0,0,0.00016799359235186956
0,0,0.00017407686305877164
0,0,0.0003253229357737162
0,0,0.00020030315308433488
0,0,0.0004902364824047765
0,0,0.00019793153573358037
0,0,0.0001436898232746525
0,0,0.00016295164193933648
0,0,0.00015626065893755952
0,0,0.00014222440865696722
0,0,0.00018196880819054453
0,0,0.00016314941326125924
0,0,0.00017010582368468766
0,0,0.00017355544161051247
0,0,0.0005180693069339359
0,0,0.0001650567531115917
0,0,0.00015964823561625201
0,0,0.00014418379232419856
0,0,0.00024297558315665815
0,0,0.0001487013451733047
0,0,0.00015904977028698372
0,0,0.00014247352368644553
0,0,0.00015258722318274158
0,0,0.00014074358392220028
0,0,0.00030777639394495647
0,0,0.00013961518939443422
0,0,0.00016240703481517382
0,0,0.00014546920143312312
0,0,0.00015778945590447566
0,0,0.00014456240356506907
0,0,0.003458072057830263
0,0,0.00014534914342016872
0,0,0.00015715676296868626
0,0,0.00017210088840553667
0,0,0.00020249483422205117
0,0,0.00015957206997176582
0,0,0.00018130457748265902
0,0,0.0001530991018710501
0,0,0.0001407665813985055
0,0,0.0001491404483434039
0,0,0.0012452302447976745
0,0,0.00017206633379096892
0,0,0.00015070458460947526
1,1,0.7045721508370086
0,0,0.0001436432573893179
0,0,0.0001454427689802015
0,0,0.00017077803736413166
0,0,0.00014589657916370242
0,0,0.00015868300204813644
0,0,0.00016367331984880608
0,0,0.00014074358392220028
0,0,0.00014137877845105625
0,0,0.00015595839748968276
0,0,0.0001921309124741655
0,0,0.00015242597002066127
0,0,0.0001482224841985335
0,0,0.00014474177208833556
0,0,0.00017381042785016688
0,0,0.0001535086818575046
0,0,0.00015414984329940905
0,0,0.00039346945751073494
0,0,0.00015115089664028623
0,0,0.00018258675123373547
0,0,0.00016206448931245342
0,0,0.00014860624499963968
0,0,0.0010723338294906903
0,0,0.00015585641882451886
0,0,0.000144723240665802
0,0,0.00014171727956463088
0,0,0.00018506332223252459
0,0,0.00014844875071940615
0,0,0.00022776128644254906
0,0,0.0001547251461497474
0,0,0.0005776192107455339
0,0,0.00015011954918770057
0,0,0.00016248138434994412
0,0,0.0001507953615672332
0,0,0.00017004182815095228
0,0,0.0011927788527507828
0,0,0.0001454913136727976
0,0,0.0001510734039112801
0,0,0.0001672269962209596
0,0,0.00015867270482455647
0,0,0.0009194598164593345
0,0,0.00015732103914332707
0,0,0.000321890032867103
0,0,0.000161328117012296
0,0,0.00019573689237425504
0,0,0.00039662049827475553
0,0,0.0002975271130399913
0,0,0.00015449294819436707
0,0,0.00016480983007278113
0,0,0.00014904337467335573
0,0,0.00017976827274180407
0,0,0.0001743154636614836
0,0,0.0001645333343673833
0,0,0.0001460568519147282
0,0,0.0001686385499379903
0,0,0.0003951991099489632
0,0,0.0003205945508898102
0,0,0.00014877966728480657
0,0,0.000354271555275415
0,0,0.0004945386195479081
0,0,0.00015676913002484846
0,0,0.00015257318714127693
0,0,0.00015771668227961146
0,0,0.0001686377254769855
0,0,0.00037889692585342625
0,0,0.00014269209094359882
0,0,0.00015508470574651607
0,0,0.00017995158459355146
0,0,0.00014504214124936305
0,0,0.00014895590809107002
0,0,0.0001685677403156286
0,0,0.00016895679175876448
0,0,0.00015174827690121013
0,0,0.00018095667726235576
0,0,0.001208195553991076
0,0,0.00016189141827345274
0,0,0.0001874068064215839
0,0,0.00015152478072858906
0,0,0.00015312042314495408
0,0,0.00014702205935498657
0,0,0.00018310771203983959
0,0,0.00016780139571534954
0,0,0.0001800389480099958
0,0,0.00023317280238035402
0,0,0.0001433191538923565
0,0,0.00013690742734669018
0,0,0.00016847968487681636
0,0,0.0070147814847393505
0,0,0.00015926668778437964
0,0,0.00017444716804623978
0,0,0.0001591870035983953
0,0,0.0001703956171084976
0,0,0.0001531556658409552
0,0,0.007540412246139254
0,0,0.0002578899093627845
0,0,0.00015404559965199555
0,0,0.00021416218263787566
0,0,0.00014207875943815574
0,0,0.00013902492568289738
0,0,0.00015772749800299147
0,0,0.00015962102338569394
0,0,0.00016305999736605326
0,0,0.00022340555640218765
0,0,0.00014250538847225276
0,0,0.0006341343743441939
0,0,0.00015982546876612045
0,0,0.00015523833131462892
0,0,0.0014993080391019163
0,0,0.00040440531760868863
0,0,0.000172148714624012
0,0,0.00013888122760631987
0,0,0.00016198804762173745
0,0,0.000148140527355158
0,0,0.00016635409652930816
0,0,0.00016319316092159095
0,0,0.00017475757232695768
0,0,0.00016014244774214547
0,0,0.0001795814303816043
0,0,0.000447343355572405
0,0,0.0002204960416507977
0,0,0.000552492998332872
0,0,0.000149673639745518
0,0,0.0002504713144366375
0,0,0.00014134535363272683
0,0,0.00014521112278810237
0,0,0.00014858053443264217
0,0,0.0003647220173835762
0,0,0.0001621219736907962
0,0,0.0001622738718062966
0,0,0.00015835832992708342
0,0,0.00014659318300287052
0,0,0.00016963929236133219
0,0,0.00016399027080207294
0,0,0.0001575042987478332
0,0,0.00014712616415620466
0,0,0.0001807523216758864
0,0,0.00033058825045696044
0,0,0.0003010480861739192
0,0,0.0001537367434158007
0,0,0.00014171536006282027
0,0,0.0002450404979975753
0,0,0.00014574256566546797
0,0,0.00019831331870356157
0,0,0.0001430436260345103
0,0,0.00016462373444070207
0,0,0.00017264557040341002
0,0,0.00016143771060313117
0,0,0.0004182919347705724
0,0,0.0001953778240983798
0,0,0.00017019433921311626
0,0,0.00014256099026873124
0,0,0.00017092818675856517
0,0,0.00014535238361346623
0,0,0.00016178137613237622
0,0,0.00014388651477671087
0,0,0.00033642727750476985
0,0,0.00016364603806289557
0,0,0.00017018696144318073
0,0,0.00016327250932358396
0,0,0.0003588816099727956
0,0,0.0001490751726560055
0,0,0.00016875186066281792
0,0,0.00016988390078682375
0,0,0.00015654342753246715
0,0,0.00015941174536802236
0,0,0.00015985765295576263
0,0,0.000198503674252087
0,0,0.00015415072908939309
0,0,0.00014778668011789832
0,0,0.00014366109523867074
0,0,0.000372135367665569
0,0,0.00016400605076457648
0,0,0.00021005897256775975
0,0,0.0008953575709650139
0,0,0.0001596899910052091
0,0,0.00015859762559835964
0,0,0.0001594648101458422
0,0,0.00018751111479752057
0,0,0.0001665476944909809
0,0,0.00015901699071101078
0,0,0.00024483414014940926
0,0,0.00017203192641258188
0,0,0.00015632268148967198
0,0,0.00015995317297950868
0,0,0.00033236336758973856
0,0,0.00013669730836719126
0,0,0.00015309298561752978
0,0,0.00014874131062197303
0,0,0.00015238762093164438
0,0,0.000722856432653947
0,0,0.0001623472943630227
0,0,0.0001501282847587845
0,0,0.00015182063892229774
0,0,0.00038178167031520686
0,0,0.00014222440865696722
0,0,0.00014824486064056482
0,0,0.00015324722029978776
0,0,0.0001523676004517819
0,0,0.0007679253993089214
0,0,0.0002132223502425624
0,0,0.00021758630056250736
0,0,0.0002604873378058701
0,0,0.0001816945816191309
0,0,0.00022885484817158168
0,0,0.00016851160060825824
0,0,0.00014966525784348335
0,0,0.00018707536528289064
0,0,0.0001819730670001196
0,0,0.0005783023933444701
0,0,0.00016490477340272173
0,0,0.00016390097129673973
0,0,0.00020395973844087545
0,0,0.00013574130753906262
0,0,0.002968963169899849
0,0,0.024045920531455947
0,0,0.0001651720388220654
0,0,0.0004912608600978527
0,0,0.0003620151819121855
0,0,0.00015070095511845116
0,0,0.0001442749621641486
0,0,0.0001659117291009829
0,0,0.00043128405801583865
0,0,0.00014319630662985988
0,0,0.00017603444962553436
0,0,0.00014403768247750787
0,0,0.00014707675719996058
0,0,0.00015377583694916824
0,0,0.00017206661530159794
0,0,0.00019532357940595525
0,0,0.00014881573858911896
0,0,0.00039506145858695253
0,0,0.0002617182954317232
0,0,0.00016522860910484885
0,0,0.000537942851161751
0,0,0.0001721260049491726
0,0,0.00018501523811748354
0,0,0.00014350136757236833
0,0,0.00028861267371653747
0,0,0.00014202300880223476
0,0,0.0001418274669587721
0,0,0.0001517708358993601
0,0,0.00015731103247483387
0,0,0.00020699230710407237
0,0,0.00028189973028636123
0,0,0.00015805640585641887
0,0,0.00019418956836851498
0,0,0.00016385347246585734
0,0,0.00016050824743286076
0,0,0.0001639643851391283
0,0,0.00015799656896757554
0,0,0.00015531214924096706
0,0,0.00013805881935076143
0,0,0.00014319630662985988
0,0,0.00025098771905070417
0,0,0.00015240584364108607
0,0,0.00045340366620506085
0,0,0.04201542119060211
0,0,0.00016971832909401275
0,0,0.0001503201431538762
0,0,0.0001607428393991791
0,0,0.00014344927948181023
0,0,0.000202156416670201
0,0,0.00015988767659135892
0,0,0.00019286728086214544
0,0,0.00016970157853595698
0,0,0.0001488552411073147
0,0,0.0001436898232746525
0,0,0.0001962767904202924
0,0,0.00015159715708595032
0,0,0.0003016114940586346
0,0,0.0019092294785876792
0,0,0.0002106883743365312
0,0,0.00015514363176194124
0,0,0.00022734010889295488
0,0,0.0001488747589817483
0,0,0.00014854827853927427
0,0,0.00015187131040731602
0,0,0.00017913819150729358
0,0,0.00015375039142849703
0,0,0.00014249674563679809
0,0,0.00023946186617609735
0,0,0.0004680537218181762
0,0,0.00019419276713288246
0,0,0.0001673979906669638
0,0,0.0001550409857528829
0,0,0.0004661569330693278
0,0,0.00015198916804934096
0,0,0.00031347199992505954
0,0,0.0001407661429203502
0,0,0.0001564427020574901
0,0,0.00027066273970033274
0,0,0.00019520233637295705
0,0,0.00018211750726680962
0,0,0.00017126616597345871
0,0,0.0001436898232746525
0,0,0.0001653462271980937
0,0,0.00023822999201323066
0,0,0.0001383920465040365
0,0,0.00021264395586675908
0,0,0.00026697083356744516
0,0,0.00016970679959955035
0,0,0.00014833733222804665
0,0,0.00015117679264343178
0,0,0.00020216145017715883
0,0,0.0003920178755315401
0,0,0.00016377940977101824
0,0,0.00041103195545816746
0,0,0.0001446499946803513
0,0,0.00015153435765317535
0,0,0.00015197367801197996
0,0,0.00014447054589642776
0,0,0.00013805881935076143
0,0,0.00014508584040773826
0,0,0.0001531535431794935
0,0,0.00019350963053309722
0,0,0.0010699069363175673
0,0,0.0001455751770668382
0,0,0.00014380178965813553
0,0,0.00015714345773674195
0,0,0.00022992249814092665
0,0,0.0001232209828475745
0,0,0.0001728884250920948
0,0,0.0001472622594360538
0,0,0.00016538676615553526
0,0,0.00015290063685569432
0,0,0.000512330135599535
0,0,0.00016328507672846431
0,0,0.0001422227666705343
0,0,0.00020854777031976233
0,0,0.00014457988960922446
0,0,0.00016646418735960234
0,0,0.00017896987843083424
0,0,0.00015012427622312436
0,0,0.00014985875975728654
0,0,0.00015621428366157335
0,0,0.0002602494087726743
0,0,0.00016118019882306887
0,0,0.00015282581443922896
0,0,0.00023148940496266286
0,0,0.00021766255368360355
0,0,0.00015929992473838483
0,0,0.00018095195914850405
0,0,0.00017258191016120605
0,0,0.000671404088277623
0,0,0.0001577628827104571
0,0,0.00044900078462401156
0,0,0.00019208225583697004
0,0,0.00021254345696224928
0,0,0.0001586073630321954
0,0,0.0001730815608000274
0,0,0.00017945892760380327
0,0,0.00015797257600071662
0,0,0.0002360408386690606
0,0,0.00015286786395184523
0,0,0.00015438522398297758
0,0,0.00014322124212274605
0,0,0.00027182670304559003
0,0,0.00017014588366911587
0,0,0.00015831896014732047
0,0,0.0001460568519147282
0,0,0.00014654186057620413
0,0,0.0001458630329427487
0,0,0.0001692993848736469
0,0,0.00024852979063976643
0,0,0.0009160689865770309
0,0,0.00015097811965960082
0,0,0.0001432118410372634
0,0,0.00014384215210300484
0,0,0.00017685350223805112
0,0,0.00019455719711074712
0,0,0.0007339659919435716
0,0,0.0001498399546712072
0,0,0.00017209015785781432
0,0,0.0026528725698532246
0,0,0.00016105821608523966
0,0,0.00014735995999997088
0,0,0.0005008706068173138
0,0,0.00014859020521285275
0,0,0.006917027643508072
0,0,0.00014993776411124135
0,0,0.00014097452410701618
0,0,0.0003978659999086844
0,0,0.00027270999058876883
0,0,0.00017838797730927443
0,0,0.00016564133575603472
0,0,0.0003252728625129418
0,0,0.0001718107176033324
0,0,0.000146752100346228
0,0,0.000245403027179291
0,0,0.00014134535363272683
0,0,0.00016368701843471448
0,0,0.00014164144401774376
0,0,0.00015073290776876401
0,0,0.0024514475286748915
0,0,0.00017052721021078513
0,0,0.00015361409943391715
0,0,0.0001562476243510244
0,0,0.00014889745683056821
0,0,0.00014453575144624992
0,0,0.00014802066592649354
0,0,0.00016601373705002172
0,0,0.00016349026377359863
0,0,0.0001450110196767959
0,0,0.00022353156824196955
0,0,0.0001536809696204709
0,0,0.00014457314827369844
0,0,0.00039060897609830063
0,0,0.00014467501159884163
0,0,0.00016449189933619388
0,0,0.0001457157829888017
0,0,0.00026384954757661494
0,0,0.0001414007292504804
0,0,0.00014754841479948827
0,0,0.00013805881935076143
0,0,0.0004522795888278039
0,0,0.0003683629460280437
0,0,0.00015510133856874936
0,0,0.0001718536417114237
0,0,0.00015464531872646695
0,0,0.00015257115001652497
0,0,0.0003887947423691506
0,0,0.000158214808454703
0,0,0.00013908917031483055
0,0,0.00017494448247608706
0,0,0.00015133513171464524
0,0,0.00015964823561625201
0,0,0.00013778479892447192
0,0,0.0001482890384269696
0,0,0.00016248138434994412
0,0,0.00014707675719996058
0,0,0.00015792958066253155
0,0,0.0002428300864507523
0,0,0.00015197688561994176
0,0,0.00108814249600218
0,0,0.00023602647260211556
0,0,0.00014986815054469557
0,0,0.00015750188512636646
0,0,0.0003607816480523617
0,0,0.00020230496706782374
0,0,0.00013805881935076143
0,0,0.00026737608470119354
0,0,0.00016156451482920436
0,0,0.0001460568519147282
0,0,0.00019343358754269211
0,0,0.0001459253651958893
0,0,0.0005080561027780361
0,0,0.0003621041458047731
0,0,0.0007413532766172737
0,0,0.000500977060518675
0,0,0.00019520986072599217
0,0,0.00014972939692827812
0,0,0.0001632381902112596
0,0,0.0001425671990371074
0,0,0.00017731615888996806
0,0,0.00014195922055820466
0,0,0.00016061173692853036
0,0,0.0001713672923064986
0,0,0.00014596537024026186
0,0,0.0002770474623748973
0,0,0.0001574460356513061
0,0,0.00014110753775441228
0,0,0.000521230401648174
0,0,0.0006284941192140855
0,0,0.00018530826646246952
0,0,0.0001584553793221695
0,0,0.00015963229216591935
0,0,0.00015673391746438668
0,0,0.00017130762125869872
0,0,0.00014139072137298337
0,0,0.00015643758329391265
0,0,0.00015669192079964192
0,0,0.00015191423789444943
0,0,0.00014719495574809242
0,0,0.00015978104139652115
0,0,0.0001543197712436997
0,0,0.00016433598445620332
0,0,0.0001413785503221531
0,0,0.0003046063483695135
0,0,0.00020936076662651603
0,0,0.0003723549245972798
0,0,0.00014319630662985988
0,0,0.00018968867113147456
0,0,0.00015992529023842127
0,0,0.0001474978049890696
0,0,0.0004349648642496316
0,0,0.00024953283376065894
0,0,0.0011528128827350383
0,0,0.00016364164206551514
0,0,0.00014525994582079634
0,0,0.00015128042788677723
0,0,0.00018476468947981539
0,0,0.00015112292814728107
0,0,0.00016206448931245342
0,0,0.00013955050628434583
0,0,0.0010719101102596674
0,0,0.0003555865400293037
0,0,0.00018114949950378005
0,0,0.0001757435603852201
0,0,0.00014060934317204125
0,0,0.00017984113263250814
0,0,0.00013805881935076143
0,0,0.011714255826853936
0,0,0.006929537914026088
0,0,0.00017155468111225907
0,0,0.00022444758146356435
0,0,0.00015375561376208604
0,0,0.0001530283176923115
0,0,0.0001454427689802015
0,0,0.00015256577993772884
0,0,0.00016358686006976824
0,0,0.0002806202498819134
0,0,0.00016640991906000032
0,0,0.0006387781731318628
0,0,0.0002942883973837853
0,0,0.00014487015278289074
0,0,0.00017852137342192655
0,0,0.00018967841532128795
0,0,0.0004820882540894178
0,0,0.00016079581369436661
0,0,0.0001425671990371074
0,0,0.00017791010799080216
0,0,0.00018380782099323655
0,0,0.00019191074544179181
0,0,0.00014247352368644553
0,0,0.00035303839724179286
0,0,0.0001407661429203502
0,0,0.00025040145935100746
0,0,0.0003489653547646302
0,0,0.00014450675340755526
0,0,0.00017581214908435398
0,0,0.0001810614327601205
0,0,0.000158893387723394
0,0,0.0001587518930852276
0,0,0.00021260568826771
0,0,0.00016113445192417555
0,0,0.00017642376257560064
0,0,0.0001938201687365917
0,0,0.00015134917917881748
0,0,0.00014821685610182168
0,0,0.0001458609246751496
0,0,0.00014656339692722047
0,0,0.00016302934722523462
0,0,0.00018511974992823851
0,0,0.00020435991357073896
0,0,0.00015737725907760864
0,0,0.00015678775462785912
0,0,0.00022204218287686826
0,0,0.00026536110692670055
0,0,0.0001423877243354403
1,1,0.9580765555765555
0,0,0.0004406504599593438
0,0,0.00014249674563679809
0,0,0.0001755296280595814
0,0,0.00027613186091084065
0,0,0.0001805284566582325
0,0,0.0002558647411500779
0,0,0.0001633784076433445
0,0,0.0001396578999750273
0,0,0.00014993105928887783
0,0,0.0001380355974004089
0,0,0.00017579559358516176
0,0,0.00016978187525296646
0,0,0.00013927445598676586
0,0,0.0001448412152787238
0,0,0.00030129954858218406
0,0,0.0001593588265346278
0,0,0.0002603929320877352
0,0,0.0001748576139021389
0,0,0.00041366270421876503
0,0,0.000186226346118195
0,0,0.0006190648574594844
0,0,0.00023964014804017937
0,0,0.00014275366256764733
0,0,0.00020764070902607926
0,0,0.00014803239144387656
0,0,0.00014387020377173385
0,0,0.00015132566165501269
0,0,0.0001494393532821042
0,0,0.00014319630662985988
0,0,0.00015981855362609792
0,0,0.00015771492874761092
0,0,0.0002565152984087894
0,0,0.00014746640494357665
0,0,0.00016331835075209777
0,0,0.00014397997445851274
0,0,0.00015471334390296373
0,0,0.00016397053091601836
0,0,0.00032772551985024316
0,0,0.00015357290995718262
0,0,0.0001944083217365686
0,0,0.00014812839232721125
0,0,0.00015189345531641665
0,0,0.00018825974093638506
0,0,0.00017607608446252568
0,0,0.00015281250047051597
0,0,0.00014518978647458822
0,0,0.00016507153383950098
0,0,0.00014804570549669215
0,0,0.0004098535959000716
0,0,0.00014826233185668942
0,0,0.00018555251450298757
0,0,0.0002690241293401183
0,0,0.000243189815442774
0,0,0.0005650957855399671
0,0,0.00015794488643409996
0,0,0.0004031763497036866
0,0,0.00016835706637251596
0,0,0.00017084362202472958
0,0,0.00026718129695432947
0,0,0.0001802605847673223
0,0,0.0001429748513002405
0,0,0.0002834453449586052
0,0,0.00042087566656634885
0,0,0.00046893732364807595
0,0,0.0002040385496267431
0,0,0.00029096882141326543
0,0,0.0001564565054810971
0,0,0.00014903217717326936
0,0,0.00016413664906953597
0,0,0.00016119147193583092
0,0,0.00015321697522556715
0,0,0.00015567120968323488
0,0,0.00015657270516101249
0,0,0.00015566985119689483
0,0,0.0001552582143868657
0,0,0.00013727743377678364
0,0,0.00020658640657075057
0,0,0.0001650051418606835
0,0,0.00015653260359134674
0,0,0.00021623122249947847
0,0,0.00015745322518560361
0,0,0.00014292098526827487
0,0,0.00015971808079302466
0,0,0.00026995904077076524
0,0,0.0006108100047082139
0,0,0.00023423390231704856
0,0,0.0002172158761196767
0,0,0.00023125307352931242
0,0,0.00016009622926965053
0,0,0.00021389845270557313
0,0,0.00015227602103109014
0,0,0.00025435490823821915
0,0,0.00016911007640717015
0,0,0.00014139843034960165
0,0,0.0001488616714470134
0,0,0.00015552916174893614
0,0,0.00027604460273315356
0,0,0.00016076687402479607
0,0,0.00014256099026873124
0,0,0.00018147061892755266
0,0,0.00017301586193304392
0,0,0.00026778800111090757
0,0,0.0001614979941729178
0,0,0.00014279981111961523
0,0,0.00015197850796433947
0,0,0.006836040956038076
0,0,0.000154139817460228
0,0,0.000237805813837605
0,0,0.00016608856926127825
0,0,0.00013990674341601725
0,0,0.00017770438453832904
0,0,0.0002530203507667112
0,0,0.0001442407155098284
0,0,0.00014707675719996058
0,0,0.00016816334353931422
0,0,0.00014210351725635207
0,0,0.0010353276104410776
0,0,0.00037930128844784847
0,0,0.0001437123822728025
0,0,0.0005559787440871292
0,0,0.00015952380636040812
0,0,0.00014757216790951927
0,0,0.00015982075985069308
0,0,0.00015498293910500493
0,0,0.0001883388801842713
0,0,0.00015055996736391158
0,0,0.00014969522579989347
0,0,0.00018765729261643147
0,0,0.00031825867663496716
0,0,0.003496546593414836
1,1,0.9552548853113371
0,0,0.00016138521250360106
0,0,0.00015580498350036462
0,0,0.00015489122985790652
0,0,0.00014973729366504784
0,0,0.0001674879911439373
0,0,0.00015887932449879888
0,0,0.00015026284951628264
0,0,0.0001396578999750273
0,0,0.00017550443324072462
0,0,0.01348540921369453
0,0,0.00016276036754716598
0,0,0.00017615508905234527
0,0,0.00013762002760717552
0,0,0.00018604870111126807
0,0,0.0004065127155300703
0,0,0.0001777533358218284
0,0,0.00016787930653124145
0,0,0.00015164985476933242
0,0,0.0001838472778899871
0,0,0.0001654403962114816
0,0,0.00016755904301733366
0,0,0.00025125360295119895
0,0,0.0005347276124459832
0,0,0.00016024230170944004
0,0,0.00014924798122551962
0,0,0.00015742797730102206
0,0,0.00018221790965434703
0,0,0.00015667072207317187
0,0,0.00015214664516892724
0,0,0.00017217350472478922
0,0,0.00015335895526371696
0,0,0.00020625837241886513
0,0,0.0003668787254078539
0,0,0.00014792285823419555
0,0,0.0001513197346072062
0,0,0.00014757360956793236
0,0,0.0006240497516663029
0,0,0.00015041866355229897
0,0,0.0001857264685117572
0,0,0.00014563632308413305
0,0,0.00028938453907924463
0,0,0.00014273261808731832
0,0,0.00014668913934397958
0,0,0.0001618300705633579
0,0,0.000153962847820623
0,0,0.00014210351725635207
0,0,0.00016103448645093
0,0,0.0014534878625854762
0,0,0.000186860565426648
0,0,0.00015103059347854476
0,0,0.0001558025297779012
0,0,0.0005418321252468201
0,0,0.0001490686423130445
0,0,0.00014256099026873124
0,0,0.0005546396345644995
0,0,0.0001730058322204142
0,0,0.0005477477152913616
0,0,0.0001714914263935708
0,0,0.0001539966969577665
0,0,0.00023518408272595956
0,0,0.012730088252254456
0,0,0.00018323532788182276
0,0,0.0001651952731236993
0,0,0.0002764803062828748
0,0,0.00016918930572445393
0,0,0.00015127651865479638
0,0,0.0002300218578811736
0,0,0.00015868932737205457
0,0,0.00016076084092261225
0,0,0.00028423149939820885
0,0,0.0001402405623189018
0,0,0.00016032232972560087
0,0,0.0001546114927048831
0,0,0.00014655544456229885
0,0,0.00018094905284602515
0,0,0.00015597019567615802
0,0,0.00022303528358008024
0,0,0.0009358763515718508
0,0,0.0001444253808240323
0,0,0.0001869699921274048
0,0,0.00015449507677708728
0,0,0.00014334782964214429
0,0,0.00015802383670604055
0,0,0.00015406017800304974
0,0,0.0001968609494142066
0,0,0.0007326168006587924
0,0,0.00031877152244326544
0,0,0.00016103841720216765
0,0,0.00014166361844836415
0,0,0.0001451324846112208
0,0,0.00019563737766531116
0,0,0.00016865257297076316
0,0,0.00018161907090654626
0,0,0.00016809587007076158
0,0,0.00016700370734914097
0,0,0.00016535154695136711
0,0,0.00041503620196702413
0,0,0.00016045571716714457
0,0,0.0005341583716322254
0,0,0.00019269441668158174
0,0,0.0008245323919891
0,0,0.00021705541438297258
0,0,0.00016598192908721135
0,0,0.00017579315345172836
0,0,0.00015409515306245012
0,0,0.0001381230639826946
0,0,0.0001656606779453464
0,0,0.0001396578999750273
0,0,0.0001558057763628516
0,0,0.00015634267988282025
0,0,0.00023183563736482623
0,0,0.0001514032254156051
0,0,0.0001556273459289868
0,0,0.007008405707630798
0,0,0.00014248604668784117
0,0,0.00015855028190743566
0,0,0.00019036872929468877
0,0,0.00015935904200974668
0,0,0.00013879278113887583
0,0,0.00015303925372250521
0,0,0.0001800515373460229
0,0,0.00015355809497773578
0,0,0.00013841904138867033
0,0,0.0008443641743947292
0,0,0.00017621740562517917
0,0,0.000158549509307273
0,0,0.00018075976866884218
0,0,0.0002631077126640366
0,0,0.00015231625025858726
0,0,0.0001507446116434353
0,0,0.0001394266932045539
0,0,0.00013727743377678364
0,0,0.00016054966820812028
0,0,0.00017556925143528967
0,0,0.000146282367052536
0,0,0.00016696008260955365
0,0,0.00024459360601022993
0,0,0.00014447666264806556
0,0,0.00015573505510332864
0,0,0.00032169338057262513
0,0,0.00015518569855385664
0,0,0.00015820797048782901
0,0,0.00015979909467232965
0,0,0.0003289752249373327
0,0,0.04120313790932018
0,0,0.0001995575384647282
0,0,0.00022754118825707483
0,0,0.0001458931640924068
0,0,0.00020282392591121248
0,0,0.00035673018382410197
0,0,0.00017262749628202352
0,0,0.00036072528291790254
0,0,0.00015591359158174595
0,0,0.00015606857361018668
0,0,0.00015206174238515275
0,0,0.0002664238155498922
0,0,0.0001558997041569601
0,0,0.013495030046266043
0,0,0.00030402828399904875
0,0,0.00014701173800716035
0,0,0.00014634225691797945
0,0,0.0008362415370970572
0,0,0.00015885032630323816
0,0,0.0001585469803732344
0,0,0.0001930143026339843
0,0,0.00023602566224767424
0,0,0.0001476713739335999
0,0,0.0007279328628894981
0,0,0.00014646064277319652
0,0,0.0001456915773788852
0,0,0.00014042269639128098
0,0,0.00016977570584142564
0,0,0.00019852579439475567
0,0,0.00017877094215182162
0,0,0.00014707824775004482
0,0,0.0001396578999750273
0,0,0.00024370407560561565
0,0,0.00013879278113887583
0,0,0.00014256099026873124
0,0,0.00014279981111961523
0,0,0.000162439628960987
0,0,0.0001602786495117581
0,0,0.0001573128521870531
0,0,0.0001594786092251133
0,0,0.00019473133220595634
0,0,0.00014808927978213012
0,0,0.00015635438887319625
0,0,0.00016123650593566585
0,0,0.0001623752704597337
0,0,0.00020381681002786559
0,0,0.00016073436916651867
0,0,0.00034511113323370916
0,0,0.0001580389157246358
0,0,0.00014685602117161243
0,0,0.00034339111242081747
0,0,0.00016536231247319972
0,0,0.0001983313535982053
0,0,0.00015078106940883562
0,0,0.00015833016587012765
0,0,0.00014099872594252705
0,0,0.0001540073533410552
0,0,0.00046577159239953483
0,0,0.0001748787367362951
0,0,0.00021599940505016662
0,0,0.000197634231963975
0,0,0.00016989081835974058
0,0,0.00014543487520855478
0,0,0.00015188733199461023
0,0,0.0001407661429203502
0,0,0.00016724266035371126
0,0,0.00016565826490555073
0,0,0.00018238717229751567
0,0,0.001721445839722144
0,0,0.00015543292654857926
0,0,0.00015852932792657568
0,0,0.00014381498465007318
0,0,0.0003923484499945053
0,0,0.00016182217787861496
0,0,0.0010205873476579655
0,0,0.0004098535959000716
0,0,0.00029084415879463115
0,0,0.00030832914179902026
0,0,0.0001439302684179743
0,0,0.00020715938321320956
0,0,0.00014037799110983425
0,0,0.000153516241811699
0,0,0.0002790298875817528
0,0,0.00021855966338624639
0,0,0.00018758846923384937
0,0,0.00017886673512300608
0,0,0.00014074358392220028
0,0,0.00017052869536442845
0,0,0.00019231660518889682
0,0,0.0002679275867123517
0,0,0.00015412084237037142
0,0,0.00015025669537601006
0,0,0.00014213219300613985
0,0,0.00015825387578000124
0,0,0.0005736303653757551
0,0,0.00015543894776620852
0,0,0.0001840668999890675
0,0,0.00016433464213189912
0,0,0.00016149516343289992
0,0,0.00015955695510800965
0,0,0.00016206667875635114
0,0,0.00017649193616763045
0,0,0.00015543894776620852
0,0,0.001931438725302042
0,0,0.0001465788539936732
0,0,0.00015362310615754164
0,0,0.00015942826462974336
0,0,0.00017191333013471752
0,0,0.0001460568519147282
0,0,0.00016617676825950422
0,0,0.0001444938328203194
0,0,0.00017048664763753526
0,0,0.0003634197848772518
0,0,0.00017279280427437104
0,0,0.00018194541289568634
0,0,0.0001514907714308312
0,0,0.00014033734565775888
0,0,0.00014309711485234228
0,0,0.0005089897916177149
0,0,0.0003978042684702278
0,0,0.0001606315881205904
0,0,0.00019136820822894502
0,0,0.0003736369045852775
0,0,0.0001428240129551261
0,0,0.00015382866021127078
0,0,0.00016481883344256223
0,0,0.000141552740358552
0,0,0.0006046034584504162
0,0,0.00026671843503535045
0,0,0.00015591967096874806
0,0,0.0001741645173020935
0,0,0.00018928277365911782
0,0,0.0001782984412663586
0,0,0.00014698519482977314
0,0,0.00017064628343017388
0,0,0.00020245258569424833
0,0,0.00014192744619377862
0,0,0.00015990896765216407
0,0,0.0001547220519238575
0,0,0.00015186024328469314
0,0,0.0002018097652738043
0,0,0.0001396578999750273
0,0,0.0001539411365763697
0,0,0.00014988489572785428
0,0,0.0003190693425729838
0,0,0.00015343249789334838
0,0,0.0001571085614580227
0,0,0.00016844895216412922
0,0,0.00014817873073062694
0,0,0.00015378912505884906
0,0,0.0001513659005335453
0,0,0.00016833749443087497
0,0,0.0001711069562717256
0,0,0.00015942634831470412
0,0,0.0003290914855023271
0,0,0.00014357719586626528
0,0,0.00013992095119259453
0,0,0.00016400971687656045
0,0,0.00013924961450422515
0,0,0.00017045546479122224
0,0,0.00017398189935464273
0,0,0.00015234220591232097
0,0,0.00016125256441797573
0,0,0.00015011954918770057
0,0,0.0001821301236839808
0,0,0.00014841327960937902
0,0,0.00014617983995991783
0,0,0.00014953622073729208
0,0,0.00015273014208438395
0,0,0.0003785742223814728
0,0,0.00014074358392220028
0,0,0.000154284232621122
0,0,0.00015855976500153134
0,0,0.0004484062169771641
0,0,0.00020221487373029117
0,0,0.0001607763614517468
0,0,0.0001648196751460609
0,0,0.00017281533483241434
0,0,0.00018615649511659837
0,0,0.0004364576310108175
0,0,0.00014450675340755526
0,0,0.0001786340100474731
0,0,0.00015925637542355672
0,0,0.00016059115554979876
0,0,0.00030434581976193344
0,0,0.00018533383622807546
0,0,0.00015468667555424665
0,0,0.00015003888131491313
0,0,0.00017721495288181143
0,0,0.0001376655909703154
0,0,0.00013961045514042817
0,0,0.0002691130419418334
0,0,0.000168694867618244
0,0,0.00013805881935076143
0,0,0.00017783859542304788
0,0,0.00026808345752104044
0,0,0.00015873832205298675
0,0,0.00013992051271443927
0,0,0.0001451324846112208
0,0,0.0002773942820794259
0,0,0.00021498488455231224
0,0,0.00016066798732067216
0,0,0.0001635334933840991
0,0,0.00018204131294453173
0,0,0.00033158757920500215
0,0,0.0001535007163887242
0,0,0.00014249674563679809
0,0,0.00016303722149848675
0,0,0.00014998145533070452
0,0,0.00015999281117858337
0,0,0.0002053847779945832
0,0,0.0001546724773258233
0,0,0.00020738184547277922
0,0,0.0001764955031018369
0,0,0.00020656921683630405
0,0,0.00016680690338334746
0,0,0.00020355702733532253
0,0,0.00014312566588461022
0,0,0.000145250467976589
0,0,0.0002949478124120684
0,0,0.0004417459593301709
0,0,0.00015462718480337904
0,0,0.0002121688104311877
0,0,0.0001807816536668788
0,0,0.00018132075911359683
0,0,0.00015694627265556876
0,0,0.0001797953159997627
0,0,0.00016655485970956145
0,0,0.000154479780916341
0,0,0.0003277126537559084
0,0,0.00015302555669541564
0,0,0.00014578272112669545
0,0,0.00015836784719649622
0,0,0.010258704430873063
0,0,0.00015936497663575938
0,0,0.00016327366551785423
0,0,0.0001436898232746525
0,0,0.0001449402783413436
0,0,0.00016488575917752743
0,0,0.0001571961434906402
0,0,0.0005535484276798934
0,0,0.0001636721795034078
0,0,0.00017420448234613787
0,0,0.00016745277518965713
0,0,0.00015343314861577585
0,0,0.000155509453081821
0,0,0.00017168142323046532
0,0,0.00018138164241269435
0,0,0.00021467703371136164
0,0,0.00015532039286772034
0,0,0.000374932616619445
0,0,0.00017704609433044763
0,0,0.00044807952162992723
0,0,0.00015579285387487025
0,0,0.00029097352249959663
0,0,0.00014414073354611815
0,0,0.00014817686216990006
0,0,0.00014319630662985988
0,0,0.00021289105387116842
0,0,0.00015816443495455864
0,0,0.0001502927444562947
0,0,0.00014404859954008473
0,0,0.0001624016842271079
0,0,0.00014833088935483488
0,0,0.0002185408779130948
0,0,0.00017222739459168022
0,0,0.00015964823561625201
0,0,0.00013669125056300118
0,0,0.00015306028488880217
0,0,0.0001460893221822353
0,0,0.00014659318300287052
0,0,0.0001478997936015512
0,0,0.00016318314671648205
0,0,0.00013975500577668713
0,0,0.00014534731180470845
0,0,0.00015245922426738778
0,0,0.007503250000511056
0,0,0.00015800438559024016
0,0,0.0001813335527712732
0,0,0.00041393657972738025
0,0,0.0001542133266319237
0,0,0.0003049396211929014
0,0,0.000154139817460228
0,0,0.00014534914342016872
0,0,0.0001717465299746762
0,0,0.00014309161862602115
0,0,0.0001501534316149548
0,0,0.00018537328242894258
0,0,0.00021157191240139887
0,0,0.00016658986583772893
0,0,0.00018635489664271926
0,0,0.00018560187136781653
0,0,0.00014579820247145523
0,0,0.00015891352730504002
0,0,0.00016388660369782076
0,0,0.00014884301341661513
0,0,0.00016759041722921256
0,0,0.00016928506481355015
0,0,0.00015446772244040308
0,0,0.00015149034040614747
0,0,0.0001556875264247265
0,0,0.000146752071232536
0,0,0.00016778544416882912
0,0,0.00014958156046230287
0,0,0.00017691038796074915
0,0,0.00014897728004349586
0,0,0.00014000841777488026
0,0,0.0002030026339966012
0,0,0.00019001046527393416
0,0,0.00016214315078966974
0,0,0.00015244510613794652
0,0,0.00018018235978107427
0,0,0.0002026235024049944
0,0,0.0001495286736280542
0,0,0.00014242828339115679
0,0,0.00014514857896896432
0,0,0.00015479939783314163
0,0,0.00015726143516687772
0,0,0.0001511441105681597
0,0,0.00015472816534798514
0,0,0.00030615174221158435
0,0,0.00016866167309023173
1,1,0.9170905928815646
0,0,0.0003050089753813727
0,0,0.0001452238028828888
0,0,0.00018410104062185754
0,0,0.0002332156512280673
0,0,0.00016182738349586505
0,0,0.00017000285933903783
0,0,0.00014568174997450014
0,0,0.00016782912141832633
0,0,0.0004252987883405601
0,0,0.0002774371137489883
0,0,0.00017674505352922095
0,0,0.00021406935423073407
0,0,0.00043256961381348474
0,0,0.00018721317061729678
0,0,0.00014388331316983705
0,0,0.00016449605366279538
0,0,0.0001693350731745154
0,0,0.00014722701483395754
0,0,0.00036634364960215124
0,0,0.0015566451029210544
0,0,0.0001510734039112801
0,0,0.00033930479910013775
0,0,0.00015761242085920332
0,0,0.00013903421938687475
0,0,0.00015182306608904457
0,0,0.000231081192597596
0,0,0.00014534045240749156
0,0,0.00015061944389528886
0,0,0.00015448096759028564
0,0,0.0001774349389073573
0,0,0.0001469380035835431
0,0,0.00014462530830604346
0,0,0.00024716338693057813
0,0,0.0001431436670785323
0,0,0.00018290975201302513
0,0,0.0001513375395989087
0,0,0.00024478931560932874
0,0,0.0001868478216525672
0,0,0.0002262924335076943
0,0,0.00015467637943169472
0,0,0.00016010268850377935
0,0,0.00034549058490089817
0,0,0.0002705520119880324
0,0,0.0001485730841682501
0,0,0.00016695494390768474
0,0,0.0001447097285598849
0,0,0.0001758277181623264
0,0,0.0001512877086192218
0,0,0.00015542442974114434
0,0,0.00017379350404586903
0,0,0.00016044874804960101
0,0,0.00015647297613489774
0,0,0.0002489233703564283
0,0,0.0001521485515662842
0,0,0.00017356186358310862
0,0,0.00015204936350580444
0,0,0.00016063265495346233
0,0,0.00016390057767077076
0,0,0.00015357881854378454
0,0,0.00014540669388002128
0,0,0.0003606423131098359
0,0,0.00013596334657907684
0,0,0.0001601929596704881
0,0,0.0001413988688277569
0,0,0.00016093905951216248
0,0,0.00017082791292447175
0,0,0.00028790024937102736
0,0,0.0001886740502297082
0,0,0.0010405138752719418
0,0,0.0001568636702171736
0,0,0.00015705391555223796
0,0,0.00016614872541436133
0,0,0.00017051321864838023
0,0,0.00014257777207960103
0,0,0.0001783720753843906
0,0,0.00016561508031481443
0,0,0.0001520065782535234
0,0,0.00015595038781493817
0,0,0.00014249674563679809
0,0,0.00015301062730097817
0,0,0.00014099872594252705
0,0,0.00015160472489169241
0,0,0.0001847796909574564
0,0,0.0001649287920060187
0,0,0.00014919325110900216
0,0,0.0001565258893081684
0,0,0.0001517389494351635
0,0,0.0004939930283899758
0,0,0.0001600483847241771
0,0,0.0001450994661442399
0,0,0.00014760895991090342
0,0,0.0001868322248533505
0,0,0.0001559241332155556
0,0,0.00015114049848991056
0,0,0.00030803456567641944
0,0,0.0002687922444428329
0,0,0.00019466218541719515
0,0,0.0001407665813985055
0,0,0.0002336189648491
0,0,0.0002982827754621716
0,0,0.00013805881935076143
0,0,0.0001613723557477577
0,0,0.00017957995544954337
0,0,0.00015588661595879386
0,0,0.0001607949387241691
0,0,0.00016028069965523477
0,0,0.00015346232866537943
0,0,0.00020499083082269444
0,0,0.00028351244649693066
0,0,0.00015425007874867857
0,0,0.0001471092276483619
0,0,0.00016732276639742428
0,0,0.00014645645880119118
0,0,0.00015306249146325495
0,0,0.0002968014486205454
0,0,0.00013927445598676586
0,0,0.00023160600413391102
0,0,0.00015010793325649657
0,0,0.0004539758558919513
0,0,0.0002228620252917608
0,0,0.00014363373152158015
0,0,0.0001514907714308312
0,0,0.00032337121921134946
0,0,0.00019626116629790585
0,0,0.00038044151330083985
0,0,0.00015095245853768483
0,0,0.0004040994063649256
0,0,0.0001920077920428998
0,0,0.00015303627555830215
0,0,0.0001396578999750273
0,0,0.00015357717061024453
0,0,0.0001574744725266649
0,0,0.0001724260685021823
0,0,0.00016149925170784224
0,0,0.0001605624427055396
0,0,0.00014717569240729116
0,0,0.00015163000655935257
0,0,0.00017122124845082688
0,0,0.00029351893741085596
0,0,0.0001381230639826946
0,0,0.00015313561207410978
0,0,0.0004550659272099902
0,0,0.00040587054442710156
0,0,0.00013978637873486604
0,0,0.00017472604249229933
0,0,0.00017894827435204557
0,0,0.00021950330893430388
0,0,0.00018183039267678715
0,0,0.00020452039757454867
0,0,0.000606779490025695
0,0,0.00020602148317724376
0,0,0.003476023769443073
0,0,0.00027893291725844196
0,0,0.00015199875491366349
0,0,0.0002037973556282233
0,0,0.0001555109595955312
0,0,0.00016164469394077828
0,0,0.0002708194330409097
0,0,0.0006701975452869185
0,0,0.00018207249086806798
0,0,0.0001405399637589701
0,0,0.00017892554838835876
0,0,0.00015294695726916676
0,0,0.00014562805465213682
0,0,0.00016351688983234675
0,0,0.000544185755678972
0,0,0.00021422250134437077
0,0,0.00017733720659114164
0,0,0.00021614366629886056
0,0,0.0001495188094333011
0,0,0.00023938615078631192
0,0,0.00015050113440158655
0,0,0.00014921824406807926
0,0,0.0001556269267226923
0,0,0.00016241039982954421
0,0,0.00020851948613160407
0,0,0.0005494850721767473
0,0,0.00015136027005396496
0,0,0.00015269719090799268
0,0,0.000192380102681963
0,0,0.00016196584299481076
0,0,0.0002673726276114388
0,0,0.00014404193683577085
0,0,0.0001535488229875302
0,0,0.0014483852416194716
0,0,0.0001522402296871586
0,0,0.00014592527139329912
0,0,0.0004220827302239531
0,0,0.00014319630662985988
0,0,0.0002051346997379347
0,0,0.0005106474060098527
0,0,0.00017015679245313702
0,0,0.0001544488799348005
0,0,0.00015872610902361496
0,0,0.00029098388349998815
0,0,0.0002637710891225042
0,0,0.0004298978897020755
0,0,0.0002698878442635205
0,0,0.0001728406615051699
0,0,0.0004084075463734061
0,0,0.0001723716656215362
0,0,0.00015144777488888968
0,0,0.00016040368913075579
0,0,0.00014528419164679438
0,0,0.00014139072137298337
0,0,0.00016273419626076092
0,0,0.0002789164908984687
0,0,0.0004643993362783468
0,0,0.00017712756486674478
0,0,0.0001674311649561395
0,0,0.00015540657856051012
0,0,0.00017498425554456274
0,0,0.00015274202566981237
0,0,0.00015489421640461586
0,0,0.0001503072933998723
0,0,0.00016040734100708352
0,0,0.0002104095414865175
0,0,0.0001682007707648091
0,0,0.0001381230639826946
0,0,0.0001867339473915239
0,0,0.0001411135903522937
0,0,0.00018283784078077813
0,0,0.00015603384008385895
0,0,0.0003412593263881395
0,0,0.00014881293827914723
0,0,0.0003240136616104088
0,0,0.00015024304876793917
0,0,0.00016073436916651867
0,0,0.00014377758782262468
0,0,0.000285249354843656
0,0,0.00015527947929074886
0,0,0.00017952319488819817
0,0,0.0003738884293868045
0,0,0.0001428240129551261
0,0,0.0001451169626648399
0,0,0.00015003888131491313
0,0,0.00014804570549669215
0,0,0.00038548340864665227
0,0,0.0001943387579688932
0,0,0.00019103245084093427
0,0,0.00014971399593835652
0,0,0.00016239595034188022
0,0,0.00020427002280051378
0,0,0.0005932852310715483
0,0,0.00020424791558776805
0,0,0.00048202557880298066
0,0,0.0004294468716103862
0,0,0.0004206782602255097
0,0,0.000160159190457656
0,0,0.0001816945816191309
0,0,0.0002554347183455325
0,0,0.0003106342128360908
0,0,0.00015879419514908905
0,0,0.00016161868611973032
0,0,0.0001505551992633557
0,0,0.00045125562490491125
0,0,0.00015592735230284677
0,0,0.0003062388803441263
0,0,0.0002714835320915391
0,0,0.00014319630662985988
0,0,0.00015900079485158778
0,0,0.00016530383381640416
0,0,0.0002312060105220504
0,0,0.00021121666722201773
0,0,0.00027657768846341856
0,0,0.00015425939356814906
0,0,0.0001433191538923565
0,0,0.0003740415189516884
0,0,0.00018457758732362022
0,0,0.00016364176032419321
0,0,0.00016797776828140226
0,0,0.0001514907714308312
0,0,0.00017778667235129097
0,0,0.00040806393601213684
0,0,0.0001719578484211291
0,0,0.0002112174759192173
0,0,0.00015347444904882817
0,0,0.0001447204748658318
0,0,0.0001973423259700639
0,0,0.00016181372954674137
0,0,0.00039141808168336064
0,0,0.0001421488849966086
0,0,0.0003014544575741856
0,0,0.0001633856640078113
0,0,0.0005205191250115485
0,0,0.0003057496686253696
0,0,0.00017885236046388166
0,0,0.00022702613392776747
0,0,0.0004442793902437592
0,0,0.00014319630662985988
0,0,0.0001459253651958893
0,0,0.00018076711439790697
0,0,0.0005526812431871884
0,0,0.00016052581937714424
0,0,0.00015277860473961828
0,0,0.00017165334265954358
0,0,0.00015946344189350734
0,0,0.00016033921612186813
0,0,0.00014384147573575208
0,0,0.0001530642938431273
0,0,0.00014379011928726204
0,0,0.00014567465384151634
0,0,0.0002313160212898055
0,0,0.00016496616412347523
0,0,0.0002834718641811748
0,0,0.00015124425729890202
0,0,0.00016702913149964038
0,0,0.00016919212595152252
0,0,0.00015020728292563666
0,0,0.00013596334657907684
0,0,0.00014624043222742007
0,0,0.00020932879700903738
0,0,0.00019762586339167686
0,0,0.0001441001537730218
0,0,0.00017037783031462534
0,0,0.00039463478246192434
0,0,0.00016645889946666445
0,0,0.00014297426758984568
0,0,0.00015929925428660575
0,0,0.00014003261961039113
0,0,0.00015846266587670745
0,0,0.00014826855961624122
0,0,0.0001761582933500154
0,0,0.00015831808648727146
0,0,0.00019408428310318797
0,0,0.0001777073873094398
0,0,0.00015153433337870354
0,0,0.00014934404627038207
0,0,0.00014137877845105625
0,0,0.00014521122170881723
0,0,0.00014312873900249385
0,0,0.0002784298629190415
0,0,0.00014480252127243854
0,0,0.0009970357488774196
0,0,0.00015637745455265433
0,0,0.00017021869277573148
0,0,0.00016972797108113802
0,0,0.0001742589106401444
0,0,0.00015086738798296908
0,0,0.00025415679895529484
0,0,0.00015898698013667743
0,0,0.00015976614040411817
0,0,0.00016329239873046674
0,0,0.0001454913136727976
0,0,0.00016913901401513522
0,0,0.000179325760834667
0,0,0.0003351689946712136
0,0,0.0005015670320254375
0,0,0.0007379023525319067
0,0,0.0001735400000541542
0,0,0.0001461904256998119
0,0,0.00015243226395429585
0,0,0.00017176763420835103
0,0,0.0004627512722145513
0,0,0.0003319216699793448
0,0,0.0009797737004109718
0,0,0.0001842621470442347
0,0,0.00014297426758984568
0,0,0.0002258630611793761
0,0,0.00015874562242981267
0,0,0.00014298659407079706
0,0,0.00014774457500694177
0,0,0.00016789674923355604
0,0,0.0005945771880107729
0,0,0.00015373983785383526
0,0,0.00023196908069211402
0,0,0.0002851793351754412
0,0,0.00014570449575178042
0,0,0.00016833020115057144
0,0,0.0001457827381708598
0,0,0.0002980071778837931
0,0,0.00016111045135027457
0,0,0.00014555121077413635
0,0,0.00017024272980715378
0,0,0.00022450703459272876
0,0,0.00015691457451791173
0,0,0.0002022780327933976
0,0,0.008284810286212575
0,0,0.0003525016968221312
0,0,0.00034154304538304355
0,0,0.0001541670890670837
0,0,0.00014556069820108712
0,0,0.00017199531383365861
0,0,0.00016933498636209878
0,0,0.0001512439655326835
0,0,0.00014395291641198184
0,0,0.00016490293758083778
0,0,0.0003114095504612288
0,0,0.00014488488606446593
0,0,0.00031777748214980895
0,0,0.00016174945446951333
0,0,0.0004396099850631254
0,0,0.00016063279969821177
0,0,0.0010374111345049703
0,0,0.0001672269962209596
0,0,0.00015326967533537485
0,0,0.0001784141343648177
0,0,0.00015960833968843775
0,0,0.00014692119384530574
0,0,0.00016781806684058875
0,0,0.00015886770809574204
0,0,0.00020987637778704748
0,0,0.0001457121692576997
0,0,0.00044284429032301055
0,0,0.00015311754324501481
0,0,0.00017465850556417614
0,0,0.00016100214234632867
0,0,0.0005509558455916198
0,0,0.00016071760617961158
0,0,0.0001460568519147282
0,0,0.00022385265995282432
0,0,0.00016490875078350054
0,0,0.0001911331206583878
0,0,0.0007337009678754355
0,0,0.0002140530962950147
0,0,0.0002265881946758593
0,0,0.0001449366575940193
0,0,0.0004183030407454839
0,0,0.000182543205725343
0,0,0.00027218200647243304
0,0,0.00014113621350420006
0,0,0.0001768415023754466
0,0,0.00030698047608734136
0,0,0.00015398009579676325
0,0,0.00014074358392220028
0,0,0.00014619426999523758
0,0,0.00018465475959147403
0,0,0.0003606406677530554
0,0,0.00018775844705818268
0,0,0.0010256108342857405
0,0,0.00017975555738039239
0,0,0.00043687321642693465
0,0,0.0004081056789014646
0,0,0.00020702858669478344
0,0,0.00017375506799416625
0,0,0.00039212461298083226
0,0,0.00022757299645460939
0,0,0.00015828973079847028
0,0,0.00016085434060708178
0,0,0.00015522944457378965
0,0,0.00015228175661170456
0,0,0.0003000265668522843
0,0,0.00017977884131063424
0,0,0.0002057026557272382
0,0,0.00014534045240749156
0,0,0.00015631169160655332
0,0,0.00015373983785383526
0,0,0.0001559929621822335
0,0,0.00014952983272076623
0,0,0.00037883430721520096
0,0,0.0001723716656215362
0,0,0.00020627341394215668
0,0,0.00014965195140320987
0,0,0.0003706718700254912
0,0,0.00014304246570077944
0,0,0.00015171804653989898
0,0,0.00017243993463875537
0,0,0.0001791923773205398
0,0,0.00015311078525987042
0,0,0.00015296065053101482
0,0,0.00016013174646776948
0,0,0.00013590441118958813
0,0,0.00015307750505563216
0,0,0.00016189988854654915
0,0,0.00016445162534745608
0,0,0.00015052875337173772
0,0,0.00017265877490271658
0,0,0.00017518852398737202
0,0,0.00017937868265523174
0,0,0.0001565009326952147
0,0,0.0001686024942562607
0,0,0.00022860389669787027
0,0,0.00014864067614068894
0,0,0.00015151736530717827
0,0,0.0001448412152787238
0,0,0.00014325084310409485
0,0,0.00035921790324830444
0,0,0.00015949486069978717
0,0,0.000858112119537518
0,0,0.00014653706308635786
0,0,0.0006376103807650406
0,0,0.00029732348205874904
0,0,0.0001863165162706593
0,0,0.0002544490828780639
0,0,0.00014126336510424537
0,0,0.012284051660156468
0,0,0.00015553996840676098
0,0,0.00017102793779437853
0,0,0.00015703531779920357
0,0,0.00014480710219292635
0,0,0.00014818640895685926
0,0,0.00016380200857580592
0,0,0.00016340606862327135
0,0,0.000161182718350135
0,0,0.0001688967412011056
0,0,0.00017156333959828524
0,0,0.00017071280461794776
0,0,0.00014995695963681568
0,0,0.00021280205855537702
0,0,0.0006111359866908116
0,0,0.00018641537075447478
0,0,0.00031999394559703185
0,0,0.0003447875095396312
0,0,0.0001617045842228462
0,0,0.00014758037398151667
0,0,0.00017077263407720898
0,0,0.00015423135503582337
0,0,0.00015779924311074372
0,0,0.0001578956350813297
0,0,0.00017437551405538417
0,0,0.0003313261422408479
0,0,0.00015340892544345844
0,0,0.0001451324846112208
0,0,0.00017537230785463458
0,0,0.0007466687561575984
0,0,0.0001448412152787238
0,0,0.00014611705939338422
0,0,0.00014825334941426512
0,0,0.0002208088964519582
0,0,0.00016620396812722557
0,0,0.00016820169488167982
0,0,0.0001485549113319027
0,0,0.00015121358800338053
0,0,0.00020145494905601533
0,0,0.00036807160912110586
0,0,0.00017511361643721032
0,0,0.00015974615713462963
0,0,0.00018429659862438704
0,0,0.000285631032892975
0,0,0.00015446772244040308
0,0,0.0007250277488385932
0,0,0.00023994080901855374
0,0,0.00015580510875578204
0,0,0.00014319630662985988
0,0,0.0001458799558379507
0,0,0.00022721850683603
0,0,0.00014979239059317547
0,0,0.0001673167683133672
0,0,0.00016228727035307264
0,0,0.00026022815761123937
0,0,0.00013942648779286697
0,0,0.0008884922143389791
0,0,0.0001560275742144385
0,0,0.00017394464636950681
0,0,0.00041753865861576366
0,0,0.00032322771624320205
0,0,0.00015239465275122737
0,0,0.00015187131040731602
0,0,0.0010403363450881536
0,0,0.00015811598871699327
0,0,0.0007549304373239928
0,0,0.0001584275089629091
0,0,0.00016570877306502563
0,0,0.00015458999441928228
0,0,0.00014544369034799932
0,0,0.00016245008389707897
0,0,0.00016601373705002172
0,0,0.00016334612087767406
0,0,0.00021389721178123022
0,0,0.000526488053659844
0,0,0.00017797768859623912
0,0,0.0001522659512353715
0,0,0.00015017142927387596
0,0,0.0004503858901481127
0,0,0.00015179567861637745
0,0,0.00017947656076167334
0,0,0.00014249370768747068
0,0,0.00014319630662985988
0,0,0.00029890862023979644
0,0,0.00015191903411719104
0,0,0.00015749834250422643
0,0,0.00015483576571873793
0,0,0.00015188679333552176
0,0,0.00015182710809270346
0,0,0.00014695169687705957
0,0,0.00018681259692268943
0,0,0.0001720029777419605
0,0,0.00015505936256602823
0,0,0.0001713769663434506
0,0,0.00033657824901948876
0,0,0.0001483948753758029
0,0,0.0001481812872196763
0,0,0.0001681558274968329
0,0,0.00015827679569169407
0,0,0.00013888122760631987
0,0,0.00014587329200870734
0,0,0.0001513776075189141
0,0,0.00017557394692412976
0,0,0.00014404838142646482
0,0,0.0002945423849605881
0,0,0.00014631768610664977
0,0,0.00014286675206689152
0,0,0.00016150577875611425
0,0,0.00021138321726305763
0,0,0.00015180915218194734
0,0,0.00016086477594898552
0,0,0.00018722318116213974
0,0,0.00015033591429425484
0,0,0.00015530874002916064
0,0,0.00019040988028633558
0,0,0.00013727743377678364
0,0,0.0005871518049438563
0,0,0.00015167817761533225
0,0,0.00017767731552568381
0,0,0.00019203966786008594
0,0,0.00014479880232243315
0,0,0.00016542185241187791
0,0,0.0001503072933998723
0,0,0.00018555464171367514
0,0,0.00042879999075211587
0,0,0.00015101077928780581
0,0,0.00021752402445402173
0,0,0.00013690742734669018
0,0,0.0001835857005279502
0,0,0.00021865142734010134
0,0,0.00022477142089721662
0,0,0.00022378253568782405
0,0,0.00015521017287699015
0,0,0.0001469303061333077
0,0,0.00016717019521173107
0,0,0.00016465525329030956
0,0,0.00040581854985508227
0,0,0.00020435139005781078
0,0,0.003516942442848239
0,0,0.000269773518807428
0,0,0.0001853989239541697
0,0,0.0001513776075189141
0,0,0.00013879278113887583
0,0,0.00015732009724734396
0,0,0.00016364440628263558
0,0,0.0001523959127423394
0,0,0.00028255989115729026
0,0,0.0001619044732748771
0,0,0.00014790344280486367
0,0,0.000166234847994427
0,0,0.00022159617647207007
0,0,0.0001479759231115595
0,0,0.00014998456076144474
0,0,0.00023476085732993738
0,0,0.0001521510937193591
0,0,0.00019082276260290413
0,0,0.00013805881935076143
0,0,0.00015341588151129463
0,0,0.002604765086713657
0,0,0.00016009288206679008
0,0,0.00016988390078682375
0,0,0.00017256070237220875
0,0,0.00021642061293781435
0,0,0.0005155737145884738
0,0,0.00025756475123870417
0,0,0.00015924667679186486
0,0,0.0001594229888543709
0,0,0.00015705013356615867
0,0,0.00015952187251526978
0,0,0.00022363757953652947
0,0,0.0001674645428247038
0,0,0.00016163748354180025
0,0,0.0004822095948990341
0,0,0.00015543505687155973
0,0,0.0007611216885251663
0,0,0.00016261925287268711
0,0,0.0001503784721697244
0,0,0.00019386801260371758
0,0,0.00015257741570916142
0,0,0.00016261513438173874
0,0,0.00037654451514963566
0,0,0.00014435696031550867
0,0,0.0001489635912217767
0,0,0.00015605948703510404
0,0,0.00014735987876832426
0,0,0.000178413421620106
0,0,0.00024567467803430766
0,0,0.00014319630662985988
0,0,0.00022730761930818655
0,0,0.0001770805569302462
0,0,0.0005197243390315559
0,0,0.00015488630961983766
0,0,0.0007569570040380127
0,0,0.0001592278295462896
0,0,0.0001436898232746525
0,0,0.0002773696398132322
0,0,0.0001594454041793043
0,0,0.0001871336641935472
0,0,0.00023688048338018784
0,0,0.000714766223919144
0,0,0.0001510212115935372
0,0,0.000161477909776238
0,0,0.00015691875312985154
0,0,0.0001468760692922713
0,0,0.00014777673171811233
0,0,0.00021779225112883492
0,0,0.00015377520879703366
0,0,0.0001513776075189141
0,0,0.000184454343141569
0,0,0.00022048454985505912
0,0,0.00015209334944733024
0,0,0.00014380178965813553
0,0,0.00019403327260508296
0,0,0.0005327780725707295
0,0,0.00014066677838845453
0,0,0.0002683314432143689
0,0,0.00016131049037022485
0,0,0.000164355970846133
0,0,0.00014593753664064052
0,0,0.00014940380725928442
0,0,0.0001408222366528554
0,0,0.0008259192715658031
0,0,0.0005808327656855883
0,0,0.0001559391108969456
0,0,0.00015258751840986488
0,0,0.00014100737395282762
0,0,0.00015075774925130472
0,0,0.0001494454235969921
0,0,0.0002487048713547963
0,0,0.00015622105881227157
0,0,0.00015784126160872734
0,0,0.0001580481596573248
0,0,0.00015108529029742176
0,0,0.00014632238827494887
0,0,0.00015748584176282848
0,0,0.000150292075692035
0,0,0.0002747731945351025
0,0,0.00014869854154446235
0,0,0.00014249674563679809
0,0,0.00017295821032667501
0,0,0.000412191997715721
0,0,0.0001475193876261507
0,0,0.00015222578463966032
0,0,0.00031185670209853936
0,0,0.00015282397136297016
0,0,0.000542842329463186
0,0,0.0004981034339055015
0,0,0.0001902356161223048
0,0,0.00015001993747911993
0,0,0.0006427704855086986
0,0,0.00018031239547067012
0,0,0.00014648816525384084
0,0,0.00020000231032047693
0,0,0.00013879278113887583
0,0,0.00017967917167598864
0,0,0.00014718375411058605
0,0,0.00019450098854001277
0,0,0.00014315906899175235
0,0,0.00028650536333049226
0,0,0.00032998774287419424
0,0,0.0001468760692922713
0,0,0.00015762893892055276
0,0,0.0001467038206753804
0,0,0.0003184741877723352
0,0,0.00014233957973196505
0,0,0.00015030172867117387
0,0,0.0001909949496844374
0,0,0.00019546227534944017
0,0,0.0001406139008031559
0,0,0.0007393115619807229
0,0,0.00014945201272470237
0,0,0.00015353045265656366
0,0,0.0002209672205894166
0,0,0.00015865405148404418
0,0,0.0001556178757321118
0,0,0.00018350752343798652
0,0,0.00016074296423997358
0,0,0.0001425195271040545
0,0,0.0001560376429143741
0,0,0.0002309695746553536
0,0,0.0008176863740360315
0,0,0.00016124330505959934
0,0,0.00017764112718701767
0,0,0.0001535007163887242
0,0,0.00016778778394536004
0,0,0.00016731914651639163
0,0,0.000188312716156754
0,0,0.0009020490718700957
0,0,0.00014357719586626528
0,0,0.00018860550575075231
0,0,0.00023487502013357016
0,0,0.0002038548279545382
0,0,0.0001468215729080497
0,0,0.0001557437947115851
0,0,0.0001655584408278657
0,0,0.0002968253392193922
0,0,0.00016074035861478274
0,0,0.00014600556488059645
0,0,0.00020049420496976236
0,0,0.0001777808045854934
0,0,0.00028594049685818864
0,0,0.00015380541857174036
0,0,0.00017089436266158682
0,0,0.00016682729733153825
0,0,0.0001468760692922713
0,0,0.00014450675340755526
0,0,0.00035715285038596695
0,0,0.0001850130163962499
0,0,0.00020473203520280484
0,0,0.0001617183676545692
0,0,0.00014577232363889453
0,0,0.00014431057597347308
0,0,0.0001657193084895081
0,0,0.00027284745985051156
0,0,0.0002647537822846109
0,0,0.00021087030039797426
0,0,0.00016120759796052904
0,0,0.0004138875478502087
0,0,0.0001489574506825645
0,0,0.0001458378986136036
0,0,0.00021235208759216496
0,0,0.00015011954918770057
0,0,0.00015092963257436093
0,0,0.00019790280086091477
0,0,0.00019876287917480054
0,0,0.00016320834189418213
0,0,0.0004592950270650048
0,0,0.2520601410225236
0,0,0.000893538929522899
0,0,0.00015571343233552806
0,0,0.00039857601127664746
0,0,0.0006070723668771929
0,0,0.0002544095366729454
0,0,0.00017807503065853285
0,0,0.00018829127346946107
0,0,0.00015671750612437961
0,0,0.0001467611716907914
0,0,0.00014748337152716484
0,0,0.00015372825391178787
0,0,0.00015368332712943297
0,0,0.00015866775255349684
0,0,0.00013727743377678364
0,0,0.0001536093695190409
0,0,0.00015273362583045094
0,0,0.00016132669914834536
0,0,0.00045905140480707873
0,0,0.00022271157288601554
0,0,0.00014414369561191516
0,0,0.00019450358709264162
0,0,0.00018601626639922194
0,0,0.00013805881935076143
0,0,0.00031236193253129636
0,0,0.00020484301606859062
0,0,0.0005240157937942074
0,0,0.00016876124296900258
0,0,0.0001719783675809697
0,0,0.0038021501849879727
0,0,0.0003209362520754701
0,0,0.00038197918953824356
0,0,0.0002316952033582956
0,0,0.00016750382893466624
0,0,0.00014973729366504784
0,0,0.00018386563747117826
0,0,0.00018538790923987547
0,0,0.0001396578999750273
0,0,0.00020899021577289845
0,0,0.00015141438793365758
0,0,0.00020514242787002455
0,0,0.00020869511513603358
0,0,0.00014599390760891074
0,0,0.00013820222914042877
0,0,0.000146802273664341
0,0,0.0004396099850631254
0,0,0.0001702911772182384
0,0,0.000165516875046207
0,0,0.0001750463465757832
0,0,0.00017356773445026727
0,0,0.0002874344887855538
0,0,0.0001433191538923565
0,0,0.00014738002237628357
0,0,0.0001627759976087935
0,0,0.00017792553134560646
0,0,0.0001484792746083245
0,0,0.00014961205115894416
0,0,0.00015104429571946137
0,0,0.0002870357319521353
0,0,0.00014319630662985988
0,0,0.00017123095638670385
0,0,0.00015212645693422623
0,0,0.00015308301393901036
0,0,0.00014322251444957556
0,0,0.00015228175661170456
0,0,0.0001589653598383884
0,0,0.0001506951315325834
0,0,0.0001475630361879614
0,0,0.00020292842451562857
0,0,0.00014094656790265752
0,0,0.000287165542659637
0,0,0.00020884333593175532
0,0,0.00014984077626945406
0,0,0.0003852155020512879
0,0,0.0003049334276220563
0,0,0.00014173268773064144
0,0,0.00014591932398463382
0,0,0.00016616482966351267
0,0,0.00019940802650378502
0,0,0.00018683269040584323
0,0,0.00037406128518951726
0,0,0.00014534914342016872
0,0,0.00016958901212987476
0,0,0.0005317994155621664
0,0,0.00016736969608207314
0,0,0.00033382499676876495
0,0,0.0001876868948799897
0,0,0.00015932215437643806
0,0,0.00014854827853927427
0,0,0.00016907850520077813
0,0,0.00017886954709422505
0,0,0.0001553863820953587
0,0,0.00014972957751481524
0,0,0.00019305168815451793
0,0,0.00014414369561191516
0,0,0.0008817304701910633
0,0,0.0009416552151608678
0,0,0.0005518113464389119
0,0,0.00017311487644922484
0,0,0.0001721617758670619
0,0,0.00016603353530158176
0,0,0.0001637987823956923
0,0,0.00014521122170881723
0,0,0.0001694896086871514
0,0,0.00013927445598676586
0,0,0.00017594937012453102
0,0,0.00015142768343059986
0,0,0.0001981818246222047
0,0,0.00015619058963309764
0,0,0.00016988829373571984
0,0,0.0002057761759301929
0,0,0.00048812985410710597
0,0,0.000162765400569458
0,0,0.0001460519338250451
0,0,0.00016980684482826433
0,0,0.00030188824606938833
0,0,0.00026708008503450694
0,0,0.012431654544857666
0,0,0.00015666321596874503
0,0,0.000373723879406161
0,0,0.000153156626421538
0,0,0.0001413988688277569
0,0,0.00017391136991823375
0,0,0.00018434782638724942
0,0,0.00016054440870507042
0,0,0.00014707824775004482
0,0,0.00015283628274476166
0,0,0.0004132273637444186
0,0,0.00019433657113611258
0,0,0.00015161234730905868
0,0,0.0001791060004137044
0,0,0.0002326032622742919
0,0,0.00019229061683717595
0,0,0.00015378073198461515
0,0,0.00014978601753549446
0,0,0.00022876695516200026
0,0,0.0001523625023408618
0,0,0.000146802273664341
0,0,0.0001380355974004089
0,0,0.00015613356432502473
0,0,0.00036507152849108717
0,0,0.00028399674019944667
0,0,0.000162236560482949
0,0,0.00016010298446538982
0,0,0.00020072355593947835
0,0,0.00014803239144387656
0,0,0.0001407665813985055
0,0,0.05360956033798492
0,0,0.0002030521257923835
0,0,0.00021437836104712027
0,0,0.00015209334944733024
0,0,0.0001420981076810976
0,0,0.00018838756857900534
0,0,0.00015887605307534025
0,0,0.00021481178762514986
0,0,0.00015072412634319188
0,0,0.0001554227002379052
0,0,0.00015591549691133837
0,0,0.00014801928176764065
0,0,0.00028021699449480466
0,0,0.00014319630662985988
0,0,0.0001758426167027381
0,0,0.00018989845283518106
0,0,0.0001668426448015982
0,0,0.0001601730543394969
0,0,0.00016494592139070714
0,0,0.0002650006299100349
0,0,0.00016468360453707824
0,0,0.00015591359158174595
0,0,0.0001549652670470602
0,0,0.00021880150778967922
0,0,0.00019368122550405346
0,0,0.0001528256641465056
0,0,0.00014544369034799932
0,0,0.0001926599519942647
0,0,0.00046266323615777946
0,0,0.00016150394764541647
0,0,0.00016713716229649459
0,0,0.00014826936600343773
0,0,0.00015784739314049224
0,0,0.00018484338677901817
0,0,0.0001490464831614227
0,0,0.0002852271671514691
0,0,0.0003922011958521844
0,0,0.000589533130544172
0,0,0.0001544848256280052
0,0,0.0001429735153098341
0,0,0.00014268675838272508
0,0,0.00014925260294996635
0,0,0.00014646679873049815
0,0,0.0001463093743977616
0,0,0.0002299948727338968
0,0,0.00014464307999078414
0,0,0.0006242381509720869
0,0,0.00014319630662985988
0,0,0.00039690701032307334
0,0,0.0001545761092188255
0,0,0.00019139634410395847
0,0,0.00018738735199337635
0,0,0.00018426638090059358
0,0,0.0001542812733765907
0,0,0.00013805881935076143
0,0,0.00016177382701839808
0,0,0.00016869847344852054
0,0,0.000188155837417614
0,0,0.00014738002237628357
0,0,0.00020301725404301297
0,0,0.00026094668026573975
0,0,0.0002946832994656049
0,0,0.00016395740945764138
0,0,0.00017180348785036278
0,0,0.00015743065967276963
0,0,0.0001887128386315359
0,0,0.0004402255226150539
0,0,0.0006693740864311267
0,0,0.00017091922497175965
0,0,0.00020993505048756342
0,0,0.0004124578391283733
0,0,0.0001615091807995768
0,0,0.00017222837042874943
0,0,0.00015290257172388292
0,0,0.00015768250354067
0,0,0.00014650917738148072
0,0,0.00017291663540113065
0,0,0.00016179434972188648
0,0,0.0001439168479752164
0,0,0.0001698827827393336
0,0,0.0003524114622671735
0,0,0.00015155028253642847
0,0,0.00015750961912972718
0,0,0.00039914637184751265
0,0,0.00018088838842715473
0,0,0.0003343347364790634
0,0,0.00018722138896300097
0,0,0.00015387043134343137
0,0,0.0003276402888461095
0,0,0.00017042113767437963
0,0,0.00016502123897789095
0,0,0.00017928533726732827
0,0,0.00017153545158974954
0,0,0.00015473014045507143
0,0,0.00013944916531437415
0,0,0.0003018225333688194
0,0,0.00043084152430922527
0,0,0.0011314593812701554
0,0,0.0001434903432327883
0,0,0.0001583286771959675
0,0,0.00016411620219918853
0,0,0.00016285545841082888
0,0,0.0001544399088400946
0,0,0.0008319151764843937
0,0,0.00016548342026938745
0,0,0.00015453505483687015
0,0,0.00017797637308373225
0,0,0.00046902502286536577
0,0,0.00016119720536592784
0,0,0.00015595038781493817
0,0,0.0005429650098930312
0,0,0.00020878304303779304
0,0,0.00015174827690121013
0,0,0.0001513776075189141
0,0,0.0003880211531463708
0,0,0.00015944717204766697
0,0,0.00015257741570916142
0,0,0.0001550754024094061
0,0,0.00016083449392911245
0,0,0.00043993500976020433
0,0,0.0001452573852698408
0,0,0.00015651555741007787
0,0,0.0001505551992633557
0,0,0.00015632374751732418
0,0,0.0001599115549990668
0,0,0.0002092387277677576
0,0,0.00016217847829911607
0,0,0.0012638403780395832
0,0,0.00016260291804813575
0,0,0.00014280648529150093
0,0,0.00017595027508348702
0,0,0.00016199718050701414
0,0,0.00014707675719996058
0,0,0.00026549012692894273
0,0,0.00017628303495119993
0,0,0.00016716493511704885
0,0,0.00014400100759110149
0,0,0.00015094612099093765
0,0,0.00018530615589543693
0,0,0.0001565801780658508
0,0,0.00015632033100989898
0,0,0.00017083275441434948
0,0,0.00015877944513789958
0,0,0.0003055761692427606
0,0,0.0003241897669979232
0,0,0.00029214438621192706
0,0,0.0001708215012115753
0,0,0.0001396578999750273
0,0,0.00018473269622109638
0,0,0.00019471914296344665
0,0,0.0001627447148788572
0,0,0.0001417398251836637
0,0,0.00016582168696239086
0,0,0.0001406447354312952
0,0,0.00020322604332316936
0,0,0.00016285165559337317
0,0,0.0001528763726422657
0,0,0.0001997605430853558
0,0,0.0002730559784115417
0,0,0.00019541931927399457
0,0,0.0001693387833727223
0,0,0.00015753740167879514
0,0,0.00014726845139745548
0,0,0.00015716814442553754
0,0,0.00021326004703898282
0,0,0.00014222440865696722
0,0,0.00015198107145309134
0,0,0.00016030451025043904
0,0,0.00014171536006282027
0,0,0.00046758254864204626
0,0,0.00028809709172323845
0,0,0.00015435838784757882
0,0,0.0001589824723754493
0,0,0.0001494454235969921
0,0,0.00014559003969977075
0,0,0.0001462908466355505
0,0,0.00020264932540242582
0,0,0.00014739153137438617
0,0,0.0001513776075189141
0,0,0.0001769935276874116
0,0,0.00016420673309490002
0,0,0.00014662223019756794
0,0,0.0002812486221503393
0,0,0.00015174892106161296
0,0,0.0033956554103810235
0,0,0.00017416806243512387
0,0,0.00018479186166197044
0,0,0.00013879278113887583
0,0,0.0002586678244393924
0,0,0.00018393493654305417
0,0,0.0001625122735786076
0,0,0.00017024229801252858
0,0,0.00016715906452209522
0,0,0.00014897728004349586
0,0,0.0005573101258068745
0,0,0.0003405935417261451
0,0,0.00015604309671380932
0,0,0.00018443723502839762
0,0,0.00015390136201877917
0,0,0.0001682978899246514
0,0,0.00015255018281267957
0,0,0.00018027859042477992
0,0,0.00016560214858833675
0,0,0.00016382515349177104
0,0,0.0001396706275306884
0,0,0.0002757521683789863
0,0,0.0001398799390150415
0,0,0.0001558577068454619
0,0,0.00015155538743366907
0,0,0.000493380029233234
0,0,0.00015808507483922312
0,0,0.00017988938120103786
0,0,0.00016158962141901937
0,0,0.00014960875561476316
0,0,0.00017111606509840246
0,0,0.00021957629269494456
0,0,0.0002366280439510573
0,0,0.0003667077814389077
0,0,0.00014540056990686303
0,0,0.00016829720056830023
0,0,0.00019222531769235942
0,0,0.00016450189251289847
0,0,0.00014319676909129724
0,0,0.0001471767834102059
0,0,0.00015467311968237098
0,0,0.00015957999919963823
0,0,0.00015692930107270397
0,0,0.0002355985843757442
0,0,0.00015910086040893682
0,0,0.00017429447569703677
0,0,0.00014597543173799947
0,0,0.00028878601665963924
0,0,0.0001476263459044276
0,0,0.00015576349927663762
0,0,0.00030418216909319356
0,0,0.0001544655639285879
0,0,0.00015932791172875818
0,0,0.00014701292834757792
0,0,0.0001977981454863564
0,0,0.00029122205516313187
0,0,0.0001481565939550457
0,0,0.002867586225313075
0,0,0.00014274137076581258
0,0,0.0003407661612366032
0,0,0.00015464608717516624
0,0,0.0003323272493269537
0,0,0.00015281436124366663
0,0,0.00014772568975756725
0,0,0.00014509190643472957
0,0,0.00014018312710248852
0,0,0.0001821064609484191
0,0,0.00018197935786398226
0,0,0.00014555139258950605
0,0,0.0002701845529795733
0,0,0.00021671114355459014
0,0,0.00015687126199245138
0,0,0.00015696531564661454
0,0,0.00028990200504721203
0,0,0.00018061305304015762
0,0,0.00014327836524317882
0,0,0.00022920075629027977
0,0,0.0002750356613983556
0,0,0.00025511988347651357
0,0,0.0005339736906148542
0,0,0.0005885712531116107
0,0,0.00017874474865411084
0,0,0.00015865591469618558
0,0,0.00015988164489722203
0,0,0.00019015209113874636
0,0,0.00019997655659209572
0,0,0.00015339022979967947
0,0,0.0001488562919888948
0,0,0.00017073706161820228
0,0,0.00015409515306245012
0,0,0.00014684875791376545
0,0,0.00014205606493931626
0,0,0.00014937885447351154
0,0,0.0001847328121165695
0,0,0.00017831641218470334
0,0,0.005458772235822121
0,0,0.000161433563563513
0,0,0.00015228710547596707
0,0,0.00014587329200870734
0,0,0.017095047187863966
0,0,0.0001867462899998719
0,0,0.0001655924117503819
0,0,0.0001623408166914049
0,0,0.00022217819963806938
0,0,0.00016531564886148348
0,0,0.00014668352881951456
0,0,0.00014003261961039113
0,0,0.00029830982493374015
0,0,0.00015567774873847582
0,0,0.00028590136312718856
0,0,0.00017067972683290246
0,0,0.00019073485466421025
0,0,0.00014726193924116275
0,0,0.00014288848808080635
0,0,0.00014940975237497708
0,0,0.00016009631563089935
0,0,0.00017224546366349436
0,0,0.007435819827202076
0,0,0.0001439302684179743
0,0,0.00014413821112648498
0,0,0.00014685090208431845
0,0,0.00017001561313500157
0,0,0.00029874923981960196
0,0,0.0002872619454039526
0,0,0.0009047516912235381
0,0,0.0003325636616731749
0,0,0.0002845934988096583
0,0,0.0001437123822728025
0,0,0.0002500642562040741
0,0,0.00014321615320674218
0,0,0.00014256099026873124
0,0,0.00022996435271410853
0,0,0.00015605948703510404
0,0,0.00014898982800906434
0,0,0.00016515578685837517
0,0,0.00014526491703118052
0,0,0.00015323052085413776
0,0,0.0004986042158241895
0,0,0.00014521122170881723
0,0,0.00016865257297076316
0,0,0.00014303337016099437
0,0,0.0001531021626216624
0,0,0.00014377781923702275
0,0,0.00014446420515780976
0,0,0.00015640120010007165
0,0,0.00015828595340407154
0,0,0.00015604093744493464
0,0,0.00016444688170697054
0,0,0.00015209334944733024
0,0,0.00015879471153051322
0,0,0.0004557887621238127
0,0,0.00015896230370469801
0,0,0.00016394756811135576
0,0,0.0002736182566060506
0,0,0.00016650728580783626
0,0,0.00019753602068346801
0,0,0.0001903824812269695
0,0,0.00014521122170881723
0,0,0.0005385338425915427
0,0,0.0004515667004038517
0,0,0.00014761720162798783
0,0,0.00015985469772464723
0,0,0.0001479345085556759
0,0,0.0001621726266868074
0,0,0.0001945415378469684
0,0,0.00039277910114451513
0,0,0.00014243814300623464
0,0,0.0001548175497597683
0,0,0.0002552206343229787
0,0,0.00015283628274476166
0,0,0.00018836924575380904
0,0,0.00013944916531437415
0,0,0.00016373059953283563
0,0,0.00015246379136429685
1,0,0.2215327929429822
0,0,0.0001499819022231771
0,0,0.00017378363456201825
0,0,0.00014395291641198184
0,0,0.00014682628884357706
0,0,0.0002584096311515608
0,0,0.00014399055564201684
0,0,0.00014366656036843043
0,0,0.0001575601238654826
0,0,0.0001572511771626435
0,0,0.00019421188808743133
0,0,0.00014737422581953682
0,0,0.00021547735047739182
0,0,0.00016767842670790178
0,0,0.00016937270738243493
0,0,0.00015984969119395588
0,0,0.00014942559747683468
0,0,0.0001748039483625665
0,0,0.00015790859144398112
0,0,0.00022436615828432807
0,0,0.00018877730536123174
0,0,0.00019556614199627516
0,0,0.00018550344479216854
0,0,0.0002807836938620188
0,0,0.00018952292204790658
0,0,0.00016101079308764038
0,0,0.00017070269878781858
0,0,0.0001534009327642606
0,0,0.00020605761994349814
0,0,0.00021492486112221703
0,0,0.0001539679867933411
0,0,0.00037687106594122305
0,0,0.00025672824485036255
0,0,0.00016076247051931525
0,0,0.004976657249419874
0,0,0.00018188794813711834
0,0,0.0005305875658285166
0,0,0.00015465439016506535
0,0,0.00014000493296828073
0,0,0.00013863964841945393
0,0,0.0001453527505070131
0,0,0.0002187869582873032
0,0,0.0002129045663182943
0,0,0.00017973833435392056
0,0,0.0001561930125008971
0,0,0.00016266647849817308
0,0,0.0001480487786145758
0,0,0.00016944058606352595
0,0,0.000352473931370385
0,0,0.00028101348487474424
0,0,0.00015846160845446703
0,0,0.0006403533500754728
0,0,0.00014767323133227592
0,0,0.00015816341312097838
0,0,0.0008123542269956489
0,0,0.00015060361544953175
0,0,0.0001796971850631785
0,0,0.00014627724896830948
0,0,0.00014604221721449727
0,0,0.0001624717814186217
0,0,0.00015283903297039867
0,0,0.00015833681607958346
0,0,0.00015343314861577585
0,0,0.00024641365266895617
0,0,0.0001617206299141038
0,0,0.00014521122170881723
0,0,0.00033279000156565463
0,0,0.00015116269595544528
0,0,0.0001848319227385357
0,0,0.00023403131546917273
0,0,0.00037957197867039466
0,0,0.00020060839806476354
0,0,0.00017912752855607156
0,0,0.0001445945510769297
0,0,0.0002100519451602403
0,0,0.0001428240129551261
0,0,0.00015808413096917324
0,0,0.00047060453972441214
0,0,0.00015248766142960402
0,0,0.0001620263821446222
0,0,0.0020351270534727326
0,0,0.00015361409943391715
0,0,0.0003459783949642641
0,0,0.00017876432271944444
0,0,0.0007966843920745449
0,0,0.00015527947929074886
0,0,0.00017661076826016534
0,0,0.00018853063209330558
0,0,0.00021019114549595473
0,0,0.00015132359968334828
0,0,0.0001569470813716594
0,0,0.00015470563123918442
0,0,0.00022361005506837145
0,0,0.00026937742085765385
0,0,0.00020113751212773017
0,0,0.0007373246055403807
0,0,0.0001439072790088525
0,0,0.00017700650775376138
0,0,0.00015826742219144052
0,0,0.00014918099024199515
0,0,0.00014820265945078567
0,0,0.0001512187219963165
0,0,0.00014101651036790958
0,0,0.00018621671202921338
0,0,0.00016333992388212573
0,0,0.00015296391353721454
0,0,0.00014179141150472477
0,0,0.00018889994285622053
0,0,0.00014184575832446966
0,0,0.00017222660168876922
0,0,0.0002669509142034578
0,0,0.0001402405623189018
0,0,0.00015563566780544768
0,0,0.00022175568283091791
0,0,0.00019066301790227757
0,0,0.0001755363944043564
0,0,0.0001668439066980612
0,0,0.00022240447313765104
0,0,0.00026702503896178703
0,0,0.00014442279060192616
0,0,0.00018984630931891266
0,0,0.0001669184526185857
0,0,0.00020881416969135326
0,0,0.00017711082675146605
0,0,0.0001747886226565223
0,0,0.00015225728455637306
0,0,0.0002468030175981636
0,0,0.0001824789226528478
0,0,0.00016670021978927254
0,0,0.00014613022682219017
0,0,0.00015003400890445203
0,0,0.0002067972840326928
0,0,0.00017266022148285678
0,0,0.00018110173525884383
0,0,0.00014493793120016278
0,0,0.0001908943155421226
0,0,0.00016757790167844312
0,0,0.0001523749848469609
0,0,0.00014500037692033257
1,1,0.9447573325485947
0,0,0.00023815277599153033
0,0,0.00019198893222161517
0,0,0.00017148850650117251
0,0,0.00024395032292738177
0,0,0.00029234423177133833
0,0,0.00021635675084548964
0,0,0.000550913744947389
0,0,0.00027762152681231873
0,0,0.00014957949925696677
0,0,0.00043424694602072454
0,0,0.00027295052367205157
0,0,0.0005647302594558545
0,0,0.00015840011392333515
0,0,0.00015390983978792112
0,0,0.00017724937294935224
0,0,0.00014796892917570654
0,0,0.00019790280086091477
0,0,0.00017644194667580142
0,0,0.00016621482393272397
0,0,0.00014566247462798244
0,0,0.00017496718059723752
0,0,0.00016690176330168993
0,0,0.00015115258913398782
0,0,0.00017435955444100674
0,0,0.00014730706485286524
0,0,0.00016124499657064437
0,0,0.00017125847812892331
0,0,0.00015217996432051334
0,0,0.00015843671795817474
0,0,0.00015863558314848164
0,0,0.00015736593405891167
0,0,0.00014319630662985988
0,0,0.00032169338057262513
0,0,0.0004587261683310417
0,0,0.00014681424966870926
0,0,0.00015659237533131062
0,0,0.00018493625421437467
0,0,0.0001671933420187033
0,0,0.00016377575961410386
0,0,0.0001643931177233401
0,0,0.00014619426999523758
0,0,0.00014886043663328322
0,0,0.00017689446989210735
0,0,0.00020964250701547822
0,0,0.0001585221165224189
0,0,0.0009037003320330855
0,0,0.00016168178294071448
0,0,0.00023402862502749079
0,0,0.00015453001941274908
0,0,0.00024387369373478468
0,0,0.00017802943780377307
0,0,0.0001562245419605108
0,0,0.0001433191538923565
0,0,0.00015999631524498252
0,0,0.00015091044652285065
0,0,0.0001533278157619698
0,0,0.0003321341792395573
0,0,0.00016400038632632027
0,0,0.00015466866910475294
0,0,0.00016283747399556623
0,0,0.00018236616098945456
0,0,0.00019221308385150888
0,0,0.00016197587079623682
0,0,0.00015077531788403956
0,0,0.0008796382099205926
0,0,0.00026745196725315424
0,0,0.00016390124520147714
0,0,0.00021163607678124926
0,0,0.00020958993131351759
0,0,0.00023967403679994753
0,0,0.0002447776729563715
0,0,0.0001459253651958893
0,0,0.00014271918466209497
0,0,0.00016214998612725076
0,0,0.00018352817160484532
0,0,0.00013961518939443422
0,0,0.0001439302684179743
0,0,0.0001381230639826946
0,0,0.00015104466729385434
0,0,0.00014879733434168343
0,0,0.00037736670541687305
0,0,0.0001551429987323288
0,0,0.00017025455393179955
0,0,0.00014899242957929488
0,0,0.0001730361751130967
0,0,0.00014413798607486832
0,0,0.00015591825759042534
0,0,0.00023759098538777196
0,0,0.0001738003439539626
0,0,0.00015186774312022833
0,0,0.0001650870270268416
0,0,0.00016584478491435607
0,0,0.0001663673331565996
0,0,0.00014097452410701618
0,0,0.00043697288482491916
0,0,0.00015575085299367227
0,0,0.0001531208415361566
0,0,0.00014249674563679809
0,0,0.00013863964841945393
0,0,0.00015086498964206858
0,0,0.00013998585877673028
0,0,0.00018037299419090252
0,0,0.000150045401472347
0,0,0.0001741771883185404
0,0,0.0001458633248420476
0,0,0.00022978252428819428
0,0,0.00017915935519326556
0,0,0.0002745226328815334
0,0,0.00014593753664064052
0,0,0.00016094120193456993
0,0,0.00015986649940592334
0,0,0.00016724450413753045
0,0,0.00016596795455390862
0,0,0.00016149379179311704
0,0,0.00014563875296776511
0,0,0.00015362227080783423
0,0,0.0001453680595339291
0,0,0.0002288317008849946
0,0,0.0005189096151451718
0,0,0.00016568272481771033
0,0,0.000962953361378719
0,0,0.0002855725440289526
0,0,0.0001484464313037761
0,0,0.00030727560486285764
0,0,0.0005293541303161358
0,0,0.00016143096020153637
0,0,0.00019653513837429153
0,0,0.00015216711354573516
0,0,0.0001398799390150415
0,0,0.00013727743377678364
0,0,0.00014240658273916923
0,0,0.00026041935028885555
0,0,0.0002671642901504649
0,0,0.00018235797732733136
0,0,0.00015568472479108838
0,0,0.00014173268773064144
0,0,0.00015912868289248225
0,0,0.00014279981111961523
0,0,0.0007962056797728985
0,0,0.00014895625084838154
0,0,0.0001653291445617489
0,0,0.00015108748798628089
0,0,0.00024716553053922625
0,0,0.00014487015278289074
0,0,0.00015307145678362594
0,0,0.00014267133235977648
0,0,0.00014852204054605593
0,0,0.00013888122760631987
0,0,0.0001825132845913245
0,0,0.00015257741570916142
0,0,0.00015305914865886675
0,0,0.00016103594683529557
0,0,0.00019068549150320956
0,0,0.00019286993139664427
0,0,0.00015504643527957656
0,0,0.00013955050628434583
0,0,0.00017084510708255702
0,0,0.00014936230804533216
0,0,0.00014751145616332737
0,0,0.00020175510197326273
0,0,0.00018093953254259964
0,0,0.0001605786957342667
0,0,0.0001854048894519703
0,0,0.00014485473207469335
0,0,0.00015074865237398315
0,0,0.00028633069420202687
0,0,0.0002594693710835921
0,0,0.00039175278935111874
0,0,0.00016996133437171285
0,0,0.00014471780741931342
0,0,0.00033102332996188155
0,0,0.00015192291193679732
0,0,0.00045697825078254916
0,0,0.00014521122170881723
0,0,0.00015464878525178023
0,0,0.00016558052644130892
0,0,0.00021478586182542323
0,0,0.00022396521187140019
0,0,0.00016291196835085047
0,0,0.00026352142823226265
0,0,0.00015151736530717827
0,0,0.00020074823013859513
0,0,0.00024199931823167057
0,0,0.000147513983607801
0,0,0.00015236953104752566
0,0,0.0002789998042650839
0,0,0.0006175468625701543
0,0,0.0003393710426000495
0,0,0.0010437279997513405
0,0,0.00017603856856920238
0,0,0.0001472133143848658
0,0,0.00015883985072761056
0,0,0.00021028228758862685
0,0,0.00018542678280403528
0,0,0.00015007635639967265
0,0,0.0001497019138863713
0,0,0.00017182040879075474
0,0,0.00017711093349418155
0,0,0.00018455419244871142
0,0,0.00014475002369449856
0,0,0.00015884219892470532
0,0,0.0006570709058221017
0,0,0.0002048820866269653
0,0,0.00015049061458195215
0,0,0.00022370466057815055
0,0,0.00017247811526435126
0,0,0.00016761903031752863
0,0,0.0001460568519147282
0,0,0.00014261767143642587
0,0,0.0001586477026682584
0,0,0.00018013057658375567
0,0,0.00015787311531283418
0,0,0.000166869629097264
0,0,0.0007958553973131118
0,0,0.0001454913136727976
0,0,0.00015288071224691757
0,0,0.00032033790734667335
0,0,0.0001514853688227068
0,0,0.0009954841786026616
0,0,0.00015248343426100796
0,0,0.00015700446915846262
0,0,0.00020294439068714845
0,0,0.00016011927634879242
0,0,0.00015255063864460475
0,0,0.0001426327887049688
0,0,0.0001887946009063313
0,0,0.0001394266932045539
0,0,0.0001614868946953462
0,0,0.00016902854948452396
0,0,0.00014854627132735625
0,0,0.0001432118410372634
0,0,0.00013975888747101177
0,0,0.00014146627943235462
0,0,0.00015976544317537013
0,0,0.00022263671078057805
0,0,0.00017039168526586975
0,0,0.0003021936142697745
0,0,0.0002336469257507627
0,0,0.0001560197254263324
0,0,0.00015570321717046172
0,0,0.00018479626685660315
0,0,0.00018465481652321853
0,0,0.0001512891828445505
0,0,0.00017089891406536168
0,0,0.00014090731252763388
0,0,0.00014686981350052372
0,0,0.00022685496016520827
0,0,0.00016587643183815656
0,0,0.00015215084758487697
0,0,0.0001983718543298755
0,0,0.00015742508552495188
0,0,0.00016919967935136515
0,0,0.00016170180616394023
0,0,0.0001613723557477577
0,0,0.00015244785490876978
0,0,0.0001407665813985055
0,0,0.0005568814048113836
0,0,0.0009299751886595766
0,0,0.0017227710933785038
0,0,0.0001778377918252902
0,0,0.00014504442278393803
0,0,0.00020889787874525564
0,0,0.0001588277690164293
0,0,0.00045422846210854695
0,0,0.00015028657913537485
0,0,0.00014659318300287052
1,1,0.7324421370235324
0,0,0.00048141285708751085
0,0,0.00016715236456263713
0,0,0.0006087018666442542
0,0,0.0005940515336957714
0,0,0.00016304211486531172
0,0,0.001376115157788882
0,0,0.00016591440117946814
0,0,0.00014222440865696722
0,0,0.0001544414873878099
0,0,0.0003430547611945164
0,0,0.0001447762292571715
0,0,0.00015377583694916824
0,0,0.0001871922624903893
0,0,0.00019899440880402871
0,0,0.0001381230639826946
0,0,0.00016535162557667406
0,0,0.00013927445598676586
0,0,0.00014467501159884163
0,0,0.0001562200382168421
0,0,0.00014003261961039113
0,0,0.0002033185840979987
0,0,0.00017798612831001405
0,0,0.00047525455111545756
0,0,0.0001574320513833911
0,0,0.0001587046101195535
0,0,0.0002883518096553008
0,0,0.0001430774708468774
0,0,0.0003593288606785749
0,0,0.0001818025180907947
0,0,0.00016357884637386541
0,0,0.00013727743377678364
0,0,0.00014328358501021114
0,0,0.00014481598748879718
0,0,0.0001913779568697238
0,0,0.00016295609693276692
0,0,0.0002242686588966294
0,0,0.00021062690024009203
0,0,0.0001542641109002027
0,0,0.0002861246408730812
0,0,0.00017154202643778006
0,0,0.00016486353300049084
0,0,0.00015073290776876401
0,0,0.00015468413337060626
0,0,0.0001643482646994898
0,0,0.00015716919856797486
0,0,0.00015254120231653005
0,0,0.00015721441237709138
0,0,0.0001578207538055632
0,0,0.0002604257245200128
0,0,0.0002210915886859015
0,0,0.00016224426623983048
0,0,0.0005843256897613864
0,0,0.0004098695986041729
0,0,0.00013596334657907684
0,0,0.00028286437657188134
0,0,0.0009741080620749039
0,0,0.00015417817012346538
0,0,0.00015104068327322556
0,0,0.0001887822179882995
0,0,0.00015705260285707258
0,0,0.0008973688283942875
0,0,0.00015154956669829813
0,0,0.0002160961504521944
0,0,0.00015447476266180937
0,0,0.00026292988143699627
0,0,0.00016965608573751454
0,0,0.0001439302684179743
0,0,0.00016935075376737647
0,0,0.0002195116829168988
0,0,0.0001485352006596881
0,0,0.0001678418728354456
0,0,0.00029583849353338526
0,0,0.00016554319905006583
0,0,0.00019410632335656433
0,0,0.00016307352944604388
0,0,0.00015418277689910605
0,0,0.00014986979388140382
0,0,0.00017416322794646264
0,0,0.00016477390400553547
0,0,0.0008225904386724131
0,0,0.00015195268378443092
0,0,0.00015086498964206858
0,0,0.00013820222914042877
0,0,0.0001448412152787238
0,0,0.00029237933003575946
0,0,0.00033913025146921154
0,0,0.00015852281093251466
0,0,0.0003081868255851658
0,0,0.00017794943403767613
0,0,0.00016670918931606214
0,0,0.00016605829621042721
0,0,0.00032316916564877545
0,0,0.00019350908945576421
0,0,0.0001433191538923565
0,0,0.00015206383608257982
0,0,0.0002833971866745796
0,0,0.00015964823561625201
0,0,0.0004068655145269921
0,0,0.00016639471677779924
0,0,0.0002634142153822798
0,0,0.00015482536664086042
0,0,0.00015019085992702198
0,0,0.00023276405623864321
0,0,0.0001451324846112208
0,0,0.00013879278113887583
0,0,0.0001486292919583386
0,0,0.00016789674923355604
0,0,0.00016918663235739493
0,0,0.00015608836225694777
0,0,0.0001635321693531117
0,0,0.00015232800558213572
0,0,0.00014938875393695014
0,0,0.00016753107004346295
0,0,0.0001557769675352741
0,0,0.00015028657913537485
0,0,0.0001421632267658553
0,0,0.00015725327955037853
0,0,0.0002312073194517994
0,0,0.0001614655303833544
0,0,0.00018778664771102775
0,0,0.0001833529187772169
0,0,0.0013199054060787161
0,0,0.0001777647547427645
0,0,0.00014975893739647254
0,0,0.00022019122749545182
0,0,0.0001494454235969921
0,0,0.00019009183560776317
0,0,0.0001643667297395214
0,0,0.00026293922481870734
0,0,0.00018903578655579827
0,0,0.00016157571989093125
0,0,0.00016277848219769785
0,0,0.00015145986368852535
0,0,0.00015682118399664533
0,0,0.00016710687614445281
0,0,0.00018933704560335392
0,0,0.0002172697327664741
0,0,0.0001612269154997348
0,0,0.000151335185823705
0,0,0.0002706794096222512
0,0,0.0002048639750753268
0,0,0.0001647833389118186
0,0,0.000146568960865801
0,0,0.00018982994331632927
0,0,0.00016328092548232898
0,0,0.0001384830589822382
0,0,0.00017574671311141915
0,0,0.00016190348763336522
0,0,0.00040143516040883466
0,0,0.0001511072450083482
0,0,0.00015422047628151414
0,0,0.00016340393377162925
0,0,0.00014976835988994268
0,0,0.00016378604769460905
0,0,0.00015666321596874503
0,0,0.00018776506394910822
0,0,0.00014476506345687857
0,0,0.00014442378506276693
0,0,0.0007805315354813809
0,0,0.00015257741570916142
0,0,0.0001559776584633047
0,0,0.00016456102453127683
0,0,0.0003131160898419458
0,0,0.00031847284841493947
0,0,0.00016339354344314163
0,0,0.0005177228034695897
0,0,0.0001634075805013747
0,0,0.0464985298081429
0,0,0.0001823795035174159
0,0,0.00015258751840986488
0,0,0.0003347206537613216
0,0,0.00015490078408242466
0,0,0.00018001558587285306
0,0,0.00043517461547896817
0,0,0.00015431353261041839
0,0,0.00018376797445335293
0,0,0.0001624531878667441
0,0,0.00016537896457329425
0,0,0.00015988597620373308
0,0,0.0001599781678237199
0,0,0.00023623853290560484
0,0,0.00015648572958875794
0,0,0.0003963065136188699
0,0,0.00015409515306245012
0,0,0.00015618095980217834
0,0,0.00015101077928780581
0,0,0.00013992095119259453
0,0,0.00016458774634432204
0,0,0.00014610064433948013
0,0,0.00017325662214053188
0,0,0.0001973608062716484
0,0,0.00020747933944871956
0,0,0.00017517819465805032
0,0,0.00015722205963257304
0,0,0.0001915401486966661
0,0,0.00015136973275352877
0,0,0.00016127096440875843
0,0,0.0003539966602355378
0,0,0.0001892717799815901
0,0,0.0001470691270120418
0,0,0.00015925684551190724
0,0,0.00022613961372389287
0,0,0.00015028657913537485
0,0,0.0001612088736303725
0,0,0.0001499593421182788
0,0,0.00023810270174995263
0,0,0.00014843755302524988
0,0,0.00014627767391728935
0,0,0.00014626131761714207
0,0,0.00015806925422455262
0,0,0.000171675398879735
0,0,0.00014816916415539834
0,0,0.00015466691169199815
0,0,0.00015320985758435346
0,0,0.00014705987325199188
0,0,0.00014854627132735625
0,0,0.0003259128080716762
0,0,0.0023486036328629455
0,0,0.00019640919070617393
0,0,0.0002789440422262399
0,0,0.0001748723749878283
0,0,0.0001935354194259108
0,0,0.00015425007874867857
0,0,0.0001457088609694225
0,0,0.00016001254665475555
0,0,0.00023715853279738247
0,0,0.00017421461263170005
0,0,0.00019230424096695136
0,0,0.00017729298363484784
0,0,0.00014576566093458068
0,0,0.0002581863801753359
0,0,0.00016700159269742755
0,0,0.00013879278113887583
0,0,0.00016169685609484136
0,0,0.00015891201734329587
0,0,0.00027856773781695555
0,0,0.0004045341217308194
0,0,0.0001500291134644417
0,0,0.00014152814081122258
0,0,0.0001478635965733736
0,0,0.00022422535939599974
0,0,0.0003044028874033696
0,0,0.00016842630641536972
0,0,0.0001479345085556759
0,0,0.000180224359781587
0,0,0.00015024511694738328
0,0,0.0002054448932671667
0,0,0.00031008450007684405
0,0,0.00015896601345473713
0,0,0.00014738661089128873
0,0,0.0006665825670589796
0,0,0.00018801977833640763
0,0,0.00037559884547666675
0,0,0.0001911699442450459
0,0,0.00015903217861600375
0,0,0.0001614764748934314
0,0,0.00038853600130222155
0,0,0.0001446879787006887
0,0,0.00015489231467278263
0,0,0.00014000841777488026
0,0,0.00014173268773064144
0,0,0.00016475517661347492
0,0,0.00014712682374207073
0,0,0.00020503611856670072
0,0,0.00016040304948372594
0,0,0.0003617445724309129
0,0,0.00015004284007560703
0,0,0.0001654450607510218
0,0,0.0001637151474269428
0,0,0.00021183285214514054
0,0,0.0001666782952615624
0,0,0.0001493999237793068
0,0,0.0001604307577823854
0,0,0.0002509398052067248
0,0,0.00014632425965704907
0,0,0.00016178773376620864
0,0,0.0007150300433495435
0,0,0.00015343314861577585
0,0,0.00026301430790912647
0,0,0.00016174482246025625
0,0,0.00014490545991065692
0,0,0.00015357819077720683
0,0,0.00014203467239818976
0,0,0.00014799749158044405
0,0,0.00016357471847504548
0,0,0.0007685232494444459
0,0,0.0001596169100200407
0,0,0.00016863800754979294
0,0,0.0002157367247959505
0,0,0.00015880362174431392
0,0,0.00017688863110070194
0,0,0.0002173134885138523
0,0,0.00037732000210102796
0,0,0.0003043436768697358
0,0,0.00015302326131564007
0,0,0.00022966853571808546
0,0,0.00015211617832240376
0,0,0.00018412896254496803
0,0,0.004296794538454453
0,0,0.00015752317966730107
0,0,0.0001530986867446073
0,0,0.00034180201288675275
0,0,0.0001452573852698408
0,0,0.0002278724119531723
0,0,0.00036632756147429046
0,0,0.00019122730606016254
0,0,0.0001702875656113436
0,0,0.000170189748136645
0,0,0.0002283071184708201
0,0,0.0001468760692922713
0,0,0.006723954225490566
0,0,0.0002685172885506175
0,0,0.00016128804109994784
0,0,0.00018404877034601188
0,0,0.00013805881935076143
0,0,0.00019991538443097693
0,0,0.0001933877927414426
0,0,0.00018430364954979213
0,0,0.00016009022533313523
0,0,0.0005370688877469432
0,0,0.00015195939656206038
0,0,0.0023167708388410744
0,0,0.00015182710809270346
0,0,0.00014817311730094574
0,0,0.00013904554727118848
0,0,0.00016555106405712633
0,0,0.0001589503528191769
0,0,0.0003170539564771484
0,0,0.00036277334553581073
0,0,0.00016792048504699796
0,0,0.0001863157693356136
0,0,0.0004080635699811988
0,0,0.00014523685113016074
0,0,0.0005692327745858554
0,0,0.0022175641208060054
0,0,0.0002843774287279301
0,0,0.0001446474198640465
0,0,0.00022221165613970931
0,0,0.00014925730410410805
0,0,0.00016882736186970903
0,0,0.00014976719984882816
0,0,0.00015879314410109925
0,0,0.00014916299620181399
0,0,0.00015115292360578326
0,0,0.0006661631348285384
0,0,0.00016197437255712461
0,0,0.00014920011898279204
0,0,0.0001506338558225167
0,0,0.00014536096694925496
0,0,0.00015424558832843047
0,0,0.00015979716742121924
0,0,0.00023748344060212114
0,0,0.0005297502807796892
0,0,0.0019035855700134316
0,0,0.00014074358392220028
0,0,0.0001432118410372634
0,0,0.00014003261961039113
0,0,0.00015188693162025094
0,0,0.00015410262516664646
0,0,0.00017174628249848475
0,0,0.00021740432565644813
0,0,0.00014298093029415957
0,0,0.00014267288221490317
0,0,0.00014975111191678841
0,0,0.00015186024328469314
0,0,0.00016236159857657725
0,0,0.00014368132215017516
0,0,0.0001708039448626752
0,0,0.0006338101859922217
0,0,0.0001639691501228929
0,0,0.003191506472500212
0,0,0.00015380315504586925
0,0,0.00014256099026873124
0,0,0.00015208310993021447
0,0,0.00015538222514519448
0,0,0.0006821648092436839
0,0,0.00015510502377406003
0,0,0.0001572947098082222
0,0,0.00027959034295793286
0,0,0.00014904913160084164
0,0,0.00016195479930492486
0,0,0.0001513776075189141
0,0,0.00027402282038921605
0,0,0.00018166940564571865
0,0,0.00015115893111538936
0,0,0.00017514978482629674
0,0,0.00016308016543263977
0,0,0.0004557887621238127
0,0,0.00015658956478169112
0,0,0.0008091607330678807
0,0,0.00017719935796983556
0,0,0.00021900727247960096
0,0,0.0001808853555657317
0,0,0.00016701840908009573
0,0,0.00014600824758149896
0,0,0.00013833070790026752
0,0,0.00015312827762401304
0,0,0.00036724961322197314
0,0,0.0001902356161223048
0,0,0.00018927851078566935
0,0,0.00023897454736228544
0,0,0.00015269034846318976
0,0,0.00016607518189492554
0,0,0.00014563494919914442
0,0,0.00015954165945535707
0,0,0.00020417596018705038
0,0,0.00014954517718625924
0,0,0.00014606046901901256
0,0,0.00014023932936891212
0,0,0.0001535394756593899
0,0,0.00014841327960937902
0,0,0.0001937288124641933
0,0,0.00044628461851415425
0,0,0.0001547256145696147
0,0,0.00015506826405546018
0,0,0.00015527947929074886
0,0,0.00015098273052363827
0,0,0.00015216556199343706
0,0,0.00015173976967446527
0,0,0.0001413426762131919
0,0,0.00015626757938573362
0,0,0.00013879278113887583
0,0,0.00015408185833826858
0,0,0.0013375962261227285
0,0,0.00017534074745160545
0,0,0.00016657579913030265
0,0,0.0002237705341352144
0,0,0.0003228078967099386
0,0,0.00015094013854255616
0,0,0.00015827679569169407
0,0,0.00014189497592627154
0,0,0.00014915487158181982
0,0,0.00015204889247552407
0,0,0.00014893868403699522
0,0,0.00015309312314761952
0,0,0.0001857593612849338
0,0,0.00017668336326018527
0,0,0.00015799890992450606
0,0,0.00015870807414450615
0,0,0.00019808429283291017
0,0,0.0010786295088974966
0,0,0.00019831411865216662
0,0,0.0003688209985738716
0,0,0.000346107185524807
0,0,0.00015620512951620624
0,0,0.00014940380725928442
0,0,0.000147630423109055
0,0,0.00018800525180288503
0,0,0.00023808471398868407
0,0,0.00016970678308909305
0,0,0.0012397163878522476
0,0,0.00015719448871788058
0,0,0.00018490599332778861
0,0,0.0001398473339384558
0,0,0.00024927207347257024
0,0,0.00014943276344295996
0,0,0.015763444042310806
0,0,0.00014535238361346623
0,0,0.00015794949811584295
0,0,0.0006172910578204747
0,0,0.0001565189701365557
0,0,0.00013918698940448016
0,0,0.00015463475526476003
0,0,0.00018130467479147592
0,0,0.00015059076814550107
0,0,0.000147605940372889
0,0,0.00015726230309310657
0,0,0.00014526491703118052
0,0,0.0003551634357591343
0,0,0.00015286717751938355
0,0,0.00014395291641198184
0,0,0.0001571573170339022
0,0,0.0001519889649735007
0,0,0.00017589691481608422
0,0,0.00015388959374881164
0,0,0.0001562216677522158
0,0,0.00038652301755270094
0,0,0.00014956718833681595
0,0,0.0004396099850631254
0,0,0.0001590576852369697
0,0,0.0011366690544872202
0,0,0.00018487536425008667
0,0,0.00014319630662985988
0,0,0.00027820562964560834
0,0,0.00017535589599816466
0,0,0.0001567000505627354
0,0,0.00026784020032853196
0,0,0.00019733915690736364
0,0,0.0002262767934371451
0,0,0.0003967168463988447
0,0,0.00018988935531663137
0,0,0.00019790280086091477
0,0,0.00016316498019070227
0,0,0.0001973558304421652
0,0,0.00025210959525098027
0,0,0.0005061233541658715
0,0,0.0001423568277051193
0,0,0.00014795580659699985
0,0,0.0001450110196767959
0,0,0.0003010174255176168
0,0,0.0001445694523069192
0,0,0.00015274623593547343
0,0,0.00019611338692279324
0,0,0.00021047935358147816
0,0,0.0007344865880739224
0,0,0.009041826751905332
0,0,0.0001935342839062843
0,0,0.00015491077249017943
0,0,0.00037746542335821345
0,0,0.00013975888747101177
0,0,0.00016886524650826514
0,0,0.0001789516246971935
0,0,0.00015272421437854467
0,0,0.00015417379913513346
0,0,0.0008411787503390596
0,0,0.0001436898232746525
0,0,0.00014249674563679809
0,0,0.00016627977295206823
0,0,0.00015644249135838745
0,0,0.0006743840850694687
0,0,0.00014089583245223782
0,0,0.0004309357714681664
0,0,0.00023228981164751124
0,0,0.0001511763439268073
0,0,0.00014057787979693823
0,0,0.000154599610344776
0,0,0.00014951172949891872
0,0,0.0001500087343048746
0,0,0.0001560859392635515
0,0,0.00045596427208943356
0,0,0.00014694153807013542
0,0,0.00014892070972998003
0,0,0.0001511049085744054
0,0,0.00015331633043633183
0,0,0.00016776614889678883
0,0,0.00015951923920056748
0,0,0.0001571868074575278
0,0,0.0004292616143068548
0,0,0.0003593682355271954
0,0,0.00013727743377678364
0,0,0.00015039978751909283
0,0,0.0010271150571805616
0,0,0.00026451337136960333
0,0,0.00015124579986942698
0,0,0.0001609615499790315
0,0,0.00018174135352489392
0,0,0.0001631330896077749
0,0,0.0001604019910678108
0,0,0.00016980131623670771
0,0,0.0001459253651958893
0,0,0.00020246248052522317
0,0,0.0001860140223216371
0,0,0.00020895480187188347
0,0,0.00020306189427808397
0,0,0.0001522053407850071
0,0,0.00017138775180513033
0,0,0.00013885702577080898
0,0,0.0008052332556707739
0,0,0.0003285109491345205
0,0,0.00021915260235171375
0,0,0.0001776282564215868
0,0,0.00015933567929014207
0,0,0.00015850768754133252
0,0,0.0001511763439268073
0,0,0.00014193392731997356
0,0,0.00014904337467335573
0,0,0.00015377583694916824
0,0,0.00015180915218194734
0,0,0.0005149737086112048
0,0,0.00016234625023436186
0,0,0.00015943929315398483
0,0,0.00018665506930104186
0,0,0.0001500291134644417
0,0,0.00015655594136495531
0,0,0.00016541827966719413
0,0,0.00018017024047965486
0,0,0.00014202300880223476
0,0,0.00026307607240999814
0,0,0.0002000817028639688
0,0,0.0001909176694861915
0,0,0.00021828740426103814
0,0,0.0004110439862341099
0,0,0.00023529889373792584
0,0,0.0001797732394405628
0,0,0.00017501925742061144
0,0,0.00015985540004699746
0,0,0.0002354843863279627
0,0,0.000168218631491585
0,0,0.00031768403750729825
0,0,0.0001572713673788745
0,0,0.00014319630662985988
0,0,0.00015253602978906693
0,0,0.00015979158599410985
0,0,0.00014090731252763388
0,0,0.00017953927770717758
0,0,0.0001407665813985055
0,0,0.003044032525273519
0,0,0.0001442580809375049
0,0,0.000573434435219368
0,0,0.000596690758838701
0,0,0.00015539963657013481
0,0,0.0001468389364565476
0,0,0.00017037770671117055
0,0,0.000250084424220577
0,0,0.00016130267987617635
0,0,0.00014451932698308798
0,0,0.0001460568519147282
0,0,0.00014918719721153267
0,0,0.0001506430070652855
0,0,0.0001844681582517544
0,0,0.0001433191538923565
0,0,0.00015543818189656434
0,0,0.00015553549712660553
0,0,0.0001513776075189141
0,0,0.00015959481494184604
0,0,0.00024244254738988423
0,0,0.0001548919270502983
0,0,0.0011513176091268835
0,0,0.000171277226039722
0,0,0.00018577185979286334
0,0,0.0004264702209621196
0,0,0.0001381230639826946
0,0,0.00027569148399346987
0,0,0.0001436898232746525
0,0,0.0002005113193364316
0,0,0.00015471289915386808
0,0,0.00015576416760253468
0,0,0.00015904326164133389
0,0,0.00014563942169877134
0,0,0.00015113046725933626
0,0,0.0001681817830043686
0,0,0.00015110106691120428
0,0,0.00015497090554482078
0,0,0.00014427705788868148
0,0,0.00016655821701217754
0,0,0.00014139072137298337
0,0,0.00020816760141058633
0,0,0.000250375895567808
0,0,0.0001396578999750273
0,0,0.0001480303646936902
0,0,0.0001826105971622784
0,0,0.00015083573320396647
0,0,0.00021097591300237695
0,0,0.00015638855147573864
0,0,0.000150540055167516
0,0,0.00013805881935076143
0,0,0.00016079995229281932
0,0,0.0001497324432567224
0,0,0.0073051754044013385
0,0,0.00024483414014940926
0,0,0.007692196540442729
0,0,0.0001401288939011052
0,0,0.0008093870670419371
0,0,0.0006363486223363227
0,0,0.00016898334956512274
0,0,0.000282815266436757
0,0,0.00015469850063504025
0,0,0.00015228175661170456
0,0,0.0001557022872406321
0,0,0.0001521013270632558
0,0,0.00014838737040490064
0,0,0.00014319630662985988
0,0,0.00014884874331079907
0,0,0.00015028657913537485
0,0,0.00017520567683657965
0,0,0.00013924961450422515
0,0,0.0006406438444801957
0,0,0.00015671750612437961
0,0,0.00017415938411967212
0,0,0.00014876635323199096
0,0,0.00015946989972637785
0,0,0.00026414365851405204
0,0,0.0001721557555948214
0,0,0.00014526491703118052
0,0,0.00015579009813680372
0,0,0.00018243486545748712
0,0,0.00015439401424134194
0,0,0.000184300183101938
0,0,0.00023569889801756426
0,0,0.0001575249413643925
0,0,0.00025600546578918496
0,0,0.00023746079178273204
0,0,0.00015568472479108838
0,0,0.00018199736299773114
1,1,0.5676654966320164
0,0,0.00022301168167292783
0,0,0.00014971399593835652
0,0,0.00014000841777488026
0,0,0.00015268515684064123
0,0,0.000193031796483105
0,0,0.00016847399562859057
0,0,0.00019831991247318268
0,0,0.00014806495962489837
0,0,0.0001622304529250431
0,0,0.00018375092213489364
0,0,0.0001495375097458506
0,0,0.0001505603467527092
0,0,0.000161966793915769
0,0,0.0008995274982217342
0,0,0.00015295336422764468
0,0,0.00017087327642020678
0,0,0.0001655671800318357
0,0,0.00013924961450422515
1,1,0.6573681396095685
0,0,0.0001682049203453878
0,0,0.00014569344249250096
0,0,0.0001539966969577665
0,0,0.0003303647536423156
0,0,0.00014714294952748052
0,0,0.00019670972322306034
0,0,0.0003094038976444165
0,0,0.0004042165238150387
0,0,0.0001755974679194575
0,0,0.00021340720084293686
0,0,0.00033911201911643963
0,0,0.00014514370650539995
0,0,0.00015182264076196454
0,0,0.00016462676999618334
0,0,0.0005486398106626524
0,0,0.00017137165474289697
0,0,0.00014329235586895737
0,0,0.00016704996118115326
0,0,0.0003886951415736269
0,0,0.0001554632800201256
0,0,0.00023159817717730949
0,0,0.00039164207913490695
0,0,0.00015188305010860288
0,0,0.00015296391353721454
0,0,0.000143725263848285
0,0,0.0003701343052879163
0,0,0.00014804570549669215
0,0,0.0003864291024207213
0,0,0.00014794696745019383
0,0,0.0005254898690535411
0,0,0.00014748983927586964
0,0,0.00016161561948294716
0,0,0.00025193603033755774
0,0,0.00016800694667498843
0,0,0.00016312108979718787
0,0,0.00015255876603048314
0,0,0.00019163013519735912
0,0,0.0001727726121221444
0,0,0.00029282504688864203
0,0,0.00014604499123220654
0,0,0.00015011954918770057
0,0,0.00018102573680234198
0,0,0.00014841327960937902
0,0,0.00015925317086538284
0,0,0.000151180276106335
0,0,0.0005330503311194251
0,0,0.0001493517465715109
0,0,0.0001641682907595627
0,0,0.00036698909311775024
0,0,0.00014952272415892442
0,0,0.002369322419552184
0,0,0.00015543894776620852
0,0,0.000203370273282808
0,0,0.00490512128758438
0,0,0.0001641718853602219
0,0,0.00014450675340755526
0,0,0.0001461661404373413
0,0,0.00016022578067052338
0,0,0.0001535099736856222
0,0,0.00027565992902377543
0,0,0.0002861965530012523
0,0,0.00016382204998751209
0,0,0.00015966626783106815
0,0,0.00017649029880254302
0,0,0.00015258751840986488
0,0,0.0001412434379958496
0,0,0.00015092862645163906
0,0,0.0001528420500064791
0,0,0.00016996128494807446
0,0,0.00015685432820042907
0,0,0.0001572025396456968
0,0,0.000161328117012296
0,0,0.00019918790375681028
0,0,0.0006748160614008964
0,0,0.00018920644031009825
0,0,0.0001688319926166306
0,0,0.00018609280490691036
0,0,0.0001991421985534644
0,0,0.00015848528409198085
0,0,0.00016552264387827514
0,0,0.00021752000529095308
0,0,0.0001561980664317826
0,0,0.00014699153396070062
0,0,0.0001759231059055614
0,0,0.00016590694541785835
0,0,0.0001501656191642718
0,0,0.00014610290226190585
0,0,0.0001503072933998723
0,0,0.00023273493208943267
0,0,0.00013918698940448016
0,0,0.000750149731766857
0,0,0.00014256099026873124
0,0,0.00015349995922277806
0,0,0.00029337899644914624
0,0,0.0001558775935500556
0,0,0.0002647344978835699
0,0,0.00014405475844898034
0,0,0.0006403644027477014
0,0,0.0002210725678683746
0,0,0.0006100465794015851
0,0,0.0003939075853420535
0,0,0.0001483453675217972
0,0,0.00016774361277138928
0,0,0.00018119008319335817
0,0,0.00015538628926824708
0,0,0.00016397670525414838
0,0,0.00015186024328469314
0,0,0.00013751291037496582
0,0,0.0008327790319435124
0,0,0.00014502456031245274
0,0,0.00016869630324559712
0,0,0.0001757597836003015
0,0,0.00044377605693408944
0,0,0.0001520997646740089
0,0,0.00015505146316092776
0,0,0.00014143363995675623
0,0,0.00016038732024179056
0,0,0.00016192928654257328
0,0,0.00015108867897385014
0,0,0.0001459563533392883
0,0,0.00014971688059267093
0,0,0.0001608284391506429
0,0,0.00016025786688181928
0,0,0.00016079795639805587
0,0,0.0002684891006655807
0,0,0.0002454021145547251
0,0,0.0001473267612827398
0,0,0.00013574130753906262
0,0,0.00016865185561870243
0,0,0.00017360489862176213
0,0,0.00018074315931112435
0,0,0.00014450675340755526
0,0,0.00018114889087995667
0,0,0.00027175128993145496
0,0,0.00017649547234796097
0,0,0.00015422886606973745
0,0,0.00013879278113887583
0,0,0.0001712266969447884
0,0,0.00020191602328164762
0,0,0.00014949161506121425
0,0,0.00014815181831570481
0,0,0.00014707824775004482
0,0,0.0006242506622450109
0,0,0.0003070484284964151
0,0,0.00015329419341269217
0,0,0.00015248944823947406
0,0,0.000501108120091863
0,0,0.000243349411376886
0,0,0.00016190098990986966
0,0,0.0001642205794578332
0,0,0.002409321371979758
0,0,0.00017424619049608218
0,0,0.00014675403052868749
0,0,0.00013805881935076143
0,0,0.0001436898232746525
0,0,0.00014319630662985988
0,0,0.00014795719435197637
0,0,0.00014273261808731832
0,0,0.00023643216897374105
0,0,0.00029176242498008995
0,0,0.00016465754755486844
0,0,0.00014173268773064144
0,0,0.00014477589862388525
0,0,0.0002027753287909173
0,0,0.0002334681089331838
0,0,0.00016676798611175512
0,0,0.00016038697967117588
0,0,0.00019812098442819392
0,0,0.00014629475935661155
0,0,0.00019510800036787076
0,0,0.00022581018164081473
0,0,0.0013000558621887551
0,0,0.0002593488380240693
0,0,0.00015517674847410247
0,0,0.00016226234246823662
0,0,0.00026951455062212574
0,0,0.0001431210924478204
0,0,0.0001624233471148569
0,0,0.00015816902757683437
0,0,0.0001492203209412734
0,0,0.0001538808690637428
0,0,0.00014065453865631005
0,0,0.00016567961899953434
0,0,0.0001733903272661343
0,0,0.000147662302508495
0,0,0.0002559942830622481
0,0,0.00015050059603114943
0,0,0.00015386602414237235
0,0,0.0003920871766251133
0,0,0.00014160837631912166
0,0,0.00036825256203663876
0,0,0.00031305170267158006
0,0,0.00015444076910965942
0,0,0.0001433191538923565
0,0,0.0001494892330409246
0,0,0.0001721976940001971
0,0,0.00029886188271601604
0,0,0.0001577883417970169
0,0,0.00018140287487974062
0,0,0.004540154155823608
0,0,0.00014912007952989375
0,0,0.00014269164237284808
0,0,0.00015115229313381715
0,0,0.00102640932939009
0,0,0.00013975888747101177
0,0,0.00016516738091660753
0,0,0.0003183895932232391
0,0,0.00014584569258339677
0,0,0.00016871030952367237
0,0,0.000289759479280213
0,0,0.00015441031594927546
0,0,0.00014965195140320987
0,0,0.0003724106781052567
0,0,0.00015206135023459663
0,0,0.0001459253651958893
0,0,0.00021634633726724432
0,0,0.00025669050724188615
0,0,0.0001470273387265557
0,0,0.0001781357001881717
0,0,0.00014917289566525256
0,0,0.00017502396625501893
0,0,0.00015280012764960958
0,0,0.00026345790765860245
0,0,0.00014621662833938357
0,0,0.000146021544786962
0,0,0.0001666238855198502
0,0,0.00018210962934400376
0,0,0.00014259380688833484
0,0,0.00015119376325573145
0,0,0.00031805546184799434
0,0,0.0001470889286447118
0,0,0.00018038397314042973
0,0,0.00019285516085140774
0,0,0.00014659679410400795
0,0,0.00017466605120358892
0,0,0.00015361909529060808
0,0,0.0001785337018245869
0,0,0.00014744616635741674
0,0,0.00014604630260515834
0,0,0.00020209805808941165
0,0,0.00022671662415173753
0,0,0.0001530256943667632
0,0,0.00016282504325426848
0,0,0.00037101514085768076
0,0,0.001421016825503084
0,0,0.0002139087220893927
0,0,0.00019669493360742197
0,0,0.0001513776075189141
0,0,0.00014412546292528957
0,0,0.00014000841777488026
0,0,0.0001436898232746525
0,0,0.0007550545211087814
0,0,0.00015733102919148585
0,0,0.00018006285440249256
0,0,0.00015052007158698592
0,0,0.00015558648664381296
0,0,0.0002688282908682334
0,0,0.00017629076413301913
0,0,0.00015490776386606355
0,0,0.0014711511066884486
0,0,0.0002914801802686011
0,0,0.000991572002399482
0,0,0.00015191335786122106
0,0,0.00015524924390554584
0,0,0.0001580567110788834
0,0,0.00018480183966305646
0,0,0.00034102126017985113
0,0,0.0001543257121933041
0,0,0.0002869291859370579
0,0,0.00029017056814380264
0,0,0.00017538345364780537
0,0,0.00030944314955422037
0,0,0.0001418877766257548
0,0,0.0001906792161636472
0,0,0.00015001787811989343
0,0,0.0002717846673225117
0,0,0.00043164408168227066
0,0,0.0001579200615331611
0,0,0.00015192336730240755
0,0,0.00014641636160874578
0,0,0.0001585221165224189
0,0,0.00014818439945882736
0,0,0.00025851700699355807
0,0,0.00024815827435231615
0,0,0.00015377583694916824
0,0,0.00014711337492477283
0,0,0.00032212072327685417
0,0,0.00015484638517381045
0,0,0.000148269834837815
0,0,0.00015499859190304486
0,0,0.00021475897277374058
0,0,0.0002455182448161289
0,0,0.0004429719194843488
0,0,0.0001567640159728627
0,0,0.00015911213551075606
0,0,0.00018946428617612354
0,0,0.00015045078122762745
0,0,0.00015428755576213726
0,0,0.0001594719748614863
0,0,0.00020004314824994111
0,0,0.00015401626854605555
0,0,0.00016580540037861597
0,0,0.00015032075144182279
0,0,0.00016883783201353836
0,0,0.0001509586074139657
0,0,0.00014939408837459227
0,0,0.002242282798668122
0,0,0.0003965448740087209
0,0,0.00015195243972389552
0,0,0.00014319630662985988
0,0,0.00014791032516355573
0,0,0.0003240599275633423
0,0,0.0001503431293655362
0,0,0.00018130457748265902
0,0,0.0001534430549433431
0,0,0.00014703472916757594
0,0,0.0001815911965607325
0,0,0.0002047146854371566
0,0,0.00013690742734669018
0,0,0.00023571452239842656
0,0,0.00014726845139745548
0,0,0.00014693508895665013
0,0,0.0001541670890670837
0,0,0.00015144972760479044
0,0,0.00015587387141648617
0,0,0.0001816183626822327
0,0,0.00023010233304952412
0,0,0.00020931728004899597
0,0,0.000275562197744008
0,0,0.00035313986704678456
0,0,0.0003233573728358784
0,0,0.00016007805599587143
0,0,0.0001571678846412352
0,0,0.00015544100470838237
0,0,0.0001547717301602673
0,0,0.0001515502148153862
0,0,0.0005120461048731681
0,0,0.0001491905588749317
0,0,0.0001545219593153366
0,0,0.000771958603469238
0,0,0.00028644396582480153
0,0,0.00037148929062258244
0,0,0.00021192595442193514
0,0,0.0002739274304307419
0,0,0.00016931815522497595
0,0,0.00018565174596541647
0,0,0.00027384054454305314
0,0,0.00031511541478428584
0,0,0.00016674213596247944
0,0,0.0004187672159088243
0,0,0.0002429528463300032
0,0,0.00014953966429295343
0,0,0.00015073290776876401
0,0,0.000511224183799682
0,0,0.0001436898232746525
0,0,0.00033647232704716093
0,0,0.00018044556387275044
0,0,0.00016280805768252037
0,0,0.0002064178744385336
0,0,0.00016765814575260665
0,0,0.0001525628376338216
0,0,0.0001388169829743867
0,0,0.000226655921733291
0,0,0.00017589995136781447
0,0,0.00014868332021492187
0,0,0.00017943311568774405
0,0,0.00014978601753549446
0,0,0.00046316908224132517
0,0,0.00015974413016913257
0,0,0.00030758080176345235
0,0,0.0003485100199516539
0,0,0.00022714277666347044
0,0,0.0001485755966359753
0,0,0.0005468031673520383
0,0,0.00014057787979693823
0,0,0.00042172785668050225
0,0,0.00015585470979297188
0,0,0.00015173178550325044
0,0,0.0001604019910678108
0,0,0.00014134066728884126
0,0,0.0004856356664071701
0,0,0.00014746006322673353
0,0,0.00015145449621098723
0,0,0.00016662366559571222
0,0,0.00014319630662985988
0,0,0.00015888515868520256
0,0,0.0003734875957484807
0,0,0.0001436898232746525
0,0,0.00033223535843203287
0,0,0.00020755378372485655
0,0,0.00019844141987092372
0,0,0.0001502959467699751
0,0,0.0006606388750623562
0,0,0.00014874404970167843
0,0,0.0015641096536136003
0,0,0.00014582864765902003
0,0,0.00015357693152278097
0,0,0.0002662021117840122
0,0,0.000169993858607212
0,0,0.00016274905941672952
0,0,0.00036040695413626264
0,0,0.000146685394948911
0,0,0.00016486872932837271
0,0,0.00037702028518464727
0,0,0.0001981892499088695
0,0,0.00014904337467335573
0,0,0.00014289726978561638
0,0,0.0002537563715722946
0,0,0.00015456871230899686
0,0,0.00014698641138331654
0,0,0.00015797970922565193
0,0,0.0001620645514066245
0,0,0.0001760169315052374
0,0,0.00015947046708442159
0,0,0.00014532935640526625
0,0,0.00014380178965813553
0,0,0.001860641875284101
0,0,0.00017518396878790207
0,0,0.00018125769251513325
0,0,0.00015671750612437961
0,0,0.00018547296267586343
0,0,0.00014436371051143482
0,0,0.00014759391461717354
0,0,0.00015736089997952515
0,0,0.0001479345085556759
0,0,0.000163200410066719
0,0,0.00015258751840986488
0,0,0.0001705938805650564
0,0,0.000152311736441931
0,0,0.00017247811526435126
0,0,0.00023792909116499315
0,0,0.00014539300611409237
0,0,0.0001441361909947763
0,0,0.00016072650728060793
0,0,0.0001604432738717735
0,0,0.00014107073416850524
0,0,0.0004097074882110263
0,0,0.0001625671023280283
0,0,0.00015333959876958763
0,0,0.00015115292360578326
0,0,0.00015450653644118742
0,0,0.00018846768081853742
0,0,0.00014319630662985988
0,0,0.00015918805249475135
0,0,0.00017416322794646264
0,0,0.00018691036637666518
0,0,0.00014603293686269307
0,0,0.00013961518939443422
0,0,0.0001494232916950734
0,0,0.0001871167910998729
0,0,0.00020394417366742062
0,0,0.00014701796636746263
0,0,0.00015452372313811454
0,0,0.00019959158801914726
0,0,0.00015782159753313836
0,0,0.0001605783670954797
0,0,0.0001634152723000385
0,0,0.00014178556531594007
0,0,0.0004670162791809445
0,0,0.0008293427281902304
0,0,0.0001595636996350568
0,0,0.0012758565311808483
0,0,0.00022668198691623068
0,0,0.00015825109734285113
0,0,0.00019588547237368276
0,0,0.0003802828881808293
0,0,0.00016338441963277924
0,0,0.0001615927651523058
0,0,0.0001627654107961667
0,0,0.00020708498444231248
0,0,0.00016881269689629567
0,0,0.00024008131701405418
0,0,0.00016129116013166795
0,0,0.000216905452550609
0,0,0.0005661298888930982
0,0,0.000183323896877176
0,0,0.0001784834830131439
0,0,0.0001452131754167244
0,0,0.00014240658273916923
0,0,0.00016700380883303016
0,0,0.00014814915507804107
0,0,0.00014249674563679809
0,0,0.0006581193189946181
0,0,0.00015485013234137112
0,0,0.00015608258507350512
0,0,0.00014802734389092372
0,0,0.0004996074483430525
0,0,0.00018877399870285942
0,0,0.00015101077928780581
0,0,0.00018542279992717008
0,0,0.00015057258525687985
0,0,0.00014690823182239048
0,0,0.00020440567173166677
0,0,0.0001507846654957364
0,0,0.00022639219401969436
0,0,0.00020259779502653844
0,0,0.00035546855285609544
0,0,0.00015742652381689013
0,0,0.0002488105836514494
0,0,0.0002182185403038035
0,0,0.00023015855463904717
0,0,0.0002161091201808996
0,0,0.00016139412261366204
0,0,0.00015237388329578447
0,0,0.00034021773362364455
0,0,0.00017216322726483604
0,0,0.00016892360727580372
0,0,0.0001744301994036013
0,0,0.00014206800109795145
0,0,0.0001506950562397083
0,0,0.0001380355974004089
0,0,0.00023551105397431687
0,0,0.00014447054589642776
0,0,0.0001666508723879378
0,0,0.00014940243586085444
0,0,0.00014502456031245274
0,0,0.00014581571120601754
0,0,0.0001802280327087234
0,0,0.00016649914698198617
0,0,0.0004176297329716189
0,0,0.00015318294887841524
0,0,0.0002550235147527193
0,0,0.0008815890985629824
0,0,0.00014601819875824357
0,0,0.00015346514750657887
0,0,0.00016518917741348055
0,0,0.00015236388493566503
0,0,0.00014152105173267666
0,0,0.00014380178965813553
0,0,0.00014973729366504784
0,0,0.00015159791960962148
0,0,0.0001542720405647781
0,0,0.00014936243600938834
0,0,0.006063831684742063
0,0,0.00018337373324981893
0,0,0.00014003261961039113
0,0,0.0001545920927149434
0,0,0.00015374331324922332
0,0,0.00014872656355806026
0,0,0.00016695983190254538
0,0,0.0003012967725544976
0,0,0.0001436898232746525
0,0,0.0001673820018198531
0,0,0.00014380178965813553
0,0,0.00014705189269861675
0,0,0.00019786530033171846
0,0,0.00014875765327309985
0,0,0.0001485012439566665
0,0,0.001052638974879702
0,0,0.00026471375242735835
0,0,0.00038284877637086915
0,0,0.00016038975203354615
0,0,0.00019445410614806876
0,0,0.0004287338684027185
0,0,0.00015672485929210206
0,0,0.00015482203201173673
0,0,0.00017372734473222384
0,0,0.00014319630662985988
0,0,0.00017279280427437104
0,0,0.0002123025207216026
0,0,0.00015565618417869657
0,0,0.00015785842612344323
0,0,0.00015092963257436093
0,0,0.0001470273387265557
0,0,0.0003464769239011976
0,0,0.0002027574867301292
0,0,0.0001575042987478332
0,0,0.0016270874605137555
0,0,0.0001517013752840651
0,0,0.0007412400716510187
0,0,0.00015458333306201714
0,0,0.00015833440108144084
0,0,0.00015021275947360826
0,0,0.00014978601753549446
0,0,0.00015014829570136589
0,0,0.0001439697326943867
0,0,0.00044676463347384656
0,0,0.00015780201719196502
0,0,0.00015887684501910562
0,0,0.00017803285728024506
0,0,0.00015752234857127775
0,0,0.00018026698855934565
0,0,0.00015313867971203816
0,0,0.00016694385020407166
0,0,0.008333364588407412
0,0,0.0001507721666786506
0,0,0.0001548793097568586
0,0,0.00014606851100780276
0,0,0.00015404838964289702
0,0,0.0001474905797566284
0,0,0.0001509467889827649
0,0,0.00018491016610627215
0,0,0.00015205994826632377
0,0,0.00017213105471647645
0,0,0.00016150403299328714
0,0,0.00015390598255597113
0,0,0.00014969169043757772
0,0,0.0001612269154997348
0,0,0.00020313363662175673
0,0,0.00015020056323417373
0,0,0.0001847614079381396
0,0,0.00015032487926494085
0,0,0.00015897815953434092
0,0,0.0001444253808240323
0,0,0.0004261255614630315
0,0,0.0001381230639826946
0,0,0.00015355483650775044
0,0,0.00015071471404036794
0,0,0.00023926664081306577
0,0,0.00014844150663197284
0,0,0.000169310369203506
0,0,0.0001944631811958045
0,0,0.000151013975325043
0,0,0.00018265879621925563
0,0,0.00037899027697047184
0,0,0.0002395209159986905
0,0,0.00018770472365035095
0,0,0.00016399410700895892
0,0,0.0001725076614304213
0,0,0.0003897572352469869
0,0,0.00016300027712258248
0,0,0.00015539133700658047
0,0,0.00020195572509443496
0,0,0.00022883074341472964
0,0,0.00018243651394713118
0,0,0.00016832979632946677
0,0,0.00015101077928780581
0,0,0.00016086251641281285
0,0,0.00021336974709618636
0,0,0.00015470248057414352
0,0,0.0004200889680795079
0,0,0.0004361168869707322
0,0,0.00014298659407079706
0,0,0.00016143838770448632
0,0,0.00016248959035949903
0,0,0.00014962667503302948
0,0,0.00018197538017176044
0,0,0.00015003888131491313
0,0,0.00021404334063519024
0,0,0.0001549062793618691
0,0,0.00014707675719996058
0,0,0.00014817873073062694
0,0,0.001168474086806562
0,0,0.00015692939816541442
0,0,0.00015322684835642134
0,0,0.00014683371714204987
0,0,0.0007302737427833282
0,0,0.00026770494411119315
0,0,0.00016211797927710708
0,0,0.0002122959688233568
0,0,0.00016797938464905478
0,0,0.00016224935310019207
0,0,0.00014319630662985988
0,0,0.0001942508300148703
0,0,0.00014577232363889453
0,0,0.00017882197702885955
0,0,0.00016294842496969084
0,0,0.00018371838106894453
0,0,0.00014907728518794686
0,0,0.0011067153105967869
0,0,0.0001562003187881935
0,0,0.00017193901372941848
0,0,0.000152558133049839
0,0,0.00015144972760479044
0,0,0.00017832969124327385
0,0,0.0001870038465312225
0,0,0.00027735607389654674
0,0,0.00024215710075800844
0,0,0.00018814660804017898
0,0,0.00017231473147810478
0,0,0.00015784721518453842
0,0,0.00016435723664674578
0,0,0.000148204329981042
0,0,0.00015717006058415034
0,0,0.00015863779713165698
0,0,0.00016475615693220134
0,0,0.00016594420167943675
0,0,0.00031336090678825353
0,0,0.00015581175388099984
0,0,0.0004885555341174162
0,0,0.00015762919633445038
0,0,0.00014817873073062694
0,0,0.0001481380420970175
0,0,0.00015510502377406003
0,0,0.00017215152729057345
0,0,0.0002727060087200118
0,0,0.000529190413456755
0,0,0.00016144972110953594
0,0,0.00015628403994092331
0,0,0.0001866046363481354
0,0,0.00019598498323646665
0,0,0.00013927445598676586
0,0,0.00023152692719834552
0,0,0.0003641967022713852
0,0,0.00014659318300287052
0,0,0.0002595581774085648
0,0,0.00014673396316090164
0,0,0.00015409515306245012
0,0,0.00020744290880300132
0,0,0.00014356359263803403
0,0,0.00014074358392220028
0,0,0.000271512231882244
0,0,0.00014501346549957526
0,0,0.00014280324697207655
0,0,0.00015774531490142754
0,0,0.00016685347645553996
0,0,0.0001398799390150415
0,0,0.00015294695726916676
0,0,0.0001515684993429231
0,0,0.00014736902995437845
0,0,0.0005376872500087873
0,0,0.00015766427082286152
0,0,0.00014521122170881723
0,0,0.0001396578999750273
0,0,0.00020360075877536162
0,0,0.0006295783108990317
0,0,0.00014222440865696722
0,0,0.0001575042987478332
0,0,0.0002035920453364042
0,0,0.0002001045421042709
0,0,0.00016046344584541347
0,0,0.00016107087877589532
0,0,0.00015222598512526695
0,0,0.00014965139394712627
0,0,0.00014139072137298337
0,0,0.00015655646113714455
0,0,0.0007751522532657565
0,0,0.0001429748513002405
0,0,0.00017119869971954563
0,0,0.0001462266563128003
0,0,0.00017076176577111635
0,0,0.00016161398363560638
0,0,0.00015615056265534473
0,0,0.00019834621891126408
0,0,0.00014769441167298742
0,0,0.00018170616477335282
0,0,0.00015954018940097131
0,0,0.0001697701889385358
0,0,0.00018552771622738944
0,0,0.0004048568649592221
0,0,0.0003787440502489528
0,0,0.0002400740290155552
0,0,0.00015580994852962957
0,0,0.00014272742751226698
0,0,0.00016673133039049216
0,0,0.00016071710552919722
0,0,0.0001710834724423152
0,0,0.0006563407014401625
0,0,0.0003205054047012146
0,0,0.00019891844135231745
0,0,0.00016022443010446668
0,0,0.0021391775561088048
0,0,0.00023409024018946993
0,0,0.00016678542737618855
0,0,0.00024217862252088866
0,0,0.00014860661062108106
0,0,0.0003103518891235027
0,0,0.0001750556400586025
0,0,0.00015789641711879505
0,0,0.0001470443551949459
0,0,0.00015187551834726313
0,0,0.0001436898232746525
0,0,0.00014487015278289074
0,0,0.00015598745403860913
0,0,0.00019279573474889427
0,0,0.00016963914201101446
0,0,0.00014624681217031808
0,0,0.0004628460270056388
0,0,0.00027025660774211555
0,0,0.00017056957156603913
0,0,0.00016641180788794452
0,0,0.00014946735028880244
0,0,0.00037255017646264937
0,0,0.00016143116821467203
0,0,0.0001761522590509869
0,0,0.00015738304938058085
0,0,0.001032911631330518
0,0,0.00018258675123373547
0,0,0.00023003334286454254
0,0,0.00017872987193197403
0,0,0.0010327202417188405
0,0,0.0001641544050281028
0,0,0.0002892057526897938
0,0,0.00014414369561191516
0,0,0.00016902300545600617
0,0,0.0006404446999400963
0,0,0.00015316859507867912
0,0,0.00020847911579360172
0,0,0.00015404799780768856
0,0,0.00018203505849528933
0,0,0.00021175545449261164
0,0,0.0001569494806768124
0,0,0.00021306915414345871
0,0,0.0001741741140868399
0,0,0.0001497019138863713
0,0,0.0002723143858559982
0,0,0.0001738429245310091
0,0,0.0001629199126975163
0,0,0.0001757751490119677
0,0,0.0001601797478996228
0,0,0.0001799353798129765
0,0,0.00015421998798918884
0,0,0.00017302993028414754
0,0,0.0001520936740209773
0,0,0.00037619605202351026
0,0,0.00017701880971457594
0,0,0.00015974678482812184
0,0,0.0001460568519147282
0,0,0.00015173758131278037
0,0,0.0004640624922082172
0,0,0.00015514971749146247
0,0,0.00022503788091067002
0,0,0.00014919325110900216
0,0,0.0001507446116434353
0,0,0.00017712803135317603
0,0,0.00016352415373838594
0,0,0.0001927217841540483
0,0,0.00014331777533191354
0,0,0.00015577380481026368
0,0,0.0003390368417246629
0,0,0.00014588871987568784
0,0,0.0003344537777692716
0,0,0.00015761900527350782
0,0,0.00017585157219757722
0,0,0.00015789641711879505
0,0,0.00016004757996538
0,0,0.00017350008900828538
0,0,0.00015637056088511138
0,0,0.0001530986867446073
0,0,0.00016327690816551546
0,0,0.0001448412152787238
0,0,0.00017014461376036458
0,0,0.00016145913762788912
0,0,0.00016126083715421665
0,0,0.00047096115585441904
0,0,0.000203211441911489
0,0,0.00015607824152696141
0,0,0.00016339849712970528
0,0,0.00015441444333060846
0,0,0.00014203467239818976
0,0,0.00015158651437077644
0,0,0.00019905549004534456
0,0,0.00028995015745900956
0,0,0.00015929553746636563
0,0,0.0001682049203453878
0,0,0.0001891989172613852
0,0,0.00017905089815363812
0,0,0.00015179762009025438
0,0,0.00016112094145929025
0,0,0.0002187502875461286
0,0,0.0001590875930980646
0,0,0.00016403303182215386
0,0,0.0001833290445885797
0,0,0.00023936909196485033
0,0,0.0001654757408007307
0,0,0.00015932128075806515
0,0,0.00021021616704692427
0,0,0.00014606918179819938
0,0,0.00015555808349864968
0,0,0.00016059132590258784
0,0,0.00014319630662985988
0,0,0.0001607202317071501
0,0,0.0001602864399630347
0,0,0.000186558797823053
0,0,0.00014003261961039113
0,0,0.00016202476777719434
0,0,0.00024330916759563123
0,0,0.0018881578080513072
0,0,0.00013879278113887583
0,0,0.00018247917127215538
0,0,0.000165974281964281
0,0,0.00015714386356559807
0,0,0.00016732276639742428
0,0,0.00016069155748591068
0,0,0.00015228175661170456
0,0,0.00015251299348240883
0,0,0.00014669160767894312
0,0,0.00015852281093251466
0,0,0.0005089009628390485
0,0,0.0004372767116749999
0,0,0.00015257741570916142
0,0,0.00047087713498865765
0,0,0.0001936403326024954
0,0,0.00019960493945691364
0,0,0.00043133778536956545
0,0,0.0001498326045218758
0,0,0.0001735542909723718
0,0,0.00015870150351162912
0,0,0.00015028657913537485
0,0,0.0001954385072261459
0,0,0.0001585122919835964
0,0,0.0001631573693275505
0,0,0.00023792383065937765
0,0,0.00014593753664064052
0,0,0.00044748992585679566
0,0,0.00016063384597135143
0,0,0.00015694467898952097
0,0,0.0001604090324067819
0,0,0.00025181530783263944
0,0,0.0008204712225224076
0,0,0.00015455526205562504
0,0,0.00021550852211950407
0,0,0.0002016354441058594
0,0,0.0001407665813985055
0,0,0.0001656210870813639
0,0,0.0001451324846112208
0,0,0.00015468413337060626
0,0,0.00013871630727882577
0,0,0.00017628414737735681
0,0,0.00014795725902924816
0,0,0.0001462266563128003
0,0,0.00015772749800299147
0,0,0.0001552818190765456
0,0,0.00015015135334470588
0,0,0.00014518858147902062
0,0,0.0001418620832364449
0,0,0.00019113231902654514
0,0,0.00015377583694916824
0,0,0.0001592063671567641
0,0,0.00014849237378607746
0,0,0.00015490394306367592
0,0,0.00016334920270368424
0,0,0.00019784981772323575
0,0,0.00019772353096886405
0,0,0.0001797337980952895
0,0,0.0003653829990815142
0,0,0.00014809052011399322
0,0,0.00016998897648924438
0,0,0.00016261813125121314
0,0,0.00016001452566668514
0,0,0.0001428240129551261
0,0,0.00014434437563849828
0,0,0.00014580905477213756
0,0,0.00015238307633218655
0,0,0.0001668648244775608
0,0,0.00023147066921274498
0,0,0.00014158000713529182
0,0,0.00014851009402005956
0,0,0.00014625830743696247
0,0,0.00016616285579777526
0,0,0.00022288170427248722
0,0,0.0005357352376952659
0,0,0.00014668577216254034
0,0,0.00015816341312097838
0,0,0.00015090743982366722
0,0,0.00016319338441254583
0,0,0.00016508096504767086
0,0,0.00016275183034051977
0,0,0.00016475150220781614
0,0,0.0001641633635148185
0,0,0.00014825619927086423
0,0,0.0007850203221994251
0,0,0.00015430702396476852
0,0,0.00015419131871865629
0,0,0.00014482606574292477
0,0,0.00014003261961039113
0,0,0.0002340441605391444
0,0,0.0001633492851921641
0,0,0.00014156095253325826
0,0,0.0003930268968078897
0,0,0.00017279280427437104
0,0,0.0001474866786347764
0,0,0.00014598769997459487
0,0,0.00018885237792203399
0,0,0.00014940380725928442
0,0,0.00018926494250579273
0,0,0.0002524940718358996
0,0,0.00022452786779634013
0,0,0.00015430306324273633
0,0,0.00015484032261053605
0,0,0.00016637172420209427
0,0,0.00016960987668719081
0,0,0.0004396099850631254
0,0,0.00014472190000463608
0,0,0.0001902356161223048
0,0,0.00014352411914939048
0,0,0.00019645245932066487
1,1,0.9875812175812178
0,0,0.0001610526935216446
0,0,0.00016232836256906754
0,0,0.00014448932218277694
0,0,0.0002195939907514132
0,0,0.0001496129210393812
0,0,0.00015494758164829068
0,0,0.00016171370211230275
0,0,0.00048335884722783534
0,0,0.00014623973854036644
0,0,0.00014195922055820466
0,0,0.00016390124520147714
0,0,0.00015283628274476166
0,0,0.00031603156435605845
0,0,0.00022876851895732033
0,0,0.000145418895932674
0,0,0.00014952922406490316
0,0,0.0001577186895815576
0,0,0.00014668993493057705
0,0,0.00015341744671534732
0,0,0.000150490103774652
0,0,0.0054643670874210985
0,0,0.00015789350115669472
0,0,0.00015421998798918884
0,0,0.0001462266563128003
0,0,0.00018675265306919
0,0,0.00014251933172579836
0,0,0.0007180181900513341
0,0,0.0002719821064536185
0,0,0.0001714611551115715
0,0,0.000292515325882265
0,0,0.0004578449457164323
0,0,0.00015532078562301046
0,0,0.0005182508734310795
0,0,0.000167108465935319
0,0,0.0005231447326797761
0,0,0.0001551818004478531
0,0,0.0006827230344410929
0,0,0.00015739543413210449
0,0,0.00017275654762148674
0,0,0.00014719194814436377
0,0,0.0003648065752569205
0,0,0.00015182306608904457
0,0,0.0001402157208363611
0,0,0.00016898334956512274
0,0,0.00016854460259144665
0,0,0.00017792553134560646
0,0,0.00021235014605896626
0,0,0.0002234000069421883
0,0,0.00016440012603210458
0,0,0.00016298840032902905
0,0,0.0003170539564771484
0,0,0.00014652820865208182
0,0,0.0001525131088950246
0,0,0.000145557774622274
0,0,0.00016332545994813643
0,0,0.00014139072137298337
0,0,0.00016096857048183166
0,0,0.00014331639555637457
0,0,0.000197975222006453
0,0,0.00017473541851481384
0,0,0.00015214047597851703
0,0,0.00017243438409873351
0,0,0.00014442378506276693
0,0,0.00014279981111961523
0,0,0.0002130112526720852
0,0,0.0001646339725507739
0,0,0.0001603571521188796
0,0,0.00015327842400150333
0,0,0.00014735257196399524
0,0,0.0001779294546616092
0,0,0.000602005913108523
0,0,0.00015857936108536124
0,0,0.00019057803206266706
0,0,0.000171899119612046
0,0,0.0003034729910189167
0,0,0.00014707886364865168
0,0,0.00021507266850656626
0,0,0.00015493452291882892
0,0,0.00015695159248754374
0,0,0.000191200925158072
0,0,0.00019232145264850428
0,0,0.00014952034309719604
0,0,0.00015233332114772408
0,0,0.0001832592670794211
0,0,0.00013574130753906262
0,0,0.0001918090719716585
0,0,0.00017964313404934714
0,0,0.00015061944389528886
0,0,0.00015777130048655067
0,0,0.0001883154432265917
0,0,0.00016928876571570468
0,0,0.00018601000226755077
0,0,0.00015769631912034075
0,0,0.00014492897982669597
0,0,0.00035455394348545016
0,0,0.00879921436288129
0,0,0.00015135551338052057
0,0,0.00022738315299919282
0,0,0.00015286746896915962
0,0,0.00014958786652913479
0,0,0.00015956489717466107
0,0,0.00014893204901287067
0,0,0.00014952983272076623
0,0,0.0001541367387896548
0,0,0.002446097664181397
0,0,0.00016719649452486834
0,0,0.00016333044257253588
0,0,0.00013727743377678364
0,0,0.00015682980947530063
0,0,0.0003231103728182386
0,0,0.00014227188735628496
0,0,0.00014502456031245274
0,0,0.00015128262215327308
0,0,0.0001641642322468966
0,0,0.0004739082643748702
0,0,0.0001767111438045
0,0,0.00024749349832076963
0,0,0.0005597788435867405
0,0,0.00015090188891402298
0,0,0.00016065288080535748
0,0,0.0001592518610359947
0,0,0.00023111732850302532
0,0,0.00015434030443956212
0,0,0.00015604894121891012
0,0,0.00016900869414594968
0,0,0.00015984969119395588
0,0,0.00015252909794467897
0,0,0.00014626131761714207
0,0,0.000363386587472119
0,0,0.00014299872228273438
0,0,0.0008422675679096523
0,0,0.00015644376461628455
