actual,predicted,probability
0,0,0.00020259227268257894
0,0,0.000309657001955767
0,0,0.00019767464426476787
0,0,0.00020662115056725152
0,0,0.00021108706390752865
0,0,0.0001943295937786654
0,0,0.007561926220137537
0,0,0.00020259227268257894
0,0,0.00021494092915838375
0,0,0.0002028291225876211
0,0,0.0007857917441761079
0,0,0.00021122882040499198
0,0,0.0002226131260322077
0,0,0.0002184743178992683
0,0,0.00019566026735178864
0,0,0.0001943295937786654
0,0,0.00027623412482672056
0,0,0.0010543508743087982
0,0,0.0001943295937786654
0,0,0.0001943295937786654
0,0,0.0003785740842825633
0,0,0.00020157208939008405
0,0,0.0002088337692432179
0,0,0.00021792156522638194
0,0,0.00019566026735178864
0,0,0.0002210350624191749
0,0,0.000305763325241549
0,0,0.009951671949154573
0,0,0.00019966311087597107
0,0,0.00021051837945808925
0,0,0.00020263792549558553
0,0,0.0001943295937786654
0,0,0.00027053534303977575
0,0,0.00019650858279916247
0,0,0.00021255652286855062
0,0,0.004009822469932871
0,0,0.003287643654441935
0,0,0.00019566026735178864
0,0,0.00020833338205561802
0,0,0.00021847907510383924
0,0,0.00019553909198990682
0,0,0.0005586559841233945
0,0,0.0001943295937786654
0,0,0.0001994800139377866
0,0,0.0005935915264232926
0,0,0.00020290276296320732
0,0,0.0002039229462557022
0,0,0.0004127478320942488
0,0,0.00021013393892338732
0,0,0.00028489759911881667
0,0,0.0001943295937786654
0,0,0.00019799605785474208
0,0,0.00019566026735178864
0,0,0.0002112409869683161
0,0,0.0001994800139377866
0,0,0.00023676981940738302
0,0,0.0002104698734853562
0,0,0.0002436033028188735
0,0,0.00020604724381210758
0,0,0.0001943295937786654
0,0,0.00020290276296320732
0,0,0.0005705692141338026
0,0,0.00053225033859696
0,0,0.00019566026735178864
0,0,0.001165411085795505
0,0,0.0002044836018272853
0,0,0.0001943295937786654
0,0,0.00019566026735178864
0,0,0.0004906980662562548
0,0,0.00020461886243445463
0,0,0.0002704702785058476
0,0,0.00020220719458144263
0,0,0.0001943295937786654
0,0,0.00023400995034183659
0,0,0.0002942827980577247
0,0,0.0002189996746602332
0,0,0.0002369998407386301
0,0,0.00020431857233593897
0,0,0.00031227821894530956
0,0,0.00019966311087597107
0,0,0.0003589628436246189
0,0,0.00019566026735178864
0,0,0.0002039229462557022
0,0,0.00019566026735178864
0,0,0.00036581232772342915
0,0,0.0002028291225876211
0,0,0.00020448498778454532
0,0,0.00020952720464678966
0,0,0.0002096245954469473
0,0,0.000516494155872669
0,0,0.0006498833452097132
0,0,0.00019824637128955936
0,0,0.0001994800139377866
0,0,0.00025166356862216813
0,0,0.0003654807524395481
0,0,0.0006148557603002303
0,0,0.0001943295937786654
0,0,0.0005376767406974769
0,0,0.00019650858279916247
0,0,0.00020427868306108638
0,0,0.00023534062391495988
0,0,0.0003300985221085427
0,0,0.00019816779962283267
0,0,0.0001943295937786654
0,0,0.0003131569895984388
0,0,0.00019566026735178864
0,0,0.00020274941799584096
0,0,0.00020560935663420965
0,0,0.00023566916716550682
0,0,0.00019650858279916247
0,0,0.00020500337402411218
0,0,0.0002544131924421715
0,0,0.00020739094180587873
0,0,0.00019566026735178864
0,0,0.0002031347451966944
0,0,0.0001943295937786654
0,0,0.00021349899166856563
0,0,0.0033653682498341842
0,0,0.0001943295937786654
0,0,0.00025947587763307077
0,0,0.0001943295937786654
0,0,0.0001943295937786654
0,0,0.00019731948417545884
0,0,0.00021623613925122076
0,0,0.00027053534303977575
0,0,0.0002039229462557022
0,0,0.00024150288744491168
0,0,0.0003634628729552737
0,0,0.0006682778077784476
0,0,0.0006691185608952751
0,0,0.00019781709282229765
0,0,0.00020259227268257894
0,0,0.0002028291225876211
0,0,0.00020016331405807024
0,0,0.00020735761474056382
0,0,0.00019798432503757317
0,0,0.00033982342458744864
0,0,0.00033501856227181274
0,0,0.00020739094180587873
0,0,0.00020203692994575194
0,0,0.00020176387008073848
0,0,0.10495993524278291
0,0,0.0004830507272140469
0,0,0.00021907172738713172
0,0,0.00020518526671133732
0,0,0.00033838639013175555
0,0,0.00030763750871655275
0,0,0.00020776618210471864
0,0,0.00019783925637228573
0,0,0.00019591058078660591
0,0,0.00023676981940738302
0,0,0.00019940178412205693
0,0,0.000209750352788817
0,0,0.0001943295937786654
0,0,0.00021751412996154324
0,0,0.00019566026735178864
0,0,0.0007626498391884846
0,0,0.0002509987277600538
0,0,0.00023260868950498203
0,0,0.00019566026735178864
0,0,0.0002006645346615613
0,0,0.00019598881060233557
0,0,0.00020670088458387735
0,0,0.0001943295937786654
0,0,0.00036806365918169194
0,0,0.00019783925637228573
0,0,0.0002539521132728024
0,0,0.001026077945815571
0,0,0.0002131702367138231
0,0,0.0004546828636093997
0,0,0.00020570434276889022
0,0,0.0002026349246715636
0,0,0.0003630297439791449
0,0,0.0002768737019601633
0,0,0.00020994711181269944
0,0,0.0001994800139377866
0,0,0.00019650858279916247
0,0,0.00019650858279916247
0,0,0.00019251175949939236
0,0,0.00019566026735178864
0,0,0.00042915106822697676
0,0,0.0003700011399097835
0,0,0.00022167724593704982
0,0,0.00019798432503757317
0,0,0.00019566026735178864
0,0,0.00029217422300412875
0,0,0.00020468684619789538
0,0,0.00020448673756368619
0,0,0.0002031530763980246
0,0,0.00019650858279916247
0,0,0.00038362442402668084
0,0,0.0001943295937786654
0,0,0.00024211540316772834
0,0,0.0006480315123669209
0,0,0.0001943295937786654
0,0,0.0001943295937786654
0,0,0.00019650858279916247
0,0,0.0001943295937786654
0,0,0.0002987148559437132
0,0,0.00019783925637228573
0,0,0.00022280131012938646
0,0,0.00023715758360193855
0,0,0.0005418744024942349
0,0,0.0001943295937786654
0,0,0.00019566026735178864
0,0,0.0001943295937786654
0,0,0.00019650858279916247
0,0,0.00023184141113621396
0,0,0.0005066459176650789
0,0,0.00020842715354096126
0,0,0.00019783925637228573
0,0,0.00020220719458144263
0,0,0.0002039229462557022
0,0,0.0006887081511502235
0,0,0.00019832460110528902
0,0,0.000557301775215471
0,0,0.00019985794092525487
0,0,0.0001943295937786654
0,0,0.0003676891529047597
0,0,0.0002062470039414867
0,0,0.00028662200540711827
0,0,0.0007127393621100316
0,0,0.0001943295937786654
0,0,0.0002120921808373588
0,0,0.0002076003472303552
0,0,0.000198089569807103
0,0,0.00020872161537900202
0,0,0.0007841265230218356
0,0,0.0005306307285507655
0,0,0.00020868266035066742
0,0,0.00019566026735178864
0,0,0.0004111276573649834
0,0,0.0001943295937786654
0,0,0.00020282438500361508
0,0,0.0001943295937786654
0,0,0.0001943295937786654
0,0,0.00020249801233573845
0,0,0.000198832640484947
0,0,0.0002009937844490943
0,0,0.00019816779962283267
0,0,0.0002165908916532587
0,0,0.00019783925637228573
0,0,0.00019650858279916247
0,0,0.0002039229462557022
0,0,0.00022712447125926982
0,0,0.00019783925637228573
0,0,0.0002007758297808869
0,0,0.00019566026735178864
0,0,0.0001943295937786654
0,0,0.00019566026735178864
0,0,0.00019783925637228573
0,0,0.00029474215591280113
0,0,0.00019940178412205693
0,0,0.0001943295937786654
0,0,0.0004422631948625755
0,0,0.00020259227268257894
0,0,0.00020604724381210758
0,0,0.0005043422969589204
0,0,0.0001943295937786654
0,0,0.0001943295937786654
0,0,0.02952747937084933
0,0,0.00019783925637228573
0,0,0.00023776992637027423
0,0,0.00019650858279916247
0,0,0.00020533495696290009
0,0,0.000273151652696129
0,0,0.00019650858279916247
0,0,0.00021375654618230257
0,0,0.00019566026735178864
0,0,0.0002284754486126552
1,1,0.5122796768451183
0,0,0.00019650858279916247
0,0,0.0002270327321746038
0,0,0.00020506478388793143
0,0,0.0007387265542778452
0,0,0.00019566026735178864
0,0,0.00026962616816221584
0,0,0.000198089569807103
0,0,0.00019650858279916247
0,0,0.00019650858279916247
0,0,0.00021412460474426394
0,0,0.00025639356724415247
0,0,0.00020500836108437606
0,0,0.0001943295937786654
0,0,0.00034306477208362346
0,0,0.0001943295937786654
0,0,0.0004254267666593244
0,0,0.0001943295937786654
0,0,0.0007904235870470545
0,0,0.0002120379390843849
0,0,0.0001943295937786654
0,0,0.0002039229462557022
0,0,0.00019591058078660591
0,0,0.00019798432503757317
0,0,0.0002035378681545659
0,0,0.0005528108494758733
0,0,0.00020690822453675004
0,0,0.0001943295937786654
0,0,0.00020170401430911702
0,0,0.002704136788943112
0,0,0.00022923783350245345
0,0,0.00019650858279916247
0,0,0.0001943295937786654
0,0,0.00019591058078660591
0,0,0.000532618707094688
0,0,0.000220839829170462
0,0,0.0001943295937786654
0,0,0.0008855436666747026
0,0,0.0001916692215482623
0,0,0.00020220719458144263
0,0,0.0007949861769675363
0,0,0.00020259227268257894
0,0,0.00019650858279916247
0,0,0.00020081068751090985
0,0,0.0017054025070447124
0,0,0.00023973627487621204
0,0,0.00019782228827651275
0,0,0.00019566026735178864
0,0,0.00019650858279916247
0,0,0.0001943295937786654
0,0,0.012523667877545254
0,0,0.00019566026735178864
0,0,0.00020616234270450577
0,0,0.00020631188404724734
0,0,0.0002165908916532587
0,0,0.00020259227268257894
0,0,0.0001943295937786654
1,1,0.9705396127561812
0,0,0.00020604724381210758
0,0,0.007444189248631591
0,0,0.00020259227268257894
0,0,0.0002039229462557022
0,0,0.00019650858279916247
0,0,0.00038516468375648905
0,0,0.0002052788764871685
0,0,0.0002008261017276346
0,0,0.00039098573649976157
0,0,0.0002039229462557022
0,0,0.0002805285671659372
0,0,0.00019650858279916247
0,0,0.00019954720233368922
0,0,0.000383325199104244
0,0,0.00019650858279916247
0,0,0.035299014560850404
0,0,0.0002039229462557022
0,0,0.00029925594304025635
0,0,0.0002404910440740811
0,0,0.00019783925637228573
0,0,0.00019650858279916247
0,0,0.0002039229462557022
0,0,0.0003310555482459063
0,0,0.000198832640484947
0,0,0.00019832460110528902
0,0,0.0001943295937786654
0,0,0.0001943295937786654
0,0,0.0002668048278224412
0,0,0.0005409788313645279
0,0,0.0002752101295343393
0,0,0.0003013293284449792
0,0,0.0001994800139377866
0,0,0.00020250785717739828
0,0,0.00019591058078660591
0,0,0.00019598881060233557
0,0,0.00020016331405807024
0,0,0.00021723648875155886
0,0,0.0019864305212149804
0,0,0.0001943295937786654
0,0,0.00022287469310553254
0,0,0.00021602451841872715
0,0,0.00019566026735178864
0,0,0.0003297723501004459
0,0,0.0001943295937786654
0,0,0.00019566026735178864
0,0,0.0002120025130229806
0,0,0.00020739094180587873
0,0,0.003420229278745106
0,0,0.00021234503794551233
0,0,0.0002047786733050693
0,0,0.00020739094180587873
0,0,0.00024184090927128208
0,0,0.0002015914217756618
0,0,0.0001943295937786654
0,0,0.00022673498186048737
0,0,0.00020506478388793143
0,0,0.00020982146601919294
0,0,0.0002062470039414867
0,0,0.00023534062391495988
0,0,0.0002159174707717042
0,0,0.0003124491892321578
0,0,0.0002039229462557022
0,0,0.0001943295937786654
0,0,0.0001943295937786654
0,0,0.0002898482721878035
0,0,0.00023807335376072316
0,0,0.00020783880533231574
0,0,0.0009882999192238496
0,0,0.00021445696121388704
0,0,0.00020416707400106848
0,0,0.0002013072519224623
0,0,0.0002436033028188735
0,0,0.00021486201730395698
0,0,0.00020081068751090985
0,0,0.0002696401396459439
0,0,0.000318845775703965
0,0,0.0002120379390843849
0,0,0.000198089569807103
0,0,0.00019598881060233557
0,0,0.0004370100372179757
0,0,0.00019832460110528902
0,0,0.00019650858279916247
0,0,0.00020081068751090985
0,0,0.0005726663539659552
0,0,0.00020259227268257894
0,0,0.0001994800139377866
0,0,0.00023136283848386156
0,0,0.0001943295937786654
0,0,0.0004443906224417598
0,0,0.00020081068751090985
0,0,0.000526415178974458
0,0,0.00037909187371000606
0,0,0.00019783925637228573
0,0,0.00019650858279916247
0,0,0.00019799605785474208
0,0,0.0001994800139377866
0,0,0.00020604724381210758
0,0,0.0001943295937786654
0,0,0.0013725761234221442
0,0,0.0002145133867847129
0,0,0.00022051661655825898
0,0,0.00022467015971789101
0,0,0.0003157407974075804
0,0,0.0001943295937786654
0,0,0.0002804792502326569
0,0,0.0005167842605086837
0,0,0.0014749608402305772
0,0,0.00020251404286684928
0,0,0.00020269441425236018
0,0,0.00019650858279916247
0,0,0.00020250785717739828
0,0,0.00021131871091520062
0,0,0.0001948502387940564
0,0,0.002365089939457612
0,0,0.0002039229462557022
0,0,0.00025409538516674585
0,0,0.00022597994580571005
0,0,0.00019591058078660591
0,0,0.00021309540327491949
0,0,0.00040050683059412263
0,0,0.0001943295937786654
0,0,0.00024144399101144292
0,0,0.0001966536514644499
0,0,0.0006671005688364232
0,0,0.00027877312538254084
0,0,0.00019650858279916247
0,0,0.0002039229462557022
0,0,0.0003252307190510728
0,0,0.00024451845711580505
0,0,0.0002231771903333372
0,0,0.00020762779171092089
0,0,0.0002006746876804893
0,0,0.0007086352857667047
0,0,0.0002039229462557022
0,0,0.00021122584929542733
0,0,0.0002474501868330578
0,0,0.0001956203688652556
0,0,0.00019650858279916247
0,0,0.00019650858279916247
0,0,0.00020654408310142097
0,0,0.00019566026735178864
0,0,0.00022647979954211413
0,0,0.00020282438500361508
0,0,0.0003014556331293774
0,0,0.00019650858279916247
0,0,0.00021962518654173693
0,0,0.00021450926595452377
0,0,0.0002524917129791577
0,0,0.0001943295937786654
0,0,0.0001994800139377866
0,0,0.004501857266032736
0,0,0.00021211314451407334
0,0,0.00019652531719954137
0,0,0.000198089569807103
0,0,0.00020483810055263378
0,0,0.00023520058970666756
0,0,0.00020459557636688484
0,0,0.00020282438500361508
0,0,0.0002028291225876211
0,0,0.00021616248203875813
0,0,0.00020183426369890938
0,0,0.00019591058078660591
0,0,0.0002081206198291684
0,0,0.0003073098346464805
0,0,0.0001943295937786654
0,0,0.0001943295937786654
0,0,0.00019666538428161882
0,0,0.0001994800139377866
0,0,0.00020180407162357112
0,0,0.0001943295937786654
0,0,0.0002499387822363927
0,0,0.00019783925637228573
0,0,0.00019650858279916247
0,0,0.00020975488876651585
0,0,0.00019731948417545884
0,0,0.0001943295937786654
0,0,0.0002257157614567936
0,0,0.000219166630674807
0,0,0.00019591058078660591
0,0,0.00020015104355179634
0,0,0.00020492806318553235
0,0,0.0008073060649445602
0,0,0.0006723481745661439
0,0,0.0002449825191179096
0,0,0.00038072649235469316
0,0,0.0002189266821562121
0,0,0.0002493395109363836
0,0,0.0002039229462557022
0,0,0.00020386641140511283
0,0,0.0003204763256910707
0,0,0.0002039229462557022
0,0,0.0002079627371197523
0,0,0.0004196238140019269
0,0,0.00020157208939008405
0,0,0.0002369998407386301
0,0,0.0001943295937786654
0,0,0.0009222127852669931
0,0,0.0008845344522805021
0,0,0.0006245624651943104
0,0,0.0001943295937786654
0,0,0.00023330931545044472
0,0,0.0002062470039414867
0,0,0.00020259227268257894
0,0,0.0003063872279722223
0,0,0.0001943295937786654
0,0,0.00019783925637228573
0,0,0.00021459494873255774
0,0,0.00021792156522638194
0,0,0.0002039229462557022
0,0,0.00019650858279916247
0,0,0.0002952426610741284
0,0,0.00019598881060233557
0,0,0.00046209877209209087
0,0,0.0002225092000347787
0,0,0.0008076754642640544
0,0,0.00033614137441910854
0,0,0.00023866232673234233
0,0,0.00020664577089587194
0,0,0.00020081068751090985
0,0,0.00025324615899850283
0,0,0.0001943295937786654
0,0,0.00021792156522638194
0,0,0.0002207038020621885
0,0,0.0013676795628691449
0,0,0.00021182978051677921
0,0,0.0002276232220943205
0,0,0.00022498381147229398
0,0,0.0006554958067782398
0,0,0.00019949847319595594
0,0,0.00021478367785770938
0,0,0.00019898944196740335
0,0,0.00023319992178410436
0,0,0.00030607327806283157
0,0,0.00019566026735178864
0,0,0.00022956473101954118
0,0,0.0005830506753768203
0,0,0.00019798432503757317
0,0,0.00019717412237641853
0,0,0.000394402345230075
0,0,0.00020461886243445463
0,0,0.0001943295937786654
0,0,0.00021507665222998744
0,0,0.00021732995947039226
0,0,0.0013107618743026111
0,0,0.0001943295937786654
0,0,0.0001943295937786654
0,0,0.00019650858279916247
0,0,0.0002039229462557022
0,0,0.00020282438500361508
0,0,0.00020680548759147477
0,0,0.00019566026735178864
0,0,0.00021707288360420175
0,0,0.00020259227268257894
0,0,0.00019949847319595594
0,0,0.00019591058078660591
0,0,0.0002111654418671209
0,0,0.0002205324164270497
0,0,0.00019650858279916247
0,0,0.00020475714411310078
0,0,0.0002254693330749386
0,0,0.00022024562291216644
0,0,0.00020259227268257894
0,0,0.0001943295937786654
0,0,0.00032087491998403423
0,0,0.00023534062391495988
0,0,0.0002028291225876211
0,0,0.00025215765265284125
0,0,0.0001943295937786654
0,0,0.00020259227268257894
0,0,0.00034221884008694606
0,0,0.00019783925637228573
0,0,0.0005644639594075605
0,0,0.0002007758297808869
0,0,0.00020624781344930982
0,0,0.00046509048235263335
0,0,0.00022319031118406803
0,0,0.00019566026735178864
0,0,0.0001943295937786654
0,0,0.0002525438723022805
0,0,0.0001943295937786654
0,0,0.00021300696019261863
0,0,0.00019566026735178864
0,0,0.00019584362290671765
0,0,0.0001943295937786654
0,0,0.0002436033028188735
0,0,0.0002957462804466359
0,0,0.0001943295937786654
0,0,0.0001943295937786654
0,0,0.0002979742008878416
0,0,0.0001943295937786654
0,0,0.00030630683514342946
0,0,0.00020599675813677342
0,0,0.00021378414918217978
0,0,0.00020259227268257894
0,0,0.0005497402824556814
0,0,0.0001943295937786654
0,0,0.00019566026735178864
0,0,0.00020149371143049182
0,0,0.0004189116332002534
0,0,0.00036289950792790495
0,0,0.000538600005505299
0,0,0.00019566026735178864
0,0,0.00020885453255992784
0,0,0.00019666538428161882
0,0,0.00020508175198370442
0,0,0.00020330425871390893
0,0,0.00036451475099102856
0,0,0.00020220719458144263
0,0,0.0003005696485176066
0,0,0.00019783925637228573
0,0,0.00038688143119035723
0,0,0.00019650858279916247
0,0,0.0019162141053895058
0,0,0.00020263792549558553
0,0,0.0002007758297808869
0,0,0.0005225053913498472
0,0,0.0004493885611692509
0,0,0.0002752248404916446
0,0,0.0002388417092715791
0,0,0.00027877312538254084
0,0,0.00019949847319595594
0,0,0.00020259227268257894
0,0,0.00020491633036836345
0,0,0.00020918548357894788
0,0,0.00020282438500361508
0,0,0.00021284299227279562
0,0,0.00019566026735178864
0,0,0.0002208207529477659
0,0,0.0005469541942965385
0,0,0.0002062470039414867
0,0,0.00022672174640304849
0,0,0.00019566026735178864
0,0,0.0022719700269597113
0,0,0.0016183660035831195
0,0,0.00020290276296320732
0,0,0.00019650858279916247
0,0,0.00019566026735178864
0,0,0.0001943295937786654
0,0,0.00035259662927194965
0,0,0.00020468684619789538
0,0,0.0002175161071887732
0,0,0.0006748618115440027
0,0,0.00019650858279916247
0,0,0.00023964352202458322
0,0,0.00020251404286684928
0,0,0.00019591058078660591
0,0,0.00019816779962283267
0,0,0.00019650858279916247
0,0,0.00019650858279916247
0,0,0.00019566026735178864
0,0,0.0002293845821041364
0,0,0.00026846404464611135
0,0,0.00022076048866654868
0,0,0.00019650858279916247
0,0,0.00019566026735178864
0,0,0.00019650858279916247
0,0,0.0002427246557572894
0,0,0.00021505838475230536
0,0,0.00020149371143049182
0,0,0.00019591058078660591
0,0,0.000215268542608656
0,0,0.005423870709126533
0,0,0.0002039229462557022
0,0,0.0002393477879374901
0,0,0.00020259227268257894
0,0,0.00019566026735178864
0,0,0.0001943295937786654
0,0,0.00027159425166165896
0,0,0.00022051722609986793
0,0,0.00019731948417545884
0,0,0.0002063954574610547
0,0,0.0002134786329084663
0,0,0.0002062470039414867
0,0,0.00030381214561057306
0,0,0.00021707288360420175
0,0,0.00021908658109690704
0,0,0.0003814952903708667
0,0,0.0001943295937786654
0,0,0.00020639026200683957
0,0,0.00020081068751090985
0,0,0.00019566026735178864
0,0,0.0002031347451966944
0,0,0.0008412296444970099
0,0,0.00023141596021632302
0,0,0.0001943295937786654
0,0,0.0004278648230065048
0,0,0.0009646972469426871
0,0,0.0001943295937786654
0,0,0.00022125224677291695
0,0,0.00019731948417545884
0,0,0.00020250785717739828
0,0,0.0001994800139377866
0,0,0.00030357763002772647
0,0,0.0001943295937786654
0,0,0.0002067409688073746
0,0,0.00038625984777872674
0,0,0.0001943295937786654
0,0,0.00022301065043616112
0,0,0.0001994800139377866
0,0,0.00021749603760188612
0,0,0.0001943295937786654
0,0,0.00030622860532769977
0,0,0.0002062470039414867
0,0,0.00020157208939008405
0,0,0.00019783925637228573
0,0,0.0002039229462557022
0,0,0.00020138301104378648
0,0,0.00021488382947116512
0,0,0.00020167377830400255
0,0,0.0001943295937786654
0,0,0.00025650362858821007
0,0,0.00029922368700722936
0,0,0.08307861633191557
0,0,0.00020739094180587873
0,0,0.00019566026735178864
0,0,0.00022966250376123617
0,0,0.00021556920520461164
0,0,0.00022063184001359958
0,0,0.0001943295937786654
0,0,0.0009829252730540784
0,0,0.0002178734342674754
0,0,0.00020818869816645417
0,0,0.0005355213712478918
0,0,0.0001943295937786654
0,0,0.0001943295937786654
0,0,0.00019781709282229765
0,0,0.00020290276296320732
0,0,0.0001943295937786654
0,0,0.006109941302616699
0,0,0.0004950497524427081
0,0,0.0002297886774409035
0,0,0.0001943295937786654
0,0,0.00020259227268257894
0,0,0.0004343483646650101
0,0,0.00020282438500361508
0,0,0.0002165284702346782
0,0,0.000214662308889263
0,0,0.0003208446786897619
0,0,0.00019783925637228573
0,0,0.00020739094180587873
0,0,0.0001943295937786654
0,0,0.0001943295937786654
0,0,0.0002083282127493451
0,0,0.00029721201516849215
0,0,0.0011147872073096635
0,0,0.00019591058078660591
0,0,0.00029969903257826187
0,0,0.00020631707950146246
0,0,0.00019731948417545884
0,0,0.0002346091240974057
0,0,0.007238612121783647
0,0,0.0002105541599848397
0,0,0.00019566026735178864
0,0,0.002118341459012961
0,0,0.0005430911080116207
0,0,0.00039098573649976157
0,0,0.00021376152781370548
0,0,0.000815128661816283
0,0,0.00020087787590681246
0,0,0.0002556485742837608
0,0,0.00020263792549558553
0,0,0.0001943295937786654
0,0,0.000897062317671366
0,0,0.0005264018282952024
0,0,0.00021576248905141824
0,0,0.0008287173230911317
0,0,0.00020290276296320732
0,0,0.00019650858279916247
0,0,0.00020157208939008405
0,0,0.00020259227268257894
0,0,0.000334757849115715
0,0,0.0003260319034189309
0,0,0.00019783925637228573
0,0,0.0003477161729228911
0,0,0.00019650858279916247
0,0,0.0004022386627622526
0,0,0.00020282438500361508
0,0,0.00042218888709312903
0,0,0.00019591058078660591
0,0,0.0002079517455213244
0,0,0.0001943295937786654
0,0,0.0003100633662762234
0,0,0.00019566026735178864
0,0,0.00022061702992950936
0,0,0.00020263792549558553
0,0,0.0007734408140611306
0,0,0.0003075254737656813
0,0,0.0002160906120514457
0,0,0.00022064275056029272
0,0,0.00021139758525532366
0,0,0.00022110511604778732
0,0,0.00019783925637228573
0,0,0.00020259227268257894
0,0,0.0002131238805064284
0,0,0.000198832640484947
0,0,0.0001943295937786654
0,0,0.00020903159219232609
0,0,0.00019783925637228573
0,0,0.00021520503251267397
0,0,0.0001943295937786654
0,0,0.000199152961849636
0,0,0.00019767464426476787
0,0,0.00021044467751495295
0,0,0.0001943295937786654
0,0,0.0002039229462557022
0,0,0.0003131742666085713
0,0,0.0001943295937786654
0,0,0.00019666538428161882
0,0,0.0001943295937786654
0,0,0.001407541480145844
0,0,0.0005486865063698286
0,0,0.0001942630184297685
0,0,0.0002028291225876211
0,0,0.00020903850868480043
0,0,0.00021165808691819938
0,0,0.00020625873675865562
0,0,0.00019824637128955936
0,0,0.00021337311560485156
0,0,0.000199152961849636
0,0,0.00020998233502230406
0,0,0.000199152961849636
0,0,0.00037304707905174556
0,0,0.00020604724381210758
0,0,0.00021316550387464413
0,0,0.0001994800139377866
0,0,0.00019650858279916247
0,0,0.0001943295937786654
0,0,0.00019650858279916247
0,0,0.0001943295937786654
0,0,0.00024978250343150453
0,0,0.00020898292041224718
0,0,0.00031337585280492137
0,0,0.00020259227268257894
0,0,0.00022745978179129818
0,0,0.0002528724155528274
0,0,0.00020157208939008405
0,0,0.0001943295937786654
0,0,0.0002039229462557022
0,0,0.0001943295937786654
0,0,0.00020758272884621558
0,0,0.00020203692994575194
0,0,0.0002062470039414867
0,0,0.0002323169229005482
0,0,0.00019591058078660591
0,0,0.00020217769097104947
0,0,0.0002007758297808869
0,0,0.00023566916716550682
0,0,0.0001943295937786654
0,0,0.00022026519192689414
0,0,0.0002031530763980246
0,0,0.0002052604035106479
0,0,0.00020250785717739828
0,0,0.00019781709282229765
0,0,0.00019591058078660591
0,0,0.0009078107010384227
0,0,0.00020180407162357112
0,0,0.0001943295937786654
0,0,0.000198089569807103
0,0,0.00024206228801747104
0,0,0.0002390149241885954
0,0,0.0001943295937786654
0,0,0.0006049500406984359
0,0,0.0002013072519224623
0,0,0.00022526601742508225
0,0,0.00019566026735178864
0,0,0.00019799605785474208
0,0,0.00020045893647508846
0,0,0.0004514029636411824
0,0,0.0001943295937786654
0,0,0.00037896321265824514
0,0,0.00038863064978359065
0,0,0.00032789600063515647
0,0,0.0002293074636737768
0,0,0.0002028291225876211
0,0,0.0001943295937786654
0,0,0.00021540996248871287
0,0,0.00020382250670028233
0,0,0.00019650858279916247
0,0,0.0005689386679017123
0,0,0.00019650858279916247
0,0,0.0001943295937786654
0,0,0.000563875076206298
0,0,0.0003739017195518194
0,0,0.0002465770675409216
0,0,0.00020596121647208703
0,0,0.0002028265555862854
0,0,0.0005758914899198664
0,0,0.0001943295937786654
0,0,0.00021051837945808925
0,0,0.00020032960572121392
0,0,0.00020290276296320732
0,0,0.00020259227268257894
0,0,0.000198832640484947
0,0,0.00023851299704811822
0,0,0.00020592254564818935
0,0,0.0007011144863753822
0,0,0.00022745371627405812
0,0,0.0002062470039414867
0,0,0.00019650858279916247
0,0,0.00019566026735178864
0,0,0.00029195454330872367
0,0,0.00019566026735178864
0,0,0.0002030998874666714
0,0,0.00025760218984029713
0,0,0.0002062470039414867
0,0,0.00020375107841058115
0,0,0.0002063954574610547
0,0,0.0444578758509419
0,0,0.0002369998407386301
0,0,0.0002923886470975215
0,0,0.00019566026735178864
0,0,0.00020560935663420965
0,0,0.0002165908916532587
0,0,0.0004888102478697924
0,0,0.0002855707609238854
0,0,0.00020220719458144263
0,0,0.0003029774784401266
0,0,0.00021308639836591125
0,0,0.0001943295937786654
0,0,0.00021773521678964438
0,0,0.0001943295937786654
0,0,0.0002097149994916633
0,0,0.0001943295937786654
0,0,0.0001943295937786654
0,0,0.0012456369801580314
0,0,0.00019566026735178864
0,0,0.000198832640484947
0,0,0.00019650858279916247
0,0,0.0002887047087596241
0,0,0.0002492239325470015
0,0,0.00024150288744491168
0,0,0.00019783925637228573
0,0,0.0002970467504273748
0,0,0.0008545015871599071
0,0,0.0001943295937786654
0,0,0.0001943295937786654
0,0,0.00019566026735178864
0,0,0.0001943295937786654
0,0,0.00020739094180587873
0,0,0.0001943295937786654
0,0,0.00019591058078660591
0,0,0.000585075325921712
0,0,0.00029722803564139204
0,0,0.00020517931418501182
0,0,0.000198089569807103
0,0,0.00021050720176984223
0,0,0.0002007991158484567
0,0,0.00021252979030254683
0,0,0.00019566026735178864
0,0,0.00021465813636496823
0,0,0.0001943295937786654
0,0,0.00021390035315052263
0,0,0.00045354769001233834
0,0,0.00022442365400069818
0,0,0.00019598881060233557
0,0,0.00021543038427004977
0,0,0.0001943295937786654
0,0,0.00019650858279916247
0,0,0.0004079686797209437
0,0,0.00024184806108027747
0,0,0.00023330145087628766
0,0,0.00020251404286684928
0,0,0.0001980038940523009
0,0,0.00020655368558703682
0,0,0.0002220898864296815
0,0,0.000556028505729302
0,0,0.0002066040231868377
0,0,0.00026940048729544297
0,0,0.0002856863724251295
0,0,0.0003488226945135036
0,0,0.0045545994600548955
0,0,0.00021122584929542733
0,0,0.00019731948417545884
0,0,0.00019650858279916247
0,0,0.0002111976639712288
0,0,0.0002039229462557022
0,0,0.00023183364664901128
0,0,0.0002062470039414867
0,0,0.00020259227268257894
0,0,0.0001994800139377866
0,0,0.0002119224634450806
0,0,0.0006352481435740124
0,0,0.00020282438500361508
0,0,0.00020865715211796634
0,0,0.00047525228258113726
0,0,0.00020456197978687752
0,0,0.0003710661745765188
0,0,0.00020250785717739828
0,0,0.00046574616324685604
0,0,0.000528274041059883
0,0,0.0002076582773365195
0,0,0.00020780988123760276
0,0,0.000449162064163891
0,0,0.00021269736847858632
0,0,0.00023534062391495988
0,0,0.0002956554677678943
0,0,0.00021077053608131187
0,0,0.00020762779171092089
0,0,0.00019650858279916247
0,0,0.00022329859084369496
0,0,0.00022453008693552531
0,0,0.00019650858279916247
0,0,0.0002186311291625553
0,0,0.00020900930053949337
0,0,0.00019731948417545884
0,0,0.000330743021825478
0,0,0.0002935079232269748
0,0,0.000232628542711518
0,0,0.0002425054209870603
0,0,0.0002111654418671209
0,0,0.00020664577089587194
0,0,0.00022855367842838486
0,0,0.000235939797670529
0,0,0.00019591058078660591
0,0,0.0002595836580885275
0,0,0.00019650858279916247
0,0,0.00036013233881506025
0,0,0.00019650858279916247
0,0,0.0002119224634450806
0,0,0.0001991477663954209
0,0,0.0002079734603473072
0,0,0.00020291822024206638
0,0,0.0011446553309883431
0,0,0.0002238333872646773
0,0,0.00021084196428883243
0,0,0.00020259227268257894
0,0,0.0002061239720923366
0,0,0.006831321032336484
0,0,0.00021830861397389333
0,0,0.00020220719458144263
0,0,0.00019731948417545884
0,0,0.00030423273096782597
0,0,0.0002243837444414588
0,0,0.00021627602852607332
0,0,0.00019650858279916247
0,0,0.00026246848196465267
0,0,0.0007153120753904301
0,0,0.0003903124381396105
0,0,0.00019566026735178864
0,0,0.0001948502387940564
0,0,0.0002031530763980246
0,0,0.00019947630964596783
0,0,0.0002307676721241718
0,0,0.0005355213712478918
0,0,0.00020081068751090985
0,0,0.0001943295937786654
0,0,0.0002039229462557022
0,0,0.0001943295937786654
0,0,0.0002251897741241011
0,0,0.00020382950193344526
0,0,0.00019650858279916247
0,0,0.00040137633289998693
0,0,0.0001943295937786654
0,0,0.00019731948417545884
0,0,0.00019650858279916247
0,0,0.00027771695838401105
0,0,0.00019731948417545884
0,0,0.00019650858279916247
0,0,0.00019783925637228573
0,0,0.0002026517622633755
0,0,0.00019783925637228573
0,0,0.00021602451841872715
0,0,0.00019731948417545884
0,0,0.0001943295937786654
0,0,0.00019650858279916247
0,0,0.0002542906414397785
0,0,0.00043513467350731925
0,0,0.00020672197410489314
0,0,0.00020629755724692483
0,0,0.00019783925637228573
0,0,0.00019824637128955936
0,0,0.0003625106533329028
0,0,0.00024486540095681894
0,0,0.00020265565122045
0,0,0.0001943295937786654
0,0,0.0012206963218943068
0,0,0.0002501567076276237
0,0,0.0001943295937786654
0,0,0.00020700864333826743
0,0,0.00019566026735178864
0,0,0.00020290276296320732
0,0,0.00019598881060233557
0,0,0.0004522018766863221
0,0,0.00019566026735178864
0,0,0.00028648591522081694
0,0,0.00019650858279916247
0,0,0.00019650858279916247
0,0,0.00020251404286684928
0,0,0.0001991979922657257
0,0,0.00021478367785770938
0,0,0.00020805318312232853
0,0,0.00035407705616488227
0,0,0.00029237228355584655
0,0,0.00019566026735178864
0,0,0.0004848170032643374
0,0,0.00019650858279916247
0,0,0.00021451049235322335
0,0,0.0002064688926484797
0,0,0.0001943295937786654
0,0,0.00020016331405807024
0,0,0.00020259227268257894
0,0,0.00019566026735178864
0,0,0.0003428302736191891
0,0,0.0003656186365749753
0,0,0.00020604724381210758
0,0,0.0006364002395656432
0,0,0.0004010003241159402
0,0,0.00043745018229479773
0,0,0.00019598881060233557
0,0,0.00022547936642057666
0,0,0.00021051837945808925
0,0,0.00020157208939008405
0,0,0.00020634218272576284
0,0,0.0001994800139377866
0,0,0.00023534062391495988
0,0,0.00019650858279916247
0,0,0.00032013726422069086
0,0,0.00020259227268257894
0,0,0.00020770646063577775
0,0,0.00019650858279916247
0,0,0.00019799605785474208
0,0,0.00020220719458144263
0,0,0.00034655227112725576
0,0,0.00041494497917821197
0,0,0.00020819488385590514
0,0,0.00019824637128955936
0,0,0.00020250785717739828
0,0,0.007025594251171405
0,0,0.00019824637128955936
0,0,0.00019816779962283267
0,0,0.00023534062391495988
0,0,0.0002138781128522621
0,0,0.0003419842874202144
0,0,0.00019783925637228573
0,0,0.0002016713383217403
0,0,0.00021310144082050785
0,0,0.00020259227268257894
0,0,0.00019566026735178864
0,0,0.0002660019023113237
0,0,0.0002007758297808869
0,0,0.00019566026735178864
0,0,0.00020261576194559745
0,0,0.0005193211797984542
0,0,0.0001943295937786654
0,0,0.00020838303431506102
0,0,0.00030430655013805253
0,0,0.00020604724381210758
0,0,0.0001994800139377866
0,0,0.00019566026735178864
0,0,0.0004183029287033588
0,0,0.00020739094180587873
0,0,0.00022774996452947774
0,0,0.00020491713987618655
0,0,0.0001994800139377866
0,0,0.00033412852972644
0,0,0.00020173757462501034
0,0,0.0001943295937786654
1,0,0.003219204554333339
0,0,0.00020259227268257894
0,0,0.0006808294577872078
0,0,0.00030343341503311745
0,0,0.00020251404286684928
0,0,0.00031932480154441863
0,0,0.00020118430685838823
0,0,0.0002062470039414867
0,0,0.00021217055879695104
0,0,0.0002074308310807313
0,0,0.00021444483635494732
0,0,0.0002079180507516488
0,0,0.00020624781344930982
0,0,0.00020770646063577775
0,0,0.00024131620511791066
0,0,0.00019798432503757317
0,0,0.0001943295937786654
0,0,0.0002242122907310748
0,0,0.00020491633036836345
0,0,0.0001994800139377866
0,0,0.0002162058135521224
0,0,0.00019783925637228573
0,0,0.0002039229462557022
0,0,0.001002002978929769
0,0,0.00021077053608131187
0,0,0.00020250785717739828
0,0,0.0001943295937786654
0,0,0.00021011893645321046
0,0,0.00025128547711361507
0,0,0.00020230406420413712
0,0,0.0001943295937786654
0,0,0.00019799605785474208
0,0,0.00019566026735178864
0,0,0.00019650858279916247
0,0,0.0001994800139377866
0,0,0.0002190430426698981
0,0,0.0005697239495756766
0,0,0.00019783925637228573
0,0,0.0002594310347988051
0,0,0.0001943295937786654
0,0,0.00019566026735178864
0,0,0.00019650858279916247
0,0,0.00021308639836591125
0,0,0.00021321136146393402
0,0,0.00020259227268257894
0,0,0.00019566026735178864
0,0,0.00047096451264904673
0,0,0.00029487223002286095
0,0,0.00028652734128502863
0,0,0.00021015244936780432
0,0,0.00019731948417545884
0,0,0.00020801832539230557
0,0,0.0001943295937786654
0,0,0.00025851513261074
0,0,0.00027666753718707144
0,0,0.00020735761474056382
0,0,0.00019598881060233557
0,0,0.00028848159422128534
0,0,0.0002488208474570135
0,0,0.00019783925637228573
0,0,0.00019940178412205693
0,0,0.00028803903503587326
0,0,0.00019783925637228573
0,0,0.00027282548072972255
0,0,0.000673782113638689
0,0,0.0001943295937786654
0,0,0.00019566026735178864
0,0,0.00020988544965627488
0,0,0.000298298061236661
0,0,0.00021630518606610935
0,0,0.00022159053394399202
0,0,0.00019650858279916247
0,0,0.00043999434742481193
0,0,0.00020631707950146246
0,0,0.0001943295937786654
0,0,0.0002369998407386301
0,0,0.0002812852975727518
0,0,0.00020660927385959008
0,0,0.00019566026735178864
0,0,0.00019591058078660591
0,0,0.0001957141973999825
0,0,0.0002136189260923254
0,0,0.0005584633096955599
0,0,0.0002470917879858959
0,0,0.00019650858279916247
0,0,0.0002178582016369806
0,0,0.00020484364768035172
0,0,0.00020220719458144263
0,0,0.00019598881060233557
0,0,0.00021284799025785353
0,0,0.00025750892025867524
0,0,0.000199152961849636
0,0,0.00021432024144212665
0,0,0.00032979085139855306
0,0,0.00020739094180587873
0,0,0.0002113311916528949
0,0,0.00035863316261393845
0,0,0.00020625873675865562
0,0,0.0001943295937786654
0,0,0.00019566026735178864
0,0,0.0003014581740835769
0,0,0.00020634606302156555
0,0,0.0001943295937786654
0,0,0.00022246844052492684
0,0,0.00019650858279916247
0,0,0.0002164747849522151
0,0,0.00020081068751090985
0,0,0.00022004431417476563
0,0,0.00022002464033517036
0,0,0.0001943295937786654
0,0,0.00021896657774718794
0,0,0.00025164316080072345
0,0,0.00021880410865779575
0,0,0.00019566026735178864
0,0,0.0005342990105756811
0,0,0.0004956000140815813
0,0,0.00020491633036836345
0,0,0.00019598881060233557
0,0,0.00021360744588216245
0,0,0.00021687830082362571
0,0,0.00046634824242567394
0,0,0.0005651103299383698
0,0,0.0002039229462557022
0,0,0.0007419088137574383
0,0,0.0002039229462557022
0,0,0.00019925563127270838
0,0,0.0002168230039742948
0,0,0.008519158583236972
0,0,0.0005943685108910291
0,0,0.0005497933521712677
0,0,0.00019650858279916247
0,0,0.00019799605785474208
0,0,0.0005738360640854137
0,0,0.0001943295937786654
0,0,0.0002062470039414867
0,0,0.0001943295937786654
0,0,0.0002165908916532587
0,0,0.00023400995034183659
0,0,0.00019650858279916247
0,0,0.00020149371143049182
0,0,0.00019666538428161882
0,0,0.0001943295937786654
0,0,0.0002039229462557022
0,0,0.0001994800139377866
0,0,0.0002334374650418184
0,0,0.00043977988746522544
0,0,0.00024370377330254608
0,0,0.0002153253583719568
0,0,0.0001943295937786654
0,0,0.00024218821374056955
0,0,0.00020250785717739828
0,0,0.0002019206715631948
0,0,0.00026699767591503536
0,0,0.00021780629625630404
0,0,0.00023426551054446873
0,0,0.00019598881060233557
0,0,0.0002414903425869823
0,0,0.00020290276296320732
0,0,0.0002135400528583435
0,0,0.00019591058078660591
0,0,0.0003458832586736128
0,0,0.0002039229462557022
0,0,0.0001994800139377866
0,0,0.00027344116521320333
0,0,0.00021140956961248716
0,0,0.00023490227696003433
0,0,0.0005186048676071188
0,0,0.00019650858279916247
0,0,0.0002217959292414368
0,0,0.00019783925637228573
0,0,0.00019650858279916247
0,0,0.0002399457241859102
0,0,0.000392527946681659
0,0,0.0002125064143196275
0,0,0.00019650858279916247
0,0,0.0002120285326602136
0,0,0.00041974104948866545
0,0,0.00019566026735178864
0,0,0.00019940178412205693
0,0,0.0002369998407386301
0,0,0.000221771406800188
0,0,0.00020560935663420965
0,0,0.00019650858279916247
0,0,0.00023534062391495988
0,0,0.00020625873675865562
0,0,0.0002666080213756078
0,0,0.0022074332588242086
0,0,0.0001943295937786654
0,0,0.0003297616556046691
0,0,0.0002039229462557022
0,0,0.0005064298002049797
0,0,0.0002150574997310618
0,0,0.00019566026735178864
0,0,0.0001943295937786654
0,0,0.00019566026735178864
0,0,0.00019731948417545884
0,0,0.0002073554940302134
0,0,0.0002043650940809239
0,0,0.00020470044348933964
0,0,0.0009032327401158244
0,0,0.00020330425871390893
0,0,0.00019966311087597107
0,0,0.0004878950198957496
0,0,0.00019566026735178864
0,0,0.00020988544965627488
0,0,0.00042219950347262763
0,0,0.00021731723970673753
0,0,0.000476853238831339
0,0,0.00020479475096609454
0,0,0.00021494535495295003
0,0,0.00046872409794735835
0,0,0.00020049722336473003
0,0,0.00019566026735178864
0,0,0.00020740681109835147
0,0,0.00019731948417545884
0,0,0.0004564224380274559
0,0,0.00019650858279916247
0,0,0.00019566026735178864
0,0,0.00020290276296320732
0,0,0.00019566026735178864
0,0,0.00021524229660407188
0,0,0.00022167724593704982
0,0,0.0001943295937786654
0,0,0.00019650858279916247
0,0,0.00020470044348933964
0,0,0.00020259227268257894
0,0,0.00030622860532769977
0,0,0.00022581496363657938
0,0,0.0002150574997310618
0,0,0.00019781709282229765
0,0,0.00022905721278424765
0,0,0.00048757100513647557
0,0,0.0002050595884337163
0,0,0.0002155728641332037
0,0,0.00019783925637228573
0,0,0.00020157208939008405
0,0,0.00019783925637228573
0,0,0.0001980038940523009
0,0,0.0002907702090856675
0,0,0.00020151355664592126
0,0,0.0002407809081737368
0,0,0.00020157208939008405
0,0,0.0002457679411677503
0,0,0.00019783925637228573
0,0,0.0003820286707486116
0,0,0.00020739094180587873
0,0,0.00022526601742508225
0,0,0.0001943295937786654
0,0,0.0002039229462557022
0,0,0.0012686067580373903
0,0,0.0001994800139377866
0,0,0.0001943295937786654
0,0,0.0001994800139377866
0,0,0.00019566026735178864
0,0,0.00021146461249651056
0,0,0.0002165908916532587
0,0,0.00019566026735178864
0,0,0.0001943295937786654
0,0,0.00020282438500361508
0,0,0.0001943295937786654
0,0,0.00019566026735178864
0,0,0.00020983476829399762
0,0,0.00019783925637228573
0,0,0.0005642869102419694
0,0,0.00020259227268257894
0,0,0.00019731948417545884
0,0,0.0003084858241639265
0,0,0.0001943295937786654
0,0,0.00021268360081312887
0,0,0.0002039229462557022
0,0,0.00019650858279916247
0,0,0.0002572725308946756
0,0,0.00020290276296320732
0,0,0.00019783925637228573
0,0,0.00019591058078660591
0,0,0.00020906179475237027
0,0,0.0005637564478827554
0,0,0.00020259227268257894
0,0,0.0001970292278145535
0,0,0.00021739329023401518
0,0,0.000317775265847146
0,0,0.00021333850267984836
0,0,0.00022625677332493554
0,0,0.00025634740805790965
0,0,0.0005946351975166237
0,0,0.000200182883072798
0,0,0.00019783925637228573
0,0,0.00019999608184279472
0,0,0.09995572330293424
0,0,0.0001943295937786654
0,0,0.00025183136832240664
0,0,0.00020157208939008405
0,0,0.00020157208939008405
0,0,0.00022461330296152812
0,0,0.0001943295937786654
0,0,0.0002196680965723557
0,0,0.0001943295937786654
0,0,0.00020259227268257894
0,0,0.000306421118842466
0,0,0.00019650858279916247
0,0,0.00021115468861685263
0,0,0.0003091419874465557
0,0,0.00023930535938797987
0,0,0.00019650858279916247
0,0,0.00043977988746522544
0,0,0.0001943295937786654
0,0,0.00020149371143049182
0,0,0.0001943295937786654
0,0,0.00020290276296320732
0,0,0.00019650858279916247
0,0,0.00019985363328526497
0,0,0.00019566026735178864
0,0,0.00045643091578013946
0,0,0.00019566026735178864
0,0,0.0001943295937786654
0,0,0.0010294054875829147
0,0,0.0015474480629397507
0,0,0.00019783925637228573
0,0,0.00020778464136288798
0,0,0.00019598881060233557
0,0,0.00020081068751090985
0,0,0.0002013971660237104
0,0,0.0021916326581563105
0,0,0.0001943295937786654
0,0,0.0001943295937786654
0,0,0.00023566916716550682
0,0,0.0003129089227477733
0,0,0.00024376691678795113
0,0,0.0010631883157160452
0,0,0.00020290276296320732
0,0,0.00020218942378821836
0,0,0.0001943295937786654
0,0,0.0026117161398355694
0,0,0.00019783925637228573
0,0,0.0001943295937786654
0,0,0.0001988443733021159
0,0,0.0004586455865918455
0,0,0.00023766468160074444
0,0,0.00020180407162357112
0,0,0.0001943295937786654
0,0,0.0005663641193495312
0,0,0.00019650858279916247
0,0,0.000203155967942403
0,0,0.00019783925637228573
0,0,0.00020296751298141887
0,0,0.00020664577089587194
0,0,0.0002083282127493451
0,0,0.00019650858279916247
0,0,0.00021099258327963947
0,0,0.00031880536078703335
0,0,0.0005563909819549626
0,0,0.00021792156522638194
0,0,0.0007097816263940384
0,0,0.00038516468375648905
0,0,0.00019731948417545884
0,0,0.00023668742082773664
0,0,0.0001943295937786654
0,0,0.0002039464355187207
0,0,0.00033170791102359563
0,0,0.00020492806318553235
0,0,0.00020320299141135734
0,0,0.0001988443733021159
0,0,0.0002039229462557022
0,0,0.00021628100429621914
0,0,0.000653612571825171
0,0,0.0001943295937786654
0,0,0.00019916688490396442
0,0,0.0002111654418671209
0,0,0.0001943295937786654
0,0,0.00019650858279916247
0,0,0.00022025735572933533
0,0,0.00020259227268257894
0,0,0.0002039229462557022
0,0,0.00020290276296320732
0,0,0.00021643357077341912
0,0,0.00019954720233368922
0,0,0.00020149371143049182
0,0,0.00022313917378140582
0,0,0.00020259227268257894
0,0,0.00020259227268257894
0,0,0.00021151101989015298
0,0,0.00020868185352451902
0,0,0.00023375262570808904
0,0,0.0002031530763980246
0,0,0.00020220719458144263
0,0,0.00024040822043384826
0,0,0.00020664577089587194
0,0,0.00019591058078660591
0,0,0.0008734472641428192
0,0,0.0002042403425202093
0,0,0.00019566026735178864
0,0,0.00019566026735178864
0,0,0.0005831331923381631
0,0,0.0002082936929507162
0,0,0.00020906179475237027
0,0,0.00019591058078660591
0,0,0.0003291475951762567
0,0,0.0001943295937786654
0,0,0.00019650858279916247
0,0,0.00019783925637228573
0,0,0.0005398143059332164
0,0,0.00022325550209514793
0,0,0.0002024559432665351
0,0,0.0002230079195101731
0,0,0.00020491713987618655
0,0,0.0001994800139377866
0,0,0.00020491633036836345
0,0,0.0001943295937786654
0,0,0.0001943295937786654
0,0,0.0002220898864296815
0,0,0.00021989155182440637
0,0,0.00019783925637228573
0,0,0.00022410541552547744
0,0,0.0007844414150041407
0,0,0.0005083098493130667
0,0,0.0002957462804466359
0,0,0.00019650858279916247
0,0,0.0002060797717262112
0,0,0.00019650858279916247
0,0,0.00023942067015634945
0,0,0.00020081068751090985
0,0,0.000219166630674807
0,0,0.0002104698734853562
0,0,0.00019566026735178864
0,0,0.00022582984270159298
0,0,0.00020868185352451902
0,0,0.00019816779962283267
0,0,0.000230743845137129
0,0,0.00020560935663420965
0,0,0.00019798432503757317
0,0,0.0001920507253866398
0,0,0.00020180407162357112
0,0,0.00020932868143353354
0,0,0.0002515647828411312
0,0,0.0004338884576181892
0,0,0.0001943295937786654
0,0,0.0002169917286074461
0,0,0.00019944515620776363
0,0,0.0001943295937786654
0,0,0.0002631687684270862
0,0,0.00021494535495295003
0,0,0.00023039988078162114
0,0,0.0002007758297808869
0,0,0.00022027044423609166
0,0,0.000303101000705935
0,0,0.0001994800139377866
0,0,0.0001943295937786654
0,0,0.0003521651708634591
0,0,0.0002060761375252282
0,0,0.0001943295937786654
0,0,0.0002039229462557022
0,0,0.000266082244094635
0,0,0.0003299067044747499
0,0,0.0002988335566670301
0,0,0.00019650858279916247
0,0,0.00020801334962215976
0,0,0.00029895064181253284
0,0,0.00020616199034178756
0,0,0.00028489759911881667
0,0,0.00020593732316868138
0,0,0.0001943295937786654
0,0,0.00020533495696290009
0,0,0.0010149506864571684
0,0,0.000513781365519388
0,0,0.00020427868306108638
0,0,0.000202954818801384
0,0,0.0002361889393623337
0,0,0.00019816779962283267
0,0,0.00019566026735178864
0,0,0.0005459184935633841
0,0,0.0002079748051627363
0,0,0.0003412607293687774
0,0,0.00019591058078660591
0,0,0.00023534062391495988
0,0,0.0001994800139377866
0,0,0.00022094693892258442
0,0,0.00020034066474861704
0,0,0.0002137453601154406
0,0,0.0002181004964187953
0,0,0.0002508045672616973
0,0,0.0002119224634450806
0,0,0.00034254471937232795
0,0,0.0002054632037848611
0,0,0.0002474467971468851
0,0,0.00021767131942166862
0,0,0.00019783925637228573
0,0,0.00020776618210471864
0,0,0.00019783925637228573
0,0,0.00034894602781618126
0,0,0.00020081068751090985
0,0,0.0005684418276885258
0,0,0.00038684598772615464
0,0,0.0006111716761708761
0,0,0.0001943295937786654
0,0,0.0003161518213059817
0,0,0.00041768520554176476
0,0,0.0002156090944794642
0,0,0.00019591058078660591
0,0,0.00019591058078660591
0,0,0.0001943295937786654
0,0,0.0005303603932425892
0,0,0.00042139577198384303
0,0,0.00020259227268257894
0,0,0.00019566026735178864
0,0,0.0004401091372527584
0,0,0.00019798432503757317
0,0,0.00020876150465385458
0,0,0.00023852357591342178
0,0,0.00020220719458144263
0,0,0.0002349729909697927
0,0,0.00020034066474861704
0,0,0.0003788844405176572
0,0,0.00019566026735178864
0,0,0.0002903527750184691
0,0,0.00021191949696765426
0,0,0.0002748806449595142
0,0,0.00019949847319595594
0,0,0.00021490546567809753
0,0,0.00019824637128955936
0,0,0.00021655549950092657
0,0,0.0002345106872667642
0,0,0.0001943295937786654
0,0,0.00019650858279916247
0,0,0.00021141864684631658
0,0,0.00020081217867330619
0,0,0.0003241477939891071
0,0,0.0002318091916511375
0,0,0.00019566026735178864
0,0,0.00020178419684949186
0,0,0.0002921815720091396
0,0,0.0002039229462557022
0,0,0.00028644149351050017
0,0,0.00019566026735178864
0,0,0.0002039229462557022
0,0,0.0001994800139377866
0,0,0.00019598881060233557
0,0,0.0005904317965734369
0,0,0.00020220719458144263
0,0,0.0001943295937786654
0,0,0.00019650858279916247
0,0,0.00019650858279916247
0,0,0.00019866998538005433
0,0,0.00028373886984123687
0,0,0.00022278688185076685
0,0,0.00019570060212389378
0,0,0.00020157208939008405
0,0,0.0007892486548190303
0,0,0.0002039229462557022
0,0,0.00019566026735178864
0,0,0.0003783053948565925
0,0,0.00027561715229196786
0,0,0.0003608638748172098
0,0,0.00020259227268257894
0,0,0.00020290276296320732
0,0,0.0001943295937786654
0,0,0.00020290276296320732
0,0,0.00020898292041224718
0,0,0.00019666538428161882
0,0,0.00044853825056726996
0,0,0.000199152961849636
0,0,0.00020739094180587873
0,0,0.0006639205579382439
0,0,0.00020533495696290009
0,0,0.00039351843279866955
0,0,0.0002788204319156026
0,0,0.00020739094180587873
0,0,0.0006149764218034549
0,0,0.00020438618360193973
0,0,0.00020180407162357112
0,0,0.00020015807877946616
0,0,0.00043888490032157685
0,0,0.000613057641627919
0,0,0.00023534062391495988
0,0,0.0002082877292426114
0,0,0.00019783925637228573
0,0,0.0002086607062019747
0,0,0.00019783925637228573
0,0,0.0001943295937786654
0,0,0.00020383690779471965
0,0,0.00019650858279916247
0,0,0.0002111654418671209
0,0,0.00020251404286684928
0,0,0.0003602910040173396
0,0,0.00020739094180587873
0,0,0.0002031558053738184
0,0,0.00020259227268257894
0,0,0.00020259227268257894
0,0,0.0002071530841020592
0,0,0.00020739094180587873
0,0,0.00042060941501345574
0,0,0.00022263721796975393
0,0,0.00020157208939008405
0,0,0.00019985794092525487
0,0,0.00023400995034183659
0,0,0.00019436992855077052
0,0,0.00020016331405807024
0,0,0.00022860858207342835
0,0,0.00021205768037749182
0,0,0.0002168791171434897
0,0,0.00020157208939008405
0,0,0.00019783925637228573
0,0,0.00021285360269930026
0,0,0.00026737743148197673
0,0,0.0001994800139377866
0,0,0.0002120379390843849
0,0,0.00019566026735178864
0,0,0.00019591058078660591
0,0,0.0003423100028857545
0,0,0.00019650858279916247
0,0,0.00019566026735178864
0,0,0.0002705717706556804
0,0,0.0003389880116810593
0,0,0.00019566026735178864
0,0,0.00019566026735178864
0,0,0.00019650858279916247
0,0,0.0001966043277532275
0,0,0.00019949847319595594
0,0,0.000203155967942403
0,0,0.00020618834314048475
0,0,0.00019351956522093314
0,0,0.00020872161537900202
0,0,0.00019566026735178864
0,0,0.0001943295937786654
0,0,0.00026846404464611135
0,0,0.006057212610753231
0,0,0.00021183787534296547
0,0,0.00019954720233368922
0,0,0.0001943295937786654
0,0,0.00019783925637228573
0,0,0.00038094462797142755
0,0,0.0009108803732372309
0,0,0.00019783925637228573
0,0,0.00019591058078660591
0,0,0.0001943295937786654
0,0,0.0002937341380911495
0,0,0.00019566026735178864
0,0,0.0001943295937786654
0,0,0.0001966536514644499
0,0,0.00020709731057835047
0,0,0.01099571115017173
0,0,0.00020282438500361508
0,0,0.00020282438500361508
0,0,0.0002097405079471572
0,0,0.0001943295937786654
0,0,0.0002062470039414867
0,0,0.0006453398079525048
0,0,0.0001994800139377866
0,0,0.00020594608108886442
0,0,0.0005694682746004574
0,0,0.0005355213712478918
0,0,0.00019783925637228573
0,0,0.0002093713122332691
0,0,0.0002028291225876211
0,0,0.00035797266481188476
0,0,0.00019949847319595594
0,0,0.00019767464426476787
0,0,0.0002084098343740339
0,0,0.00020438618360193973
0,0,0.00021333318659610384
0,0,0.0001994800139377866
0,0,0.00029035689427069804
0,0,0.00020220719458144263
0,0,0.0005293020793336564
0,0,0.00022782705952427364
0,0,0.0002613656333047956
0,0,0.00021675938020489582
0,0,0.00021430992271602111
0,0,0.0023137236332469004
0,0,0.0002050595884337163
0,0,0.0002062470039414867
0,0,0.0036658527357328447
0,0,0.0003805347180159215
0,0,0.00019566026735178864
0,0,0.0002137411808886693
0,0,0.00019954720233368922
0,0,0.0001943295937786654
0,0,0.00021828713472923477
0,0,0.00034807055928778884
0,0,0.0007859364544517458
0,0,0.00020259227268257894
0,0,0.00019591058078660591
0,0,0.00020081068751090985
0,0,0.0001943295937786654
0,0,0.00035107180633209327
0,0,0.00021006688061503382
0,0,0.0002150574997310618
0,0,0.0004630105459898472
0,0,0.000278717353815814
0,0,0.0004227379961620565
0,0,0.00020157208939008405
0,0,0.0001994800139377866
0,0,0.00036336424397882984
0,0,0.00019566026735178864
0,0,0.0003405441706067592
0,0,0.00019650858279916247
0,0,0.00020050256106233236
0,0,0.00019824637128955936
0,0,0.0001955298771397846
0,0,0.00020250785717739828
0,0,0.00021288505906088306
0,0,0.00019985794092525487
0,0,0.00033544028294165665
0,0,0.00019336010296940972
0,0,0.0006330383829124183
0,0,0.00025170036708944233
0,0,0.0002096588863224684
0,0,0.00020367270045098892
0,0,0.00021435658530225655
0,0,0.00046393825655488004
0,0,0.018947184645927376
0,0,0.00019783925637228573
0,0,0.00038516468375648905
0,0,0.00019985794092525487
0,0,0.00023534062391495988
0,0,0.00019783925637228573
0,0,0.00020259227268257894
0,0,0.0002024350466045571
0,0,0.00020081068751090985
0,0,0.00019650858279916247
0,0,0.0002096459757322436
0,0,0.00030746393048007814
0,0,0.0004186354632468221
0,0,0.00020484364768035172
0,0,0.0001943295937786654
0,0,0.00024292886735871215
0,0,0.0002165908916532587
0,0,0.00043165394365467566
0,0,0.00019566026735178864
0,0,0.00020156855695570747
0,0,0.0001943295937786654
0,0,0.0001943295937786654
0,0,0.00020220719458144263
0,0,0.00021581442341141974
0,0,0.00021605692167873207
0,0,0.0002007758297808869
0,0,0.0002091892347439755
0,0,0.00042984187303351785
0,0,0.0002074308310807313
0,0,0.00020570434276889022
0,0,0.00020500337402411218
0,0,0.0001994800139377866
0,0,0.00019438352382685923
0,0,0.0005742904842506721
0,0,0.0002254693330749386
0,0,0.0002096588863224684
0,0,0.00020975488876651585
0,0,0.0001943295937786654
0,0,0.00020533206541852167
0,0,0.0005671365199945483
0,0,0.0002093713122332691
0,0,0.00019566026735178864
0,0,0.00020500337402411218
0,0,0.00021328134062849577
0,0,0.0002076582773365195
0,0,0.002455469441800087
0,0,0.0002806066403462875
0,0,0.00019783925637228573
0,0,0.000335893597339584
0,0,0.00020900930053949337
0,0,0.0011083783252068863
0,0,0.00030917462460409783
0,0,0.0002039229462557022
0,0,0.00019783925637228573
0,0,0.00021810495937043053
0,0,0.00019566026735178864
0,0,0.0002066040231868377
0,0,0.00022742479066543194
0,0,0.00019783925637228573
0,0,0.00026207371995910826
0,0,0.00032646571423899375
0,0,0.0002739105123342428
0,0,0.00019566026735178864
0,0,0.0002131996346204532
0,0,0.000203155967942403
0,0,0.00029736287929285014
0,0,0.00020517931418501182
0,0,0.0001943295937786654
0,0,0.0024412902317916927
0,0,0.00019598881060233557
0,0,0.0005807797703111848
0,0,0.00020600849095394236
0,0,0.0015374965233466522
0,0,0.00020259227268257894
0,0,0.00022132619718715713
0,0,0.0001943295937786654
0,0,0.00020259227268257894
0,0,0.0001943295937786654
0,0,0.00020081068751090985
0,0,0.00022742139383980883
0,0,0.00019351956522093314
0,0,0.00019650858279916247
0,0,0.00023559093734977716
0,0,0.0002558804135163754
0,0,0.00019566026735178864
0,0,0.00029362817416847927
0,0,0.0002162659416240598
0,0,0.00033614137441910854
0,0,0.0002146049798818749
0,0,0.0002287741833860526
0,0,0.006069471700479296
0,0,0.00026173343832029455
0,0,0.00019566026735178864
0,0,0.00019566026735178864
0,0,0.0002039229462557022
0,0,0.0002938006945682097
0,0,0.00019566026735178864
0,0,0.00020876150465385458
0,0,0.0002982076137780901
0,0,0.0001991477663954209
0,0,0.00020149371143049182
0,0,0.0004977561956022084
0,0,0.0011605713513861732
0,0,0.00019731948417545884
0,0,0.00028203302979417174
0,0,0.00021234764279344962
0,0,0.00020180407162357112
0,0,0.0002369998407386301
0,0,0.00025856594737417476
0,0,0.00020500337402411218
0,0,0.00029191361755143385
0,0,0.00023400995034183659
0,0,0.0004601656520416351
0,0,0.0005663186201022799
0,0,0.00021860349848199266
0,0,0.00019591058078660591
0,0,0.0002003396845552543
0,0,0.00019566026735178864
0,0,0.00020570434276889022
0,0,0.0001994800139377866
0,0,0.00020016331405807024
0,0,0.0002079518241403748
0,0,0.00021430992271602111
0,0,0.00021722992518443396
0,0,0.00019949847319595594
0,0,0.0001943295937786654
0,0,0.0002024350466045571
0,0,0.00030763750871655275
0,0,0.00019598881060233557
0,0,0.0001943295937786654
0,0,0.001325566343310185
0,0,0.0001994800139377866
0,0,0.00022451442837506604
0,0,0.0001943295937786654
0,0,0.0002039229462557022
0,0,0.00021289174152048091
0,0,0.00019783925637228573
0,0,0.00020739094180587873
0,0,0.00020822623283260467
0,0,0.00020081068751090985
0,0,0.0002071530841020592
0,0,0.00026590131159649104
0,0,0.0002436033028188735
0,0,0.00019824637128955936
0,0,0.00019566026735178864
0,0,0.00019781709282229765
0,0,0.00023400729529002688
0,0,0.00019666538428161882
0,0,0.0003524245347711914
0,0,0.00019731948417545884
0,0,0.0005277625010058285
0,0,0.0005036431754257179
0,0,0.0002070220585770813
0,0,0.0002691616808198652
0,0,0.00022967834556469484
0,0,0.00020199988157228722
0,0,0.00020739094180587873
0,0,0.00020715834707269408
0,0,0.00019650858279916247
0,0,0.00020259227268257894
0,0,0.00019783925637228573
0,0,0.00022000710992462207
0,0,0.0005545892314874768
0,0,0.00020245340109960493
0,0,0.00020259227268257894
0,0,0.00021774969738126088
0,0,0.000315375359540346
0,0,0.00025964353005353497
0,0,0.00023974820391225153
0,0,0.00019566026735178864
0,0,0.00027732762769300555
0,0,0.00019566026735178864
0,0,0.000392675645191158
0,0,0.00019566026735178864
0,0,0.0001943295937786654
0,0,0.0002428151017598656
0,0,0.00022336765660098656
0,0,0.0002346091240974057
0,0,0.00021381992472017364
0,0,0.00019798432503757317
0,0,0.00020259227268257894
0,0,0.00019566026735178864
0,0,0.00019650858279916247
0,0,0.000286781225256934
0,0,0.0001943295937786654
0,0,0.0003334091303207945
0,0,0.0006902670390263944
0,0,0.00020649812688412707
0,0,0.00027995340829346094
0,0,0.00019566026735178864
0,0,0.0001943295937786654
0,0,0.0001943295937786654
0,0,0.0001943295937786654
0,0,0.00020699453781000533
0,0,0.00020311945648139915
0,0,0.00019650858279916247
0,0,0.00023766468160074444
0,0,0.0006230583591121488
0,0,0.00019731948417545884
0,0,0.00020898292041224718
0,0,0.00030279756895881224
0,0,0.00043054280843116014
0,0,0.00019650858279916247
0,0,0.0006944343823994024
0,0,0.0003208446786897619
0,0,0.00047902712707636796
0,0,0.0001988443733021159
0,0,0.00020157208939008405
0,0,0.0002158064487669114
0,0,0.000688014990702436
0,0,0.00020560935663420965
0,0,0.00019824637128955936
0,0,0.00019591058078660591
0,0,0.0002550628936710292
0,0,0.00019798432503757317
0,0,0.00020259227268257894
0,0,0.00023481275103832207
0,0,0.00019650858279916247
0,0,0.0001943295937786654
0,0,0.0001943295937786654
0,0,0.0006036706438656098
0,0,0.00023534062391495988
0,0,0.00020491633036836345
0,0,0.00022371361846234297
0,0,0.00020739094180587873
0,0,0.00019783925637228573
0,0,0.00019824637128955936
0,0,0.0002964056530518222
0,0,0.0005874054676567385
0,0,0.0002039229462557022
0,0,0.00019566026735178864
0,0,0.0001943295937786654
0,0,0.00021143747012792097
0,0,0.00020328336205193093
0,0,0.0001943295937786654
0,0,0.0003738408156043744
0,0,0.00021865463478735323
0,0,0.00019933456762542416
0,0,0.000325632133506964
0,0,0.0012248052460680267
0,0,0.0002970748715296492
0,0,0.00019798432503757317
0,0,0.0003595186464459033
0,0,0.00019783925637228573
0,0,0.0001943295937786654
0,0,0.00021793465373313827
0,0,0.000198089569807103
0,0,0.0001943295937786654
0,0,0.0001943295937786654
0,0,0.00019598881060233557
0,0,0.00020664577089587194
0,0,0.00019666538428161882
0,0,0.0012474469147541196
0,0,0.00019731948417545884
0,0,0.0002186895418349446
0,0,0.00021623613925122076
0,0,0.0004568452511432666
0,0,0.00020426852427873427
0,0,0.00022058285758868077
0,0,0.0002226643609677186
0,0,0.00020491633036836345
0,0,0.00022025735572933533
0,0,0.0002903074415152542
0,0,0.00019783925637228573
0,0,0.00023534062391495988
0,0,0.00020983476829399762
0,0,0.00021755892058387293
0,0,0.000408491938927367
0,0,0.0005779069254918102
0,0,0.0002007758297808869
0,0,0.00020259227268257894
0,0,0.00021588573303082844
0,0,0.00019566026735178864
0,0,0.0003482674611565041
0,0,0.0001943295937786654
0,0,0.0001943295937786654
0,0,0.00021723102933402682
0,0,0.00021545627423708464
0,0,0.00021152064322819297
0,0,0.00022288857134152652
0,0,0.00019566026735178864
0,0,0.0008453216514135024
0,0,0.0003690736468346267
0,0,0.00021412924964433843
0,0,0.00019566026735178864
0,0,0.0002384566311704428
0,0,0.0004049471079341425
0,0,0.0002672322841005829
0,0,0.00019650858279916247
0,0,0.00023266389307046416
0,0,0.00031534913185878716
0,0,0.0002062665729562144
0,0,0.005120529804408392
0,0,0.0001916692215482623
0,0,0.00019650858279916247
0,0,0.00019566026735178864
0,0,0.00021141864684631658
0,0,0.0002996215046446783
0,0,0.0002443065104437707
0,0,0.0002039229462557022
0,0,0.00020259227268257894
0,0,0.0001943295937786654
0,0,0.00020788333178938732
0,0,0.0002012064191573594
0,0,0.00021549233040117155
0,0,0.00020468684619789538
0,0,0.00021549233040117155
0,0,0.00020468684619789538
0,0,0.00019783925637228573
0,0,0.00019566026735178864
0,0,0.00026575970592823396
0,0,0.0003775341220267308
0,0,0.0002366449543700632
0,0,0.001465576580695012
0,0,0.0005327088127698793
0,0,0.00022495089082146555
0,0,0.0002039229462557022
0,0,0.00023566916716550682
0,0,0.0002013319508701331
0,0,0.00020417312602357651
0,0,0.00021622386193343997
0,0,0.00020157208939008405
0,0,0.00020533206541852167
0,0,0.00019569855424143024
0,0,0.000198832640484947
0,0,0.00020790703027298
0,0,0.00019566026735178864
0,0,0.000301377437047524
0,0,0.0005291103058815218
0,0,0.00036115953408277654
0,0,0.00020311291769796995
0,0,0.000589853408662807
0,0,0.00019566026735178864
0,0,0.00019566026735178864
0,0,0.00019650858279916247
0,0,0.0001988443733021159
0,0,0.0004661935425447743
0,0,0.003065690902252691
0,0,0.00019650858279916247
0,0,0.0001943295937786654
0,0,0.0001943295937786654
0,0,0.00019940327528445326
0,0,0.00033831714245543545
0,0,0.00022110122711086806
0,0,0.00022110122711086806
0,0,0.00020149371143049182
0,0,0.0001943295937786654
0,0,0.0001943295937786654
0,0,0.0002847730159028502
0,0,0.00023766468160074444
0,0,0.00026012536790713634
0,0,0.0001943295937786654
0,0,0.0006037043099855281
0,0,0.0001988443733021159
0,0,0.00021826536355606816
0,0,0.0001994800139377866
0,0,0.00022564097675039103
0,0,0.0002055744989041867
0,0,0.00020173757462501034
0,0,0.00026809549643118743
0,0,0.0011376451142150199
0,0,0.0005888848394400724
0,0,0.0003596585784747718
0,0,0.00019933456762542416
0,0,0.0002230079195101731
0,0,0.00019816779962283267
0,0,0.001006472757875551
0,0,0.00022167724593704982
0,0,0.00020872161537900202
0,0,0.00021767131942166862
0,0,0.0011456958470095328
0,0,0.00019591058078660591
0,0,0.00020282438500361508
0,0,0.0002733429800995427
0,0,0.00019783925637228573
0,0,0.0006879648444287383
0,0,0.0004862566620422299
0,0,0.0001943295937786654
0,0,0.0002039229462557022
0,0,0.00020634606302156555
0,0,0.00021793465373313827
0,0,0.00021161779677609225
0,0,0.00019990774402790752
0,0,0.0001943295937786654
0,0,0.00019783925637228573
0,0,0.00019650858279916247
0,0,0.0002775928375037585
0,0,0.0002923886470975215
0,0,0.00021180054705847943
0,0,0.00021576248905141824
0,0,0.0002334433644049992
0,0,0.00019566026735178864
0,0,0.0002039229462557022
0,0,0.00024055793770296662
0,0,0.00024732419852315955
0,0,0.000487581987147682
0,0,0.0001943295937786654
0,0,0.0007242687241071767
0,0,0.00019949847319595594
0,0,0.00020157208939008405
0,0,0.00020954764256391113
0,0,0.00037869774065963497
0,0,0.0001943295937786654
0,0,0.000237519612935457
0,0,0.00019731948417545884
0,0,0.00020203692994575194
0,0,0.00023833467048343408
0,0,0.0002039229462557022
0,0,0.0001943295937786654
0,0,0.00019731948417545884
0,0,0.0001943295937786654
0,0,0.00028728657617834564
0,0,0.00020876150465385458
0,0,0.0001943295937786654
0,0,0.02481138941403641
0,0,0.00019598881060233557
0,0,0.0003223992478427872
0,0,0.00030162815967498755
0,0,0.00020259227268257894
0,0,0.00019566026735178864
0,0,0.0001943295937786654
0,0,0.00020081068751090985
0,0,0.0002977471271754115
0,0,0.0001943295937786654
0,0,0.00019566026735178864
0,0,0.000198089569807103
0,0,0.00022545681837248162
0,0,0.0002779556788060446
0,0,0.00039002414190805415
0,0,0.0002141258204874955
0,0,0.0001943295937786654
0,0,0.00022251168116090944
0,0,0.0001994800139377866
0,0,0.00020420045324535672
0,0,0.00019566026735178864
0,0,0.0002031347451966944
0,0,0.00020967197482922478
0,0,0.00019827268362850565
0,0,0.00019591058078660591
0,0,0.00020149547961177135
0,0,0.00019824637128955936
0,0,0.00019650858279916247
0,0,0.000198089569807103
0,0,0.00019650858279916247
0,0,0.0001943295937786654
0,0,0.00033361429304092094
0,0,0.0001943295937786654
0,0,0.0002520757781258729
0,0,0.00019650858279916247
0,0,0.00019731948417545884
0,0,0.0001961401410620825
0,0,0.00021490546567809753
0,0,0.00020471608175097976
0,0,0.0002039229462557022
0,0,0.00019566026735178864
0,0,0.0002076582773365195
0,0,0.0002039229462557022
0,0,0.0004093038588116414
0,0,0.00020671024128772423
0,0,0.00019650858279916247
0,0,0.00030840759434819687
0,0,0.00020049882574994102
0,0,0.00022742147338116177
0,0,0.00019650858279916247
0,0,0.00019783925637228573
0,0,0.00019781709282229765
0,0,0.00019650858279916247
0,0,0.00020251404286684928
0,0,0.00020983476829399762
0,0,0.0001943295937786654
0,0,0.00020983476829399762
0,0,0.00019591058078660591
0,0,0.00020491633036836345
0,0,0.0002039229462557022
0,0,0.00019783925637228573
0,0,0.00021541883816944793
0,0,0.00020081068751090985
0,0,0.0003511386424265363
0,0,0.000258964299776671
0,0,0.00028162602024377117
0,0,0.0001943295937786654
0,0,0.00019650858279916247
0,0,0.0002183961841366966
0,0,0.0002376934248833099
0,0,0.00019650858279916247
0,0,0.00019566026735178864
0,0,0.0002134786329084663
0,0,0.00023205688434907974
0,0,0.00021115213959231618
0,0,0.0002165908916532587
0,0,0.0001943295937786654
0,0,0.00019650858279916247
0,0,0.00048015587841251586
0,0,0.0001939611520415854
0,0,0.0001943295937786654
0,0,0.00019591058078660591
0,0,0.0001943295937786654
0,0,0.00020508175198370442
0,0,0.00020898292041224718
0,0,0.00020314647801386327
0,0,0.00019650858279916247
0,0,0.0002039229462557022
0,0,0.00020134714119731485
0,0,0.00019566026735178864
0,0,0.00021898617173700868
0,0,0.00019650858279916247
0,0,0.00023398260956603592
0,0,0.0001943295937786654
0,0,0.0002062470039414867
0,0,0.0002089029897320987
0,0,0.00021131682239447798
0,0,0.0002007758297808869
0,0,0.00023588974677500604
0,0,0.00025083985452800997
0,0,0.000228088790311337
0,0,0.00045983640225410213
0,0,0.0004477324744498901
0,0,0.00020745135229673366
0,0,0.00019731948417545884
0,0,0.00038455587504112877
0,0,0.00022592809227384877
0,0,0.0001994800139377866
0,0,0.0002359464144802154
0,0,0.00021208818877778272
0,0,0.00138947964890756
0,0,0.00020282438500361508
0,0,0.00019650858279916247
0,0,0.00022592809227384877
0,0,0.0001900100047245921
0,0,0.00019566026735178864
0,0,0.00020081068751090985
0,0,0.0002439142184282775
0,0,0.0005325827660813826
0,0,0.0001943295937786654
0,0,0.00019666538428161882
0,0,0.0004243040697356928
0,0,0.00019566026735178864
0,0,0.00020876150465385458
0,0,0.00020996358221387438
0,0,0.00019816779962283267
0,0,0.00020624781344930982
0,0,0.00019591058078660591
0,0,0.0002769851541495772
0,0,0.00021242587260917928
0,0,0.00020081068751090985
0,0,0.0003353869096707273
0,0,0.0001943295937786654
0,0,0.00019650858279916247
0,0,0.00020491633036836345
0,0,0.00026043134243232397
0,0,0.00019566026735178864
0,0,0.000203155967942403
0,0,0.00024704423741817044
0,0,0.0002063954574610547
0,0,0.000452584683823102
0,0,0.00019650858279916247
0,0,0.00020735260126500163
0,0,0.0002192347609572097
0,0,0.00033670784548442287
0,0,0.0002231522622881621
0,0,0.0004085797634576484
0,0,0.0002039229462557022
0,0,0.0001943295937786654
0,0,0.00038656807376050617
0,0,0.00020181580444074
0,0,0.0002971994999845738
0,0,0.00019650858279916247
0,0,0.0006849240953337037
0,0,0.00020542209969785923
0,0,0.00020314647801386327
0,0,0.0001943295937786654
0,0,0.00019783925637228573
0,0,0.0002008069832190911
0,0,0.00030607974906421295
0,0,0.0002045373581287205
0,0,0.00027292382358006043
0,0,0.00020282438500361508
0,0,0.0001943295937786654
0,0,0.0002043650940809239
0,0,0.00023439815595905134
0,0,0.00020416707400106848
0,0,0.00020282438500361508
0,0,0.00037140996663073683
0,0,0.0002223902436768438
0,0,0.00019566026735178864
0,0,0.00020081068751090985
0,0,0.00020491633036836345
0,0,0.000199152961849636
0,0,0.00019566026735178864
0,0,0.00020688291864066837
0,0,0.00020624781344930982
0,0,0.0005110522165712113
0,0,0.00019591058078660591
0,0,0.0001994800139377866
0,0,0.0001943295937786654
0,0,0.00021077053608131187
0,0,0.00022502231928880705
0,0,0.00020500337402411218
0,0,0.00019566026735178864
0,0,0.0001943295937786654
0,0,0.00019944515620776363
0,0,0.00020735260126500163
0,0,0.0004696612718514648
0,0,0.00019566026735178864
0,0,0.00020471627596346234
0,0,0.00028427281558624445
0,0,0.003654860780635431
0,0,0.004736585280405956
0,0,0.0005072945920782324
0,0,0.0004925049380297154
0,0,0.000198089569807103
0,0,0.0004893953494383782
0,0,0.0001943295937786654
0,0,0.0002007758297808869
0,0,0.00041236290958977654
0,0,0.00020259227268257894
0,0,0.0003436347283303805
0,0,0.000198832640484947
0,0,0.00020352009736134162
0,0,0.00019570060212389378
0,0,0.00019783925637228573
0,0,0.013337343947109014
0,0,0.0016588268086838284
0,0,0.00023631635829985079
0,0,0.0001994800139377866
0,0,0.00019650858279916247
0,0,0.00020250785717739828
0,0,0.00020983476829399762
0,0,0.00019650858279916247
0,0,0.0002039229462557022
0,0,0.00022167724593704982
0,0,0.0005287478740023721
0,0,0.00020061061316291892
0,0,0.000245172591306789
0,0,0.00019650858279916247
0,0,0.0005248327650951787
0,0,0.00020491633036836345
0,0,0.0002008069832190911
0,0,0.00019650858279916247
0,0,0.00019566026735178864
0,0,0.00022091870314495897
0,0,0.0002017261913541863
0,0,0.00024339296159059428
0,0,0.00024062932059235192
0,0,0.0002575495413946036
0,0,0.00020290276296320732
0,0,0.00019566026735178864
1,1,0.6690121262180083
0,0,0.0002858513662123748
0,0,0.00022025871141892277
0,0,0.0001943295937786654
0,0,0.00021333318659610384
0,0,0.0002062665729562144
0,0,0.00037721941834199633
0,0,0.00020259227268257894
0,0,0.00021564319666571747
0,0,0.0002097405079471572
0,0,0.0004001356723990997
0,0,0.00024607451247002506
0,0,0.00019566026735178864
0,0,0.00019598881060233557
0,0,0.0001943295937786654
0,0,0.0001980038940523009
0,0,0.00045655747020670166
0,0,0.00020491713987618655
0,0,0.0002019989013789245
0,0,0.00023453059535722765
0,0,0.0009366806268078222
0,0,0.00020251404286684928
0,0,0.00043800652974915785
0,0,0.0004474016369666973
0,0,0.00021774357496967382
0,0,0.0002725382206124904
0,0,0.00020259227268257894
0,0,0.00019798432503757317
0,0,0.000198089569807103
0,0,0.00022850944081637676
0,0,0.000549739122067594
0,0,0.0001994800139377866
0,0,0.00019591058078660591
0,0,0.0002093713122332691
0,0,0.00020259227268257894
0,0,0.0009939964459423753
0,0,0.00022095290982898497
0,0,0.00021006691168220043
0,0,0.00020539965871179926
0,0,0.00020259227268257894
0,0,0.0001943295937786654
0,0,0.0008020728199080245
0,0,0.00020739094180587873
0,0,0.0002228737753528811
0,0,0.0001943295937786654
0,0,0.00019783925637228573
0,0,0.00019566026735178864
0,0,0.00019591058078660591
0,0,0.00042074598070790186
0,0,0.0001994800139377866
0,0,0.00022100129545992667
0,0,0.0005422171612166417
0,0,0.00020967197482922478
0,0,0.0002600132911818304
0,0,0.0004933573831691209
0,0,0.0010447021659133703
0,0,0.0002039229462557022
0,0,0.00023653126327979085
0,0,0.0002178368172118048
0,0,0.00023571539074254748
0,0,0.00044438361288144445
0,0,0.0007618937992063091
0,0,0.00020985895006388783
0,0,0.00020081068751090985
0,0,0.00019566026735178864
0,0,0.00022060771684942582
0,0,0.00020541029523425135
0,0,0.0001943295937786654
0,0,0.0007142494586150713
0,0,0.00022636929192870224
0,0,0.0002007758297808869
0,0,0.00027804404104505025
0,0,0.00025992624752608167
0,0,0.0002086882883136871
0,0,0.00020220719458144263
0,0,0.0004973189168852756
0,0,0.0002039229462557022
0,0,0.00019566026735178864
0,0,0.00020762305412691488
0,0,0.00022543608909860073
0,0,0.0003508089601928991
0,0,0.0003710661745765188
0,0,0.00020220719458144263
0,0,0.00024848050957591275
0,0,0.00020876150465385458
0,0,0.00025947587763307077
0,0,0.00020259227268257894
0,0,0.00019650858279916247
0,0,0.00019566026735178864
0,0,0.0002469080352368224
0,0,0.0006332339431973939
0,0,0.00019965527467841228
0,0,0.0002062665729562144
0,0,0.00025650336053746614
0,0,0.00023534062391495988
0,0,0.0002165908916532587
0,0,0.00023596565438739928
0,0,0.00019650858279916247
0,0,0.00022004299854455883
0,0,0.002682617956644004
0,0,0.00706759059775238
0,0,0.00019783925637228573
0,0,0.0002019206715631948
0,0,0.0001943295937786654
0,0,0.00036611959411759294
0,0,0.000334543111737128
0,0,0.00023534062391495988
0,0,0.00026049605472373784
0,0,0.0002189266821562121
0,0,0.00019566026735178864
0,0,0.00020220719458144263
0,0,0.00023593412104072652
0,0,0.0001943295937786654
0,0,0.0002039229462557022
0,0,0.0001943295937786654
0,0,0.00019783925637228573
0,0,0.00019650858279916247
0,0,0.00020868185352451902
0,0,0.0001943295937786654
0,0,0.000529265071704646
0,0,0.00024948144394995147
0,0,0.00019566026735178864
0,0,0.0001943295937786654
0,0,0.0001994800139377866
0,0,0.0005554769024030249
0,0,0.00020730441456180611
0,0,0.00020250785717739828
0,0,0.00020259227268257894
0,0,0.00019650858279916247
0,0,0.008568185778052004
0,0,0.00021095229924120962
0,0,0.0003466078227469293
0,0,0.0002039229462557022
0,0,0.00020259227268257894
0,0,0.0003906347173843634
0,0,0.0002007758297808869
0,0,0.00024732419852315955
0,0,0.0002076786269663701
0,0,0.00021368985418962824
0,0,0.00020251404286684928
0,0,0.0001943295937786654
0,0,0.00020081068751090985
0,0,0.00021478367785770938
0,0,0.00019783925637228573
0,0,0.00020872161537900202
0,0,0.00024045618634405816
0,0,0.0001943295937786654
0,0,0.000389885224127372
0,0,0.0003157407974075804
0,0,0.0006280342627744394
0,0,0.00019783925637228573
0,0,0.0002254693330749386
0,0,0.00022429066869066706
0,0,0.00019566026735178864
0,0,0.00021108706390752865
0,0,0.00019717412237641853
0,0,0.000212796891199807
0,0,0.0002039229462557022
0,0,0.000206491131686853
0,0,0.00019731948417545884
0,0,0.000226575272978425
0,0,0.00019566026735178864
0,0,0.0001943295937786654
0,0,0.0005263679978466249
0,0,0.03093382527649359
0,0,0.0001943295937786654
0,0,0.0005921678861712459
0,0,0.0002187810583620028
0,0,0.00020250785717739828
0,0,0.0001943295937786654
0,0,0.0002224074642900792
0,0,0.00019650858279916247
0,0,0.0001943295937786654
0,0,0.00020902737398115388
0,0,0.0002449070890215711
0,0,0.00019566026735178864
0,0,0.00020593732316868138
0,0,0.0006914044660060641
0,0,0.00022218464541457798
0,0,0.00031546374164969065
0,0,0.0001943295937786654
0,0,0.0002254693330749386
0,0,0.00019591058078660591
0,0,0.00021970201089014388
0,0,0.00035521704912752557
0,0,0.00019731948417545884
0,0,0.0001943295937786654
0,0,0.000358506582244914
0,0,0.00022061702992950936
0,0,0.00019566026735178864
0,1,0.8033753146335596
0,0,0.00020739094180587873
0,0,0.00019650858279916247
0,0,0.00019566026735178864
0,0,0.00023766468160074444
0,0,0.0001943295937786654
0,0,0.00044642030968242505
0,0,0.0002048498333698027
0,0,0.00019650858279916247
0,0,0.0001943295937786654
0,0,0.00019781709282229765
0,0,0.0002008069832190911
0,0,0.0002012064191573594
0,0,0.00019783925637228573
0,0,0.0002060215964373881
0,0,0.00020953474285573986
0,0,0.00019566026735178864
0,0,0.0004998336487148597
0,0,0.00021087831613703442
0,0,0.0001994800139377866
0,0,0.0002076646405486839
0,0,0.0005899875081662581
0,0,0.00021245091596242373
0,0,0.00020330717836212684
0,0,0.0002160192115188534
0,0,0.0001994800139377866
0,0,0.0002101308131608719
0,0,0.00047470061137436866
0,0,0.00020259227268257894
0,0,0.00023541349599342108
0,0,0.00019781709282229765
0,0,0.0006290173330566668
0,0,0.0002039229462557022
0,0,0.00019566026735178864
0,0,0.00019650858279916247
0,0,0.0001994800139377866
0,0,0.0012821214175446935
0,0,0.0001943295937786654
0,0,0.00019591058078660591
0,0,0.00021198618767334944
0,0,0.0002039229462557022
0,0,0.00020010825436007212
0,0,0.0001943295937786654
0,0,0.00024026231534760533
0,0,0.00023097028011666017
0,0,0.00019650858279916247
0,0,0.00020081068751090985
0,0,0.00040412854138299493
0,0,0.00019591058078660591
0,0,0.00019650858279916247
0,0,0.00019650858279916247
0,0,0.00019566026735178864
0,0,0.0001943295937786654
0,0,0.00019898944196740335
0,0,0.0002083282127493451
0,0,0.000572111368627346
0,0,0.0010940099577118338
0,0,0.00021006691168220043
0,0,0.00020500836108437606
0,0,0.00019824637128955936
0,0,0.000460117087198632
0,0,0.00028321863470200754
0,0,0.00030674427609064483
0,0,0.0002962811334117139
0,0,0.0001943295937786654
0,0,0.0019576027873777556
0,0,0.00030125068739951814
0,0,0.00034148546236491094
0,0,0.0002990755595774671
0,0,0.0002287741833860526
0,0,0.0002150574997310618
0,0,0.00019650858279916247
0,0,0.00019566026735178864
0,0,0.00020508175198370442
0,0,0.0001943295937786654
0,0,0.0002155708398546188
0,0,0.00019566026735178864
0,0,0.0005616548719265412
0,0,0.00036959208653098975
0,0,0.0001943295937786654
0,0,0.0001994800139377866
0,0,0.004155226708267128
0,0,0.0002063954574610547
0,0,0.00019566026735178864
0,0,0.00019783925637228573
0,0,0.00020822623283260467
0,0,0.0002398436706212415
0,0,0.0001943295937786654
0,0,0.00022222161738288818
0,0,0.0001961401410620825
0,0,0.0001943295937786654
0,0,0.00019832460110528902
0,0,0.0002483949883099315
0,0,0.00020604724381210758
0,0,0.00035860308668176337
0,0,0.0002254693330749386
0,0,0.0002227915264262948
0,0,0.00020739094180587873
0,0,0.00020790991114995783
0,0,0.00022082417588016948
0,0,0.00021441820223134963
0,0,0.0002300101024118945
0,0,0.00019832460110528902
0,0,0.00019566026735178864
0,0,0.00022471113694811214
0,0,0.00022629804917812893
0,0,0.00029142052442049284
0,0,0.00019925563127270838
0,0,0.0002738688941856137
0,0,0.00022156273705354528
0,0,0.0006356508342979769
0,0,0.00021439557971347786
0,0,0.00021641629868270765
0,0,0.00019566026735178864
0,0,0.00019731948417545884
0,0,0.00019650858279916247
0,0,0.0002007758297808869
0,0,0.00019783925637228573
0,0,0.00020491633036836345
0,0,0.00019566026735178864
0,0,0.00019566026735178864
0,0,0.0001943295937786654
0,0,0.00020259227268257894
0,0,0.00019783925637228573
0,0,0.00026215034510813977
0,0,0.00020259227268257894
0,0,0.0006852142159512545
0,0,0.00039232880140831547
0,0,0.00027217077002028475
0,0,0.00022328347712733556
0,0,0.00020282438500361508
0,0,0.00032924275420449556
0,0,0.00019566026735178864
0,0,0.00020906179475237027
0,0,0.00019823463847239042
0,0,0.00020259227268257894
0,0,0.00019566026735178864
0,0,0.0001943295937786654
0,0,0.00029221437135324444
0,0,0.00024878006641106777
0,0,0.0001994800139377866
0,0,0.00020900930053949337
0,0,0.00019783925637228573
0,0,0.00019566026735178864
0,0,0.0003314266266063553
0,0,0.0002369998407386301
0,0,0.00019985794092525487
0,0,0.00020734367406096153
0,0,0.0002067409688073746
0,0,0.000254516006477834
0,0,0.00020251404286684928
0,0,0.00021310632658426526
0,0,0.00020220719458144263
0,0,0.00020259227268257894
0,0,0.0010611374632067824
0,0,0.00020492806318553235
0,0,0.00019650858279916247
0,0,0.00020145346533863485
0,0,0.0004141461827499652
0,0,0.00022318004903412042
0,0,0.0002200481595997283
0,0,0.00028197218287664136
0,0,0.00023428794147674565
0,0,0.00019650858279916247
0,0,0.00021463093311314323
0,0,0.0002719215894523543
0,0,0.00044005032381953894
0,0,0.0001943295937786654
0,0,0.00020157208939008405
0,0,0.002141728348092964
0,0,0.0008526221061998629
0,0,0.0002071530841020592
0,0,0.000198089569807103
0,0,0.0002006836828727596
0,0,0.0003112906638892882
0,0,0.00024302582662267915
0,0,0.00020259227268257894
0,0,0.00019731948417545884
0,0,0.00019598881060233557
0,0,0.0005573955194451316
0,0,0.00021524229660407188
0,0,0.00024307819050944484
0,0,0.00019650858279916247
0,0,0.000223770023675276
0,0,0.00020180407162357112
0,0,0.00019566026735178864
0,0,0.00020081068751090985
0,0,0.0013018902593465269
0,0,0.0009663077371343052
0,0,0.00019591058078660591
0,0,0.0001943295937786654
0,0,0.00019591058078660591
0,0,0.00020081068751090985
0,0,0.00019901300971063619
0,0,0.00020250785717739828
0,0,0.00020290276296320732
0,0,0.00020604724381210758
0,0,0.00021793465373313827
0,0,0.00019650858279916247
0,0,0.0002039229462557022
0,0,0.00035385907872561976
0,0,0.00019826698646240672
0,0,0.0005273563285134262
0,0,0.003438183630720125
0,0,0.00038720946055250175
0,0,0.004597062514959271
0,0,0.00019949847319595594
0,0,0.0002210595701037205
0,0,0.00021570371769347331
0,0,0.00021217055879695104
0,0,0.0001943295937786654
0,0,0.000198832640484947
0,0,0.00019824637128955936
0,0,0.000389176196466596
0,0,0.0001943295937786654
0,0,0.00023634574084479003
0,0,0.0003392699894584258
0,0,0.0002317811217807933
0,0,0.0001943295937786654
0,0,0.0005799283669977901
0,0,0.00019650858279916247
0,0,0.00020398632479357327
0,0,0.00030164311172276346
0,0,0.00022055906400871418
0,0,0.00019566026735178864
0,0,0.00019650858279916247
0,0,0.002084064991136746
0,0,0.0002096588863224684
0,0,0.00020793341431999416
0,0,0.0002224699885449684
0,0,0.00019650858279916247
0,0,0.00026573667391647593
0,0,0.00020118430685838823
0,0,0.00020220719458144263
0,0,0.00035114427057119637
0,0,0.0002083282127493451
0,0,0.0003321010901895384
0,0,0.0002551299762400512
0,0,0.0014707321541090328
0,0,0.00019591058078660591
0,0,0.00020367270045098892
0,0,0.0002563887674869855
0,0,0.00019566026735178864
0,0,0.00020220719458144263
0,0,0.0003378636537448374
0,0,0.0002039229462557022
0,0,0.0002879811015988378
0,0,0.0005467735305127581
0,0,0.00019566026735178864
0,0,0.000540003857587891
0,0,0.0002039229462557022
0,0,0.0027175781264933353
0,0,0.0001943295937786654
0,0,0.00019566026735178864
0,0,0.00021581442341141974
0,0,0.00020346397984458316
0,0,0.00021748889531422922
0,0,0.00020259227268257894
0,0,0.0002028291225876211
0,0,0.0001943295937786654
0,0,0.0006567163649912136
0,0,0.00019566026735178864
0,0,0.00020634218272576284
0,0,0.00019591058078660591
1,1,0.9610145969064454
0,0,0.00020259227268257894
0,0,0.00020882178019693637
0,0,0.00019566026735178864
0,0,0.0002573986841739826
0,0,0.0005376797554399797
0,0,0.0001966536514644499
0,0,0.0003544480238764839
0,0,0.00023690993006750098
0,0,0.00020259227268257894
0,0,0.001384401788150606
0,0,0.00020323130621375426
0,0,0.00020176387008073848
0,0,0.00019650858279916247
0,0,0.000222682917755479
0,0,0.00019650858279916247
0,0,0.00019798432503757317
0,0,0.00025491703534819135
0,0,0.0001943295937786654
0,0,0.00024788249413836336
0,0,0.00019783925637228573
0,0,0.00020220719458144263
0,0,0.00019566026735178864
0,0,0.0005149651727107832
0,0,0.0001943295937786654
0,0,0.00023603707627267305
0,0,0.0003556898867089172
0,0,0.00023453059535722765
0,0,0.00024061567725122912
0,0,0.0001980038940523009
0,0,0.00022080824835042894
0,0,0.0002062470039414867
0,0,0.00020220719458144263
0,0,0.0002013072519224623
0,0,0.00020929676799706545
0,0,0.00021333620998015163
0,0,0.0001943295937786654
0,0,0.00020985895006388783
0,0,0.00020608781768622405
0,0,0.00019650858279916247
0,0,0.00019783925637228573
0,0,0.00039987473552064655
0,0,0.000245522361353913
0,0,0.00020985895006388783
0,0,0.0001943295937786654
0,0,0.00019832460110528902
0,0,0.00020468684619789538
0,0,0.00019650858279916247
0,0,0.0005355213712478918
0,0,0.00019650858279916247
0,0,0.00032030545411410917
0,0,0.0002039229462557022
0,0,0.0001943295937786654
0,0,0.00019650858279916247
0,0,0.0001943295937786654
0,0,0.00020427868306108638
0,0,0.00020427868306108638
0,0,0.00020259227268257894
0,0,0.0001943295937786654
0,0,0.00019650858279916247
0,0,0.00022295193882865128
0,0,0.0001943295937786654
0,0,0.0002346091240974057
0,0,0.0001943295937786654
0,0,0.0001994800139377866
0,0,0.00019650858279916247
0,0,0.00026075406743564185
0,0,0.00019598881060233557
0,0,0.0002213113309608288
0,0,0.003229928275480827
0,0,0.0002649605263894278
0,0,0.00020629755724692483
0,0,0.00019566026735178864
0,0,0.00034588356169092165
0,0,0.0001994800139377866
0,0,0.00019949847319595594
0,0,0.0001943295937786654
0,0,0.00020420045324535672
0,0,0.0002062470039414867
0,0,0.0002615439874032736
0,0,0.00020130095766494692
0,0,0.00019783925637228573
0,0,0.0006273190902344245
0,0,0.00020491633036836345
0,0,0.00024358823645620874
0,0,0.00019566026735178864
0,0,0.00019832460110528902
0,0,0.00020787398685577277
0,0,0.0002200129581125077
0,0,0.00021051837945808925
0,0,0.0002074308310807313
0,0,0.00043643483697912303
0,0,0.00022143108661245594
0,0,0.0010412584083863204
0,0,0.00019412964743741452
0,0,0.0002039229462557022
0,0,0.0001943295937786654
0,0,0.00019731948417545884
0,0,0.0006067970723537586
0,0,0.0002076558882031131
0,0,0.0001943295937786654
0,0,0.0001943295937786654
0,0,0.0002162858234519723
0,0,0.0001943295937786654
0,0,0.007822266326518976
0,0,0.043598586118401776
0,0,0.00020282438500361508
0,0,0.00020898292041224718
0,0,0.00023619951822763727
0,0,0.00019933456762542416
0,0,0.00021524229660407188
0,0,0.0007287203995045437
0,0,0.00023534062391495988
0,0,0.00028979094292746983
0,0,0.00019731948417545884
0,0,0.000237519612935457
0,0,0.00019650858279916247
0,0,0.0001994800139377866
0,0,0.00020251404286684928
0,0,0.0002039229462557022
0,0,0.00027306233063476476
0,0,0.00024344201383905598
0,0,0.00021892260896984997
0,0,0.00037324516359701595
0,0,0.00019798432503757317
0,0,0.0003150597204824299
0,0,0.00019816779962283267
0,0,0.00034946888622057785
0,0,0.0001943295937786654
0,0,0.0003084858241639265
0,0,0.00020259227268257894
0,0,0.00025228623681997417
0,0,0.00020251404286684928
0,0,0.0002165908916532587
0,0,0.00019816779962283267
0,0,0.00020822623283260467
0,0,0.00018502643973318983
0,0,0.00020282438500361508
0,0,0.00020259227268257894
0,0,0.0002353713437620536
0,0,0.00021038897362528198
0,0,0.0007748994326181344
0,0,0.00020220719458144263
0,0,0.00019566026735178864
0,0,0.00019799605785474208
0,0,0.00019650858279916247
0,0,0.0008657436086379127
0,0,0.0002812852975727518
0,0,0.0001943295937786654
0,0,0.00021478367785770938
0,0,0.00019940178412205693
0,0,0.00021760330443413648
0,0,0.0002016773818863082
0,0,0.0001943295937786654
0,0,0.00020259227268257894
0,0,0.00028733977977727103
0,0,0.0002693315194156036
0,0,0.0001943295937786654
0,0,0.00022661138729662605
0,0,0.0001994800139377866
0,0,0.00019783925637228573
0,0,0.00019566026735178864
0,0,0.00021768249710991564
0,0,0.0002028882389304028
0,0,0.00020491633036836345
0,0,0.00020259227268257894
0,0,0.008626255351335942
0,0,0.0001991477663954209
0,0,0.00020780988123760276
0,0,0.0005064280043498882
0,0,0.0004118383513051006
0,0,0.00023534062391495988
0,0,0.0001943295937786654
0,0,0.0002575220250696248
0,0,0.0002423495940966082
0,0,0.00020604724381210758
0,0,0.0001943295937786654
0,0,0.00019566026735178864
0,0,0.00019650858279916247
0,0,0.00020925500251681454
0,0,0.00019566026735178864
0,0,0.00019566026735178864
0,0,0.00019591058078660591
0,0,0.00021334627510286025
0,0,0.0003048845325039949
0,0,0.0006557323022231635
0,0,0.0002165908916532587
0,0,0.00019566026735178864
0,0,0.00020259227268257894
0,0,0.00021010679655479773
0,0,0.00019731948417545884
0,0,0.00020259227268257894
0,0,0.0002760856616867032
0,0,0.00019650858279916247
0,0,0.00037627786514516135
0,0,0.000803983285733727
0,0,0.00020081068751090985
0,0,0.000303101000705935
0,0,0.00021908050244823915
0,0,0.0017520321800768323
0,0,0.00019598881060233557
0,0,0.00019985794092525487
0,0,0.00020793341431999416
0,0,0.00038882812171147767
0,0,0.00020017504687523918
0,0,0.0004217920826673292
0,0,0.00025099845970930984
0,0,0.00020250785717739828
0,0,0.00020259227268257894
0,0,0.00020220719458144263
0,0,0.00022535154621068526
0,0,0.00023339489597049197
0,0,0.0002925405568843472
0,0,0.0005075410966478776
0,0,0.00023729632796052258
0,0,0.0007676947276455747
0,0,0.0001943295937786654
0,0,0.00019650858279916247
0,0,0.00019229996706562332
0,0,0.00021622441083630716
0,0,0.0001943295937786654
0,0,0.00020491633036836345
0,0,0.00020074787191190493
0,0,0.0002039229462557022
0,0,0.00019985794092525487
0,0,0.00020282438500361508
0,0,0.00023534062391495988
0,0,0.0003149526311866023
0,0,0.00021039164366962654
0,0,0.0002114888985930653
0,0,0.0002127328304554311
0,0,0.00025384255764266517
0,0,0.00019566026735178864
0,0,0.000240972234665833
0,0,0.0001994800139377866
0,0,0.00039430339444235886
0,0,0.00020560935663420965
0,0,0.00019566026735178864
0,0,0.00019566026735178864
0,0,0.0002685235984805138
0,0,0.00019783925637228573
0,0,0.00035892488792832895
0,0,0.00019598881060233557
0,0,0.00020664577089587194
0,0,0.00019783925637228573
0,0,0.00030258136097264144
0,0,0.005359232572689222
0,0,0.00019944515620776363
0,0,0.00019958488106024139
0,0,0.00019650858279916247
0,0,0.00019650858279916247
0,0,0.0002019114644511853
0,0,0.00019731948417545884
0,0,0.0002969673876635377
0,0,0.0001994800139377866
0,0,0.0001943295937786654
0,0,0.0005736236537409894
0,0,0.000271210175659257
0,0,0.0001943295937786654
0,0,0.0002122458696355309
0,0,0.0001943295937786654
0,0,0.00021180054705847943
0,0,0.00019710622154702292
0,0,0.00019783925637228573
0,0,0.00020735761474056382
0,0,0.00020151715774892505
0,0,0.00019783925637228573
0,0,0.00041775526890223735
0,0,0.007097939207650291
0,0,0.00020259227268257894
0,0,0.00020604724381210758
0,0,0.00021390035315052263
0,0,0.00020456197978687752
0,0,0.0001943295937786654
0,0,0.0002039229462557022
0,0,0.0001943295937786654
0,0,0.00021473090292425723
0,0,0.00019650858279916247
0,0,0.00022591001887070031
0,0,0.0002186975492460727
0,0,0.00022258798931181156
0,0,0.00030622860532769977
0,0,0.00020259227268257894
0,1,0.5187792086213499
0,0,0.00020220719458144263
0,0,0.00025133424851031793
0,0,0.00034414196235316136
0,0,0.001091803808208551
0,0,0.00020251404286684928
0,0,0.00019900531783789113
0,0,0.00025816040141906006
0,0,0.0006295027471701004
0,0,0.00020156855695570747
0,0,0.00022568641213292157
0,0,0.00024100711197908928
0,0,0.00019566026735178864
0,0,0.00022003479923772733
0,0,0.00019591058078660591
0,0,0.00022694940098100632
0,0,0.00023534062391495988
0,0,0.00020259227268257894
0,0,0.00023534062391495988
0,0,0.00021547484733211496
0,0,0.00020375107841058115
0,0,0.00019637819258715844
0,0,0.001236514945208609
0,0,0.00023534062391495988
0,0,0.0002039229462557022
0,0,0.001163703935339486
0,0,0.0005585306259988738
0,0,0.00023015257135089475
0,0,0.0001943295937786654
0,0,0.00020822623283260467
0,0,0.00020259227268257894
0,0,0.0003939960354301092
0,0,0.00019189193400157172
0,0,0.00019731948417545884
0,0,0.0002550628936710292
0,0,0.0002119224634450806
0,0,0.00021413314489183275
0,0,0.0004308731365899963
0,0,0.00021524229660407188
0,0,0.0009842938432764895
0,0,0.00031080988184971104
0,0,0.0004901006524832108
0,0,0.00020180407162357112
0,0,0.000328988562142999
0,0,0.00020250785717739828
0,0,0.0001943295937786654
0,0,0.0002039229462557022
0,0,0.0001994800139377866
0,0,0.0002039229462557022
0,0,0.0005247096719883754
0,0,0.00020290276296320732
0,0,0.00019731948417545884
0,0,0.00020157208939008405
0,0,0.0001943295937786654
0,0,0.0001988443733021159
0,0,0.0003817168651126379
0,0,0.00020250785717739828
0,0,0.00020739094180587873
0,0,0.00019650858279916247
0,0,0.00020149844901449783
0,0,0.0004983200587931012
0,0,0.00019783925637228573
0,0,0.00020259227268257894
0,0,0.00022186309000017296
0,0,0.00020259227268257894
0,0,0.00020081068751090985
0,0,0.0006134588511478291
0,0,0.00031305029977254
0,0,0.00020683559906905177
0,0,0.0001943295937786654
0,0,0.0001943295937786654
0,0,0.00020282438500361508
0,0,0.00019566026735178864
0,0,0.0001943295937786654
0,0,0.00019566026735178864
0,0,0.0002039229462557022
0,0,0.00020259227268257894
0,0,0.00023191358489178392
0,0,0.0003193275651338687
0,0,0.00021684083006505715
0,0,0.00044872899713220755
0,0,0.00020220719458144263
0,0,0.0002122458696355309
0,0,0.0001994800139377866
0,0,0.0004182954014181142
0,0,0.0002046976224928104
0,0,0.00020903850868480043
0,0,0.00019566026735178864
0,0,0.00019949847319595594
0,0,0.0002079517455213244
0,0,0.00019666538428161882
0,0,0.00019598881060233557
0,0,0.0005455718601939174
0,0,0.00020671131998551564
0,0,0.0002531145254583978
0,0,0.00019566026735178864
0,0,0.0004170659252703886
0,0,0.0015451704043845248
0,0,0.00019650858279916247
0,0,0.0002050595884337163
0,0,0.0001943295937786654
0,0,0.0005149511650415505
0,0,0.0004161632663319907
0,0,0.00023866246840520522
0,0,0.0005687627308386
0,0,0.00019650858279916247
0,0,0.0003468080638478101
0,0,0.00019731948417545884
0,0,0.00026650661246895485
0,0,0.00019650858279916247
0,0,0.0007882878963011966
0,0,0.00021843176078761693
0,0,0.0002017338703331916
0,0,0.00019566026735178864
0,0,0.00019944515620776363
0,0,0.0006806865712064638
0,0,0.000198832640484947
0,0,0.00037621659473564004
0,0,0.00019566026735178864
0,0,0.0002039229462557022
0,0,0.00019566026735178864
0,0,0.0002039229462557022
0,0,0.0003151269999893751
0,0,0.00021288288786377142
0,0,0.0002825808705270919
0,0,0.00019566026735178864
0,0,0.0005350196210692893
0,0,0.00023534062391495988
0,0,0.00020157208939008405
0,0,0.0002738688941856137
0,0,0.00019783925637228573
0,0,0.0004997703519579753
0,0,0.00021441623852314334
0,0,0.00026795031647173346
0,0,0.0003098739904840477
0,0,0.0007173105256830991
0,0,0.00032928520400967245
0,0,0.0002106405831456915
0,0,0.00022018550612875327
0,0,0.0001994800139377866
0,0,0.00020149371143049182
0,0,0.0002039229462557022
0,0,0.00032103204517286985
0,0,0.00024061503916343078
0,0,0.00020624781344930982
0,0,0.0002502083152379736
0,0,0.0005124380122221234
0,0,0.00019598881060233557
0,0,0.00031861284710318986
0,0,0.00019566026735178864
0,0,0.0002125962223030908
0,0,0.0001943295937786654
0,0,0.00020302000277269987
0,0,0.0009514802661534457
0,0,0.0007056725670652667
0,0,0.0010205959530086113
0,0,0.0002120804480201899
0,0,0.00021265455684406974
0,0,0.0002039367933981259
0,0,0.00020735761474056382
0,0,0.00019650858279916247
0,0,0.00019650858279916247
0,0,0.00019351956522093314
0,0,0.0003157407974075804
0,0,0.00019731948417545884
0,0,0.00033465932355568854
0,0,0.00020263792549558553
0,0,0.00020468684619789538
0,0,0.00020081068751090985
0,0,0.00019783925637228573
0,0,0.00019783925637228573
0,0,0.0001943295937786654
0,0,0.0002887047087596241
0,0,0.0001943295937786654
0,0,0.00020220719458144263
0,0,0.00019692730847290952
0,0,0.00019566026735178864
0,0,0.00021386754797429177
0,0,0.00019824637128955936
0,0,0.00020282438500361508
0,0,0.00020259227268257894
0,0,0.0001994800139377866
0,0,0.0001943295937786654
0,0,0.00044610057477467724
0,0,0.0002044836018272853
0,0,0.00021366172984665078
0,0,0.0004773363763589076
0,0,0.00019591058078660591
0,0,0.00020081068751090985
0,0,0.00020220719458144263
0,0,0.0004707745477707546
0,0,0.00022327846908265904
0,0,0.00021767131942166862
0,0,0.00019650858279916247
0,0,0.00019949847319595594
0,0,0.00020500337402411218
0,0,0.00023751103569845584
0,0,0.00019650858279916247
0,0,0.00026038809609081555
0,0,0.00023090215667700666
0,0,0.000198089569807103
0,0,0.00019832460110528902
0,0,0.00020157208939008405
0,0,0.0002016773818863082
0,0,0.000549660046742714
0,0,0.0001943295937786654
0,0,0.0002062470039414867
0,0,0.0002816745639594045
0,0,0.00019650858279916247
0,0,0.00021746819077125853
0,0,0.00022514958024618414
0,0,0.0001943295937786654
0,0,0.00022527149663278536
0,0,0.00020259227268257894
0,0,0.00019566026735178864
0,0,0.0003995307416159172
0,0,0.00020259227268257894
0,0,0.00020739094180587873
0,0,0.00019949847319595594
0,0,0.00021412756477293024
0,0,0.00019650858279916247
0,0,0.00020259227268257894
0,0,0.0003121970528670791
0,0,0.00021301702531532722
0,0,0.00020868185352451902
0,0,0.0001943295937786654
0,0,0.0001943295937786654
0,0,0.00019783925637228573
0,0,0.00020265565122045
0,0,0.00040633790883225045
0,0,0.0001943295937786654
0,0,0.00019650858279916247
0,0,0.0001939611520415854
0,0,0.00024047660869754988
0,0,0.0001943295937786654
0,0,0.00020676991281588382
0,0,0.0001991477663954209
0,0,0.0001994800139377866
0,0,0.00023534062391495988
0,0,0.00021146461249651056
0,0,0.0001943295937786654
0,0,0.00021569385802889732
0,0,0.0001943295937786654
0,0,0.00029881938801028983
0,0,0.00019566026735178864
0,0,0.0002111654418671209
0,0,0.00019944515620776363
0,0,0.0001943295937786654
0,0,0.00023088428070824915
0,0,0.00019650858279916247
0,0,0.0002237550093050851
0,0,0.0001943295937786654
0,0,0.00019566026735178864
0,0,0.0002120025130229806
0,0,0.00021638817330418502
0,0,0.0002096588863224684
0,0,0.0002039229462557022
0,0,0.00019650858279916247
0,0,0.000198089569807103
0,0,0.0001943295937786654
0,0,0.00021284884046068127
0,0,0.00024382165918365237
0,0,0.00019650858279916247
0,0,0.0002039229462557022
0,0,0.00021368985418962824
0,0,0.0001943295937786654
0,0,0.0002230049298666159
0,0,0.000270590915879231
0,0,0.0003759290959290377
0,0,0.0002060868689135346
0,0,0.00019650858279916247
0,0,0.00020259227268257894
0,0,0.0002179074805402056
0,0,0.00021236916110968604
0,0,0.0006410185012562634
0,0,0.00034960963481726166
0,0,0.00019650858279916247
0,0,0.00020847635663455262
0,0,0.0002436033028188735
0,0,0.00019591058078660591
0,0,0.0001943295937786654
0,0,0.00020259227268257894
0,0,0.0003232939142905665
0,0,0.00022141839540981
0,0,0.00024869565090588714
0,0,0.00026395627893439135
0,0,0.00024160324383471353
0,0,0.00020773112117924698
0,0,0.0004564913517679997
0,0,0.0004800528186644966
0,0,0.00020259227268257894
0,0,0.00019731948417545884
0,0,0.00020290276296320732
0,0,0.00019591058078660591
0,0,0.0001943295937786654
0,0,0.00019940178412205693
0,0,0.00027130099651630647
0,0,0.00030394433026512867
0,0,0.00019783925637228573
0,0,0.00025639356724415247
0,0,0.00019650858279916247
0,0,0.0023340885576278417
0,0,0.00042851761328639287
0,0,0.0001980038940523009
0,0,0.00019650858279916247
0,0,0.00023559093734977716
0,0,0.00042634006117464075
0,0,0.0009156620640695796
0,0,0.00019363289661460342
0,0,0.0002534343528248626
0,0,0.0001943295937786654
0,0,0.00021598772688090391
0,0,0.00044098823050715434
0,0,0.00025527839565517345
0,0,0.00044078407913824197
0,0,0.00021366698215584835
0,0,0.00023534062391495988
0,0,0.0026306596394148818
0,0,0.00021268360081312887
0,0,0.00020259227268257894
0,0,0.0002141736658459189
0,0,0.00019666538428161882
0,0,0.00019650858279916247
0,0,0.00019650858279916247
0,0,0.00022306491202143822
0,0,0.0012516325672356182
0,0,0.00019650858279916247
0,0,0.0002007758297808869
0,0,0.0001994800139377866
0,0,0.00019650858279916247
0,0,0.00025463912471135065
0,0,0.0002562604847892961
0,0,0.00020491633036836345
0,0,0.00025090892660550645
0,0,0.00021309459376709633
0,0,0.00033614137441910854
0,0,0.0001943295937786654
0,0,0.0002039229462557022
0,0,0.0001943295937786654
0,0,0.00020149371143049182
0,0,0.00019949847319595594
0,0,0.0002611378083915294
0,0,0.00020016331405807024
0,0,0.00032664902151767375
0,0,0.0002165908916532587
0,0,0.00020259227268257894
0,0,0.00021489416126656228
0,0,0.00028159725222699956
0,0,0.0001943295937786654
0,0,0.0001943295937786654
0,0,0.00042135566695394367
0,0,0.00019566026735178864
0,0,0.00019650858279916247
0,0,0.00022772643843870137
0,0,0.00019767464426476787
0,0,0.00019866998538005433
0,0,0.0005457135188517878
0,0,0.00019650858279916247
0,0,0.0006830346876303319
0,0,0.00020739094180587873
0,0,0.0005616745801930906
0,0,0.00023930494661781663
0,0,0.000202954818801384
0,0,0.0003292494798448823
0,0,0.0002588024182498177
0,0,0.00021154068216596082
0,0,0.00022611613440291293
0,0,0.00019783925637228573
0,0,0.00020481518476607317
0,0,0.0005416510722276689
0,0,0.00019566026735178864
0,0,0.0004100164334221081
0,0,0.0002493395109363836
0,0,0.0002009937844490943
0,0,0.00019783925637228573
0,0,0.00020986662066510212
0,0,0.00020282438500361508
0,0,0.00020517931418501182
0,0,0.00020282438500361508
0,0,0.00040510741386418244
0,0,0.00019566026735178864
0,0,0.00019566026735178864
0,0,0.0008078824826521078
0,0,0.0005888088438219659
0,0,0.0001994800139377866
0,0,0.0007442037845040389
0,0,0.00031007164699781663
0,0,0.00020479475096609454
0,0,0.00019650858279916247
0,0,0.00021908050244823915
0,0,0.0001943295937786654
0,0,0.0002821407915232005
0,0,0.0001943295937786654
0,0,0.0001991477663954209
0,0,0.0004335298977208892
0,0,0.0001943295937786654
0,0,0.00019566026735178864
0,0,0.0002156682705620712
0,0,0.00020220719458144263
0,0,0.00019666538428161882
0,0,0.0001994800139377866
0,0,0.0002165908916532587
0,0,0.0001943295937786654
0,0,0.00027169136190803263
0,0,0.0005038615680630624
0,0,0.00036310159808402215
0,0,0.00019566026735178864
0,0,0.0001943295937786654
0,0,0.00019566026735178864
0,0,0.0001943295937786654
0,0,0.0002039229462557022
0,0,0.0004499549938816419
0,0,0.00020585909335295172
0,0,0.00019566026735178864
0,0,0.00020081068751090985
0,0,0.00019566026735178864
0,0,0.00020386641140511283
0,0,0.0002148296652416889
0,0,0.00020180407162357112
0,0,0.00019650858279916247
0,0,0.00019591058078660591
0,0,0.00021143993707182832
0,0,0.00019944515620776363
0,0,0.0001994800139377866
0,0,0.0001943295937786654
0,0,0.00020259227268257894
0,0,0.00021900199299479192
0,0,0.0005409199596949827
0,0,0.00019566026735178864
0,0,0.010859813239982632
0,0,0.00019731948417545884
0,0,0.00020479475096609454
0,0,0.00021217759628175945
0,0,0.0003080079604764797
0,0,0.0007217253780644121
0,0,0.0004925049380297154
0,0,0.0002656613630778961
0,0,0.0002097563903344054
0,0,0.00020992798692077665
0,0,0.0006404603806492757
0,0,0.0001943295937786654
0,0,0.0003264006893820181
0,0,0.00023458585471709088
0,0,0.00020346865450335413
0,0,0.00023534062391495988
0,0,0.0002549882112868259
0,0,0.00042444948094979944
0,0,0.0002157606692892479
0,0,0.00021875777458899348
0,0,0.00020259227268257894
0,0,0.00019566026735178864
0,0,0.00022947982191324842
0,0,0.00020906179475237027
0,0,0.00020759724652933767
0,0,0.00019767464426476787
0,0,0.00019650858279916247
0,0,0.000224505934883709
0,0,0.0001994800139377866
0,0,0.00020416707400106848
0,0,0.00020759724652933767
0,0,0.00020259227268257894
0,0,0.00020259227268257894
0,0,0.0005626262419548535
0,0,0.00020375107841058115
0,0,0.00019591058078660591
0,0,0.0002168595327934606
0,0,0.00027554148542804875
0,0,0.00021242587260917928
0,0,0.00019798432503757317
0,0,0.00021950853863281198
0,0,0.00021050720176984223
0,0,0.0002444006651893047
0,0,0.00033005514444022416
0,0,0.00021792156522638194
0,0,0.0001943295937786654
0,0,0.00033003131399859074
0,0,0.00020259227268257894
0,0,0.00021108706390752865
0,0,0.00022232383035380836
0,0,0.00029793112505931146
0,0,0.00020157208939008405
0,0,0.0008153403003304843
0,0,0.0003445345000818666
0,0,0.00019566026735178864
0,0,0.0007600586857163709
0,0,0.0001943295937786654
0,0,0.00020906179475237027
0,0,0.00024968725490179743
0,0,0.00019650858279916247
0,0,0.0002114445186382221
0,0,0.00024096499038548486
0,0,0.0012107130669637362
0,0,0.00020290276296320732
0,0,0.00019650858279916247
0,0,0.0002018592378573161
0,0,0.00021482504165000384
0,0,0.00020259227268257894
0,0,0.00020427868306108638
0,0,0.00020375107841058115
0,0,0.00019827268362850565
0,0,0.0003235684498560933
0,0,0.00019591058078660591
0,0,0.00019591058078660591
0,0,0.00020739094180587873
0,0,0.00021188976346979212
0,0,0.0001994800139377866
0,0,0.000303101000705935
0,0,0.0006165935618323193
0,0,0.0002234259519998386
0,0,0.00020999406783947294
0,0,0.00023209171429189744
0,0,0.00022066148068501697
0,0,0.0010773273725487504
0,0,0.00023273616069037286
0,0,0.0011954511598000176
0,0,0.00020752872132911605
0,0,0.00019816779962283267
0,0,0.00019650858279916247
0,0,0.0001943295937786654
0,0,0.00859637331061948
0,0,0.00020173757462501034
0,0,0.0004938859109257513
0,0,0.007698433639234577
0,0,0.0002130875286582264
0,0,0.00020491633036836345
0,0,0.00019566026735178864
0,0,0.00020484364768035172
0,0,0.00019816779962283267
0,0,0.00020259227268257894
0,0,0.00023534062391495988
0,0,0.0005344984805120374
0,0,0.00019782228827651275
0,0,0.00019591058078660591
0,0,0.00020968017896839478
0,0,0.00019650858279916247
0,0,0.0005858958290940473
0,0,0.00023501241352233299
0,0,0.0001943295937786654
0,0,0.0002165908916532587
0,0,0.00023968101551634886
0,0,0.00019591058078660591
0,0,0.00028414927180140363
0,0,0.00019566026735178864
0,0,0.00021108706390752865
0,0,0.00020491633036836345
0,0,0.00034262936912881443
0,0,0.00020898292041224718
0,0,0.00019939807983023817
0,0,0.00019566026735178864
0,0,0.00020510135406459862
0,0,0.0002171846009333688
0,0,0.0015385053743600244
0,0,0.00019783925637228573
0,0,0.00020087787590681246
0,0,0.0007436684764965401
0,0,0.00020259227268257894
0,0,0.0001943295937786654
0,0,0.00020259227268257894
0,0,0.00021000268465215467
0,0,0.0002819855548391829
0,0,0.0001994800139377866
0,0,0.0006546877913110612
0,0,0.00021235435102559582
0,0,0.0004978571692621352
0,0,0.0001948502387940564
0,0,0.00019650858279916247
0,0,0.00019802261192721475
0,0,0.00021136238959974134
0,0,0.00021333318659610384
0,0,0.00019938956793521037
0,0,0.000533251652168692
0,0,0.00064355114860878
0,0,0.00020259227268257894
0,0,0.0005199772182074692
0,0,0.00019566026735178864
0,0,0.00020259227268257894
0,0,0.0002062470039414867
0,0,0.0012780689945808771
0,0,0.00019591058078660591
0,0,0.0001942630184297685
0,0,0.00019598881060233557
0,0,0.0001943295937786654
0,0,0.000534804986973202
0,0,0.001432542592127899
0,0,0.00019824637128955936
0,0,0.00020251404286684928
0,0,0.00020739094180587873
0,0,0.00019566026735178864
0,0,0.0002026517622633755
0,0,0.00020851240082626926
0,0,0.000198832640484947
0,0,0.00021756691867657254
0,0,0.0002010597657816256
0,0,0.0002957462804466359
0,0,0.00019351956522093314
0,0,0.0001943295937786654
0,0,0.00023263345072676493
0,0,0.00019783925637228573
0,0,0.00019598881060233557
0,0,0.00019566026735178864
0,0,0.0006713743011009032
0,0,0.0002626852864297873
0,0,0.000198089569807103
0,0,0.0001943295937786654
0,0,0.00021358168026875082
0,0,0.00019650858279916247
0,0,0.0001943295937786654
0,0,0.00019650858279916247
0,0,0.000332796323933006
0,0,0.0003116678115684816
0,0,0.00021217055879695104
0,0,0.00021622441083630716
0,0,0.00019566026735178864
0,0,0.0001989978726899611
0,0,0.0002868742020540782
0,0,0.0002369998407386301
0,0,0.00021490546567809753
0,0,0.0004684650066653518
0,0,0.0001966536514644499
0,0,0.00020672250954920527
0,0,0.00019566026735178864
0,0,0.0021430352596752346
0,0,0.0006024529812965324
0,0,0.00019650858279916247
0,0,0.00042444948094979944
0,0,0.00021066455043006088
0,0,0.0002031530763980246
0,0,0.0005860115525152101
0,0,0.0002165908916532587
0,0,0.0003136061407444209
0,0,0.00021588573303082844
0,0,0.00020157208939008405
0,0,0.0004528357388141855
0,0,0.00019598881060233557
0,0,0.00020251404286684928
0,0,0.0003845608182435307
0,0,0.00021242587260917928
0,0,0.000225514859875335
0,0,0.00023668456041499308
0,0,0.00032061586975296974
0,0,0.0004541417124670042
0,0,0.0001943295937786654
0,0,0.00020967671241323076
0,0,0.0002039248332422814
0,0,0.00019591058078660591
0,0,0.00019566026735178864
0,0,0.0002921791124745204
0,0,0.00042778680543217466
0,0,0.00028203302979417174
0,0,0.0011942961988364504
0,0,0.00021848282856702701
0,0,0.00038321572807457536
0,0,0.00019598881060233557
0,0,0.0004187370986797121
0,0,0.00020250785717739828
0,0,0.0014632661891202591
0,0,0.00020081068751090985
0,0,0.0002048498333698027
0,0,0.00020209135017835227
0,0,0.00020456197978687752
0,0,0.0011089725827794006
0,0,0.00022180850020828252
0,0,0.00020259227268257894
0,0,0.00019650858279916247
0,0,0.0006062665926313852
0,0,0.0003318029135290257
0,0,0.00020506478388793143
0,0,0.00019566026735178864
0,0,0.00019650858279916247
0,0,0.00022082417588016948
0,0,0.0001943295937786654
0,0,0.00019566026735178864
0,0,0.00019566026735178864
0,0,0.00019731948417545884
0,0,0.0002136004110962594
0,0,0.000217013559706171
0,0,0.00022531974550086607
0,0,0.0001943295937786654
0,0,0.00019650858279916247
0,0,0.0002358860794984819
0,0,0.0001943295937786654
0,0,0.00019949847319595594
0,0,0.00019566026735178864
0,0,0.00020081068751090985
0,0,0.0001943295937786654
0,0,0.00020872161537900202
0,0,0.00021817742747138181
0,0,0.0003074693188231344
0,0,0.00020585909335295172
0,0,0.00019751333646429655
0,0,0.0001994800139377866
0,0,0.00043594318213665737
0,0,0.0005182961698053469
0,0,0.00022663070162167207
0,0,0.00021493114040727927
0,0,0.00023534062391495988
0,0,0.0002039229462557022
0,0,0.00019783925637228573
0,0,0.00020491633036836345
0,0,0.00020333055514541046
0,0,0.00020492806318553235
0,0,0.0002039229462557022
0,0,0.00041803349984923714
0,0,0.00020492806318553235
0,0,0.00019566026735178864
0,0,0.0002039229462557022
0,0,0.00034306477208362346
0,0,0.0006548980474235677
0,0,0.0002039229462557022
0,0,0.0001943295937786654
0,0,0.00035067886713114883
0,0,0.00020259227268257894
0,0,0.00019566026735178864
0,0,0.0009096029140429993
0,0,0.00021792156522638194
0,0,0.00019783925637228573
0,0,0.00020560935663420965
0,0,0.00020259227268257894
0,0,0.00030630457407920434
0,0,0.000323023667710259
0,0,0.00020900930053949337
0,0,0.00019650858279916247
0,0,0.0001943295937786654
0,0,0.0002493395109363836
0,0,0.0002096588863224684
0,0,0.0002656613630778961
0,0,0.00019781709282229765
0,0,0.00021480930648158956
0,0,0.00024045618634405816
0,0,0.00019650858279916247
0,0,0.00021478367785770938
0,0,0.0001961401410620825
0,0,0.00023243013507690858
0,0,0.0001943295937786654
0,0,0.00020664577089587194
0,0,0.0001943295937786654
0,0,0.00020983476829399762
0,0,0.0001943295937786654
0,0,0.00019566026735178864
0,0,0.0002072918900452103
0,0,0.00019566026735178864
0,0,0.0001943295937786654
0,0,0.00019566026735178864
0,0,0.0003053396329236728
0,0,0.00021077053608131187
0,0,0.00020259227268257894
0,0,0.00019566026735178864
0,0,0.0002096588863224684
0,0,0.0002369998407386301
0,0,0.00021565569115729503
0,0,0.0002457679411677503
0,0,0.00020181580444074
0,0,0.00020625873675865562
0,0,0.0010365822742046365
0,0,0.00019781709282229765
0,0,0.000264434338864371
0,0,0.00021262777298483744
0,0,0.0001943295937786654
0,0,0.0002165908916532587
0,0,0.0002039229462557022
0,0,0.00020180407162357112
0,0,0.00032800879634158834
0,0,0.00019650858279916247
0,0,0.0004233504364155668
0,0,0.0001943295937786654
0,0,0.010835313151705427
0,0,0.00021550248676770832
0,0,0.0010866150936831018
0,0,0.00021452173239239027
0,0,0.0001943295937786654
0,0,0.00019598881060233557
0,0,0.00044436512476427243
0,0,0.00020180407162357112
0,0,0.00019566026735178864
0,0,0.0001943295937786654
0,0,0.00019783925637228573
0,0,0.00020259227268257894
0,0,0.00019666538428161882
0,0,0.00023534062391495988
0,0,0.0002031558053738184
0,0,0.00023729266515896505
0,0,0.00019591058078660591
0,0,0.0001943295937786654
0,0,0.0001943295937786654
0,0,0.00019940178412205693
0,0,0.00020157208939008405
0,0,0.000198089569807103
0,0,0.00020570434276889022
0,0,0.00021143993707182832
0,0,0.00020876150465385458
0,0,0.0002182773020317661
0,0,0.00020265565122045
0,0,0.00022875954228252494
0,0,0.00022442365400069818
0,0,0.00021711929267851098
0,0,0.00019958488106024139
0,0,0.00020259227268257894
0,0,0.00047156619649477095
0,0,0.0004833780825797357
0,0,0.00023453059535722765
0,0,0.00022691864649768598
0,0,0.000246963415925353
0,0,0.0007530350043803286
0,0,0.00019566026735178864
0,0,0.0001943295937786654
0,0,0.0002993978065733865
0,0,0.0003451043333699242
0,0,0.0003648343413098581
0,0,0.00259487495453698
0,0,0.00024030880418254687
0,0,0.00034836402308983754
0,0,0.00020259227268257894
0,0,0.00020259227268257894
0,0,0.0003133130729676195
0,0,0.0001943295937786654
0,0,0.00019591058078660591
0,0,0.0004359004067655521
0,0,0.00021165143858762665
0,0,0.0001943295937786654
0,0,0.00019218899374508918
0,0,0.0002081206198291684
0,0,0.0002136596737738999
0,0,0.00021652752806385734
0,0,0.00043921020830503884
0,0,0.000200182883072798
0,0,0.00020506478388793143
0,0,0.00020733916452706562
0,0,0.00020220719458144263
0,0,0.00024047660869754988
0,0,0.00033646914620832924
0,0,0.00021835442070911143
0,0,0.00038983924590550365
0,0,0.00031374834705541954
0,0,0.00019650858279916247
0,0,0.00019566026735178864
0,0,0.0002716575768345913
0,0,0.00023534062391495988
0,0,0.00019404138530022358
0,0,0.00020563767424660906
0,0,0.0007022394197791274
0,0,0.0002093713122332691
0,0,0.0002007758297808869
0,0,0.00019650858279916247
0,0,0.00020671024128772423
0,0,0.0004923066088613479
0,0,0.0003742099591611315
0,0,0.0002936678221676697
0,0,0.0002039229462557022
0,0,0.00019650858279916247
0,0,0.00019798432503757317
0,0,0.00020081068751090985
0,0,0.00019566026735178864
0,0,0.0007900063903063954
0,0,0.0005060791256848403
0,0,0.00023400995034183659
0,0,0.00020624781344930982
0,0,0.0002225799797090465
0,0,0.0002393859836586058
0,0,0.0001988443733021159
0,0,0.0002119582408269068
0,0,0.0002945625192118857
0,0,0.009118651441879184
0,0,0.00021391227285722823
0,0,0.0003570671209203891
0,0,0.0001994800139377866
0,0,0.00021143993707182832
0,0,0.00022894031769871763
0,0,0.00020604724381210758
0,0,0.00044563885440183806
0,0,0.00020282438500361508
0,0,0.0002805091356128552
0,0,0.0001943295937786654
0,0,0.0009667629626009808
0,0,0.00021185096384972185
0,0,0.0002031530763980246
0,0,0.0002165908916532587
0,0,0.000198832640484947
0,0,0.00021900199299479192
0,0,0.00020813982506677085
0,0,0.0006305371599199911
0,0,0.00019666538428161882
0,0,0.00020263792549558553
0,0,0.00019949847319595594
0,0,0.0002436033028188735
0,0,0.00020041362749288752
0,0,0.00019566026735178864
0,0,0.00019953063619088479
0,0,0.00045150597741407523
0,0,0.0001943295937786654
0,0,0.00020180407162357112
0,0,0.00020290276296320732
0,0,0.00019783925637228573
0,0,0.0002016773818863082
0,0,0.00019650858279916247
0,0,0.0001943295937786654
0,0,0.0011529030210577014
0,0,0.0002100204832815424
0,0,0.00019781709282229765
0,0,0.0001943295937786654
0,0,0.00019566026735178864
0,0,0.00019650858279916247
0,0,0.00020898292041224718
0,0,0.00023319992178410436
0,0,0.007219199423216896
0,0,0.00023534062391495988
0,0,0.0002126983197023206
0,0,0.00020259227268257894
0,0,0.00019566026735178864
0,0,0.0002369998407386301
0,0,0.00023729632796052258
0,0,0.00019666538428161882
0,0,0.0010580294325830378
0,0,0.00019798432503757317
0,0,0.0001943295937786654
0,0,0.0002554288477046194
0,0,0.000198089569807103
0,0,0.00022756275851616996
0,0,0.00021143993707182832
0,0,0.0005066037379047496
0,0,0.0002017261913541863
0,0,0.0002884020085098838
0,0,0.0001994800139377866
0,0,0.0002514053946897946
0,0,0.0001994800139377866
0,0,0.000198089569807103
0,0,0.00019598881060233557
0,0,0.00020988544965627488
0,0,0.00022899982862936745
0,0,0.0004190161971253483
0,0,0.0002553273954514829
0,0,0.0002030760843956924
0,0,0.00019650858279916247
0,0,0.0002189266821562121
0,0,0.0002039229462557022
0,0,0.00020259227268257894
0,0,0.00020998803734207738
0,0,0.0003350120124949906
0,0,0.00020516801170412734
0,0,0.00020259227268257894
0,0,0.00029061661188155025
0,0,0.00020259227268257894
0,0,0.00019650858279916247
0,0,0.00019650858279916247
0,0,0.00020538092261309407
0,0,0.00023208110386700961
0,0,0.000269106328493406
0,0,0.00031707147098070364
0,0,0.00020574418071320628
0,0,0.00019783925637228573
0,0,0.00020157208939008405
0,0,0.00020468684619789538
0,0,0.0010496856333364207
0,0,0.0001943295937786654
0,0,0.0001943295937786654
0,0,0.00019650858279916247
0,0,0.0007851746852434307
0,0,0.003331010920159142
0,0,0.00020876150465385458
0,0,0.0002949022096651489
0,0,0.00020639026200683957
0,0,0.00019650858279916247
0,0,0.00021611435143083262
0,0,0.00019650858279916247
0,0,0.0001943295937786654
0,0,0.000198832640484947
0,0,0.00020259227268257894
0,0,0.00019783925637228573
0,0,0.0002039229462557022
0,0,0.00020081068751090985
0,0,0.00020259227268257894
0,0,0.00032677923174382115
0,0,0.00019650858279916247
0,0,0.0005557373542242373
0,0,0.00046400069367502264
0,0,0.00019566026735178864
0,0,0.00020906179475237027
0,0,0.0002153253583719568
0,0,0.00030009224101804993
0,0,0.00033687985654774516
0,0,0.00021792156522638194
0,0,0.0001943295937786654
0,0,0.0002681309574391148
0,0,0.0002987361708434294
0,0,0.00019650858279916247
0,0,0.000202954818801384
0,0,0.0002340326574131614
0,0,0.00019666538428161882
0,0,0.0001988551948597892
0,0,0.00022683726101564461
0,0,0.0002039229462557022
0,0,0.0006539938756705085
0,0,0.0001994800139377866
0,0,0.00019783925637228573
0,0,0.00020180407162357112
0,0,0.0001943295937786654
0,0,0.00019566026735178864
0,0,0.0001943295937786654
0,0,0.00020250785717739828
0,0,0.0002031530763980246
0,0,0.0001943295937786654
0,0,0.0006300517225329551
0,0,0.0002695238408486159
0,0,0.00019783925637228573
0,0,0.0001943295937786654
0,0,0.00023534062391495988
0,0,0.00019798432503757317
0,0,0.0019324659290571133
0,0,0.00020081068751090985
0,0,0.00019650858279916247
0,0,0.00023322406728221848
0,0,0.0001943295937786654
0,0,0.00020259227268257894
0,0,0.00023373778574957768
0,0,0.0001943295937786654
0,0,0.00020700270848249475
0,0,0.00024869565090588714
0,0,0.0002076558882031131
0,0,0.00021924500863439926
0,0,0.0002039229462557022
0,0,0.0001943295937786654
0,0,0.0001943295937786654
0,0,0.00020634606302156555
0,0,0.0006006564865842027
0,0,0.0005503604886436592
0,0,0.00021077053608131187
0,0,0.0009726913157099576
0,0,0.00020903850868480043
0,0,0.0002039229462557022
0,0,0.0001994800139377866
0,0,0.00020601811561587013
0,0,0.00020739094180587873
0,0,0.000234500402917434
0,0,0.00023143758626987537
0,0,0.00019949847319595594
0,0,0.0001994800139377866
0,0,0.0001943295937786654
0,0,0.0004915958205711815
0,0,0.0006143883152010421
0,0,0.0002039229462557022
0,0,0.00021288097482688947
0,0,0.0009589647952592785
0,0,0.00020157208939008405
0,0,0.00019650858279916247
0,0,0.0002391132198910216
0,0,0.00022039407643173437
0,0,0.00019650858279916247
0,0,0.0003637191991432365
0,0,0.00019002109867359776
0,0,0.00019566026735178864
0,0,0.009696122961661625
0,0,0.00021908037095438412
0,0,0.00023453059535722765
0,0,0.00020081068751090985
0,0,0.000408428538480676
0,0,0.00019949847319595594
0,0,0.0003393551943737784
0,0,0.0003186772630162113
0,0,0.00019566026735178864
0,0,0.0001943295937786654
0,0,0.0003319192803259903
0,0,0.00019650858279916247
0,0,0.00020220719458144263
0,0,0.0005193211797984542
0,0,0.00019566026735178864
0,0,0.0002612949731050867
0,0,0.00019566026735178864
0,0,0.00020375107841058115
0,0,0.00019650858279916247
0,0,0.0001994800139377866
0,0,0.00040346441680848673
0,0,0.00019566026735178864
0,0,0.00020157208939008405
0,0,0.00019949847319595594
0,0,0.0002039229462557022
0,0,0.0001943295937786654
0,0,0.001875297631347238
0,0,0.00021627602852607332
0,0,0.0001943295937786654
0,0,0.00022743705022659617
0,0,0.00019591058078660591
0,0,0.00019591058078660591
0,0,0.0001943295937786654
0,0,0.0001943295937786654
0,0,0.00023454049021856508
0,0,0.00020491633036836345
0,0,0.0006063564650767235
0,0,0.00024381275625165967
0,0,0.00693839329765803
0,0,0.00021499542680382183
0,0,0.0002384838866110459
0,0,0.00041447693022936727
0,0,0.0005159296933883276
0,0,0.00021141864684631658
1,0,0.00908493472506161
0,0,0.00021557070836076382
0,0,0.00020259227268257894
0,0,0.00033512900352074146
0,0,0.00019965527467841228
0,0,0.00023566916716550682
0,0,0.00020664866244025034
0,0,0.00021143993707182832
0,0,0.00024143816094080006
0,0,0.0002017261913541863
0,0,0.00019781709282229765
0,0,0.0001943295937786654
0,0,0.0003422201163902503
0,0,0.0001943295937786654
0,0,0.00030212687996095507
0,0,0.00020157208939008405
0,0,0.00019650858279916247
0,0,0.005073592268069905
0,0,0.0002844901940191237
0,0,0.00019731948417545884
0,0,0.00019650858279916247
0,0,0.00020016331405807024
0,0,0.00022591001887070031
0,0,0.00020468684619789538
0,0,0.00020259227268257894
0,0,0.00022411956926901653
0,0,0.00020375107841058115
0,0,0.00020739094180587873
0,0,0.0001943295937786654
0,0,0.00020259227268257894
0,0,0.0002083282127493451
0,0,0.0001943295937786654
0,0,0.00021410145246557772
0,0,0.00020540817060682708
0,0,0.00020259227268257894
0,0,0.0002261267529843539
0,0,0.00020220719458144263
0,0,0.00043776125359906075
0,0,0.000225368316335033
0,0,0.00031331210701085693
0,0,0.00019948150510018292
0,0,0.00035190941826534236
0,0,0.0006678644718239443
0,0,0.0005568266552966012
0,0,0.00019650858279916247
0,0,0.00020508175198370442
0,0,0.0002044836018272853
0,0,0.0001947176266100089
0,0,0.00020086735332857598
0,0,0.00020693660259045715
0,0,0.00023066144502133798
0,0,0.00035493510143922254
0,0,0.00023675370106251943
0,0,0.00020998868186647077
0,0,0.00019419920356666135
0,0,0.0001943295937786654
0,0,0.0002401067593708207
0,0,0.00019650858279916247
0,0,0.00020134110834084452
0,0,0.0004357032542200903
0,0,0.00019783925637228573
0,0,0.00020157208939008405
0,0,0.00019731948417545884
0,0,0.0001943295937786654
0,0,0.00020353471293231822
0,0,0.011147733334226542
0,0,0.0002007758297808869
0,0,0.00020282438500361508
0,0,0.00020842312107022262
0,0,0.0001943295937786654
0,0,0.00019650858279916247
0,0,0.0006805916625914341
0,0,0.00020259227268257894
0,0,0.0002120804480201899
0,0,0.00025782724376346376
0,0,0.00023534062391495988
0,0,0.0002961633904118818
0,0,0.00034893396777182866
0,0,0.0005647067744716613
0,0,0.010704060769592547
0,0,0.000198089569807103
0,0,0.000202954818801384
0,0,0.0001943295937786654
0,0,0.00020259227268257894
0,0,0.00019566026735178864
0,0,0.00019650858279916247
0,0,0.0002863810812668908
0,0,0.0002030177388517236
0,0,0.0005020168117288712
0,0,0.0001943295937786654
0,0,0.0001943295937786654
0,0,0.00025807141716048483
0,0,0.00020220719458144263
0,0,0.00020259227268257894
0,0,0.00023534062391495988
0,0,0.00019566026735178864
0,0,0.0001943295937786654
0,0,0.0001943295937786654
0,0,0.00020615439303512092
0,0,0.0007629442139634533
0,0,0.0002093713122332691
0,0,0.000202954818801384
0,0,0.000205493867278389
0,0,0.0001994800139377866
0,0,0.0005920371253450233
0,0,0.00023534062391495988
0,0,0.0002988150264281958
0,0,0.00021038897362528198
0,0,0.0002160906120514457
0,0,0.00020259227268257894
0,0,0.00020611671062191817
0,0,0.00038512980306250024
0,0,0.00020739094180587873
0,0,0.00020173757462501034
0,0,0.007454358010018713
0,0,0.00019650858279916247
0,0,0.00019731948417545884
0,0,0.00020259227268257894
0,0,0.0002039229462557022
0,0,0.0034132354338341792
0,0,0.0001943295937786654
0,0,0.0002145133867847129
0,0,0.00020739094180587873
0,0,0.00020624781344930982
0,0,0.00019944515620776363
0,0,0.0001994800139377866
0,0,0.0001994800139377866
0,0,0.000198089569807103
0,0,0.0017232223316274472
0,0,0.00021891494933904318
0,0,0.0003506549882488092
0,0,0.000451379260598329
0,0,0.00019650858279916247
0,0,0.0002120025130229806
0,0,0.0001943295937786654
0,0,0.00020251404286684928
0,0,0.00034272737299911383
0,0,0.00021135292724000558
0,0,0.0002194523025409246
0,0,0.00020739094180587873
0,0,0.00019577554797389966
0,0,0.00020872161537900202
0,0,0.0009142026038996807
0,0,0.00042522306482089276
0,0,0.00019566026735178864
0,0,0.00020667473403160764
0,0,0.00020564924590906223
0,0,0.00022168348410086627
0,0,0.0003208446786897619
0,0,0.00027476400859395073
0,0,0.000370711503037686
0,0,0.0006283143487838233
0,0,0.0003485109247283314
0,0,0.00019650858279916247
0,0,0.0002039229462557022
0,0,0.0002039229462557022
0,0,0.0003208446786897619
0,0,0.000872822994105792
0,0,0.00019783925637228573
0,0,0.00020335063542310222
0,0,0.00028414927180140363
0,0,0.0004102229762932807
0,0,0.0002118463769364375
0,0,0.00019731948417545884
0,0,0.0011951536158069597
0,0,0.0002362710260382796
0,0,0.00021975845676522207
0,0,0.0001943295937786654
0,0,0.0002541067086970663
0,0,0.000688255396735441
0,0,0.00020253709273048266
0,0,0.00028313404475823834
0,0,0.00022723108030350603
0,0,0.00019591058078660591
0,0,0.0002081206198291684
0,0,0.0004838017802911626
0,0,0.000498981664072664
0,0,0.00022233039950972597
0,0,0.00019925563127270838
0,0,0.00019650858279916247
0,0,0.0002468221566772453
0,0,0.00021143993707182832
0,0,0.00019650858279916247
0,0,0.0003362400599761025
0,0,0.00020739094180587873
0,0,0.00019650858279916247
0,0,0.00037416511376412847
0,0,0.00019566026735178864
0,0,0.00019783925637228573
0,0,0.0007771805088676857
0,0,0.0001943295937786654
0,0,0.0001943295937786654
0,0,0.00020703341299576383
0,0,0.00019650858279916247
0,0,0.00019650858279916247
0,0,0.0002469530479452481
0,0,0.00020996358221387438
0,0,0.00022018514234899418
0,0,0.00020624781344930982
0,0,0.0002344048301349982
0,0,0.00025957767319447964
0,0,0.0002859137971115854
0,0,0.0203300552215719
0,0,0.00020259227268257894
0,0,0.00019566026735178864
0,0,0.0003197085916648505
0,0,0.000215856890365103
0,0,0.00021284884046068127
0,0,0.00019949847319595594
0,0,0.00020259227268257894
0,0,0.0003630032318410927
0,0,0.0002726491394890582
0,0,0.0001943295937786654
0,0,0.00019650858279916247
0,0,0.0003565949072257399
0,0,0.00019591058078660591
0,0,0.00026331679741202653
0,0,0.00044442284361930374
0,0,0.00023676981940738302
0,0,0.00019395587733428543
0,0,0.00019404138530022358
0,0,0.00020149844901449783
0,0,0.00020872161537900202
0,0,0.00019598881060233557
0,0,0.00019566026735178864
0,0,0.00020808600742664042
0,0,0.00019650858279916247
0,0,0.00024348872154887676
0,0,0.00019650858279916247
0,0,0.00019566026735178864
0,0,0.00020438618360193973
0,0,0.00024411467545115735
0,0,0.0002779278012713114
0,0,0.0002070350163420135
0,0,0.0003166126653660788
0,0,0.0002165908916532587
0,0,0.0002200129581125077
0,0,0.00033126362850474325
0,0,0.001017316051181604
0,0,0.0004925661378102123
0,0,0.00021801791571468183
0,0,0.00020827311367163482
0,0,0.00020176387008073848
0,0,0.00020491633036836345
0,0,0.00020492806318553235
0,0,0.00019783925637228573
0,0,0.00020498121047412407
0,0,0.00021885158574964185
0,0,0.0003208446786897619
0,0,0.000198089569807103
0,0,0.00020833338205561802
0,0,0.00021797506019334884
0,0,0.0001943295937786654
0,0,0.0001943295937786654
0,0,0.0002532366563447076
0,0,0.00020259227268257894
0,0,0.00024113335524260555
0,0,0.00020232603369793608
0,0,0.00022025735572933533
0,0,0.00019566026735178864
0,0,0.00033541172866688863
0,0,0.00019948150510018292
0,0,0.0006098711937479227
0,0,0.000924261477992473
0,0,0.00041807586567767506
0,0,0.0001943295937786654
0,0,0.0002013072519224623
0,0,0.00019783925637228573
0,0,0.00021549233040117155
0,0,0.00019783925637228573
0,0,0.00046393825655488004
0,0,0.00030164311172276346
0,0,0.00019650858279916247
0,0,0.00019781709282229765
0,0,0.00022981693799357014
0,0,0.00019566026735178864
0,0,0.0001943295937786654
0,0,0.0002064986852772506
0,0,0.00019650858279916247
0,0,0.0002145966458794742
0,0,0.00019650858279916247
0,0,0.0003710661745765188
0,0,0.00020416319370526574
0,0,0.0012288653753020858
0,0,0.0001943295937786654
0,0,0.0001943295937786654
0,0,0.0002436033028188735
0,0,0.00025227277869031866
0,0,0.0002083282127493451
0,0,0.00019650858279916247
0,0,0.0002401012958837583
0,0,0.0002369998407386301
0,0,0.0002093468484682752
0,0,0.00022316106271844525
0,0,0.0001943295937786654
0,0,0.0002266717571450785
0,0,0.0003587805795087763
0,0,0.0002062470039414867
0,0,0.0002193523992151842
0,0,0.00033361429304092094
0,0,0.00019566026735178864
0,0,0.00019767464426476787
0,0,0.00019566026735178864
0,0,0.00023538386096584398
0,0,0.0001943295937786654
0,0,0.00020739094180587873
0,0,0.00020739094180587873
0,0,0.00035677730265874883
0,0,0.00035920100663225087
0,0,0.0009258148178597153
0,0,0.0003279625972789579
0,0,0.00019591058078660591
0,0,0.0002436033028188735
0,0,0.0002029781048689538
0,0,0.00019816779962283267
0,0,0.00020508175198370442
0,0,0.0001943295937786654
0,0,0.00021801303169273047
0,0,0.0001943295937786654
0,0,0.00020378818158938317
0,0,0.0017634789531943277
0,0,0.00019650858279916247
0,0,0.000250240551416204
0,0,0.00025423249826663966
0,0,0.00019650858279916247
0,0,0.00020549010471437548
0,0,0.00019650858279916247
0,0,0.00020259227268257894
0,0,0.00019650858279916247
0,0,0.00019650858279916247
0,0,0.00020739094180587873
0,0,0.0001943295937786654
0,0,0.00021450702002365684
0,0,0.00021095229924120962
0,0,0.00024767384184056374
0,0,0.0004542201503673201
0,0,0.0002039229462557022
0,0,0.00020259227268257894
0,0,0.00020259227268257894
0,0,0.0013195714627496956
0,0,0.00021964587432329167
0,0,0.00019566026735178864
0,0,0.00020164743129583054
0,0,0.00019438352382685923
0,0,0.00020625873675865562
0,0,0.0001943295937786654
0,0,0.00068231093814041
0,0,0.0001943295937786654
0,0,0.00020491633036836345
0,0,0.00020220719458144263
0,0,0.00023870721373895376
0,0,0.0005263912805193401
0,0,0.00020180407162357112
0,0,0.0001943295937786654
0,0,0.00020491633036836345
0,0,0.0001994800139377866
0,0,0.00020634218272576284
0,0,0.000332796323933006
0,0,0.000199152961849636
0,0,0.00019566026735178864
0,0,0.00020259227268257894
0,0,0.00019949847319595594
0,0,0.00019650858279916247
0,0,0.0006141617831923726
0,0,0.00020061010274222897
0,0,0.0006451005119277738
0,0,0.0003006419067981776
0,0,0.0002196680965723557
0,0,0.00020963855283704383
0,0,0.0002003396845552543
0,0,0.0009484339609007623
0,0,0.00024574939720467
0,0,0.0029041741070143625
0,0,0.0002436033028188735
0,0,0.00023534062391495988
0,0,0.00021898502489901887
0,0,0.00020259227268257894
0,0,0.0002007758297808869
0,0,0.00019650858279916247
0,0,0.00020375107841058115
0,0,0.0001943295937786654
0,0,0.00021666346974081162
0,0,0.00022125224677291695
0,0,0.0001943295937786654
0,0,0.00021559878360191844
0,0,0.00019958488106024139
0,0,0.00020809970470081452
0,0,0.0001943295937786654
0,0,0.00023534062391495988
0,0,0.0002139116230309486
0,0,0.00021144444001917174
0,0,0.00019731948417545884
0,0,0.00019598881060233557
0,0,0.00019566026735178864
0,0,0.00019566026735178864
0,0,0.00021739365616941142
0,0,0.00020664413158961304
0,0,0.00019731948417545884
0,0,0.00026956470856467956
0,0,0.00019650858279916247
0,0,0.00020492806318553235
0,0,0.00019650858279916247
0,0,0.0001994800139377866
0,0,0.0001994800139377866
0,0,0.00019566026735178864
0,0,0.0001943295937786654
0,0,0.0005365685826666563
0,0,0.0005649219333131899
0,0,0.00019731948417545884
0,0,0.00019650858279916247
0,0,0.0002051484426893996
0,0,0.0002181216289678013
0,0,0.00019566026735178864
0,0,0.0002189266821562121
0,0,0.00019743634273182707
0,0,0.0002066027407468709
0,0,0.00041309907586131224
0,0,0.000198089569807103
0,0,0.00019566026735178864
0,0,0.00019566026735178864
0,0,0.00021792156522638194
0,0,0.00020259227268257894
0,0,0.00026313061145734774
0,0,0.0001943295937786654
0,0,0.00021556920520461164
0,0,0.00021389115805166902
0,0,0.00020491713987618655
0,0,0.000210845295762849
0,0,0.00019566026735178864
0,0,0.00036569780569337335
0,0,0.0010244566428210696
0,0,0.00019566026735178864
0,0,0.00023615174371451877
0,0,0.00033342348078506406
0,0,0.0001943295937786654
0,0,0.00025099845970930984
0,0,0.00020375107841058115
0,0,0.0028436208628936986
0,0,0.0001943295937786654
0,0,0.00033790681364570546
0,0,0.001347990753235324
0,0,0.00020259227268257894
0,0,0.0003362400599761025
0,0,0.0003619291714770949
0,0,0.0005372561167188099
0,0,0.0005231475934796419
0,0,0.00021780929457598477
0,0,0.00019650858279916247
0,0,0.0004401662092957955
0,0,0.00019591058078660591
0,0,0.0003496881953574197
0,0,0.00019650858279916247
0,0,0.00020016331405807024
0,0,0.00019566026735178864
0,0,0.0002031530763980246
0,0,0.00022599252893131032
0,0,0.00020259227268257894
1,1,0.929134002042499
0,0,0.00020346106019636528
0,0,0.0002024350466045571
0,0,0.00019566026735178864
0,0,0.0004515096817058941
0,0,0.0002160906120514457
0,0,0.00019566026735178864
0,0,0.00019591058078660591
0,0,0.00019650858279916247
0,0,0.0002155708398546188
0,0,0.00019566026735178864
0,0,0.00020702263670084882
0,0,0.00020506478388793143
0,0,0.0005951372577198906
0,0,0.0001980038940523009
0,0,0.00019566026735178864
0,0,0.0001943295937786654
0,0,0.0002039229462557022
0,0,0.00020282438500361508
0,0,0.0002031530763980246
0,0,0.0007348384228034428
0,0,0.00022845558018456678
0,0,0.00019650858279916247
0,0,0.00026974260043185713
0,0,0.00019591058078660591
0,0,0.00020741044529933446
0,0,0.0002039229462557022
0,0,0.0002039229462557022
0,0,0.0002039229462557022
0,0,0.00019566026735178864
0,0,0.00023510092476710886
0,0,0.00019783925637228573
0,0,0.0015304043572353571
0,0,0.0001943295937786654
0,0,0.0002499387822363927
0,0,0.00019591058078660591
0,0,0.0001943295937786654
0,0,0.0002048319148631828
0,0,0.00021047228887254049
0,0,0.000347683557110185
0,0,0.00019826698646240672
0,0,0.00019591058078660591
0,0,0.0002509768739034861
0,0,0.00019717412237641853
0,0,0.0001943295937786654
0,0,0.0001943295937786654
0,0,0.0001943295937786654
0,0,0.0024877502876581963
0,0,0.0001943295937786654
0,0,0.0008291644566920285
0,0,0.0002074308310807313
0,0,0.00033135358377923095
0,0,0.00019591058078660591
0,0,0.0001943295937786654
0,0,0.0005626796158351508
0,0,0.0001943295937786654
0,0,0.0001943295937786654
0,0,0.0005940868144226224
0,0,0.0001943295937786654
0,0,0.00019566026735178864
0,0,0.00019650858279916247
0,0,0.0008843115053006251
0,0,0.0001943295937786654
0,0,0.00020220719458144263
0,0,0.00019949847319595594
0,0,0.0001943295937786654
0,0,0.00019650858279916247
0,0,0.00020259227268257894
0,0,0.000215102787730439
0,0,0.0002062470039414867
0,0,0.0002176339911371826
0,0,0.0002039229462557022
0,0,0.00023534062391495988
0,0,0.00020157208939008405
0,0,0.00019832460110528902
0,0,0.0002062470039414867
0,0,0.0015149600870245704
0,0,0.0001943295937786654
0,0,0.00019566026735178864
0,0,0.0007057308061740112
0,0,0.00021196799328552178
0,0,0.0001994800139377866
0,0,0.0002200129581125077
0,0,0.00020491633036836345
0,0,0.0002028291225876211
0,0,0.00020157208939008405
0,0,0.0010326845229218457
0,0,0.0005281417015999691
0,0,0.0001943295937786654
0,0,0.000410417800615337
0,0,0.00019650858279916247
0,0,0.0001994800139377866
0,0,0.00038750047425944247
0,0,0.00023400995034183659
0,0,0.00019816779962283267
0,0,0.00029761996823940955
0,0,0.00020259227268257894
0,0,0.00020259227268257894
0,0,0.00019824637128955936
0,0,0.00028235836693193365
0,0,0.0003419733641108686
0,0,0.00019650858279916247
0,0,0.0002046976224928104
0,0,0.0003739017195518194
0,0,0.00019566026735178864
0,0,0.00020049722336473003
0,0,0.0002039229462557022
0,0,0.0005756455823522973
0,0,0.0011133697657994012
0,0,0.07915302508581509
0,0,0.0002062470039414867
0,0,0.00022138956077655847
0,0,0.00019731948417545884
0,0,0.0002062470039414867
0,0,0.0005661022702103213
0,0,0.00019783925637228573
0,0,0.00021622441083630716
0,0,0.00019783925637228573
0,0,0.00020259227268257894
0,0,0.0001994800139377866
0,0,0.0001943295937786654
0,0,0.00026924886851962404
0,0,0.00031076699073070204
0,0,0.00020885691698391528
0,0,0.0001980038940523009
0,0,0.0006037818320020203
0,0,0.00020355450451862224
0,0,0.0002028291225876211
0,0,0.00033611947236892545
0,0,0.0001943295937786654
0,0,0.00022237144051110653
0,0,0.00021908037095438412
0,0,0.00020380995025913324
0,0,0.00045024925345884
0,0,0.00019650858279916247
0,0,0.000229129988183438
0,0,0.00019783925637228573
0,0,0.0002095920544275892
0,0,0.00027210237464041437
0,0,0.000215268542608656
0,0,0.0002039229462557022
0,0,0.0001943295937786654
0,0,0.00019783925637228573
0,0,0.00019566026735178864
0,0,0.0002007758297808869
0,0,0.00021900199299479192
0,0,0.00020003302073850175
0,0,0.0001994800139377866
0,0,0.0002311501740639944
0,0,0.000237519612935457
0,0,0.0002120804480201899
0,0,0.0001943295937786654
0,0,0.0001943295937786654
0,0,0.0002039229462557022
0,0,0.00019650858279916247
0,0,0.00021976575868520694
0,0,0.000324134910054265
0,0,0.00019939807983023817
0,0,0.000583061655463405
0,0,0.00020180407162357112
0,0,0.00024211540316772834
0,0,0.00028456099451988924
0,0,0.00019566026735178864
0,0,0.00019650858279916247
0,0,0.0001943295937786654
0,0,0.00020468684619789538
0,0,0.00019731948417545884
0,0,0.00019566026735178864
0,0,0.0003290251423705257
0,0,0.00020016331405807024
0,0,0.0001970070642645654
0,0,0.0002154662693935431
0,0,0.00019816779962283267
0,0,0.00029761964318239596
0,0,0.00458354873497348
0,0,0.00022974822471486764
0,0,0.0002039229462557022
0,0,0.00047184145915045206
0,0,0.0003153095584879643
0,0,0.00034222655466534225
0,0,0.00020158226430495036
0,0,0.0008682875709080892
0,0,0.00019566026735178864
0,0,0.00019566026735178864
0,0,0.00030629794220579854
0,0,0.00020534973230861895
0,0,0.0001988443733021159
0,0,0.0002157606692892479
0,0,0.0001943295937786654
0,0,0.0005249999746219091
0,0,0.000321387747370692
0,0,0.00020290276296320732
0,0,0.0005423163032855098
0,0,0.00019566026735178864
0,0,0.00021490546567809753
0,0,0.00021996180273567856
0,0,0.00023534062391495988
0,0,0.00023400995034183659
0,0,0.000580128330905973
0,0,0.00020259227268257894
0,0,0.00020172584180784146
0,0,0.00019566026735178864
0,0,0.0001943295937786654
0,0,0.00019940178412205693
0,0,0.00020967197482922478
0,0,0.00019933456762542416
0,0,0.00020220719458144263
0,0,0.0001943295937786654
0,0,0.00020604724381210758
0,0,0.0001943295937786654
0,0,0.00019783925637228573
0,0,0.00020634606302156555
0,0,0.0001943295937786654
0,0,0.00020739094180587873
0,0,0.0006591788794991293
0,0,0.0002164822623668507
0,0,0.00021821840196788945
0,0,0.000834800572150676
0,0,0.0001943295937786654
0,0,0.0028353648529848754
0,0,0.0001943295937786654
0,0,0.0004538872365103546
0,0,0.00021015244936780432
0,0,0.00019566026735178864
0,0,0.0001943295937786654
0,0,0.00020602431090459408
0,0,0.0001943295937786654
0,0,0.00019591058078660591
0,0,0.00022167361183874566
0,0,0.00022591001887070031
0,0,0.0002031530763980246
0,0,0.0002401012958837583
0,0,0.00019954720233368922
0,0,0.00019783925637228573
0,0,0.0002039229462557022
0,0,0.00019566026735178864
0,0,0.00020739094180587873
0,0,0.00020282438500361508
0,0,0.00020426852427873427
0,0,0.0004019619699002202
0,0,0.0002007758297808869
0,0,0.00022841973516233622
0,0,0.0005770930414444747
0,0,0.0001943295937786654
0,0,0.0001994800139377866
0,0,0.00019650858279916247
0,0,0.00020988544965627488
0,0,0.00021659921618177923
0,0,0.00020259227268257894
0,0,0.00019566026735178864
0,0,0.00021349899166856563
0,0,0.00020535378024450447
0,0,0.00021167326323544755
0,0,0.00025613291763361775
0,0,0.00019949847319595594
0,0,0.0002196680965723557
0,0,0.0001943295937786654
0,0,0.00020149371143049182
0,0,0.00024339296159059428
0,0,0.00019949847319595594
0,0,0.0001943295937786654
0,0,0.00019591058078660591
0,0,0.00021627602852607332
0,0,0.00019731948417545884
0,0,0.0005910387123731099
0,0,0.0002781242971293498
0,0,0.00019566026735178864
0,0,0.00019566026735178864
0,0,0.00019650858279916247
0,0,0.0002016773818863082
0,0,0.00023566916716550682
0,0,0.00019965527467841228
0,0,0.0009980604307466858
0,0,0.000211106080493093
0,0,0.0002286395694789606
0,0,0.0001943295937786654
0,0,0.00020176387008073848
0,0,0.00020081068751090985
0,0,0.0002170747033663721
0,0,0.00037996326780849655
0,0,0.00020492806318553235
0,0,0.00022902720765199938
0,0,0.00020593732316868138
0,0,0.0002481751442831716
0,0,0.00020081068751090985
0,0,0.00032016915637362355
0,0,0.00020250785717739828
0,0,0.000645982303411545
0,0,0.00035291803680472563
0,0,0.0003728494646082501
0,0,0.0001943295937786654
0,0,0.00019933386108843805
0,0,0.00019877910082596943
0,0,0.00020492806318553235
0,0,0.00019783925637228573
0,0,0.00022446336781954148
0,0,0.00020180407162357112
0,0,0.00020259227268257894
0,0,0.00032874890162192183
0,0,0.0004564034763016056
0,0,0.0002748806449595142
0,0,0.001096448803044305
0,0,0.00020842312107022262
0,0,0.0002084098343740339
0,0,0.0004453570364785141
0,0,0.00025358874099754334
0,0,0.00022745869809453646
0,0,0.00019650858279916247
0,0,0.00020625873675865562
0,0,0.0003023431868680674
0,0,0.0002668111268751249
0,0,0.0001943295937786654
0,0,0.00028600001500756335
0,0,0.0001943295937786654
0,0,0.00021343083875190346
0,0,0.0001943295937786654
0,0,0.0004821681606600935
0,0,0.0008043811776241067
0,0,0.00021050720176984223
0,0,0.00020826138085446592
0,0,0.00019650858279916247
0,0,0.00020883677960497078
0,0,0.0004675440149111824
0,0,0.00019816779962283267
0,0,0.00026520103415172703
0,0,0.0002015158631451293
0,0,0.00020869335301529031
0,0,0.0002024559432665351
0,0,0.0001943295937786654
0,0,0.00019650858279916247
0,0,0.00019566026735178864
0,0,0.00020739094180587873
0,0,0.00019783925637228573
0,0,0.00019598881060233557
0,0,0.00020826138085446592
0,0,0.0001943295937786654
0,0,0.0001943295937786654
0,0,0.00020837130149789208
0,0,0.0021819505621354465
0,0,0.0001966536514644499
0,0,0.0003606887543326538
0,0,0.00021182978051677921
0,0,0.0002154970679851776
0,0,0.0003288257079978603
0,0,0.00019731948417545884
0,0,0.0002079068849984103
0,0,0.00023534062391495988
0,0,0.0002356219084833623
0,0,0.00044089655649937775
0,0,0.00033356339855994453
0,0,0.00019783925637228573
0,0,0.0001943295937786654
0,0,0.00034290829868320334
0,0,0.00021452767724438687
0,0,0.000203155967942403
0,0,0.00044484626858346123
0,0,0.00020913632510093734
0,0,0.00033739655954310874
0,0,0.00021855289934682564
0,0,0.00039200014078772267
0,0,0.00019824637128955936
0,0,0.00019999608184279472
0,0,0.00019566026735178864
0,0,0.00020003302073850175
0,0,0.0003434826773358611
0,0,0.00020180407162357112
0,0,0.00025790826052747725
0,0,0.001851774151549577
0,0,0.0001994800139377866
0,0,0.0002388507118373559
0,0,0.00039566022504677136
0,0,0.00020259227268257894
0,0,0.00020545766987391237
0,0,0.00038525482303238196
0,0,0.0002650361735309572
0,0,0.00019650858279916247
0,0,0.00019798432503757317
0,0,0.0001965772881930752
0,0,0.00021774969738126088
0,0,0.00019650858279916247
0,0,0.00022027044423609166
0,0,0.00020259227268257894
0,0,0.0004160955873588166
0,0,0.0003854728321192061
0,0,0.00019566026735178864
0,0,0.00029179575714498074
0,0,0.0002492750029589564
0,0,0.0002351388295152547
0,0,0.00019650858279916247
0,0,0.00019566026735178864
0,0,0.00020042536031005646
0,0,0.00019566026735178864
0,0,0.0002566197015560018
0,0,0.00019650858279916247
0,0,0.0001943295937786654
0,0,0.000210878440849511
0,0,0.00019816779962283267
0,0,0.0002191085918393209
0,0,0.0001943295937786654
0,0,0.00019566026735178864
0,0,0.00037985780922301503
0,0,0.0002007758297808869
0,0,0.00020282438500361508
0,0,0.00020259227268257894
0,0,0.0002068272285277975
0,0,0.0002039229462557022
0,0,0.00021715293318210177
0,0,0.0008993287902761086
0,0,0.0002472982001457621
0,0,0.0001943295937786654
0,0,0.0002547537346683957
0,0,0.0002035378681545659
0,0,0.00019751333646429655
0,0,0.0005921678861712459
0,0,0.00019566026735178864
0,0,0.0002920596971802419
0,0,0.00019566026735178864
0,0,0.00021017814497102013
0,0,0.00020259227268257894
0,0,0.00020624781344930982
0,0,0.00020872161537900202
0,0,0.00020378818158938317
0,0,0.00020251404286684928
0,0,0.004408303957273904
0,0,0.00019598881060233557
0,0,0.0001994800139377866
0,0,0.0016235797753702509
0,0,0.0005378966846265182
0,0,0.0002134786329084663
0,0,0.00024150288744491168
0,0,0.00020156855695570747
0,0,0.00019767464426476787
0,0,0.0005935662820560983
0,0,0.000548383848440154
0,0,0.00020157208939008405
0,0,0.000324620238998115
0,0,0.00022003479923772733
0,0,0.00020461886243445463
0,0,0.0001943295937786654
0,0,0.00021314940875014844
0,0,0.00021698558367101934
0,0,0.00024202360246910212
0,0,0.00020625873675865562
0,0,0.00022653306050652268
0,0,0.0001943295937786654
0,0,0.00021099258327963947
0,0,0.00020969340524351726
0,0,0.00032800879634158834
0,0,0.00019591058078660591
0,0,0.0003739017195518194
0,0,0.0003057969508293727
0,0,0.0003949665651565115
0,0,0.00022522465352499226
0,0,0.0002139116230309486
0,0,0.0001952373988068358
0,0,0.0026550620118691273
0,0,0.00019566026735178864
0,0,0.0001943295937786654
0,0,0.0002046140356250542
0,0,0.00019731948417545884
0,0,0.0004918951431039699
0,0,0.00023459977302970128
0,0,0.0002165908916532587
0,0,0.0002071530841020592
0,0,0.00020491633036836345
0,0,0.00019650858279916247
0,0,0.00020424596413057172
0,0,0.00021960776994636033
0,0,0.00020220719458144263
0,0,0.00020548886690097804
0,0,0.000199152961849636
0,0,0.00020220719458144263
0,0,0.0001943295937786654
0,0,0.011811642739323717
0,0,0.0001943295937786654
0,0,0.0001943295937786654
0,0,0.00021311167206978718
0,0,0.0001943295937786654
0,0,0.00020282438500361508
0,0,0.0002638862281465257
0,0,0.00019798432503757317
0,0,0.0004303132742868896
0,0,0.00023680012207977618
0,0,0.00019650858279916247
0,0,0.00019566026735178864
0,0,0.0006463131290009288
0,0,0.00036368399194310817
0,0,0.00023468437660328066
0,0,0.000202954818801384
0,0,0.00030630683514342946
0,0,0.00022551185652251027
0,0,0.0001943295937786654
0,0,0.00022911008354954522
0,0,0.00024206228801747104
0,0,0.00038314459243451104
0,0,0.0008127751999934744
0,0,0.0001943295937786654
0,0,0.00020508175198370442
0,0,0.0011348989812927457
0,0,0.00019650858279916247
0,0,0.00020288194467288744
0,0,0.00021549233040117155
0,0,0.0002076786269663701
0,0,0.00020386641140511283
0,0,0.0002869483236943736
0,0,0.0006021875002669239
0,0,0.00019650858279916247
0,0,0.00020220719458144263
0,0,0.0004196238140019269
0,0,0.0004951170950219686
0,0,0.0002194086741071552
0,0,0.0004688129078710885
0,0,0.00019650858279916247
0,0,0.00019650858279916247
0,0,0.00019566026735178864
0,0,0.00019650858279916247
0,0,0.00021860038372263662
0,0,0.0003464745576056137
0,0,0.00019870234716537849
0,0,0.0001943295937786654
0,0,0.00021627602852607332
0,0,0.0001943295937786654
0,0,0.0003574270722903998
0,0,0.0001943295937786654
0,0,0.00019566026735178864
0,0,0.00028921405146260185
0,0,0.0002064986852772506
0,0,0.0001994800139377866
0,0,0.00020220403935919496
0,0,0.00019650858279916247
0,0,0.0001943295937786654
0,0,0.0002757498921513018
0,0,0.0006841791940559217
0,0,0.04961354538795557
0,0,0.00033614137441910854
0,0,0.00021917084542355978
0,0,0.00029707695401975915
0,0,0.0001943295937786654
0,0,0.0010547793587809807
0,0,0.00030630683514342946
0,0,0.00020328336205193093
0,0,0.00031651682505971226
0,0,0.00020604724381210758
0,0,0.00020872161537900202
0,0,0.0002051484426893996
0,0,0.0002062470039414867
0,0,0.00020731271199014907
0,0,0.00019798432503757317
0,0,0.00019591058078660591
0,0,0.0001943295937786654
0,0,0.0001943295937786654
0,0,0.00021051837945808925
0,0,0.0003944838470190449
0,0,0.0006323213302376331
0,0,0.00023966734174799006
0,0,0.00019566026735178864
0,0,0.00044942194203240524
0,0,0.00019650858279916247
0,0,0.00020624781344930982
0,0,0.00021737278142923487
0,0,0.0003947501623437821
0,0,0.0001943295937786654
0,0,0.00019767464426476787
0,0,0.00020983487722361024
0,0,0.0001943295937786654
0,0,0.0003630032318410927
0,0,0.00019898944196740335
0,0,0.00019566026735178864
0,0,0.00020290276296320732
0,0,0.0001943295937786654
0,0,0.0002120025130229806
0,0,0.00020259227268257894
0,0,0.000217689313365907
0,0,0.00019650858279916247
0,0,0.00027254485445656073
0,0,0.00019591058078660591
0,0,0.0001943295937786654
0,0,0.00020157208939008405
0,0,0.0002962123528292347
0,0,0.00020259227268257894
0,0,0.000710999198719905
0,0,0.00020491633036836345
0,0,0.00020259227268257894
0,0,0.00019650858279916247
0,0,0.0005168974352326104
0,0,0.0002039229462557022
0,0,0.0001916692215482623
0,0,0.00020773112117924698
0,0,0.00019566026735178864
0,0,0.01443915769228752
0,0,0.0001943295937786654
0,0,0.00019783925637228573
0,0,0.00020282438500361508
0,0,0.0002097215440857431
0,0,0.00175694482151865
0,0,0.00035964715280821193
0,0,0.0002237319198051728
0,0,0.0004198305574846203
0,0,0.0003066468067307164
0,0,0.00020731271199014907
0,0,0.00019650858279916247
0,0,0.00020081068751090985
0,0,0.00021498431246665302
0,0,0.0002096588863224684
0,0,0.000879597512134523
0,0,0.0002124908052372763
0,0,0.0001943295937786654
0,0,0.0002083282127493451
0,0,0.0003157819669801439
0,0,0.00019650858279916247
0,0,0.00021309459376709633
0,0,0.000267328539684573
0,0,0.0001943295937786654
0,0,0.00021217055879695104
0,0,0.00020259227268257894
0,0,0.00029721284446656545
0,0,0.00020492806318553235
0,0,0.0002995770741852286
0,0,0.00038089166685966456
0,0,0.00020671131998551564
0,0,0.0001943295937786654
0,0,0.0001943295937786654
0,0,0.00021139758525532366
0,0,0.0004621604599398866
0,0,0.000537735485291056
0,0,0.0001943295937786654
0,0,0.0002929203908880973
0,0,0.00045983640225410213
0,0,0.00019650858279916247
0,0,0.0002368493796494088
0,0,0.0001943295937786654
0,0,0.0001943295937786654
0,0,0.00019566026735178864
0,0,0.0009005473205850886
0,0,0.0001943295937786654
0,0,0.00026332557257494266
0,0,0.000198089569807103
0,0,0.00020259227268257894
0,0,0.0001943295937786654
0,0,0.0002039229462557022
0,0,0.0002205324164270497
0,0,0.00020367270045098892
0,0,0.00021704956730810127
0,0,0.00020976662158368473
0,0,0.00019783925637228573
0,0,0.00019591058078660591
0,0,0.00033542920244259707
0,0,0.0006970146190961827
0,0,0.0002122937529226109
0,0,0.0002680465093354424
0,0,0.00020157208939008405
0,0,0.0001994800139377866
0,0,0.00019650858279916247
0,0,0.00020983476829399762
0,0,0.0005322971951230107
0,0,0.0004132053793124041
0,0,0.0002514213687599967
0,0,0.0003494982234424304
0,0,0.00019798432503757317
0,0,0.0002020331186916924
0,0,0.00032114754156774847
0,0,0.00020792277634322262
0,0,0.00034975210863689055
0,0,0.00022264919623322073
0,0,0.0002039229462557022
0,0,0.0002432492937988808
0,0,0.0002196931189820403
0,0,0.00020250785717739828
0,0,0.0001943295937786654
0,0,0.0002074308310807313
0,0,0.0002254693330749386
0,0,0.00019650858279916247
0,0,0.00019799605785474208
0,0,0.00019783925637228573
0,0,0.0001943295937786654
0,0,0.00020821546319615663
0,0,0.00020560935663420965
0,0,0.00019816779962283267
0,0,0.00020514912210967357
0,0,0.0002062470039414867
0,0,0.00019566026735178864
0,0,0.0002111654418671209
0,0,0.0002868648882340108
0,0,0.0002039229462557022
0,0,0.00019566026735178864
0,0,0.00029696088839974345
0,0,0.00019954720233368922
0,0,0.0002962811334117139
0,0,0.00019598881060233557
0,0,0.00019566026735178864
0,0,0.00027879535355928615
0,0,0.00021549233040117155
0,0,0.00044483928655300267
0,0,0.00019683867516068508
0,0,0.007707565312418058
0,0,0.0002039229462557022
0,0,0.00020459557636688484
0,0,0.00019650858279916247
0,0,0.0001943295937786654
0,0,0.0002067240007116016
0,0,0.00019591058078660591
0,0,0.00020456197978687752
0,0,0.00019566026735178864
0,0,0.0004401304903803821
0,0,0.0006905867651129891
0,0,0.00020251404286684928
0,0,0.00020259227268257894
0,0,0.0005633126411124307
0,0,0.00019783925637228573
0,0,0.0002150761443769211
0,0,0.0003497808108306526
0,0,0.00021390035315052263
0,0,0.0006704919233576672
0,0,0.00023468420703887837
0,0,0.00029761996823940955
0,0,0.00019566026735178864
0,0,0.00023534062391495988
0,0,0.0008098448908406444
0,0,0.0003208446786897619
0,0,0.0001988443733021159
0,0,0.0001943295937786654
0,0,0.00022938160854116707
0,0,0.00023932965293017836
0,0,0.0007859405090130305
0,0,0.0002076582773365195
0,0,0.0007476752553095392
0,0,0.0005263306481950324
0,0,0.002053820480632381
0,0,0.0002039229462557022
0,0,0.00023985247348837487
0,0,0.00021050720176984223
0,0,0.0002031530763980246
0,0,0.00021465813636496823
0,0,0.00020259227268257894
0,0,0.0009218791750274206
0,0,0.00021269736847858632
0,0,0.00021209232898122135
0,0,0.0005907781033228621
0,0,0.00036399560317419715
0,0,0.00019731948417545884
0,0,0.00020671024128772423
0,0,0.00020157208939008405
0,0,0.00019566026735178864
0,0,0.00020491633036836345
0,0,0.00020780988123760276
0,0,0.00019783925637228573
0,0,0.00019862557187851285
0,0,0.00020805318312232853
0,0,0.0001994800139377866
0,0,0.0001943295937786654
0,0,0.0002028291225876211
0,0,0.00032761356830144793
0,0,0.00021102138021320072
0,0,0.0001943295937786654
0,0,0.0007063930662653431
0,0,0.0002059262499400081
0,0,0.0002039229462557022
0,0,0.00019566026735178864
0,0,0.0002665531258302146
0,0,0.0002136189260923254
0,0,0.0002369998407386301
0,0,0.00022276698383096955
0,0,0.00023906770530869695
0,0,0.00019781709282229765
0,0,0.00019566026735178864
0,0,0.00025957767319447964
0,0,0.0001943295937786654
0,0,0.00019591058078660591
0,0,0.00020453125226722714
0,0,0.0002031347451966944
0,0,0.0002007758297808869
0,0,0.00028422516212193874
0,0,0.00019783925637228573
0,0,0.00020132108869025224
0,0,0.00020282438500361508
0,0,0.0001961401410620825
0,0,0.00019650858279916247
0,0,0.00021410145246557772
0,0,0.0002050595884337163
0,0,0.00020416319370526574
0,0,0.0002039229462557022
0,0,0.0018117610454489294
0,0,0.00025731028514209783
0,0,0.0009972481068986606
0,0,0.00019781709282229765
0,0,0.00020259227268257894
0,0,0.00020259227268257894
0,0,0.0002534547812420661
0,0,0.00019731948417545884
0,0,0.00019650858279916247
0,0,0.00019783925637228573
0,0,0.00020259227268257894
0,0,0.0004205541446821773
0,0,0.0001994800139377866
0,0,0.00019650858279916247
0,0,0.00020492806318553235
0,0,0.00030686655660585086
0,0,0.0005874980883686465
0,0,0.0001994800139377866
0,0,0.0001943295937786654
0,0,0.0005382041122287414
0,0,0.00019566026735178864
0,0,0.0002064859896939829
0,0,0.00020218199861103938
0,0,0.00020492806318553235
0,0,0.00019731948417545884
0,0,0.0001943295937786654
0,0,0.0001943295937786654
0,0,0.0001943295937786654
0,0,0.00019783925637228573
0,0,0.0014653214195723633
0,0,0.0003339717282439837
0,0,0.00021817110320922767
0,0,0.00020649812688412707
0,0,0.00019650858279916247
0,0,0.00022063309515889585
0,0,0.0002714018172555273
0,0,0.0002957462804466359
0,0,0.0002165908916532587
0,0,0.00039963338592653735
0,0,0.00026185401325480524
0,0,0.00022373776146074692
0,0,0.0002062470039414867
0,0,0.00019650858279916247
0,0,0.00021299793991014644
0,0,0.0002012064191573594
0,0,0.0001994800139377866
0,0,0.0001943295937786654
0,0,0.00020427868306108638
0,0,0.00020964024151503072
0,0,0.00025075757213223167
0,0,0.00020523855346616076
0,0,0.0001943295937786654
0,0,0.00021050720176984223
0,0,0.00019591058078660591
0,0,0.0002358924380472318
0,0,0.0002105891723863592
0,0,0.0005179669200178139
0,0,0.00023829023581820093
0,0,0.0002062470039414867
0,0,0.00019650858279916247
0,0,0.00019591058078660591
0,0,0.00019566026735178864
0,0,0.00019783925637228573
0,0,0.00019783925637228573
0,0,0.0001943295937786654
0,0,0.000198089569807103
0,0,0.00021325350079796302
0,0,0.0002936288150825436
0,0,0.00019783925637228573
0,0,0.0001994800139377866
0,0,0.00029555190866031313
0,0,0.00020176387008073848
0,0,0.00019438908335946196
0,0,0.00053488937239726
0,0,0.00023944828563775888
0,0,0.0001988443733021159
0,0,0.00022645286138310813
0,0,0.00033097229424476285
0,0,0.000202954818801384
0,0,0.00019798432503757317
0,0,0.0004150390163371189
0,0,0.0002186311291625553
0,0,0.000215306571916636
0,0,0.0022037239696904632
0,0,0.00020259227268257894
0,0,0.00020263792549558553
0,0,0.0002493392428856397
0,0,0.0001980038940523009
0,0,0.00019566026735178864
0,0,0.0001943295937786654
0,0,0.0002097149994916633
0,0,0.0001943295937786654
0,0,0.0006394482110154101
0,0,0.00021260005854227432
0,0,0.0002316595849629802
0,0,0.00019650858279916247
0,0,0.0002906863233529836
0,0,0.0002341293653022685
0,0,0.00019650858279916247
0,0,0.00020666259084778238
0,0,0.00020149371143049182
0,0,0.00020427868306108638
0,0,0.0001943295937786654
0,0,0.00024441731151351483
0,0,0.00019650858279916247
0,0,0.0004066102809843381
0,0,0.0001943295937786654
0,0,0.0002090114374614607
0,0,0.0002062470039414867
0,0,0.00019783925637228573
0,0,0.00033248437926543457
0,0,0.013206618633013385
0,0,0.0001994800139377866
0,0,0.00030950808428857374
0,0,0.00019566026735178864
0,0,0.00023534062391495988
0,0,0.0009251198275156845
0,0,0.010573448096860357
0,0,0.0001943295937786654
0,0,0.00019566026735178864
0,0,0.0001994800139377866
0,0,0.0001943295937786654
0,0,0.0001943295937786654
0,0,0.0004718229157028119
0,0,0.00019949847319595594
0,0,0.000215856890365103
0,0,0.00019731948417545884
0,0,0.0002800975786694165
0,0,0.00029715724295500387
0,0,0.00021821432276106302
0,0,0.0002096588863224684
0,0,0.0001943295937786654
0,0,0.008282894392653683
0,0,0.000570178262728331
0,0,0.0002493392428856397
0,0,0.00019783925637228573
1,0,0.0014105135545719328
0,0,0.0002039229462557022
0,0,0.00019566026735178864
0,0,0.00020735761474056382
0,0,0.000202954818801384
0,0,0.00019566026735178864
0,0,0.00020857444648155182
0,0,0.00019566026735178864
0,0,0.00019591058078660591
0,0,0.0001943295937786654
0,0,0.00021478367785770938
0,0,0.0004974645195019786
0,0,0.00020977991733312032
0,0,0.00019783925637228573
0,0,0.0002072818438842284
0,0,0.00022591001887070031
0,0,0.0002310374633778673
0,0,0.00020967197482922478
0,0,0.00020427868306108638
0,0,0.00019591058078660591
0,0,0.0002097149994916633
0,0,0.00020104428752369807
0,0,0.00032806630283273156
0,0,0.0005525852631781997
0,0,0.00020497581994916
0,0,0.00019598881060233557
0,0,0.0002012036476530041
0,0,0.0002063954574610547
0,0,0.00022092752875192288
0,0,0.00021141864684631658
0,0,0.00020427868306108638
0,0,0.00019901766418118218
0,0,0.00019650858279916247
0,0,0.00019650858279916247
0,0,0.00020391995572040228
0,0,0.00023683787830081445
0,0,0.0001943295937786654
0,0,0.0003008876266565087
0,0,0.0001981008157833846
0,0,0.00021143993707182832
0,0,0.00019783925637228573
0,0,0.00019824637128955936
0,0,0.00019650858279916247
0,0,0.00021774969738126088
0,0,0.00019566026735178864
0,0,0.0002369998407386301
0,0,0.000601829749719676
0,0,0.0001943295937786654
0,0,0.0001943295937786654
0,0,0.00020259227268257894
0,0,0.0001943295937786654
0,0,0.0001943295937786654
0,0,0.00039739388921200964
0,0,0.00020491633036836345
0,0,0.00019566026735178864
0,0,0.0002874096352197649
0,0,0.00023534062391495988
0,0,0.000272324288822775
0,0,0.0012124530132660552
0,0,0.0003536632414904905
0,0,0.00019783925637228573
0,0,0.00023708467756126085
0,0,0.00022001543445314265
0,0,0.00020739094180587873
0,0,0.00019566026735178864
0,0,0.0001966536514644499
0,0,0.000205493867278389
0,0,0.0001943295937786654
0,0,0.0002035378681545659
0,0,0.00023400995034183659
0,0,0.00020259227268257894
0,0,0.0003513395830598317
0,0,0.00023453059535722765
0,0,0.0004102578340233037
0,0,0.00021565724428188835
0,0,0.00019351956522093314
0,0,0.0001943295937786654
0,0,0.0002039229462557022
0,0,0.00020604724381210758
0,0,0.0002086607062019747
0,0,0.0012059981712132803
0,0,0.00019591058078660591
0,0,0.0001943295937786654
0,0,0.0001981895577402144
0,0,0.001507543778265535
0,0,0.00019566026735178864
0,0,0.0002096569345333499
0,0,0.00020427868306108638
0,0,0.01911374655193442
0,0,0.00020739094180587873
0,0,0.0002701533708229183
0,0,0.0004588940254348418
0,0,0.0002074308310807313
0,0,0.00045161056170359636
0,0,0.00020157208939008405
0,0,0.00020471627596346234
0,0,0.00021996180273567856
0,0,0.00020104954566314864
0,0,0.00020081068751090985
0,0,0.000307391560984854
0,0,0.00020533206541852167
0,0,0.00080902958373106
0,0,0.00020508175198370442
0,0,0.00021077053608131187
0,0,0.00022371361846234297
0,0,0.00019783925637228573
0,0,0.0002039229462557022
0,0,0.0002071530841020592
0,0,0.00023534062391495988
0,0,0.0002746949213705228
0,0,0.0002059262499400081
0,0,0.00019650858279916247
0,0,0.00020967197482922478
0,0,0.00019650858279916247
0,0,0.0002048498333698027
0,0,0.0033163836459824078
0,0,0.0007540894077736998
0,0,0.00019650858279916247
0,0,0.0001994800139377866
0,0,0.00019650858279916247
0,0,0.000198832640484947
0,0,0.00021624397985103483
0,0,0.00019566026735178864
0,0,0.0006410185012562634
0,0,0.00021767131942166862
0,0,0.00019783925637228573
0,0,0.00019650858279916247
0,0,0.00019650858279916247
0,0,0.0002156687996172104
0,0,0.0004192075786229295
0,0,0.0001943295937786654
0,0,0.00019591058078660591
0,0,0.00027311369689519965
0,0,0.0002197097251274395
0,0,0.00019767464426476787
0,0,0.0002573422951662285
0,0,0.00022770537691434617
0,0,0.0002111654418671209
0,0,0.0002790133164458312
0,0,0.00019566026735178864
0,0,0.00019591058078660591
0,0,0.00028074659506125983
0,0,0.0008778472395898394
0,0,0.0001943295937786654
0,0,0.0014953742068852028
0,0,0.000202787526205323
0,0,0.00022357972748530264
0,0,0.0001994800139377866
0,0,0.00021774969738126088
0,0,0.0001943295937786654
0,0,0.00020739094180587873
0,0,0.00019650858279916247
0,0,0.00019566026735178864
0,0,0.0002256005410472972
0,0,0.00019566026735178864
0,0,0.00021353325033752327
0,0,0.00019650858279916247
0,0,0.00020876150465385458
0,0,0.00020491633036836345
0,0,0.0002074308310807313
0,0,0.00019783925637228573
0,0,0.0006700851560347466
0,0,0.0001943295937786654
0,0,0.00019650858279916247
0,0,0.00021194822905849225
0,0,0.00020259227268257894
0,0,0.00020299116769380328
0,0,0.00029997325282791543
0,0,0.0001943295937786654
0,0,0.00020456197978687752
0,0,0.0001943295937786654
0,0,0.00025099193601549124
0,0,0.00019798432503757317
0,0,0.00020491633036836345
0,0,0.0003208446786897619
0,0,0.0005071889110367301
0,0,0.00020931361386438695
0,0,0.0022992323127363065
0,0,0.00021222772524548975
0,0,0.006565237986718196
0,0,0.00019566026735178864
0,0,0.0002736085630476573
0,0,0.0001943295937786654
0,0,0.0005960468942293398
0,0,0.0006078183362063133
0,0,0.0002039229462557022
0,0,0.00019783925637228573
0,0,0.00020203692994575194
0,0,0.001157384150936841
0,0,0.0001943295937786654
0,0,0.00021785993582508123
0,0,0.0006956959429811297
0,0,0.00019598881060233557
0,0,0.0003425374586515729
0,0,0.00021792156522638194
0,0,0.00019900531783789113
0,0,0.0002850026651752635
0,0,0.0002522443413964073
0,0,0.0002958475465660394
0,0,0.0003877702657169293
0,0,0.00020477083710751054
0,0,0.0001994800139377866
0,0,0.0002083282127493451
0,0,0.000591726610045046
0,0,0.0003445511104938313
0,0,0.0001943295937786654
0,0,0.0005667140962462206
0,0,0.0002039229462557022
0,0,0.00021996180273567856
0,0,0.00019650858279916247
0,0,0.00021793465373313827
0,0,0.00022464552585503932
0,0,0.00020499144172340345
0,0,0.00019940178412205693
0,0,0.00021588573303082844
0,0,0.00020259227268257894
0,0,0.00020182253088174044
0,0,0.0001943295937786654
0,0,0.00019666538428161882
0,0,0.0001943295937786654
0,0,0.00020282438500361508
0,0,0.0001943295937786654
0,0,0.00037430417217037496
0,0,0.00019112058479030624
0,0,0.00019940327528445326
0,0,0.00022777646443897278
0,0,0.00023566916716550682
0,0,0.00019650858279916247
0,0,0.0002191484811141735
0,0,0.0002033854081778565
0,0,0.0001943295937786654
0,0,0.00019783925637228573
0,0,0.000270382090394455
0,0,0.00030055339749022347
0,0,0.00020735260126500163
0,0,0.0002044836018272853
0,0,0.00020570434276889022
0,0,0.00020793994743271334
0,0,0.00019958488106024139
0,0,0.00019731948417545884
0,0,0.00019650858279916247
0,0,0.0002050595884337163
0,0,0.0001994800139377866
0,0,0.0001943295937786654
0,0,0.00019783925637228573
0,0,0.00021192282722483978
0,0,0.0003223046869518301
0,0,0.00021900200299439555
0,0,0.00019566026735178864
0,0,0.00019650858279916247
0,0,0.00021558502347906872
0,0,0.00020739094180587873
0,0,0.0001943295937786654
0,0,0.00022167724593704982
0,0,0.0002666080213756078
0,0,0.00021342285441048204
0,0,0.00019783925637228573
0,0,0.00020664577089587194
0,0,0.0001943295937786654
0,0,0.0002254693330749386
0,0,0.0002063954574610547
0,0,0.00020491633036836345
0,0,0.00019650858279916247
0,0,0.0002312978691383947
0,0,0.00022923742073229013
0,0,0.00020110437303143383
0,0,0.0005728189751713296
0,0,0.0005204549508273346
0,0,0.0001994800139377866
0,0,0.00026860150683252743
0,0,0.0001943295937786654
0,0,0.00019832460110528902
0,0,0.0002229558976993841
0,0,0.00022414246899459632
0,0,0.0006355654760746547
0,0,0.0002589328634134204
0,0,0.00023534062391495988
0,0,0.00019783925637228573
0,0,0.00019731948417545884
0,0,0.00020034066474861704
0,0,0.0001943295937786654
0,0,0.00019731948417545884
0,0,0.00020259227268257894
0,0,0.0002975907635832443
0,0,0.0005060397556394346
0,0,0.00020259227268257894
0,0,0.0005914998401472733
0,0,0.00021878508875108112
0,0,0.002456110700623786
0,0,0.00019566026735178864
0,0,0.00020081068751090985
0,0,0.0334442172052881
0,0,0.00022100731052422418
0,0,0.0001943295937786654
0,0,0.00019666538428161882
0,0,0.00019650858279916247
0,0,0.00024085831027033765
0,0,0.0002647275850560186
0,0,0.000286781225256934
0,0,0.00020259227268257894
1,1,0.9945941012002718
0,0,0.00022201196859283952
0,0,0.00022025871141892277
0,0,0.00023534062391495988
0,0,0.00022543608909860073
0,0,0.0002048498333698027
0,0,0.00020045500736185965
0,0,0.00020822623283260467
0,0,0.0002225092000347787
0,0,0.00021141864684631658
0,0,0.000449979444196836
0,0,0.00021478367785770938
0,0,0.00020081068751090985
0,0,0.0026717298387556876
0,0,0.001266288006447533
0,0,0.0002058736586575193
0,0,0.00033988080879327284
0,0,0.00020081068751090985
0,0,0.00020259227268257894
0,0,0.0002150574997310618
0,0,0.0002051094599777451
0,0,0.0001943295937786654
0,0,0.00019566026735178864
0,0,0.00022466015525371256
0,0,0.0001943295937786654
0,0,0.00020998233502230406
0,0,0.0002055018554895151
0,0,0.00019650858279916247
0,0,0.00019783925637228573
0,0,0.00019566026735178864
0,0,0.00019913003145887595
0,0,0.0002039229462557022
0,0,0.00021184089872701325
0,0,0.0002533225173950944
0,0,0.00019591058078660591
0,0,0.0002540724199846943
0,0,0.005940413489202115
0,0,0.00020259227268257894
0,0,0.00022645535977196997
0,0,0.00020384103225215276
0,0,0.0002111976639712288
0,0,0.00020157208939008405
0,0,0.002026744977405448
0,0,0.0001943295937786654
0,0,0.00020259227268257894
0,0,0.00030572227155348036
0,0,0.0004176957732329439
0,0,0.0004863259820998734
0,0,0.0004406158561731073
0,0,0.00020624781344930982
0,0,0.0005428522438732938
0,0,0.00021379237597419555
0,0,0.0001994800139377866
0,0,0.0001948502387940564
0,0,0.0002326548117659626
0,0,0.00019783925637228573
0,0,0.00021463343741729744
0,0,0.00019566026735178864
0,0,0.0001943295937786654
0,0,0.00019598881060233557
0,0,0.00034310745543879583
0,0,0.0002423495940966082
0,0,0.00022960059361139983
0,0,0.00020383690779471965
0,0,0.002867511282485059
0,0,0.00022988615432405159
0,0,0.00021600400026527324
0,0,0.0007073957565532204
0,0,0.00020613061999343287
0,0,0.00021359614528954833
0,0,0.00019731948417545884
0,0,0.0002323169229005482
0,0,0.00020157208939008405
0,0,0.0003072486119133352
0,0,0.00022360371148750577
0,0,0.0001980038940523009
0,0,0.000219166630674807
0,0,0.0001943295937786654
0,0,0.00019894100596561478
0,0,0.00019591058078660591
0,0,0.00019824637128955936
0,0,0.00047637271022381197
0,0,0.00020259227268257894
0,0,0.00020456197978687752
0,0,0.0003574117413243117
0,0,0.0003630032318410927
0,0,0.00020323130621375426
0,0,0.00020903850868480043
0,0,0.0003138856713069203
0,0,0.0001994800139377866
0,0,0.0001994800139377866
0,0,0.00019566026735178864
0,0,0.00023534062391495988
0,0,0.00020282438500361508
0,0,0.00021143993707182832
0,0,0.00020251404286684928
0,0,0.0002801582483611204
0,0,0.0001943295937786654
0,0,0.0002552510649239351
0,0,0.0002035378681545659
0,0,0.00021366698215584835
0,0,0.00019591058078660591
0,0,0.00033397115117219934
0,0,0.00026268854412408836
0,0,0.0005543731610384667
0,0,0.00019731948417545884
0,0,0.00028952737034751755
0,0,0.00019650858279916247
0,0,0.00020541187489864582
0,0,0.0002039229462557022
0,0,0.00019650858279916247
0,0,0.0002035378681545659
0,0,0.00020508175198370442
0,0,0.00047536275749767765
0,0,0.0001943295937786654
0,0,0.00021467840871138035
0,0,0.0005297012481645681
0,0,0.00023534062391495988
0,0,0.0001943295937786654
0,0,0.0026484880953050313
0,0,0.00035648320023633624
0,0,0.00029276231721959647
0,0,0.005010560199275025
0,0,0.00020259227268257894
0,0,0.0002981469311565364
0,0,0.0002063954574610547
0,0,0.00019566026735178864
0,0,0.00021473538888516577
0,0,0.00020220719458144263
0,0,0.00019566026735178864
0,0,0.00038528752705511656
0,0,0.0002361889393623337
0,0,0.00022148850156817454
0,0,0.0002539976749660917
0,0,0.0005442149561565184
0,0,0.0001943295937786654
0,0,0.0002550628936710292
0,0,0.00019783925637228573
0,0,0.001225314647126785
0,0,0.0012988387859487554
0,0,0.00019783925637228573
0,0,0.00020081068751090985
0,0,0.00019731948417545884
0,0,0.00028499944155829267
0,0,0.0007111805379814895
0,0,0.000198832640484947
0,0,0.00019566026735178864
0,0,0.000361175100328487
0,0,0.00019566026735178864
0,0,0.00019598881060233557
0,0,0.0003569123960290624
0,0,0.0001985880512725059
0,0,0.00020570434276889022
0,0,0.00020259227268257894
0,0,0.0004001003964427655
0,0,0.00021309459376709633
0,0,0.00020625873675865562
0,0,0.00022535722547685618
0,0,0.0005567118551126805
0,0,0.00020773112117924698
0,0,0.00021767131942166862
0,0,0.0001952373988068358
0,0,0.00019591058078660591
0,0,0.0006896881637942508
0,0,0.0002119224634450806
0,0,0.00048609322711177757
0,0,0.00023534062391495988
0,0,0.0001994800139377866
0,0,0.0001943295937786654
0,0,0.0001994800139377866
0,0,0.0002062470039414867
0,0,0.00019591058078660591
0,0,0.0001943295937786654
0,0,0.00020701090388367988
0,0,0.0001943295937786654
0,0,0.00019666538428161882
0,0,0.00020548886690097804
0,0,0.000347724914484475
0,0,0.00019271071172710031
0,0,0.0002013072519224623
0,0,0.0013894488883713172
0,0,0.00019566026735178864
0,0,0.00047503350771014463
0,0,0.00021513757799913367
0,0,0.0002118463769364375
0,0,0.0010099010517860985
0,0,0.0001943295937786654
0,0,0.0001943295937786654
0,0,0.00032150655415436573
0,0,0.0002039229462557022
0,0,0.00022508568287820838
0,0,0.00029386100788775064
0,0,0.0002039229462557022
0,0,0.00019783925637228573
0,0,0.0002189266821562121
0,0,0.00020321307811364898
0,0,0.00019650858279916247
0,0,0.00020822623283260467
0,0,0.00031686020450497017
0,0,0.00019783925637228573
0,0,0.00019964354186124335
0,0,0.0002046140356250542
0,0,0.00020903850868480043
0,0,0.0001994800139377866
0,0,0.045641331547047054
0,0,0.00025091307086817744
0,0,0.00023331377414612247
0,0,0.00020330425871390893
0,0,0.0002168605212150244
0,0,0.00020751126100077247
0,0,0.0001943295937786654
0,0,0.0003406343274663585
0,0,0.00019650858279916247
0,0,0.00021341112159331316
0,0,0.00019650858279916247
0,0,0.00019731948417545884
0,0,0.00019731948417545884
0,0,0.00023534062391495988
0,0,0.0001994800139377866
0,0,0.00023175477230888826
0,0,0.002239769264199436
0,0,0.0007217579638821776
0,0,0.00021581442341141974
0,0,0.0001943295937786654
0,0,0.00026745580944156894
0,0,0.000298298061236661
0,0,0.00022650266195586136
0,0,0.0001943295937786654
0,0,0.00019566026735178864
0,0,0.00021556920520461164
0,0,0.00019650858279916247
0,0,0.00020282438500361508
0,0,0.0002060868689135346
0,0,0.0002062470039414867
0,0,0.0003132505470984319
0,0,0.0002558386907191886
0,0,0.00020517547049781905
0,0,0.00020259227268257894
0,0,0.00021143747012792097
0,0,0.00019566026735178864
0,0,0.00019566026735178864
0,0,0.00020290276296320732
0,0,0.0005233880905780474
0,0,0.0005322117707961082
0,0,0.00019731948417545884
0,0,0.00022084130807417053
0,0,0.00020873411819164513
0,0,0.00022003479923772733
0,0,0.00019650858279916247
0,0,0.00021217759628175945
0,0,0.0002062470039414867
0,0,0.00024237922435932965
0,0,0.00024184806108027747
0,0,0.0002097149994916633
0,0,0.00019591058078660591
0,0,0.00020050359012578612
0,0,0.00032586841103278413
0,0,0.0002007758297808869
0,0,0.0001943295937786654
0,0,0.0003491240574393135
0,0,0.0006793129863178882
0,0,0.000338492451231731
0,0,0.003131006403747821
0,0,0.00019783925637228573
0,0,0.0006325999116997398
0,0,0.00021618804275889812
0,0,0.00034080863112096805
0,0,0.000255849703435005
0,0,0.0001943295937786654
0,0,0.00019650858279916247
0,0,0.0003034136236657592
0,0,0.00020081068751090985
0,0,0.00025879469433401304
0,0,0.00033150710564362057
0,0,0.0007217456327584018
0,0,0.00019650858279916247
0,0,0.0002515184999568807
0,0,0.0001943295937786654
0,0,0.0005771846854222862
0,0,0.00020220719458144263
0,0,0.00045856016868136396
0,0,0.00020625873675865562
0,0,0.006241350523234136
0,0,0.00033143530402042384
0,0,0.00036311601536633426
0,0,0.00019799605785474208
0,0,0.00020773112117924698
0,0,0.0002039229462557022
0,0,0.00030197236151029643
0,0,0.00023639294242488082
0,0,0.00040017907414327243
0,0,0.0001943295937786654
0,0,0.00025131352845019893
0,0,0.00019566026735178864
0,0,0.00026217531210655454
0,0,0.00019666538428161882
0,0,0.0002150574997310618
0,0,0.0001943295937786654
0,0,0.00021010679655479773
0,0,0.0005377003602683889
0,0,0.0003200770782702027
0,0,0.00045983640225410213
0,0,0.00040452693603102997
0,0,0.00021006691168220043
0,0,0.0002369998407386301
0,0,0.00020259227268257894
0,0,0.00025518874843280894
0,0,0.0017117000702497566
0,0,0.00027746526635527563
0,0,0.00021118999906722405
0,0,0.00019949847319595594
0,0,0.0004501974673909401
0,0,0.00020259227268257894
0,0,0.00020085132503791612
0,0,0.000356304687744829
0,0,0.00020352793355890044
0,0,0.0002039229462557022
0,0,0.00019598881060233557
0,0,0.00021102690153863716
0,0,0.00019731948417545884
0,0,0.00020500337402411218
0,0,0.00019666538428161882
0,0,0.00037275312079052203
0,0,0.00019566026735178864
0,0,0.00019650858279916247
0,0,0.0003001302584446387
0,0,0.00020259227268257894
0,0,0.0001943295937786654
0,0,0.00019949847319595594
0,0,0.0006928427405103444
0,0,0.015590183294179081
0,0,0.0005177890792588737
0,0,0.0001943295937786654
0,0,0.0002134786329084663
0,0,0.00019566026735178864
0,0,0.0002567752952840712
0,0,0.00024508788638237603
0,0,0.00021556920520461164
0,0,0.00029752159299482206
0,0,0.00019566026735178864
0,0,0.00021358168026875082
0,0,0.00019566026735178864
0,0,0.0002230079195101731
0,0,0.00030917462460409783
0,0,0.00020001513457773234
0,0,0.005892257466761941
0,0,0.0003061488985018601
0,0,0.0001916692215482623
0,0,0.0006049543529368912
0,0,0.00030016796525405757
0,0,0.00019650858279916247
0,0,0.0002041557379970123
0,0,0.00020259227268257894
0,0,0.0011266800088497219
0,0,0.00019798432503757317
0,0,0.0010321194634025045
0,0,0.00021792156522638194
0,0,0.0002093026678226995
0,0,0.009146517867390479
0,0,0.00031266212364773003
0,0,0.00025384255764266517
0,0,0.0001966536514644499
0,0,0.00019650858279916247
0,0,0.0002100422511387312
0,0,0.0003218689949636308
0,0,0.00041579621642774255
0,0,0.00020290276296320732
0,0,0.00020157208939008405
0,0,0.00020081068751090985
0,0,0.0002725382206124904
0,0,0.00021545781066371273
0,0,0.0005466295773245704
0,0,0.00021051837945808925
0,0,0.000209501746031038
0,0,0.00023130314465131225
0,0,0.00033954941921323777
0,0,0.0001943295937786654
0,0,0.00023537705047198149
0,0,0.0002181154638150609
0,0,0.0002062665729562144
0,0,0.00020087787590681246
0,0,0.000246054178438393
0,0,0.0001961401410620825
0,0,0.00020914055481072603
0,0,0.00020655368558703682
0,0,0.00019650858279916247
0,0,0.00019650858279916247
0,0,0.00022103268446326717
0,0,0.00019566026735178864
0,0,0.00019566026735178864
0,0,0.0005312185164893123
0,0,0.0001943295937786654
0,0,0.0002029781048689538
0,0,0.000200182883072798
0,0,0.00021727197944340689
0,0,0.00020842312107022262
0,0,0.00019710622154702292
0,0,0.00019650858279916247
0,0,0.0003358259960550131
0,0,0.00020259227268257894
0,0,0.003703667721931374
0,0,0.00020259227268257894
0,0,0.00019566026735178864
0,0,0.0002598111028947602
0,0,0.000202954818801384
0,0,0.00020251404286684928
0,0,0.0001943295937786654
0,0,0.0001943295937786654
0,0,0.00030879227732681386
0,0,0.0002104698734853562
0,0,0.0002039229462557022
0,0,0.00020997526991343405
0,0,0.00021375654618230257
0,0,0.0002198530807626598
0,0,0.00021185096384972185
0,0,0.00020900930053949337
0,0,0.000241452049203579
0,0,0.00019566026735178864
0,0,0.00019783925637228573
0,0,0.0005261816766590477
0,0,0.0002649711844122736
0,0,0.00019816779962283267
0,0,0.00023319992178410436
0,0,0.000252849173530004
0,0,0.0002525438723022805
0,0,0.00020157208939008405
0,0,0.00020149371143049182
0,0,0.0001994800139377866
0,0,0.00021050720176984223
0,0,0.00021451049235322335
0,0,0.00020604724381210758
0,0,0.00022433125106813704
0,0,0.0001943295937786654
0,0,0.00042764912022179524
0,0,0.00021704817307924835
0,0,0.0001943295937786654
0,0,0.00025663003744570646
0,0,0.00020259227268257894
0,0,0.0001943295937786654
0,0,0.0001943295937786654
0,0,0.0002063954574610547
0,0,0.00021285185224562833
0,0,0.00020624781344930982
0,0,0.0002017261913541863
0,0,0.0002045399880943316
0,0,0.00021284299227279562
0,0,0.00022317369020255468
0,0,0.00019566026735178864
0,0,0.00027390878346046627
0,0,0.0014828344741867258
0,0,0.00020180407162357112
0,0,0.00021132731135709219
0,0,0.0003054621788884874
0,0,0.0001943295937786654
0,0,0.00019650858279916247
0,0,0.0001943295937786654
0,0,0.00019781709282229765
0,0,0.00023766468160074444
0,0,0.00019731948417545884
0,0,0.00019650858279916247
0,0,0.000212990521983168
0,0,0.00021260005854227432
0,0,0.00019591058078660591
0,0,0.0002812416963370337
0,0,0.00039775359843854203
0,0,0.00033351959224930315
0,0,0.00019591058078660591
0,0,0.00020676207168740147
0,0,0.000332170662508813
0,0,0.00019566026735178864
0,0,0.000234868844654514
0,0,0.0001994800139377866
0,0,0.00020263792549558553
0,0,0.00020739094180587873
0,0,0.00022977518328585997
0,0,0.00019650858279916247
0,0,0.00022265687076028043
0,0,0.0006241414916420693
0,0,0.0004467409116144647
0,0,0.0002200129581125077
0,0,0.00020576268705302102
0,0,0.00021108706390752865
0,0,0.00019650858279916247
0,0,0.0005410353277586504
0,0,0.00019650858279916247
0,0,0.00022536412457922002
0,0,0.0001943295937786654
0,0,0.00020151715774892505
0,0,0.00019566026735178864
0,0,0.0001943295937786654
0,0,0.0003875141479369218
0,0,0.002029586470103358
0,0,0.0002194775747773057
0,0,0.00023400995034183659
0,0,0.00021128177018089366
0,0,0.0034604104652165655
0,0,0.00045983640225410213
0,0,0.0001966536514644499
0,0,0.0002028291225876211
0,0,0.0002039229462557022
0,0,0.00021617409761159377
0,0,0.0007336771609705605
0,0,0.00020259227268257894
0,0,0.0001994800139377866
0,0,0.00019783925637228573
0,0,0.0007341543262952585
0,0,0.00020516017550656853
0,0,0.0002165908916532587
0,0,0.00019566026735178864
0,0,0.00019591058078660591
0,0,0.0001943295937786654
0,0,0.00023477514235938727
0,0,0.00031966086160058654
0,0,0.0009790273121663027
0,0,0.00023534062391495988
0,0,0.00019650858279916247
0,0,0.0004336917931535887
0,0,0.00019650858279916247
0,0,0.00025527549241278303
0,0,0.0002031530763980246
0,0,0.00020162414522826073
0,0,0.00020259227268257894
0,0,0.0004495141463624766
0,0,0.00020491633036836345
0,0,0.00019650858279916247
0,0,0.00019566026735178864
0,0,0.00019650858279916247
0,0,0.0002725382206124904
0,0,0.00023844071610656158
0,0,0.00020149371143049182
0,0,0.00020259227268257894
0,0,0.00019832460110528902
0,0,0.0002120025130229806
0,0,0.00019650858279916247
0,0,0.0002483949883099315
0,0,0.00019650858279916247
0,0,0.00024793114061945137
0,0,0.0001994800139377866
0,0,0.0002369998407386301
0,0,0.00020282438500361508
0,0,0.00019783925637228573
0,0,0.00020259227268257894
0,0,0.0002062470039414867
0,0,0.0005523251410615941
0,0,0.0002074308310807313
0,0,0.0002035378681545659
0,0,0.0004273684347863077
0,0,0.00026823418400940684
0,0,0.0004956762900106272
0,0,0.0002031347451966944
0,0,0.00028224947959424045
0,0,0.0001943295937786654
0,0,0.0001943295937786654
0,0,0.00021614226076699565
0,0,0.00019650858279916247
0,0,0.00022242575093296034
0,0,0.00020220719458144263
0,0,0.0002285153378875077
0,0,0.0001943295937786654
0,0,0.00021801303169273047
0,0,0.0004662183207604743
0,0,0.00019798432503757317
0,0,0.00021830797614685833
0,0,0.0001994800139377866
0,0,0.0003349753129535031
0,0,0.0002436033028188735
0,0,0.00019650858279916247
0,0,0.00024140629713177307
0,0,0.0004401304903803821
0,0,0.0002144321143936311
0,0,0.0001943295937786654
0,0,0.00020014115050808216
0,0,0.0007649630619980157
0,0,0.00021110513135436682
0,0,0.00019566026735178864
0,0,0.00033616694163492866
0,0,0.0002584485960313605
0,0,0.00021104567306478653
0,0,0.0001970070642645654
0,0,0.00019666538428161882
0,0,0.0002060469495365856
0,0,0.00020251404286684928
0,0,0.00030423273096782597
0,0,0.0002039229462557022
0,0,0.0001943295937786654
0,0,0.0002096588863224684
0,0,0.0002165908916532587
0,0,0.0002016773818863082
0,0,0.00020375107841058115
0,0,0.0006992280108406538
0,0,0.00020367270045098892
0,0,0.00038750047425944247
0,0,0.00019566026735178864
0,0,0.00020311162028384034
0,0,0.0003870305860418282
0,0,0.00029464461071735705
0,0,0.0001943295937786654
0,0,0.00031194182176844283
0,0,0.00019566026735178864
0,0,0.00024518344962288493
0,0,0.0001943295937786654
0,0,0.0003968155991115284
0,0,0.00032802801833967706
0,0,0.0002156090944794642
0,0,0.00023453059535722765
0,0,0.0003159756942817099
0,0,0.0003506549882488092
0,0,0.0001943295937786654
0,0,0.00021430992271602111
0,0,0.0001943295937786654
0,0,0.0001943295937786654
0,0,0.0002095920544275892
0,0,0.0001943295937786654
0,0,0.0001943295937786654
0,0,0.0002557912488572122
0,0,0.00021188976346979212
0,0,0.00023514243326894755
0,0,0.00023393901545207775
0,0,0.00019816779962283267
0,0,0.00019561509415795563
0,0,0.00021447682964197552
0,0,0.00019731948417545884
0,0,0.00021143993707182832
0,0,0.00023683673892442147
0,0,0.00020375107841058115
0,0,0.00020259227268257894
0,0,0.00019598881060233557
0,0,0.000199152961849636
0,0,0.0002039229462557022
0,0,0.00020151355664592126
0,0,0.0005212384210578428
0,0,0.00020157208939008405
0,0,0.0001943295937786654
0,0,0.0002028291225876211
0,0,0.0002166496707025604
0,0,0.00019731948417545884
0,0,0.00021996180273567856
0,0,0.0002150669366466874
0,0,0.00026699203665101937
0,0,0.0003403449748279756
0,0,0.00019650858279916247
0,0,0.0001943295937786654
0,0,0.00019591058078660591
0,0,0.00019566026735178864
0,0,0.000852669768576777
0,0,0.000368183320223929
0,0,0.0008795952477534032
0,0,0.0002026306868043124
0,0,0.0002164520200702847
0,0,0.0001943295937786654
0,0,0.00020798258469723396
0,0,0.00019566026735178864
0,0,0.0005186324191850126
0,0,0.00019731948417545884
0,0,0.00020081068751090985
0,0,0.00022209607211913247
0,0,0.00020872161537900202
0,0,0.0003697355010033955
0,0,0.0002107186221704487
0,0,0.00023602027484526407
0,0,0.00020507124184028876
0,0,0.0001943295937786654
0,0,0.00020739094180587873
0,0,0.0001988443733021159
0,0,0.00021417515804970208
0,0,0.0001943295937786654
0,0,0.0002971994999845738
0,0,0.00020220719458144263
0,0,0.000303101000705935
0,0,0.00020739094180587873
0,0,0.00020739094180587873
0,0,0.00019591058078660591
0,0,0.00020491633036836345
0,0,0.00019650858279916247
0,0,0.00020157208939008405
0,0,0.0001943295937786654
0,0,0.0001994800139377866
0,0,0.0005382515690619778
0,0,0.00019783925637228573
0,0,0.00020250785717739828
0,0,0.0001994800139377866
0,0,0.0001943295937786654
0,0,0.00023439815595905134
0,0,0.00020302000277269987
0,0,0.00021447682964197552
0,0,0.00024992426342360286
0,0,0.0001943295937786654
0,0,0.00020217769097104947
0,0,0.0002039229462557022
0,0,0.0001943295937786654
0,0,0.00023748671830075646
0,0,0.00029523661531392263
0,0,0.00019650858279916247
0,0,0.00020259227268257894
0,0,0.00020220719458144263
0,0,0.00020162414522826073
0,0,0.0001943295937786654
0,0,0.0001994800139377866
0,0,0.00019816779962283267
0,0,0.00020140333916532737
0,0,0.00019666538428161882
0,0,0.0001943295937786654
0,0,0.00020427868306108638
0,0,0.00020250785717739828
0,0,0.00025520202941963193
0,0,0.0002907868816283826
0,0,0.00019566026735178864
0,0,0.00020203692994575194
0,0,0.00019591058078660591
0,0,0.0003690129898536898
0,0,0.0003581069188204139
0,0,0.00020872161537900202
0,0,0.00019933456762542416
1,1,0.7757314638345726
0,0,0.0001943295937786654
0,0,0.00019591058078660591
0,0,0.0005094115662013734
0,0,0.0001943295937786654
0,0,0.0003522317945026647
0,0,0.00022080824835042894
0,0,0.00019650858279916247
0,0,0.00019650858279916247
0,0,0.0002412524459532553
0,0,0.00019798432503757317
0,0,0.0002525568448723083
0,0,0.0004140994811920284
0,0,0.0002127939311711407
0,0,0.00019949847319595594
0,0,0.00019958488106024139
0,0,0.00020259227268257894
0,0,0.0001920840294092714
0,0,0.00020491791508179985
0,0,0.00026798728084670735
1,1,0.5746770315639458
0,0,0.0001943295937786654
0,0,0.0002068272285277975
0,0,0.00020253709273048266
0,0,0.00035987897683140667
0,0,0.0001943295937786654
0,0,0.00020868185352451902
0,0,0.00020265565122045
0,0,0.00020156855695570747
0,0,0.00021891494933904318
0,0,0.0003634759039870465
0,0,0.00021066933079075465
0,0,0.00020151355664592126
0,0,0.00040950109383839294
0,0,0.00019566026735178864
0,0,0.0002385546976697133
0,0,0.00024279777238272755
0,0,0.010924921398586801
0,0,0.0012794227162287641
0,0,0.0001943295937786654
0,0,0.00019798432503757317
0,0,0.0003864101892474056
0,0,0.00019591058078660591
0,0,0.0001943295937786654
0,0,0.00019650858279916247
0,0,0.00020016331405807024
0,0,0.00020259227268257894
0,0,0.00019566026735178864
0,0,0.0002803737736861943
0,0,0.0002104698734853562
0,0,0.00019438352382685923
0,0,0.00019650858279916247
0,0,0.00020634218272576284
0,0,0.0002238333872646773
0,0,0.00042107403068360026
0,0,0.0003328937257415568
0,0,0.00019598881060233557
0,0,0.0001994800139377866
0,0,0.00019783925637228573
0,0,0.0004385508015780172
0,0,0.00019650858279916247
0,0,0.0002074308310807313
0,0,0.0004934019568032117
0,0,0.0002017261913541863
0,0,0.00023012605890826866
0,0,0.00019591058078660591
0,0,0.0003074693188231344
0,0,0.00019933456762542416
0,0,0.0001994800139377866
0,0,0.00021488638500433995
0,0,0.0003641952091736277
0,0,0.0005270565149642623
0,0,0.000198089569807103
0,0,0.00023906770530869695
0,0,0.00020318991143043936
0,0,0.00020739094180587873
0,0,0.00019783925637228573
0,0,0.00020251404286684928
0,0,0.00022317790586342742
0,0,0.00028011770483488325
0,0,0.00019566026735178864
0,0,0.0001943295937786654
0,0,0.010020387532650658
0,0,0.00020259227268257894
0,0,0.00021410145246557772
0,0,0.0002006746876804893
0,0,0.0005737409034509688
0,0,0.00021571834224510492
0,0,0.00020427868306108638
0,0,0.00019954720233368922
0,0,0.00038964907635493143
0,0,0.00020259227268257894
0,0,0.00021349899166856563
0,0,0.00019731948417545884
0,0,0.0002744277229361778
0,0,0.00024144399101144292
0,0,0.0002060215964373881
0,0,0.00019515672059189454
0,0,0.0002629758061856643
0,0,0.00020906179475237027
0,0,0.0001916692215482623
0,0,0.00019566026735178864
0,0,0.0002017261913541863
0,0,0.00020220719458144263
0,0,0.00019650858279916247
0,0,0.00022269676003513298
0,0,0.0003332523492690456
0,0,0.0002992092265113147
0,0,0.00019731948417545884
0,0,0.00022520876293543777
0,0,0.00019650858279916247
0,0,0.00023124353596800604
0,0,0.00022445177393630556
0,0,0.0001943295937786654
0,0,0.0005544732588257996
0,0,0.00022478134041803335
0,0,0.000264114371373047
0,0,0.00020259227268257894
0,0,0.00022027044423609166
0,0,0.00019566026735178864
0,0,0.0002156713536027304
0,0,0.00019798432503757317
0,0,0.00020735498447771735
0,0,0.00020081068751090985
0,0,0.0002973272674545764
0,0,0.00019650858279916247
0,0,0.00020259227268257894
0,0,0.00019816779962283267
0,0,0.00021242587260917928
0,0,0.00021731506041828552
0,0,0.0001980038940523009
0,0,0.00019650858279916247
0,0,0.00020010825436007212
0,0,0.00020880108152186285
0,0,0.0003030769021172711
0,0,0.0004497089745774808
0,0,0.000199152961849636
0,0,0.00020151355664592126
0,0,0.0002104698734853562
0,0,0.00023057903036766554
0,0,0.00022708614762890605
0,0,0.00024041003334865292
0,0,0.00023930494661781663
0,0,0.00026700079318607914
0,0,0.0001943295937786654
0,0,0.00021006905119770407
0,0,0.00019783925637228573
0,0,0.000237747885603498
0,0,0.00020468684619789538
0,0,0.0005142212560813162
0,0,0.00021010679655479773
0,0,0.0005121148478919275
0,0,0.00020157208939008405
0,0,0.0001943295937786654
0,0,0.0001943295937786654
0,0,0.0002525438723022805
0,0,0.00020220719458144263
0,0,0.0002074308310807313
0,0,0.00020790703027298
0,0,0.0003537176430941584
0,0,0.00019591058078660591
0,0,0.00020157208939008405
0,0,0.00021581442341141974
0,0,0.0001943295937786654
0,0,0.0002039229462557022
0,0,0.00020014115050808216
0,0,0.00020259227268257894
0,0,0.00020872161537900202
0,0,0.007490562545649433
0,0,0.00020506478388793143
0,0,0.0002039229462557022
0,0,0.00019731948417545884
0,0,0.00020081068751090985
0,0,0.0001943295937786654
0,0,0.00043977988746522544
0,0,0.00019783925637228573
0,0,0.0005960884788369588
0,0,0.0004644525971083537
0,0,0.00023400995034183659
0,0,0.000198832640484947
0,0,0.00021109729515680803
0,0,0.00020625873675865562
0,0,0.0002028992305288307
0,0,0.0001943295937786654
0,0,0.00020872161537900202
0,0,0.00955895976573402
0,0,0.00042248585512365527
0,0,0.0003231804691927154
0,0,0.00020314647801386327
0,0,0.00023534062391495988
0,0,0.00021050720176984223
0,0,0.00021178248370575024
0,0,0.0002120025130229806
0,0,0.0002442412770379681
0,0,0.00020149844901449783
0,0,0.0002657804532390301
0,0,0.0004245775684520635
0,0,0.0002656613630778961
0,0,0.00020506478388793143
0,0,0.0007938990614147804
0,0,0.001303996261548235
0,0,0.0008219928762258638
0,0,0.000198832640484947
0,0,0.00019566026735178864
0,0,0.00021561879533104386
0,0,0.0002477650917566082
0,0,0.00031079646922020675
0,0,0.00019566026735178864
0,0,0.00020282438500361508
0,0,0.00020250785717739828
0,0,0.0001943295937786654
0,0,0.0001943295937786654
0,0,0.0004220095465051173
0,0,0.00029579662952017397
0,0,0.0002369998407386301
0,0,0.002283617133084196
0,0,0.00019650858279916247
0,0,0.00021435658530225655
0,0,0.00020180407162357112
0,0,0.0004930634829246635
0,0,0.00019650858279916247
0,0,0.0004935266029927101
0,0,0.0012326509122381863
0,0,0.00020484364768035172
0,0,0.00022880969064216914
0,0,0.0003487467745278645
0,0,0.0014870650023119077
0,0,0.00020330717836212684
0,0,0.00020880013958774862
0,0,0.00020650614407094231
0,0,0.00020220719458144263
0,0,0.00019549258463032892
0,0,0.00020734415158732948
0,0,0.0002071530841020592
0,0,0.00019566026735178864
0,0,0.00020808874096941822
0,0,0.00019566026735178864
0,0,0.00020259227268257894
0,0,0.001299890913689581
0,0,0.00020416319370526574
1,1,0.9128465083878077
0,0,0.00019566026735178864
0,0,0.0004630191623454393
0,0,0.000205716857175063
0,0,0.0001943295937786654
0,0,0.0004929264941443048
0,0,0.0001943295937786654
0,0,0.00021792156522638194
0,0,0.00035638049018914524
0,0,0.00020624781344930982
0,0,0.0002105814671846929
0,0,0.0006481205995290413
0,0,0.00025783430216133336
0,0,0.00020416319370526574
0,0,0.0001943295937786654
0,0,0.00020654408310142097
0,0,0.0001994800139377866
0,0,0.0002039229462557022
1,1,0.8971904032666345
0,0,0.0001943295937786654
0,0,0.0002619202069446227
0,0,0.00019666538428161882
0,0,0.00035418621787571897
0,0,0.00026440600034335264
0,0,0.00020282438500361508
0,0,0.0002738688941856137
0,0,0.0001994800139377866
0,0,0.00019359655895340256
0,0,0.0001994800139377866
0,0,0.00021792156522638194
0,0,0.00019650858279916247
0,0,0.00020099404306583884
0,0,0.00020600154191048153
0,0,0.00040427137647612273
0,0,0.00020081068751090985
0,0,0.000217519942767425
0,0,0.00037958688061535045
0,0,0.0004958833710439557
0,0,0.00045280980815455395
0,0,0.0015558895393590552
0,0,0.0004023681644621879
0,0,0.00020513939101620546
0,0,0.0001943295937786654
0,0,0.0002017488187803732
0,0,0.00020966190970651618
0,0,0.0002097149994916633
0,0,0.00020259227268257894
0,0,0.0002230079195101731
0,0,0.0001943295937786654
0,0,0.0002594220707672651
0,0,0.00020259227268257894
0,0,0.0006017908523541215
0,0,0.00019598881060233557
0,0,0.00019783925637228573
0,0,0.00019650858279916247
0,0,0.00020634179955064425
0,0,0.00019566026735178864
0,0,0.04966271881269788
0,0,0.00020147182408120542
0,0,0.0001943295937786654
0,0,0.0002772394596439705
0,0,0.00020217769097104947
0,0,0.00023074294447749546
0,0,0.00019566026735178864
0,0,0.00019949847319595594
0,0,0.00023721979939924
0,0,0.00020290276296320732
0,0,0.00019783925637228573
0,0,0.0003239732360184752
0,0,0.000205716857175063
0,0,0.0001966536514644499
0,0,0.0002815475365052331
0,0,0.0002142465211308651
0,0,0.00021768249710991564
0,0,0.00021652752806385734
0,0,0.0002111654418671209
0,0,0.00023906770530869695
0,0,0.0002039229462557022
0,0,0.00026268854412408836
0,0,0.0013972131297907676
0,0,0.00020872161537900202
0,0,0.00021675194370989248
0,0,0.00029930487446096487
0,0,0.0002016713383217403
0,0,0.00028113612832852004
0,0,0.0002369998407386301
0,0,0.00020203692994575194
0,0,0.0003739017195518194
0,0,0.00019985794092525487
0,0,0.00022513092784914835
0,0,0.0002195012995880143
0,0,0.00019566026735178864
0,0,0.0002198853661349554
0,0,0.0002076558882031131
0,0,0.00023014036421529244
0,0,0.0004718229157028119
0,0,0.00024144399101144292
0,0,0.00020042536031005646
0,0,0.000198832640484947
0,0,0.00020049185730861718
0,0,0.00019650858279916247
0,0,0.0001943295937786654
0,0,0.00021574743775105298
0,0,0.0002871411599905047
0,0,0.0002064986852772506
0,0,0.00033372944471385965
0,0,0.0004901065551994962
0,0,0.00020180407162357112
0,0,0.00034564470352892586
0,0,0.00019566026735178864
0,0,0.00021051837945808925
0,0,0.00021792156522638194
0,0,0.0002616176664022614
0,0,0.0002226904935026362
0,0,0.0003352057127432079
0,0,0.00023675466486203288
0,0,0.00024413898318597225
0,0,0.0002018592378573161
0,0,0.00019566026735178864
0,0,0.00020282438500361508
0,0,0.00023449290444380665
0,0,0.0001943295937786654
0,0,0.0001943295937786654
0,0,0.0001943295937786654
0,0,0.0002870483008103685
0,0,0.0001994800139377866
0,0,0.0001943295937786654
0,0,0.00022591001887070031
0,0,0.00023534062391495988
0,0,0.00020671131998551564
0,0,0.00020290276296320732
0,0,0.0002007758297808869
0,0,0.00019591058078660591
0,0,0.00019566026735178864
0,0,0.00019566026735178864
0,0,0.00021792156522638194
0,0,0.00019566026735178864
0,0,0.00019566026735178864
0,0,0.0001943295937786654
0,0,0.00019566026735178864
0,0,0.0005378305101902616
0,0,0.00020259227268257894
0,0,0.00030630683514342946
0,0,0.0003739128617979637
0,0,0.00025384255764266517
0,0,0.00021006688061503382
0,0,0.00022003479923772733
0,0,0.000237519612935457
0,0,0.00020157208939008405
0,0,0.0002039229462557022
0,0,0.00022812348193927134
0,0,0.0006465093706680867
0,0,0.0003280871743011806
0,0,0.0002086882883136871
0,0,0.00020398335368400868
0,0,0.000234500402917434
0,0,0.0002083282127493451
0,0,0.000198089569807103
0,0,0.000237519612935457
0,0,0.00024416395839045655
0,0,0.00020180407162357112
0,0,0.00023195576139927644
0,0,0.00020872161537900202
0,0,0.0006751938057333218
0,0,0.0002990212658979453
0,0,0.00025121319872915723
0,0,0.0002691464104746008
0,0,0.00018644629875240058
0,0,0.00030012495955625414
0,0,0.0001943295937786654
0,0,0.0010128606315104856
0,0,0.00021753951050929341
0,0,0.000330342357468566
0,0,0.00019783925637228573
0,0,0.00020259227268257894
0,0,0.0001943295937786654
0,0,0.00022855367842838486
0,0,0.0002521675814318771
0,0,0.0005534697870464425
0,0,0.0004222951775511293
0,0,0.0002172535277046988
0,0,0.00022591001887070031
0,0,0.00023709623475781067
0,0,0.00022606423924070396
0,0,0.0002230079195101731
0,0,0.00019566026735178864
0,0,0.00020259227268257894
0,0,0.00019650858279916247
0,0,0.00020438618360193973
0,0,0.00020259227268257894
0,0,0.0001943295937786654
0,0,0.00019816779962283267
0,0,0.00019566026735178864
0,0,0.003090559256398436
0,0,0.00019566026735178864
0,0,0.000215268542608656
0,0,0.0004016298807245813
0,0,0.00020967754221597578
0,0,0.00019566026735178864
0,0,0.00019666538428161882
0,0,0.00020290276296320732
0,0,0.00020491633036836345
0,0,0.00019783925637228573
0,0,0.007651534896166487
0,0,0.0002035155109908635
0,0,0.0001943295937786654
0,0,0.0001943295937786654
0,0,0.0001943295937786654
0,0,0.0001943295937786654
0,0,0.00020491713987618655
0,0,0.00019566026735178864
0,0,0.00020259227268257894
0,0,0.00022191749705188866
0,0,0.0002100422511387312
0,0,0.00045342973461015015
0,0,0.0004017348690199665
0,0,0.00026726354383581666
0,0,0.0002030760843956924
0,0,0.00022390065118017935
0,0,0.0005438286706387923
0,0,0.0002120025130229806
0,0,0.00023534062391495988
0,0,0.0004892823189665057
0,0,0.0001943295937786654
0,0,0.00036719627101212043
0,0,0.00021746114834360933
0,0,0.00020176387008073848
0,0,0.01096004679812392
0,0,0.00038329517423914787
0,0,0.0002039229462557022
0,0,0.0007717761832202265
0,0,0.0003441105437978928
0,0,0.00019566026735178864
0,0,0.00019650858279916247
0,0,0.00021321136146393402
0,0,0.0002039229462557022
0,0,0.02267879346018015
0,0,0.00043441555886080183
0,0,0.0007179186025900596
0,0,0.001379517684911075
0,0,0.00020876150465385458
0,0,0.0001943295937786654
0,0,0.00019781709282229765
0,0,0.00019566026735178864
0,0,0.0001943295937786654
0,0,0.0001943295937786654
0,0,0.0002464562410839211
0,0,0.0007944406989504435
0,0,0.00020997630452490845
0,0,0.0005252107293695076
0,0,0.0002291366877867775
0,0,0.0001943295937786654
0,0,0.0002096588863224684
0,0,0.00019566026735178864
0,0,0.00019783925637228573
0,0,0.00020220719458144263
0,0,0.0005083901820351225
0,0,0.00019566026735178864
0,0,0.0002206744920025842
0,0,0.00020604724381210758
0,0,0.0003093404875235644
0,0,0.00019940178412205693
0,0,0.0002519063731440529
0,0,0.00019650858279916247
0,0,0.00019566026735178864
0,0,0.002314498910333438
0,0,0.0002371460312625502
0,0,0.000190825578960396
0,0,0.00020180407162357112
0,0,0.04317661627650655
0,0,0.0005513207992217693
0,0,0.00023534062391495988
0,0,0.00024261111801934714
0,0,0.00020259227268257894
0,0,0.002607091379882133
0,0,0.00019566026735178864
0,0,0.00023534062391495988
0,0,0.00021050720176984223
0,0,0.00019591058078660591
0,0,0.0004859644441794895
0,0,0.00019566026735178864
0,0,0.0001943295937786654
0,0,0.00029594720437104273
0,0,0.00019783925637228573
0,0,0.0001943295937786654
0,0,0.00019566026735178864
0,0,0.00031452002582411573
0,0,0.00020876150465385458
0,0,0.00019666538428161882
0,0,0.0003885552526868503
0,0,0.0002050595884337163
0,0,0.0002028291225876211
0,0,0.00019566026735178864
0,0,0.00019566026735178864
0,0,0.00023639188038194383
0,0,0.00023452334571541972
0,0,0.0002039229462557022
0,0,0.0001943295937786654
0,0,0.0001943295937786654
0,0,0.0002062470039414867
0,0,0.0009419391558077206
0,0,0.00021565569115729503
0,0,0.00026878648301469223
0,0,0.00029150106119906003
0,0,0.000331956732359058
0,0,0.00023534062391495988
0,0,0.000203155967942403
0,0,0.00020215677530075786
0,0,0.0002134786329084663
0,0,0.00019566026735178864
0,0,0.00020149371143049182
0,0,0.00020903850868480043
0,0,0.00046746282173153707
0,0,0.00019949847319595594
0,0,0.00019566026735178864
0,0,0.00029869272264739844
0,0,0.00020735260126500163
0,0,0.000198089569807103
0,0,0.00035690574298242556
0,0,0.00019566026735178864
0,0,0.00020004279495562408
0,0,0.00020081217867330619
0,0,0.00019783925637228573
0,0,0.00019731948417545884
0,0,0.00019717412237641853
0,0,0.00019566026735178864
0,0,0.0002097149994916633
0,0,0.0002039229462557022
0,0,0.0002261357732034391
0,0,0.0001943295937786654
0,0,0.0001943295937786654
0,0,0.0002039229462557022
0,0,0.00020157208939008405
0,0,0.00019566026735178864
0,0,0.00020034670831318494
0,0,0.00020508175198370442
0,0,0.00019650858279916247
0,0,0.0001943295937786654
0,0,0.00019650858279916247
0,0,0.00020259227268257894
0,0,0.0001943295937786654
0,0,0.00019650858279916247
0,0,0.000198089569807103
0,0,0.00019598881060233557
0,0,0.00023535740711685399
0,0,0.005469022948486853
0,0,0.0003481529988340727
0,0,0.0005224665743460698
0,0,0.0006332774311333003
0,0,0.00020492806318553235
0,0,0.0003224730547236443
0,0,0.0001943295937786654
0,0,0.00019650858279916247
0,0,0.0006180193458050539
0,0,0.0002148271737455088
0,0,0.0003736589311140238
0,0,0.00024800856931251643
0,0,0.00019650858279916247
0,0,0.00020935784908003476
0,0,0.0002044836018272853
0,0,0.00019731948417545884
0,0,0.00038324230125529615
0,0,0.00024461507941212846
0,0,0.00020259227268257894
0,0,0.00020016331405807024
0,0,0.007159485461320658
0,0,0.0001943295937786654
0,0,0.00020290276296320732
0,0,0.0001943295937786654
0,0,0.00020181580444074
0,0,0.0002570705551355027
0,0,0.0005343960989840152
0,0,0.00020001043476772126
0,0,0.002258628947189197
0,0,0.00019650858279916247
0,0,0.00019566026735178864
0,0,0.00021425825394803404
0,0,0.0002111654418671209
0,0,0.00019781709282229765
0,0,0.00020222383094549898
0,0,0.0002377849097921042
0,0,0.0001943295937786654
0,0,0.00022504429203546627
0,0,0.0003296243259347215
0,0,0.0001943295937786654
0,0,0.0002499387822363927
0,0,0.00022501995630448113
0,0,0.0001943295937786654
0,0,0.0002119224634450806
0,0,0.0001943295937786654
0,0,0.000207329602292567
0,0,0.008252064313133375
0,0,0.00020259227268257894
0,0,0.00019824637128955936
0,0,0.00021897982944480378
0,0,0.00020081068751090985
0,0,0.00019666538428161882
0,0,0.00021524229660407188
0,0,0.00044438361288144445
0,0,0.0002151776983231717
0,0,0.00020872161537900202
0,0,0.0004042569783818107
0,0,0.00019650858279916247
0,0,0.0003189680045091196
0,0,0.0003559936031057166
0,0,0.00019566026735178864
0,0,0.00019650858279916247
0,0,0.00020157208939008405
0,0,0.0003710661745765188
0,0,0.0001943295937786654
0,0,0.0002139116230309486
0,0,0.0005198801730672688
0,0,0.0001943295937786654
0,0,0.0001994800139377866
0,0,0.00027005229285436696
0,0,0.0001980038940523009
0,0,0.0007796778745187972
0,0,0.0001943295937786654
0,0,0.00020931361386438695
0,0,0.0002151017774824337
0,0,0.00020259227268257894
0,0,0.00030630683514342946
0,0,0.00041734610090850385
0,0,0.00020604724381210758
0,0,0.00021822524686257935
0,0,0.0005833243051756729
0,0,0.00022175277268087368
0,0,0.0002078430102752782
0,0,0.00019650858279916247
0,0,0.00021513657195015168
0,0,0.00027211784212702425
0,0,0.0003132117560932395
0,0,0.000205493867278389
0,0,0.00019650858279916247
0,0,0.00028672361357072256
0,0,0.00032888648197697566
0,0,0.00032971551239899765
0,0,0.003901947074519711
0,0,0.0001943295937786654
0,0,0.00024045618634405816
0,0,0.00020259227268257894
0,0,0.0002554023974141798
0,0,0.00019419920356666135
0,0,0.00019591058078660591
0,0,0.00019877910082596943
0,0,0.0003058179156938716
0,0,0.00019944515620776363
0,0,0.000205716857175063
0,0,0.00020180407162357112
0,0,0.00020328336205193093
0,0,0.00020335903791229683
0,0,0.0005151958076353819
0,0,0.00019591058078660591
0,0,0.00037031140537864977
0,0,0.0014373862153041629
0,0,0.00021812613191514476
0,0,0.00020259227268257894
0,0,0.00019650858279916247
0,0,0.00033389936978299266
0,0,0.00029166343729199504
0,0,0.00019781709282229765
0,0,0.0001943295937786654
0,0,0.00020967435130234875
0,0,0.00020796514976133938
0,0,0.0002721841021515617
0,0,0.00019783925637228573
0,0,0.00019949847319595594
0,0,0.00021173396091898907
0,0,0.00019566026735178864
0,0,0.0006216465467679868
0,0,0.00020438618360193973
0,0,0.0004262058016749638
0,0,0.00019783925637228573
0,0,0.0005585306259988738
0,0,0.00023534062391495988
0,0,0.00020416319370526574
0,0,0.00019824637128955936
0,0,0.0001943295937786654
0,0,0.0003490445770227672
0,0,0.0001943295937786654
0,0,0.00019666538428161882
0,0,0.00021003151733487907
0,0,0.00019566026735178864
0,0,0.00020491633036836345
0,0,0.0001943295937786654
0,0,0.00020259227268257894
0,0,0.0004598430705336807
0,0,0.00019949847319595594
0,0,0.0001943295937786654
0,0,0.00019566026735178864
0,0,0.0001943295937786654
0,0,0.00038786037437014493
0,0,0.0001943295937786654
0,0,0.00020220719458144263
0,0,0.0001970292278145535
0,0,0.00019650858279916247
0,0,0.00020780988123760276
0,0,0.0001943295937786654
0,0,0.00023400995034183659
0,0,0.00019650858279916247
0,0,0.00028128772813643577
0,0,0.00019566026735178864
0,0,0.000215856890365103
0,0,0.0004707544952045368
0,0,0.0001943295937786654
0,0,0.0002039229462557022
0,0,0.00020081068751090985
0,0,0.00020259227268257894
0,0,0.0002612905847482186
0,0,0.00024384743056423978
0,0,0.00019566026735178864
0,0,0.00020470780723306524
0,0,0.00020739094180587873
0,0,0.00019798432503757317
0,0,0.00020203692994575194
0,0,0.00019650858279916247
0,0,0.00020259227268257894
0,0,0.0005206908465074766
0,0,0.0004375713384079908
0,0,0.0003313303690425293
0,0,0.00034656270938291024
0,0,0.0002119224634450806
0,0,0.0002972825464034686
0,0,0.00022301094289422087
0,0,0.00019566026735178864
0,0,0.0001943295937786654
0,0,0.0002980478154319476
0,0,0.00019650858279916247
0,0,0.00020149371143049182
0,0,0.00026298653517889745
0,0,0.0005263306481950324
0,0,0.00019566026735178864
0,0,0.00022025871141892277
0,0,0.00025650336053746614
0,0,0.00019566026735178864
0,0,0.0002111654418671209
0,0,0.0002039229462557022
0,0,0.0001943295937786654
0,0,0.0001943295937786654
0,0,0.00020826863882712285
0,0,0.0002139116230309486
0,0,0.00021536311544058707
0,0,0.00041012777429479976
0,0,0.0002570745028616815
0,0,0.00019650858279916247
0,0,0.00021441820223134963
0,0,0.0004975889273916595
0,0,0.00019731948417545884
0,0,0.0002039229462557022
0,0,0.0001994800139377866
0,0,0.000637208459853549
0,0,0.0002031530763980246
0,0,0.000369542293164614
0,0,0.00020282438500361508
0,0,0.0001943295937786654
0,0,0.00019566026735178864
0,0,0.00019591058078660591
0,0,0.0001943295937786654
0,0,0.0005016783254410989
0,0,0.0006309799464585409
0,0,0.0002111654418671209
0,0,0.0001943295937786654
0,0,0.0001943295937786654
0,0,0.00019650858279916247
0,0,0.00019566026735178864
0,0,0.0006713743011009032
0,0,0.00024084821060276577
0,0,0.00020072024150833364
0,0,0.00019650858279916247
0,0,0.00021022098257913606
0,0,0.0002980478154319476
0,0,0.00045030153794603994
0,0,0.00021060478223793792
0,0,0.0002150574997310618
0,0,0.00022242575093296034
0,0,0.0002515184999568807
0,0,0.00019650858279916247
0,0,0.0002297807969485327
0,0,0.0003044419955959925
0,0,0.00021996180273567856
0,0,0.00019650858279916247
0,0,0.00019566026735178864
0,0,0.0003239425492313295
0,0,0.0001994800139377866
0,0,0.0002472831732814078
0,0,0.0013676795628691449
0,0,0.00021236258858732255
0,0,0.00020259227268257894
0,0,0.0001943295937786654
0,0,0.00020250785717739828
0,0,0.00439985660717991
0,0,0.00021896466471030588
0,0,0.0001994800139377866
0,0,0.00020149371143049182
0,0,0.0002097149994916633
0,0,0.00023534062391495988
0,0,0.00019783925637228573
0,0,0.0006339522906948327
0,0,0.00036567695851957675
0,0,0.00022614786086610833
0,0,0.00023534062391495988
0,0,0.00024143816094080006
0,0,0.00034491455888852334
0,0,0.00020176387008073848
0,0,0.000198089569807103
0,0,0.00026342231644898515
0,0,0.00045136728389463256
0,0,0.00019650858279916247
0,0,0.0001943295937786654
0,0,0.0002181216289678013
0,0,0.00024869565090588714
0,0,0.00019566026735178864
0,0,0.0002074308310807313
0,0,0.0001994800139377866
0,0,0.00035401700621678477
0,0,0.0001943295937786654
0,0,0.00043884557677716964
0,0,0.0006469390158441805
0,0,0.0005546302525481266
0,0,0.0002039229462557022
0,0,0.00019650858279916247
0,0,0.0002168230039742948
0,0,0.00039575254884528533
0,0,0.00019650858279916247
0,0,0.00019783925637228573
0,0,0.00019650858279916247
0,0,0.0002083282127493451
0,0,0.00019566026735178864
0,0,0.00022314791011166613
0,0,0.00019783925637228573
0,0,0.00019085832017196592
0,0,0.00020259227268257894
0,0,0.00019566026735178864
0,0,0.00021051837945808925
0,0,0.0002039229462557022
0,0,0.0002887047087596241
0,0,0.00020180407162357112
0,0,0.0001943295937786654
0,0,0.0012275548974286005
0,0,0.0002119224634450806
0,0,0.00021470544804197972
0,0,0.00020822623283260467
0,0,0.00033614137441910854
0,0,0.00019783925637228573
0,0,0.00020815132663921815
0,0,0.00395754763848362
0,0,0.00020481062025856729
0,0,0.0002039229462557022
0,0,0.0013342176948996508
0,0,0.00044658251942528816
0,0,0.0006172101546100361
0,0,0.0001943295937786654
0,0,0.0007624543034289971
0,0,0.0001994800139377866
0,0,0.0001966536514644499
0,0,0.00019949847319595594
0,0,0.00019924814706109785
0,0,0.00020876150465385458
0,0,0.00019783925637228573
0,0,0.00023766468160074444
0,0,0.0001943295937786654
0,0,0.00020491633036836345
0,0,0.00020434841242484685
0,0,0.0001943295937786654
0,0,0.0002035378681545659
0,0,0.00019566026735178864
0,0,0.0002581625773611363
0,0,0.0001943295937786654
0,0,0.0002568441808566276
0,0,0.00019566026735178864
0,0,0.00019566026735178864
0,0,0.00020016331405807024
0,0,0.00020259227268257894
0,0,0.00021494535495295003
0,0,0.0001943295937786654
0,0,0.0002048498333698027
0,0,0.0003654199460090665
0,0,0.00021993623770684442
0,0,0.00020250785717739828
0,0,0.0006830352269307573
0,0,0.0074289346192529925
0,0,0.00019824637128955936
0,0,0.0032207560671356186
0,0,0.00034110442013183883
0,0,0.00020173757462501034
0,0,0.0001943295937786654
0,0,0.00019949847319595594
0,0,0.0004850815968615956
0,0,0.00020278448651708203
0,0,0.00019650858279916247
0,0,0.00023534062391495988
0,0,0.0005285276029255533
0,0,0.00019591058078660591
0,0,0.00019783925637228573
0,0,0.00019949847319595594
0,0,0.00031567239982592044
0,0,0.0001943295937786654
0,0,0.00024277433438742968
0,0,0.00020985895006388783
0,0,0.00020259227268257894
0,0,0.00020842785865422865
0,0,0.00019650858279916247
0,0,0.00019566026735178864
0,0,0.00024935233139239605
0,0,0.00019566026735178864
0,0,0.0001943295937786654
0,0,0.0002062470039414867
0,0,0.0002790213606059006
0,0,0.00019566026735178864
0,0,0.0002217407673852613
0,0,0.0002574549241972267
0,0,0.00019650858279916247
0,0,0.0001943295937786654
0,0,0.00024045618634405816
0,0,0.0002509987277600538
0,0,0.00020259227268257894
0,0,0.00024816337566585967
0,0,0.0001943295937786654
0,0,0.0002189266821562121
0,0,0.00022208131463991856
0,0,0.0001943295937786654
0,0,0.0002039229462557022
0,0,0.0002165908916532587
0,0,0.00020438618360193973
0,0,0.00020644048787714437
0,0,0.0002200129581125077
0,0,0.0001943295937786654
0,0,0.00029151952566716844
0,0,0.0002941255397859172
0,0,0.0002698100592026918
0,0,0.0002374376626499507
0,0,0.0002957462804466359
0,0,0.00019798432503757317
0,0,0.00019566026735178864
0,0,0.00037364866035525726
0,0,0.0001943295937786654
0,0,0.00020149371143049182
0,0,0.00019767464426476787
0,0,0.0002039229462557022
0,0,0.0014051831255901441
0,0,0.014705955316740432
0,0,0.0002892783692145903
0,0,0.00024339296159059428
0,0,0.00019966311087597107
0,0,0.0001943295937786654
0,0,0.00020149371143049182
0,0,0.0001988443733021159
0,0,0.00022050032763197802
0,0,0.00019799605785474208
0,0,0.000198089569807103
0,0,0.00019816779962283267
0,0,0.000388154611099529
0,0,0.00020149371143049182
0,0,0.00020250785717739828
0,0,0.0002369998407386301
0,0,0.00021298956786900336
0,0,0.0002563943510708215
0,0,0.0001943295937786654
0,0,0.00020220719458144263
0,0,0.0002117829800862811
0,0,0.00019783925637228573
0,0,0.00021489416126656228
0,0,0.00022145919990374056
0,0,0.0003115848996887056
0,0,0.00019566026735178864
0,0,0.00020149371143049182
0,0,0.0002097405079471572
0,0,0.00042119849659690494
0,0,0.00020134714119731485
0,0,0.000202954818801384
0,0,0.00020251404286684928
0,0,0.00020180407162357112
0,0,0.00020491713987618655
0,0,0.0001943295937786654
0,0,0.00020493883105159055
0,0,0.0001994800139377866
0,0,0.0001943295937786654
0,0,0.00019816779962283267
0,0,0.00019566026735178864
0,0,0.0003048190627642347
0,0,0.014807800205180304
0,0,0.0004675261156741022
0,0,0.0002043650940809239
0,0,0.00020739094180587873
0,0,0.0001994800139377866
0,0,0.0001943295937786654
0,0,0.0001943295937786654
0,0,0.00023030143114643686
0,0,0.00020868185352451902
0,0,0.0003686208090416593
0,0,0.000198089569807103
0,0,0.00019783925637228573
0,0,0.00024237389377433782
0,0,0.00019650858279916247
0,0,0.0005240137802117696
0,0,0.0002380988736397596
0,0,0.00028500032710580315
0,0,0.0005854495424437937
0,0,0.00020664042729779428
0,0,0.00019650858279916247
0,0,0.00019650858279916247
0,0,0.00021611435143083262
0,0,0.0003021263854739975
0,0,0.00032690040129106356
0,0,0.0002096588863224684
0,0,0.00022254059508773752
0,0,0.0005237915770072232
0,0,0.00019944515620776363
0,0,0.00019650858279916247
0,0,0.000198089569807103
0,0,0.0003145070438537685
0,0,0.00020081068751090985
0,0,0.00020468684619789538
0,0,0.00020176387008073848
0,0,0.0002168230039742948
0,0,0.000198089569807103
0,0,0.0001943295937786654
0,0,0.0003333993549815586
0,0,0.00020016331405807024
0,0,0.00022992593842327712
0,0,0.0001980038940523009
0,0,0.0002013072519224623
0,0,0.00021730940729361908
0,0,0.00021265798493021548
0,0,0.00019650858279916247
0,0,0.0002067409688073746
0,0,0.00020431857233593897
0,0,0.0002436033028188735
0,0,0.00019824637128955936
0,0,0.00019731948417545884
0,0,0.00043015468936360247
0,0,0.000198089569807103
0,0,0.0053519780247708775
0,0,0.00020739094180587873
0,0,0.0006157672447485803
0,0,0.00020081068751090985
0,0,0.000209457420832607
0,0,0.00019591058078660591
0,0,0.00045822547998654995
0,0,0.0007051962088617317
0,0,0.0004024171347776876
0,0,0.0001943295937786654
0,0,0.00020604724381210758
0,0,0.0006184271814057651
0,0,0.00023943384122705242
0,0,0.00021377110390931046
0,0,0.00020157208939008405
0,0,0.0002139116230309486
0,0,0.00019731948417545884
0,0,0.00019566026735178864
0,0,0.00020220719458144263
0,0,0.000215856890365103
0,0,0.00021476136418116415
0,0,0.00023917882975912718
0,0,0.00020826138085446592
0,0,0.00030630683514342946
0,0,0.00039073438006478444
0,0,0.00020251404286684928
0,0,0.00019566026735178864
0,0,0.00018964156298751213
0,0,0.0002412524459532553
0,0,0.00019650858279916247
0,0,0.00019566026735178864
1,1,0.9353798374164228
0,0,0.00019650858279916247
0,0,0.00020933784379004029
0,0,0.00022992329670108212
0,0,0.0002228816171579515
0,0,0.000629794919650064
0,0,0.0007429255466400629
0,0,0.000292775932779325
0,0,0.0003034296764200152
0,0,0.0001994800139377866
0,0,0.0001988443733021159
0,0,0.00021480560218977083
0,0,0.00020157208939008405
0,0,0.00019731948417545884
0,0,0.0001943295937786654
0,0,0.00020604724381210758
0,0,0.00020773112117924698
0,0,0.0004241146865447644
0,0,0.00020627568985253305
0,0,0.0001943295937786654
0,0,0.0002039229462557022
0,0,0.00020172584180784146
0,0,0.00020739094180587873
0,0,0.00020500337402411218
0,0,0.00019331648702827005
0,0,0.00021059313103452096
0,0,0.00022993053501489026
0,0,0.0016781907598665676
0,0,0.0002039229462557022
0,0,0.00019566026735178864
0,0,0.0004873351724687174
0,0,0.00024047660869754988
0,0,0.0001994800139377866
0,0,0.00019650858279916247
0,0,0.00019591058078660591
0,0,0.0001943295937786654
0,0,0.00019783925637228573
0,0,0.00020602829606593368
0,0,0.00020491633036836345
0,0,0.0003034207291387389
0,0,0.0013526621059865996
0,0,0.0002455684350478508
0,0,0.00024446543957219963
0,0,0.00019566026735178864
0,0,0.00020682243201847967
0,0,0.0001943295937786654
0,0,0.0002063954574610547
0,0,0.00020290276296320732
0,0,0.00021465813636496823
0,0,0.00020993623733889938
0,0,0.00025731684522070565
0,0,0.000198089569807103
0,0,0.0002510857742316135
0,0,0.00020259227268257894
0,0,0.0002111976639712288
0,0,0.0002074308310807313
0,0,0.0004041409589207174
0,0,0.0002214148770227414
0,0,0.0002210624203315923
0,0,0.0001911101296166063
0,0,0.000229028347953788
0,0,0.0004448880942395926
0,0,0.00022618162672035202
0,0,0.000198832640484947
0,0,0.0014556467666373512
0,0,0.0001994800139377866
0,0,0.00023534062391495988
0,0,0.0001943295937786654
0,0,0.00019566026735178864
0,0,0.0001943295937786654
0,0,0.000450771712460483
0,0,0.000532261316504421
0,0,0.0002609283239345988
0,0,0.00020220719458144263
0,0,0.0005790402208235136
0,0,0.00019783925637228573
0,0,0.00045983640225410213
0,0,0.00020378818158938317
0,0,0.00020259227268257894
0,0,0.0001994800139377866
0,0,0.0002039229462557022
0,0,0.00031053196818355775
0,0,0.0001943295937786654
0,0,0.00023766468160074444
0,0,0.0001943295937786654
0,0,0.0001943295937786654
0,0,0.0008810028886460765
0,0,0.00021565782819130773
0,0,0.00019566026735178864
0,0,0.00031428840636798703
0,0,0.0004644008490054467
0,0,0.00020081068751090985
0,0,0.00023766468160074444
0,0,0.00019566026735178864
0,0,0.00033361429304092094
0,0,0.00020282438500361508
0,0,0.00023853367017575452
0,0,0.00019650858279916247
0,0,0.00020742537868421667
0,0,0.0002772269513827748
0,0,0.0001943295937786654
0,0,0.00019783925637228573
0,0,0.0002497008398447137
0,0,0.0001943295937786654
0,0,0.0002039229462557022
0,0,0.0001943295937786654
0,0,0.00020016331405807024
0,0,0.0007103942676908231
0,0,0.0002155708398546188
0,0,0.00020602829606593368
0,0,0.00020572789597791323
0,0,0.00019650858279916247
0,0,0.00020593732316868138
0,0,0.0002657386025365138
0,0,0.00019566026735178864
0,0,0.00024618748292572673
0,0,0.0002551299762400512
0,0,0.00033737325384959756
0,0,0.00020796797108428916
0,0,0.00019566026735178864
0,0,0.0001943295937786654
0,0,0.00019650858279916247
0,0,0.00020016331405807024
0,0,0.00019598881060233557
0,0,0.00021342285441048204
0,0,0.00019650858279916247
0,0,0.00020250785717739828
0,0,0.0004107526218165625
0,0,0.0002039229462557022
0,0,0.00020872161537900202
0,0,0.00019591058078660591
0,0,0.0002039229462557022
0,0,0.00021398052443205885
0,0,0.00042731005314357204
0,0,0.00022544141968359248
0,0,0.0001943295937786654
0,0,0.00019782228827651275
0,0,0.000198089569807103
0,0,0.0002039229462557022
0,0,0.00020477083710751054
0,0,0.00020739094180587873
0,0,0.00020724377290842852
0,0,0.0005440883969512326
0,0,0.00020492806318553235
0,0,0.00020220719458144263
0,0,0.0002165908916532587
0,0,0.000198089569807103
0,0,0.0004801255840663518
0,0,0.0003001302584446387
0,0,0.00019650858279916247
0,0,0.0003389097818653296
0,0,0.00037958688061535045
0,0,0.0001994800139377866
0,0,0.00020259227268257894
0,0,0.0002007758297808869
0,0,0.00021859030213808612
0,0,0.007301906840355621
0,0,0.00021738203590907784
0,0,0.000323023667710259
0,0,0.0001943295937786654
0,0,0.00045983640225410213
0,0,0.00019591058078660591
0,0,0.00019783925637228573
0,0,0.00021284884046068127
0,0,0.00019650858279916247
0,0,0.006083988903026757
0,0,0.0001943295937786654
0,0,0.0005667034266572204
0,0,0.0002044836018272853
0,0,0.0001988443733021159
0,0,0.0002228837760434445
0,0,0.00022896668438695145
0,0,0.00020017504687523918
0,0,0.00019566026735178864
0,0,0.00019782228827651275
0,0,0.0002100422511387312
0,0,0.00019884906042406703
0,0,0.00020993401722565387
0,0,0.12619454932768603
0,0,0.00023748671830075646
0,0,0.00019785403171800465
0,0,0.0001943295937786654
0,0,0.00021676790489658448
0,0,0.00019650858279916247
0,0,0.00020259227268257894
0,0,0.0003414973038346274
0,0,0.00040357107976695793
0,0,0.00023790331418016222
0,0,0.00019591058078660591
0,0,0.00020546887833120426
0,0,0.0044395385273147524
0,0,0.0001943295937786654
0,0,0.00041098079593560266
0,0,0.00031634262255172697
0,0,0.0001943295937786654
0,0,0.00032289102678839774
0,0,0.00022442079116887748
0,0,0.0002083257914286037
0,0,0.00019964354186124335
0,0,0.0002165908916532587
0,0,0.000190825578960396
0,0,0.00019933456762542416
0,0,0.00019731948417545884
0,0,0.0002039229462557022
0,0,0.000198832640484947
0,0,0.00020822623283260467
0,0,0.00020739094180587873
0,0,0.0006956346684048383
0,0,0.00020492806318553235
0,0,0.0003093960226813442
0,0,0.00022440747081769476
0,0,0.0002218468422025482
0,0,0.0001948502387940564
0,0,0.00019666538428161882
0,0,0.00019650858279916247
0,0,0.00020726799674180465
0,0,0.0006783860164706741
0,0,0.00019650858279916247
0,0,0.0003516599817566498
0,0,0.00019783925637228573
0,0,0.0002039229462557022
0,0,0.0001943295937786654
0,0,0.00019767464426476787
0,0,0.00022365054573724558
0,0,0.00019650858279916247
0,0,0.0003508472934311955
0,0,0.0007003487857005236
0,0,0.00019566026735178864
0,0,0.0001966536514644499
0,0,0.00033614137441910854
0,0,0.00021015244936780432
0,0,0.0002354636462243055
0,0,0.0001943295937786654
0,0,0.00022138931855767528
0,0,0.00020263792549558553
0,0,0.0002887047087596241
0,0,0.00019591058078660591
0,0,0.00019566026735178864
0,0,0.00019591058078660591
0,0,0.0002273571837852903
0,0,0.0002046140356250542
0,0,0.0002003396845552543
0,0,0.00021370820075324745
0,0,0.00021122584929542733
0,0,0.0001943295937786654
0,0,0.00025217052810113326
0,0,0.0003663639527297212
0,0,0.00020492806318553235
0,0,0.0005345459235422222
0,0,0.00020796797108428916
0,0,0.00024477617677110013
0,0,0.0003583961954963751
0,0,0.00019783925637228573
0,0,0.0003075004622667014
0,0,0.00021652752806385734
0,0,0.0005117689926776836
0,0,0.0003912533354194674
0,0,0.00035384592332522583
0,0,0.0001943295937786654
0,0,0.00019566026735178864
0,0,0.0001943295937786654
0,0,0.00020739094180587873
0,0,0.0002043650940809239
0,0,0.00021900199299479192
0,0,0.00046731907943307226
0,0,0.00020263792549558553
0,0,0.0001943295937786654
0,0,0.00025769578362379807
0,0,0.000198089569807103
0,0,0.00019798432503757317
0,0,0.0002096588863224684
0,0,0.0001943295937786654
0,0,0.000345422847848495
0,0,0.0001943295937786654
0,0,0.00040712414452979154
0,0,0.0001943295937786654
0,0,0.00019598881060233557
0,0,0.0001943295937786654
0,0,0.00030125068739951814
0,0,0.0002039229462557022
0,0,0.000202954818801384
0,0,0.0001977794859693039
0,0,0.000332796323933006
0,0,0.0002402529573099292
0,0,0.00022066120981846206
0,0,0.00020906179475237027
0,0,0.0006040230374537713
0,0,0.00021152117867250506
0,0,0.00026943400620186946
0,0,0.00021665532125283513
0,0,0.00020220719458144263
0,0,0.00020151285010893514
0,0,0.0001943295937786654
0,0,0.0002170900813860754
0,0,0.00019351956522093314
0,0,0.00020180407162357112
0,0,0.00034343220478947755
0,0,0.00020898292041224718
0,0,0.00020282438500361508
0,0,0.0005244588661004263
0,0,0.00035105544301146016
0,0,0.000198832640484947
0,0,0.00023250851303650085
0,0,0.00026584602759532823
0,0,0.000198089569807103
0,0,0.00021397316312215628
0,0,0.00019566026735178864
0,0,0.00020184903904462825
0,0,0.00021178548069581476
0,0,0.00046501786126304187
0,0,0.00019783925637228573
0,0,0.00020290276296320732
0,0,0.00022997419264016966
0,0,0.00020967754221597578
0,0,0.00024965525140621816
0,0,0.00020016331405807024
0,0,0.00020416707400106848
0,0,0.0002497008398447137
0,0,0.00020491633036836345
0,0,0.0001943295937786654
0,0,0.00023653714484490464
0,0,0.00019782228827651275
0,0,0.00031105666095009493
0,0,0.0001943295937786654
0,0,0.00022857159269478686
0,0,0.00019798432503757317
0,0,0.004106550759417402
0,0,0.00019566026735178864
0,0,0.0005917542398921064
0,0,0.00021358855863298423
0,0,0.04843915813180981
0,0,0.0001943295937786654
0,0,0.00021146095939093945
0,0,0.003285037382002974
0,0,0.00023559093734977716
0,0,0.00025236931967400467
0,0,0.0003903124381396105
0,0,0.00020634218272576284
0,0,0.0001994800139377866
0,0,0.00019650858279916247
1,1,0.724228180763742
0,0,0.00019650858279916247
0,0,0.00021651314768442195
0,0,0.0002168591622016026
0,0,0.0001943295937786654
0,0,0.00019783925637228573
0,0,0.0005363388089941555
0,0,0.0002760375489544081
0,0,0.0002111654418671209
0,0,0.00019821337210569446
0,0,0.0002039229462557022
0,0,0.00019566026735178864
0,0,0.00019783925637228573
0,0,0.00022710005979118754
0,0,0.0001994800139377866
0,0,0.00019650858279916247
0,0,0.0003464374304190172
0,0,0.000229566690940997
0,0,0.00019566026735178864
0,0,0.00019566026735178864
0,0,0.0001991477663954209
0,0,0.0001943295937786654
0,0,0.0001943295937786654
0,0,0.00019949847319595594
0,0,0.0001994800139377866
0,0,0.000198089569807103
0,0,0.00019566026735178864
0,0,0.000198832640484947
0,0,0.00020649273606627096
0,0,0.00019650858279916247
0,0,0.0002874906128151947
0,0,0.00019938956793521037
0,0,0.0001943295937786654
0,0,0.0001943295937786654
0,0,0.0002039229462557022
0,0,0.0005282440789043281
0,0,0.00020671024128772423
0,0,0.00019731948417545884
0,0,0.00019650858279916247
0,0,0.009383445476910232
0,0,0.0001943295937786654
0,0,0.00031810510360714246
0,0,0.00022870917506532246
0,0,0.00020259227268257894
0,0,0.00020220719458144263
0,0,0.000200283334173319
0,0,0.00020081068751090985
0,0,0.00019650858279916247
0,0,0.0012402097256012223
0,0,0.0001994800139377866
0,0,0.0001943295937786654
0,0,0.00020739094180587873
0,0,0.0001991477663954209
0,0,0.00019966311087597107
0,0,0.0005355213712478918
0,0,0.00150423649521386
0,0,0.0001994800139377866
0,0,0.0007352306509451938
0,0,0.0002369998407386301
0,0,0.00020157208939008405
0,0,0.00020770646063577775
0,0,0.00022098404237200006
0,0,0.00019591058078660591
0,0,0.0001980038940523009
0,0,0.00020560935663420965
0,0,0.0002039229462557022
0,0,0.00026939340446039447
0,0,0.00019731948417545884
0,0,0.0007241899955067613
0,0,0.00019650858279916247
0,0,0.0002922834061379688
0,0,0.0007433658265976846
0,0,0.000394816873712757
0,0,0.0002093042005030159
0,0,0.016642233637623436
0,0,0.00020868185352451902
0,0,0.00020477083710751054
0,0,0.0002134004030927366
0,0,0.00026575970592823396
0,0,0.0021206613343970706
0,0,0.00021609233668525596
0,0,0.0006219757965555198
0,0,0.00020477083710751054
0,0,0.000198089569807103
0,0,0.00021435658530225655
0,0,0.00020354924508275108
0,0,0.00020042536031005646
0,0,0.00019949847319595594
0,0,0.0003394730104358271
0,0,0.00021473039575808895
0,0,0.0003491896456880547
0,0,0.00022980041025807242
0,0,0.0002039229462557022
0,0,0.00020967197482922478
0,0,0.0006085390862945637
0,0,0.0002967947305304169
0,0,0.00019650858279916247
0,0,0.00019933456762542416
0,0,0.00020259227268257894
0,0,0.0002325775293644708
0,0,0.00027787837155386646
0,0,0.00019650858279916247
0,0,0.00032174040662384586
0,0,0.00021134041703058692
0,0,0.00019731948417545884
0,0,0.00021393922393402585
0,0,0.00025436530911159883
0,0,0.00020220719458144263
0,0,0.00020081068751090985
0,0,0.0001943295937786654
0,0,0.00020903850868480043
0,0,0.00024265559771804695
0,0,0.0002091764546941192
0,0,0.00020017504687523918
0,0,0.0002668111268751249
0,0,0.0002028647197757202
0,0,0.00023044468502228781
0,0,0.00019965527467841228
0,0,0.00029934102467749736
0,0,0.00021480930648158956
0,0,0.0006830352269307573
0,0,0.00019650858279916247
0,0,0.00019650858279916247
0,0,0.00025727232596164056
0,0,0.00019731948417545884
0,0,0.0002076582773365195
0,0,0.0001943295937786654
0,0,0.00019566026735178864
0,0,0.00021051837945808925
0,0,0.00021050720176984223
0,0,0.00023418547847146336
0,0,0.00020081068751090985
0,0,0.00019650858279916247
0,0,0.00019650858279916247
0,0,0.00020863334774987827
0,0,0.00020710043653667353
0,0,0.00020739094180587873
0,0,0.00019650858279916247
0,0,0.00020500337402411218
0,0,0.0001991477663954209
0,0,0.0002039229462557022
0,0,0.000198089569807103
0,0,0.0001943295937786654
0,0,0.00020173757462501034
0,0,0.00019650858279916247
0,0,0.00022075041399987006
0,0,0.001548632260344263
0,0,0.0002111654418671209
0,0,0.00023766468160074444
0,0,0.00019441981991222482
0,0,0.00020016331405807024
0,0,0.0002039229462557022
0,0,0.00023277615927524221
0,0,0.0003107053256052061
0,0,0.00019650858279916247
0,0,0.00020259227268257894
0,0,0.00020524638966371958
0,0,0.00021059313103452096
0,0,0.0015520190603274893
0,0,0.00019848247502712236
0,0,0.00022431977752732652
0,0,0.0002039229462557022
0,0,0.0002524352351863617
0,0,0.00020290276296320732
0,0,0.0002139116230309486
0,0,0.0002193523992151842
0,0,0.0002070177509370914
0,0,0.00023970282685038425
0,0,0.00021234503794551233
0,0,0.00021504744944121374
0,0,0.00020506478388793143
0,0,0.0004842970189229663
0,0,0.0006046107291665187
0,0,0.00019944515620776363
0,0,0.0001943295937786654
0,0,0.00020739094180587873
0,0,0.0001943295937786654
0,0,0.0003130568646627207
0,0,0.0003419073134074991
0,0,0.0001943295937786654
0,0,0.0001943295937786654
0,0,0.00019566026735178864
0,0,0.00023464291962449715
0,0,0.0001943295937786654
0,0,0.00033361429304092094
0,0,0.00019731948417545884
0,0,0.00019767464426476787
0,0,0.00020151715774892505
0,0,0.00019650858279916247
0,0,0.00019650858279916247
0,0,0.00020616943548971758
0,0,0.0002684011558138388
0,0,0.00020290276296320732
0,0,0.00020259227268257894
0,0,0.00023534062391495988
0,0,0.0002062470039414867
0,0,0.00019965527467841228
0,0,0.0002165908916532587
0,0,0.00021374121195583592
0,0,0.00020272300870327403
0,0,0.00019999608184279472
0,0,0.0001943295937786654
0,0,0.0007985549527168954
0,0,0.00019824637128955936
0,0,0.00033336660772153345
0,0,0.00021050720176984223
0,0,0.0002851786774556649
0,0,0.00019650858279916247
0,0,0.0002369998407386301
0,0,0.00019566026735178864
0,0,0.0002051970849782361
0,0,0.0002555328905631545
0,0,0.0003479089490307768
0,0,0.01547026902628378
0,0,0.0003083572568423909
0,0,0.0002040149650222525
0,0,0.000199152961849636
0,0,0.00019798432503757317
0,0,0.00021077053608131187
0,0,0.0001943295937786654
0,0,0.00019650858279916247
0,0,0.0002063954574610547
0,0,0.00020468684619789538
0,0,0.00026573667391647593
0,0,0.00020259227268257894
0,0,0.00019783925637228573
0,0,0.00022434823718534225
0,0,0.0003717227305313223
0,0,0.00019650858279916247
0,0,0.00019650858279916247
0,0,0.0001943295937786654
0,0,0.00019731948417545884
0,0,0.00026429924570404143
0,0,0.0002564057567213555
0,0,0.00019566026735178864
0,0,0.00021669991644402567
0,0,0.0002051932151147453
0,0,0.00030845700369358764
0,0,0.0004113380519123559
0,0,0.00021083496568088828
0,0,0.0002064986852772506
0,0,0.00045983640225410213
0,0,0.00019958488106024139
0,0,0.0001943295937786654
0,0,0.0004818019466554076
0,0,0.00020081068751090985
0,0,0.00020183426369890938
0,0,0.00019650858279916247
0,0,0.0001943295937786654
0,0,0.0002470781900786112
0,0,0.00023066909315981178
0,0,0.00020314647801386327
0,0,0.0004984572057910148
0,0,0.00019650858279916247
0,0,0.00019783925637228573
0,0,0.00019566026735178864
0,0,0.0001943295937786654
0,0,0.0001988443733021159
0,0,0.00021050720176984223
0,0,0.00019650858279916247
0,0,0.0008199117688665014
0,0,0.00022131618504303642
0,0,0.0001943295937786654
0,0,0.0002295843191443358
0,0,0.005543246940383121
0,0,0.00019985794092525487
0,0,0.0001994800139377866
0,0,0.0001943295937786654
0,0,0.0001943295937786654
0,0,0.00019650858279916247
0,0,0.0003389097818653296
0,0,0.001406794700297258
0,0,0.00020491633036836345
0,0,0.00020220719458144263
0,0,0.0005142581455989005
0,0,0.001197218924260666
0,0,0.0005512881303874551
0,0,0.0003893662507580041
0,0,0.0023472447008419796
0,0,0.00020898292041224718
0,0,0.0002230640326793679
0,0,0.0001961401410620825
0,0,0.0002232547297032721
0,0,0.0010034574392710628
0,0,0.00021524229660407188
0,0,0.0001943295937786654
0,0,0.00019731948417545884
0,0,0.00019566026735178864
0,0,0.0001943295937786654
0,0,0.00033903130649508853
0,0,0.000219166630674807
0,0,0.00020491633036836345
0,0,0.0003310654709974728
0,0,0.0007188403223601345
0,0,0.00019781709282229765
0,0,0.0001943295937786654
0,0,0.00020259227268257894
0,0,0.0002046349322870322
0,0,0.0002292034101088235
0,0,0.003542078362756454
0,0,0.00020259227268257894
0,0,0.0002068272285277975
0,0,0.00020081068751090985
0,0,0.0001943295937786654
0,0,0.00023534062391495988
0,0,0.000341862799676482
0,0,0.0002063954574610547
0,0,0.00019566026735178864
0,0,0.00021070100116681498
0,0,0.0002083282127493451
0,0,0.000291971264730116
0,0,0.0001943295937786654
0,0,0.00021244144569716595
0,0,0.0002453559012859022
0,0,0.0013897231476138847
0,0,0.00020259227268257894
0,0,0.00021549233040117155
0,0,0.00020872161537900202
0,0,0.00021333318659610384
0,0,0.0001943295937786654
0,0,0.00019566026735178864
0,0,0.00019566026735178864
0,0,0.00020739094180587873
0,0,0.00019783925637228573
0,0,0.00019650858279916247
0,0,0.00019650858279916247
0,0,0.0002688480124176474
0,0,0.00020157208939008405
0,0,0.00020259227268257894
0,0,0.005697338581540854
0,0,0.0001943295937786654
0,0,0.0002039229462557022
0,0,0.0002082877292426114
0,0,0.00035273901197563573
0,0,0.00022443024580607451
0,0,0.0002233253531457112
0,0,0.0002444341650180482
0,0,0.00019650858279916247
0,0,0.00019566026735178864
0,0,0.00034306477208362346
0,0,0.008768839740038522
0,0,0.00019693631288928345
0,0,0.00021313791131379525
0,0,0.00022514958024618414
0,0,0.00046485220363451965
0,0,0.0002216713391435217
0,0,0.00019783925637228573
0,0,0.00033373562181799265
0,0,0.00019731948417545884
0,0,0.00019781709282229765
0,0,0.0002793352556640072
0,0,0.001203460129445088
0,0,0.00020081068751090985
0,0,0.00019783925637228573
0,0,0.0001994800139377866
0,0,0.0005166194421704438
0,0,0.0001943295937786654
0,0,0.00020382490372929996
0,0,0.0001943295937786654
0,0,0.00020118430685838823
0,0,0.00020367270045098892
0,0,0.00026358915889910373
0,0,0.0001994800139377866
0,0,0.0001988443733021159
0,0,0.00021781493204679726
0,0,0.0007305489310660216
0,0,0.00020492806318553235
0,0,0.0005771232344410559
0,0,0.00020081068751090985
0,0,0.00019731948417545884
0,0,0.00037944747838863804
0,0,0.0002039229462557022
0,0,0.00024307819050944484
0,0,0.00020925173447379402
0,0,0.000198089569807103
0,0,0.00048337796188903197
0,0,0.00020282438500361508
0,0,0.00019566026735178864
0,0,0.00032643898566696257
0,0,0.00019816779962283267
0,0,0.00020259227268257894
0,0,0.00019783925637228573
0,0,0.000198089569807103
0,0,0.0004271578554867485
0,0,0.002081455755728303
0,0,0.00020624781344930982
0,0,0.00023268139383388384
0,0,0.0001943295937786654
0,0,0.0001943295937786654
0,0,0.00021108706390752865
0,0,0.0001994800139377866
0,0,0.00022892383787515903
0,0,0.12405055501234732
0,0,0.00019566026735178864
0,0,0.0003758454573865016
0,0,0.00019783925637228573
0,0,0.0002191517741779463
0,0,0.00019591058078660591
0,0,0.000389176196466596
0,0,0.0002208671686717806
0,0,0.00019591058078660591
0,0,0.0005522480335114245
0,0,0.0002150278294811783
0,0,0.00019566026735178864
0,0,0.0034352135478035884
0,0,0.00021067248219599924
0,0,0.0006606870840242231
0,0,0.0001994800139377866
0,0,0.00019900531783789113
0,0,0.0002201307463315888
0,0,0.00025760218984029713
0,0,0.00020016331405807024
0,0,0.00020491633036836345
0,0,0.00045983640225410213
0,0,0.00023108477082752998
0,0,0.00021409853238992595
0,0,0.0002043650940809239
0,0,0.00040659803471975733
0,0,0.0002037704107961589
0,0,0.00021627602852607332
0,0,0.00027292382358006043
0,0,0.0010951114801968523
0,0,0.0002317226562848688
0,0,0.00020157208939008405
0,0,0.0001943295937786654
0,0,0.00023609659915298532
0,0,0.0004952634865823645
0,0,0.0001943295937786654
0,0,0.00026773955148919065
0,0,0.00019591058078660591
0,0,0.0005477123389694575
0,0,0.0001943295937786654
0,0,0.00020184209989646814
0,0,0.00020290276296320732
0,0,0.00019731948417545884
0,0,0.00033614137441910854
0,0,0.00024542484425384354
0,0,0.0002295712113279986
0,0,0.00020259227268257894
0,0,0.00019783925637228573
0,0,0.00019566026735178864
0,0,0.0001943295937786654
0,0,0.00020180407162357112
0,0,0.00019566026735178864
0,0,0.00020335903791229683
0,0,0.0001943295937786654
0,0,0.00020872161537900202
0,0,0.0007151709155328695
0,0,0.00019650858279916247
0,0,0.0002045399880943316
0,0,0.0002369998407386301
0,0,0.0001943295937786654
0,0,0.0002200129581125077
0,0,0.0001943295937786654
0,0,0.0002105147530749287
0,0,0.00020315431421142206
0,0,0.00020282438500361508
0,0,0.00020259227268257894
0,0,0.0001966536514644499
0,0,0.0002082803673909217
0,0,0.0002045399880943316
0,0,0.00019598881060233557
0,0,0.00020157208939008405
0,0,0.00020081068751090985
0,0,0.00020016331405807024
0,0,0.000198089569807103
0,0,0.0002079575967159028
0,0,0.0002493395109363836
0,0,0.0002486616292935965
0,0,0.0001916692215482623
0,0,0.0003630032318410927
0,0,0.00020102614321570417
0,0,0.00033687985654774516
0,0,0.00020983476829399762
0,0,0.0002204973042479303
0,0,0.00019650858279916247
0,0,0.0002021580425736112
0,0,0.0001943295937786654
0,0,0.00019566026735178864
0,0,0.00019900531783789113
0,0,0.0001943295937786654
0,0,0.00021652752806385734
0,0,0.00020180407162357112
0,0,0.00039559126322682314
0,0,0.00019566026735178864
0,0,0.0007496180529737068
0,0,0.00019566026735178864
0,0,0.00019566026735178864
0,0,0.0001943295937786654
0,0,0.0002290783369127574
0,0,0.0004097018087902973
0,0,0.000347683557110185
0,0,0.0002185617029071501
0,0,0.0001943295937786654
0,0,0.00019566026735178864
0,0,0.00019566026735178864
0,0,0.00023552333512256676
0,0,0.0004154480575031321
0,0,0.0010728230057805508
0,0,0.00020136766241331722
0,0,0.00020176387008073848
0,0,0.0007099405927679264
0,0,0.00027088598175612546
0,0,0.0002562755941478933
0,0,0.00019650858279916247
0,0,0.00019566026735178864
0,0,0.007503477102619183
0,0,0.0001966536514644499
0,0,0.0005136213871647338
0,0,0.00020157208939008405
0,0,0.0007306852274865057
0,0,0.00019566026735178864
0,0,0.00020081068751090985
0,0,0.00019650858279916247
0,0,0.00020220719458144263
0,0,0.00019954720233368922
0,0,0.00019783925637228573
0,0,0.00019650858279916247
0,0,0.0002096588863224684
0,0,0.00025374528419306973
0,0,0.00019783925637228573
0,0,0.00019412776045083532
0,0,0.00020259227268257894
0,0,0.00019650858279916247
0,0,0.0005853295518710753
0,0,0.00019783925637228573
0,0,0.00025873719394466457
0,0,0.00021627602852607332
0,0,0.00020259227268257894
0,0,0.0003839800287053127
0,0,0.00020203692994575194
0,0,0.00019650858279916247
0,0,0.00020081068751090985
0,0,0.0001943295937786654
0,0,0.00019566026735178864
0,0,0.0003052316868299872
0,0,0.0003400411273697533
0,0,0.00019591058078660591
0,0,0.0001943295937786654
0,0,0.00019650858279916247
0,0,0.00033008887792666266
0,0,0.0006932211697379402
0,0,0.00023534062391495988
0,0,0.00021077053608131187
0,0,0.00020906179475237027
0,0,0.0001943295937786654
0,0,0.00019650858279916247
0,0,0.00036119488373649735
0,0,0.0001994800139377866
0,0,0.0001943295937786654
0,0,0.00020180407162357112
0,0,0.00022036667607884544
0,0,0.00019783925637228573
0,0,0.00024279327426114124
0,0,0.0001943295937786654
0,0,0.0002157941295950482
0,0,0.00019650858279916247
0,0,0.00020081068751090985
0,0,0.00020259227268257894
0,0,0.00021792156522638194
0,0,0.00020290276296320732
0,0,0.00020290276296320732
0,0,0.0001943295937786654
0,0,0.00019650858279916247
0,0,0.00019598881060233557
0,0,0.00020323130621375426
0,0,0.0002006645346615613
0,0,0.007866455452154534
0,0,0.00019650858279916247
0,0,0.0002031347451966944
0,0,0.00019650858279916247
0,0,0.00019591058078660591
0,0,0.00019650858279916247
0,0,0.00026749639973869304
0,0,0.00033380782267345186
0,0,0.00020730491052199014
0,0,0.00026271397000620923
0,0,0.00021076869289290656
0,0,0.0002096588863224684
0,0,0.000690728658423023
0,0,0.00019650858279916247
0,0,0.00019650858279916247
0,0,0.0002738595875331276
0,0,0.0003023309150742909
0,0,0.00021242587260917928
0,0,0.0003157407974075804
0,0,0.000603623679363768
0,0,0.00020318991143043936
0,0,0.00019598881060233557
0,0,0.00020838303431506102
0,0,0.00019783925637228573
0,0,0.0002807932722269479
0,0,0.0002098939822042226
0,0,0.00019767464426476787
0,0,0.00020250785717739828
0,0,0.00025372877523923207
0,0,0.0002053417965375081
0,0,0.00020842715354096126
0,0,0.00032800879634158834
0,0,0.00020500337402411218
0,0,0.00019566026735178864
0,0,0.0001943295937786654
0,0,0.00019650858279916247
0,0,0.0001994800139377866
0,0,0.00019591058078660591
0,0,0.00020282438500361508
0,0,0.00021050720176984223
0,0,0.00020259227268257894
0,0,0.00020919437270243432
0,0,0.00042896993931156285
0,0,0.00020985895006388783
0,0,0.00020157208939008405
0,0,0.00020338695728883217
0,0,0.00020531402725713194
0,0,0.00022362887530305136
0,0,0.0006238924581879004
0,0,0.0002989239517858754
0,0,0.00023534062391495988
0,0,0.0002076728562988861
0,0,0.00019566026735178864
0,0,0.0001943295937786654
0,0,0.00020739094180587873
0,0,0.0001943295937786654
0,0,0.00019783925637228573
0,0,0.00022816818559254687
0,0,0.0006136022258555213
0,0,0.00019783925637228573
0,0,0.0010807494461895092
0,0,0.00034306477208362346
0,0,0.00021638817330418502
0,0,0.00021900199299479192
0,0,0.000604261864977688
0,0,0.00024282918265858502
0,0,0.00019954720233368922
0,0,0.00019566026735178864
0,0,0.00020282438500361508
0,0,0.0001943295937786654
0,0,0.0005302707688242626
0,0,0.0002134512414471607
0,0,0.00020259227268257894
0,0,0.0003814952903708667
0,0,0.0002031347451966944
0,0,0.0002224699885449684
0,0,0.000333532572799728
0,0,0.00020398335368400868
0,0,0.00019767464426476787
0,0,0.00019566026735178864
0,0,0.0009544568165352773
0,0,0.0001943295937786654
0,0,0.00019566026735178864
0,0,0.0001943295937786654
0,0,0.0004708256776194052
0,0,0.0002229410876152939
0,0,0.0005334813252282058
0,0,0.00021353325033752327
0,0,0.0004381073186288609
0,0,0.00019566026735178864
0,0,0.00019816779962283267
0,0,0.00026322502463997714
0,0,0.00026853440596705036
0,0,0.0002167772384671585
0,0,0.00020081068751090985
0,0,0.00024047660869754988
0,0,0.00019666538428161882
0,0,0.0006467940206194639
0,0,0.000242611390975476
0,0,0.00020259227268257894
0,0,0.00022728346274778627
0,0,0.0002165908916532587
0,0,0.00024647122426019137
0,0,0.0002520493914786834
0,0,0.00020250785717739828
0,0,0.00019731948417545884
0,0,0.00037725109011239703
0,0,0.0007185464547705515
0,0,0.00025979262984877856
0,0,0.0006023939901850874
0,0,0.00019566026735178864
0,0,0.00023459358204269785
0,0,0.00025947687258527706
0,0,0.00019566026735178864
0,0,0.00038837253590449255
0,0,0.00030630683514342946
0,0,0.00019731948417545884
0,0,0.00019598881060233557
0,0,0.0001943295937786654
0,0,0.00020017504687523918
0,0,0.00019783925637228573
0,0,0.0001943295937786654
0,0,0.00019731948417545884
0,0,0.00019650858279916247
0,0,0.00019566026735178864
0,0,0.000531421729842189
0,0,0.00021603682456958515
0,0,0.0001943295937786654
0,0,0.00019566026735178864
0,0,0.00020906179475237027
0,0,0.0002039229462557022
0,0,0.00020081068751090985
0,0,0.00033614137441910854
0,0,0.000198089569807103
0,0,0.00019566026735178864
0,0,0.0002768725686138245
0,0,0.00035589216684837687
0,0,0.00019598881060233557
0,0,0.00037553280572537876
0,0,0.00020966190970651618
0,0,0.0006216465467679868
0,0,0.0006007546253815123
0,0,0.0003237915274181043
0,0,0.00033862103351310917
0,0,0.0002000006589531776
0,0,0.00020251404286684928
0,0,0.0001943295937786654
0,0,0.0001943295937786654
0,0,0.0001994800139377866
0,0,0.00020290276296320732
0,0,0.0001994800139377866
0,0,0.0003424007028685006
0,0,0.000198089569807103
0,0,0.0001943295937786654
0,0,0.00018660742674113032
0,0,0.00019783925637228573
0,0,0.0002107019858063924
0,0,0.00036414928454485635
0,0,0.0001943295937786654
0,0,0.0006811859582630513
0,0,0.0001943295937786654
0,0,0.00019911157220070663
0,0,0.00022513092784914835
0,0,0.0005043009453897678
0,0,0.0002200129581125077
0,0,0.0002039229462557022
0,0,0.0002474467971468851
0,0,0.0001948502387940564
0,0,0.0002003396845552543
0,0,0.0002770856123064783
0,0,0.000398926055194592
0,0,0.00019566026735178864
0,0,0.0004186724996436017
0,0,0.00046701643751670174
0,0,0.00023776992637027423
0,0,0.00020604724381210758
0,0,0.0002936760018009151
0,0,0.00020251404286684928
0,0,0.00019767464426476787
0,0,0.00020468684619789538
0,0,0.00020900930053949337
0,0,0.00022845558018456678
0,0,0.00019965527467841228
0,0,0.000199152961849636
0,0,0.0001943295937786654
0,0,0.000347683557110185
0,0,0.002808968656489216
0,0,0.00029770629368536966
0,0,0.0005632754484961183
0,0,0.0005372160491908487
0,0,0.00020282438500361508
0,0,0.0002062470039414867
0,0,0.00020624781344930982
0,0,0.00019419920356666135
0,0,0.00019566026735178864
0,0,0.00019566026735178864
0,0,0.00026120734447608704
0,0,0.0002062470039414867
0,0,0.000198089569807103
0,0,0.0002063954574610547
0,0,0.00034177563356106
0,0,0.00020203692994575194
0,0,0.00021906204319006978
0,0,0.00019650858279916247
0,0,0.0002258122545359155
0,0,0.0003451313740622484
0,0,0.0001943295937786654
0,0,0.00019650858279916247
0,0,0.0003668751342284328
0,0,0.00022479218727079007
0,0,0.00019566026735178864
0,0,0.00019946844227533344
0,0,0.0001943295937786654
0,0,0.0005840151150697963
0,0,0.0002030998874666714
0,0,0.00019566026735178864
0,0,0.0002083282127493451
0,0,0.00021801179135994136
0,0,0.0001943295937786654
0,0,0.000226616420192751
0,0,0.00021410145246557772
0,0,0.00028058329734045574
0,0,0.00019566026735178864
0,0,0.000198832640484947
0,0,0.0001943295937786654
0,0,0.0002588274182232507
0,0,0.0009884272293992657
0,0,0.0001943295937786654
0,0,0.00021077053608131187
0,0,0.0002257354986301555
0,0,0.00019650858279916247
0,0,0.00019650858279916247
0,0,0.0002073904184879283
0,0,0.0001943295937786654
0,0,0.00020671024128772423
0,0,0.00019566026735178864
0,0,0.00020570434276889022
0,0,0.00029008477664157264
0,0,0.0005782763648239636
0,0,0.0002572418826915263
0,0,0.0010300188405063188
0,0,0.00020259227268257894
0,0,0.0001943295937786654
0,0,0.00020570434276889022
0,0,0.0001943295937786654
0,0,0.00019650858279916247
0,0,0.00020883089846748812
0,0,0.00021161424770634886
0,0,0.00019783925637228573
0,0,0.00020739094180587873
0,0,0.00035042516977539797
0,0,0.00019783925637228573
0,0,0.00019781709282229765
0,0,0.00019566026735178864
0,0,0.00019650858279916247
0,0,0.0002097149994916633
0,0,0.00019566026735178864
0,0,0.00026298472232045455
0,0,0.00021560107467076035
0,0,0.0002150574997310618
0,0,0.00019650858279916247
0,0,0.0003850847263536857
0,0,0.00020758920392460362
0,0,0.00019566026735178864
0,0,0.00020180407162357112
0,0,0.0002100422511387312
0,0,0.00023766468160074444
0,0,0.00023534062391495988
0,0,0.00020762779171092089
0,0,0.0001943295937786654
0,0,0.0002468298249730799
0,0,0.0002354636462243055
0,0,0.0002070220585770813
0,0,0.00019359655895340256
0,0,0.00034170234288084605
0,0,0.0006830352269307573
0,0,0.00020569988907928998
0,0,0.00020149371143049182
0,0,0.003226373923565561
0,0,0.00031288431462570324
0,0,0.00019650858279916247
0,0,0.00023766468160074444
0,0,0.001161451888117269
0,0,0.0005015027507086433
0,0,0.00020593732316868138
0,0,0.00020259227268257894
0,0,0.000200238322658025
0,0,0.00023751103569845584
0,0,0.00023534062391495988
0,0,0.0010199200794421693
0,0,0.00019566026735178864
0,0,0.0006643959473984067
0,0,0.0002039229462557022
0,0,0.00030222737417888044
0,0,0.0001943295937786654
0,0,0.00019566026735178864
0,0,0.00028361715794371844
0,0,0.000198832640484947
0,0,0.0002930797833425842
0,0,0.0002992365906740499
0,0,0.00019731948417545884
0,0,0.00023659845167569346
0,0,0.0002890716331031096
0,0,0.0008466932134448271
0,0,0.0002055744989041867
0,0,0.0002471306348475321
0,0,0.0002039229462557022
0,0,0.0001943295937786654
0,0,0.00019566026735178864
0,0,0.0009225425511439946
0,0,0.0002691616404454259
0,0,0.00019598881060233557
0,0,0.0001943295937786654
0,0,0.00021852668402241139
0,0,0.00019783925637228573
0,0,0.00019650858279916247
0,0,0.0016429182720514278
0,0,0.0003217855561145047
0,0,0.00023566916716550682
0,0,0.0001943295937786654
0,0,0.00019650858279916247
0,0,0.0002191085918393209
0,0,0.0002087326746075339
0,0,0.0002436033028188735
0,0,0.0001994800139377866
0,0,0.00019566026735178864
0,0,0.00020492806318553235
0,0,0.00019598881060233557
0,0,0.0002206291948990347
0,0,0.00019566026735178864
0,0,0.0001943295937786654
0,0,0.00019566026735178864
0,0,0.00047241451689476505
0,0,0.0002111115631027651
0,0,0.0005418585501244313
0,0,0.0001943295937786654
0,0,0.0001943295937786654
0,0,0.00019650858279916247
0,0,0.001044749630085842
0,0,0.00019566026735178864
0,0,0.00022763425205755893
0,0,0.0002610965180205089
0,0,0.0003130610244857101
0,0,0.00019566026735178864
0,0,0.0002012064191573594
0,0,0.00019566026735178864
0,0,0.0001943295937786654
0,0,0.00020872161537900202
0,0,0.0005917765917632667
0,0,0.0003614787790039011
0,0,0.00035942697330848853
0,0,0.00019650858279916247
0,0,0.00019650858279916247
0,0,0.00026551119586522694
0,0,0.000210233663305222
0,0,0.0001943295937786654
0,0,0.00020151355664592126
0,0,0.00019566026735178864
0,0,0.00019566026735178864
0,0,0.0002134786329084663
0,0,0.000198089569807103
0,0,0.0004859058788869609
0,0,0.0004407881828285729
0,0,0.00030750140262172254
0,0,0.0003614787790039011
0,0,0.00019650858279916247
0,0,0.00020250785717739828
0,0,0.00019566026735178864
0,0,0.00019783925637228573
0,0,0.0002311939242161774
0,0,0.0012315319855740704
0,0,0.00020903850868480043
0,0,0.00020625873675865562
0,0,0.00020780988123760276
0,0,0.00023220885187091427
0,0,0.00020199988157228722
0,0,0.0002080356795822434
0,0,0.00021143993707182832
0,0,0.00032598663576055727
0,0,0.006898760150897646
0,0,0.00024079686504940154
0,0,0.0001943295937786654
0,0,0.0001994800139377866
0,0,0.00021792156522638194
0,0,0.0001943295937786654
0,0,0.00024573499606217805
0,0,0.00019591058078660591
0,0,0.00021389115805166902
0,0,0.00019783925637228573
0,0,0.00020259227268257894
0,0,0.00019650858279916247
0,0,0.0001943295937786654
0,0,0.0001943295937786654
0,0,0.0001943295937786654
0,0,0.00020157208939008405
0,0,0.00026223762697033016
0,0,0.0002062470039414867
0,0,0.0002039229462557022
0,0,0.00019783925637228573
0,0,0.0008518906517646361
0,0,0.00029206853009643017
0,0,0.0002070220585770813
0,0,0.0001943295937786654
0,0,0.0002045596214484524
0,0,0.00019566026735178864
0,0,0.00021609233668525596
0,0,0.000534850743892289
0,0,0.00019816779962283267
0,0,0.00026357275671720024
0,0,0.0001991477663954209
0,0,0.0002168683677223765
0,0,0.0003162848049748975
0,0,0.0005490635329260337
0,0,0.000866493306441992
0,0,0.0002039229462557022
0,0,0.0001943295937786654
0,0,0.0002096588863224684
0,0,0.00021519979723406987
0,0,0.00034893396777182866
0,0,0.00019872022983791353
0,0,0.00019783925637228573
0,0,0.00019650858279916247
0,0,0.00022362887530305136
0,0,0.00019816779962283267
0,0,0.0002067409688073746
0,0,0.00025416287900735426
0,0,0.00020203692994575194
0,0,0.00019949847319595594
0,0,0.00020491633036836345
0,0,0.00021792156522638194
0,0,0.00020604724381210758
0,0,0.00020259227268257894
0,0,0.0001943295937786654
0,0,0.00025285933156168867
0,0,0.00019566026735178864
0,0,0.0002033304930533283
0,0,0.0001943295937786654
0,0,0.00020180407162357112
0,0,0.00020081068751090985
0,0,0.00019783925637228573
0,0,0.00020983487722361024
0,0,0.00019591058078660591
0,0,0.00019566026735178864
0,0,0.0007114170228685829
0,0,0.0005331737516643055
0,0,0.0002887037215612686
0,0,0.0001943295937786654
0,0,0.00020259227268257894
0,0,0.00019566026735178864
0,0,0.00042157600667450573
0,0,0.000560778227701933
0,0,0.0001943295937786654
0,0,0.002290413383363217
0,0,0.00026440600034335264
0,0,0.000793268362987727
0,0,0.00020574418071320628
0,0,0.000332796323933006
0,0,0.00019985363328526497
0,0,0.00021891494933904318
0,0,0.0010645078121307844
0,0,0.00020282438500361508
0,0,0.00019783925637228573
0,0,0.0002189266821562121
0,0,0.00019666538428161882
0,0,0.00022548369925589896
0,0,0.0007294806901327394
0,0,0.00026254910433310373
0,0,0.0002007758297808869
0,0,0.000210233663305222
0,0,0.0002240733630659986
0,0,0.00020416707400106848
0,0,0.0001943295937786654
0,0,0.00019566026735178864
0,0,0.000521453102457758
0,0,0.00020532874764510816
0,0,0.00019731948417545884
0,0,0.0035348989852449788
0,0,0.00022286751408406695
0,0,0.0001943295937786654
0,0,0.00020081068751090985
0,0,0.00019591058078660591
0,0,0.00021924548381134208
0,0,0.0002100422511387312
0,0,0.000202954818801384
0,0,0.00020157208939008405
0,0,0.00019566026735178864
0,0,0.00019566026735178864
0,0,0.00019650858279916247
0,0,0.0001943295937786654
0,0,0.00019650858279916247
0,0,0.00020906179475237027
0,0,0.00020259227268257894
0,0,0.00019591058078660591
0,0,0.00024869565090588714
0,0,0.0001943295937786654
0,0,0.0001943295937786654
0,0,0.00020541187489864582
0,0,0.0003098495314514658
0,0,0.00024227637775644072
0,0,0.00019650858279916247
0,0,0.0004727485791949528
0,0,0.0002139116230309486
0,0,0.0002652862588183325
0,0,0.0002993031781664911
0,0,0.00019731948417545884
0,0,0.0002550628936710292
0,0,0.00020500337402411218
0,0,0.0001994800139377866
0,0,0.00019693631288928345
0,0,0.00020813108753489734
0,0,0.00020689777028983097
0,0,0.00021254335747965679
0,0,0.000258374140901768
0,0,0.00021851620072902916
0,0,0.0006216465467679868
0,0,0.0003551605263021914
0,0,0.000629813576642969
0,0,0.0001943295937786654
0,0,0.00019591058078660591
0,0,0.00021557070836076382
0,0,0.0001943295937786654
0,0,0.00019949847319595594
0,0,0.0001982088299454599
0,0,0.0002825857599974836
0,0,0.00019650858279916247
0,0,0.0001943295937786654
0,0,0.00023534062391495988
0,0,0.00045983640225410213
0,0,0.00019650858279916247
0,0,0.00023520058970666756
0,0,0.00019566026735178864
0,0,0.00027623108550793064
0,0,0.005644177115105391
0,0,0.00020367270045098892
0,0,0.00019650858279916247
0,0,0.00024071628253054784
0,0,0.00019650858279916247
0,0,0.00020758316036003572
0,0,0.0013676795628691449
0,0,0.00021589359904902524
0,0,0.00020739094180587873
0,0,0.0001943295937786654
0,0,0.00020250785717739828
0,0,0.00024160396763710855
0,0,0.0001943295937786654
0,0,0.00023971277558387197
0,0,0.0001943295937786654
0,0,0.0003190114142965123
0,0,0.00020149371143049182
0,0,0.00020149371143049182
0,0,0.00019566026735178864
0,0,0.0002954206350122205
0,0,0.00019900224722394928
0,0,0.0001994800139377866
0,0,0.00019949847319595594
0,0,0.00023564956464907592
0,0,0.00022092964870817393
0,0,0.0003051452611373499
0,0,0.00020596717060988024
0,0,0.00020081068751090985
0,0,0.0001943295937786654
0,0,0.00020320299141135734
0,0,0.00019731948417545884
0,0,0.0001943295937786654
0,0,0.0004564913517679997
0,0,0.000215856890365103
0,0,0.00020081068751090985
0,0,0.0002064244882268944
0,0,0.00020074787191190493
0,0,0.00025125315191199443
0,0,0.0003731761013110121
0,0,0.00020034670831318494
0,0,0.00020934895506956672
0,0,0.0002195798357288882
0,0,0.0010269119771733586
0,0,0.00019549258463032892
0,0,0.0001994800139377866
0,0,0.0003041315053153641
0,0,0.00021051837945808925
0,0,0.00022943585029414095
0,0,0.0002479929793380175
0,0,0.00032341514844560706
0,0,0.00019598881060233557
0,0,0.001145662238466489
0,0,0.0002072385774542134
0,0,0.0005295943214921791
0,0,0.0003747609057527009
0,0,0.0001943295937786654
0,0,0.0002141736658459189
0,0,0.00020533206541852167
0,0,0.00020170552453676967
0,0,0.0004500145113817857
0,0,0.0002039229462557022
0,0,0.00021549233040117155
0,0,0.00020259227268257894
0,0,0.00021053792807814548
0,0,0.00019650858279916247
0,0,0.0001943295937786654
0,0,0.00019566026735178864
0,0,0.00021700365424959104
0,0,0.00021265180010330962
0,0,0.010341408261553865
0,0,0.00019650858279916247
0,0,0.0008287003962605221
0,0,0.00033361429304092094
0,0,0.0001943295937786654
0,0,0.00026824375158979386
0,0,0.00019566026735178864
0,0,0.00019566026735178864
0,0,0.0001943295937786654
0,0,0.00037437967373242623
0,0,0.0001943295937786654
0,0,0.00041138636556552893
0,0,0.00019650858279916247
0,0,0.017962555841538358
0,0,0.00022086142170374412
0,0,0.00019650858279916247
0,0,0.00019666538428161882
0,0,0.0005076873474450229
0,0,0.0004972405389256832
0,0,0.0008911908133063584
0,0,0.00020427868306108638
0,0,0.0007817098958952398
0,0,0.0002105502905183892
0,0,0.0003784110470201404
0,0,0.00019650858279916247
0,0,0.00019985794092525487
0,0,0.00020259227268257894
0,0,0.0001994800139377866
0,0,0.00020259227268257894
0,0,0.00033856680276174846
0,0,0.00023853367017575452
0,0,0.0001943295937786654
0,0,0.00021109729515680803
0,0,0.00019816779962283267
0,0,0.00048562512441008824
0,0,0.00019666538428161882
0,0,0.0002483690154046362
0,0,0.0002091892347439755
0,0,0.00019666538428161882
0,0,0.0003579467712202284
0,0,0.00023841784895323574
0,0,0.00019566026735178864
0,0,0.00020250785717739828
0,0,0.00021934372590097636
0,0,0.0002060215964373881
0,0,0.00021269736847858632
0,0,0.0002039229462557022
0,0,0.00020220719458144263
0,0,0.000621794592796706
0,0,0.00020680904547032983
0,0,0.0005140498833113288
0,0,0.0001943295937786654
0,0,0.000202954818801384
0,0,0.0001943295937786654
0,0,0.0001943295937786654
0,0,0.00020975488876651585
0,0,0.0001943295937786654
0,0,0.000198089569807103
0,0,0.00019954720233368922
0,0,0.0001943295937786654
0,0,0.00020872161537900202
0,0,0.00019566026735178864
0,0,0.00021185096384972185
0,0,0.00019965527467841228
0,0,0.0002127939311711407
0,0,0.00020157208939008405
0,0,0.00019566026735178864
0,0,0.00019566026735178864
0,0,0.00020570434276889022
0,0,0.00019650858279916247
0,0,0.00030323804145915024
0,0,0.0001943295937786654
0,0,0.0002018278969378533
0,0,0.00019566026735178864
0,0,0.00019566026735178864
0,0,0.0001943295937786654
0,0,0.0002039229462557022
0,0,0.00038837253590449255
0,0,0.0001994800139377866
0,0,0.0001994800139377866
0,0,0.00020250785717739828
0,0,0.00020881558618575025
0,0,0.00021445696121388704
0,0,0.00020190469179821735
0,0,0.000242537814679524
0,0,0.00019783925637228573
0,0,0.0002062998692874865
0,0,0.00019783925637228573
0,0,0.00021685752289534366
0,0,0.00020259227268257894
0,0,0.00027500489479347887
0,0,0.00021504744944121374
0,0,0.0006815707396542623
0,0,0.00020822623283260467
0,0,0.0001943295937786654
0,0,0.00020274683460815937
0,0,0.00023566916716550682
0,0,0.00019650858279916247
0,0,0.0002191777228715466
0,0,0.00019958869932951539
0,0,0.00024416395839045655
0,0,0.00023241193694358532
0,0,0.0008066582180462749
0,0,0.00020378818158938317
0,0,0.00020259227268257894
0,0,0.0001943295937786654
0,0,0.00021217277687989787
0,0,0.00019783925637228573
0,0,0.00023534062391495988
0,0,0.0001943295937786654
0,0,0.0002062470039414867
0,0,0.0001943295937786654
0,0,0.0004723989461290055
0,0,0.0001943295937786654
0,0,0.00023766468160074444
0,0,0.00020180407162357112
0,0,0.0001943295937786654
0,0,0.0001943295937786654
0,0,0.006120968732688598
0,0,0.00019650858279916247
0,0,0.0001943295937786654
0,0,0.00022426887545017857
0,0,0.00020664057544165685
0,0,0.00019591058078660591
0,0,0.0002046140356250542
0,0,0.00020259227268257894
0,0,0.0001943295937786654
0,0,0.00020149371143049182
0,0,0.001052114122287233
0,0,0.00021218180170829332
0,0,0.00019954720233368922
1,1,0.7612031643319174
0,0,0.00021556496684998778
0,0,0.0001943295937786654
0,0,0.00020604724381210758
0,0,0.0001980038940523009
0,0,0.00023594314793779308
0,0,0.0003194120745719226
0,0,0.0001943295937786654
0,0,0.00019650858279916247
0,0,0.00019566026735178864
0,0,0.00021099258327963947
0,0,0.00019949847319595594
0,0,0.0002039229462557022
0,0,0.00019666538428161882
0,0,0.00023282860645293743
0,0,0.00020220719458144263
0,0,0.00019566026735178864
0,0,0.0004146355735225443
0,0,0.00019816779962283267
0,0,0.00020290276296320732
0,0,0.00019731948417545884
0,0,0.00019650858279916247
0,0,0.0005869468479314136
0,0,0.0002044836018272853
0,0,0.00020251404286684928
0,0,0.00019918219295015903
0,0,0.00021521676532984286
0,0,0.00020259227268257894
0,0,0.0002993031781664911
0,0,0.00019799605785474208
0,0,0.0005185556827545254
0,0,0.00019566026735178864
0,0,0.00019783925637228573
0,0,0.00022788841735380737
0,0,0.00020523855346616076
0,0,0.001106446515284548
0,0,0.00019591058078660591
0,0,0.0001994800139377866
0,0,0.00021204244203172832
0,0,0.00019566026735178864
0,0,0.003613111944699609
0,0,0.00023534062391495988
0,0,0.00021463343741729744
0,0,0.00019566026735178864
0,0,0.00020527089133971766
0,0,0.000467265182854104
0,0,0.0006806865712064638
0,0,0.00019650858279916247
0,0,0.00021131871091520062
0,0,0.00019598881060233557
0,0,0.00025515533415803053
0,0,0.0002165908916532587
0,0,0.00021767131942166862
0,0,0.0001943295937786654
0,0,0.0002099908213819744
0,0,0.0004915958205711815
0,0,0.0005668535989706406
0,0,0.00019650858279916247
0,0,0.0003147658017865969
0,0,0.00030439831122373043
0,0,0.00020041362749288752
0,0,0.0002083282127493451
0,0,0.00019954720233368922
0,0,0.0001943295937786654
0,0,0.0004308800839375901
0,0,0.00020259227268257894
0,0,0.000215268542608656
0,0,0.0003047603499931385
0,0,0.0002003313696585324
0,0,0.00019591058078660591
0,0,0.00020625873675865562
0,0,0.00020282438500361508
0,0,0.0001943295937786654
0,0,0.00021366698215584835
0,0,0.0006453132092340791
0,0,0.00035110193001685534
0,0,0.00021566561668164133
0,0,0.0002039229462557022
0,0,0.0002118463769364375
0,0,0.00019954720233368922
0,0,0.00020236476266627515
0,0,0.0001991477663954209
0,0,0.0002887426182887711
0,0,0.00041497554324080406
0,0,0.0001943295937786654
0,0,0.000198832640484947
0,0,0.00019650858279916247
0,0,0.016240074106690903
0,0,0.00020016331405807024
0,0,0.0002096588863224684
0,0,0.00020468684619789538
0,0,0.000202954818801384
0,0,0.00019798432503757317
0,0,0.0027311377170271735
0,0,0.00043669526747777075
0,0,0.00019650858279916247
0,0,0.0002900353823327474
0,0,0.0001943295937786654
0,0,0.0001943295937786654
0,0,0.00019566026735178864
0,0,0.00020220719458144263
0,0,0.0002062470039414867
0,0,0.0005490993564861174
0,0,0.00019566215433836786
0,0,0.0006643959473984067
0,0,0.0002436033028188735
0,0,0.0002039229462557022
0,0,0.013973921461234306
0,0,0.00048660232386859415
0,0,0.000202954818801384
0,0,0.0001943295937786654
0,0,0.00022659669099820554
0,0,0.00019566026735178864
0,0,0.0001943295937786654
0,0,0.00019566026735178864
0,0,0.0002159963330945286
0,0,0.00020735761474056382
0,0,0.00025167530143933707
0,0,0.0005738206088049929
0,0,0.0002463667742731867
0,0,0.0004482779017249542
0,0,0.000207650692748898
0,0,0.0002730970493630545
0,0,0.0001943295937786654
0,0,0.00019958488106024139
0,0,0.00020762779171092089
0,0,0.0005921678861712459
0,0,0.00020845250112487158
0,0,0.00020491713987618655
0,0,0.00020059865118912266
0,0,0.00019783925637228573
0,0,0.0002040619818571397
0,0,0.00020282438500361508
0,0,0.0002497008398447137
0,0,0.00019650858279916247
0,0,0.00022018514234899418
0,0,0.000408065086390701
0,0,0.00030997601388984923
0,0,0.00019566026735178864
0,0,0.0001943295937786654
0,0,0.0002603604494717313
0,0,0.00020081068751090985
0,0,0.000285996282384598
0,0,0.00019650858279916247
0,0,0.0002436033028188735
0,0,0.00022458505757560123
0,0,0.00019798432503757317
0,0,0.000855724757038792
0,0,0.00029012627574303646
0,0,0.0002158026905942508
0,0,0.0001943295937786654
0,0,0.0002925318752381945
0,0,0.00019566026735178864
0,0,0.000215268542608656
0,0,0.00020259227268257894
0,0,0.00028414927180140363
0,0,0.00021039164366962654
0,0,0.00022029099952447132
0,0,0.0001988443733021159
0,0,0.00046930340497119044
0,0,0.00019782228827651275
0,0,0.00020825030762579262
0,0,0.00021447682964197552
0,0,0.0002039229462557022
0,0,0.00019966311087597107
0,0,0.0002039229462557022
0,0,0.00024042219839931118
0,0,0.000192666696665708
0,0,0.00019666538428161882
0,0,0.00019666538428161882
0,0,0.0005175085184337273
0,0,0.0002369998407386301
0,0,0.00024041819826169138
0,0,0.0008915607101962462
0,0,0.00019650858279916247
0,0,0.00023917882975912718
0,0,0.00019566026735178864
0,0,0.0002795333726508294
0,0,0.0002165908916532587
0,0,0.0001943295937786654
0,0,0.00025540325111038007
0,0,0.00020604724381210758
0,0,0.00022138956077655847
0,0,0.00020050359012578612
0,0,0.00040340727224513306
0,0,0.00020731271199014907
0,0,0.00021562990575129583
0,0,0.0001943295937786654
0,0,0.00020259227268257894
0,0,0.0009621825186872474
0,0,0.00019783925637228573
0,0,0.00019783925637228573
0,0,0.00020569576765404717
0,0,0.00044853825056726996
0,0,0.0001994800139377866
0,0,0.00019566026735178864
0,0,0.00019566026735178864
0,0,0.0001994800139377866
0,0,0.0010512280613129007
0,0,0.00033115370569231133
0,0,0.00021369715590805507
0,0,0.00026165586160577416
0,0,0.0002090583000521587
0,0,0.0002957201862819602
0,0,0.00020625873675865562
0,0,0.00019783925637228573
0,0,0.00020290276296320732
0,0,0.00021803721346262073
0,0,0.0004590540706625556
0,0,0.00020884885776473614
0,0,0.00019824637128955936
0,0,0.00027907130844615223
0,0,0.00020739094180587873
0,0,0.002036313072085473
0,0,0.032415581869011126
0,0,0.00021756691867657254
0,0,0.0004564913517679997
0,0,0.0005891949296834258
0,0,0.00021095517636086604
0,0,0.00019650858279916247
0,0,0.00021000364560381878
0,0,0.0007865592879831071
0,0,0.00019650858279916247
0,0,0.00022893248150115893
0,0,0.00019783925637228573
0,0,0.00020259227268257894
0,0,0.0001994800139377866
0,0,0.0002060868689135346
0,0,0.00022483103857484098
0,0,0.00019566026735178864
0,0,0.0002932004073535368
0,0,0.00020919190575852697
0,0,0.00020259227268257894
0,0,0.0004145715900857256
0,0,0.00021152064322819297
0,0,0.0002789462536956662
0,0,0.0003019633731395473
0,0,0.0002148296652416889
0,0,0.00019958488106024139
0,0,0.00019650858279916247
0,0,0.0001943295937786654
0,0,0.0002572418826915263
0,0,0.0002654992979683995
0,0,0.00028707638310896175
0,0,0.00019566026735178864
0,0,0.0002317966785199406
0,0,0.00022138956077655847
0,0,0.00020017504687523918
0,0,0.00020402310667138124
0,0,0.00020173757462501034
0,0,0.0001943295937786654
0,0,0.0001943295937786654
0,0,0.0001943295937786654
0,0,0.00028724392191253586
0,0,0.00023566916716550682
0,0,0.0006188018200279235
0,0,0.022566549017877524
0,0,0.00020290276296320732
0,0,0.00019591058078660591
0,0,0.00021751958126880726
0,0,0.00019767464426476787
0,0,0.0002371137964461498
0,0,0.00021663910545663181
0,0,0.00021358855863298423
0,0,0.00020456197978687752
0,0,0.00019731948417545884
0,0,0.0001943295937786654
0,0,0.0002868563978651424
0,0,0.00021317705050956075
0,0,0.0003383203634396056
0,0,0.0013635281481326248
0,0,0.0002617104336972846
0,0,0.00019650858279916247
0,0,0.0003080193727523361
0,0,0.0001943295937786654
0,0,0.0001994800139377866
0,0,0.00019731948417545884
0,0,0.00020290276296320732
0,0,0.00019666538428161882
0,0,0.00019650858279916247
0,0,0.0003008738002582093
0,0,0.0004750131084165115
0,0,0.0018109398175692026
0,0,0.00021369978696836252
0,0,0.00019566026735178864
0,0,0.0005372066031049694
0,0,0.00020259227268257894
0,0,0.00028006486895002387
0,0,0.0001943295937786654
0,0,0.0002369998407386301
0,0,0.0003531279706376216
0,0,0.00029761996823940955
0,0,0.0002250959141274877
0,0,0.00020903850868480043
0,0,0.0002043650940809239
0,0,0.0002308373373308703
0,0,0.00036008185264037887
0,0,0.00021478367785770938
0,0,0.00023458585471709088
0,0,0.00021540996248871287
0,0,0.00022349004794381956
0,0,0.00019566026735178864
0,0,0.0002039229462557022
0,0,0.00021051837945808925
0,0,0.0005219667581012151
0,0,0.00020938610345080678
0,0,0.0003750639377495954
0,0,0.0002039229462557022
0,0,0.00020282438500361508
0,0,0.0002923886470975215
0,0,0.0001943295937786654
0,0,0.0001943295937786654
0,0,0.00020259227268257894
0,0,0.00019566026735178864
0,0,0.0003247743957037402
0,0,0.0008111635211734523
0,0,0.00019591058078660591
0,0,0.00019650858279916247
0,0,0.00019783925637228573
0,0,0.00032428620518685337
0,0,0.0011482483424042596
0,0,0.0002147788189051558
0,0,0.00019598881060233557
0,0,0.00022891823839231635
0,0,0.00019731948417545884
0,0,0.0003586943392343866
0,0,0.000211795655610681
0,0,0.0001994800139377866
0,0,0.0014362115701901203
0,0,0.00020259227268257894
0,0,0.00020157208939008405
0,0,0.0002791244831789458
0,0,0.00019650858279916247
0,0,0.0001943295937786654
0,0,0.00019731948417545884
0,0,0.00024950318754365664
0,0,0.0001952373988068358
0,0,0.00019798432503757317
0,0,0.0004314530265075195
0,0,0.00023062508782615315
0,0,0.00019783925637228573
0,0,0.00020020655888645337
0,0,0.000240184439632394
0,0,0.0007368280287169314
0,0,0.00019566026735178864
0,0,0.00048776597990059223
0,0,0.00025661570531351595
0,0,0.0002839360420655761
0,0,0.00020259227268257894
0,0,0.00019566026735178864
0,0,0.0002187810583620028
0,0,0.00019566026735178864
0,0,0.00024988074050785855
0,0,0.0001943295937786654
0,0,0.00023559093734977716
0,0,0.00019419920356666135
0,0,0.00021209232898122135
0,0,0.0002928197033264276
0,0,0.0001939611520415854
0,0,0.0001943295937786654
0,0,0.00020081068751090985
0,0,0.00019824637128955936
0,0,0.00021010143174827624
0,0,0.0002157174995061251
0,0,0.0014296452486165197
0,0,0.0002039229462557022
0,0,0.00019940178412205693
0,0,0.0001943295937786654
0,0,0.00021292360418486033
0,0,0.00026154733770486325
0,0,0.0008312035281238628
0,0,0.00019783925637228573
0,0,0.00023453059535722765
0,0,0.0004996280569929564
0,0,0.00022882654447684247
0,0,0.00019650858279916247
0,0,0.0014879558028358538
0,0,0.00020872161537900202
0,0,0.01402592592354408
0,0,0.00020220719458144263
0,0,0.0001943295937786654
0,0,0.0005651189640402116
0,0,0.000339973045884882
0,0,0.0002307174829212868
0,0,0.0002006746876804893
0,0,0.00029842554946293235
0,0,0.00021473686025992722
0,0,0.0001943295937786654
0,0,0.00037406329075786993
0,0,0.0001943295937786654
0,0,0.00020468684619789538
0,0,0.00020259227268257894
0,0,0.00020250785717739828
0,0,0.0006544576764018041
0,0,0.00022025735572933533
0,0,0.00019731948417545884
0,0,0.0002062470039414867
0,0,0.00022667607367612933
0,0,0.0001994800139377866
0,0,0.0002045399880943316
0,0,0.00021430992271602111
0,0,0.00024218821374056955
0,0,0.00020180407162357112
0,0,0.00029677768182753434
0,0,0.0002120025130229806
0,0,0.00020259227268257894
0,0,0.0004527359241407362
0,0,0.0001943295937786654
0,0,0.00020702263670084882
0,0,0.00019566026735178864
0,0,0.00027182348751090293
0,0,0.00020416319370526574
0,0,0.00020731271199014907
0,0,0.0001994800139377866
0,0,0.0006440278393510597
0,0,0.0007686849549483215
0,0,0.00019731948417545884
0,0,0.0002383227312357448
0,0,0.00023273185983426606
0,0,0.00020220719458144263
0,0,0.00045073294899265065
0,0,0.0002039229462557022
0,0,0.0001943295937786654
0,0,0.0002394077932207055
0,0,0.0001943295937786654
0,0,0.00020259227268257894
0,0,0.00020739094180587873
0,0,0.00019566026735178864
0,0,0.00019783925637228573
0,0,0.0001994800139377866
0,0,0.0001985272673521316
0,0,0.0008484613674538712
0,0,0.00019650858279916247
0,0,0.002679233472733982
0,0,0.00034689316391795004
0,0,0.00020081068751090985
0,0,0.0002031727734695914
0,0,0.0003388003765732116
0,0,0.00025551132489770253
0,0,0.0001943295937786654
0,0,0.0005114677196496958
0,0,0.00021507337810522433
0,0,0.0001943295937786654
0,0,0.00022541281374940944
0,0,0.0001994800139377866
0,0,0.0005742215233653968
0,0,0.00046599417337490326
0,0,0.0008179076572254447
0,0,0.0004923693818320568
0,0,0.00024187477988256485
0,0,0.00019566026735178864
0,0,0.0002039229462557022
0,0,0.00020259227268257894
0,0,0.0002493395109363836
0,0,0.0002160906120514457
0,0,0.0002031530763980246
0,0,0.0002312978691383947
0,0,0.00019516191604610966
0,0,0.0006603933797355407
0,0,0.00020282438500361508
0,0,0.0001943295937786654
0,0,0.0003402580682355993
0,0,0.0009363380978529577
0,0,0.0002244200981942127
0,0,0.00020282506442388903
0,0,0.00020671131998551564
0,0,0.00019566026735178864
0,0,0.0002565164418275326
0,0,0.00019591058078660591
0,0,0.0002124892511470504
0,0,0.00019566026735178864
0,0,0.00019650858279916247
0,0,0.00021572457346580139
0,0,0.00019783925637228573
0,0,0.0001943295937786654
0,0,0.00020762779171092089
0,0,0.00020218483741774024
0,0,0.0003437125447915887
0,0,0.00021715372292747338
0,0,0.0004356454924727864
0,0,0.0001943295937786654
0,0,0.0002205622565159576
0,0,0.00019566026735178864
0,0,0.00020220719458144263
0,0,0.0012036914402572786
0,0,0.0003570919645190951
0,0,0.0007407300746994104
0,0,0.00019949847319595594
0,0,0.00020259227268257894
0,0,0.00020516801170412734
0,0,0.000206326062537011
0,0,0.0001943295937786654
0,0,0.00019731948417545884
0,0,0.0001943295937786654
0,0,0.004292520135089797
0,0,0.00035690574298242556
0,0,0.00020634606302156555
0,0,0.00022295209641478246
0,0,0.0002097149994916633
0,0,0.00020282438500361508
0,0,0.0001943295937786654
0,0,0.009461040970594314
0,0,0.007229089830326645
0,0,0.00019783925637228573
0,0,0.00033841904899659954
0,0,0.00019783925637228573
0,0,0.00020081068751090985
0,0,0.0001943295937786654
0,0,0.00019566026735178864
0,0,0.00021029886284852083
0,0,0.0003180330910874344
0,0,0.00020282438500361508
0,0,0.0007052193857225472
0,0,0.00021731840045402715
0,0,0.00019566026735178864
0,0,0.00023453059535722765
0,0,0.00021452679709399347
0,0,0.0008104260029243274
0,0,0.00019566026735178864
0,0,0.00020259227268257894
0,0,0.00020290276296320732
0,0,0.00027299413070929396
0,0,0.00020305531140577367
0,0,0.0001943295937786654
0,0,0.0003368262288852735
0,0,0.00019650858279916247
0,0,0.00030146689538568895
0,0,0.000363002271042985
0,0,0.00019566026735178864
0,0,0.00020251404286684928
0,0,0.00020898292041224718
0,0,0.00019783925637228573
0,0,0.00020081068751090985
0,0,0.0002230049298666159
0,0,0.0002009705549431509
0,0,0.0002719215894523543
0,0,0.00020604724381210758
0,0,0.00019816779962283267
0,0,0.00019566026735178864
0,0,0.0001986079390402532
0,0,0.00020259227268257894
0,0,0.00019666538428161882
0,0,0.00021588573303082844
0,0,0.00022061702992950936
0,0,0.00019731948417545884
0,0,0.0002097042500705501
0,0,0.00022867358222387465
0,0,0.00027190244422880367
0,0,0.0001943295937786654
1,1,0.9549520728605696
0,0,0.0007809452702947512
0,0,0.00020180407162357112
0,0,0.0002937193206706448
0,0,0.00030840759434819687
0,0,0.00028620263296730243
0,0,0.0003502356775805657
0,0,0.00025467744886592666
0,0,0.00020259227268257894
0,0,0.00019650858279916247
0,0,0.0001943295937786654
0,0,0.00025992624752608167
0,0,0.00020335903791229683
0,0,0.0001943295937786654
0,0,0.0001943295937786654
0,0,0.00022784672677791568
0,0,0.00019949847319595594
0,0,0.00021438178977188014
0,0,0.00022439691995591675
0,0,0.0004564913517679997
0,0,0.00022736561580330021
0,0,0.0005191575925675427
0,0,0.00022812626938782405
0,0,0.00020649898420821918
0,0,0.0002981728041125604
0,0,0.0001943295937786654
0,0,0.00019650858279916247
0,0,0.00019731948417545884
0,0,0.00020081068751090985
0,0,0.00019650858279916247
0,0,0.00023537347797091305
0,0,0.00019363289661460342
0,0,0.00040353999173743004
0,0,0.00019566026735178864
0,0,0.0002095920544275892
0,0,0.00019566026735178864
0,0,0.0002039229462557022
0,0,0.00020644048787714437
0,0,0.0003389446459243804
0,0,0.00019650858279916247
0,0,0.0002377849097921042
0,0,0.00019731948417545884
0,0,0.00019650858279916247
0,0,0.00020034066474861704
0,0,0.000219166630674807
0,0,0.00019731948417545884
0,0,0.0001943295937786654
0,0,0.00019598881060233557
0,0,0.0001943295937786654
0,0,0.0003739017195518194
0,0,0.00019566026735178864
0,0,0.0002119224634450806
0,0,0.0003157407974075804
0,0,0.00029592831599224717
0,0,0.0006979816997573714
0,0,0.00023400995034183659
0,0,0.0007543075015655766
0,0,0.00022229820172992807
0,0,0.000237519612935457
0,0,0.0002202485208868652
0,0,0.00019566026735178864
0,0,0.00020251404286684928
0,0,0.0005044548765998677
0,0,0.00043331154451435567
0,0,0.00045447228285601436
0,0,0.0002892971579314604
0,0,0.00044676184000839753
0,0,0.00020041362749288752
0,0,0.000198832640484947
0,0,0.0002113997247708273
0,0,0.0002039229462557022
0,0,0.000198089569807103
0,0,0.0002055522450675451
0,0,0.00020149371143049182
0,0,0.00020157208939008405
0,0,0.00019816779962283267
0,0,0.00019650858279916247
0,0,0.00021051837945808925
0,0,0.0002039229462557022
0,0,0.00019566026735178864
0,0,0.00021861679479917253
0,0,0.00020181580444074
0,0,0.0001943295937786654
0,0,0.0001943295937786654
0,0,0.0003400908753826014
0,0,0.000374876389287931
0,0,0.0003814952903708667
0,0,0.00027054055073995044
0,0,0.000284393593062624
0,0,0.00019650858279916247
0,0,0.0002181331445943705
0,0,0.00019650858279916247
0,0,0.00031288178920786967
0,0,0.00021480011515242047
0,0,0.00019650858279916247
0,0,0.00020872161537900202
0,0,0.00019566026735178864
0,0,0.00046243961669660484
0,0,0.0001943295937786654
0,0,0.0001943295937786654
0,0,0.00020822623283260467
0,0,0.00019985794092525487
0,0,0.00030630683514342946
0,0,0.00020820949942688174
0,0,0.00019566026735178864
0,0,0.00019666538428161882
0,0,0.00020733916452706562
0,0,0.00021050720176984223
0,0,0.00022319229968698986
0,0,0.00019650858279916247
0,0,0.00019650858279916247
0,0,0.00020634218272576284
0,0,0.00031670268584570524
0,0,0.00019650858279916247
0,0,0.0001994800139377866
0,0,0.00021269736847858632
0,0,0.0001943295937786654
0,0,0.001077077784923133
0,0,0.0006987250878005006
0,0,0.0001943295937786654
0,0,0.0006216910046519678
0,0,0.00019949847319595594
0,0,0.0001972344495683926
0,0,0.00020173757462501034
0,0,0.00020634606302156555
0,0,0.00022541143224826337
0,0,0.00020251404286684928
0,0,0.00020739094180587873
0,0,0.00021444483635494732
0,0,0.0002178582016369806
0,0,0.00022952198851272662
1,1,0.967951066906949
0,0,0.00022004431417476563
0,0,0.00020491633036836345
0,0,0.00020259227268257894
0,0,0.0001943295937786654
0,0,0.00019731948417545884
0,0,0.00019731948417545884
0,0,0.00021180054705847943
0,0,0.0001994800139377866
0,0,0.0002349729909697927
0,0,0.022816526561534885
0,0,0.0002039229462557022
0,0,0.00021183787534296547
0,0,0.00020416319370526574
0,0,0.00020618450925227307
0,0,0.0005523436671180827
0,0,0.00031425489786718493
0,0,0.00023319992178410436
0,0,0.00026215342143157626
0,0,0.00027746526635527563
0,0,0.00020516017550656853
0,0,0.00020282438500361508
0,0,0.00034303184465528483
0,0,0.0006077511653567961
0,0,0.0002398436706212415
0,0,0.0002051484426893996
0,0,0.00019566026735178864
0,0,0.0002538542904598341
0,0,0.00020461886243445463
0,0,0.00020972673230883223
0,0,0.00019566026735178864
0,0,0.0002028291225876211
0,0,0.00024261834284773658
0,0,0.0003509158804250662
0,0,0.0001943295937786654
0,0,0.00020872161537900202
0,0,0.0002150063492147337
0,0,0.0003865829883725021
0,0,0.0001943295937786654
0,0,0.00021511177040155644
0,0,0.00019816779962283267
0,0,0.0002523797472949525
0,0,0.0001943295937786654
0,0,0.00020570434276889022
0,0,0.0002618433345976797
0,0,0.00019650858279916247
0,0,0.0001943295937786654
0,0,0.00020674899871206783
0,0,0.0020770735506853814
0,0,0.00021831220232212018
0,0,0.00020081068751090985
0,0,0.0002300015213078994
0,0,0.0007644692804021953
0,0,0.00019566026735178864
0,0,0.0001943295937786654
0,0,0.0008854299251622015
0,0,0.0002007758297808869
0,0,0.0006734044469041354
0,0,0.00019946844227533344
0,0,0.0001943295937786654
0,0,0.0002469881908097356
0,0,0.015028377768893103
0,0,0.00023928436559030744
0,0,0.00022712447125926982
0,0,0.00029642235134147036
0,0,0.0002146080366061009
0,0,0.00019566026735178864
0,0,0.0002100422511387312
0,0,0.0002076522468391239
0,0,0.00019650858279916247
0,0,0.0003477617869259147
0,0,0.00019650858279916247
0,0,0.0001943295937786654
0,0,0.0002241386595018153
0,0,0.00020367270045098892
0,0,0.00025650336053746614
0,0,0.00020149371143049182
0,0,0.0003072133207164465
0,0,0.001348058257389081
0,0,0.0001994800139377866
0,0,0.0002721479272629801
0,0,0.00019566026735178864
0,0,0.0001943295937786654
0,0,0.00019731948417545884
0,0,0.0002104698734853562
0,0,0.00020218199861103938
0,0,0.0002373296054377737
0,0,0.00037661298995113384
0,0,0.00020847136957428874
0,0,0.00020739094180587873
0,0,0.0001943295937786654
0,0,0.00026436668940729604
0,0,0.0002039229462557022
0,0,0.00020533495696290009
0,0,0.00020492806318553235
0,0,0.00023596565438739928
0,0,0.0002113311916528949
0,0,0.00022027044423609166
0,0,0.0002152251642544401
0,0,0.0004869385238468132
0,0,0.00021883431027333217
0,0,0.006565592688088149
0,0,0.00036054429916500106
0,0,0.00020524638966371958
0,0,0.00020282438500361508
0,0,0.00019781709282229765
0,0,0.00019650858279916247
0,0,0.00021690138193388705
0,0,0.0001994800139377866
0,0,0.000388479028154443
0,0,0.00019783925637228573
0,0,0.0002111654418671209
0,0,0.0002172789198342215
0,0,0.0001994800139377866
0,0,0.0006344208127318277
0,0,0.00019566026735178864
0,0,0.0002047860370487949
0,0,0.0003208446786897619
0,0,0.00020250785717739828
0,0,0.0001943295937786654
0,0,0.00020259227268257894
0,0,0.00021430992271602111
0,0,0.00020157208939008405
0,0,0.0001994800139377866
0,0,0.001340571400844355
0,0,0.00020481380370103214
0,0,0.00019566026735178864
0,0,0.0002001528833252511
0,0,0.0002714894615323745
0,0,0.00019916815217681775
0,0,0.00019598881060233557
0,0,0.00021368985418962824
0,0,0.0001943295937786654
0,0,0.00020999406783947294
0,0,0.00044022161169941055
0,0,0.00019650858279916247
0,0,0.00021325350079796302
0,0,0.00025706246793405024
0,0,0.0001943295937786654
0,0,0.0002007758297808869
0,0,0.0005227753260302033
0,0,0.00019566026735178864
0,0,0.00019566026735178864
0,0,0.00019824637128955936
0,0,0.00038197408441855584
0,0,0.06716335552856295
0,0,0.0002134786329084663
0,0,0.00029714906731934516
0,0,0.00019666538428161882
0,0,0.00022027044423609166
0,0,0.0004561163451416368
0,0,0.00027254485445656073
0,0,0.0004522125508409054
0,0,0.00019731948417545884
0,0,0.0001943295937786654
0,0,0.00020725212087131686
0,0,0.0003606870415303313
0,0,0.00019824637128955936
0,0,0.00838752840650333
0,0,0.0002764384890796443
0,0,0.00020249801233573845
0,0,0.00020057042897534387
0,0,0.001033222496513805
0,0,0.00023534062391495988
0,0,0.00020427868306108638
0,0,0.0002317226562848688
0,0,0.0002391544373806803
0,0,0.00020220719458144263
0,0,0.0015854425899497948
0,0,0.00019566026735178864
0,0,0.000198832640484947
0,0,0.00020180407162357112
0,0,0.00020624781344930982
0,0,0.00025966642663695523
0,0,0.00021792156522638194
0,0,0.00019566026735178864
0,0,0.00020259227268257894
0,0,0.0003161726700500826
0,0,0.00019591058078660591
0,0,0.0001943295937786654
0,0,0.00019798432503757317
0,0,0.0002039229462557022
0,0,0.00020250785717739828
0,0,0.00020726799674180465
0,0,0.0002053308296358499
0,0,0.00020838303431506102
0,0,0.00019650858279916247
0,0,0.00023932389842441462
0,0,0.0002134004030927366
0,0,0.00019566026735178864
0,0,0.0002387897994686624
0,0,0.0001994800139377866
0,0,0.0004337996502150134
0,0,0.0002459469295193857
0,0,0.0001943295937786654
0,0,0.0004240146864934946
0,0,0.0002127492483988416
0,0,0.00033018778536208544
0,0,0.0002019114644511853
0,0,0.0002041583213846939
0,0,0.0001943295937786654
0,0,0.00023534062391495988
0,0,0.00036634739750569583
0,0,0.00020282438500361508
0,0,0.0002958688264114505
0,0,0.0004651631009441191
0,0,0.00021792156522638194
0,0,0.00020491633036836345
0,0,0.0002052545541278408
0,0,0.0001943295937786654
0,0,0.00019944515620776363
0,0,0.00019566026735178864
0,0,0.0002175662119960583
0,0,0.001135395967029145
0,0,0.00019650858279916247
0,0,0.0001943295937786654
0,0,0.00020259227268257894
0,0,0.0005058088376550583
0,0,0.00019650858279916247
0,0,0.0014714803754188159
0,0,0.0003739017195518194
0,0,0.00039626398848999564
0,0,0.0004586966959914234
0,0,0.00019816779962283267
0,0,0.0002602133138301503
0,0,0.00020416319370526574
0,0,0.00020838119092856335
0,0,0.00027326650909078204
0,0,0.0002779041175885759
0,0,0.00020741044529933446
0,0,0.00020604724381210758
0,0,0.0001943295937786654
0,0,0.00020762779171092089
0,0,0.000209611040964045
0,0,0.00023355983214116676
0,0,0.00019731948417545884
0,0,0.00019783925637228573
0,0,0.0001943295937786654
0,0,0.00020492806318553235
0,0,0.000608585929289767
0,0,0.0001943295937786654
0,0,0.00021317058093490274
0,0,0.00022109558589820445
0,0,0.00019566026735178864
0,0,0.00019566026735178864
0,0,0.0002369998407386301
0,0,0.0002120025130229806
0,0,0.0001943295937786654
0,0,0.0027801626434050242
0,0,0.00020438618360193973
0,0,0.00019731948417545884
0,0,0.0001943295937786654
0,0,0.00023112709598924693
0,0,0.0001943295937786654
0,0,0.0002311193067192147
0,0,0.0001943295937786654
0,0,0.00021350906856763312
0,0,0.0003494982234424304
0,0,0.00021310632658426526
0,0,0.0002054213582098581
0,0,0.0001994800139377866
0,0,0.0001966536514644499
0,0,0.00019650858279916247
0,0,0.00045256232205958673
0,0,0.00036755914449084143
0,0,0.00020157208939008405
0,0,0.00025992624752608167
0,0,0.0004676267104793692
0,0,0.00019566026735178864
0,0,0.00019650858279916247
0,0,0.0001943295937786654
0,0,0.0001943295937786654
0,0,0.0007833453044533414
0,0,0.004911593866671115
0,0,0.00019783925637228573
0,0,0.00020336193371865762
0,0,0.0002666080213756078
0,0,0.00020175780437762882
0,0,0.00020081068751090985
0,0,0.00021588573303082844
0,0,0.00024538863650123315
0,0,0.00019666538428161882
0,0,0.00023534062391495988
0,0,0.0002039229462557022
0,0,0.0001994800139377866
0,0,0.00023396847858958922
0,0,0.00020259227268257894
0,0,0.00019650858279916247
0,0,0.00019598881060233557
0,0,0.0003928533795205252
0,0,0.00020506478388793143
0,0,0.0002398436706212415
0,0,0.0001943295937786654
0,0,0.00019650858279916247
0,0,0.00019566026735178864
0,0,0.0001943295937786654
0,0,0.0001943295937786654
0,0,0.000205716857175063
0,0,0.00019566026735178864
0,0,0.00042232895628866016
0,0,0.00019650858279916247
0,0,0.00019591058078660591
0,0,0.0001943295937786654
0,0,0.0001943295937786654
0,0,0.00026699203665101937
0,0,0.00021140568931668445
0,0,0.00020180407162357112
0,0,0.00020118430685838823
0,0,0.000199152961849636
0,0,0.0002565732517086644
0,0,0.00020250785717739828
0,0,0.0001943295937786654
0,0,0.00019783925637228573
0,0,0.00020788333178938732
0,0,0.0004237484357861201
0,0,0.0001943295937786654
0,0,0.00019650858279916247
0,0,0.00019566026735178864
0,0,0.0005355213712478918
0,0,0.00027996560522191606
0,0,0.00019650858279916247
0,0,0.00020250785717739828
0,0,0.0002745001582910611
0,0,0.00020625873675865562
0,0,0.0004587668806258402
0,0,0.00019566026735178864
0,0,0.00020508175198370442
0,0,0.00019566026735178864
0,0,0.00019566026735178864
0,0,0.0003440582920772159
0,0,0.0001994800139377866
0,0,0.0001943295937786654
0,0,0.0001994800139377866
0,0,0.00022025735572933533
0,0,0.0001943295937786654
0,0,0.000198832640484947
0,0,0.00037133181348290677
0,0,0.0002148710831392149
0,0,0.0001943295937786654
0,0,0.00021885496970637178
0,0,0.00042125100997277037
0,0,0.00019731948417545884
0,0,0.00020259227268257894
0,0,0.0001943295937786654
0,0,0.0003157407974075804
0,0,0.00023831284845145993
0,0,0.00019781709282229765
0,0,0.0003460637618782758
0,0,0.00021141864684631658
0,0,0.00022363112043666912
0,0,0.00019591058078660591
0,0,0.0001943295937786654
0,0,0.0002009937844490943
0,0,0.00020259227268257894
0,0,0.00019783925637228573
0,0,0.0002569231721681937
0,0,0.0002062470039414867
0,0,0.0002874509457375767
0,0,0.00020201909402988883
0,0,0.00022664747476856072
0,0,0.00019566026735178864
0,0,0.00021659746638264711
0,0,0.00019650858279916247
0,0,0.0002039229462557022
0,0,0.00037567376927388204
0,0,0.0010502228448921356
0,0,0.00021064428743751025
0,0,0.0002111654418671209
0,0,0.0003963287583296531
0,0,0.00030209887315810647
0,0,0.0002165908916532587
0,0,0.00023846198679022116
0,0,0.00020506478388793143
0,0,0.0002017261913541863
0,0,0.00048235827559219404
0,0,0.0001988443733021159
0,0,0.0002008365280231178
0,0,0.00023766468160074444
0,0,0.001066726415242482
0,0,0.00020282438500361508
0,0,0.00020081068751090985
0,0,0.0001943295937786654
0,0,0.00019731948417545884
0,0,0.0002074308310807313
0,0,0.00019947630964596783
0,0,0.0004925801351025396
0,0,0.00020081068751090985
0,0,0.00032062191538737516
0,0,0.00021830861397389333
0,0,0.00019650858279916247
0,0,0.00019566026735178864
0,0,0.0003294728704468829
0,0,0.00019965527467841228
0,0,0.0002936288150825436
0,0,0.00019566026735178864
0,0,0.0003410610790895079
0,0,0.00019985363328526497
0,0,0.0004241669519254879
0,0,0.00020250785717739828
0,0,0.0003192141384580805
0,0,0.00021242587260917928
0,0,0.0001943295937786654
0,0,0.00019650858279916247
0,0,0.00025869940939123184
0,0,0.00019566026735178864
0,0,0.00022107574068277504
0,0,0.00019650858279916247
0,0,0.00022130045521325932
0,0,0.00019650858279916247
0,0,0.00020985895006388783
0,0,0.0002039229462557022
0,0,0.00020259227268257894
0,0,0.00021478367785770938
0,0,0.00020625873675865562
0,0,0.0001943295937786654
0,0,0.00020081068751090985
0,0,0.0002039229462557022
0,0,0.0001982088299454599
0,0,0.00021317992770971268
0,0,0.00019566026735178864
0,0,0.00019832460110528902
0,0,0.0010334131390831458
0,0,0.0001988443733021159
0,0,0.0002139116230309486
0,0,0.0005353873113012937
0,0,0.00019799605785474208
0,0,0.00041684961395650717
0,0,0.00021050720176984223
0,0,0.00019650858279916247
0,0,0.00019944515620776363
0,0,0.00019767464426476787
0,0,0.00019954720233368922
0,0,0.00026731483886983866
0,0,0.0003107705271092817
0,0,0.00020220719458144263
0,0,0.00023018775996430042
0,0,0.0002168230039742948
0,0,0.00020251404286684928
0,0,0.00019566026735178864
0,0,0.0003202539342436267
0,0,0.00019650858279916247
0,0,0.0002017261913541863
0,0,0.00024869565090588714
0,0,0.00019650858279916247
0,0,0.00020167526946639888
0,0,0.00019783925637228573
0,0,0.00020259227268257894
0,0,0.00020560935663420965
0,0,0.0001988443733021159
0,0,0.00024045618634405816
0,0,0.0002039229462557022
0,0,0.00019598881060233557
0,0,0.0002083252113831286
0,0,0.00024629300526226477
0,0,0.00019566026735178864
0,0,0.0002104698734853562
0,0,0.0002111654418671209
0,0,0.00022621695082228766
0,0,0.00019566026735178864
0,0,0.00020259227268257894
0,0,0.0002039229462557022
0,0,0.000198089569807103
0,0,0.0002039229462557022
0,0,0.00019566026735178864
0,0,0.00020263792549558553
0,0,0.000494975711436825
0,0,0.0002039229462557022
1,1,0.9009730132178029
0,0,0.0007314819397157414
0,0,0.0002039229462557022
0,0,0.00022008340660429463
0,0,0.00026532808097022283
0,0,0.00020282438500361508
0,0,0.00021342285441048204
0,0,0.00019566026735178864
0,0,0.00019670758151264374
0,0,0.0005624180325495667
0,0,0.0008802988731669927
0,0,0.00020149371143049182
0,0,0.00023833104427028315
0,0,0.0007048456085570414
0,0,0.0002119224634450806
0,0,0.0001943295937786654
0,0,0.00023534062391495988
0,0,0.00021050720176984223
0,0,0.00020739094180587873
0,0,0.004389547919816048
0,0,0.0003732828419340105
0,0,0.0001994800139377866
0,0,0.0002776626050914858
0,0,0.00020682737667166007
0,0,0.00019650858279916247
0,0,0.00019566026735178864
0,0,0.00027177742603672614
0,0,0.0002097149994916633
0,0,0.0001943295937786654
0,0,0.00020416707400106848
0,0,0.00026332557257494266
0,0,0.0001943295937786654
0,0,0.0001943295937786654
0,0,0.0003497717103526739
0,0,0.0001943295937786654
0,0,0.0002230079195101731
0,0,0.00020593732316868138
0,0,0.0003447643255547896
0,0,0.0002719215894523543
0,0,0.00030164850116147713
0,0,0.00019650858279916247
0,0,0.0001943295937786654
0,0,0.0007950508095962715
0,0,0.0005009148391993187
0,0,0.00020259227268257894
0,0,0.00020616943548971758
0,0,0.00020491633036836345
0,0,0.0001943295937786654
0,0,0.00019964354186124335
0,0,0.00019566026735178864
0,0,0.00021310632658426526
0,0,0.00023229691183477915
0,0,0.00020259227268257894
0,0,0.00025282909935131574
0,0,0.00019783925637228573
0,0,0.00021181913766078178
0,0,0.00019566026735178864
0,0,0.00019783925637228573
0,0,0.00020842312107022262
0,0,0.0002039229462557022
0,0,0.00020259227268257894
0,0,0.0009319136833204496
0,0,0.00020739094180587873
0,0,0.00020875257744981446
0,0,0.0001943295937786654
0,0,0.00019566026735178864
0,0,0.0002935769281469916
0,0,0.0002855365100908332
0,0,0.0002497256618830547
0,0,0.002371484534804412
0,0,0.0002039229462557022
0,0,0.00020263792549558553
0,0,0.00020016331405807024
0,0,0.0002050595884337163
0,0,0.00019731948417545884
0,0,0.00023618519869667422
0,0,0.00020649812688412707
0,0,0.00019650858279916247
0,0,0.00021480930648158956
0,0,0.0001943295937786654
0,0,0.0002039229462557022
0,0,0.0001943295937786654
0,0,0.00019566026735178864
0,0,0.00019783925637228573
0,0,0.0002007758297808869
0,0,0.00019650858279916247
0,0,0.00019783925637228573
0,0,0.00019650858279916247
0,0,0.00038166826060954056
0,0,0.00019783925637228573
0,0,0.0001943295937786654
0,0,0.00019650858279916247
0,0,0.00020988544965627488
0,0,0.0002369998407386301
0,0,0.00019818257496855156
0,0,0.007277566973987071
0,0,0.0003518158334826164
0,0,0.00023657714497954846
0,0,0.0001943295937786654
0,0,0.00028475799433462496
0,0,0.000445183882258293
0,0,0.0001943295937786654
0,0,0.00019591058078660591
0,0,0.00020973835481771777
0,0,0.00019566026735178864
0,0,0.00027159315000693714
0,0,0.00020382950193344526
0,0,0.00023534062391495988
0,0,0.00020845089889270248
0,0,0.0002111654418671209
0,0,0.00019783925637228573
0,0,0.0001943295937786654
0,0,0.00020491713987618655
0,0,0.00019566026735178864
0,0,0.00020157208939008405
0,0,0.0002874343267428964
0,0,0.00019650858279916247
0,0,0.00028416674700542413
0,0,0.00020739094180587873
0,0,0.0006049500406984359
0,0,0.0002923790090332596
0,0,0.00019816779962283267
0,0,0.0001994800139377866
0,0,0.00020201527635686713
0,0,0.00020830782594851224
0,0,0.00048727181551511605
0,0,0.00019949847319595594
0,0,0.00022027044423609166
0,0,0.00020604724381210758
0,0,0.00021524229660407188
0,0,0.00020739094180587873
0,0,0.00020143462029320548
0,0,0.00021375654618230257
0,0,0.00020290276296320732
0,0,0.0002029781048689538
0,0,0.0002039229462557022
0,0,0.00020259227268257894
0,0,0.00024206228801747104
0,0,0.00019783925637228573
0,0,0.00039069754396140935
0,0,0.00019650858279916247
0,0,0.0001943295937786654
0,0,0.00045597100931085157
0,0,0.0006682575015383601
0,0,0.00019598881060233557
0,0,0.0001988443733021159
0,0,0.0002081206198291684
0,0,0.0004716468800586982
0,0,0.0002083282127493451
0,0,0.00021649143585220307
0,0,0.0009944293501713553
0,0,0.00021939627699981223
0,0,0.00509342987059312
0,0,0.00027257810988734303
0,0,0.000304750145804108
0,0,0.00022749985134075398
0,0,0.00019832460110528902
0,0,0.00020904603179067768
0,0,0.00024745977822047526
0,0,0.0006219757965555198
0,0,0.0003208446786897619
0,0,0.00020739094180587873
0,0,0.00019773413384556443
0,0,0.0001943295937786654
0,0,0.0001943295937786654
0,0,0.00020118430685838823
0,0,0.0007396059429059154
0,0,0.00024047660869754988
0,0,0.0002067163471492176
0,0,0.0003439282004315794
0,0,0.00019731948417545884
0,0,0.00027394530765318504
0,0,0.0001980038940523009
0,0,0.00019650858279916247
0,0,0.00019949847319595594
0,0,0.00019593701059915757
0,0,0.00027769527461568203
0,0,0.0007050289691508404
0,0,0.00020134714119731485
0,0,0.00020739094180587873
0,0,0.00020906190766116546
0,0,0.00023766468160074444
0,0,0.0003820622277816368
0,0,0.00019650858279916247
0,0,0.00019798432503757317
0,0,0.0004972949419800045
0,0,0.0001943295937786654
0,0,0.00019731948417545884
0,0,0.000444560222545785
0,0,0.0001943295937786654
0,0,0.0002746059542869098
0,0,0.0006557720787547082
0,0,0.00021588573303082844
0,0,0.00019566026735178864
0,0,0.00019650858279916247
0,0,0.0002377523409091122
0,0,0.0005981266181221318
0,0,0.0006207408002222013
0,0,0.0003185609904265108
0,0,0.00022218007145167958
0,0,0.0007810262482405938
0,0,0.0002937193206706448
0,0,0.00019566026735178864
0,0,0.00020506478388793143
0,0,0.00020249801233573845
0,0,0.00019591058078660591
0,0,0.00019566026735178864
0,0,0.00041806977236721714
0,0,0.00044106393920571076
0,0,0.0002007758297808869
0,0,0.00020282438500361508
0,0,0.00020118485092702045
0,0,0.0002070220585770813
0,0,0.0002028291225876211
0,0,0.00019731948417545884
0,0,0.0001994800139377866
0,0,0.0002254693330749386
0,0,0.0002887047087596241
0,0,0.0002096588863224684
0,0,0.00019650858279916247
0,0,0.00027344116521320333
0,0,0.0001943295937786654
0,0,0.0002837232855361113
0,0,0.00019938956793521037
0,0,0.000533685946483706
0,0,0.00020604540042560993
0,0,0.00021558505926384233
0,0,0.0001943295937786654
0,0,0.0001994800139377866
0,0,0.00019650858279916247
0,0,0.00026773955148919065
0,0,0.0002039229462557022
0,0,0.0002182857695157943
0,0,0.0005125203535433289
0,0,0.00019566026735178864
0,0,0.00019566026735178864
0,0,0.0001994800139377866
0,0,0.0001943295937786654
0,0,0.0004304031403046694
0,0,0.00022645535977196997
0,0,0.00020966190970651618
0,0,0.00019598881060233557
0,0,0.00021494535495295003
0,0,0.0002238333872646773
0,0,0.0011108770017838436
0,0,0.0002346194423236922
0,0,0.0006124206343833938
0,0,0.00042276453705266873
0,0,0.0005514596905221736
0,0,0.00022526601742508225
0,0,0.0002090583000521587
0,0,0.00019435348708207097
0,0,0.0002111654418671209
0,0,0.00019566026735178864
0,0,0.00020491713987618655
0,0,0.0001943295937786654
0,0,0.0012227611055884383
0,0,0.0001943295937786654
0,0,0.00038720910912585447
0,0,0.0005029358936379546
0,0,0.0001943295937786654
0,0,0.0002039229462557022
0,0,0.00019824637128955936
0,0,0.00036746700249254145
0,0,0.0007505769885904783
0,0,0.00030162723585227565
0,0,0.0001943295937786654
0,0,0.00019650858279916247
0,0,0.0004933040836378482
0,0,0.00022894397392362977
0,0,0.0002058634343410032
0,0,0.00022712447125926982
0,0,0.0001994800139377866
0,0,0.0002363083543227656
0,0,0.00045183069373130327
0,0,0.0002405173875071542
0,0,0.0002635110446450336
0,0,0.00019666538428161882
0,0,0.0001943295937786654
0,0,0.0002084046389198188
0,0,0.0002765981238536959
0,0,0.0012402308894596222
0,0,0.00019591058078660591
0,0,0.00042059094434323115
0,0,0.00020017504687523918
0,0,0.0009121748334420099
0,0,0.0005012097647588506
0,0,0.00020809663357969338
0,0,0.0002971563236005785
0,0,0.0004925951990955323
0,0,0.0001943295937786654
0,0,0.00020259227268257894
0,0,0.0002071954300656791
0,0,0.0017548413922609356
0,0,0.00019900531783789113
0,0,0.00019566026735178864
0,0,0.00021136256637058497
0,0,0.00019783925637228573
0,0,0.00019650858279916247
0,0,0.00020491633036836345
0,0,0.00019650858279916247
0,0,0.00019566026735178864
0,0,0.00020259227268257894
0,0,0.0003903124381396105
0,0,0.00021412460474426394
0,0,0.000315584340331331
0,0,0.00019566026735178864
0,0,0.0002039229462557022
0,0,0.00020983476829399762
0,0,0.00020251404286684928
0,0,0.00020739094180587873
0,0,0.00019783925637228573
0,0,0.00029112184821114
0,0,0.00019954720233368922
0,0,0.00018867933115146885
0,0,0.0002006645346615613
0,0,0.0005039576921532657
0,0,0.00019985794092525487
0,0,0.00019650858279916247
0,0,0.0002076728562988861
0,0,0.0001943295937786654
0,0,0.00020655368558703682
0,0,0.000198089569807103
0,0,0.00025241461061994644
0,0,0.00019940178412205693
0,0,0.00022260641118966414
0,0,0.0009346393228719437
0,0,0.00020016331405807024
0,0,0.00019566026735178864
0,0,0.0001994800139377866
0,0,0.0001943295937786654
0,0,0.00019798432503757317
0,0,0.0004792324830029897
0,0,0.0001943295937786654
0,0,0.0005628836635135169
0,0,0.00020050359012578612
0,0,0.00021548749961014228
0,0,0.0002039229462557022
0,0,0.00023263345072676493
0,0,0.00020491633036836345
0,0,0.0003016065757092462
0,0,0.00019650858279916247
0,0,0.00019566026735178864
0,0,0.00019666538428161882
0,0,0.00019591058078660591
0,0,0.00020157208939008405
0,0,0.00020491633036836345
0,0,0.0002090033107096217
0,0,0.0007660265674095973
0,0,0.00044824615831468435
0,0,0.00022100731052422418
0,0,0.00019598881060233557
0,0,0.00020180407162357112
0,0,0.00028886601093777795
0,0,0.00043223164412431643
0,0,0.00037515501869991164
0,0,0.0013208115450228334
0,0,0.00020731801393208867
0,0,0.00019650858279916247
0,0,0.00038545156158091304
0,0,0.00019824637128955936
0,0,0.0001943295937786654
0,0,0.00019783925637228573
0,0,0.00019783925637228573
0,0,0.0006239057173439768
0,0,0.00020259227268257894
0,0,0.0003008839360834603
0,0,0.000252907477310908
0,0,0.00020220719458144263
0,0,0.00020375107841058115
0,0,0.00020259227268257894
0,0,0.00026331679741202653
0,0,0.00022838493175727535
0,0,0.0001943295937786654
0,0,0.00020375107841058115
0,0,0.00024538973385980213
0,0,0.0001943295937786654
0,0,0.0002119224634450806
0,0,0.0019148923412164196
0,0,0.0005888228356851434
0,0,0.0007636018395245268
0,0,0.00020259227268257894
0,0,0.00020259227268257894
0,0,0.0002558273946272449
0,0,0.00021232641680812375
0,0,0.00019783925637228573
0,0,0.00019650858279916247
0,0,0.0002055960102217961
0,0,0.0003496905035814429
0,0,0.00019650858279916247
0,0,0.0003350715643920017
0,0,0.0002919313159926407
0,0,0.0005289059540155249
0,0,0.0002039464355187207
0,0,0.0011564886133814054
0,0,0.00020854974753388095
0,0,0.0001943295937786654
0,0,0.00023985247348837487
0,0,0.00019783925637228573
0,0,0.00020762299499302105
0,0,0.00021289174152048091
0,0,0.00021089760357547718
0,0,0.00022518690853067018
0,0,0.00019650858279916247
0,0,0.0008273698800785951
0,0,0.00019783925637228573
0,0,0.00019985794092525487
0,0,0.00020906179475237027
0,0,0.0003841155089694504
0,0,0.00028426211067737826
0,0,0.0001943295937786654
0,0,0.00026166195114427326
0,0,0.0002189266821562121
0,0,0.00021270792921655173
0,0,0.0009215816767400471
0,0,0.0002628114128658103
0,0,0.00024197562763758368
0,0,0.0001943295937786654
0,0,0.0005291674543410649
0,0,0.00022645535977196997
0,0,0.00020983476829399762
0,0,0.0001943295937786654
0,0,0.00022276012362453432
0,0,0.0002111654418671209
0,0,0.0003513060800049878
0,0,0.00022217430193486215
0,0,0.00019566026735178864
0,0,0.0003487046238251485
0,0,0.0005311593443314059
0,0,0.0002692696120924734
0,0,0.0006630089164230863
0,0,0.00021663398040180562
0,0,0.00039278757613601446
0,0,0.007337664326579703
0,0,0.00026963187351373915
0,0,0.00020157208939008405
0,0,0.0005625223161555489
0,0,0.00023493422909723325
0,0,0.000237519612935457
0,0,0.00020492806318553235
0,0,0.00020149371143049182
0,0,0.00019650858279916247
0,0,0.0003479288497074219
0,0,0.0002119224634450806
0,0,0.00021122584929542733
0,0,0.00020739094180587873
0,0,0.00019566026735178864
0,0,0.00020259227268257894
0,0,0.00019598881060233557
0,0,0.0001943295937786654
0,0,0.00043352245791802055
0,0,0.0002937193206706448
0,0,0.0002205397807925422
0,0,0.00023566916716550682
0,0,0.0004515854559264053
0,0,0.0001943295937786654
0,0,0.00019799605785474208
0,0,0.00020250785717739828
0,0,0.00021549233040117155
0,0,0.00020531493210824655
0,0,0.00019566026735178864
0,0,0.0002039229462557022
0,0,0.00021478367785770938
0,0,0.00019816779962283267
0,0,0.0002053261845569293
0,0,0.0002176339911371826
0,0,0.0001966536514644499
0,0,0.00020604724381210758
0,0,0.00023534062391495988
0,0,0.00020259227268257894
0,0,0.00019944515620776363
0,0,0.00020290276296320732
0,0,0.00022977899745015926
0,0,0.00019598881060233557
0,0,0.00019650858279916247
0,0,0.0001943295937786654
0,0,0.00019783925637228573
0,0,0.0006309593431188681
0,0,0.00020157208939008405
0,0,0.0012281610132314454
0,0,0.00019566026735178864
0,0,0.0006047017397667384
0,0,0.0002900137308892228
0,0,0.0002119224634450806
0,0,0.00021768249710991564
0,0,0.00019650858279916247
0,0,0.00031562154414077875
0,0,0.0001943295937786654
0,0,0.0002157727370342595
0,0,0.00019650858279916247
0,0,0.00020416319370526574
0,0,0.00020438618360193973
0,0,0.00022641588989803451
0,0,0.0001994800139377866
0,0,0.00024800856931251643
0,0,0.00021242587260917928
0,0,0.0002096588863224684
0,0,0.0002398969270078238
0,0,0.0001943295937786654
0,0,0.0002274435098129293
0,0,0.000707506237707854
0,0,0.0002115923991986619
0,0,0.0003811422016787422
0,0,0.001031487467731233
0,0,0.0002456298925707492
0,0,0.0002009937844490943
0,0,0.00021333620998015163
0,0,0.00020943728442431543
0,0,0.00020872161537900202
0,0,0.00019566026735178864
0,0,0.0002507462410809898
0,0,0.00032273758903228456
0,0,0.00020259227268257894
0,0,0.0001943295937786654
0,0,0.00020290276296320732
0,0,0.000198089569807103
0,0,0.0001943295937786654
0,0,0.0001943295937786654
0,0,0.00020259227268257894
0,0,0.00022196487585501065
0,0,0.00020157208939008405
0,0,0.000215856890365103
0,0,0.00019650858279916247
0,0,0.00019591058078660591
0,0,0.00022106924525285847
0,0,0.00038732393767881656
0,0,0.00022086395233463573
0,0,0.00020259227268257894
0,0,0.0002024559432665351
0,0,0.00039450779042881257
0,0,0.00019650858279916247
0,0,0.0012042637763922113
0,0,0.00035035898807885625
0,0,0.00022223749575705077
0,0,0.0001943295937786654
0,0,0.0001943295937786654
0,0,0.00021321136146393402
0,0,0.00019566026735178864
0,0,0.00019933456762542416
0,0,0.0001988443733021159
0,0,0.00032264918066651397
0,0,0.0001943295937786654
0,0,0.0010406304173757011
0,0,0.0002039229462557022
0,0,0.00020822623283260467
0,0,0.00026350598567967783
0,0,0.00031421548196367525
0,0,0.00020560935663420965
0,0,0.00019731948417545884
0,0,0.0014694641986523654
0,0,0.00019650858279916247
0,0,0.0011588213267018676
0,0,0.0002039229462557022
0,0,0.0002096588863224684
0,0,0.00019650858279916247
0,0,0.00019816779962283267
0,0,0.00019783925637228573
0,0,0.0002111976639712288
0,0,0.00019566026735178864
0,0,0.00027775783149438447
0,0,0.0005541754379234097
0,0,0.0002187810583620028
0,0,0.00027445061839614536
0,0,0.00020378818158938317
0,0,0.000734832432586552
0,0,0.0001943295937786654
0,0,0.00022998557765396995
0,0,0.00021234764279344962
0,0,0.00019650858279916247
0,0,0.0002111654418671209
0,0,0.00020259227268257894
0,0,0.0001943295937786654
0,0,0.000198089569807103
0,0,0.0002047860370487949
0,0,0.00019650858279916247
0,0,0.0001943295937786654
0,0,0.00021049124976358824
0,0,0.00021588573303082844
0,0,0.00019566026735178864
0,0,0.00020564924590906223
0,0,0.0004149103862422095
0,0,0.00020220719458144263
0,0,0.00020016331405807024
0,0,0.00020157208939008405
0,0,0.00019944515620776363
0,0,0.0001943295937786654
0,0,0.00019650858279916247
0,0,0.00019650858279916247
0,0,0.00022663070162167207
0,0,0.0001943295937786654
0,0,0.000332796323933006
0,0,0.00020491633036836345
0,0,0.0001943295937786654
0,0,0.00020251404286684928
0,0,0.00022357972748530264
0,0,0.00019566026735178864
0,0,0.00020282438500361508
0,0,0.0002150574997310618
0,0,0.0002039229462557022
0,0,0.00019591058078660591
0,0,0.0002244501665338898
0,0,0.00019650858279916247
0,0,0.014681691502476528
0,0,0.00019650858279916247
0,0,0.00021077053608131187
0,0,0.00033142936265699477
0,0,0.00019783925637228573
0,0,0.00023534062391495988
0,0,0.0001943295937786654
0,0,0.00021159090803626556
0,0,0.0034400587724637004
0,0,0.00019650858279916247
0,0,0.00024671931007435644
0,0,0.00019650858279916247
0,0,0.00027465334753296413
0,0,0.00024196757971036773
0,0,0.0002593914621278902
0,0,0.0002965216023193332
0,0,0.00019566026735178864
0,0,0.0001994800139377866
0,0,0.0001943295937786654
0,0,0.00024184806108027747
0,0,0.0005355185961196036
0,0,0.00020398335368400868
0,0,0.016215759974261258
0,0,0.00028324587665162873
0,0,0.0003273074101133984
0,0,0.00020180407162357112
0,0,0.000198089569807103
0,0,0.00019650858279916247
0,0,0.00019798432503757317
0,0,0.0001994800139377866
0,0,0.0004915077651298581
0,0,0.0002136300011723418
0,0,0.0001943295937786654
0,0,0.0002071530841020592
0,0,0.0002648235523832052
0,0,0.00019767464426476787
0,0,0.00019566026735178864
0,0,0.0002159174707717042
0,0,0.00022474738145273967
0,0,0.00020770646063577775
0,0,0.0001943295937786654
0,0,0.00020468684619789538
0,0,0.0009940695863017534
0,0,0.00019650858279916247
0,0,0.00021447682964197552
0,0,0.00020805467428472487
0,0,0.00023277615927524221
0,0,0.0004926802571182576
0,0,0.00031069125351871496
0,0,0.00019944515620776363
0,0,0.00019783925637228573
0,0,0.000199152961849636
0,0,0.00023534062391495988
0,0,0.0002974225156322841
0,0,0.00020375107841058115
0,0,0.00019900531783789113
0,0,0.0002915432188248705
0,0,0.0002031530763980246
0,0,0.0005904831147990786
0,0,0.0001991477663954209
0,0,0.00019598881060233557
0,0,0.00025769578362379807
0,0,0.00019731948417545884
0,0,0.00020016331405807024
0,0,0.0005392123799363603
0,0,0.00019650858279916247
0,0,0.0001988443733021159
0,0,0.00019566026735178864
0,0,0.0001943295937786654
0,0,0.00022066120981846206
0,0,0.0003143753685346238
0,0,0.0001943295937786654
0,0,0.0002616911230448546
0,0,0.00019949847319595594
0,0,0.0005882427595487621
0,0,0.00019650858279916247
0,0,0.00020625873675865562
0,0,0.0002039229462557022
0,0,0.0001943295937786654
0,0,0.00025043896840631945
0,0,0.00020259227268257894
0,0,0.0002497008398447137
0,0,0.00022982098841210687
0,0,0.0007168120932253133
0,0,0.000198089569807103
0,0,0.00020250785717739828
0,0,0.0002074308310807313
0,0,0.0001943295937786654
0,0,0.00019591058078660591
0,0,0.00020398335368400868
0,0,0.0002369998407386301
0,0,0.00019650858279916247
0,0,0.00020290276296320732
0,0,0.00023194001944866556
0,0,0.00019566026735178864
0,0,0.00019650858279916247
0,0,0.00025556075538837224
0,0,0.0012351898733101703
0,0,0.0001994800139377866
0,0,0.00024764072634937635
0,0,0.0001943295937786654
0,0,0.00022446849245603593
0,0,0.00019650858279916247
0,0,0.00019650858279916247
0,0,0.00020259227268257894
0,0,0.0005477513738802151
0,0,0.0012844719558302879
0,0,0.0002369998407386301
0,0,0.00019650858279916247
0,0,0.00019566026735178864
0,0,0.00020151355664592126
0,0,0.00019566026735178864
0,0,0.00019916815217681775
0,0,0.00019566026735178864
0,0,0.0002017261913541863
0,0,0.00019566026735178864
0,0,0.00020836114647153087
0,0,0.0001943295937786654
0,0,0.0002369998407386301
0,0,0.00019783925637228573
0,0,0.0002631111497097719
0,0,0.00019650858279916247
0,0,0.0001943295937786654
0,0,0.00021199047534258835
0,0,0.00043134644885230573
0,0,0.00020259227268257894
0,0,0.00019591058078660591
0,0,0.0004296736531693985
0,0,0.00020952774255531285
0,0,0.001392520709199858
0,0,0.00043767054648784443
0,0,0.00020290276296320732
0,0,0.00019692730847290952
0,0,0.000589255536197396
0,0,0.0002039229462557022
0,0,0.00020259227268257894
0,0,0.0003955243991089821
0,0,0.0001943295937786654
0,0,0.0002841618575350324
0,0,0.0001943295937786654
0,0,0.00021310221241654058
0,0,0.00020180407162357112
0,0,0.0003383203634396056
0,0,0.0003450709312975319
0,0,0.0001943295937786654
0,0,0.00019566026735178864
0,0,0.00020872161537900202
0,0,0.00034106970779551176
0,0,0.0001943295937786654
0,0,0.0001943295937786654
0,0,0.00021250001868363668
0,0,0.0002707884787573953
0,0,0.00020259227268257894
0,0,0.000597665797210007
0,0,0.00019591058078660591
0,0,0.00022446336781954148
0,0,0.00022297376406607883
0,0,0.00021245091596242373
0,0,0.00022780775694168347
0,0,0.0002388417092715791
0,0,0.00019566026735178864
0,0,0.0001943295937786654
0,0,0.000199152961849636
0,0,0.0002552690797558192
0,0,0.0003540286362751762
0,0,0.00019566026735178864
0,0,0.00021803587938560006
0,0,0.00019598881060233557
0,0,0.00021445696121388704
0,0,0.00020323130621375426
0,0,0.00020585434235326273
0,0,0.0009220836650174724
0,0,0.00019650858279916247
0,0,0.0002492591728326606
0,0,0.0002900353823327474
0,0,0.0002724611634342395
0,0,0.00019650858279916247
0,0,0.00019566026735178864
0,0,0.000270448299384027
0,0,0.0003082802014401598
0,0,0.00020739094180587873
0,0,0.00020570434276889022
0,0,0.00043578186512202723
0,0,0.00020103408909315188
0,0,0.00027257810988734303
0,0,0.000199152961849636
0,0,0.0002970161615376553
0,0,0.0002044836018272853
0,0,0.0001943295937786654
0,0,0.00019566026735178864
0,0,0.0004129404271530888
0,0,0.0002906773718679852
0,0,0.00025631572364137205
0,0,0.0002028291225876211
0,0,0.00020081068751090985
0,0,0.0001943295937786654
0,0,0.00020282438500361508
0,0,0.0003156625675918507
0,0,0.00030863089282921394
0,0,0.00024440886408256813
0,0,0.00020081068751090985
0,0,0.0005087994085172791
0,0,0.00019566026735178864
0,0,0.00019650858279916247
0,0,0.00033219200140324106
0,0,0.00019566026735178864
0,0,0.00019591058078660591
0,0,0.00021652752806385734
0,0,0.0002585926854171945
0,0,0.00020259227268257894
0,0,0.0005360337228856161
0,0,0.3155238274648058
0,0,0.001791942222884215
0,0,0.00023400995034183659
0,0,0.0004943451777308665
0,0,0.0006766519023184618
0,0,0.0003423715861873852
0,0,0.00022258983352209803
0,0,0.0005225843976688323
0,0,0.0001943295937786654
0,0,0.0001943295937786654
0,0,0.0001943295937786654
0,0,0.0002039229462557022
0,0,0.00019566026735178864
0,0,0.0001943295937786654
0,0,0.0001943295937786654
0,0,0.00019566026735178864
0,0,0.00019731948417545884
0,0,0.0002062470039414867
0,0,0.00045547536628576767
0,0,0.0002878669595931307
0,0,0.00020259227268257894
0,0,0.0002280249834984224
0,0,0.00020793994743271334
0,0,0.0001943295937786654
0,0,0.00045696120674312574
0,0,0.00021914602658577758
0,0,0.0005119843168039842
0,0,0.00020624781344930982
0,0,0.00023534062391495988
0,0,0.0004936274629999988
0,0,0.0003239425492313295
0,0,0.00032416437794722256
0,0,0.00030423273096782597
0,0,0.00022072059307557285
0,0,0.00019598881060233557
0,0,0.00020265565122045
0,0,0.0002868563978651424
0,0,0.0001994800139377866
0,0,0.00024719581143728246
0,0,0.00019731948417545884
0,0,0.0002218113617746155
0,0,0.000361908643337389
0,0,0.00020251404286684928
0,0,0.00020259227268257894
0,0,0.0001943295937786654
0,0,0.0005289059540155249
0,0,0.0002537455011719971
0,0,0.0001976106085931932
0,0,0.00022250328098290465
0,0,0.00021051837945808925
0,0,0.00031014755123225877
0,0,0.0001943295937786654
0,0,0.00020872161537900202
0,0,0.00020282438500361508
0,0,0.0002168230039742948
0,0,0.00020282506442388903
0,0,0.00019650858279916247
0,0,0.00019783925637228573
0,0,0.0007183704749401597
0,0,0.0001943295937786654
0,0,0.00023453059535722765
0,0,0.0002095920544275892
0,0,0.0001943295937786654
0,0,0.0005359254431456867
0,0,0.00019650858279916247
0,0,0.00020282438500361508
0,0,0.00021260855036090256
0,0,0.00019650858279916247
0,0,0.0001951604248837133
0,0,0.0001943295937786654
0,0,0.0003084858241639265
0,0,0.00023447144729167786
0,0,0.0002039229462557022
0,0,0.00034428362876605596
0,0,0.0004196238140019269
0,0,0.0001943295937786654
0,0,0.0001943295937786654
0,0,0.00022297093368605947
0,0,0.00020398632479357327
0,0,0.00022731657759046407
0,0,0.0006695000220875376
0,0,0.00019650858279916247
0,0,0.00022111742762255873
0,0,0.0008430180235737391
0,0,0.0002007758297808869
0,0,0.0005113553954344941
0,0,0.00022027044423609166
0,0,0.00019566026735178864
0,0,0.0001994800139377866
0,0,0.00019650858279916247
0,0,0.00022140168086572112
0,0,0.0002062470039414867
0,0,0.00019566026735178864
0,0,0.0002531250540826563
0,0,0.0001994800139377866
0,0,0.001749537118986374
0,0,0.0005147236979849303
0,0,0.0028252827300770922
0,0,0.0003273621023090227
0,0,0.00021234503794551233
0,0,0.00020157208939008405
0,0,0.00019566026735178864
0,0,0.0001943295937786654
0,0,0.00019783925637228573
0,0,0.0001943295937786654
0,0,0.00020903850868480043
0,0,0.00019566026735178864
0,0,0.00021390812614744203
0,0,0.00019783925637228573
0,0,0.00020934669438663336
0,0,0.0002193698401870818
0,0,0.0013231188252709567
0,0,0.00020290276296320732
0,0,0.0001943295937786654
0,0,0.00019949847319595594
0,0,0.0004023043229802931
0,0,0.0003139476853514948
0,0,0.002656570628617401
0,0,0.0001943295937786654
0,0,0.0003499077598690127
0,0,0.00019566026735178864
0,0,0.00019591058078660591
0,0,0.00019954720233368922
0,0,0.0003208446786897619
0,0,0.00019666538428161882
0,0,0.00019566026735178864
0,0,0.0001966536514644499
0,0,0.0012855042005967285
0,0,0.00021201333271892922
0,0,0.00019566026735178864
0,0,0.00020477083710751054
0,0,0.0002923790090332596
0,0,0.00025854778531228414
0,0,0.00019566026735178864
0,0,0.0001943295937786654
0,0,0.00025342781387022883
0,0,0.00019870234716537849
0,0,0.0001943295937786654
0,0,0.0001943295937786654
0,0,0.00020322777377937765
0,0,0.0004159297615369525
0,0,0.0001896985737701022
0,0,0.00020367270045098892
0,0,0.00022240561353929674
0,0,0.0002165010856484551
0,0,0.00019954720233368922
0,0,0.000198089569807103
0,0,0.04285153399082048
0,0,0.0003053171051073787
0,0,0.00024284853362100447
0,0,0.00019566026735178864
0,0,0.00020491633036836345
0,0,0.000323023667710259
0,0,0.00019566026735178864
0,0,0.00022490484301028102
0,0,0.00020491633036836345
0,0,0.00020250785717739828
0,0,0.00020259227268257894
0,0,0.00020259227268257894
0,0,0.0002771735137533416
0,0,0.00019650858279916247
0,0,0.00020888992690724922
0,0,0.00021485607037625542
0,0,0.0002062470039414867
0,0,0.00022780512357789198
0,0,0.00019944515620776363
0,0,0.00024304018830096882
0,0,0.00020624781344930982
0,0,0.00019731948417545884
0,0,0.00020081068751090985
0,0,0.000296889157847808
0,0,0.00028213699918920604
0,0,0.0002039229462557022
0,0,0.00019650858279916247
0,0,0.000266767951900437
0,0,0.0005898924882563709
0,0,0.0002162986522542809
0,0,0.0002039229462557022
0,0,0.00019650858279916247
0,0,0.00019783925637228573
0,0,0.0002485145069400218
0,0,0.00020780988123760276
0,0,0.0002790333705633313
0,0,0.000489145191502878
0,0,0.0006757802536871034
0,0,0.00019591058078660591
0,0,0.00019650858279916247
0,0,0.000968680752442613
0,0,0.00019652326125244585
0,0,0.00020259227268257894
0,0,0.0001943295937786654
0,0,0.000289229465345153
0,0,0.00020074787191190493
0,0,0.0006705235565689624
0,0,0.0001943295937786654
0,0,0.0009192922328804654
0,0,0.00019566026735178864
0,0,0.00024523108276729123
0,0,0.00022333646276071997
0,0,0.00020647000744504007
0,0,0.0001943295937786654
0,0,0.0001943295937786654
0,0,0.00020259227268257894
0,0,0.00021222772524548975
0,0,0.00021185096384972185
0,0,0.00021104567306478653
0,0,0.0002268470044330227
0,0,0.00021465813636496823
0,0,0.0005404305580824749
0,0,0.00021441707193903449
0,0,0.00020854974753388095
0,0,0.00024184806108027747
0,0,0.00021550054197209191
0,0,0.000348653291047267
0,0,0.0007570853971112667
0,0,0.00020282438500361508
0,0,0.00029084650213230626
0,0,0.000576277977219869
0,0,0.00019953950351858315
0,0,0.00021447682964197552
0,0,0.00020017504687523918
0,0,0.000198089569807103
0,0,0.00019650858279916247
0,0,0.00020624781344930982
0,0,0.00023766468160074444
0,0,0.0001943295937786654
0,0,0.0002919313159926407
0,0,0.00036515988997863554
0,0,0.00019650858279916247
0,0,0.0002039229462557022
0,0,0.000551831592693654
0,0,0.00020290276296320732
0,0,0.00037267644587963384
0,0,0.00022863111220380682
0,0,0.00020259227268257894
0,0,0.000462695291517741
0,0,0.00020367270045098892
0,0,0.00020259227268257894
0,0,0.00021636397392319604
0,0,0.00020250785717739828
0,0,0.00019731948417545884
0,0,0.00019999870195055238
0,0,0.00036552031478246256
0,0,0.00044605336440348093
0,0,0.0011185104101057396
0,0,0.00019650858279916247
0,0,0.0002039229462557022
0,0,0.0002369998407386301
0,0,0.00019566026735178864
0,0,0.00019881178306078718
0,0,0.0007500256104340464
0,0,0.0002031747912240074
0,0,0.00021104567306478653
0,0,0.00023447590085527627
0,0,0.0005028920752910427
0,0,0.00020157208939008405
0,0,0.00021183787534296547
0,0,0.0005353966626040331
0,0,0.0002618869789746041
0,0,0.0001943295937786654
0,0,0.0001943295937786654
0,0,0.000438054774431209
0,0,0.0001985272673521316
0,0,0.00019566026735178864
0,0,0.00023766468160074444
0,0,0.00020305686492730956
0,0,0.0005240706882350712
0,0,0.0001943295937786654
0,0,0.00019566026735178864
0,0,0.0001943295937786654
0,0,0.00019650858279916247
0,0,0.00020157208939008405
0,0,0.0002129504499664303
0,0,0.0002143271546181845
0,0,0.0010037497632142626
0,0,0.00019781709282229765
0,0,0.00019650858279916247
0,0,0.00021588573303082844
0,0,0.0002436033028188735
0,0,0.0001994800139377866
0,0,0.0005486967309366333
0,0,0.0002135012323700743
0,0,0.00019781709282229765
0,0,0.00019650858279916247
0,0,0.00020220719458144263
0,0,0.0002767036491231228
0,0,0.00020657358842931736
0,0,0.000198089569807103
0,0,0.00020672250954920527
0,0,0.0002096588863224684
0,0,0.00030075418446238225
0,0,0.0003143369177166374
0,0,0.0004041409589207174
0,0,0.00022113586326141896
0,0,0.00020259227268257894
0,0,0.00022301601420722137
0,0,0.00020178224412484668
0,0,0.000237519612935457
0,0,0.0001943295937786654
0,0,0.00021143747012792097
0,0,0.00020180407162357112
0,0,0.0004096974312818356
0,0,0.0002076522468391239
0,0,0.00020416707400106848
0,0,0.00027832278411823536
0,0,0.0003084858241639265
0,0,0.0002151776983231717
0,0,0.0001991477663954209
0,0,0.00020162414522826073
0,0,0.0001943295937786654
0,0,0.0002039229462557022
0,0,0.006893971960851156
0,0,0.0001994800139377866
0,0,0.0002039229462557022
0,0,0.00020282438500361508
0,0,0.0001943295937786654
0,0,0.000517451428775476
0,0,0.0002820120721514939
0,0,0.00019566026735178864
0,0,0.00023534062391495988
0,0,0.00019566026735178864
0,0,0.0001943295937786654
0,0,0.00019359655895340256
0,0,0.0002111654418671209
0,0,0.0001943295937786654
0,0,0.0001943295937786654
0,0,0.0002201740138142678
0,0,0.00019824637128955936
0,0,0.0002039229462557022
0,0,0.00032919001003377105
0,0,0.0001994800139377866
0,0,0.004402173382660513
0,0,0.00020625873675865562
0,0,0.0002221875235187984
0,0,0.0001943295937786654
0,0,0.00022834645329593167
0,0,0.00021143993707182832
0,0,0.00020652282556052042
0,0,0.0002668048278224412
0,0,0.0002165908916532587
0,0,0.0002039229462557022
0,0,0.0008880900514256884
0,0,0.0004911742644565922
0,0,0.00019566026735178864
0,0,0.00021366698215584835
0,0,0.00019783925637228573
0,0,0.00020290276296320732
0,0,0.00019798432503757317
0,0,0.00020335903791229683
0,0,0.00020323130621375426
0,0,0.00021077053608131187
0,0,0.00020259227268257894
0,0,0.00030622860532769977
0,0,0.000198832640484947
0,0,0.00020081068751090985
0,0,0.0002047860370487949
0,0,0.0005458004109474161
0,0,0.0002083282127493451
0,0,0.0002139905748818268
0,0,0.0001982088299454599
0,0,0.00020001043476772126
0,0,0.00020157208939008405
0,0,0.00023831284845145993
0,0,0.00045392424934068756
0,0,0.0004972332413428031
0,0,0.0001916692215482623
0,0,0.0002169835679176843
0,0,0.00022763178374484192
0,0,0.00030864090747356445
0,0,0.00019666538428161882
0,0,0.00019598881060233557
0,0,0.00020084140977382923
0,0,0.00019566026735178864
0,0,0.0001943295937786654
0,0,0.00023175526868941912
0,0,0.00019578019057460186
0,0,0.00020031075724708444
0,0,0.00019566026735178864
0,0,0.0006902078562998898
0,0,0.00019731948417545884
0,0,0.00020417789039942156
0,0,0.0005844666827146805
0,0,0.00019566026735178864
0,0,0.00020508175198370442
0,0,0.00020491633036836345
0,0,0.00023414832017531852
0,0,0.00030660323749474183
0,0,0.00020585909335295172
0,0,0.003916805158261443
0,0,0.0001994800139377866
0,0,0.0005029244622433811
0,0,0.000198089569807103
0,0,0.00044345418773886083
0,0,0.00020739094180587873
0,0,0.00020731271199014907
0,0,0.00019650858279916247
0,0,0.000198832640484947
0,0,0.0002119224634450806
0,0,0.0001994800139377866
0,0,0.00019940178412205693
0,0,0.0002725382206124904
0,0,0.0002178582016369806
0,0,0.00019566026735178864
0,0,0.00020157208939008405
0,0,0.0003276193891414733
0,0,0.00020435067634582313
0,0,0.00020315431421142206
0,0,0.00036876085562746687
0,0,0.00035049997543482584
0,0,0.0002093892236842682
0,0,0.000691075216218531
0,0,0.002095717775080134
0,0,0.0002575868554268886
0,0,0.00020072024150833364
0,0,0.000272598543137469
0,0,0.00020658091324814648
0,0,0.0002957462804466359
0,0,0.00019566026735178864
0,0,0.00020251404286684928
0,0,0.00019566026735178864
0,0,0.00019781709282229765
0,0,0.00019782228827651275
0,0,0.00020081068751090985
0,0,0.00019650858279916247
0,0,0.00022968174244216008
0,0,0.0003456879584137886
0,0,0.0007308458308963076
0,0,0.00021041779593939945
0,0,0.00020181580444074
0,0,0.0001943295937786654
0,0,0.0040884311070365
0,0,0.0002274853707491376
0,0,0.00020081068751090985
0,0,0.00019566026735178864
0,0,0.0003066395096496386
0,0,0.0002076678559214751
0,0,0.00020259227268257894
0,0,0.0001943295937786654
0,0,0.00037954484959334543
0,0,0.00023971364534674914
0,0,0.0003374571056671121
0,0,0.00024902131994060053
0,0,0.0002039229462557022
0,0,0.00019566026735178864
0,0,0.0002097149994916633
0,0,0.0002039229462557022
0,0,0.0002039229462557022
0,0,0.0003928226253464575
0,0,0.0030187461618333272
0,0,0.0001943295937786654
0,0,0.00019650858279916247
0,0,0.00020739094180587873
0,0,0.00020615439303512092
0,0,0.0006081785978306096
0,0,0.00024095648240784372
0,0,0.00040893259646962107
0,0,0.0004997842024692973
0,0,0.00023690991240287538
0,0,0.0001943295937786654
0,0,0.00025696048257022015
0,0,0.00020081068751090985
0,0,0.00019650858279916247
0,0,0.0003639020569246923
0,0,0.00019566026735178864
0,0,0.00020427868306108638
0,0,0.002724538821187247
0,0,0.00019566026735178864
0,0,0.00019598881060233557
0,0,0.0004945569492810392
0,0,0.00020570434276889022
0,0,0.0002039229462557022
0,0,0.00020259227268257894
0,0,0.00019650858279916247
0,0,0.00020739094180587873
0,0,0.0001943295937786654
0,0,0.0001943295937786654
0,0,0.0001943295937786654
0,0,0.0001948502387940564
0,0,0.0001930584097863387
0,0,0.00019566026735178864
0,0,0.00021183787534296547
0,0,0.00040636840164396743
0,0,0.00023534062391495988
0,0,0.00020282438500361508
0,0,0.00027661564847313724
0,0,0.00019944515620776363
0,0,0.00021933277736700636
0,0,0.0002725814357854932
0,0,0.0001943295937786654
0,0,0.0007426408562369468
0,0,0.0005216152875289295
0,0,0.00019732137116203804
0,0,0.0002120921808373588
0,0,0.0001943295937786654
0,0,0.00021294964907415227
0,0,0.0002645554677936545
0,0,0.000497096624415568
0,0,0.0001943295937786654
0,0,0.00019566026735178864
0,0,0.0003143369177166374
0,0,0.0001966536514644499
0,0,0.0002111982661714328
0,0,0.00019767464426476787
0,0,0.00021180054705847943
0,0,0.00019731948417545884
1,0,0.22038695822492718
0,0,0.00019650858279916247
0,0,0.00021006371046891934
0,0,0.00019650858279916247
0,0,0.0002039229462557022
0,0,0.0003202724602663665
0,0,0.00020516085492684248
0,0,0.0001994800139377866
0,0,0.00019783925637228573
0,0,0.0002039229462557022
0,0,0.00021185096384972185
0,0,0.00019940178412205693
0,0,0.00021511190639206785
0,0,0.00020790703027298
0,0,0.00021338826064330185
0,0,0.00020157208939008405
0,0,0.0001943295937786654
0,0,0.00021208818877778272
0,0,0.0002029781048689538
0,0,0.0002278244147242352
0,0,0.00021499598353610247
0,0,0.00021217759628175945
0,0,0.00019965527467841228
0,0,0.0004085587159220125
0,0,0.0002515184999568807
0,0,0.00019783925637228573
0,0,0.0002039078798930375
0,0,0.00020251404286684928
0,0,0.0002039229462557022
0,0,0.00034291588163846645
0,0,0.00020560935663420965
0,0,0.0003952295175488286
0,0,0.00026165586160577416
0,0,0.0002076786269663701
0,0,0.0020969515581899943
0,0,0.0004491622075035303
0,0,0.0005556984422832723
0,0,0.00019566026735178864
0,0,0.0001943295937786654
0,0,0.0001943295937786654
0,0,0.00022094454975416937
0,0,0.0002273129803227152
0,0,0.00022018514234899418
0,0,0.00025584668005095723
0,0,0.0002194341824006726
0,0,0.0001994800139377866
0,0,0.00019566026735178864
0,0,0.00023012001535121045
0,0,0.00021800569845248659
0,0,0.00026609828568123354
0,0,0.0002086882883136871
0,0,0.0004919907256591067
0,0,0.00019566026735178864
0,0,0.0002359464144802154
0,0,0.0005954075366773259
0,0,0.000199152961849636
0,0,0.00022998557765396995
0,0,0.0001943295937786654
0,0,0.00019591058078660591
0,0,0.00019824637128955936
0,0,0.0001943295937786654
0,0,0.0001943295937786654
0,0,0.00019650858279916247
0,0,0.0002289348271627555
0,0,0.00019650858279916247
0,0,0.0001943295937786654
0,0,0.0004800528186644966
0,0,0.0001943295937786654
0,0,0.00020290276296320732
0,0,0.00023140331418454314
0,0,0.0004656263127847235
0,0,0.00020199988157228722
0,0,0.00019566026735178864
0,0,0.00020491633036836345
0,0,0.0002258769356508702
0,0,0.00019566026735178864
0,0,0.00020906179475237027
0,0,0.0005380266963316658
0,0,0.00019650858279916247
0,0,0.0001994800139377866
0,0,0.0002368592453590235
0,0,0.00019731948417545884
0,0,0.000354384611277511
0,0,0.00021557070836076382
0,0,0.0007817098958952398
0,0,0.00019566026735178864
0,0,0.00019783925637228573
0,0,0.00025992624752608167
0,0,0.00021339084132971606
0,0,0.00019598881060233557
0,0,0.00019566026735178864
0,0,0.00019783925637228573
0,0,0.00021800459012016386
0,0,0.0003394357997015514
0,0,0.0002994127445227126
0,0,0.0006062262523702159
0,0,0.000204087927766523
0,0,0.00020604724381210758
0,0,0.000208641137187247
0,0,0.00019650858279916247
0,0,0.00020081217867330619
0,0,0.00019650858279916247
0,0,0.0001943295937786654
0,0,0.00020983476829399762
0,0,0.00019650858279916247
0,0,0.00019598881060233557
0,0,0.00021825435760998004
0,0,0.00021451049235322335
0,0,0.00019392156071461374
0,0,0.00020805318312232853
0,0,0.0003393551943737784
0,0,0.0001943295937786654
0,0,0.0002062470039414867
0,0,0.00032749858469811535
0,0,0.00021470049420071875
0,0,0.0003154711111853451
0,0,0.0002192761824306034
0,0,0.0002600182782420943
0,0,0.00030630683514342946
0,0,0.00020259227268257894
0,0,0.0003415679825555429
0,0,0.00019783925637228573
0,0,0.00022691790792314791
0,0,0.00020468684619789538
0,0,0.000244466053295555
0,0,0.0001994800139377866
0,0,0.0005920269170107806
0,0,0.000199152961849636
0,0,0.00020250785717739828
0,0,0.00019566026735178864
0,0,0.00019783925637228573
0,0,0.00021183787534296547
0,0,0.0002102089643575512
0,0,0.0002111654418671209
0,0,0.00035372528184384616
0,0,0.00020710043653667353
0,0,0.0002195928673806621
0,0,0.00019566026735178864
0,0,0.00019419920356666135
1,1,0.9724687879170638
0,0,0.0003829201041182311
0,0,0.0002400196745349469
0,0,0.00021997001384569865
0,0,0.00020590824859141919
0,0,0.0003193778925248007
0,0,0.00024788174659522757
0,0,0.000536328465663169
0,0,0.0002111654418671209
0,0,0.00019591058078660591
0,0,0.0005092205627593567
0,0,0.00025818940927142375
0,0,0.00041498247604248206
0,0,0.00019900531783789113
0,0,0.00019566026735178864
0,0,0.0002157606692892479
0,0,0.00019650858279916247
0,0,0.00021652752806385734
0,0,0.0003504866699463854
0,0,0.00021139908586490202
0,0,0.00020739094180587873
0,0,0.0002031530763980246
0,0,0.0002809426872694138
0,0,0.0002083282127493451
0,0,0.0002149202799888753
0,0,0.00019940178412205693
0,0,0.00019650858279916247
0,0,0.00019783925637228573
0,0,0.00019731948417545884
0,0,0.00020259227268257894
0,0,0.00019783925637228573
0,0,0.00019731948417545884
0,0,0.0001943295937786654
0,0,0.0005227753260302033
0,0,0.00040017907414327243
0,0,0.0001943295937786654
0,0,0.00020588434748973998
0,0,0.0002176880392332712
0,0,0.00021574691209626657
0,0,0.00019798432503757317
0,0,0.00019999608184279472
0,0,0.00019566026735178864
0,0,0.0001994800139377866
0,0,0.00021468082844846572
0,0,0.00023557388499098904
0,0,0.0002048498333698027
0,0,0.00040678248015550114
0,0,0.00025389657158382024
0,0,0.00025721673495752897
0,0,0.0001943295937786654
0,0,0.0002463884307358453
0,0,0.00021352698599307662
0,0,0.00019783925637228573
0,0,0.0001943295937786654
0,0,0.00020149371143049182
0,0,0.0001943295937786654
0,0,0.00019566026735178864
0,0,0.001250586897821326
0,0,0.0002062470039414867
0,0,0.00023534062391495988
0,0,0.00020384934714887465
0,0,0.00020770646063577775
0,0,0.0002896714959471947
0,0,0.00019566026735178864
0,0,0.00019598881060233557
0,0,0.0003849184710262828
0,0,0.0002111654418671209
0,0,0.0002068272285277975
0,0,0.0002071298556245429
0,0,0.00028660571924462084
0,0,0.0002302133769749345
0,0,0.0009432751332934376
0,0,0.00020259227268257894
0,0,0.00020259227268257894
0,0,0.00020642281435156052
0,0,0.00021366698215584835
0,0,0.0001943295937786654
0,0,0.00019816779962283267
0,0,0.00019650858279916247
0,0,0.00020016331405807024
0,0,0.00020259227268257894
0,0,0.0003777352122242084
0,0,0.00020050359012578612
0,0,0.00020773112117924698
0,0,0.00019650858279916247
0,0,0.0002086779732287163
0,0,0.0001943295937786654
0,0,0.00021288097482688947
0,0,0.00023784039079255276
0,0,0.00020793994743271334
0,0,0.00020134110834084452
0,0,0.00020253709273048266
0,0,0.00023453059535722765
0,0,0.0001994800139377866
0,0,0.00019816779962283267
0,0,0.0005355213712478918
0,0,0.00019566026735178864
0,0,0.00019731948417545884
0,0,0.0001943295937786654
0,0,0.0001943295937786654
0,0,0.00020156855695570747
0,0,0.0001943295937786654
0,0,0.0002111654418671209
0,0,0.0001943295937786654
0,0,0.00020323130621375426
0,0,0.00019566026735178864
0,0,0.000223770023675276
0,0,0.00020323130621375426
0,0,0.00037459961501689194
0,0,0.00019650858279916247
0,0,0.00019650858279916247
0,0,0.00019566026735178864
0,0,0.00019767464426476787
0,0,0.00020320513223620127
0,0,0.00019816779962283267
0,0,0.0001943295937786654
0,0,0.00019559369200289177
0,0,0.00020181580444074
0,0,0.0018665366470188597
0,0,0.001426268674706955
0,0,0.00019783925637228573
0,0,0.0010256123451901058
0,0,0.0002927255298912509
0,0,0.0001943295937786654
0,0,0.00022211840642001463
0,0,0.0002519538685612559
0,0,0.00021029886284852083
0,0,0.00021438178977188014
0,0,0.00019798432503757317
0,0,0.000198832640484947
0,0,0.00019650858279916247
0,0,0.00019566026735178864
0,0,0.00024396781203300086
0,0,0.0003156625675918507
0,0,0.00025733525214051255
0,0,0.00019566026735178864
0,0,0.0001943295937786654
0,0,0.00023766468160074444
0,0,0.00019566026735178864
0,0,0.000690582724443887
0,0,0.00019566026735178864
0,0,0.00022376524055436442
0,0,0.0002074308310807313
0,0,0.00030256398199954635
0,0,0.00019566026735178864
0,0,0.00019566026735178864
0,0,0.00019566026735178864
0,0,0.00019566026735178864
0,0,0.0001943295937786654
0,0,0.0002509664670335582
0,0,0.00019566026735178864
0,0,0.00020074787191190493
0,0,0.0002051649130905745
0,0,0.0002957462804466359
0,0,0.0002552251118556024
0,0,0.00020282438500361508
0,0,0.0001943295937786654
0,0,0.00020157208939008405
0,0,0.00019591058078660591
0,0,0.00019650858279916247
0,0,0.00023852544555633167
0,0,0.00021077053608131187
0,0,0.00019598881060233557
0,0,0.00019949847319595594
0,0,0.0001966536514644499
0,0,0.00020016331405807024
0,0,0.00031082161466688
0,0,0.0002337284285012589
0,0,0.000549461508287297
0,0,0.00019783925637228573
0,0,0.00019591058078660591
0,0,0.00024039613179203953
0,0,0.0003957337670894824
0,0,0.0006073050719542956
0,0,0.0001943295937786654
0,0,0.00019650858279916247
0,0,0.00021184089872701325
0,0,0.0002693198398737394
0,0,0.00024757721753963894
0,0,0.00022780512357789198
0,0,0.007245720042921522
0,0,0.00019650858279916247
0,0,0.0002995418912967073
0,0,0.0002527319645784094
0,0,0.00020739094180587873
0,0,0.00019731948417545884
0,0,0.00032230488556906684
0,0,0.0009475282322918965
0,0,0.0002499387822363927
0,0,0.003399482732452568
0,0,0.00020664057544165685
0,0,0.00020259227268257894
0,0,0.00021524229660407188
0,0,0.00022514404066832094
0,0,0.00020822623283260467
0,0,0.00020259227268257894
0,0,0.00019650858279916247
0,0,0.00020822623283260467
0,0,0.000218482220797965
0,0,0.00022126466176464416
0,0,0.00019938956793521037
0,0,0.00019566026735178864
0,0,0.001540259866579628
0,0,0.00032744633867155245
0,0,0.00020060022278928498
0,0,0.00034940146625515487
0,0,0.00020157208939008405
0,0,0.00020967197482922478
0,0,0.0001943295937786654
0,0,0.00019591058078660591
0,0,0.00019824637128955936
0,0,0.0002165880977727668
0,0,0.0002039229462557022
0,0,0.0002098576159868672
0,0,0.004681726850610385
0,0,0.00019591058078660591
0,0,0.00019816779962283267
0,0,0.00040116284582318823
0,0,0.00020259227268257894
0,0,0.0007243877819024067
0,0,0.0002062470039414867
0,0,0.00019566026735178864
0,0,0.00030675842447698434
0,0,0.0002000006589531776
0,0,0.00020492806318553235
0,0,0.00020259227268257894
0,0,0.000348193619157594
0,0,0.00021368985418962824
0,0,0.00019666538428161882
0,0,0.00023596565438739928
0,0,0.00020259227268257894
0,0,0.00019940178412205693
0,0,0.0001943295937786654
0,0,0.00019591058078660591
0,0,0.00020728532977683077
0,0,0.0003338982621616275
0,0,0.0002124892511470504
0,0,0.0004063406983347444
0,0,0.00028821326629321106
0,0,0.00020934180862287595
0,0,0.0001920840294092714
0,0,0.00025327917869921257
0,0,0.00020925458208900002
0,0,0.00019717429647984091
0,0,0.00021549233040117155
0,0,0.00020259227268257894
0,0,0.00020739094180587873
0,0,0.00028872907513318255
0,0,0.0002474467971468851
0,0,0.00019940178412205693
0,0,0.0002573890312634991
0,0,0.00022663286045661635
0,0,0.0002060469495365856
0,0,0.00019949847319595594
0,0,0.00019591058078660591
0,0,0.00021447538153653055
0,0,0.000198089569807103
0,0,0.0006852142159512545
0,0,0.0009888155175440487
0,0,0.0010939611197931188
0,0,0.00020491633036836345
0,0,0.0001994800139377866
0,0,0.00038264344462234063
0,0,0.00019566026735178864
0,0,0.0006410185012562634
0,0,0.0002039229462557022
0,0,0.00019783925637228573
1,1,0.763851625956889
0,0,0.0003414296925730751
0,0,0.0001994800139377866
0,0,0.0007174828341685026
0,0,0.000828725236160279
0,0,0.00019650858279916247
0,0,0.0010822003684849604
0,0,0.00020157208939008405
0,0,0.00019650858279916247
0,0,0.00019650858279916247
0,0,0.0003490445770227672
0,0,0.00019566026735178864
0,0,0.0001994800139377866
0,0,0.00022863755298086866
0,0,0.00021143747012792097
0,0,0.00019650858279916247
0,0,0.0001943295937786654
0,0,0.0001943295937786654
0,0,0.0001943295937786654
0,0,0.00019598881060233557
0,0,0.0001943295937786654
0,0,0.00023174832754854657
0,0,0.00020604724381210758
0,0,0.0007595419832329707
0,0,0.0002031347451966944
0,0,0.00020739094180587873
0,0,0.0004243040697356928
0,0,0.00020251404286684928
0,0,0.0003952295175488286
0,0,0.0002124892511470504
0,0,0.00020157208939008405
0,0,0.0001943295937786654
0,0,0.0001980038940523009
0,0,0.0001923890538136604
0,0,0.00024688451090268664
0,0,0.00019566026735178864
0,0,0.00029370968260638284
0,0,0.00021843211924842972
0,0,0.00022074788787802285
0,0,0.0003625843761627918
0,0,0.00021108706390752865
0,0,0.00020259227268257894
0,0,0.00019566026735178864
0,0,0.00019591058078660591
0,0,0.0002096588863224684
0,0,0.00020081068751090985
0,0,0.00019666538428161882
0,0,0.00019783925637228573
0,0,0.00019566026735178864
0,0,0.000362360038301148
0,0,0.00023050388585666627
0,0,0.00020990919975728565
0,0,0.0005002080812345326
0,0,0.0008730704058273457
0,0,0.00020739094180587873
0,0,0.0003053485495510391
0,0,0.0010143008995679031
0,0,0.00020664042729779428
0,0,0.0001943295937786654
0,0,0.00020486295056010135
0,0,0.0002039229462557022
0,0,0.0006010862679314937
0,0,0.00019650858279916247
0,0,0.00032800879634158834
0,0,0.00019566026735178864
0,0,0.000338492451231731
0,0,0.00022766172083072526
0,0,0.000198089569807103
0,0,0.00021616123549388476
0,0,0.0003966220801000666
0,0,0.00019566026735178864
0,0,0.00020900930053949337
0,0,0.00030763750871655275
0,0,0.00019731948417545884
0,0,0.0002477869146570444
0,0,0.00020509720926256347
0,0,0.00020397148898161505
0,0,0.00020491633036836345
0,0,0.00020898292041224718
0,0,0.00019783925637228573
0,0,0.007747872897958995
0,0,0.00019650858279916247
0,0,0.00020156855695570747
0,0,0.00020259227268257894
0,0,0.00019650858279916247
0,0,0.0005600150856271874
0,0,0.000373922627692091
0,0,0.00020081068751090985
0,0,0.00035300061397551584
0,0,0.0002189266821562121
0,0,0.00020508175198370442
0,0,0.0002053261845569293
0,0,0.00038582688825253536
0,0,0.0002150574997310618
0,0,0.0001943295937786654
0,0,0.00019832460110528902
0,0,0.00033361429304092094
0,0,0.00020259227268257894
0,0,0.0008244459112410651
0,0,0.00020625873675865562
0,0,0.00024265559771804695
0,0,0.00020049882574994102
0,0,0.0002010597657816256
0,0,0.00038837253590449255
0,0,0.0001943295937786654
0,0,0.0001943295937786654
0,0,0.00019783925637228573
0,0,0.00019783925637228573
0,0,0.00021185096384972185
0,0,0.00020780988123760276
0,0,0.00019783925637228573
0,0,0.00022540521587772713
0,0,0.00019598881060233557
0,0,0.0002007758297808869
0,0,0.00020157208939008405
0,0,0.0002039229462557022
0,0,0.00019650858279916247
0,0,0.00019798432503757317
0,0,0.000246819284972843
0,0,0.00019566026735178864
0,0,0.0003873436727769861
0,0,0.007066029693465897
0,0,0.005532986187761703
0,0,0.00026809549643118743
0,0,0.0001943295937786654
0,0,0.0002111654418671209
0,0,0.00019566026735178864
0,0,0.00021410145246557772
0,0,0.00021960776994636033
0,0,0.00030478059155448177
0,0,0.00022258556494676433
0,0,0.00020251404286684928
0,0,0.00023534062391495988
0,0,0.00019731948417545884
0,0,0.0002039229462557022
0,0,0.00019783925637228573
0,0,0.00020250785717739828
0,0,0.00022027044423609166
0,0,0.0001943295937786654
0,0,0.00019566026735178864
0,0,0.00024241536396221782
0,0,0.00030438939510360447
0,0,0.0001970292278145535
0,0,0.0001943295937786654
0,0,0.0002330688508391943
0,0,0.00020157208939008405
0,0,0.00019650858279916247
0,0,0.000198832640484947
0,0,0.00023534062391495988
0,0,0.0002837531209592176
0,0,0.00020251404286684928
0,0,0.00019650858279916247
0,0,0.00020081068751090985
0,0,0.00019591058078660591
0,0,0.00019566026735178864
0,0,0.0001943295937786654
0,0,0.0002226904935026362
0,0,0.00019666538428161882
0,0,0.0001943295937786654
0,0,0.0006658239848340051
0,0,0.00019566026735178864
0,0,0.000198832640484947
0,0,0.00020375107841058115
0,0,0.0003245072281449915
0,0,0.0004208324148861318
0,0,0.00020259227268257894
0,0,0.0005508208194624032
0,0,0.00019566026735178864
0,0,0.010548003117265536
0,0,0.00022508568287820838
0,0,0.0001943295937786654
0,0,0.0005160220208120205
0,0,0.00029296764468483876
0,0,0.00020604724381210758
0,0,0.000593771700827021
0,0,0.00023534062391495988
0,0,0.0001982088299454599
0,0,0.00020611574028147012
0,0,0.00021767131942166862
0,0,0.0002093713122332691
0,0,0.00019566026735178864
0,0,0.0002442457110032969
0,0,0.000214562925475902
0,0,0.0005256555150157885
0,0,0.00019781709282229765
0,0,0.00019566026735178864
0,0,0.0001943295937786654
0,0,0.00019591058078660591
0,0,0.00019783925637228573
0,0,0.0001943295937786654
0,0,0.00020508175198370442
0,0,0.0002635927116021584
0,0,0.00020608496718042626
0,0,0.00020604724381210758
0,0,0.000198089569807103
0,0,0.0015624097352982913
0,0,0.00019666538428161882
0,0,0.00020157208939008405
0,0,0.0005474556669628967
0,0,0.00022024562291216644
0,0,0.00019598881060233557
0,0,0.00021354386484643124
0,0,0.0002808220291508606
0,0,0.0002039229462557022
0,0,0.00020503143634442887
0,0,0.00019730013358399366
0,0,0.00021284884046068127
0,0,0.00019591058078660591
0,0,0.0001943295937786654
0,0,0.0001943295937786654
0,0,0.00020157208939008405
0,0,0.00020824660333397386
0,0,0.00019423922151350092
0,0,0.00019783925637228573
0,0,0.0001943295937786654
0,0,0.00019783925637228573
0,0,0.00019591058078660591
0,0,0.00022741463497485127
0,0,0.0003194196884598897
0,0,0.00026349287881008193
0,0,0.0005148728058228064
0,0,0.000202336449456131
0,0,0.00020523855346616076
0,0,0.00019783925637228573
0,0,0.0001943295937786654
0,0,0.00020134714119731485
0,0,0.00022767263334239881
0,0,0.00019566026735178864
0,0,0.0002245943566220257
0,0,0.00019566026735178864
0,0,0.00019783925637228573
0,0,0.0003083500247056624
0,0,0.00023534062391495988
0,0,0.00019591058078660591
0,0,0.00019783925637228573
0,0,0.00019591058078660591
0,0,0.0002611089693040159
0,0,0.0005212281498037091
0,0,0.00021447682964197552
0,0,0.0001943295937786654
0,0,0.00019650858279916247
0,0,0.0002093713122332691
0,0,0.0003383203634396056
0,0,0.0002097563903344054
0,0,0.0001943295937786654
0,0,0.00022979780696552227
0,0,0.00020746248186301862
0,0,0.00022590787444478594
0,0,0.00020456197978687752
0,0,0.0002031530763980246
0,0,0.0001943295937786654
0,0,0.001163620224695914
0,0,0.0003312203659610615
0,0,0.00045983640225410213
0,0,0.00028464165263728826
0,0,0.00019798432503757317
0,0,0.00020506478388793143
0,0,0.00023635353216539193
0,0,0.00020739094180587873
0,0,0.00023534062391495988
0,0,0.0001943295937786654
0,0,0.0001943295937786654
0,0,0.00023670958437772477
0,0,0.00019783925637228573
0,0,0.0003249833042970499
0,0,0.00020491713987618655
0,0,0.000218682432683247
0,0,0.0002028291225876211
0,0,0.00020314647801386327
0,0,0.00023205915117289848
0,0,0.0002389713668979137
0,0,0.0002436033028188735
0,0,0.0001994800139377866
0,0,0.00023534062391495988
0,0,0.00033281958500023194
0,0,0.00019731948417545884
0,0,0.00023534062391495988
0,0,0.004484833663796925
0,0,0.0001994800139377866
0,0,0.000394177938812162
0,0,0.0002007991158484567
0,0,0.0002160906120514457
0,0,0.00019566026735178864
0,0,0.00020259227268257894
0,0,0.00019566026735178864
0,0,0.00023534062391495988
0,0,0.0014304555242224302
0,0,0.00019949847319595594
0,0,0.00022351290990591522
0,0,0.00022532853173777215
0,0,0.00019783925637228573
0,0,0.00020290276296320732
0,0,0.00023038981565891252
0,0,0.0004518389314934271
0,0,0.00036185411727523433
0,0,0.00019666538428161882
0,0,0.0002718987417594847
0,0,0.0001994800139377866
0,0,0.0002111654418671209
0,0,0.0011030723361869959
0,0,0.00019566026735178864
0,0,0.00019566026735178864
0,0,0.0007741809053060243
0,0,0.0001943295937786654
0,0,0.00034976064287658813
0,0,0.0005258814598418141
0,0,0.00022591001887070031
0,0,0.00021964158783576
0,0,0.00021734344900186677
0,0,0.0002196783005389087
0,0,0.0001943295937786654
0,0,0.011959604529854017
0,0,0.0005187183905174202
0,0,0.0001994800139377866
0,0,0.00020274313031634064
0,0,0.0001943295937786654
0,0,0.0003340598303807357
0,0,0.0002182593607498379
0,0,0.00024022305560288102
0,0,0.00020157208939008405
0,0,0.0006078307389415241
0,0,0.0001943295937786654
0,0,0.0025142331646086707
0,0,0.0001994800139377866
0,0,0.00019598881060233557
0,0,0.000230779825247059
0,0,0.0002007758297808869
0,0,0.0001943295937786654
0,0,0.000332796323933006
0,0,0.00045983640225410213
0,0,0.00021996578958055995
0,0,0.00021013028581781621
0,0,0.0005113382817168264
0,0,0.00019650858279916247
0,0,0.0006720316711528549
0,0,0.0018227900545191899
0,0,0.00037342875943256927
0,0,0.00019650858279916247
0,0,0.0003444471660405608
0,0,0.00020461886243445463
0,0,0.00029809066459797815
0,0,0.0002097149994916633
0,0,0.00020250785717739828
0,0,0.00021005517886503154
0,0,0.00019650858279916247
0,0,0.0005263130926804676
0,0,0.00020282438500361508
0,0,0.00020151355664592126
0,0,0.00021742128562456895
0,0,0.00019783925637228573
0,0,0.000199152961849636
0,0,0.00019783925637228573
0,0,0.0002874030042137516
0,0,0.0005255076659225223
0,0,0.0010587345817279386
0,0,0.0001943295937786654
0,0,0.00019940178412205693
0,0,0.0001943295937786654
0,0,0.00022735639905843054
0,0,0.00019566026735178864
0,0,0.0002117949201028039
0,0,0.00021490546567809753
0,0,0.0001994800139377866
0,0,0.00020416615758225268
0,0,0.0001943295937786654
0,0,0.0001994800139377866
0,0,0.0002007758297808869
0,0,0.00020491633036836345
0,0,0.00020483921735132995
0,0,0.0007021845830685645
0,0,0.0002457287520935477
0,0,0.009022329806064124
0,0,0.00019650858279916247
0,0,0.0001943295937786654
0,0,0.00019566026735178864
0,0,0.00019985363328526497
0,0,0.0014006691874818922
0,0,0.0001943295937786654
0,0,0.0002039229462557022
0,0,0.00021605828780009407
0,0,0.0001943295937786654
0,0,0.00019650858279916247
0,0,0.0001943295937786654
0,0,0.0002251640608378006
0,0,0.00020290276296320732
0,0,0.00020625873675865562
0,0,0.00020367270045098892
0,0,0.0001939611520415854
0,0,0.0002902808073658123
0,0,0.00019566026735178864
0,0,0.0028081295589543155
0,0,0.00024034575728376745
0,0,0.0003456892871166494
0,0,0.00025650336053746614
0,0,0.0002076582773365195
0,0,0.00020491633036836345
0,0,0.00020259227268257894
0,0,0.00019650858279916247
0,0,0.00044635787256228234
0,0,0.00020624781344930982
0,0,0.0002119224634450806
0,0,0.00030851871810669995
0,0,0.00019566026735178864
0,0,0.00019566026735178864
0,0,0.00019731948417545884
0,0,0.00022834353390613774
0,0,0.0003310654709974728
0,0,0.0002668051962501924
0,0,0.0002039229462557022
0,0,0.00020176387008073848
0,0,0.00019566026735178864
0,0,0.00020151355664592126
0,0,0.00020034066474861704
0,0,0.00037125559602471924
0,0,0.00020860236345916785
0,0,0.00019591058078660591
0,0,0.00019731948417545884
0,0,0.00019650858279916247
0,0,0.00019650858279916247
0,0,0.0001943295937786654
0,0,0.0001943295937786654
0,0,0.00020788333178938732
0,0,0.000198089569807103
0,0,0.00020282438500361508
0,0,0.0010957275240876913
0,0,0.00021909196258236902
0,0,0.000199152961849636
0,0,0.0002887047087596241
0,0,0.0003681060017234722
0,0,0.000198832640484947
0,0,0.0001985272673521316
0,0,0.0001943295937786654
0,0,0.00020016331405807024
0,0,0.00019650858279916247
0,0,0.0001988443733021159
0,0,0.00019598881060233557
0,0,0.00019566026735178864
0,0,0.0002668048278224412
0,0,0.0002039229462557022
0,0,0.00019781709282229765
0,0,0.00025818247055391075
0,0,0.0030275461122842447
0,0,0.00021884845234048243
0,0,0.0005888116602818426
0,0,0.00038266807674588695
0,0,0.0002186941530999327
0,0,0.0001943295937786654
0,0,0.0001943295937786654
0,0,0.0002464192323883932
0,0,0.0003583981768040955
0,0,0.00020535378024450447
0,0,0.0012933719766761024
0,0,0.00019566026735178864
0,0,0.00024578070840259344
0,0,0.0001943295937786654
0,0,0.00035758864066173183
0,0,0.00021455505945770518
0,0,0.010062438837805393
0,0,0.00019566026735178864
0,0,0.00019566026735178864
0,0,0.0004154721849624365
0,0,0.00021592150739829823
0,0,0.0001943295937786654
0,0,0.00019566026735178864
0,0,0.00026355768489597884
0,0,0.00019598881060233557
0,0,0.0002160906120514457
0,0,0.00019566026735178864
0,0,0.00019566026735178864
0,0,0.00033284818254377486
0,0,0.00019783925637228573
0,0,0.00019650858279916247
0,0,0.00020998803734207738
0,0,0.00020180407162357112
0,0,0.0002039229462557022
0,0,0.00019731948417545884
0,0,0.0002039229462557022
0,0,0.0002806883604482036
0,0,0.00020259227268257894
0,0,0.0005289059540155249
0,0,0.00020353471293231822
0,0,0.0005192386338229728
0,0,0.00020916472187695027
0,0,0.00019650858279916247
0,0,0.00025535448522496265
0,0,0.00020967197482922478
0,0,0.00019404138530022358
0,0,0.0003303957777427021
0,0,0.00022150175141756828
0,0,0.0003155576884595311
0,0,0.0003830944630040756
0,0,0.00020624781344930982
0,0,0.00021652752806385734
0,0,0.00021050720176984223
0,0,0.00025712592629345397
0,0,0.0003198317302847387
0,0,0.0005039437935932886
0,0,0.00019598881060233557
0,0,0.00019566026735178864
0,0,0.00020491633036836345
0,0,0.0005117791307284819
0,0,0.00019940327528445326
0,0,0.00019650858279916247
0,0,0.00020290276296320732
0,0,0.00030156492624545776
0,0,0.0026424786550170204
0,0,0.00504840794858851
0,0,0.00020265565122045
0,0,0.00019566026735178864
0,0,0.0002763092208378477
0,0,0.0001943295937786654
0,0,0.00020245833267212688
0,0,0.00022425704871638466
0,0,0.00019566026735178864
0,0,0.00019566026735178864
0,0,0.0006321234194774931
0,0,0.0001943295937786654
0,0,0.0001943295937786654
0,0,0.00020282438500361508
0,0,0.0002060797717262112
0,0,0.0007358398876213954
0,0,0.00020792316973370335
0,0,0.0009444696825753552
0,0,0.00027149388145763766
0,0,0.0001943295937786654
0,0,0.000198832640484947
0,0,0.0001943295937786654
0,0,0.00020596717060988024
0,0,0.00020739094180587873
0,0,0.00019798432503757317
0,0,0.0006950669510328219
0,0,0.00019566026735178864
0,0,0.00023400995034183659
0,0,0.00020259227268257894
0,0,0.00019650858279916247
0,0,0.0002149982849670648
0,0,0.00023534062391495988
0,0,0.00020827311367163482
0,0,0.0005953992354782642
0,0,0.0003566422389684219
0,0,0.0001943295937786654
0,0,0.0001994800139377866
0,0,0.0011541574738455453
0,0,0.0005759026271018989
0,0,0.00023455034579189215
0,0,0.0001943295937786654
0,0,0.00020649457240848917
0,0,0.00020569576765404717
0,0,0.0001943295937786654
0,0,0.00021237448288540165
0,0,0.00020259227268257894
0,0,0.00021904614029662932
0,0,0.00020049185730861718
0,0,0.00021831625724414257
0,0,0.00028648591522081694
0,0,0.00020703341299576383
0,0,0.0002902981624100648
0,0,0.00019591058078660591
0,0,0.0008042518089285217
0,0,0.0002871207029400277
0,0,0.0002384844243021327
0,0,0.00022022103263961548
0,0,0.00019566026735178864
0,0,0.00019731948417545884
0,0,0.0001943295937786654
0,0,0.00019650858279916247
0,0,0.00019598881060233557
0,0,0.0001994800139377866
0,0,0.00019566026735178864
0,0,0.0008435937751232258
0,0,0.0002070350163420135
0,0,0.00020282438500361508
0,0,0.0002148705782876042
0,0,0.00021447682964197552
0,0,0.0002062665729562144
0,0,0.00020765206264867733
0,0,0.0002024559432665351
0,0,0.00019958488106024139
0,0,0.0003115980829087189
0,0,0.00026640750241304197
0,0,0.0002208132734053001
0,0,0.00023964352202458322
0,0,0.000571676425110704
0,0,0.00021457089978152977
0,0,0.00024258311952637859
0,0,0.0002007758297808869
0,0,0.00019900531783789113
0,0,0.00021627602852607332
0,0,0.0002096184028157347
0,0,0.00034422110002858857
0,0,0.00019566026735178864
0,0,0.0001943295937786654
0,0,0.00019781709282229765
0,0,0.00019954720233368922
0,0,0.000200182883072798
0,0,0.0002165908916532587
0,0,0.00019591058078660591
0,0,0.0002533818851225404
0,0,0.000198089569807103
0,0,0.0005930653614276774
0,0,0.0010311855774794059
0,0,0.00019566026735178864
0,0,0.00019566026735178864
0,0,0.0002047674326987807
0,0,0.0005758307225721816
0,0,0.00019949847319595594
0,0,0.00020259227268257894
0,0,0.0001943295937786654
0,0,0.0001943295937786654
0,0,0.00019598881060233557
0,0,0.00022822598604937516
0,0,0.00019650858279916247
0,0,0.0001943295937786654
0,0,0.00020726799674180465
0,0,0.00019650858279916247
0,0,0.00020516801170412734
0,0,0.0003077979693914408
0,0,0.0002172245417324791
0,0,0.001386359725589414
0,0,0.00020483810055263378
0,0,0.0002054041589490326
0,0,0.0005259705660277202
0,0,0.00019650858279916247
0,0,0.000292427102173393
0,0,0.0001943295937786654
0,0,0.0002279818014498121
0,0,0.0002039229462557022
0,0,0.00020259227268257894
0,0,0.00019566026735178864
0,0,0.00019598881060233557
0,0,0.00019598881060233557
0,0,0.00020232454253553972
0,0,0.0001943295937786654
0,0,0.00019566026735178864
0,0,0.0001943295937786654
0,0,0.00020250785717739828
0,0,0.00019591058078660591
0,0,0.00021051837945808925
0,0,0.0003366142934804199
0,0,0.00020259227268257894
0,0,0.0001943295937786654
0,0,0.00021627602852607332
0,0,0.00019566026735178864
0,0,0.00021648935897439502
0,0,0.00019949847319595594
0,0,0.0001943295937786654
0,0,0.0001943295937786654
0,0,0.00021001441746932355
0,0,0.00020081068751090985
0,0,0.0007774144237799874
0,0,0.00026117995826980303
0,0,0.0007624182790114531
0,0,0.0001943295937786654
0,0,0.000666051802799561
0,0,0.003800174492995773
0,0,0.00020157208939008405
0,0,0.000367650334433105
0,0,0.0002041557379970123
0,0,0.00019650858279916247
0,0,0.00020259227268257894
0,0,0.0001943295937786654
0,0,0.0002039229462557022
0,0,0.0001943295937786654
0,0,0.0001943295937786654
0,0,0.0002039229462557022
0,0,0.000202954818801384
0,0,0.0001966536514644499
0,0,0.0006659259013580607
0,0,0.0001943295937786654
0,0,0.0002400082134185017
0,0,0.00019591058078660591
0,0,0.00019566026735178864
0,0,0.00022740377170132016
0,0,0.00019985794092525487
0,0,0.00019566026735178864
0,0,0.00019566026735178864
0,0,0.00021792156522638194
0,0,0.00019566026735178864
0,0,0.00020624781344930982
0,0,0.0002551808857146605
0,0,0.00019783925637228573
0,0,0.0002910503361568599
0,0,0.0002492183355745018
0,0,0.000199152961849636
0,0,0.00020182253088174044
1,1,0.6647937058890954
0,0,0.0002175451854196349
0,0,0.0001943295937786654
0,0,0.00019816779962283267
0,0,0.00019566026735178864
0,0,0.001626835000198063
0,0,0.0002007758297808869
0,0,0.00025645890383105963
0,0,0.0001994800139377866
0,0,0.00020525651493728773
0,0,0.00026635033418830517
0,0,0.00020491633036836345
0,0,0.00020367270045098892
0,0,0.00020081068751090985
0,0,0.0007077626746923352
0,0,0.00019566026735178864
0,0,0.00019803434474438366
0,0,0.00019944515620776363
0,0,0.0001943295937786654
1,1,0.6910254920985839
0,0,0.00019824637128955936
0,0,0.00020664413158961304
0,0,0.0001943295937786654
0,0,0.0003967317743646059
0,0,0.0001943295937786654
0,0,0.00021652752806385734
0,0,0.00023120749527998294
0,0,0.0005181704561736854
0,0,0.0001943295937786654
0,0,0.0002456137403470634
0,0,0.000534850743892289
0,0,0.00020259227268257894
0,0,0.00019650858279916247
0,0,0.00021767000213891784
0,0,0.0005165190538592494
0,0,0.00023534062391495988
0,0,0.0001943295937786654
0,0,0.00020017504687523918
0,0,0.000547912820885459
0,0,0.0002074429127008052
0,0,0.00021657878556849641
0,0,0.00045016544010873313
0,0,0.00019783925637228573
0,0,0.0001943295937786654
0,0,0.00020777137755893373
0,0,0.00046393825655488004
0,0,0.0001943295937786654
0,0,0.00044467200927461294
0,0,0.00019650858279916247
0,0,0.0002764659897218123
0,0,0.0001943295937786654
0,0,0.00020616943548971758
0,0,0.0003550502077256893
0,0,0.00020081068751090985
0,0,0.0001948502387940564
0,0,0.00031224535563107586
0,0,0.00021441707193903449
0,0,0.0002024350466045571
0,0,0.00042512312604116103
0,0,0.0001943295937786654
0,0,0.00019566026735178864
0,0,0.00023162188998036016
0,0,0.00019566026735178864
0,0,0.00020570434276889022
0,0,0.00019650858279916247
0,0,0.00041938649694310375
0,0,0.0002039229462557022
0,0,0.0002047860370487949
0,0,0.0005083820709318407
0,0,0.00019566026735178864
0,0,0.0006244664735447652
0,0,0.0001943295937786654
0,0,0.00022238140633416189
0,0,0.005650020567536094
0,0,0.00022830364463128519
0,0,0.00019566026735178864
0,0,0.00020826138085446592
0,0,0.00020263792549558553
0,0,0.0002039229462557022
0,0,0.0005929231992479507
0,0,0.000592275898583718
0,0,0.00023534062391495988
0,0,0.0002083282127493451
0,0,0.00020010825436007212
0,0,0.0001943295937786654
0,0,0.0001943295937786654
0,0,0.00020251404286684928
0,0,0.00019566026735178864
0,0,0.0002201139714546702
0,0,0.00019731948417545884
0,0,0.00020081068751090985
0,0,0.00019566026735178864
0,0,0.00021652752806385734
0,0,0.0008620758650485703
0,0,0.000269771580269851
0,0,0.00020664577089587194
0,0,0.00033687548247130357
0,0,0.00022372016305642278
0,0,0.00020796797108428916
0,0,0.00020081068751090985
0,0,0.000228020424880224
0,0,0.00020259227268257894
0,0,0.0001943295937786654
0,0,0.0002716887607494665
0,0,0.0002028291225876211
0,0,0.00019949847319595594
0,0,0.00019650858279916247
0,0,0.00019650858279916247
0,0,0.0002865425528409345
0,0,0.0001943295937786654
0,0,0.0008162808524984195
0,0,0.0001943295937786654
0,0,0.00020429714231925573
0,0,0.00035799994248241965
0,0,0.0001943295937786654
0,0,0.00031117513163149993
0,0,0.00019783925637228573
0,0,0.0005362856273571431
0,0,0.00023481189237597972
0,0,0.0008154418548020697
0,0,0.0003666775321147282
0,0,0.0001943295937786654
0,0,0.00021482239498834594
0,0,0.00022044568665358585
0,0,0.00019940178412205693
0,0,0.000198089569807103
0,0,0.0001994800139377866
0,0,0.00020180407162357112
0,0,0.0011282203211434249
0,0,0.0001943295937786654
0,0,0.00021146461249651056
0,0,0.0002050595884337163
0,0,0.0005707290367540487
0,0,0.0001943295937786654
0,0,0.00019566026735178864
0,0,0.0001943295937786654
0,0,0.00019566026735178864
0,0,0.00020522402943335622
0,0,0.0001943295937786654
0,0,0.00020739094180587873
0,0,0.00020491633036836345
0,0,0.00019783925637228573
0,0,0.00020759724652933767
0,0,0.00022361613772211114
0,0,0.00032461896092016867
0,0,0.000297277877944166
0,0,0.0001994800139377866
0,0,0.00020739094180587873
0,0,0.00021435658530225655
0,0,0.00020736054379351593
0,0,0.00021358168026875082
0,0,0.00019566026735178864
0,0,0.00023647116850601465
0,0,0.00028755665047396024
0,0,0.00022167724593704982
0,0,0.0002039229462557022
0,0,0.00019591058078660591
0,0,0.00023534062391495988
0,0,0.0002847820517495774
0,0,0.00019591058078660591
0,0,0.0001943295937786654
0,0,0.00019566026735178864
0,0,0.0004733156568743164
0,0,0.00021644929824812768
0,0,0.00020479475096609454
0,0,0.00020876150465385458
0,0,0.00023713160488428512
0,0,0.0003743286584864382
0,0,0.0002083282127493451
0,0,0.0001994800139377866
0,0,0.0016219113334305516
0,0,0.00020996358221387438
0,0,0.00019650858279916247
0,0,0.0001943295937786654
0,0,0.0001943295937786654
0,0,0.00019650858279916247
0,0,0.0002039229462557022
0,0,0.0001943295937786654
0,0,0.00021997042601406072
0,0,0.0003075254737656813
0,0,0.0002039229462557022
0,0,0.0001943295937786654
0,0,0.00019816779962283267
0,0,0.00022017683037056887
0,0,0.0003012484989420162
0,0,0.00020491713987618655
0,0,0.00023534062391495988
0,0,0.0002649846546805315
0,0,0.0002030760843956924
0,0,0.0002186959630394758
0,0,0.00022719894532497822
0,0,0.0008601487642191419
0,0,0.0004154895354848468
0,0,0.0001943295937786654
0,0,0.0002177208120117904
0,0,0.0002964500011003956
0,0,0.0002039229462557022
0,0,0.00020149371143049182
0,0,0.0002094895248424912
0,0,0.00019650858279916247
0,0,0.00020448664151552625
0,0,0.0001943295937786654
0,0,0.0002008069832190911
0,0,0.0002102206004803725
0,0,0.00021793658043709502
0,0,0.00026165586160577416
0,0,0.0001943295937786654
0,0,0.00019650858279916247
0,0,0.0003681038624894827
0,0,0.00019566026735178864
0,0,0.0005294744634767167
0,0,0.00023690991240287538
0,0,0.00022442079116887748
0,0,0.00019650858279916247
0,0,0.0001943295937786654
0,0,0.0002120345724163976
0,0,0.0002733918631613752
0,0,0.00020149371143049182
0,0,0.00020468684619789538
0,0,0.0025219376412716943
0,0,0.0001943295937786654
0,0,0.000204087927766523
0,0,0.00019566026735178864
0,0,0.0008169582496707714
0,0,0.0001943295937786654
0,0,0.00021600303541631798
0,0,0.0009013388455874624
0,0,0.00024934174488217437
0,0,0.00019650858279916247
0,0,0.0002214537522084999
0,0,0.00023534062391495988
0,0,0.00023566916716550682
0,0,0.0006343510745805131
0,0,0.00020259227268257894
0,0,0.0001994800139377866
0,0,0.0002570299509127891
0,0,0.00021768249710991564
0,0,0.00019650858279916247
0,0,0.00021574691209626657
0,0,0.0001943295937786654
0,0,0.00019566026735178864
0,0,0.00020872161537900202
0,0,0.00023906770530869695
0,0,0.00019650858279916247
0,0,0.00019566026735178864
0,0,0.00019944515620776363
0,0,0.0002096116234423169
0,0,0.00020416319370526574
0,0,0.0002017261913541863
0,0,0.0003349753129535031
0,0,0.0001943295937786654
0,0,0.00023497768074964232
0,0,0.0002788204319156026
0,0,0.00019731948417545884
0,0,0.0002607750791426297
0,0,0.00019783925637228573
0,0,0.00020876150465385458
0,0,0.00020259227268257894
0,0,0.00019566026735178864
0,0,0.00043104168502536495
0,0,0.0003116782234626569
0,0,0.0001943295937786654
0,0,0.0002478750759164106
0,0,0.0003011210039089249
0,0,0.0022325048113008687
0,0,0.00023652272339025945
0,0,0.00026221839196967616
0,0,0.0001943295937786654
0,0,0.00020259227268257894
0,0,0.0001943295937786654
0,0,0.0001943295937786654
0,0,0.0006444640180650667
0,0,0.00045961635044242176
0,0,0.00019218899374508918
0,0,0.00019816779962283267
0,0,0.00019566026735178864
0,0,0.00028628940716868783
0,0,0.0002468110722928804
0,0,0.0002039229462557022
0,0,0.009468988544883717
0,0,0.00034238490952417727
0,0,0.001766559931648997
0,0,0.0001943295937786654
0,0,0.00019650858279916247
0,0,0.00820892718263292
0,0,0.00020797110087091754
0,0,0.00040476995934147494
0,0,0.00019731948417545884
0,0,0.00027810645703393253
0,0,0.00026773955148919065
0,0,0.00020611671062191817
0,0,0.0013715230639693417
0,0,0.00024144399101144292
0,0,0.0002186311291625553
0,0,0.00019650858279916247
0,0,0.00039232880140831547
0,0,0.00043487227593922394
0,0,0.00019566026735178864
0,0,0.00020872161537900202
0,0,0.00020259227268257894
0,0,0.0002048498333698027
0,0,0.0002039229462557022
0,0,0.0002499288279932441
0,0,0.0003888260597170591
0,0,0.0001994800139377866
0,0,0.00019999608184279472
0,0,0.00022760205646552164
0,0,0.00019591058078660591
0,0,0.00019650858279916247
0,0,0.00019731948417545884
0,0,0.00022786824225290593
0,0,0.0005434341282293077
0,0,0.0007263961630634748
0,0,0.00019783925637228573
0,0,0.00023566916716550682
0,0,0.00020290276296320732
0,0,0.0001994800139377866
0,0,0.00019650858279916247
0,0,0.00023534062391495988
0,0,0.00023885872250465113
0,0,0.00022159451758952
0,0,0.00020878826288008717
0,0,0.00019783925637228573
0,0,0.0002168230039742948
0,0,0.0001943295937786654
0,0,0.00020081068751090985
0,0,0.000775840757715529
0,0,0.0005675263658607766
0,0,0.00020251404286684928
0,0,0.0001943295937786654
0,0,0.0002157941295950482
0,0,0.00048267556601730785
0,0,0.0002076728562988861
0,0,0.0002046140356250542
0,0,0.00019566026735178864
0,0,0.00019650858279916247
0,0,0.00021013073454182151
0,0,0.0007805184136932213
0,0,0.00019650858279916247
0,0,0.0005392229374380367
0,0,0.0001943295937786654
0,0,0.00020081068751090985
0,0,0.00020259227268257894
0,0,0.00019566026735178864
0,0,0.00019783925637228573
0,0,0.0002055670967167077
0,0,0.0005548782384185964
0,0,0.00024396270738894345
0,0,0.00028692907997219526
0,0,0.0004964465495100131
0,0,0.0003466035212166325
0,0,0.00020259227268257894
0,0,0.00019650858279916247
0,0,0.0002305895928883289
0,0,0.00019650858279916247
0,0,0.00019650858279916247
0,0,0.001088951279658097
0,0,0.00020259227268257894
0,0,0.00019566026735178864
0,0,0.0007823031313762376
0,0,0.0003422201163902503
0,0,0.00049975002008367
0,0,0.00024374566503790115
0,0,0.0003925612813320099
0,0,0.00020081068751090985
0,0,0.0003424213595198342
0,0,0.0002762928327884617
0,0,0.0004816003614872966
0,0,0.00020290276296320732
0,0,0.0003739017195518194
0,0,0.00022355595844850829
0,0,0.00020220719458144263
0,0,0.00020250785717739828
0,0,0.000500700850123624
0,0,0.0001943295937786654
0,0,0.0004370011307544359
0,0,0.00021557070836076382
0,0,0.00021109729515680803
0,0,0.00025005147120079534
0,0,0.00023453059535722765
0,0,0.00020267781477043811
0,0,0.0001943295937786654
0,0,0.00027277123897674865
0,0,0.00020634606302156555
0,0,0.00020220719458144263
0,0,0.00023312384848028287
0,0,0.0001943295937786654
0,0,0.0006485466645173566
0,0,0.0001952373988068358
0,0,0.00042738483443881785
0,0,0.0006599832801354698
0,0,0.0002925043947450943
0,0,0.00019650858279916247
0,0,0.0005026104058833606
0,0,0.000198832640484947
0,0,0.00041058947473944166
0,0,0.00020491633036836345
0,0,0.00019566026735178864
0,0,0.0001943295937786654
0,0,0.0001966536514644499
0,0,0.000744931414515139
0,0,0.00019650858279916247
0,0,0.00019566026735178864
0,0,0.00020650286450402193
0,0,0.00019650858279916247
0,0,0.0001991477663954209
0,0,0.0006006015014261274
0,0,0.0001943295937786654
0,0,0.000561531645161872
0,0,0.0003005696485176066
0,0,0.00020508175198370442
0,0,0.00019598881060233557
0,0,0.0015377134399202242
0,0,0.00019598881060233557
0,0,0.0013630167730829816
0,0,0.0001943295937786654
0,0,0.00019650858279916247
0,0,0.00021959013840486827
0,0,0.00020151715774892505
0,0,0.00020833338205561802
0,0,0.00045003217283591784
0,0,0.00020259227268257894
0,0,0.00020118430685838823
0,0,0.0003830599277844376
0,0,0.0002351053864449608
0,0,0.00019598881060233557
0,0,0.0001943295937786654
0,0,0.00038516468375648905
0,0,0.00019925136615869406
0,0,0.00019783925637228573
0,0,0.00019953950351858315
0,0,0.00019783925637228573
0,0,0.00022620281175364507
0,0,0.00020438618360193973
0,0,0.00020378818158938317
0,0,0.00019650858279916247
0,0,0.004559893084516923
0,0,0.0002289525407689506
0,0,0.0002679362643850471
0,0,0.0001943295937786654
0,0,0.0002039229462557022
0,0,0.0001956032875536527
0,0,0.00019566026735178864
0,0,0.00019969232548479362
0,0,0.0001943295937786654
0,0,0.00020593732316868138
0,0,0.00019650858279916247
0,0,0.00020017504687523918
0,0,0.00019566026735178864
0,0,0.00020157208939008405
0,0,0.00037040949409000983
0,0,0.00020259227268257894
0,0,0.00019566026735178864
0,0,0.00019566026735178864
0,0,0.00019566026735178864
0,0,0.0001994800139377866
0,0,0.0005005897401280111
0,0,0.00023534062391495988
0,0,0.00020259227268257894
0,0,0.0001943295937786654
0,0,0.00020759724652933767
0,0,0.000323023667710259
0,0,0.00019650858279916247
0,0,0.0002031530763980246
0,0,0.00020898292041224718
0,0,0.0001991477663954209
0,0,0.00020872161537900202
0,0,0.0001943295937786654
0,0,0.00020081068751090985
0,0,0.00023981641028882866
0,0,0.00020940909641214224
0,0,0.0001994800139377866
0,0,0.00019566026735178864
0,0,0.0002522836594682152
0,0,0.00019783925637228573
0,0,0.0001948502387940564
0,0,0.00020900930053949337
0,0,0.0001943295937786654
0,0,0.0007254347432248911
0,0,0.0209240021802522
0,0,0.0002120025130229806
0,0,0.004593851341249907
0,0,0.0002551849640329574
0,0,0.0002039229462557022
0,0,0.00020573745934594079
0,0,0.00024358583048117593
0,0,0.00019566026735178864
0,0,0.00019781709282229765
0,0,0.00020263792549558553
0,0,0.0002238562349575469
0,0,0.00024228935088642245
0,0,0.00037324516359701595
0,0,0.0001943295937786654
0,0,0.0002082583361511428
0,0,0.0008045233756204833
0,0,0.0002149153519103048
0,0,0.0002164659926413443
0,0,0.0002039229462557022
0,0,0.00019566026735178864
0,0,0.00022155075076310356
0,0,0.0002062665729562144
0,0,0.0001943295937786654
0,0,0.0019598424738221086
0,0,0.00019799605785474208
0,0,0.0002062470039414867
0,0,0.00019591058078660591
0,0,0.0005271231157393552
0,0,0.0002230079195101731
0,0,0.00019650858279916247
0,0,0.00020863334774987827
0,0,0.00019731948417545884
0,0,0.00020074787191190493
0,0,0.00022359959070105382
0,0,0.00020259227268257894
0,0,0.0002582398960086478
0,0,0.00023783909163730825
0,0,0.0010637585788522096
0,0,0.00019650858279916247
0,0,0.00022373149386041444
0,0,0.00025115638472358203
0,0,0.00029770629368536966
0,0,0.00024066341332262977
0,0,0.0002039229462557022
0,0,0.0001943295937786654
0,0,0.0004800528186644966
0,0,0.0002191777228715466
0,0,0.00021594298377810995
0,0,0.00020990445475291923
0,0,0.00019650858279916247
0,0,0.00023534062391495988
0,0,0.0001943295937786654
0,0,0.0002180532900090785
0,0,0.0001943295937786654
0,0,0.0002008069832190911
0,0,0.00019591058078660591
0,0,0.0001943295937786654
0,0,0.00019598881060233557
0,0,0.00021234503794551233
0,0,0.0002039229462557022
0,0,0.0006199944286690664
0,0,0.0002062665729562144
0,0,0.0002694109967843047
0,0,0.0007221284089040624
0,0,0.00019692730847290952
0,0,0.0001943295937786654
0,0,0.00019783925637228573
0,0,0.00019731948417545884
0,0,0.0001980038940523009
0,0,0.0001994800139377866
0,0,0.0001943295937786654
0,0,0.0002016773818863082
0,0,0.00019650858279916247
0,0,0.00019650858279916247
0,0,0.002603193025913115
0,0,0.00022466991109594843
0,0,0.0001943295937786654
0,0,0.00020667473403160764
0,0,0.0001980038940523009
0,0,0.0001994800139377866
0,0,0.00019731948417545884
0,0,0.00029703256278199437
0,0,0.0001943295937786654
0,0,0.0002046140356250542
0,0,0.00019650858279916247
0,0,0.00019438352382685923
0,0,0.00028128532520584754
0,0,0.00019666538428161882
0,0,0.0001943295937786654
0,0,0.004546074843653311
0,0,0.000221472538799958
0,0,0.00048015648930619493
0,0,0.00020492806318553235
0,0,0.00030756389609486135
0,0,0.0003656186365749753
0,0,0.0002039229462557022
0,0,0.0002039229462557022
0,0,0.00020282438500361508
0,0,0.00019650858279916247
0,0,0.00021310632658426526
0,0,0.00021403046415667936
0,0,0.0001943295937786654
0,0,0.00020274941799584096
0,0,0.00019591058078660591
0,0,0.00019650858279916247
0,0,0.00022865675533564797
0,0,0.00028818833816744575
0,0,0.0002497008398447137
0,0,0.0060138324872640045
0,0,0.00019566026735178864
0,0,0.0014528262565409492
0,0,0.0002039229462557022
0,0,0.00019816779962283267
0,0,0.0002017261913541863
0,0,0.0001943295937786654
0,0,0.00019650858279916247
0,0,0.00020412185299166277
0,0,0.0003979694307993814
0,0,0.00019566026735178864
0,0,0.0002134438180871966
0,0,0.00020791718329190797
0,0,0.00019566026735178864
0,0,0.0004292895409158414
0,0,0.00019650858279916247
0,0,0.00025384255764266517
0,0,0.009413520620858347
0,0,0.000198089569807103
0,0,0.0001943295937786654
0,0,0.00019650858279916247
0,0,0.0002035378681545659
0,0,0.00019933386108843805
0,0,0.00019650858279916247
0,0,0.00026573667391647593
0,0,0.00020914055481072603
0,0,0.00020699417378657024
0,0,0.00023534062391495988
0,0,0.0002163065537934273
0,0,0.00019566026735178864
0,0,0.00020364514637603677
0,0,0.00022587621863156534
0,0,0.00019783925637228573
0,0,0.0002353324468060099
0,0,0.00019783925637228573
0,0,0.00033468163445454666
0,0,0.00019650858279916247
0,0,0.0004163102553557039
0,0,0.00019650858279916247
0,0,0.00019783925637228573
0,0,0.00021367335788955764
0,0,0.0003160658387111113
0,0,0.00020872161537900202
0,0,0.00027225013270290116
0,0,0.00029804151365035676
0,0,0.00019566026735178864
0,0,0.00047435282609457885
0,0,0.0004522125508409054
0,0,0.00026967705334072947
0,0,0.00022324540119506955
0,0,0.00019783925637228573
0,0,0.0002096588863224684
0,0,0.0005659220495958656
0,0,0.00019783925637228573
0,0,0.0001943295937786654
0,0,0.00030010491043009783
0,0,0.00033687985654774516
0,0,0.000286781225256934
0,0,0.00020506478388793143
0,0,0.0001943295937786654
0,0,0.0002039229462557022
0,0,0.0003613689308359358
0,0,0.00020081068751090985
0,0,0.00046393825655488004
0,0,0.002164825865326292
0,0,0.0002043650940809239
0,0,0.000237519612935457
0,0,0.00020017504687523918
0,0,0.00019566026735178864
0,0,0.00020508175198370442
0,0,0.00019650858279916247
0,0,0.0002401067593708207
0,0,0.00019783925637228573
0,0,0.0001994800139377866
0,0,0.00019650858279916247
0,0,0.0009513577448104334
0,0,0.0002039229462557022
0,0,0.0003492046521745049
0,0,0.00020872161537900202
0,0,0.0008012168082737573
0,0,0.00035413989116840096
0,0,0.00019650858279916247
0,0,0.0004268383859904769
0,0,0.0002096588863224684
0,0,0.00019827268362850565
0,0,0.0001943295937786654
0,0,0.00022029725132031118
0,0,0.00019783925637228573
0,0,0.00032888648197697566
0,0,0.00019650858279916247
0,0,0.0002506701845095069
0,0,0.0002039229462557022
0,0,0.0006614545654427101
0,0,0.0002039229462557022
0,0,0.00025076742047069997
0,0,0.00019650858279916247
0,0,0.00019566026735178864
0,0,0.0002039229462557022
0,0,0.00022839336301633882
0,0,0.0002990615712539335
0,0,0.00021143993707182832
0,0,0.00023925844392344692
0,0,0.00020282438500361508
0,0,0.00020157208939008405
0,0,0.0002003279517380854
0,0,0.00020259227268257894
0,0,0.00020506478388793143
0,0,0.000206205250914126
0,0,0.00019783925637228573
0,0,0.0002031530763980246
0,0,0.0002079068849984103
0,0,0.00019650858279916247
0,0,0.0010182802525632079
0,0,0.0002039229462557022
0,0,0.00020491633036836345
0,0,0.0001943295937786654
0,0,0.0001943295937786654
0,0,0.0002007758297808869
0,0,0.0003738288604163081
0,0,0.000980614355405154
0,0,0.00020367270045098892
0,0,0.00021793465373313827
0,0,0.00023124076033421027
0,0,0.0002291012750915856
0,0,0.00019650858279916247
0,0,0.0002611013068963138
0,0,0.0005525805076155082
0,0,0.00019783925637228573
0,0,0.0004236242912865466
0,0,0.00019949847319595594
0,0,0.00019781709282229765
0,0,0.00026737743148197673
0,0,0.0001943295937786654
0,0,0.0001943295937786654
0,0,0.0004148812467769635
0,0,0.0001943295937786654
0,0,0.00019650858279916247
0,0,0.0002039229462557022
0,0,0.00019783925637228573
0,0,0.00020739094180587873
0,0,0.0001943295937786654
0,0,0.00020438618360193973
0,0,0.0001943295937786654
0,0,0.0005173157320065088
0,0,0.00020249801233573845
0,0,0.0001943295937786654
0,0,0.00020259227268257894
0,0,0.0002200182876128691
0,0,0.0013160593319895334
0,0,0.0001994800139377866
0,0,0.0002497008398447137
0,0,0.0002507241648041022
0,0,0.00021187502674742634
0,0,0.00020375107841058115
0,0,0.00020773112117924698
0,0,0.00019798432503757317
0,0,0.00019591058078660591
0,0,0.00019591058078660591
0,0,0.00023400995034183659
0,0,0.0011873654011966166
0,0,0.00020251404286684928
0,0,0.00021131810314613855
0,0,0.00019650858279916247
0,0,0.000202954818801384
0,0,0.00020461886243445463
0,0,0.00019731948417545884
0,0,0.00019750823231882628
0,0,0.00020180407162357112
0,0,0.00021141864684631658
0,0,0.00019731948417545884
0,0,0.00020157208939008405
0,0,0.00021216641859351238
0,0,0.0004436416103037157
0,0,0.000389176196466596
0,0,0.0002925716146164106
0,0,0.00020865588837591547
0,0,0.00019652326125244585
0,0,0.00020416319370526574
0,0,0.00019783925637228573
0,0,0.0002120804480201899
0,0,0.0009438263512247697
0,0,0.00034002691809811804
0,0,0.00020801832539230557
0,0,0.00020671131998551564
0,0,0.004808049841346608
0,0,0.00021934267942916414
0,0,0.00020925961397431063
0,0,0.00025598617164758236
0,0,0.000198832640484947
0,0,0.00038144124963906956
0,0,0.00024358486328217196
0,0,0.00019566026735178864
0,0,0.00020872161537900202
0,0,0.0001994800139377866
0,0,0.0001943295937786654
0,0,0.00019566026735178864
0,0,0.00019731948417545884
0,0,0.00038894255706869426
0,0,0.00021418905334856414
0,0,0.0001994800139377866
0,0,0.0006527482954969321
0,0,0.0004897827631672471
0,0,0.00022281784594406764
0,0,0.00020625873675865562
0,0,0.0001943295937786654
0,0,0.00832591700847182
0,0,0.0002147499302949638
0,0,0.0002105502905183892
0,0,0.00019566026735178864
0,0,0.00037436118185744943
0,0,0.00020290276296320732
0,0,0.0004649423448321537
0,0,0.00021249679958312563
0,0,0.009227273833532728
0,0,0.00023534062391495988
0,0,0.00030865352221706255
0,0,0.00020259227268257894
0,0,0.00024869565090588714
0,0,0.0004549035636470758
0,0,0.00021588573303082844
0,0,0.00029685089828454417
0,0,0.0001994800139377866
0,0,0.0002130377763093458
0,0,0.0002181331445943705
0,0,0.0002039229462557022
0,0,0.00021996180273567856
0,0,0.00020383761433170577
0,0,0.00019650858279916247
0,0,0.0003470445366061993
0,0,0.0002119224634450806
0,0,0.0002062470039414867
0,0,0.00020525368745892946
0,0,0.00019650858279916247
0,0,0.00021814009918689578
0,0,0.00019650858279916247
0,0,0.00023453059535722765
0,0,0.00019783925637228573
0,0,0.0004312844168200018
0,0,0.0002404873397822624
0,0,0.00020872161537900202
0,0,0.0001943295937786654
0,0,0.00020259227268257894
0,0,0.0006507181421225913
0,0,0.00019650858279916247
0,0,0.0002093713122332691
0,0,0.00019650858279916247
0,0,0.00019598881060233557
0,0,0.00035588752078410864
0,0,0.0002029781048689538
0,0,0.0002138565598959346
0,0,0.00023752829800037617
0,0,0.00019783925637228573
0,0,0.00023910138134243438
0,0,0.00021745334641871838
0,0,0.00043977988746522544
0,0,0.00020039236112619156
0,0,0.00030348835489396754
0,0,0.00019566026735178864
0,0,0.0001943295937786654
0,0,0.00022148435909395307
0,0,0.00020259227268257894
0,0,0.00019783925637228573
0,0,0.0001943295937786654
0,0,0.0001943295937786654
0,0,0.0002456584335745476
0,0,0.0002059495360075779
0,0,0.0001994800139377866
0,0,0.0006519822298960384
0,0,0.0002136189260923254
0,0,0.0001943295937786654
0,0,0.0002062470039414867
0,0,0.00021441820223134963
0,0,0.00020259227268257894
0,0,0.00019650858279916247
0,0,0.00026942158820605086
0,0,0.00030441537454095434
0,0,0.0002031530763980246
0,0,0.00019824637128955936
0,0,0.00024302860448377562
0,0,0.00020999406783947294
0,0,0.00019351956522093314
0,0,0.00023534062391495988
0,0,0.0003984483434438975
0,0,0.000237519612935457
0,0,0.00020042105356984525
0,0,0.0002311195929661396
0,0,0.00030109762453016403
0,0,0.00021445696121388704
0,0,0.00019566026735178864
0,0,0.00023138273010724886
0,0,0.00019598881060233557
0,0,0.00019566026735178864
0,0,0.0002039229462557022
0,0,0.00019650858279916247
0,0,0.00019566026735178864
0,0,0.00019949847319595594
0,0,0.000241109584436432
0,0,0.0001943295937786654
0,0,0.00020657635669985673
0,0,0.00020629755724692483
0,0,0.004369516480168
0,0,0.00020041362749288752
0,0,0.0002254763199739466
0,0,0.00024537303538194137
0,0,0.00023252284648409843
0,0,0.00020491713987618655
0,0,0.00020149371143049182
0,0,0.00020654408310142097
0,0,0.00019798432503757317
0,0,0.00019591058078660591
0,0,0.0002062470039414867
0,0,0.00029766551487576536
0,0,0.0005751528693893895
0,0,0.00019566026735178864
0,0,0.000462540987042773
0,0,0.00023360638891704007
0,0,0.00022164267615237826
0,0,0.0007180326348601045
0,0,0.0001943295937786654
0,0,0.00019783925637228573
0,0,0.00022659669099820554
0,0,0.0002039229462557022
0,0,0.0002553273954514829
0,0,0.00019969232548479362
0,0,0.00019655706290614967
0,0,0.00034306477208362346
0,0,0.00019650858279916247
0,0,0.00044251551350449255
0,0,0.0002066418132550543
0,0,0.0002013971660237104
0,0,0.00020872161537900202
0,0,0.00031331204471582414
0,0,0.0004464700738483587
0,0,0.00023177383900502293
0,0,0.0002212032521230831
0,0,0.00020998648325185146
0,0,0.0001943295937786654
0,0,0.0002063954574610547
0,0,0.0001943295937786654
0,0,0.00019591058078660591
0,0,0.000198832640484947
0,0,0.0002007758297808869
0,0,0.00019650858279916247
0,0,0.00019650858279916247
0,0,0.00019566026735178864
0,0,0.0002063954574610547
0,0,0.00019783925637228573
0,0,0.0001943295937786654
0,0,0.00019650858279916247
0,0,0.00038622715049685353
0,0,0.0001994800139377866
0,0,0.00019566026735178864
0,0,0.0001943295937786654
0,0,0.00022646271718759978
0,0,0.00019781709282229765
0,0,0.00033279664051922376
0,0,0.0003109261845639911
0,0,0.0002089198774977269
0,0,0.00035118173277257536
0,0,0.00019566026735178864
0,0,0.00020382718359888654
0,0,0.00020375107841058115
0,0,0.00019783925637228573
0,0,0.00019566026735178864
0,0,0.00019783925637228573
0,0,0.0001943295937786654
0,0,0.0002028435236820584
0,0,0.00020157208939008405
0,0,0.000267341262837776
0,0,0.00019650858279916247
0,0,0.0001943295937786654
0,0,0.00020830638810152415
0,0,0.00019783925637228573
0,0,0.0004246894305349109
0,0,0.0004967216284873511
0,0,0.0001943295937786654
0,0,0.0002359464144802154
0,0,0.00019783925637228573
0,0,0.00019566026735178864
0,0,0.00020134714119731485
0,0,0.0002028291225876211
0,0,0.00022380513614534024
0,0,0.00033367868455426127
0,0,0.00019566215433836786
0,0,0.00121322173297473
0,0,0.00019566026735178864
0,0,0.0002039229462557022
0,0,0.0002039229462557022
0,0,0.0001943295937786654
0,0,0.00021143993707182832
0,0,0.00021457779080160048
0,0,0.00019566026735178864
0,0,0.0004222951775511293
0,0,0.00021310632658426526
0,0,0.0001994800139377866
0,0,0.00019566026735178864
0,0,0.00022208131463991856
0,0,0.00019650858279916247
0,0,0.00023854036474981342
0,0,0.00030836953510225267
0,0,0.00030212779922713024
0,0,0.00019566026735178864
0,0,0.00020773112117924698
0,0,0.00020726799674180465
0,0,0.0002168230039742948
0,0,0.0005289059540155249
0,0,0.00020491633036836345
0,0,0.00020624781344930982
0,0,0.0001943295937786654
0,0,0.00024229705525347745
1,1,0.9820481668537223
0,0,0.00019566026735178864
0,0,0.00020081068751090985
0,0,0.00020491633036836345
0,0,0.0003750521403797444
0,0,0.0001943295937786654
0,0,0.00019924814706109785
0,0,0.00020939424549018464
0,0,0.0004957338562498253
0,0,0.0001980038940523009
0,0,0.00019650858279916247
0,0,0.0002068272285277975
0,0,0.00019591058078660591
0,0,0.00033929007397580314
0,0,0.00023133404851385464
0,0,0.00020585909335295172
0,0,0.00019145390759410633
0,0,0.00020220719458144263
0,0,0.00020877554542719583
0,0,0.00019566026735178864
0,0,0.0001943295937786654
0,0,0.0063427974720707435
0,0,0.00035516516978741525
0,0,0.00019650858279916247
0,0,0.00019650858279916247
0,0,0.0002260907998080385
0,0,0.000198832640484947
0,0,0.0007823031313762376
0,0,0.0005281087133117069
0,0,0.00019419920356666135
0,0,0.000406723685743095
0,0,0.0006192827037630083
0,0,0.0002015914217756618
0,0,0.0006217992963141154
0,0,0.00023210531707908044
0,0,0.0006892402048415237
0,0,0.0002099135356476674
0,0,0.00031424311065567063
0,0,0.00021166786362550972
0,0,0.00020454375168677224
0,0,0.00019767464426476787
0,0,0.00045983640225410213
0,0,0.00019566026735178864
0,0,0.0001943295937786654
0,0,0.00020157208939008405
0,0,0.00020386641140511283
0,0,0.0002168230039742948
0,0,0.00029394273365747646
0,0,0.0002734759166695135
0,0,0.00019650858279916247
0,0,0.00023334799921452917
0,0,0.000332796323933006
0,0,0.000198089569807103
0,0,0.000198832640484947
0,0,0.00019566026735178864
0,0,0.00021790440221498757
0,0,0.00019591058078660591
0,0,0.00019944515620776363
0,0,0.00019731948417545884
0,0,0.00020604724381210758
0,0,0.0002397948309460148
0,0,0.00026910626466110425
0,0,0.0002035155109908635
0,0,0.00020594608108886442
0,0,0.00019566026735178864
0,0,0.0003254326577680093
0,0,0.00020157208939008405
0,0,0.0002039229462557022
0,0,0.0001943295937786654
0,0,0.0002039229462557022
0,0,0.00020604724381210758
0,0,0.0007666396210195635
0,0,0.0002039229462557022
0,0,0.0002750279590132382
0,0,0.0002007758297808869
0,0,0.0005171292302236811
0,0,0.0001943295937786654
0,0,0.00024694103592217347
0,0,0.0001943295937786654
0,0,0.00020178224412484668
0,0,0.0002319680377397854
0,0,0.00021033890887583385
0,0,0.0001943295937786654
0,0,0.0001966536514644499
0,0,0.00030537516353944266
0,0,0.00020739094180587873
0,0,0.00023737316741373845
0,0,0.00020881368360056154
0,0,0.0001943295937786654
0,0,0.00021445696121388704
0,0,0.0002111976639712288
0,0,0.00021358168026875082
0,0,0.00022747752338209373
0,0,0.00019566026735178864
0,0,0.0001994800139377866
0,0,0.00034419795114720003
0,0,0.009473519985651761
0,0,0.00020604540042560993
0,0,0.00022261959327439984
0,0,0.00020016331405807024
0,0,0.00019650858279916247
0,0,0.00020282438500361508
0,0,0.00019783925637228573
0,0,0.0001943295937786654
0,0,0.00019650858279916247
0,0,0.0017434388537373468
0,0,0.00019985794092525487
0,0,0.0002118830069776754
0,0,0.0001943295937786654
0,0,0.00019566026735178864
0,0,0.0003459226344381142
0,0,0.0001943295937786654
0,0,0.0001943295937786654
0,0,0.0001994800139377866
0,0,0.0002105189415416897
0,0,0.0006074817913653611
0,0,0.00025211802778981885
0,0,0.00023168743167357818
0,0,0.000408799664209457
0,0,0.0002013769812862228
0,0,0.0001916692215482623
0,0,0.0002145481501301831
0,0,0.000209750352788817
0,0,0.00020184209989646814
0,0,0.0018681182960446278
0,0,0.00020203349512432615
0,0,0.00020157208939008405
0,0,0.00021296815725693345
0,0,0.0001943295937786654
0,0,0.00047113428760884126
0,0,0.00020118430685838823
0,0,0.0005586026777474733
0,0,0.00019783925637228573
